key	english	french	russian	bulgarian
Conversations/Bank/March/Banked Lines/adeline_keeps_me_busy/adeline_keeps_me_busy/init	I wish I had time to make more show pieces, but Adeline keeps me so busy making nails and joints...	J'aimerais concevoir plus de pièces de collection, mais je passe mon temps à fabriquer des clous et des rivets pour Adeline...	Жаль, что не хватает времени делать больше показных изделий, но Аделина всё время загружает меня гвоздями и крепежами...	I wish I had time to make more show pieces, but Adeline keeps me so busy making nails and joints...
Conversations/Bank/March/Banked Lines/anvil/anvil/1	I'd rather people carry on the smithing tradition.	J'aime que les gens perpétuent la tradition de la forge.	Главное, чтобы кузнечное ремесло не исчезло.	I'd rather people carry on the smithing tradition.
Conversations/Bank/March/Banked Lines/anvil/anvil/init	I don't mind if you use my anvil to make the same tools that I'm selling.	Tu peux te servir de l'enclume pour créer des outils identiques à ceux que je vends.	Мне не жалко, если ты используешь мою наковальню, даже если делаешь те же инструменты, что и я продаю.	I don't mind if you use my anvil to make the same tools that I'm selling.
Conversations/Bank/March/Banked Lines/away_from_forge/away_from_forge/init	It's not often I'm away from the forge... there's always more to do.	Je ne sors pas très souvent de la forge... Il y a toujours quelque chose à faire.	Я не так часто отхожу от кузницы... Работы там всегда хватает.	It's not often I'm away from the forge... there's always more to do.
Conversations/Bank/March/Banked Lines/balor_buys_wagon_supplies/balor_buys_supplies/init	Balor buys a lot of replacement parts for his wagon from me and Ryis... what's he get up to, I wonder? And where does he get all that rare ore?	Balor achète souvent des pièces de rechange pour son chariot auprès de Ryis et moi... Je me demande ce qu'il en fait. Et où est-ce qu'il trouve tous ces minerais rares ?	Балор часто покупает у меня и Риза запчасти для своего фургона... Интересно, чем он там занимается? И где он берёт такую редкую руду?	Balor buys a lot of replacement parts for his wagon from me and Ryis... what's he get up to, I wonder? And where does he get all that rare ore?
Conversations/Bank/March/Banked Lines/baron_wiscar/baron_wiscar/init	Baron Wiscar really knows his stuff, he could have been a blacksmith if he hadn't been granted peerage by the king.	Le baron Wiscar est vraiment doué. Il aurait pu devenir forgeron s'il n'avait pas été anobli par le roi.	Барон Вискар отлично разбирается в кузнечестве. Мог бы стать мастером, если бы король не дал ему титул.	Baron Wiscar really knows his stuff, he could have been a blacksmith if he hadn't been granted peerage by the king.
Conversations/Bank/March/Banked Lines/basement/basement_1/init	Oh, hey.	Tiens, bonjour.	А, это ты.	Oh, hey.
Conversations/Bank/March/Banked Lines/basement/basement_2/1	Hey.	Salut.	Привет.	Hey.
Conversations/Bank/March/Banked Lines/basement/basement_2/init	...	...	...	...
Conversations/Bank/March/Banked Lines/basement/basement_3/init	What, did you need something?	Quoi ? Tu as besoin de quelque chose ?	Что, нужно что-то?	What, did you need something?
Conversations/Bank/March/Banked Lines/basement/basement_4/init	Hey.	Salut.	Привет.	Hey.
Conversations/Bank/March/Banked Lines/basement/basement_5/init	Morning.	Bonjour.	Доброе утро.	Morning.
Conversations/Bank/March/Banked Lines/basement/basement_6/init	What's up?	Quoi de neuf ?	Как оно?	What's up?
Conversations/Bank/March/Banked Lines/basement/basement_7/init	Hm? Oh, hey [Ari].	Mmm ? Oh, salut [Ari].	М? А, привет, [Ari].	Hm? Oh, hey [Ari].
Conversations/Bank/March/Banked Lines/basement/basement_8/1	Hey [Ari].	Salut, [Ari].	Эй, [Ari].	Hey [Ari].
Conversations/Bank/March/Banked Lines/basement/basement_8/init	Oh!	Oh !	О!	Oh!
Conversations/Bank/March/Banked Lines/bathhouse/bathhouse/init	I feel refreshed.	C'est très revigorant.	Освежился.	I feel refreshed.
Conversations/Bank/March/Banked Lines/bathhouse/bathhouse_2/init	The bath feels amazing after a day spent hammering away at the forge. Whew.	J'adore venir aux bains après une journée passée à travailler le métal. Pfiou.	После дня у горна ванна — просто спасение. Фух.	The bath feels amazing after a day spent hammering away at the forge. Whew.
Conversations/Bank/March/Banked Lines/bathhouse/bathhouse_3/1	A hot bath always relaxes my muscles...	Un bain chaud me détend les muscles...	Горячая вода хорошо расслабляет мышцы...	A hot bath always relaxes my muscles...
Conversations/Bank/March/Banked Lines/bathhouse/bathhouse_3/2	Then I can get back to work.	Et je peux retourner travailler.	Потом можно снова за работу.	Then I can get back to work.
Conversations/Bank/March/Banked Lines/bathhouse/bathhouse_3/init	Sometimes I wake up with a tense neck, and that's when I come over here.	Je me réveille parfois avec le cou tout raide, donc je viens ici.	Иногда просыпаюсь с зажатой шеей — тогда и иду сюда.	Sometimes I wake up with a tense neck, and that's when I come over here.
Conversations/Bank/March/Banked Lines/bathhouse/bathhouse_4/init	I thought my hands were going to smell like copper all day, but a bath really did the trick.	Je pensais que mes mains allaient sentir le cuivre pendant toute la journée, mais le bain m'a débarrassé de l'odeur.	Думал, руки весь день будут вонять медью, но ванна и с этим справилась.	I thought my hands were going to smell like copper all day, but a bath really did the trick.
Conversations/Bank/March/Banked Lines/bathhouse/bathhouse_5/init	Good bath.	Un bon bain, c'est très agréable.	Хорошая ванна.	Good bath.
Conversations/Bank/March/Banked Lines/bathhouse/bathhouse_6/1	Seems like a lot of work.	Ça demande sûrement beaucoup de travail.	Наверное, с этим много возни.	Seems like a lot of work.
Conversations/Bank/March/Banked Lines/bathhouse/bathhouse_6/init	It always smells nice in the Bathhouse, but it also smells different every time?	Ça sent toujours bon, aux bains, mais l'odeur change chaque jour.	В купальне всегда приятно пахнет, но каждый раз по-новому...	It always smells nice in the Bathhouse, but it also smells different every time?
Conversations/Bank/March/Banked Lines/bathhouse/bathhouse_7/1	When I asked Juniper, she smirked and said it was magic. Ugh.	Quand j'ai demandé à Juniper, elle a souri et elle a dit que c'était de la magie. Pfff.	Когда я спросил Джунипер, она ухмыльнулась и сказала: «магия». Тьфу.	When I asked Juniper, she smirked and said it was magic. Ugh.
Conversations/Bank/March/Banked Lines/bathhouse/bathhouse_7/init	I wonder what keeps the water at the Bathhouse hot all the time.	Je me demande comment l'eau est tout le temps chaude aux bains.	Интересно, за счёт чего поддерживается температура воды в купальне.	I wonder what keeps the water at the Bathhouse hot all the time.
Conversations/Bank/March/Banked Lines/bathhouse/bathhouse_8/1	Got another early day tomorrow.	Je me lève de bonne heure, demain.	А завтра пораньше снова пойду работать.	Got another early day tomorrow.
Conversations/Bank/March/Banked Lines/bathhouse/bathhouse_8/init	A quick bath, and then bed for me.	Un petit bain, et je vais me coucher.	Искупаться по-быстрому — и в постель.	A quick bath, and then bed for me.
Conversations/Bank/March/Banked Lines/beach/beach/1	W-what? I didn't say I was going to try it!	Q-Quoi ? Je n'ai pas dit que j'allais essayer !	Ч-что? Я не говорил, что собираюсь это делать!	W-what? I didn't say I was going to try it!
Conversations/Bank/March/Banked Lines/beach/beach/init	You know, sand can be turned to glass at extremely high temperatures...	Tu sais, à très haute température, le sable se transforme en verre...	Знаешь, песок можно превратить в стекло при очень высокой температуре...	You know, sand can be turned to glass at extremely high temperatures...
Conversations/Bank/March/Banked Lines/beach/beach_2/init	I know you can't help staring, but can you do it from further away?	Je vois bien que tu ne peux pas t'empêcher de regarder, mais tu peux t'éloigner un peu ?	Понимаю, что трудно не пялиться, но ты можешь делать это издалека?	I know you can't help staring, but can you do it from further away?
Conversations/Bank/March/Banked Lines/beach/beach_3/1	So friendly.	Très amicale...	Очень дружеское.	So friendly.
Conversations/Bank/March/Banked Lines/beach/beach_3/init	Ryis and I are having a shell-collecting competition. It's friendly.	Ryis et moi, on fait un concours pour voir qui ramassera le plus de coquillages. Une compétition amicale.	Мы с Ризом устроили соревнование: кто больше ракушек соберёт. Дружеское.	Ryis and I are having a shell-collecting competition. It's friendly.
Conversations/Bank/March/Banked Lines/bedroom/bedroom_0/init	What do you want, [Ari]?	Tu veux quelque chose, [Ari] ?	Чего хочешь, [Ari]?	What do you want, [Ari]?
Conversations/Bank/March/Banked Lines/bedroom/bedroom_1/init	Making yourself at home, I see.	Je vois que tu te fais comme chez toi.	<p>Устроились</p><f>Устроилась</f><m>Устроился</m><n>Устроилось</n> тут, смотрю.	Making yourself at home, I see.
Conversations/Bank/March/Banked Lines/bedroom/bedroom_2/init	So this is how we're starting your second year in Mistria, huh?	Alors c'est comme ça que tu commences ta deuxième année à Mistria, hein ?	Вот так ты начинаешь свой второй год в Мистрии, да?	So this is how we're starting your second year in Mistria, huh?
Conversations/Bank/March/Banked Lines/bedroom/bedroom_3/init	Shop's closed, [Ari]. In case you were confused about that.	La boutique est fermée, [Ari]. Au cas où tu n'aurais pas compris.	Магазин закрыт, [Ari], если ты не <p>заметили</p><f>заметила</f><m>заметил</m><n>заметило</n>.	Shop's closed, [Ari]. In case you were confused about that.
Conversations/Bank/March/Banked Lines/bedroom/bedroom_4/init	H-hey, [Ari]...	S-Salut, [Ari]...	П-привет, [Ari]...	H-hey, [Ari]...
Conversations/Bank/March/Banked Lines/bedroom/bedroom_5/init	Um. Whatever it is, can it wait till tomorrow, [Ari]?	Euh. Je ne sais pas ce que tu veux, mais est-ce que ça peut attendre demain, [Ari] ?	Эм. Если ты по делу, может оно подождать до завтра, [Ari]?	Um. Whatever it is, can it wait till tomorrow, [Ari]?
Conversations/Bank/March/Banked Lines/beer/beer/init	Hemlock's an excellent bartender. I haven't had better =Beer=, even in the Capital.	Hemlock est un gérant de taverne hors pair. Je n'avais jamais bu de =bière= aussi bonne, même à la capitale.	Хемлок отличный бармен. Даже в столице такого =пива= не пил.	Hemlock's an excellent bartender. I haven't had better =Beer=, even in the Capital.
Conversations/Bank/March/Banked Lines/big_order/big_order/init	What is it? I've got a big work order to get through.	Qu'est-ce qu'il y a ? J'ai une commande très importante à honorer.	Чего тебе? У меня большой заказ, надо успеть.	What is it? I've got a big work order to get through.
Conversations/Bank/March/Banked Lines/cant_skip_dinner/cant_skip_dinner/init	I've got half a mind to skip dinner and put some time in at the forge... but Olric says dinner is our sacred bro time.	J'ai parfois envie de sauter le dîner pour continuer à travailler à la forge... mais Olric tient à ce moment sacré entre frères.	Вот думаю: может, пропустить ужин и пойти поработать... но Ольрик говорит, ужин — это священное время для братанов.	I've got half a mind to skip dinner and put some time in at the forge... but Olric says dinner is our sacred bro time.
Conversations/Bank/March/Banked Lines/chocolate/chocolate/init	Blacksmithing is hard work, but it does burn through a lot of energy. A bar of =Chocolate= is a good boost.	Travailler le métal est difficile et demande beaucoup d'énergie. Un peu de =chocolat= permet de récupérer ses forces.	Кузнечное дело тяжёлое, зато энергии сжигает много. Плитка =шоколада= — хороший заряд.	Blacksmithing is hard work, but it does burn through a lot of energy. A bar of =Chocolate= is a good boost.
Conversations/Bank/March/Banked Lines/cold_beer_long_day/cold_beer_long_day/1	Let Hemlock pick a brew for you. He always gets it right.	Demande à Hemlock de te conseiller. Il fait toujours le bon choix.	Дай Хемлоку выбрать тебе сорт. Он всегда угадывает.	Let Hemlock pick a brew for you. He always gets it right.
Conversations/Bank/March/Banked Lines/cold_beer_long_day/cold_beer_long_day/init	A cold =Beer= hits different after a long day of work.	Après une longue journée de travail, rien ne vaut une bonne =bière= bien fraîche.	Холодное =пиво= после рабочего дня — совсем другое дело.	A cold =Beer= hits different after a long day of work.
Conversations/Bank/March/Banked Lines/cold_drink/cold_drink/init	Nothing better than a cold drink after working on a hot summer's day.	Une boisson bien fraîche après une chaude journée d'été, il n'y a que ça de vrai.	Нет ничего лучше холодного напитка после жаркой кузни.	Nothing better than a cold drink after working on a hot summer's day.
Conversations/Bank/March/Banked Lines/eiland_asks_for_replicas/eiland_asks_for_replicas/init	Sometimes Eiland asks me to make replicas of old artifacts... I thought it was boring at first, but the ancients actually have a lot to teach about working metal.	Je fais parfois des reproductions d'artéfacts anciens pour Eiland... Je trouvais ça ennuyeux au début, mais j'apprends beaucoup de la façon dont les anciens travaillaient le métal.	Иногда Эйланд просит сделать копии старых артефактов... Сначала скучно было, а потом понял: у древних есть чему поучиться в обработке металла.	Sometimes Eiland asks me to make replicas of old artifacts... I thought it was boring at first, but the ancients actually have a lot to teach about working metal.
Conversations/Bank/March/Banked Lines/errands/errands/init	Just taking care of a few things around town.	J'ai quelques commissions à faire en ville.	Просто по делам хожу по городу.	Just taking care of a few things around town.
Conversations/Bank/March/Banked Lines/errands/errands_2/1	I keep having to remind him that other folks need eggs too.	Je dois toujours lui rappeler qu'il n'est pas le seul à aimer les œufs.	Приходится напоминать ему, что яйца нужны не только ему.	I keep having to remind him that other folks need eggs too.
Conversations/Bank/March/Banked Lines/errands/errands_2/init	Olric asked me to pick up five dozen $Eggs$ while I was at the store...	Comme j'allais faire quelques courses, Olric m'a demandé de lui rapporter cinq douzaines d'$œufs$...	Ольрик попросил купить пять десятков $яиц$, пока я в лавке...	Olric asked me to pick up five dozen $Eggs$ while I was at the store...
Conversations/Bank/March/Banked Lines/excuse_me/excuse_me/init	Hmm. Excuse me.	Hmm. Pardon.	Хмм. Прошу прощения.	Hmm. Excuse me.
Conversations/Bank/March/Banked Lines/farming_easy/farming_easy/init	Must be nice, working in something as forgiving as farming. You can't play around when you're working with molten metal.	Ça doit être sympa l'agriculture. Même si tu te trompes, ce n'est pas bien grave. Avec du métal en fusion, on n'a pas le droit à l'erreur.	Здорово, наверное, заниматься таким простеньким делом, как фермерство. А вот с расплавленным металом дурака особо не поваляешь.	Must be nice, working in something as forgiving as farming. You can't play around when you're working with molten metal.
Conversations/Bank/March/Banked Lines/fire_going/fire_going/1	It'll be hard to keep up on my work if it stays this cold.	Cela va être difficile de garder la cadence si ce froid continue.	Если и дальше будет так холодно, с работой будет сложно.	It'll be hard to keep up on my work if it stays this cold.
Conversations/Bank/March/Banked Lines/fire_going/fire_going/init	It was a battle to get the fire going earlier.	Mon feu a eu du mal à prendre, tout à l'heure.	Разжечь огонь сегодня было настоящим испытанием.	It was a battle to get the fire going earlier.
Conversations/Bank/March/Banked Lines/fnati_anticipation/fnati_anticipation/init	Not now, [Ari]. Concentrating. I have to get this done if I want to make it to the Inn later.	Pas maintenant, [Ari]. Je suis concentré. Je dois terminer ce que je suis en train de faire si je veux pouvoir aller à l'auberge plus tard.	Не сейчас, [Ari]. Я сосредоточен. Надо закончить, если хочу успеть в трактир.	Not now, [Ari]. Concentrating. I have to get this done if I want to make it to the Inn later.
Conversations/Bank/March/Banked Lines/forge_fall/forge_fall/1	I'm all fired up! Let's make some nails!	Je suis chaud comme la braise ! J'ai des tas de clous à fabriquer !	Ух, я раскочегарился! Сейчас наделаю гвоздей!	I'm all fired up! Let's make some nails!
Conversations/Bank/March/Banked Lines/forge_fall/forge_fall/init	There's nothing better than working the forge in fall. Taste that crisp air!	L'automne est ma saison préférée pour travailler à la forge. Il y a toujours un petit courant d'air rafraîchissant !	Осенью ковать на воздухе — самое приятное дело. Такая свежесть в каждом вдохе!	There's nothing better than working the forge in fall. Taste that crisp air!
Conversations/Bank/March/Banked Lines/forge_fall/forge_fall_2/init	I like working the forge in autumn. The chill in the air makes it pretty cozy.	J'aime bien travailler à la forge en automne. L'air frais crée une ambiance apaisante.	Осенью у горна работать приятно. Прохлада делает всё уютнее.	I like working the forge in autumn. The chill in the air makes it pretty cozy.
Conversations/Bank/March/Banked Lines/forge_fire_going_out/forge_fire_going_out/init	Hard to keep the forge fire going on rainy days...	C'est difficile de faire prendre les braises les jours de pluie.	В дождь тяжело поддерживать пламя в горне...	Hard to keep the forge fire going on rainy days...
Conversations/Bank/March/Banked Lines/forge_lines/forge_0/1	You'll get burned if you're careless.	Tu pourrais te brûler si tu ne fais pas attention.	Будешь <p>неосторожны</p><f>неосторожна</f><m>неосторожен</m><n>неосторожно</n>, обожжёшься	You'll get burned if you're careless.
Conversations/Bank/March/Banked Lines/forge_lines/forge_0/init	Hey, watch yourself around the forge.	Hé, sois prudent<he></he><she>e</she><they>·e</they> près de la forge.	Эй, поосторожней у горна.	Hey, watch yourself around the forge.
Conversations/Bank/March/Banked Lines/forge_lines/forge_1/1	There's no escaping this heat when there's work to be done.	Avec toutes les commandes en cours, il faut savoir résister à la chaleur.	Пока работа не сделана, от этой жары никуда не денешься.	There's no escaping this heat when there's work to be done.
Conversations/Bank/March/Banked Lines/forge_lines/forge_1/init	Whew...	Pfiou...	Уф...	Whew...
Conversations/Bank/March/Banked Lines/forge_lines/forge_10/1	He's not allowed to do that any more.	Je lui ai ordonné d'arrêter.	Теперь ему это запрещено.	He's not allowed to do that any more.
Conversations/Bank/March/Banked Lines/forge_lines/forge_10/init	Olric used to do jumping jacks next to the forge as part of his morning workout.	Olric avait pour habitude de faire ses exercices matinaux juste à côté de la forge.	Ольрик раньше делал зарядку возле горна: прыжки, там, всякие.	Olric used to do jumping jacks next to the forge as part of his morning workout.
Conversations/Bank/March/Banked Lines/forge_lines/forge_11/init	Sorry, can't stop now... I've got to finish shaping the metal before it cools off.	Désolé, mais je ne peux pas m'interrompre maintenant... Je dois donner sa forme à ce métal avant qu'il ne refroidisse.	Прости, не могу отвлечься... нужно закончить, пока металл не остыл.	Sorry, can't stop now... I've got to finish shaping the metal before it cools off.
Conversations/Bank/March/Banked Lines/forge_lines/forge_12/init	You can watch, but leave me some elbow room.	Tu peux rester regarder, mais laisse-moi un peu de place pour travailler.	Можешь смотреть, но оставь мне место для локтей.	You can watch, but leave me some elbow room.
Conversations/Bank/March/Banked Lines/forge_lines/forge_13/1	So I've got to work hard too.	Donc moi aussi, je dois travailler dur.	Так что и мне надо не отставать.	So I've got to work hard too.
Conversations/Bank/March/Banked Lines/forge_lines/forge_13/init	Olric always works hard...	Olric travaille toujours d'arrache-pied...	Ольрик всегда пашет как вол...	Olric always works hard...
Conversations/Bank/March/Banked Lines/forge_lines/forge_14/1	Just give me a few to finish this up.	Laisse-moi un peu de temps pour finir ça.	Дай мне немного времени, пока я закончу.	Just give me a few to finish this up.
Conversations/Bank/March/Banked Lines/forge_lines/forge_14/init	Oh, sorry [Ari]...	Oh, désolé, [Ari]...	Ой, прости, [Ari]...	Oh, sorry [Ari]...
Conversations/Bank/March/Banked Lines/forge_lines/forge_15/1	Come here, you can warm up by the forge.	Viens te réchauffer près de la forge.	Иди сюда, можешь погреться у печи.	Come here, you can warm up by the forge.
Conversations/Bank/March/Banked Lines/forge_lines/forge_15/init	Are you cold, [Ari]?	Tu as froid, [Ari] ?	Тебе не холодно, [Ari]?	Are you cold, [Ari]?
Conversations/Bank/March/Banked Lines/forge_lines/forge_16/1	I guess I better hurry things up.	Il va falloir que je mette les bouchées doubles.	Видимо, придётся поднажать.	I guess I better hurry things up.
Conversations/Bank/March/Banked Lines/forge_lines/forge_16/init	Ah... This order is taking longer than I meant to.	Ah... Cette commande me prend plus de temps que prévu.	Эх... Я вожусь с этим заказом дольше, чем рассчитывал.	Ah... This order is taking longer than I meant to.
Conversations/Bank/March/Banked Lines/forge_lines/forge_17/1	But I'm not a fan of having to clear it off my anvil.	Mais je n'aime pas quand je dois nettoyer mon enclume après coup.	Но счищать его с наковальни я не люблю.	But I'm not a fan of having to clear it off my anvil.
Conversations/Bank/March/Banked Lines/forge_lines/forge_17/init	It's nice, watching a fresh snow fall...	J'adore regarder la neige tomber...	Приятно наблюдать за снегопадом...	It's nice, watching a fresh snow fall...
Conversations/Bank/March/Banked Lines/forge_lines/forge_18/1	Maybe that's his way of apologizing for Adeline's bulk nail requests.	C'est peut-être une manière de s'excuser pour les grosses commandes de clous d'Adeline.	Может, таким образом он хочет извиниться за массовые заказы на гвозди от Аделины.	Maybe that's his way of apologizing for Adeline's bulk nail requests.
Conversations/Bank/March/Banked Lines/forge_lines/forge_18/init	Eiland is always bringing me interesting little projects to work on.	Eiland me propose toujours des petits projets intéressants.	Эйланд всегда приносит мне новые интересные проекты.	Eiland is always bringing me interesting little projects to work on.
Conversations/Bank/March/Banked Lines/forge_lines/forge_19/1	She thinks I'm an artist? Nice to be recognized.	Elle me prend pour un artiste ? Ça fait plaisir de se sentir reconnu.	Выходит, она считает меня художником? Приятно, когда признают талант.	She thinks I'm an artist? Nice to be recognized.
Conversations/Bank/March/Banked Lines/forge_lines/forge_19/init	Elsie said she likes to bring me projects because she's a patron of the arts.	Elsie a dit qu'elle aimait me soumettre des projets parce que c'est une amatrice d'art.	Элси сказала, что она даёт мне заказы, потому что любит покровительствовать искусству.	Elsie said she likes to bring me projects because she's a patron of the arts.
Conversations/Bank/March/Banked Lines/forge_lines/forge_2/1	At breathing down my neck when I'm working?	... Pour me déranger quand je suis en plein travail ?	В стоянии у меня за спиной, пока я работаю?	At breathing down my neck when I'm working?
Conversations/Bank/March/Banked Lines/forge_lines/forge_2/init	Hmm, is it just me or are you getting more skilled-	Mmm, c'est moi ou tu commences à être doué<she>e</she><he></he><they>·e</they>...	Хмм, или мне кажется, или ты становишься всё искуснее...	Hmm, is it just me or are you getting more skilled-
Conversations/Bank/March/Banked Lines/forge_lines/forge_20/1	Want to give me a hand here? You'll warm up in no time.	Ça te dirait de me donner un coup de main ? Tu te réchaufferas en un clin d'œil.	Хочешь со мной поработать? Мигом согреешься.	Want to give me a hand here? You'll warm up in no time.
Conversations/Bank/March/Banked Lines/forge_lines/forge_20/init	Are you cold, [Ari]?	Tu as froid, [Ari] ?	Не <p>замёрзли</p><f>замёрзла</f><m>замёрз</m><n>замёрзло</n>, [Ari]?	Are you cold, [Ari]?
Conversations/Bank/March/Banked Lines/forge_lines/forge_21/init	You can watch, but mind the sparks.	Tu peux regarder, mais attention aux étincelles.	Можешь посмотреть, только осторожно: искры летят.	You can watch, but mind the sparks.
Conversations/Bank/March/Banked Lines/forge_lines/forge_22/init	You can watch, but mind the sparks.	Tu peux regarder, mais attention aux étincelles.	Можешь посмотреть, только осторожно: искры летят.	You can watch, but mind the sparks.
Conversations/Bank/March/Banked Lines/forge_lines/forge_3/1	But you better clean up after yourself.	Mais pense bien à tout nettoyer ensuite.	Но не забудь убрать за собой.	But you better clean up after yourself.
Conversations/Bank/March/Banked Lines/forge_lines/forge_3/init	I'll let you use the forge if you need it...	Je t'autorise à utiliser la forge quand tu veux...	Можешь воспользоваться горном, если нужно...	I'll let you use the forge if you need it...
Conversations/Bank/March/Banked Lines/forge_lines/forge_4/1	Don't stand too close... I'm trying to work here.	N'approche pas trop... J'essaie de travailler.	Не стой так близко... Я, вообще-то, работаю.	Don't stand too close... I'm trying to work here.
Conversations/Bank/March/Banked Lines/forge_lines/forge_4/init	...	...	...	...
Conversations/Bank/March/Banked Lines/forge_lines/forge_5/1	The contrast is nice.	J'aime bien ce contraste.	Такой контраст приятно ощущать.	The contrast is nice.
Conversations/Bank/March/Banked Lines/forge_lines/forge_5/init	It's warm by the forge on a cold day.	Quand il fait froid, on peut se réchauffer près du fourneau.	В холодный день у горна всё равно тепло.	It's warm by the forge on a cold day.
Conversations/Bank/March/Banked Lines/forge_lines/forge_6/1	You can warm up by the forge, if you want.	Si tu veux, tu peux venir te réchauffer près du fourneau.	Если хочешь, можешь погреться у горна.	You can warm up by the forge, if you want.
Conversations/Bank/March/Banked Lines/forge_lines/forge_6/init	Aren't you cold, standing around like that?	Tu n'as pas froid à rester là sans rien faire ?	Тебе не холодно вот так просто стоять?	Aren't you cold, standing around like that?
Conversations/Bank/March/Banked Lines/forge_lines/forge_7/init	It's best to get forge work in early, before the day's heat sets in.	Il vaut mieux se mettre à travailler le métal tôt le matin, avant que n'arrive la chaleur accablante de la journée.	Лучше ковать с утра, пока дневная жара не набрала силу.	It's best to get forge work in early, before the day's heat sets in.
Conversations/Bank/March/Banked Lines/forge_lines/forge_8/init	The temperature inside the forge has been steady today.	La température est restée constante à la forge aujourd'hui.	Температура в горне сегодня держится ровно.	The temperature inside the forge has been steady today.
Conversations/Bank/March/Banked Lines/forge_lines/forge_9/1	So don't distract me.	Ne va pas me déranger.	Так что не отвлекай.	So don't distract me.
Conversations/Bank/March/Banked Lines/forge_lines/forge_9/init	Keeping the heat even requires a lot of concentration.	Il faut beaucoup de concentration pour maintenir une chaleur constante.	Удерживать тепло — дело не простое, требует сосредоточенности.	Keeping the heat even requires a lot of concentration.
Conversations/Bank/March/Banked Lines/get_out_of_room/get_out_of_room/1	A book on how to deal with difficult people.	Un livre pour gérer les gens pénibles.	Да, книгу «Как справляться с трудными людьми».	A book on how to deal with difficult people.
Conversations/Bank/March/Banked Lines/get_out_of_room/get_out_of_room/2	I'm not trying to be funny! Get out!	Ce n'était pas le but ! Va-t'en !	Я не шучу! Уходи!	I'm not trying to be funny! Get out!
Conversations/Bank/March/Banked Lines/get_out_of_room/get_out_of_room/init	Do you uh, normally come into people's rooms uninvited? Is that a thing where you're from?	Euh, ça t'arrive souvent de débarquer dans la chambre de quelqu'un sans prévenir ? C'est une coutume d'où tu viens ?	Ты, эээ, часто вот так заходишь в чужие комнаты без стука? У вас там это нормально?	Do you uh, normally come into people's rooms uninvited? Is that a thing where you're from?
Conversations/Bank/March/Banked Lines/get_out_of_room/get_out_of_room/init/prompts/0	What are you reading?	Qu'est-ce que tu lis ?	Ты что, читаешь там?	What are you reading?
Conversations/Bank/March/Banked Lines/get_out_of_room/get_out_of_room/init/prompts/1	Oh March, you're so funny!	Oh March, tu es trop drôle !	О, Март, ты такой смешной!	Oh March, you're so funny!
Conversations/Bank/March/Banked Lines/going_to_bed_get_out/going_to_bed_get_out/init	Time for bed. That's your cue to leave.	Je vais dormir. Sous-entendu, tu t'en vas ?	Пора спать. Это твой сигнал на выход.	Time for bed. That's your cue to leave.
Conversations/Bank/March/Banked Lines/good_swing/good_swing/init	Take notes, [Ari]...my swing is poetry in motion.	Observe bien, [Ari]... Ce mouvement de marteau, c'est de la poésie pure.	Запоминай, [Ari]... мои удары — чистая поэзия в движении.	Take notes, [Ari]...my swing is poetry in motion.
Conversations/Bank/March/Banked Lines/greeting_ari/greeting_ari/1	The name's March... What do you want?	Moi, c'est March... Tu me veux quoi ?	Я Март... Чего надо?	The name's March... What do you want?
Conversations/Bank/March/Banked Lines/greeting_ari/greeting_ari/1/prompts/0	I'm [Ari], the new farmer in town!	Moi, c'est [Ari]. Je viens de reprendre la ferme !	Я [Ari], <p>новые фермер</p><f>новая фермерка</f><m>новый фермер</m><n>новое фермер</n> в городе!	I'm [Ari], the new farmer in town!
Conversations/Bank/March/Banked Lines/greeting_ari/greeting_ari/1/prompts/1	Charming.	Sympa...	Очаровательно.	Charming.
Conversations/Bank/March/Banked Lines/greeting_ari/greeting_ari/2	I don't see what that has to do with me.	Qu'est-ce que tu veux que ça me fasse ?	И какое мне до этого должно быть дело? Не важно, что там Аделина говорит, нам в городе не нужны чужаки, чтобы решить наши проблемы.	I don't see what that has to do with me.
Conversations/Bank/March/Banked Lines/greeting_ari/greeting_ari/3	Regardless of what Adeline says, we really don't need an outsider to come in and solve our problems for us.	Malgré ce que dit Adeline, on n'a pas besoin d'étrangers pour régler nos problèmes à notre place.	Ты, должно быть, <p>те самые «фермер», о которых</p><f>та самая «фермерка», о которой</f><m>тот самый «фермер», о котором</m><n>то самое «фермер», о которых</n> тут все говорят. Не важно, что там говорит Аделина. Нам не нужны чужаки, чтобы решить наши проблемы.	Regardless of what Adeline says, we really don't need an outsider to come in and solve our problems for us.
Conversations/Bank/March/Banked Lines/greeting_ari/greeting_ari/4	"You must be this ""farmer"" folks are talking about."	C'est sûrement de toi que tout le monde parle en ce moment.	Я- То есть мы прекрасно справляемся сами. Просто не мешай.	"You must be this ""farmer"" folks are talking about."
Conversations/Bank/March/Banked Lines/greeting_ari/greeting_ari/5	Regardless of what Adeline says, we don't need an outsider to come in and solve our problems for us.	Malgré ce que dit Adeline, on n'a pas besoin d'étrangers pour régler nos problèmes à notre place.		Regardless of what Adeline says, we don't need an outsider to come in and solve our problems for us.
Conversations/Bank/March/Banked Lines/greeting_ari/greeting_ari/6	I- We have everything under control. Just don't get in the way.	Je... enfin, on gère la situation. Évite de te fourrer dans nos pattes.		I- We have everything under control. Just don't get in the way.
Conversations/Bank/March/Banked Lines/greeting_ari/greeting_ari/init	...	...	...	...
Conversations/Bank/March/Banked Lines/hammer_upgrade/hammer_upgrade/init	It might be time to upgrade my hammer... don't get too excited, [Ari]. I don't do hand-me-downs.	Je vais devoir investir dans un nouveau marteau... Je te vois venir, [Ari]. Je ne te donnerai pas l'ancien.	Пожалуй, пора сменить молот... не радуйся раньше времени, [Ari]. Я свои инструменты не раздаю.	It might be time to upgrade my hammer... don't get too excited, [Ari]. I don't do hand-me-downs.
Conversations/Bank/March/Banked Lines/hardboiled_egg/hardboiled_egg/1	He's probably eating a $Hard Boiled Egg$ right now.	D'ailleurs il est sûrement en train d'en manger un en ce moment même.	Скорее всего, он прямо сейчас ест $варёное яйцо$.	He's probably eating a $Hard Boiled Egg$ right now.
Conversations/Bank/March/Banked Lines/hardboiled_egg/hardboiled_egg/init	If it wasn't for me, Olric wouldn't eat any vegetables. He'd have $Hard Boiled Eggs$ for every meal!	Si je n'étais pas là, Olric ne mangerait jamais de légumes. Ce serait $œufs durs$ à chaque repas !	Если бы не я, Ольрик вообще бы овощей не ел. Ел бы только $варёные яйца$ на завтрак, обед и ужин!	If it wasn't for me, Olric wouldn't eat any vegetables. He'd have $Hard Boiled Eggs$ for every meal!
Conversations/Bank/March/Banked Lines/heart_level_lines/four_to_five_0/1	What?	Qu'est-ce qu'il y a ?	Что?	What?
Conversations/Bank/March/Banked Lines/heart_level_lines/four_to_five_0/2	Why are you looking at me like that...?	Pourquoi tu me regardes comme ça...?	Чего ты так смотришь?..	Why are you looking at me like that...?
Conversations/Bank/March/Banked Lines/heart_level_lines/four_to_five_0/init	Hey, [Ari]. How's it going?	Salut, [Ari]. Comment ça va ?	Привет, [Ari]. Как дела?	Hey, [Ari]. How's it going?
Conversations/Bank/March/Banked Lines/heart_level_lines/two_to_three_0/init	What do you want? Make it quick.	Qu'est-ce que tu veux ? Va droit au but.	Что нужно? Говори быстрее.	What do you want? Make it quick.
Conversations/Bank/March/Banked Lines/heart_level_lines/zero_to_one_0/1	And I don't know what Adeline was thinking, giving it away to some stranger.	Et je ne sais pas non plus quelle mouche a piqué Adeline en la donnant à quelqu'un d'extérieur au village.	И что Аделина вообще думала, отдавая её кому попало?	And I don't know what Adeline was thinking, giving it away to some stranger.
Conversations/Bank/March/Banked Lines/heart_level_lines/zero_to_one_0/init	I don't know what you're hoping to gain by taking over that farm.	Je ne vois pas l'intérêt de s'occuper de cette vieille ferme.	Не понимаю, что ты надеешься получить, взявшись за ту ферму.	I don't know what you're hoping to gain by taking over that farm.
Conversations/Bank/March/Banked Lines/important_order/important_order/init	This is a big, important order. So unless this is a big, important conversation...	J'ai une grosse commande à honorer, alors si tu n'as rien d'important à me dire...	У меня тут важный заказ. Так что, если это не важный разговор...	This is a big, important order. So unless this is a big, important conversation...
Conversations/Bank/March/Banked Lines/in_the_zone/in_the_zone/1	In the zone.	Ah oui ! À fond.	В потоке.	In the zone.
Conversations/Bank/March/Banked Lines/in_the_zone/in_the_zone/init	I'm really... what is it Olric's always saying?	Je suis... C'est quoi l'expression d'Olric, déjà ?	Я прямо сейчас... как там говорит Ольрик?	I'm really... what is it Olric's always saying?
Conversations/Bank/March/Banked Lines/knife_sharpening/knife_sharpening/1	Maybe I can make some kind of sharpener people can use at home...	Il faudrait que j'invente un outil pour affûter ses couteaux chez soi...	Может, сделать точилку, чтобы люди могли пользоваться дома...	Maybe I can make some kind of sharpener people can use at home...
Conversations/Bank/March/Banked Lines/knife_sharpening/knife_sharpening/init	I didn't realize there'd be such a demand for knife sharpening.	Je n'imaginais pas avoir autant de demandes pour affûter des couteaux.	Не думал, что заточка ножей будет настолько востребована.	I didn't realize there'd be such a demand for knife sharpening.
Conversations/Bank/March/Banked Lines/landen_brags/landen_brags/init	Landen brags a lot, but he really knows his stuff.	Landen n'est pas très modeste, mais ça se comprend.	Ланден много хвастается, но в деле он разбирается.	Landen brags a lot, but he really knows his stuff.
Conversations/Bank/March/Banked Lines/leaving_bath/leaving_bath/init	Are you going to take a bath? Fine, I was leaving anyway.	Tu viens prendre un bain ? Ça tombe bien. J'allais partir.	Ты собираешься в ванну? Ладно, я как раз уходил.	Are you going to take a bath? Fine, I was leaving anyway.
Conversations/Bank/March/Banked Lines/long_practice/long_practice/init	I know I make it look easy, but that's from long practice.	Je sais que ça a l'air facile quand on me voit faire, mais j'ai beaucoup travaillé pour en arriver là.	Знаю, выглядит легко, но это — результат многолетней практики.	I know I make it look easy, but that's from long practice.
Conversations/Bank/March/Banked Lines/lucky_for_balor/lucky_for_balor/init	We're lucky to have Balor here, his prices are fairer than other merchants that have come through Mistria.	On a de la chance d'avoir Balor, ses prix sont plus raisonnables que beaucoup d'autres marchands qui sont passés par Mistria.	Нам повезло, что Балор здесь. Цены у него честнее, чем у других торговцев, что бывали в Мистрии.	We're lucky to have Balor here, his prices are fairer than other merchants that have come through Mistria.
Conversations/Bank/March/Banked Lines/medical_instruments/medical_instruments/1	An order for anything but nails makes my day.	Quand on me commande autre chose que des clous, je suis heureux.	Заказ на что угодно, кроме гвоздей, поднимает мне настроение.	An order for anything but nails makes my day.
Conversations/Bank/March/Banked Lines/medical_instruments/medical_instruments/init	Valen asked me to make medical instruments.	Valen m'a demandé de lui fabriquer des instruments chirurgicaux.	Вален попросила меня сделать медицинские инструменты.	Valen asked me to make medical instruments.
Conversations/Bank/March/Banked Lines/meeting_balor/meeting_balor/init	Balor said his wagon took some, uh, battle damage. What is he doing with it, anyway? Off-roading?	Balor m'a dit qu'il avait abîmé son chariot pendant sa tournée. Mais il fait où avec ?	Балор сказал, его фургон получил, эээ, боевые повреждения. Он его, что, по скалам гоняет?	Balor said his wagon took some, uh, battle damage. What is he doing with it, anyway? Off-roading?
Conversations/Bank/March/Banked Lines/messy_forge/messy_forge/init	A messy forge can be dangerous, so I take cleaning seriously.	Une forge en désordre, c'est synonyme de danger, alors je m'efforce de tout ranger correctement.	Кузня в беспорядке — опасное место, так что я к уборке отношусь серьёзно.	A messy forge can be dangerous, so I take cleaning seriously.
Conversations/Bank/March/Banked Lines/mine_open/mine_open/init	When the mine was open, I never had to worry about supplies. I've had to learn how to do a lot with a little.	Quand la mine était encore en activité, je ne m'inquiétais pas de l'approvisionnement en matières premières. Depuis, je fais attention à ce que j'utilise.	Когда шахта была открыта, за недостаток материалов переживать не приходилось. Теперь пришлось научиться делать многое из малого.	When the mine was open, I never had to worry about supplies. I've had to learn how to do a lot with a little.
Conversations/Bank/March/Banked Lines/miss_swords/miss_swords/1	At least I can still look forward to the Inn placing orders for new knives.	Au moins, je reçois régulièrement des commandes de couteaux pour l'auberge.	Хотя бы трактир продолжает заказывать у меня новые ножи.	At least I can still look forward to the Inn placing orders for new knives.
Conversations/Bank/March/Banked Lines/miss_swords/miss_swords/init	I miss making swords. It's just too big of a material waste.	Forger des épées me manque, mais je ne peux pas me permettre de gaspiller autant de ressources.	Скучаю по изготовлению мечей. Но там слишком много материала уходит впустую.	I miss making swords. It's just too big of a material waste.
Conversations/Bank/March/Banked Lines/moody_rain_swings/moody_rain_swings/init	Oh, is it raining? I barely noticed.	Oh, il pleut ? Je n'avais même pas remarqué.	А, дождь? Даже не заметил.	Oh, is it raining? I barely noticed.
Conversations/Bank/March/Banked Lines/most_meals_at_the_inn/most_meals_at_the_inn/init	We get most of our meals at the Inn these days. Olric trying to fry eggs on the forge was stressing me out...	On prend la plupart de nos repas à l'auberge, ces temps-ci. Ça me stressait de voir Olric se faire des œufs au plat dans ma forge...	Сейчас мы почти всегда едим в трактире. Когда Ольрик пытался жарить яйца в горне, я чуть с ума не сошёл...	We get most of our meals at the Inn these days. Olric trying to fry eggs on the forge was stressing me out...
Conversations/Bank/March/Banked Lines/museum/museum/1	Some of it's obvious, but some of it... man. Impressive.	Pour certains, c'est évident, mais pour d'autres... waouh, c'est impressionnant.	Что-то очевидно, но что-то... ух. Впечатляет.	Some of it's obvious, but some of it... man. Impressive.
Conversations/Bank/March/Banked Lines/museum/museum/init	I'm always trying to work out how old metalwork was done.	J'essaie toujours de comprendre comment on forgeait des outils autrefois.	Я всё время пытаюсь понять, как делали металл в старину.	I'm always trying to work out how old metalwork was done.
Conversations/Bank/March/Banked Lines/need_a_break/need_a_break/init	Whew, I need a break. Can't rush perfection.	Pfiou, j'ai besoin d'une pause. On n'atteint pas la perfection dans la précipitation.	Фух, мне нужен перерыв. Совершенство не любит спешки.	Whew, I need a break. Can't rush perfection.
Conversations/Bank/March/Banked Lines/need_something/need_something/init	You need something? Otherwise I'm working.	Tu as besoin de quelque chose ? Parce que je travaille, là.	Тебе что-то нужно? Иначе я занят.	You need something? Otherwise I'm working.
Conversations/Bank/March/Banked Lines/new_piece/new_piece/init	This new piece is going to turn heads. I'm hoping Balor takes an interest and finds a buyer in the Capital.	Cette nouvelle pièce va en impressionner plus d'un. J'espère qu'elle intéressera Balor et qu'il trouvera un acheteur à la capitale.	Эта новая работа точно привлечёт внимание. Надеюсь, Балор заинтересуется и найдёт покупателя в столице.	This new piece is going to turn heads. I'm hoping Balor takes an interest and finds a buyer in the Capital.
Conversations/Bank/March/Banked Lines/new_silverware_for_inn/new_silverware_for_inn/init	Josephine asked me to make new silverware for the Inn, and she kept it simple, but... I've got ideas...	Joséphine veut changer les couverts de l'auberge... Elle veut quelque chose de sobre, mais j'ai quelques idées en plus...	Джозефина заказала новые столовые приборы для трактира. Хотела простенько... но у меня уже идеи...	Josephine asked me to make new silverware for the Inn, and she kept it simple, but... I've got ideas...
Conversations/Bank/March/Banked Lines/olric_asks_to_workout/olric_asks_to_workout/init	Olric always asks me to work out with him, but working at the forge is enough for me.	Olric veut toujours que je m'entraîne avec lui, mais je fais suffisamment d'exercice à la forge.	Ольрик всё зовёт меня потренироваться, но кузница — это и так тренировка.	Olric always asks me to work out with him, but working at the forge is enough for me.
Conversations/Bank/March/Banked Lines/olric_is_bothering_the_old_timers/olric_is_bothering_the_old_timers/init	I heard Olric is at the woodshop... is he getting into trouble with the old-timers again?	Il paraît qu'Olric est à l'atelier de menuiserie... Il a encore des ennuis avec les petits vieux ?	Слышал, Ольрик в столярной... Опять с ветеранами там зацепился?	I heard Olric is at the woodshop... is he getting into trouble with the old-timers again?
Conversations/Bank/March/Banked Lines/olric_stone/olric_stone/init	If you want to thank Olric for always being so nice to you, he always appreciates a nice piece of $Stone$. He likes to collect them.	Si tu cherches un moyen de remercier Olric, tu peux lui offrir une $pierre$. Il en fait collection.	Если хочешь отблагодарить Ольрика за доброту — он обожает хорошие куски $камня$. Коллекционирует.	If you want to thank Olric for always being so nice to you, he always appreciates a nice piece of $Stone$. He likes to collect them.
Conversations/Bank/March/Banked Lines/ore/ore/init	Hm... I'm starting to run low on ore. Better talk to Adeline about getting another request on the board soon...	Mmm... Je commence à être à court de minerai. Je vais voir avec Adeline si je peux publier une nouvelle requête...	Хм... руда заканчивается. Надо поговорить с Аделиной, чтобы повесить новый заказ.	Hm... I'm starting to run low on ore. Better talk to Adeline about getting another request on the board soon...
Conversations/Bank/March/Banked Lines/places_to_be/places_to_be/init	I've got places to be, [Ari]. I bet you do too, so let's keep it moving.	J'ai plein de choses à faire, [Ari]. Toi aussi sûrement, alors ne perdons pas notre temps.	У меня свои дела, [Ari]. Уверен, у тебя тоже — так что давай побыстрее.	I've got places to be, [Ari]. I bet you do too, so let's keep it moving.
Conversations/Bank/March/Banked Lines/post_forge/post_forge/init	I'm never satisfied with the day if I haven't spent some time at the forge.	Si je ne passe pas un peu de temps à la forge, j'ai l'impression d'avoir perdu ma journée.	Если не провожу хотя бы часть дня в кузне, кажется, что ничего не сделал.	I'm never satisfied with the day if I haven't spent some time at the forge.
Conversations/Bank/March/Banked Lines/problem_getting_ore/problem_getting_ore/init	We've had a problem getting enough ore ever since the Earthquake shut down the Mines.	J'ai du mal à me procurer de minerai depuis la fermeture des mines, suite au tremblement de terre.	С рудой беда с тех пор, как землетрясение накрыло шахты.	We've had a problem getting enough ore ever since the Earthquake shut down the Mines.
Conversations/Bank/March/Banked Lines/rain_talk/rain_talk/init	As much as I enjoy it when you stop to talk, do you have to do it in the rain?	J'aime bien discuter le bout de gras, mais on est obligés de le faire sous la pluie ?	Мне, конечно, приятно, когда ты подходишь поболтать, но обязательно под дождём?	As much as I enjoy it when you stop to talk, do you have to do it in the rain?
Conversations/Bank/March/Banked Lines/rainy_days/rainy_days/init	The forge gets nice and cool on rainy days.	La forge reste bien fraîche les jours de pluie.	В дождь в кузнице приятно, прохладно.	The forge gets nice and cool on rainy days.
Conversations/Bank/March/Banked Lines/rainy_days_inside/rainy_days_inside/init	Olric says there's plenty to do indoors on a rainy day, but it's not forgework.	D'après Olric, on peut faire plein de choses à l'intérieur quand il pleut. Plein de choses, sauf travailler le métal...	Ольрик говорит, что в дождь и в доме дел полно, но это не то же самое, что работать в кузне.	Olric says there's plenty to do indoors on a rainy day, but it's not forgework.
Conversations/Bank/March/Banked Lines/rainy_forge_hot/rainy_forge_hot/1	Can't let a little rain slow me down.	Je ne vais pas laisser un peu de pluie me ralentir.	Мелкий дождик меня не остановит.	Can't let a little rain slow me down.
Conversations/Bank/March/Banked Lines/rainy_forge_hot/rainy_forge_hot/init	I keep the forge hot, even on rainy days.	Même quand il pleut, j'arrive à maintenir la forge à température.	Я держу горн горячим даже в дождь.	I keep the forge hot, even on rainy days.
Conversations/Bank/March/Banked Lines/register_2/register_2/init	You need our gear? Makes sense.	Tu as besoin de notre matériel ? Ça n'a rien d'étonnant.	Нужна наша экипировка? Логично.	You need our gear? Makes sense.
Conversations/Bank/March/Banked Lines/register_3/register_3/init	Oh, it's you. Well if you need something...	Oh, c'est toi. Si tu as besoin de quelque chose, fais-moi signe...	А, это ты. Ну, если что нужно...	Oh, it's you. Well if you need something...
Conversations/Bank/March/Banked Lines/register_4/register_4/1	You can just leave your money by the till, you know.	Tu peux laisser les sous à côté de la caisse, tu sais.	Можешь просто оставить деньги у кассы, если что.	You can just leave your money by the till, you know.
Conversations/Bank/March/Banked Lines/register_4/register_4/init	Doing some shopping?	Tu es là pour acheter ?	Закупаешься?	Doing some shopping?
Conversations/Bank/March/Banked Lines/register_4/register_alt/1	Let me know if you need anything, [Ari].	N'hésite pas si tu as besoin de quelque chose, [Ari].	Скажи, если что-то нужно, [Ari].	Let me know if you need anything, [Ari].
Conversations/Bank/March/Banked Lines/register_4/register_alt/init	Doing some shopping?	Tu viens faire des courses ?	<p>Пришли</p><f>Пришла</f><m>Пришёл</m><n>Пришло</n> за покупками?	Doing some shopping?
Conversations/Bank/March/Banked Lines/register_5/register_5/init	You can let me know if you need a hand with anything.	Dis-moi si tu as besoin d'un coup de main pour quoi que ce soit.	Если помощь нужна — просто скажи.	You can let me know if you need a hand with anything.
Conversations/Bank/March/Banked Lines/register_6/register_6/init	I can help, if you need it.	Si tu as besoin d'aide, je suis là.	Могу помочь, если нужно.	I can help, if you need it.
Conversations/Bank/March/Banked Lines/register_7/register_7/init	I'm just dealing with some inventory. Speak up if you need something.	Je fais l'inventaire. Si tu as besoin de quelque chose, n'hésite pas.	Разбираю инвентарь. Если что — говори.	I'm just dealing with some inventory. Speak up if you need something.
Conversations/Bank/March/Banked Lines/repairs_are_easy/repairs_are_easy/init	These kinds of repairs are the easiest... and the most boring.	Ce genre de réparation est très facile... et terriblement ennuyeuse.	Такие ремонты — самые лёгкие... и самые скучные.	These kinds of repairs are the easiest... and the most boring.
Conversations/Bank/March/Banked Lines/running_around/running_around/1	Don't you have work to do?	Tu n'as pas un peu de travail ?	Работа-то у тебя вообще есть?	Don't you have work to do?
Conversations/Bank/March/Banked Lines/running_around/running_around/init	How is it that I always see you running around town?	Pourquoi je te vois toujours courir aux quatre coins de la ville ?	Почему я всё время вижу, как ты носишься по городу?	How is it that I always see you running around town?
Conversations/Bank/March/Banked Lines/ryis_is_cooler_than_you/ryis_is_cooler_than_you/init	When Ryis arrived to town he actually made things better for everyone... Something for you to think about.	Quand Ryis est arrivé en ville, il a tout fait pour faciliter la vie des habitants... Tu devrais en prendre de la graine.	Когда Риз приехал, он всем жизнь улучшил... Задумайся об этом.	When Ryis arrived to town he actually made things better for everyone... Something for you to think about.
Conversations/Bank/March/Banked Lines/second_spring/second_spring/1	Guess you stuck it out.	Je vois que tu as tenu le coup.	Выходит, ты таки <p>решили</p><f>решила</f><m>решил</m><n>решило</n> остаться.	Guess you stuck it out.
Conversations/Bank/March/Banked Lines/second_spring/second_spring/init	It's your second spring in Mistria, huh?	C'est le deuxième printemps que tu passes à Mistria, c'est bien ça ?	Уже вторая весна в Мистрии, да?	It's your second spring in Mistria, huh?
Conversations/Bank/March/Banked Lines/ship_my_work_everywhere/ship_my_work_everywhere/init	I ship my work out all over the country, you know. Balor's great at finding folks who appreciate my work.	Ce que je fabrique s'exporte dans tout le pays, tu sais. Balor a un don pour trouver des gens qui apprécient mes créations.	Я отправляю заказы по всей стране. Балор отлично находит ценителей.	I ship my work out all over the country, you know. Balor's great at finding folks who appreciate my work.
Conversations/Bank/March/Banked Lines/shoddy_metalwork/shoddy_metalwork/init	Let me know if you see any shoddy metalwork around town. I like to keep things in top shape.	Préviens-moi si tu vois des objets métalliques qui auraient besoin d'être rénovés, en ville. J'aime que tout soit en parfait état.	Если увидишь где-то в городе халтуру из металла — скажи. Я люблю, чтобы всё было по высшему разряду.	Let me know if you see any shoddy metalwork around town. I like to keep things in top shape.
Conversations/Bank/March/Banked Lines/shop_lines/shop_0/1	Let me know if you actually want to buy something.	Si jamais tu as envie d'acheter quelque chose, fais-moi signe.	Если надумаешь купить — скажи.	Let me know if you actually want to buy something.
Conversations/Bank/March/Banked Lines/shop_lines/shop_0/init	Let me guess, here to ogle the merchandise?	Tu jettes un coup d'œil à la marchandise, c'est ça ?	Дай угадаю, здесь чтобы поглазеть на товар?	Let me guess, here to ogle the merchandise?
Conversations/Bank/March/Banked Lines/shop_lines/shop_1/1	I don't really mind if you're here to study my work.	N'hésite pas à étudier mes réalisations pour apprendre.	Мне не мешает, если ты просто смотришь, как я работаю.	I don't really mind if you're here to study my work.
Conversations/Bank/March/Banked Lines/shop_lines/shop_1/init	Are you working on your blacksmithing skill?	Tu t'améliores en ferronnerie ?	Работаешь над своим кузнечным мастерством?	Are you working on your blacksmithing skill?
Conversations/Bank/March/Banked Lines/shop_lines/shop_2/init	Everything in here was handmade by me, you won't find better quality anywhere in Aldaria.	Tout ce qui se trouve ici, je l'ai fabriqué de mes mains. Difficile de trouver mieux à Aldaria.	Всё здесь сделано моими руками. Лучше качества в Альдарии не найдёшь.	Everything in here was handmade by me, you won't find better quality anywhere in Aldaria.
Conversations/Bank/March/Banked Lines/shop_lines/shop_3/init	I didn't become a blacksmith to be a shopkeep. Don't try to haggle.	Je n'ai pas étudié la ferronnerie pour tenir une boutique, alors n'essaie pas de négocier.	Я кузнец, а не торгаш. Так что торговаться не вздумай.	I didn't become a blacksmith to be a shopkeep. Don't try to haggle.
Conversations/Bank/March/Banked Lines/shopping_list/shopping_list/init	You wouldn't think it, but Olric's handwriting is pretty good. This shopping list is really clear.	On ne dirait pas comme ça, mais Olric a une belle écriture. La liste de courses qu'il m'a faite est très claire.	Не скажешь сразу, но у Ольрика очень разборчивый почерк. Список покупок написан чётко.	You wouldn't think it, but Olric's handwriting is pretty good. This shopping list is really clear.
Conversations/Bank/March/Banked Lines/shopping_list/shopping_list_2/1	He always surprises me.	Il me surprendra toujours.	Он не перестаёт меня удивлять.	He always surprises me.
Conversations/Bank/March/Banked Lines/shopping_list/shopping_list_2/init	I was checking the grocery list, and you know what? Olric's handwriting is pretty nice when he takes his time.	Je repassais sur la liste de courses, et tu sais quoi ? Olric a une belle écriture quand il prend son temps.	Я вчитался в список покупок — и знаешь, что? Ольрик вполне аккуратно пишет, если постарается.	I was checking the grocery list, and you know what? Olric's handwriting is pretty nice when he takes his time.
Conversations/Bank/March/Banked Lines/sick_burn/sick_burn/init	Oh, it's [Ari]. Don't you have some dirt to shovel?	Tiens, voilà [Ari]. Tu n'as pas des champs à labourer ?	О, [Ari]. Тебе не нужно, там, в земле покапаться, например? 	Oh, it's [Ari]. Don't you have some dirt to shovel?
Conversations/Bank/March/Banked Lines/snowy_days/snowy_days/init	The forge is the perfect place to be on a snowy day.	On est très bien à la forge par une journée d'hiver.	В снежный день кузница — лучшее место.	The forge is the perfect place to be on a snowy day.
Conversations/Bank/March/Banked Lines/something_new/something_new/init	Different metals require different temperatures, different blacksmithing techniques. I'm always learning something new.	Selon les métaux, les procédés de chauffe et les techniques de ferronnerie ne sont pas les mêmes. J'apprends tout le temps.	Разные металлы требуют разной температуры, разных приёмов. Я всё время учусь.	Different metals require different temperatures, different blacksmithing techniques. I'm always learning something new.
Conversations/Bank/March/Banked Lines/somewhere_to_be/somewhere_to_be/init	Not now, [Ari], I have somewhere to be.	Pas maintenant, [Ari]. Je dois y aller.	Не сейчас, [Ari], мне нужно идти.	Not now, [Ari], I have somewhere to be.
Conversations/Bank/March/Banked Lines/sound_great/sound_great/init	Ryis was right, they sound great. Glad I came out to see it.	Ryis avait raison, ça vaut le coup. Je suis content d'avoir vu ça.	Риз был прав: звучит отлично. Рад, что выбрался посмотреть.	Ryis was right, they sound great. Glad I came out to see it.
Conversations/Bank/March/Banked Lines/taking_orders/taking_orders/1	I'm sure you can fix your own by now, right?	Toi, tu te débrouilles tout seul maintenant, hein ?	Ты уже и <p>сами должны</p><f>сама должна</f><m>сам должен</m><n>само должно</n> уметь свои чинить, нет?	I'm sure you can fix your own by now, right?
Conversations/Bank/March/Banked Lines/taking_orders/taking_orders/init	I'm taking orders for tool repairs around town today.	Aujourd'hui, je me rends chez les uns et les autres pour réparer les outils.	Сегодня принимаю заказы на ремонт инструментов по городу.	I'm taking orders for tool repairs around town today.
Conversations/Bank/March/Banked Lines/taking_orders/taking_orders_2/init	There's always a hinge that needs replacing in this town.	Il y a toujours des charnières à remplacer dans cette ville.	В городе всегда надо где-нибудь заменить петли.	There's always a hinge that needs replacing in this town.
Conversations/Bank/March/Banked Lines/taliferro_challenge/taliferro_challenge/1	You know what, [Ari]?	Tu sais quoi, [Ari] ?	Знаешь, что, [Ari]?	You know what, [Ari]?
Conversations/Bank/March/Banked Lines/taliferro_challenge/taliferro_challenge/2	I think that guy has a bad attitude.	Je crois que ce type à un mauvais fond.	Дурной характер у этого парня.	I think that guy has a bad attitude.
Conversations/Bank/March/Banked Lines/taliferro_challenge/taliferro_challenge/init	I tried out Taliferro's Cooking Challenge and he insulted my innovative $Rice Ball$ entry! I even made it in a cool shape!	J'ai participé au défi gastronomique de Taliferro et il s'est moqué de mes $boulettes de riz$ ! Je leur avais donné une forme sympa pourtant.	Я попробовал податься на смотр блюд Талиферро. Но он обругал мой инновационный $рисовый шарик$! Я даже сделал необычную форму!	I tried out Taliferro's Cooking Challenge and he insulted my innovative $Rice Ball$ entry! I even made it in a cool shape!
Conversations/Bank/March/Banked Lines/tempering/tempering/1	In either case, failure can lead to disaster.	Dans un cas comme dans l'autre, si on se trompe, c'est la catastrophe assurée.	И в том и в другом случае ошибка может всё испортить.	In either case, failure can lead to disaster.
Conversations/Bank/March/Banked Lines/tempering/tempering/init	Tempering is an art, whether you're making swords or nails.	Qu'on fabrique une épée ou des clous, le secret, c'est la trempe.	Закалка — это искусство. Хоть ты меч делай, хоть гвоздь.	Tempering is an art, whether you're making swords or nails.
Conversations/Bank/March/Banked Lines/terithias_hooks/terithias_hooks/init	I'm finishing up a batch of custom hooks for Terithia... or I would be, if you weren't always interrupting me.	Je termine des hameçons spéciaux pour Terithia... Enfin, je pourrais les terminer si tu ne venais pas m'interrompre sans arrêt.	Заканчиваю партию крюков для Теризии... или закончил бы, если бы ты не <p>мешали</p><f>мешала</f><m>мешал</m><n>мешало</n> всё время.	I'm finishing up a batch of custom hooks for Terithia... or I would be, if you weren't always interrupting me.
Conversations/Bank/March/Banked Lines/theyre_loud/theyre_loud/init	Those old-timers are so loud, I can hear them from out here.	Ce que les anciens peuvent être bruyants, je les entends d'ici.	Эти старики такие громкие, даже отсюда слышно.	Those old-timers are so loud, I can hear them from out here.
Conversations/Bank/March/Banked Lines/thumbs_up/thumbs_up/1	When I asked why, he just gave me a thumb's up.	Quand je lui ai demandé pourquoi, il s'est contenté de lever le pouce.	Я спросил, зачем, а он просто поднял большой палец.	When I asked why, he just gave me a thumb's up.
Conversations/Bank/March/Banked Lines/thumbs_up/thumbs_up/init	"Olric gave me a rock yesterday. Said I ""deserved"" it."	Olric m'a donné un caillou, hier. Il m'a dit que je l'avais bien mérité.	Вчера Ольрик дал мне камень. Сказал, что я «заслужил».	"Olric gave me a rock yesterday. Said I ""deserved"" it."
Conversations/Bank/March/Banked Lines/tracking_water_on_shop_floor/tracking_water_on_shop_floor/init	I figured the rain would keep you inside all day but I guess you just have to track water all over my showroom...	Par ce temps, je pensais que tu resterais chez toi toute la journée, mais tu ne peux pas t'empêcher de venir traîner tes bottes détrempées dans mon magasin...	Я думал, дождь тебя дома удержит, но нет: конечно, надо натоптать по моему залу мокрыми следами...	I figured the rain would keep you inside all day but I guess you just have to track water all over my showroom...
Conversations/Bank/March/Banked Lines/travel/travel_0/1	I can't help it if every day at the forge is an arm day.	Ce n'est pas de ma faute si je ne travaille que les bras à la forge.	А что я могу поделать? В кузнице день рук — каждый день.	I can't help it if every day at the forge is an arm day.
Conversations/Bank/March/Banked Lines/travel/travel_0/init	Olric said I've been neglecting leg day, so he made me take a walk.	Olric a dit que j'avais manqué la préparation des jambes, alors il m'a emmené randonner.	Ольрик сказал, что я пропускаю день ног, и заставил пойти на прогулку.	Olric said I've been neglecting leg day, so he made me take a walk.
Conversations/Bank/March/Banked Lines/travel/travel_1/1	Hm.	Mmm.	Хм.	Hm.
Conversations/Bank/March/Banked Lines/travel/travel_1/init	You're working hard, aren't you?	Tu travailles dur, hein ?	Тяжёлая у тебя работа, да?	You're working hard, aren't you?
Conversations/Bank/March/Banked Lines/vouch/vouch/1	I don't take anything more seriously.	Il n'y a rien que je prenne plus au sérieux.	Для меня это самое важное.	I don't take anything more seriously.
Conversations/Bank/March/Banked Lines/vouch/vouch/init	I can vouch for the quality of my metalwork.	Je me porte garant de la qualité de ce que je forge.	За качество своих изделий я могу поручиться.	I can vouch for the quality of my metalwork.
Conversations/Bank/March/Banked Lines/week_one_pt_1/week_one_pt_1/1	Go bother someone else. I'm busy.	Va donc t'adresser à quelqu'un d'autre, je suis occupé.	Попроси кого-нибудь другого. Я занят.	Go bother someone else. I'm busy.
Conversations/Bank/March/Banked Lines/week_one_pt_1/week_one_pt_1/init	Oh, it's you. If you need help with your new garden...	Oh, c'est toi. Si tu as besoin d'aide avec ton nouveau terrain...	А, это ты. Если с садом помочь надо...	Oh, it's you. If you need help with your new garden...
Conversations/Bank/March/Banked Lines/week_one_pt_2/week_one_pt_2/init	I know you just arrived, but I wouldn't get too comfortable.	Je sais que tu viens d'arriver, mais à ta place je ne prendrais pas trop mes aises.	Знаю, ты тут недавно, но я бы не расслаблялся.	I know you just arrived, but I wouldn't get too comfortable.
Conversations/Bank/March/Banked Lines/windy/windy/1	You shouldn't hang around in the cold too long.	Tu ne devrais pas trop traîner dans le froid.	Не стоит долго торчать на холоде.	You shouldn't hang around in the cold too long.
Conversations/Bank/March/Banked Lines/windy/windy/init	The wind is up today.	Il y a du vent, aujourd'hui.	Ветер сегодня сильный.	The wind is up today.
Conversations/Bank/March/Banked Lines/winter_forge/winter_forge/1	If the fire isn't hot enough, the metal can turn out weak.	Si elle est trop basse, le métal est moins résistant.	Если пламя слабое, металл может получиться хрупким.	If the fire isn't hot enough, the metal can turn out weak.
Conversations/Bank/March/Banked Lines/winter_forge/winter_forge/init	I have to be a little more mindful of the forge in winter.	L'hiver, je dois faire un peu plus attention à la température de la forge.	Зимой нужно внимательнее следить за горном.	I have to be a little more mindful of the forge in winter.
Conversations/Bank/March/Banked Lines/work_never_ends/work_never_ends/init	The work never ends. Not that I mind.	J'ai toujours du travail. Non que ça me dérange.	Работа не заканчивается. Но мне это и не мешает.	The work never ends. Not that I mind.
Conversations/Bank/March/Banked Lines/youre_mediocre_at_best/got_a_lot_to_prove/init	You've got a lot to prove, [Ari]. Try not to let everyone down.	Tu dois faire tes preuves, [Ari]. Essaie de ne pas décevoir les gens.	Тебе многое надо доказать, [Ari]. Постарайся не подвести всех.	You've got a lot to prove, [Ari]. Try not to let everyone down.
Conversations/Bank/March/Date Lines/bathhouse/bathhouse_accept_1/1	[Ari]... Of course I want to!	[Ari]... Bien sûr !	[Ari]... Конечно, я за!	[Ari]... Of course I want to!
Conversations/Bank/March/Date Lines/bathhouse/bathhouse_accept_1/init	Y-you want to go to the Bathhouse together?	T-Tu veux qu'on aille aux $bains$ ensemble ?	Т-ты хочешь вместе пойти в $купальню$?	Y-you want to go to the Bathhouse together?
Conversations/Bank/March/Date Lines/bathhouse/bathhouse_accept_2/1	We've both been working hard...	On n'a pas arrêté de travailler tous les deux...	Мы с тобой так много работаем...	We've both been working hard...
Conversations/Bank/March/Date Lines/bathhouse/bathhouse_accept_2/2	We should take some time for ourselves.	On mérite bien une petite pause.	Пора бы немного времени уделить себе.	We should take some time for ourselves.
Conversations/Bank/March/Date Lines/bathhouse/bathhouse_accept_2/init	You want to go relax at the Bathhouse, [Ari]?	Ça te dirait qu'on aille se détendre aux $bains$, [Ari] ?	Хочешь, сходим в $купальню$ отдохнуть, [Ari]?	You want to go relax at the Bathhouse, [Ari]?
Conversations/Bank/March/Date Lines/bathhouse/bathhouse_follow_up_1/1	[Ari]... Let's do that again soon.	[Ari]... On doit se refaire ça bientôt.	[Ari]... Давай ещё раз сходим на днях.	[Ari]... Let's do that again soon.
Conversations/Bank/March/Date Lines/bathhouse/bathhouse_follow_up_1/2	If you want to, I mean!	Si ça te dit, bien sûr !	Я хочу сказать, если хочешь!	If you want to, I mean!
Conversations/Bank/March/Date Lines/bathhouse/bathhouse_follow_up_1/2/prompts/0	Of course I want to!	Oui, évidemment !	Конечно, хочу!	Of course I want to!
Conversations/Bank/March/Date Lines/bathhouse/bathhouse_follow_up_1/2/prompts/1	You're so cute, March!	Tu es trop mignon, March !	Ты такой милый, Март!	You're so cute, March!
Conversations/Bank/March/Date Lines/bathhouse/bathhouse_follow_up_1/3	Hahaha.	Ha ha ha.	Ха-ха-ха.	Hahaha.
Conversations/Bank/March/Date Lines/bathhouse/bathhouse_follow_up_1/4	You're cute, [Ari]...	C'est gentil, [Ari]..	Ты <p>такие милые</p><f>такая милая</f><m>такой милый</m><n>такое милое</n>, [Ari]...	You're cute, [Ari]...
Conversations/Bank/March/Date Lines/bathhouse/bathhouse_follow_up_1/5	Me? Nah...	Moi ? Pas du tout...	Я? Да не...	Me? Nah...
Conversations/Bank/March/Date Lines/bathhouse/bathhouse_follow_up_1/6	You are, though!	Par contre, toi, oui !	А вот ты <p>милые</p><f>милая</f><m>милый</m><n>милое</n>!	You are, though!
Conversations/Bank/March/Date Lines/bathhouse/bathhouse_follow_up_1/init	I can't remember the last time I felt so relaxed...	Ça faisait longtemps que je m'étais pas senti aussi détendu...	Не помню даже, когда я последний раз так расслаблялся...	I can't remember the last time I felt so relaxed...
Conversations/Bank/March/Date Lines/bathhouse/bathhouse_follow_up_2/1	Let's go again soon!	On se refait ça bientôt !	Давай ещё раз сходим на днях!	Let's go again soon!
Conversations/Bank/March/Date Lines/bathhouse/bathhouse_follow_up_2/init	Wow, that bath was really what I needed...	Waouh, ce bain m'a fait le plus grand bien...	Ух, ванна — как раз то, что мне было нужно...	Wow, that bath was really what I needed...
Conversations/Bank/March/Date Lines/beach/beach_accept_1/1	On the Beach?	À la plage ?	По пляжу?	On the Beach?
Conversations/Bank/March/Date Lines/beach/beach_accept_1/2	Sure, we can do that.	OK, allons-y.	Ладно, можем сходить.	Sure, we can do that.
Conversations/Bank/March/Date Lines/beach/beach_accept_1/init	You want to go for a walk?	Tu veux qu'on aille se promener ensemble ?	Хочешь пойти прогуляться?	You want to go for a walk?
Conversations/Bank/March/Date Lines/beach/beach_accept_2/1	Sure, [Ari]. I'd be happy to.	Ça marche, [Ari]. Avec plaisir.	Хорошо, [Ari]. С удовольствием.	Sure, [Ari]. I'd be happy to.
Conversations/Bank/March/Date Lines/beach/beach_accept_2/init	Oh? A walk on the Beach?	Quoi ? Une petite balade sur la plage ?	О? Прогулка по пляжу?	Oh? A walk on the Beach?
Conversations/Bank/March/Date Lines/beach/beach_follow_up_1/1	You looked like you had something on your mind. What was it?	Tu avais l'air dans tes pensées. Tu peux me parler.	Мне всё время казалось, что у тебя что-то на уме. Что такое?	You looked like you had something on your mind. What was it?
Conversations/Bank/March/Date Lines/beach/beach_follow_up_1/1/prompts/0	I was just thinking you looked cute with the wind in your hair!	Je me disais que tu étais beau, les cheveux au vent !	Просто <p>думали</p><f>думала</f><m>думал</m><n>думало</n>, у тебя так мило развеваются волосы на ветру.	I was just thinking you looked cute with the wind in your hair!
Conversations/Bank/March/Date Lines/beach/beach_follow_up_1/1/prompts/1	I was um. Enjoying the view!	Je, euh... J'admirais la vue !	Я, эмм. <p>Любовались</p><f>Любовалась</f><m>Любовался</m><n>Любовалось</n> видом!	I was um. Enjoying the view!
Conversations/Bank/March/Date Lines/beach/beach_follow_up_1/2	Cute, huh?	Beau, hein ?	Мило, хм?	Cute, huh?
Conversations/Bank/March/Date Lines/beach/beach_follow_up_1/3	...	...	...	...
Conversations/Bank/March/Date Lines/beach/beach_follow_up_1/4	The view? Do you mean, like-	De la vue ? Tu veux parler de...	Видом? В смысле ты про...	The view? Do you mean, like-
Conversations/Bank/March/Date Lines/beach/beach_follow_up_1/5	N-nevermind.	L-Laisse tomber !	Н-не важно.	N-nevermind.
Conversations/Bank/March/Date Lines/beach/beach_follow_up_1/init	Going to the Beach was nice...	C'était sympa de se promener sur la plage...	Хорошо сходили на пляж...	Going to the Beach was nice...
Conversations/Bank/March/Date Lines/beach/beach_follow_up_2/1	Let's go to the Beach again when the weather's nice, okay?	Il faudra qu'on retourne à la plage quand il fera beau, d'accord ?	Сходим на пляж ещё раз, когда будет хорошая погода?	Let's go to the Beach again when the weather's nice, okay?
Conversations/Bank/March/Date Lines/beach/beach_follow_up_2/init	I had a nice time, [Ari].	J'ai passé un super moment, [Ari].	Мне понравилось, [Ari].	I had a nice time, [Ari].
Conversations/Bank/March/Date Lines/deep_woods_picnic/deep_woods_picnic_accept_1/1	Uh.	Euh...	Эм.	Uh.
Conversations/Bank/March/Date Lines/deep_woods_picnic/deep_woods_picnic_accept_1/2	Come with me to the $Deep Woods$...	De m'accompagner à $Boissombre$ ?	Сходить со мной в $Глубокую чащу$...	Come with me to the $Deep Woods$...
Conversations/Bank/March/Date Lines/deep_woods_picnic/deep_woods_picnic_accept_1/3	For a picnic?	Pour pique-niquer.	...На пикник?	For a picnic?
Conversations/Bank/March/Date Lines/deep_woods_picnic/deep_woods_picnic_accept_1/4	Really, it's pretty cool out there, and-	C'est très sympa là-bas, et puis...	Там довольно неплохо, честно, и ещё...	Really, it's pretty cool out there, and-
Conversations/Bank/March/Date Lines/deep_woods_picnic/deep_woods_picnic_accept_1/5	Oh, you would?	Oui, ça te dit ?	А, ты не против?	Oh, you would?
Conversations/Bank/March/Date Lines/deep_woods_picnic/deep_woods_picnic_accept_1/6	Cool. Cool.	Super. Génial.	Класс. Класс.	Cool. Cool.
Conversations/Bank/March/Date Lines/deep_woods_picnic/deep_woods_picnic_accept_1/7	Well then. Let's go.	Eh bien, allons-y.	Ну что ж. Тогда пойдём.	Well then. Let's go.
Conversations/Bank/March/Date Lines/deep_woods_picnic/deep_woods_picnic_accept_1/init	Hey. Do you wanna-	Salut. Ça te dirait de...	Эй. Не хочешь?..	Hey. Do you wanna-
Conversations/Bank/March/Date Lines/deep_woods_picnic/deep_woods_picnic_accept_2/1	You want to go on another picnic?	Tu veux qu'on retourne pique-niquer ?	Хочешь снова устроить пикник?	You want to go on another picnic?
Conversations/Bank/March/Date Lines/deep_woods_picnic/deep_woods_picnic_accept_2/2	Sure. Let's go.	OK, avec plaisir.	Ладно. Пойдём.	Sure. Let's go.
Conversations/Bank/March/Date Lines/deep_woods_picnic/deep_woods_picnic_accept_2/init	Oh?	Oh ?	О?	Oh?
Conversations/Bank/March/Date Lines/deep_woods_picnic/deep_woods_picnic_accept_3/1	Yeah? Nice. Let's go!	Oui ? Génial, alors allons-y !	Да? Здорово. Пойдём!	Yeah? Nice. Let's go!
Conversations/Bank/March/Date Lines/deep_woods_picnic/deep_woods_picnic_accept_3/init	Want to go on a picnic, [Ari]?	Ça te dit, un pique-nique, [Ari] ?	Хочешь сходить на пикник, [Ari]?	Want to go on a picnic, [Ari]?
Conversations/Bank/March/Date Lines/deep_woods_picnic/deep_woods_picnic_follow_up_1/1	Did you uh. Have a good time?	Est-ce que, euh... ça t'a plu ?	Как тебе, эм... Всё понравилось?	Did you uh. Have a good time?
Conversations/Bank/March/Date Lines/deep_woods_picnic/deep_woods_picnic_follow_up_1/1/prompts/0	The food and the scenery were great!	C'était délicieux et le paysage était magnifique !	И еда и пейзаж были просто отличные!	The food and the scenery were great!
Conversations/Bank/March/Date Lines/deep_woods_picnic/deep_woods_picnic_follow_up_1/1/prompts/1	Yes! I really enjoyed talking with you!	J'ai adoré discuter avec toi !	Да! Мне так понравилось с тобой разговаривать!	Yes! I really enjoyed talking with you!
Conversations/Bank/March/Date Lines/deep_woods_picnic/deep_woods_picnic_follow_up_1/2	Yeah? You liked it?	Ah oui, tu as aimé ?	Да? Тебе понравилось?	Yeah? You liked it?
Conversations/Bank/March/Date Lines/deep_woods_picnic/deep_woods_picnic_follow_up_1/3	Nice. I'm glad.	Tant mieux, je suis content.	Здорово. Я рад.	Nice. I'm glad.
Conversations/Bank/March/Date Lines/deep_woods_picnic/deep_woods_picnic_follow_up_1/4	You did?	Ah oui ?	Правда?	You did?
Conversations/Bank/March/Date Lines/deep_woods_picnic/deep_woods_picnic_follow_up_1/5	Me too...	Moi aussi...	И мне тоже.	Me too...
Conversations/Bank/March/Date Lines/deep_woods_picnic/deep_woods_picnic_follow_up_1/init	Thanks for coming out with me, [Ari].	Merci de m'avoir accompagné, [Ari].	Спасибо, что <p>сходили</p><f>сходила</f><m>сходил</m><n>сходило</n> со мной, [Ari].	Thanks for coming out with me, [Ari].
Conversations/Bank/March/Date Lines/deep_woods_picnic/deep_woods_picnic_follow_up_2/1	I had a nice time, [Ari].	J'ai passé un super moment, [Ari].	Мне очень понравилось, [Ari].	I had a nice time, [Ari].
Conversations/Bank/March/Date Lines/deep_woods_picnic/deep_woods_picnic_follow_up_2/2	Maybe we can do it again soon...	On pourrait peut-être se refaire ça un de ces quatre...	Может, нам стоит сходить ещё раз...	Maybe we can do it again soon...
Conversations/Bank/March/Date Lines/deep_woods_picnic/deep_woods_picnic_follow_up_2/init	I um.	Je, euh...	Мне, эмм...	I um.
Conversations/Bank/March/Date Lines/deep_woods_picnic/deep_woods_picnic_follow_up_3/1	I'll take you out there again sometime soon.	On y retourne bientôt si ça te dit.	Я тебя в ближайшее время ещё раз туда свожу.	I'll take you out there again sometime soon.
Conversations/Bank/March/Date Lines/deep_woods_picnic/deep_woods_picnic_follow_up_3/init	Thanks for joining me on that $Deep Woods$ picnic, [Ari].	Merci d'avoir pique-niqué à $Boissombre$ avec moi, [Ari].	Спасибо, что <p>сходили</p><f>сходила</f><m>сходил</m><n>сходило</n> со мной на пикник в $Глубокую чащу$, [Ari].	Thanks for joining me on that $Deep Woods$ picnic, [Ari].
Conversations/Bank/March/Date Lines/gem_cutting/gem_cutting_accept_1/1	You're a skilled blacksmith, and good with your hands...	Tu maîtrises la forge et tu sais te servir de tes mains...	Ты хорошо управляешься с кузницей, и руки у тебя аккуратные...	You're a skilled blacksmith, and good with your hands...
Conversations/Bank/March/Date Lines/gem_cutting/gem_cutting_accept_1/2	I thought it might be fun to work on a project together, just the two of us.	Je me suis dit que ce serait sympa de se lancer dans un petit projet, rien que nous deux.	Я подумал, будет весело поработать над общим проектом вдвоём, только ты и я.	I thought it might be fun to work on a project together, just the two of us.
Conversations/Bank/March/Date Lines/gem_cutting/gem_cutting_accept_1/3	Yeah, you're up for it? Great!	Oui, ça te tente ? Super, alors !	Да, ты не против? Отлично!	Yeah, you're up for it? Great!
Conversations/Bank/March/Date Lines/gem_cutting/gem_cutting_accept_1/init	Would you want to try some $Gem Cutting$ with me, [Ari]?	Ça te dirait d'essayer de $tailler des gemmes$ avec moi, [Ari] ?	Не хочешь попробовать заняться $огранкой$ со мной, [Ari]?	Would you want to try some $Gem Cutting$ with me, [Ari]?
Conversations/Bank/March/Date Lines/gem_cutting/gem_cutting_accept_2/1	Of course! I'll get the forge ready.	Avec plaisir ! Je prépare la forge.	Ну конечно! Пойду растоплю печь.	Of course! I'll get the forge ready.
Conversations/Bank/March/Date Lines/gem_cutting/gem_cutting_accept_2/init	You want to do some $Gem Cutting$?	Tu as envie de $tailler des gemmes$ ?	Хочешь заняться $огранкой$?	You want to do some $Gem Cutting$?
Conversations/Bank/March/Date Lines/gem_cutting/gem_cutting_follow_up_1/1	I probably don't say this often enough...	Je ne le dis certainement pas assez souvent...	Наверное, я слишком редко тебе говорю:	I probably don't say this often enough...
Conversations/Bank/March/Date Lines/gem_cutting/gem_cutting_follow_up_1/2	But you're good at what you do.	Mais tu es doué<she>e</she><he></he><they>·e</they> dans tout ce que tu fais.	У тебя хорошо получается.	But you're good at what you do.
Conversations/Bank/March/Date Lines/gem_cutting/gem_cutting_follow_up_1/init	Nice work on the $Gem Cutting$, [Ari].	Tu as super bien $taillé ta gemme$, [Ari].	Отличная вышла $огранка$, [Ari].	Nice work on the $Gem Cutting$, [Ari].
Conversations/Bank/March/Date Lines/gem_cutting/gem_cutting_follow_up_2/1	You've become quite the lapidarist...	Tu commences à maîtriser la taille de gemmes...	Из тебя выходит неплохой камнерез...	You've become quite the lapidarist...
Conversations/Bank/March/Date Lines/gem_cutting/gem_cutting_follow_up_2/2	I'll have to practice more if I'm going to keep up!	Il va falloir que je m'entraîne si je veux rester au niveau !	Мне стоит практиковаться, чтобы не отставать!	I'll have to practice more if I'm going to keep up!
Conversations/Bank/March/Date Lines/gem_cutting/gem_cutting_follow_up_2/init	That was fun, [Ari].	C'était super, [Ari].	Мне понравилось, [Ari].	That was fun, [Ari].
Conversations/Bank/March/Date Lines/inn_meal/inn_meal_accept_1/1	But I was just about to ask you to-	J'allais justement te le proposer...	А я как раз сам собирался...	But I was just about to ask you to-
Conversations/Bank/March/Date Lines/inn_meal/inn_meal_accept_1/2	N-nevermind.	B-Bon, OK.	Н-не важно.	N-nevermind.
Conversations/Bank/March/Date Lines/inn_meal/inn_meal_accept_1/3	Come on. Let's go.	Allons-y.	Ладно. Пойдём.	Come on. Let's go.
Conversations/Bank/March/Date Lines/inn_meal/inn_meal_accept_1/init	Wait, you're asking me out first?	Quoi, tu m'invites à sortir ?	Погоди, ты меня <p>первые</p><f>первая</f><m>первый</m><n>первое</n> приглашаешь?	Wait, you're asking me out first?
Conversations/Bank/March/Date Lines/inn_meal/inn_meal_accept_2/1	Do you want to go get something to eat?	Ça te dit d'aller manger un bout quelque part ?	Хочешь, сходим вместе поесть?	Do you want to go get something to eat?
Conversations/Bank/March/Date Lines/inn_meal/inn_meal_accept_2/2	You do?	Oui ?	Да?	You do?
Conversations/Bank/March/Date Lines/inn_meal/inn_meal_accept_2/3	Cool. Let's go.	Eh bien, allons-y.	Класс. Пойдём.	Cool. Let's go.
Conversations/Bank/March/Date Lines/inn_meal/inn_meal_accept_2/init	Hey [Ari]... Are you free?	Salut, [Ari].. Tu es libre, là ?	Привет, [Ari]... Ты не <p>заняты</p><f>занята</f><m>занят</m><n>занято</n>?	Hey [Ari]... Are you free?
Conversations/Bank/March/Date Lines/inn_meal/inn_meal_accept_3/1	Let's go.	Génial, allons-y.	Пойдём.	Let's go.
Conversations/Bank/March/Date Lines/inn_meal/inn_meal_accept_3/init	Hey, [Ari]. Want to go grab something to eat?	Salut, [Ari]. Tu veux qu'on aille manger un bout ?	Привет, [Ari]. Хочешь, сходим вместе поесть?	Hey, [Ari]. Want to go grab something to eat?
Conversations/Bank/March/Date Lines/inn_meal/inn_meal_follow_up_1/1	I had a nice time.	J'ai passé un super moment.	Мне с тобой понравилось.	I had a nice time.
Conversations/Bank/March/Date Lines/inn_meal/inn_meal_follow_up_1/2	Thanks for inviting me, [Ari].	Merci de l'invitation, [Ari].	Спасибо, что <p>пригласили</p><f>пригласила</f><m>пригласил</m><n>пригласило</n>, [Ari].	Thanks for inviting me, [Ari].
Conversations/Bank/March/Date Lines/inn_meal/inn_meal_follow_up_1/init	Hey, uh-	Alors, euh...	Слушай, эм...	Hey, uh-
Conversations/Bank/March/Date Lines/inn_meal/inn_meal_follow_up_2/1	It was nice learning more about you...	C'était sympa d'apprendre à te connaître.	Приятно было узнать тебя поближе...	It was nice learning more about you...
Conversations/Bank/March/Date Lines/inn_meal/inn_meal_follow_up_2/2	I guess I didn't know we had so much in common.	Je n'imaginais pas qu'on avait tant en commun.	Я даже и не знал, что у нас столько общего.	I guess I didn't know we had so much in common.
Conversations/Bank/March/Date Lines/inn_meal/inn_meal_follow_up_2/3	But, well... now I do.	Maintenant, je le sais.	Ну что ж... Теперь знаю.	But, well... now I do.
Conversations/Bank/March/Date Lines/inn_meal/inn_meal_follow_up_2/init	Thanks for coming out with me, [Ari].	Merci de m'avoir accompagné, [Ari].	Спасибо, что <p>сходили</p><f>сходила</f><m>сходил</m><n>сходило</n> со мной, [Ari].	Thanks for coming out with me, [Ari].
Conversations/Bank/March/Date Lines/inn_meal/inn_meal_follow_up_3/1	Let's do it again soon.	Il faudra qu'on recommence bientôt.	Давай ещё раз сходим на днях.	Let's do it again soon.
Conversations/Bank/March/Date Lines/inn_meal/inn_meal_follow_up_3/init	That was fun, [Ari].	C'était super, [Ari].	Было весело, [Ari].	That was fun, [Ari].
Conversations/Bank/March/Date Lines/park/park_accept_1/1	You want to go to the $Park$? Sure, let's do it.	Tu veux m'emmener au $parc$ ? Entendu, allons-y.	Хочешь пойти в $парк$? Хорошо, давай сходим.	You want to go to the $Park$? Sure, let's do it.
Conversations/Bank/March/Date Lines/park/park_accept_1/init	I've got some free time, if you want to go do something together...	J'ai du temps libre si jamais tu as envie qu'on fasse quelque chose ensemble...	Я сейчас не занят, если хочешь вместе провести время...	I've got some free time, if you want to go do something together...
Conversations/Bank/March/Date Lines/park/park_accept_2/1	Want to go to the $Park$ with me?	Ça te dirait qu'on aille $au parc$ ensemble ?	Хочешь сходить вместе в $парк$?	Want to go to the $Park$ with me?
Conversations/Bank/March/Date Lines/park/park_accept_2/init	If you've got some free time...	Si tu as un peu de temps libre...	Если у тебя есть свободное время...	If you've got some free time...
Conversations/Bank/March/Date Lines/park/park_follow_up_1/1	It was fun hearing stories about when you were a kid.	J'ai beaucoup aimé t'écouter parler de ton enfance.	У тебя такие забавные истории из детства.	It was fun hearing stories about when you were a kid.
Conversations/Bank/March/Date Lines/park/park_follow_up_1/1/prompts/0	I want to hear some kid March stories next time!	La prochaine fois, c'est toi qui me parleras de la tienne, March !	В следующий раз хочу послушать истории про маленького Марта!	I want to hear some kid March stories next time!
Conversations/Bank/March/Date Lines/park/park_follow_up_1/1/prompts/1	I've got a million of them!	Et je ne t'ai pas tout dit !	У меня миллион таких историй!	I've got a million of them!
Conversations/Bank/March/Date Lines/park/park_follow_up_1/2	Y-Yeah! Fairs fair.	OK ! C'est de bonne guerre.	Д-да! Всё честно.	Y-Yeah! Fairs fair.
Conversations/Bank/March/Date Lines/park/park_follow_up_1/3	And I can't wait to hear 'em all.	J'ai hâte que tu m'en dises plus.	Тогда я хочу услышать их все.	And I can't wait to hear 'em all.
Conversations/Bank/March/Date Lines/park/park_follow_up_1/init	Going to the $Park$ with you was really nice.	J'ai adoré cette sortie au $parc$ avec toi.	Мне понравилось гулять с тобой в $парке$.	Going to the $Park$ with you was really nice.
Conversations/Bank/March/Date Lines/park/park_follow_up_2/1	Let's plan another date there soon.	On s'organise une autre sortie bientôt.	Давай запланируем там ещё одно свидание.	Let's plan another date there soon.
Conversations/Bank/March/Date Lines/park/park_follow_up_2/init	The $Park$ was fun.	C'était super au $parc$.	В $парке$ было хорошо.	The $Park$ was fun.
Conversations/Bank/March/Date Lines/post_baby/post_baby_date_accept/1	Let's drop off [child_0] with Olric first.			Let's drop off [child_0] with Olric first.
Conversations/Bank/March/Date Lines/post_baby/post_baby_date_accept/2	He'll be so excited to watch her, you know how thrilled he is to be an Uncle.			He'll be so excited to watch her, you know how thrilled he is to be an Uncle.
Conversations/Bank/March/Date Lines/post_baby/post_baby_date_accept/init	Yeah, I'd love to go on a date!			Yeah, I'd love to go on a date!
Conversations/Bank/March/Date Lines/post_baby/post_baby_date_follow_up/1	It was nice to have a little alone time together.			It was nice to have a little alone time together.
Conversations/Bank/March/Date Lines/post_baby/post_baby_date_follow_up/2	And I can tell that [child_0] had a great time with her uncle Olric, too.			And I can tell that [child_0] had a great time with her uncle Olric, too.
Conversations/Bank/March/Date Lines/post_baby/post_baby_date_follow_up/init	I had a great time on our date, [Ari].			I had a great time on our date, [Ari].
Conversations/Bank/March/Gift Lines/gift_lines/beer_high_hearts/1	Thanks, [Ari].			Thanks, [Ari].
Conversations/Bank/March/Gift Lines/gift_lines/beer_high_hearts/init	A =Beer=? Looks refreshing.			A =Beer=? Looks refreshing.
Conversations/Bank/March/Gift Lines/gift_lines/beer_low_hearts/1	Thanks.			Thanks.
Conversations/Bank/March/Gift Lines/gift_lines/beer_low_hearts/init	A =Beer=? Looks refreshing.			A =Beer=? Looks refreshing.
Conversations/Bank/March/Gift Lines/gift_lines/birthday_gift/1	Well... thanks.	Enfin bon... merci.	Ну... спасибо.	Well... thanks.
Conversations/Bank/March/Gift Lines/gift_lines/birthday_gift/init	A birthday gift? Did Olric put you up to this?	Un cadeau d'anniversaire ? C'est Olric qui t'a soufflé l'idée ?	Подарок на день рождения? Это тебя Ольрик надоумил?	A birthday gift? Did Olric put you up to this?
Conversations/Bank/March/Gift Lines/gift_lines/birthday_gift_b/1	Well... thanks.	Eh bien... merci.	Ну... спасибо.	Well... thanks.
Conversations/Bank/March/Gift Lines/gift_lines/birthday_gift_b/init	A birthday gift? For me?	Un cadeau d'anniversaire ? Pour moi ?	Подарок на день рождения? Мне?	A birthday gift? For me?
Conversations/Bank/March/Gift Lines/gift_lines/birthday_gift_c/1	Thank you, [Ari].	Merci, [Ari].	Спасибо, [Ari].	Thank you, [Ari].
Conversations/Bank/March/Gift Lines/gift_lines/birthday_gift_c/init	Is this a birthday gift? For me?	C'est un cadeau pour mon anniversaire ?	Это подарок на день рождения? Мне?	Is this a birthday gift? For me?
Conversations/Bank/March/Gift Lines/gift_lines/caldosian_chocolate_cake_high_hearts/1	Thank you!			Thank you!
Conversations/Bank/March/Gift Lines/gift_lines/caldosian_chocolate_cake_high_hearts/init	Oooh... this =Chocolate Cake= looks pretty good.			Oooh... this =Chocolate Cake= looks pretty good.
Conversations/Bank/March/Gift Lines/gift_lines/caldosian_chocolate_cake_low_hearts/1	Thanks.			Thanks.
Conversations/Bank/March/Gift Lines/gift_lines/caldosian_chocolate_cake_low_hearts/init	Hey... this =Chocolate Cake= looks pretty good.			Hey... this =Chocolate Cake= looks pretty good.
Conversations/Bank/March/Gift Lines/gift_lines/chocolate_high_hearts/1	Thanks! This will make a nice snack later.			Thanks! This will make a nice snack later.
Conversations/Bank/March/Gift Lines/gift_lines/chocolate_high_hearts/init	Is that =Chocolate= for me?			Is that =Chocolate= for me?
Conversations/Bank/March/Gift Lines/gift_lines/chocolate_low_hearts/1	Oh... sure I'll take it. Thanks.			Oh... sure I'll take it. Thanks.
Conversations/Bank/March/Gift Lines/gift_lines/chocolate_low_hearts/init	You're giving me =Chocolate=?			You're giving me =Chocolate=?
Conversations/Bank/March/Gift Lines/gift_lines/coffee_high_hearts/1	Thanks! This will keep me going at the forge.			Thanks! This will keep me going at the forge.
Conversations/Bank/March/Gift Lines/gift_lines/coffee_high_hearts/init	You picked up a cup of =Coffee= for me?			You picked up a cup of =Coffee= for me?
Conversations/Bank/March/Gift Lines/gift_lines/coffee_low_hearts/1	Thanks, this will keep me going at the forge.			Thanks, this will keep me going at the forge.
Conversations/Bank/March/Gift Lines/gift_lines/coffee_low_hearts/init	You... got me a cup of =Coffee=? Huh.			You... got me a cup of =Coffee=? Huh.
Conversations/Bank/March/Gift Lines/gift_lines/copper_ingot_high_hearts/1	Thanks! I can always use more copper.			Thanks! I can always use more copper.
Conversations/Bank/March/Gift Lines/gift_lines/copper_ingot_high_hearts/init	A =Copper Ingot=?			A =Copper Ingot=?
Conversations/Bank/March/Gift Lines/gift_lines/copper_ingot_low_hearts/1	Thanks. I can always use more copper.			Thanks. I can always use more copper.
Conversations/Bank/March/Gift Lines/gift_lines/copper_ingot_low_hearts/init	A =Copper Ingot=?			A =Copper Ingot=?
Conversations/Bank/March/Gift Lines/gift_lines/copper_ore_high_hearts/1	Thanks, [Ari]!			Thanks, [Ari]!
Conversations/Bank/March/Gift Lines/gift_lines/copper_ore_high_hearts/init	I can always make use of more =Copper Ore=.			I can always make use of more =Copper Ore=.
Conversations/Bank/March/Gift Lines/gift_lines/copper_ore_low_hearts/1	Thanks.			Thanks.
Conversations/Bank/March/Gift Lines/gift_lines/copper_ore_low_hearts/init	I can always make use of more =Copper Ore=.			I can always make use of more =Copper Ore=.
Conversations/Bank/March/Gift Lines/gift_lines/disliked_gift/init	Why did you think I'd want this? Why would anyone want this?	Comment tu as pu penser que j'aimerais ? Qui voudrait de ça ?	С чего ты <p>взяли</p><f>взяла</f><m>взял</m><n>взяло</n>, что мне это нужно? Кому вообще это может понадобиться?	Why did you think I'd want this? Why would anyone want this?
Conversations/Bank/March/Gift Lines/gift_lines/disliked_gift_b/init	Huh? Why are you giving this to me?	Euh, pourquoi tu me donnes ça ?	А? Зачем ты это мне даёшь?	Huh? Why are you giving this to me?
Conversations/Bank/March/Gift Lines/gift_lines/dragon_forged_bracelet/1	Uh, thanks.	Merci.	Эм, спасибо.	Uh, thanks.
Conversations/Bank/March/Gift Lines/gift_lines/dragon_forged_bracelet/init	Where'd you find something like this? A =Dragon-Forged Bracelet=... wow. I don't know what to say.	Où as-tu déniché ce =bracelet de forge-dragon= ? Waouh... Je ne sais pas quoi dire.	=Браслет драконьей ковки=... вау. Ты где такое вообще <p>достали</p><f>достала</f><m>достал</m><n>достало</n>? Даже не знаю, что сказать.	Where'd you find something like this? A =Dragon-Forged Bracelet=... wow. I don't know what to say.
Conversations/Bank/March/Gift Lines/gift_lines/dragon_forged_bracelet_b/1	Thanks, [Ari]. I love it!	Merci, [Ari]. C'est tout ce que j'aime !	Спасибо, [Ari]. Мне очень нравится!	Thanks, [Ari]. I love it!
Conversations/Bank/March/Gift Lines/gift_lines/dragon_forged_bracelet_b/init	Where'd you find something like this? A =Dragon-Forged Bracelet=... wow. I don't know what to say.	Où as-tu déniché ce =bracelet de forge-dragon= ? Waouh... Je ne sais pas quoi dire.	Где же ты такое <p>нашли</p><f>нашла</f><m>нашёл</m><n>нашло</n>? =Браслет драконьей ковки=... Ух, даже не знаю, что сказать.	Where'd you find something like this? A =Dragon-Forged Bracelet=... wow. I don't know what to say.
Conversations/Bank/March/Gift Lines/gift_lines/dragon_forged_bracelet_high_hearts/1	Thanks, [Ari]. I love it!			Thanks, [Ari]. I love it!
Conversations/Bank/March/Gift Lines/gift_lines/dragon_forged_bracelet_high_hearts/init	Where'd you find something like this? A =Dragon-Forged Bracelet=... wow. I don't know what to say.			Where'd you find something like this? A =Dragon-Forged Bracelet=... wow. I don't know what to say.
Conversations/Bank/March/Gift Lines/gift_lines/dragon_forged_bracelet_low_hearts/1	Uh, thanks.			Uh, thanks.
Conversations/Bank/March/Gift Lines/gift_lines/dragon_forged_bracelet_low_hearts/init	Where'd you find something like this? A =Dragon-Forged Bracelet=... wow. I don't know what to say.			Where'd you find something like this? A =Dragon-Forged Bracelet=... wow. I don't know what to say.
Conversations/Bank/March/Gift Lines/gift_lines/gold_ingot/1	Th-thanks, [Ari].	M-Merci, [Ari].	С-спасибо, [Ari].	Th-thanks, [Ari].
Conversations/Bank/March/Gift Lines/gift_lines/gold_ingot/init	A =Gold Ingot=? Now this is something I can actually use.	Un =lingot d'or= ? Ça, ça devrait m'être utile.	=Слиток золота=? Ну это мне хотя бы пригодится.	A =Gold Ingot=? Now this is something I can actually use.
Conversations/Bank/March/Gift Lines/gift_lines/gold_ingot_b/1	Thanks, [Ari]. This is great!	Merci [Ari]. C'est magnifique !	Спасибо, [Ari]. Мне нравится!	Thanks, [Ari]. This is great!
Conversations/Bank/March/Gift Lines/gift_lines/gold_ingot_b/init	A =Gold Ingot=?	Un =lingot d'or= ?	=Слиток золота=?	A =Gold Ingot=?
Conversations/Bank/March/Gift Lines/gift_lines/gold_ingot_high_hearts/1	Thanks, [Ari]. This is great!			Thanks, [Ari]. This is great!
Conversations/Bank/March/Gift Lines/gift_lines/gold_ingot_high_hearts/init	A =Gold Ingot=?			A =Gold Ingot=?
Conversations/Bank/March/Gift Lines/gift_lines/gold_ingot_low_hearts/1	Th-thanks, [Ari].			Th-thanks, [Ari].
Conversations/Bank/March/Gift Lines/gift_lines/gold_ingot_low_hearts/init	A =Gold Ingot=? Now this is something I can actually use.			A =Gold Ingot=? Now this is something I can actually use.
Conversations/Bank/March/Gift Lines/gift_lines/gold_ore_high_hearts/1	Thank you, [Ari]. I'll use this for a project later!			Thank you, [Ari]. I'll use this for a project later!
Conversations/Bank/March/Gift Lines/gift_lines/gold_ore_high_hearts/init	=Gold Ore=? For me?			=Gold Ore=? For me?
Conversations/Bank/March/Gift Lines/gift_lines/gold_ore_low_hearts/1	I can always use more... but don't regret giving it to me later!			I can always use more... but don't regret giving it to me later!
Conversations/Bank/March/Gift Lines/gift_lines/gold_ore_low_hearts/init	=Gold Ore=? You're sure?			=Gold Ore=? You're sure?
Conversations/Bank/March/Gift Lines/gift_lines/grilled_eel_rice_bowl_high_hearts/1	You're giving it to me?			You're giving it to me?
Conversations/Bank/March/Gift Lines/gift_lines/grilled_eel_rice_bowl_high_hearts/2	Oh! Thank you, [Ari]!			Oh! Thank you, [Ari]!
Conversations/Bank/March/Gift Lines/gift_lines/grilled_eel_rice_bowl_high_hearts/init	That =Grilled Eel Rice Bowl= looks really good...			That =Grilled Eel Rice Bowl= looks really good...
Conversations/Bank/March/Gift Lines/gift_lines/grilled_eel_rice_bowl_low_hearts/1	You're giving it to me?			You're giving it to me?
Conversations/Bank/March/Gift Lines/gift_lines/grilled_eel_rice_bowl_low_hearts/2	Oh. Thanks.			Oh. Thanks.
Conversations/Bank/March/Gift Lines/gift_lines/grilled_eel_rice_bowl_low_hearts/init	That =Grilled Eel Rice Bowl= looks good...			That =Grilled Eel Rice Bowl= looks good...
Conversations/Bank/March/Gift Lines/gift_lines/hot_cocoa_high_hearts/1	Mmm looks good. Thanks, [Ari]!			Mmm looks good. Thanks, [Ari]!
Conversations/Bank/March/Gift Lines/gift_lines/hot_cocoa_high_hearts/init	=Hot Chocolate=?			=Hot Chocolate=?
Conversations/Bank/March/Gift Lines/gift_lines/hot_cocoa_low_hearts/1	That's... nice of you. Thanks.			That's... nice of you. Thanks.
Conversations/Bank/March/Gift Lines/gift_lines/hot_cocoa_low_hearts/init	=Hot Chocolate=?			=Hot Chocolate=?
Conversations/Bank/March/Gift Lines/gift_lines/iron_ingot_high_hearts/init	Hey, thanks! I can always use more =Iron Ingots=.			Hey, thanks! I can always use more =Iron Ingots=.
Conversations/Bank/March/Gift Lines/gift_lines/iron_ingot_low_hearts/init	Uh, thanks. I can always use more =Iron Ingots=.			Uh, thanks. I can always use more =Iron Ingots=.
Conversations/Bank/March/Gift Lines/gift_lines/iron_ore_high_hearts/init	I always need more =Iron Ore=. Thanks, [Ari]!			I always need more =Iron Ore=. Thanks, [Ari]!
Conversations/Bank/March/Gift Lines/gift_lines/iron_ore_low_hearts/init	As long as the town needs repairs, I'll always need more =Iron Ore=. Thanks.			As long as the town needs repairs, I'll always need more =Iron Ore=. Thanks.
Conversations/Bank/March/Gift Lines/gift_lines/liked_gift/init	I can tell you put some thought into this. Thanks.	Je vois que tu as beaucoup réfléchi à ce que tu pouvais m'offrir. Merci.	Вижу, ты <p>подумали</p><f>подумала</f><m>подумал</m><n>подумало</n> перед тем, как это выбрать. Спасибо.	I can tell you put some thought into this. Thanks.
Conversations/Bank/March/Gift Lines/gift_lines/liked_gift_2/init	Oh. This is... not bad.	Oh. Ça aurait pu être pire.	О. Это... неплохо.	Oh. This is... not bad.
Conversations/Bank/March/Gift Lines/gift_lines/liked_gift_3/init	This is nice. Thanks.	C'est gentil. Merci.	Это хорошо. Спасибо.	This is nice. Thanks.
Conversations/Bank/March/Gift Lines/gift_lines/liked_gift_4/init	This is nice. Thanks.	Merci. C'est gentil.	Это хорошо. Спасибо.	This is nice. Thanks.
Conversations/Bank/March/Gift Lines/gift_lines/liked_gift_edible/1	Well, it does look good...	Eh bien, ça a l'air bon...	Ну... выглядит достойно...	Well, it does look good...
Conversations/Bank/March/Gift Lines/gift_lines/liked_gift_edible/init	What? Are you giving this to me?	Pardon ? C'est pour moi ?	Что? Ты это мне даёшь?	What? Are you giving this to me?
Conversations/Bank/March/Gift Lines/gift_lines/liked_gift_edible_b/1	Thanks, it looks good...	Merci, ça a l'air bon...	Спасибо, выглядит хорошо...	Thanks, it looks good...
Conversations/Bank/March/Gift Lines/gift_lines/liked_gift_edible_b/init	Is this for me?	C'est pour moi ?	Это мне?	Is this for me?
Conversations/Bank/March/Gift Lines/gift_lines/liked_gift_ores/init	Huh, thanks [Ari]. I could turn this into something pretty nice.	Oh, merci [Ari]. Je devrais pouvoir en faire quelque chose de chouette.	Хм, спасибо, [Ari]. Я смогу сделать из этого что-нибудь толковое.	Huh, thanks [Ari]. I could turn this into something pretty nice.
Conversations/Bank/March/Gift Lines/gift_lines/liked_gift_ores_b/init	Thanks [Ari]. This will be useful.	Merci [Ari]. Ça me sera très utile.	Спасибо, [Ari]. Это пригодится.	Thanks [Ari]. This will be useful.
Conversations/Bank/March/Gift Lines/gift_lines/loved_gift/init	Th-Thanks, [Ari].	M-Merci, [Ari].	С-спасибо, [Ari].	Th-Thanks, [Ari].
Conversations/Bank/March/Gift Lines/gift_lines/loved_gift_2/1	I, um. Appreciate it.	Je, euh... Je te remercie.	Я... эм... ценю это.	I, um. Appreciate it.
Conversations/Bank/March/Gift Lines/gift_lines/loved_gift_2/init	Huh. I guess your taste isn't all bad.	Oh. Tu as plutôt bon goût, à ce que je vois.	Хм. Значит, у тебя не так уж плохо со вкусом.	Huh. I guess your taste isn't all bad.
Conversations/Bank/March/Gift Lines/gift_lines/loved_gift_3/1	Well... thanks.	En tout cas, merci.	Ну... спасибо.	Well... thanks.
Conversations/Bank/March/Gift Lines/gift_lines/loved_gift_3/init	Why are you giving me something so thoughtful? Are you expecting something in return?	Pourquoi tu m'offres quelque chose d'aussi génial ? Tu as une idée derrière la tête ou quoi ?	Почему ты даришь мне что-то настолько продуманное? Ты чего-то хочешь взамен?	Why are you giving me something so thoughtful? Are you expecting something in return?
Conversations/Bank/March/Gift Lines/gift_lines/loved_gift_b/init	Wow! Thanks, [Ari].	Waouh ! Merci, [Ari].	Ух ты! Спасибо, [Ari].	Wow! Thanks, [Ari].
Conversations/Bank/March/Gift Lines/gift_lines/loved_gift_ores/1	But thanks, [Ari]. This is really nice.	En tout cas, merci [Ari]. C'est vraiment sympa...	Но спасибо, [Ari]. Это действительно здорово.	But thanks, [Ari]. This is really nice.
Conversations/Bank/March/Gift Lines/gift_lines/loved_gift_ores/init	I guess I'm the only person in town who'd properly appreciate a perfect ore...	Je dois bien être le seul dans cette ville capable d'apprécier un minerai d'une telle qualité...	Кажется, я единственный в городе, кто может по достоинству оценить идеальную руду...	I guess I'm the only person in town who'd properly appreciate a perfect ore...
Conversations/Bank/March/Gift Lines/gift_lines/loved_gift_ores_b/1	Thanks, [Ari]. This is really thoughtful.	Merci [Ari]. C'est très attentionné de ta part.	Спасибо, [Ari]. Очень заботливо с твоей стороны.	Thanks, [Ari]. This is really thoughtful.
Conversations/Bank/March/Gift Lines/gift_lines/loved_gift_ores_b/init	Is this really for me...?	C'est vraiment pour moi...?	Это правда для меня?..	Is this really for me...?
Conversations/Bank/March/Gift Lines/gift_lines/meteorite_high_hearts/1	T-thanks! I love it!			T-thanks! I love it!
Conversations/Bank/March/Gift Lines/gift_lines/meteorite_high_hearts/init	A =Meteorite=? For me?			A =Meteorite=? For me?
Conversations/Bank/March/Gift Lines/gift_lines/meteorite_low_hearts/1	Thank you.			Thank you.
Conversations/Bank/March/Gift Lines/gift_lines/meteorite_low_hearts/init	The grain, the luster... this is a =Meteorite=. You're really giving this to me?			The grain, the luster... this is a =Meteorite=. You're really giving this to me?
Conversations/Bank/March/Gift Lines/gift_lines/mistril_ingot/1	Thank you, [Ari].	Merci, [Ari].	Спасибо, [Ari].	Thank you, [Ari].
Conversations/Bank/March/Gift Lines/gift_lines/mistril_ingot/init	Is this an entire ingot of pure mistril? Wow!	C'est un lingot en mistril pur ? Waouh !	Это целый слиток чистого мистрила?.. Вау!	Is this an entire ingot of pure mistril? Wow!
Conversations/Bank/March/Gift Lines/gift_lines/mistril_ingot_high_hearts/1	The purity of the material, the craftsmanship...			The purity of the material, the craftsmanship...
Conversations/Bank/March/Gift Lines/gift_lines/mistril_ingot_high_hearts/2	Nicely done, [Ari]. I promise I'll make good use of it.			Nicely done, [Ari]. I promise I'll make good use of it.
Conversations/Bank/March/Gift Lines/gift_lines/mistril_ingot_high_hearts/init	Wow, did you make this =Mistril Ingot= yourself?			Wow, did you make this =Mistril Ingot= yourself?
Conversations/Bank/March/Gift Lines/gift_lines/mistril_ingot_low_hearts/1	I... I appreciate it, [Ari].			I... I appreciate it, [Ari].
Conversations/Bank/March/Gift Lines/gift_lines/mistril_ingot_low_hearts/init	Mistril is strong, it lasts forever, and it's just about indestructible.			Mistril is strong, it lasts forever, and it's just about indestructible.
Conversations/Bank/March/Gift Lines/gift_lines/mistril_ore_high_hearts/1	If you're sure, I'll gladly accept! Thank you!			If you're sure, I'll gladly accept! Thank you!
Conversations/Bank/March/Gift Lines/gift_lines/mistril_ore_high_hearts/init	You don't mind giving away your =Mistril Ore=?			You don't mind giving away your =Mistril Ore=?
Conversations/Bank/March/Gift Lines/gift_lines/mistril_ore_low_hearts/1	Well... thanks.			Well... thanks.
Conversations/Bank/March/Gift Lines/gift_lines/mistril_ore_low_hearts/init	You really want to give away =Mistril Ore=?			You really want to give away =Mistril Ore=?
Conversations/Bank/March/Gift Lines/gift_lines/mocha/1	Thanks, [Ari]. You have good taste.	Merci, [Ari]. Tu as bon goût.	Спасибо, [Ari]. У тебя хороший вкус.	Thanks, [Ari]. You have good taste.
Conversations/Bank/March/Gift Lines/gift_lines/mocha/init	Well now, a =Mocha= for me?	C'est pour moi, ce =mocaccino= ?	Что, =мокко= мне?	Well now, a =Mocha= for me?
Conversations/Bank/March/Gift Lines/gift_lines/mocha_b/1	Thanks, [Ari]. You have good taste.	Merci, [Ari]. Tu as très bon goût.	Спасибо, [Ari]. У тебя хороший вкус.	Thanks, [Ari]. You have good taste.
Conversations/Bank/March/Gift Lines/gift_lines/mocha_b/init	Oh? A =Mocha= for me?	Oh ? Un =mocaccino= pour moi ?	Ого, ты <p>принесли</p><f>принесла</f><m>принёс</m><n>принесло</n> мне =мокко=?	Oh? A =Mocha= for me?
Conversations/Bank/March/Gift Lines/gift_lines/mocha_high_hearts/1	Thanks, [Ari]. You have good taste.			Thanks, [Ari]. You have good taste.
Conversations/Bank/March/Gift Lines/gift_lines/mocha_high_hearts/init	Oh? A =Mocha= for me?			Oh? A =Mocha= for me?
Conversations/Bank/March/Gift Lines/gift_lines/mocha_high_hearts_2/1	They're even better mixed together. Thanks, [Ari]!			They're even better mixed together. Thanks, [Ari]!
Conversations/Bank/March/Gift Lines/gift_lines/mocha_high_hearts_2/init	I'm a big fan of =Chocolate= and =Coffee=...			I'm a big fan of =Chocolate= and =Coffee=...
Conversations/Bank/March/Gift Lines/gift_lines/mocha_low_hearts/1	Thanks, [Ari]. You have good taste.			Thanks, [Ari]. You have good taste.
Conversations/Bank/March/Gift Lines/gift_lines/mocha_low_hearts/init	Well now, a =Mocha= for me?			Well now, a =Mocha= for me?
Conversations/Bank/March/Gift Lines/gift_lines/mocha_low_hearts_2/1	So of course I like a =Mocha=. Thanks.			So of course I like a =Mocha=. Thanks.
Conversations/Bank/March/Gift Lines/gift_lines/mocha_low_hearts_2/init	I like =Chocolate=, and I like =Coffee=...			I like =Chocolate=, and I like =Coffee=...
Conversations/Bank/March/Gift Lines/gift_lines/neutral_gift/init	Hm. Thanks.	Mmm. Merci.	Хм. Спасибо.	Hm. Thanks.
Conversations/Bank/March/Gift Lines/gift_lines/neutral_gift_b/init	Thanks.	Merci.	Спасибо.	Thanks.
Conversations/Bank/March/Gift Lines/gift_lines/perch_risotto_high_hearts/1	Just the kind of thing you need after a long day at the forge. Thanks!			Just the kind of thing you need after a long day at the forge. Thanks!
Conversations/Bank/March/Gift Lines/gift_lines/perch_risotto_high_hearts/init	Whoa, this =Perch Risotto= looks nice!			Whoa, this =Perch Risotto= looks nice!
Conversations/Bank/March/Gift Lines/gift_lines/perch_risotto_low_hearts/1	I like this kind of thing after a long day at the forge. Thanks.			I like this kind of thing after a long day at the forge. Thanks.
Conversations/Bank/March/Gift Lines/gift_lines/perch_risotto_low_hearts/init	Whoa, this =Perch Risotto= looks nice.			Whoa, this =Perch Risotto= looks nice.
Conversations/Bank/March/Gift Lines/gift_lines/perfect_copper_ore_high_hearts/1	You're sure?			You're sure?
Conversations/Bank/March/Gift Lines/gift_lines/perfect_copper_ore_high_hearts/2	Thanks, [Ari]. I love it!			Thanks, [Ari]. I love it!
Conversations/Bank/March/Gift Lines/gift_lines/perfect_copper_ore_high_hearts/init	You don't mind parting with this =Perfect Copper Ore=?			You don't mind parting with this =Perfect Copper Ore=?
Conversations/Bank/March/Gift Lines/gift_lines/perfect_copper_ore_low_hearts/1	Uh... thanks.			Uh... thanks.
Conversations/Bank/March/Gift Lines/gift_lines/perfect_copper_ore_low_hearts/init	That reddish-gold sheen... this is =Perfect Copper Ore=! I can make good use of this.			That reddish-gold sheen... this is =Perfect Copper Ore=! I can make good use of this.
Conversations/Bank/March/Gift Lines/gift_lines/perfect_gold_ore_high_hearts/1	I can definitely make something special with this.			I can definitely make something special with this.
Conversations/Bank/March/Gift Lines/gift_lines/perfect_gold_ore_high_hearts/2	Thanks, [Ari]. I appreciate it.			Thanks, [Ari]. I appreciate it.
Conversations/Bank/March/Gift Lines/gift_lines/perfect_gold_ore_high_hearts/init	That brilliant shine... it's a piece of =Perfect Gold Ore=!			That brilliant shine... it's a piece of =Perfect Gold Ore=!
Conversations/Bank/March/Gift Lines/gift_lines/perfect_gold_ore_low_hearts/1	I could make some exceptional pieces with gold this nice.			I could make some exceptional pieces with gold this nice.
Conversations/Bank/March/Gift Lines/gift_lines/perfect_gold_ore_low_hearts/2	Ahem... thanks.			Ahem... thanks.
Conversations/Bank/March/Gift Lines/gift_lines/perfect_gold_ore_low_hearts/init	Only =Perfect Gold Ore= has such a brilliant golden color...			Only =Perfect Gold Ore= has such a brilliant golden color...
Conversations/Bank/March/Gift Lines/gift_lines/perfect_iron_ore_high_hearts/1	Wow, you really are good at tracking down rare materials.			Wow, you really are good at tracking down rare materials.
Conversations/Bank/March/Gift Lines/gift_lines/perfect_iron_ore_high_hearts/2	Thanks for being so generous with them.			Thanks for being so generous with them.
Conversations/Bank/March/Gift Lines/gift_lines/perfect_iron_ore_high_hearts/init	Oh! A piece of =Perfect Iron Ore=?			Oh! A piece of =Perfect Iron Ore=?
Conversations/Bank/March/Gift Lines/gift_lines/perfect_iron_ore_low_hearts/1	Thanks. I'll save this for an important project.			Thanks. I'll save this for an important project.
Conversations/Bank/March/Gift Lines/gift_lines/perfect_iron_ore_low_hearts/init	You're giving me the =Perfect Iron Ore= you found?			You're giving me the =Perfect Iron Ore= you found?
Conversations/Bank/March/Gift Lines/gift_lines/perfect_mistril_ore_high_hearts/1	And you're giving it to me?			And you're giving it to me?
Conversations/Bank/March/Gift Lines/gift_lines/perfect_mistril_ore_high_hearts/2	Wow, thank you, [Ari]! This is amazing!			Wow, thank you, [Ari]! This is amazing!
Conversations/Bank/March/Gift Lines/gift_lines/perfect_mistril_ore_high_hearts/init	You managed to find a piece of =Perfect Mistril Ore=!?			You managed to find a piece of =Perfect Mistril Ore=!?
Conversations/Bank/March/Gift Lines/gift_lines/perfect_mistril_ore_low_hearts/1	W-wow. I'll turn this into something worthy of the metal!			W-wow. I'll turn this into something worthy of the metal!
Conversations/Bank/March/Gift Lines/gift_lines/perfect_mistril_ore_low_hearts/init	What? Is that really =Perfect Mistril Ore=!?			What? Is that really =Perfect Mistril Ore=!?
Conversations/Bank/March/Gift Lines/gift_lines/perfect_silver_ore_high_hearts/1	Thanks, [Ari]. This is really helpful.			Thanks, [Ari]. This is really helpful.
Conversations/Bank/March/Gift Lines/gift_lines/perfect_silver_ore_high_hearts/init	Woah, I was just thinking I could use some =Perfect Silver Ore=!			Woah, I was just thinking I could use some =Perfect Silver Ore=!
Conversations/Bank/March/Gift Lines/gift_lines/perfect_silver_ore_low_hearts/1	Um... thanks, [Ari].			Um... thanks, [Ari].
Conversations/Bank/March/Gift Lines/gift_lines/perfect_silver_ore_low_hearts/init	Woah, I have just the project for this =Perfect Silver Ore=!			Woah, I have just the project for this =Perfect Silver Ore=!
Conversations/Bank/March/Gift Lines/gift_lines/red_snapper_sushi/1	Thanks, [Ari].	Merci, [Ari] !	Спасибо, [Ari].	Thanks, [Ari].
Conversations/Bank/March/Gift Lines/gift_lines/red_snapper_sushi/init	'=Red Snapper Sushi=? And so artfully prepared...	Du =sushi de vivaneau rouge= ? Et très bien préparé, en plus...	=Суши из красного луциана=? И так искусно приготовлены...	'=Red Snapper Sushi=? And so artfully prepared...
Conversations/Bank/March/Gift Lines/gift_lines/red_snapper_sushi_b/1	Thanks, [Ari].	Merci, [Ari].	Спасибо, [Ari].	Thanks, [Ari].
Conversations/Bank/March/Gift Lines/gift_lines/red_snapper_sushi_b/init	=Red Snapper Sushi=? And so artfully prepared...	Des =sushis de vivaneau rouge= ? Et si bien préparés, en plus...	Это =суши из красного луциана=? Да ещё и так аккуратно приготовленные...	=Red Snapper Sushi=? And so artfully prepared...
Conversations/Bank/March/Gift Lines/gift_lines/red_snapper_sushi_high_hearts/1	Thanks, [Ari].			Thanks, [Ari].
Conversations/Bank/March/Gift Lines/gift_lines/red_snapper_sushi_high_hearts/init	=Red Snapper Sushi=? And so artfully prepared...			=Red Snapper Sushi=? And so artfully prepared...
Conversations/Bank/March/Gift Lines/gift_lines/red_snapper_sushi_high_hearts_2/1	Thanks, [Ari]. It looks great.			Thanks, [Ari]. It looks great.
Conversations/Bank/March/Gift Lines/gift_lines/red_snapper_sushi_high_hearts_2/init	Did you make that =Red Snapper Sushi= for me?			Did you make that =Red Snapper Sushi= for me?
Conversations/Bank/March/Gift Lines/gift_lines/red_snapper_sushi_low_hearts/1	Thanks, [Ari].			Thanks, [Ari].
Conversations/Bank/March/Gift Lines/gift_lines/red_snapper_sushi_low_hearts/init	=Red Snapper Sushi=? And so artfully prepared...			=Red Snapper Sushi=? And so artfully prepared...
Conversations/Bank/March/Gift Lines/gift_lines/red_snapper_sushi_low_hearts_2/1	Looks pretty good. Thanks.			Looks pretty good. Thanks.
Conversations/Bank/March/Gift Lines/gift_lines/red_snapper_sushi_low_hearts_2/init	You're... giving me this =Red Snapper Sushi=?			You're... giving me this =Red Snapper Sushi=?
Conversations/Bank/March/Gift Lines/gift_lines/redhead_worm/1	#Worm#?	À tête rouge ?	#Червяк#?	#Worm#?
Conversations/Bank/March/Gift Lines/gift_lines/redhead_worm/2	What exactly are you trying to say here?	Tu veux me faire passer un message ?	Ну и что ты хочешь этим сказать?	What exactly are you trying to say here?
Conversations/Bank/March/Gift Lines/gift_lines/redhead_worm/init	A Redheaded...	Un #lombric#...	Красноголовый...	A Redheaded...
Conversations/Bank/March/Gift Lines/gift_lines/redhead_worm_b/1	#Worm#?	À tête rouge ?	#Дождевик#?	#Worm#?
Conversations/Bank/March/Gift Lines/gift_lines/redhead_worm_b/2	A-are you mad at me, [Ari]?	T-Tu as un message à me faire passer, [Ari] ?	Т-ты что, <p>обиделись</p><f>обиделась</f><m>обиделся</m><n>обиделось</n> на меня, [Ari]?	A-are you mad at me, [Ari]?
Conversations/Bank/March/Gift Lines/gift_lines/redhead_worm_b/init	A Redheaded...	Un #lombric#...	Красноватый...	A Redheaded...
Conversations/Bank/March/Gift Lines/gift_lines/sea_bream_rice_high_hearts/init	Oh, this =Sea Bream Rice= looks good. Thank you!			Oh, this =Sea Bream Rice= looks good. Thank you!
Conversations/Bank/March/Gift Lines/gift_lines/sea_bream_rice_low_hearts/1	Thanks, I do like it...			Thanks, I do like it...
Conversations/Bank/March/Gift Lines/gift_lines/sea_bream_rice_low_hearts/init	Is this =Sea Bream Rice=?			Is this =Sea Bream Rice=?
Conversations/Bank/March/Gift Lines/gift_lines/sesame_tuna_bowl_high_hearts/1	Thanks, [Ari]!			Thanks, [Ari]!
Conversations/Bank/March/Gift Lines/gift_lines/sesame_tuna_bowl_high_hearts/init	I was just thinking I could go for a  =Sesame Tuna Bowl=...			I was just thinking I could go for a  =Sesame Tuna Bowl=...
Conversations/Bank/March/Gift Lines/gift_lines/sesame_tuna_bowl_low_hearts/1	How much do you want for it?			How much do you want for it?
Conversations/Bank/March/Gift Lines/gift_lines/sesame_tuna_bowl_low_hearts/2	Oh, it's a gift? That's... nice of you.			Oh, it's a gift? That's... nice of you.
Conversations/Bank/March/Gift Lines/gift_lines/sesame_tuna_bowl_low_hearts/init	A =Sesame Tuna Bowl=?			A =Sesame Tuna Bowl=?
Conversations/Bank/March/Gift Lines/gift_lines/silver_ingot_high_hearts/init	A =Silver Ingot=? Yeah, I can definitely use this. Thanks!			A =Silver Ingot=? Yeah, I can definitely use this. Thanks!
Conversations/Bank/March/Gift Lines/gift_lines/silver_ingot_low_hearts/init	A =Silver Ingot=? Yeah, I can definitely use this. Thanks.			A =Silver Ingot=? Yeah, I can definitely use this. Thanks.
Conversations/Bank/March/Gift Lines/gift_lines/silver_ore_high_hearts/1	This should come in handy... thanks.			This should come in handy... thanks.
Conversations/Bank/March/Gift Lines/gift_lines/silver_ore_high_hearts/init	It's helpful to have a supply of =Silver Ore= around...			It's helpful to have a supply of =Silver Ore= around...
Conversations/Bank/March/Gift Lines/gift_lines/silver_ore_low_hearts/1	I'll definitely do something with this... thanks.			I'll definitely do something with this... thanks.
Conversations/Bank/March/Gift Lines/gift_lines/silver_ore_low_hearts/init	It's helpful to have a supply of =Silver Ore= around...			It's helpful to have a supply of =Silver Ore= around...
Conversations/Bank/March/Gift Lines/gift_lines/spicy_crab_sushi_high_hearts/1	Thanks.			Thanks.
Conversations/Bank/March/Gift Lines/gift_lines/spicy_crab_sushi_high_hearts/init	I'm going to save this =Spicy Crab Sushi= for later.			I'm going to save this =Spicy Crab Sushi= for later.
Conversations/Bank/March/Gift Lines/gift_lines/spicy_crab_sushi_low_hearts/1	Thanks.			Thanks.
Conversations/Bank/March/Gift Lines/gift_lines/spicy_crab_sushi_low_hearts/init	I'm going to save this =Spicy Crab Sushi= for later.			I'm going to save this =Spicy Crab Sushi= for later.
Conversations/Bank/March/Gift Lines/gift_lines/sushi_platter_high_hearts/1	A =Sushi Platter= is just what I needed! How did you know, [Ari]?			A =Sushi Platter= is just what I needed! How did you know, [Ari]?
Conversations/Bank/March/Gift Lines/gift_lines/sushi_platter_high_hearts/init	Working at the forge really builds up an appetite...			Working at the forge really builds up an appetite...
Conversations/Bank/March/Gift Lines/gift_lines/sushi_platter_low_hearts/1	Thanks for this, [Ari].			Thanks for this, [Ari].
Conversations/Bank/March/Gift Lines/gift_lines/sushi_platter_low_hearts/init	Preparing a really good =Sushi Platter= takes skill and attention to detail. I really respect that.			Preparing a really good =Sushi Platter= takes skill and attention to detail. I really respect that.
Conversations/Bank/March/Market Lines/market_darcy_1/market_darcy_1/init	My signature drink? =Hot Chocolate=, extra marshmallows... What?	Ma boisson préférée ? Le =chocolat chaud= avec plein de guimauve... Ben quoi ?	Мой любимый напиток? =Горячий шоколад=, с дополнительными маршмеллоу... Что?	My signature drink? =Hot Chocolate=, extra marshmallows... What?
Conversations/Bank/March/Market Lines/market_darcy_2/market_darcy_2/init	Olric likes putting butter in his coffee, but I think chocolate just works better.	Olric adore mettre du beurre dans son café. Moi, je préfère le chocolat.	Ольрику нравится масло в кофе, но, по-моему, шоколад — куда лучше.	Olric likes putting butter in his coffee, but I think chocolate just works better.
Conversations/Bank/March/Market Lines/market_darcy_3/market_darcy_3/init	The sophisticated blend of chocolates that Darcy uses in her =Hot Chocolate= isn't something everyone can appreciate, [Ari].	Tout le monde n'est pas en mesure d'apprécier le mélange subtil de cacaos que Darcy utilise pour son =chocolat chaud=, [Ari].	Сложный шоколадный купаж, который Дарси использует в своём =горячем шоколаде=, по вкусу не каждому, [Ari].	The sophisticated blend of chocolates that Darcy uses in her =Hot Chocolate= isn't something everyone can appreciate, [Ari].
Conversations/Bank/March/Market Lines/market_darcy_4/market_darcy_4/init	Maybe it's because I work a forge all day, but I like hot drinks year round, even at the height of summer.	Je préfère les boissons chaudes, même en plein été. C'est peut-être parce que je passe mes journées dans la chaleur de la forge.	Может, потому что я весь день у горна, но мне нравятся горячие напитки в любой сезон — даже в разгар лета.	Maybe it's because I work a forge all day, but I like hot drinks year round, even at the height of summer.
Conversations/Bank/March/Market Lines/market_louis_1/market_louis_1/init	Louis is skilled with all kinds of materials. I wonder if he'd be up for a collaboration...	Louis connaît tous les types de matériaux. Je me demande si ça l'intéresserait qu'on travaille ensemble...	Луи умеет работать с любыми материалами. Интересно, согласится ли он на совместную работу...	Louis is skilled with all kinds of materials. I wonder if he'd be up for a collaboration...
Conversations/Bank/March/Market Lines/market_louis_2/market_louis_2/init	Louis does repairs, too... he always patches my work apron when it gets singed.	Louis fait aussi des réparations. Il raccommode souvent mon tablier s'il est trop roussi.	Луи ещё и ремонтирует... всегда подшивает мой фартук, когда я его подпаливаю.	Louis does repairs, too... he always patches my work apron when it gets singed.
Conversations/Bank/March/Market Lines/market_louis_3/market_louis_3/init	Louis understands that I need clothes that are durable. He's reliable that way.	Louis sait que j'ai besoin de vêtements résistants. On peut vraiment compter sur son expertise.	Луи понимает, что мне нужна прочная одежда. Он — надёжный человек.	Louis understands that I need clothes that are durable. He's reliable that way.
Conversations/Bank/March/Market Lines/market_louis_4/market_louis_4/init	I admire Louis... he's been through a lot, but it hasn't dimmed his passion.	J'ai beaucoup d'estime pour Louis. Il a connu des coups durs, mais cela n'a pas entamé sa passion pour son métier.	Я уважаю Луи... он многое пережил, но его страсть не угасла.	I admire Louis... he's been through a lot, but it hasn't dimmed his passion.
Conversations/Bank/March/Market Lines/market_merri_1/market_merri_1/init	Ryis was saying my room is too plain and I should get some furniture from Merri...	Ryis m'a dit que ma chambre était trop quelconque et que je devais me meubler chez Merri...	Риз говорит, что в моей комнате пусто и надо взять мебель у Мэрри...	Ryis was saying my room is too plain and I should get some furniture from Merri...
Conversations/Bank/March/Market Lines/market_merri_2/market_merri_2/init	Refurbishing furniture is interesting, isn't it? With metal, if something isn't working out, I can melt it down and start again...	C'est intéressant de restaurer des meubles, non ? Avec du métal, si quelque chose ne va pas, je peux le refondre et recommencer...	Реставрация мебели — интересное дело, да? С металлом, если что-то пошло не так — просто переплавляешь и начинаешь заново...	Refurbishing furniture is interesting, isn't it? With metal, if something isn't working out, I can melt it down and start again...
Conversations/Bank/March/Market Lines/market_merri_3/market_merri_3/init	If you like something, don't dither about it. Merri's stock sells out quick.	Si quelque chose te plaît, n'hésite pas. Les pièces de Merri partent vite...	Если что-то нравится — не тяни. У Мэрри всё быстро раскупают.	If you like something, don't dither about it. Merri's stock sells out quick.
Conversations/Bank/March/Market Lines/market_merri_4/market_merri_4/init	Olric really gets along with Merri... he always helps her set up.	Olric s'entend très bien avec Merri. Il l'aide toujours à installer son stand.	Ольрик отлично ладит с Мэрри... всегда помогает ей всё расставить.	Olric really gets along with Merri... he always helps her set up.
Conversations/Bank/March/Market Lines/market_stillwell_1/market_stillwell_1/init	Do you think I should get one of Stillwell's fortunes...?			Do you think I should get one of Stillwell's fortunes...?
Conversations/Bank/March/Market Lines/market_stillwell_2/market_stillwell_2/init	"""A great love awaits, if you can lower your defenses."" THAT'S my love fortune? Is Stillwell calling me defensive?"			"""A great love awaits, if you can lower your defenses."" THAT'S my love fortune? Is Stillwell calling me defensive?"
Conversations/Bank/March/Market Lines/market_stillwell_3/market_stillwell_3/init	I'm not saying I got a love fortune from Stillwell... but if someone did...			I'm not saying I got a love fortune from Stillwell... but if someone did...
Conversations/Bank/March/Market Lines/market_stillwell_3/market_stillwell_3/init$_sequence_entry_1$	... Sparks would be good in that context, right? Because sparks are awesome?			... Sparks would be good in that context, right? Because sparks are awesome?
Conversations/Bank/March/Market Lines/market_stillwell_4/market_stillwell_4/init	Don't try to bribe Stillwell into giving you a better fortune, it won't change anything.			Don't try to bribe Stillwell into giving you a better fortune, it won't change anything.
Conversations/Bank/March/Market Lines/market_taliferro/market_taliferro_1/1	He doesn't understand the vision, [Ari]!	Il ne comprend pas ma vision, [Ari] !	Он не понимает концепцию, [Ari]!	He doesn't understand the vision, [Ari]!
Conversations/Bank/March/Market Lines/market_taliferro/market_taliferro_1/init	As a culinary judge, Taliferro simply doesn't appreciate my innovative use of red food dye.	En tant qu'expert culinaire, Taliferro ne sait pas apprécier mon utilisation innovante du colorant rouge.	Как кулинарный критик Талиферро ужасно недооценивает моё иновационное применение красного красителя.	As a culinary judge, Taliferro simply doesn't appreciate my innovative use of red food dye.
Conversations/Bank/March/Market Lines/market_taliferro/market_taliferro_2/1	What's the point of being rude to someone you've only just met?	Pourquoi est-ce qu'il parle mal à tous les gens qu'il rencontre ?	Зачем так грубить человеку, которого впервые видишь?	What's the point of being rude to someone you've only just met?
Conversations/Bank/March/Market Lines/market_taliferro/market_taliferro_2/init	What's Taliferro's problem?	C'est quoi son problème à Taliferro ?	Что с Талиферро не так?	What's Taliferro's problem?
Conversations/Bank/March/Market Lines/market_taliferro/market_taliferro_3/1	Next time I'm going to challenge him to a blacksmithing contest and make fun of whatever he makes!	La prochaine fois, je le défierai à une épreuve de forge et je me moquerai de tout ce qu'il fabriquera !	В следующий раз я его приглашу на кузнечный конкурс и буду высмеивать всё, что он сделает!	Next time I'm going to challenge him to a blacksmithing contest and make fun of whatever he makes!
Conversations/Bank/March/Market Lines/market_taliferro/market_taliferro_3/init	Taliferro completely rejected my latest creation for his $Cooking Challenge$!	Taliferro a détesté ma dernière création pour son $défi gastronomique$ !	Талиферро на последнем $смотре блюд$ напрочь отверг моё творение!	Taliferro completely rejected my latest creation for his $Cooking Challenge$!
Conversations/Bank/March/Market Lines/market_taliferro/market_taliferro_4/1	I have to become a world-class, award-winning chef and wipe that smirk off Taliferro's face!	C'est que j'ai bien envie de devenir un grand chef pour faire ravaler son sourire à Taliferro !	Я обязан стать первоклассным шефом мирового уровня и утереть нос этому Талиферро!	I have to become a world-class, award-winning chef and wipe that smirk off Taliferro's face!
Conversations/Bank/March/Market Lines/market_taliferro/market_taliferro_4/init	Entering these $Cooking Challenges$ has taught me one thing...	Si je dois retenir une chose de ces $défis gastronomiques$...	Из этих $смотров блюд$ я вынес только одно...	Entering these $Cooking Challenges$ has taught me one thing...
Conversations/Bank/March/Market Lines/market_vera_1/market_vera_1/init	I trust Vera to dye my hair... she knows red's my color.	C'est toujours Vera qui s'occupe de ma teinture... Elle sait que le rouge est ma couleur de prédilection.	Покраску своих волос я доверяю Вере... она знает, что красный — это моё.	I trust Vera to dye my hair... she knows red's my color.
Conversations/Bank/March/Market Lines/market_vera_2/market_vera_2/init	Vera is skilled with her craft. I respect that.	Vera connaît très bien son métier. C'est quelque chose que je respecte.	Вера — настоящая мастерица своего дела. За это я её уважаю.	Vera is skilled with her craft. I respect that.
Conversations/Bank/March/Market Lines/market_vera_3/market_vera_3/init	Going to have Vera do something about your hair?	Tu vas demander à Vera de s'occuper de tes cheveux ?	Хочешь, чтобы Вера что-то сделала с твоими волосами?	Going to have Vera do something about your hair?
Conversations/Bank/March/Market Lines/market_vera_4/market_vera_4/1	I guess I'll have Vera touch them up.	Je vais demander à Vera de faire quelque chose.	Наверное, попрошу Веру подкрасить.	I guess I'll have Vera touch them up.
Conversations/Bank/March/Market Lines/market_vera_4/market_vera_4/init	Ugh, Olric said my roots are showing...	Oh, Olric m'a dit qu'on voyait mes racines...	Уф, Ольрик сказал, что у меня корни отросли...	Ugh, Olric said my roots are showing...
Conversations/Bank/March/Market Lines/market_wheedle_1/market_wheedle_1/1	I bet they'd make any weapon I forged look even cooler.	Je parie qu'avec ça, les armes que j'ai forgées seraient encore plus chouettes.	Оружие, которое я кую, с ним наверняка заблестит ещё круче.	I bet they'd make any weapon I forged look even cooler.
Conversations/Bank/March/Market Lines/market_wheedle_1/market_wheedle_1/init	Wheedle's $Snake Oil$ looks pretty flashy, huh...	L'$huile de couleuvre$ de Wheedle a l'air d'en jeter...	Хм, $змеиное масло$ в лавке Хлюста выглядит весьма эффектно...	Wheedle's $Snake Oil$ looks pretty flashy, huh...
Conversations/Bank/March/Market Lines/market_wheedle_2/market_wheedle_2/1	Someone with an eye for quality can't be all bad.	Une personne qui a l'œil pour la qualité ne peut pas être quelqu'un de mauvais.	Видно, человек разбирается в качестве. Может, не так он и плох.	Someone with an eye for quality can't be all bad.
Conversations/Bank/March/Market Lines/market_wheedle_2/market_wheedle_2/init	Wheedle was just saying that my perfect weapons would be the ultimate match for his humble $Snake Oil$...	Wheedle disait justement que mes armes exceptionnelles iraient parfaitement avec sa modeste $huile de couleuvre$...	Хлюст недавно сказал, что к моему превосходному оружию прекрасно подойдёт его скромное $змеиное масло$...	Wheedle was just saying that my perfect weapons would be the ultimate match for his humble $Snake Oil$...
Conversations/Bank/March/Market Lines/market_wheedle_3/market_wheedle_3/1	He says he wouldn't offer it to just anyone, but I'm a highly skilled blacksmith so he'll make an exception...	Il n'en parlerait pas au premier venu, mais comme je suis un forgeron de grand talent, il m'a proposé de faire une exception...	Сказал, что не предложил бы кому попало, но для такого искусного кузнеца, как я, может сделать исключение...	He says he wouldn't offer it to just anyone, but I'm a highly skilled blacksmith so he'll make an exception...
Conversations/Bank/March/Market Lines/market_wheedle_3/market_wheedle_3/init	Wheedle says he has a distributor for special blacksmithing equipment.	Wheedle dit qu'il connaît un revendeur de très bons outils de forge.	Хлюст говорит, что у него есть доверенный поставщик особых кузнечных инструментов.	Wheedle says he has a distributor for special blacksmithing equipment.
Conversations/Bank/March/Market Lines/market_wheedle_4/market_wheedle_4/1	But when I told him it was a chunk of iron ore, he totally backpedalled.	Quand je lui ai dit que c'était juste du minerai de fer, il a fait marche arrière.	Но когда я ему сказал, что это просто кусок железной руды, сразу дал задний ход.	But when I told him it was a chunk of iron ore, he totally backpedalled.
Conversations/Bank/March/Market Lines/market_wheedle_4/market_wheedle_4/init	Wheedle said he wanted to sell me a special rare ore called Gulliblethril...	Wheedle a dit qu'il comptait me proposer un minerai unique appelé de l'« ânuminium »...	Хлюст хотел продать мне какую-то необыкновенную руду под названием простофилл...	Wheedle said he wanted to sell me a special rare ore called Gulliblethril...
Conversations/Bank/March/Market Lines/market_zorel_1/market_zorel_1/1	Although she probably wouldn't be a fan of all the hammering.	Même si elle ne serait sans doute pas ravie d'entendre tous mes coups de marteau.	Хотя она, наверное, не оценит мои удары молотом на фоне.	Although she probably wouldn't be a fan of all the hammering.
Conversations/Bank/March/Market Lines/market_zorel_1/market_zorel_1/init	It's kind of a shame I don't work on Saturdays, the music coming from Zorel's booth would be nice.	C'est un peu dommage que je ne travaille pas les samedis, ce serait agréable de profiter de la musique qui sort du stand de Zorel.	Хорошо бы поработать под музыку из лавки Зорель. Даже жаль, что в субботу у меня выходной.	It's kind of a shame I don't work on Saturdays, the music coming from Zorel's booth would be nice.
Conversations/Bank/March/Museum Lines/armored_bass/armored_bass/1	I think it gave me a lead on a new style of interlocking armor.	Et ça m'a donné une idée pour un nouveau type de cotte de mailles.	Думаю, он подсказал мне идею нового сцепления доспехов.	I think it gave me a lead on a new style of interlocking armor.
Conversations/Bank/March/Museum Lines/armored_bass/armored_bass/init	I spent a while at the Museum, checking out that $Armored Bass$ you fished up.	Au musée, je me suis arrêté pas mal de temps devant ce $bar malabar$ que tu as pêché.	Я провёл весь день в музее, рассматривал $бронированного окуня$, которого ты <p>выловили</p><f>выловила</f><m>выловил</m><n>выловило</n>.	I spent a while at the Museum, checking out that $Armored Bass$ you fished up.
Conversations/Bank/March/Museum Lines/caldosian_breastplate/caldosian_breastplate/1	The silver filigree is nice, but eh... I could do better.	Le filigrane d'argent n'est pas mal, mais... je pourrais faire mieux.	Серебряная филигрань, конечно, неплоха, но... Я бы сделал лучше.	The silver filigree is nice, but eh... I could do better.
Conversations/Bank/March/Museum Lines/caldosian_breastplate/caldosian_breastplate/init	Errol asked me to take a look at that $Caldosian Breastplate$ you brought in, [Ari].	Errol m'a demandé de jeter un coup d'œil au $plastron caldosien$ que tu as apporté au musée, [Ari].	Эррол попросил меня взглянуть на эту $кальдосийскую кирасу$, которую ты <p>притащили</p><f>притащила</f><m>притащил</m><n>притащило</n>, [Ari].	Errol asked me to take a look at that $Caldosian Breastplate$ you brought in, [Ari].
Conversations/Bank/March/Museum Lines/copper_rockfish/copper_rockfish/1	Those scales look just like ore. Pretty nice.	Ses écailles ressemblent à du minerai. C'est assez joli.	У него чешуя с виду — прямо как руда. Выглядит круто.	Those scales look just like ore. Pretty nice.
Conversations/Bank/March/Museum Lines/copper_rockfish/copper_rockfish/init	I like the look of that $Copper Rockfish$ at the Museum...	J'aime bien l'aspect de la $rascasse cuivrée$, au musée...	Мне в музее понравился $медный окунь$...	I like the look of that $Copper Rockfish$ at the Museum...
Conversations/Bank/March/Museum Lines/fire_crystal/fire_crystal/1	How hot does it get? Maybe I'll toss a couple in the forge.	Jusqu'à quelle température monte-t-il ? Je pourrais en mettre quelques-uns dans la forge.	Насколько сильно он нагревается? Может, закинуть парочку к нам в печь.	How hot does it get? Maybe I'll toss a couple in the forge.
Conversations/Bank/March/Museum Lines/fire_crystal/fire_crystal/init	I saw that $Fire Crystal$ at the Museum, and it got me thinking...	J'ai vu le $cristal de feu$ au musée, et ça m'a fait réfléchir...	Я увидел в музее $огненный кристалл$ и задумался...	I saw that $Fire Crystal$ at the Museum, and it got me thinking...
Conversations/Bank/March/Museum Lines/golden_eel/golden_eel/1	It's like looking at liquid gold. I've never seen anything like it.	C'est comme regarder de l'or liquide. Je n'avais jamais rien vu de pareil.	Он похож как жидкое золото. Я ещё не видел ничего подобного.	It's like looking at liquid gold. I've never seen anything like it.
Conversations/Bank/March/Museum Lines/golden_eel/golden_eel/init	That $Golden Eel$ over at the Museum... that caught me by surprise.	Cette $anguille dorée$, au musée... elle m'a surpris.	$Золотой угорь$ в музее меня удивил...	That $Golden Eel$ over at the Museum... that caught me by surprise.
Conversations/Bank/March/Museum Lines/lost_crown_of_aldaria/lost_crown_of_aldaria/1	The metal knotwork has always been a benchmark to aspire to, and it's even more breathtaking in person.	Les entrelacs de métal sont une véritable source d'inspiration. Ils sont encore plus époustouflants quand on les voit en vrai.	Металлический узор всегда был эталоном, к которому стремятся, а вживую — это вообще нечто.	The metal knotwork has always been a benchmark to aspire to, and it's even more breathtaking in person.
Conversations/Bank/March/Museum Lines/lost_crown_of_aldaria/lost_crown_of_aldaria/2	Just beautiful.	Elle est magnifique.	Просто великолепно.	Just beautiful.
Conversations/Bank/March/Museum Lines/lost_crown_of_aldaria/lost_crown_of_aldaria/init	The $Lost Crown of Aldaria$ is a legend among smiths the world over.	Les forgerons du monde entier connaissent la $couronne perdue d'Aldaria$.	$Утерянная альдарийская корона$ — настоящая легенда среди кузнецов.	The $Lost Crown of Aldaria$ is a legend among smiths the world over.
Conversations/Bank/March/Museum Lines/magma_beetle/magma_beetle/1	I guess some people need it.	J'imagine que certaines personnes ont besoin de ça.	Некоторым, видимо, без этого никак.	I guess some people need it.
Conversations/Bank/March/Museum Lines/magma_beetle/magma_beetle/init	Amongst the superstitious, seeing a $Magma Beetle$ is considered good luck.	Les gens superstitieux disent que voir un $scarabée ardent$ porte chance.	Суеверные считают, что увидеть $лавового жука$ — к удаче.	Amongst the superstitious, seeing a $Magma Beetle$ is considered good luck.
Conversations/Bank/March/Museum Lines/meteorite/meteorite/1	What I wouldn't give to melt it down and make it into something.	Qu'est-ce que je ne donnerais pas pour la fondre et forger quelque chose avec ?!	Отдал бы многое, чтобы переплавить его и сделать из него что-нибудь.	What I wouldn't give to melt it down and make it into something.
Conversations/Bank/March/Museum Lines/meteorite/meteorite/2	Eiland and Errol would run me out of town, but it might be worth it.	Eiland et Errol me chasseraient sûrement de la ville, mais ça vaudrait peut-être le coup.	Эйланд с Эрролом бы меня из города выгнали, но, может, оно того стоит.	Eiland and Errol would run me out of town, but it might be worth it.
Conversations/Bank/March/Museum Lines/meteorite/meteorite/init	There's a real =Meteorite= at the Museum.	Il y a une vraie =météorite= au musée.	В музее есть настоящий =метеорит=.	There's a real =Meteorite= at the Museum.
Conversations/Bank/March/Museum Lines/perfect_copper_ore/perfect_copper_ore/init	I'm a little torn about that =Perfect Copper Ore= in the Museum. Nice that people can appreciate it, but a chunk that size would make a handsome set of bracelets.	Tu vois cet échantillon de =minerai de cuivre pur= au musée ? C'est sympa que les gens puissent l'admirer, mais je me dis qu'avec ça, je pourrais fabriquer une paire de jolis bracelets.	Я не знаю, как относиться к этой =идеальной медной руде= в музее. Хорошо, конечно, что люди могут посмотреть. Но из такого куска вышел бы отличный комплект браслетов.	I'm a little torn about that =Perfect Copper Ore= in the Museum. Nice that people can appreciate it, but a chunk that size would make a handsome set of bracelets.
Conversations/Bank/March/Museum Lines/perfect_iron_ore/perfect_iron_ore/1	It was you? I see...	Ah, c'est toi ? Je vois...	Ты? Понятно...	It was you? I see...
Conversations/Bank/March/Museum Lines/perfect_iron_ore/perfect_iron_ore/init	That =Perfect Iron Ore= at the Museum is pretty nice. Who donated it, anyway?	Cet échantillon de =minerai de fer pur= au musée est très joli. Qui en a fait don d'ailleurs ?	Эта =идеальная железная руда= в музее довольно хороша. Интересно, кто её пожертвовал?	That =Perfect Iron Ore= at the Museum is pretty nice. Who donated it, anyway?
Conversations/Bank/March/Museum Lines/perfect_silver_ore/perfect_silver_ore/init	I saw that =Perfect Silver Ore= on display at the Museum. Nice find.	J'ai remarqué cet échantillon de =minerai d'argent pur= exposé au musée. Belle trouvaille.	Я видел, что в музее выставлена =идеальная серебряная руда=. Неплохая находка.	I saw that =Perfect Silver Ore= on display at the Museum. Nice find.
Conversations/Bank/March/Museum Lines/worm/worm/1	This town's gone crazy since you arrived.	La ville marche sur la tête depuis ton arrivée.	Этот город просто спятил, когда ты <p>появились</p><f>появилась</f><m>появился</m><n>появилось</n>.	This town's gone crazy since you arrived.
Conversations/Bank/March/Museum Lines/worm/worm/init	Let me get this straight, [Ari]. You gave a $Worm$ to the Museum? And Errol took it? And now it's on display?	Que je comprenne bien, [Ari]... Tu as offert un $ver de terre$ au musée ? Errol l'a accepté ? Il est exposé maintenant ?	Просто на всякий случай уточню, [Ari]. Это ты <p>пожертвовали</p><f>пожертвовала</f><m>пожертвовал</m><n>пожертвовало</n> музею $червяка$? И Эррол это принял? И теперь он — часть выставки?	Let me get this straight, [Ari]. You gave a $Worm$ to the Museum? And Errol took it? And now it's on display?
Conversations/Bank/March/Relationship Lines/Basement/relationship_basement/march_best_friend_basement_1/init	Nice to see you, [Ari].	Ça me fait plaisir de te voir, [Ari].	Рад тебя видеть, [Ari].	Nice to see you, [Ari].
Conversations/Bank/March/Relationship Lines/Basement/relationship_basement/march_best_friend_basement_2/1	You're not bothering me if you want to talk while I'm working.	Si tu veux venir discuter pendant que je travaille, tu ne me déranges pas.	Ты мне не помешаешь, если захочешь поговорить со мной, пока я работаю.	You're not bothering me if you want to talk while I'm working.
Conversations/Bank/March/Relationship Lines/Basement/relationship_basement/march_best_friend_basement_2/init	Just so you know...	Sache juste que...	Хочу, чтобы ты <p>знали</p><f>знала</f><m>знал</m><n>знало</n>...	Just so you know...
Conversations/Bank/March/Relationship Lines/Basement/relationship_basement/march_best_friend_basement_3/init	Good morning, [Ari].	Bonjour, [Ari].	Доброе утро, [Ari].	Good morning, [Ari].
Conversations/Bank/March/Relationship Lines/Basement/relationship_basement/march_best_friend_basement_4/init	Find any interesting ores in the Mines, lately?	Tu as trouvé des métaux intéressants dans la mine, ces temps-ci ?	<p>Накопали</p><f>Накопала</f><m>Накопал</m><n>Накопало</n> в шахтах какой-нибудь интересной руды?	Find any interesting ores in the Mines, lately?
Conversations/Bank/March/Relationship Lines/Basement/relationship_basement/march_best_friend_basement_5/1	Could be fun.	On s'amuserait bien.	Будет весело.	Could be fun.
Conversations/Bank/March/Relationship Lines/Basement/relationship_basement/march_best_friend_basement_5/init	Maybe sometime we could work on another project together.	On pourrait travailler à un autre projet ensemble, un de ces quatre.	Может, как-нибудь возьмём с тобой ещё один проект.	Maybe sometime we could work on another project together.
Conversations/Bank/March/Relationship Lines/Basement/relationship_basement/march_best_friend_basement_6/1	I've got some time to chat, if you want.	J'ai le temps de discuter, si tu en as envie.	У меня есть минутка поговорить, если хочешь.	I've got some time to chat, if you want.
Conversations/Bank/March/Relationship Lines/Basement/relationship_basement/march_best_friend_basement_6/init	What are you up to, [Ari]?	Qu'est-ce que tu fais de beau [Ari] ?	Чем занимаешься, [Ari]?	What are you up to, [Ari]?
Conversations/Bank/March/Relationship Lines/Basement/relationship_basement/march_best_friend_basement_7/init	Hey, [Ari]. Did you have a good day?	Hé, [Ari]. Tu as passé une bonne journée ?	Привет, [Ari]. Как твой день сегодня?	Hey, [Ari]. Did you have a good day?
Conversations/Bank/March/Relationship Lines/Basement/relationship_basement/march_best_friend_basement_8/init	[Ari], good evening.	[Ari], bonsoir.	[Ari], добрый вечер.	[Ari], good evening.
Conversations/Bank/March/Relationship Lines/Basement/relationship_basement/march_best_friend_basement_9/init	We should plan to hang out sometime soon.	On devrait faire quelque chose ensemble un de ces jours.	Давай погуляем вместе как-нибудь на днях.	We should plan to hang out sometime soon.
Conversations/Bank/March/Relationship Lines/Basement/relationship_basement/march_romantic_basement_1/1	What's up?	Quoi de neuf ?	Как дела?	What's up?
Conversations/Bank/March/Relationship Lines/Basement/relationship_basement/march_romantic_basement_1/init	[Ari]!	[Ari] !	[Ari]!	[Ari]!
Conversations/Bank/March/Relationship Lines/Basement/relationship_basement/march_romantic_basement_2/1	You're not bothering me if you want to talk while I'm working.	Si tu veux venir discuter pendant que je travaille, tu ne me déranges pas.	Ты мне не помешаешь, если захочешь поговорить со мной, пока я работаю.	You're not bothering me if you want to talk while I'm working.
Conversations/Bank/March/Relationship Lines/Basement/relationship_basement/march_romantic_basement_2/init	Just so you know...	Sache juste que...	Хочу, чтобы ты <p>знали</p><f>знала</f><m>знал</m><n>знало</n>...	Just so you know...
Conversations/Bank/March/Relationship Lines/Basement/relationship_basement/march_romantic_basement_3/init	Good morning.	Bonjour.	Доброе утро.	Good morning.
Conversations/Bank/March/Relationship Lines/Basement/relationship_basement/march_romantic_basement_4/1	I just wanted you to know... you're looking really... nice today.	Je tenais juste à te dire que... tu es vraiment... magnifique, aujourd'hui.	Просто хочу сказать... Ты сегодня выглядишь... Особенно красиво.	I just wanted you to know... you're looking really... nice today.
Conversations/Bank/March/Relationship Lines/Basement/relationship_basement/march_romantic_basement_4/init	H-hey.	S-Salut.	С-слушай.	H-hey.
Conversations/Bank/March/Relationship Lines/Basement/relationship_basement/march_romantic_basement_5/1	Could be fun.	On s'amuserait bien.	Будет весело.	Could be fun.
Conversations/Bank/March/Relationship Lines/Basement/relationship_basement/march_romantic_basement_5/init	Maybe sometime we could work on another project together.	On pourrait travailler à un autre projet ensemble, un de ces quatre.	Может, как-нибудь возьмём с тобой ещё один проект.	Maybe sometime we could work on another project together.
Conversations/Bank/March/Relationship Lines/Basement/relationship_basement/march_romantic_basement_6/1	I've got some time to chat, if you want.	J'ai le temps de discuter, si tu en as envie.	У меня есть минутка поговорить, если хочешь.	I've got some time to chat, if you want.
Conversations/Bank/March/Relationship Lines/Basement/relationship_basement/march_romantic_basement_6/init	What are you up to, [Ari]?	Qu'est-ce que tu fais de beau [Ari] ?	Чем занимаешься, [Ari]?	What are you up to, [Ari]?
Conversations/Bank/March/Relationship Lines/Basement/relationship_basement/march_romantic_basement_7/init	Hey, [Ari]. Did you have a good day?	Hé, [Ari]. Tu as passé une bonne journée ?	Привет, [Ari]. Как твой день сегодня?	Hey, [Ari]. Did you have a good day?
Conversations/Bank/March/Relationship Lines/Basement/relationship_basement/march_romantic_basement_8/init	[Ari], good evening.	[Ari], bonsoir.	[Ari], добрый вечер.	[Ari], good evening.
Conversations/Bank/March/Relationship Lines/Basement/relationship_basement/march_romantic_basement_9/1	I mean, if you want.	Enfin, si tu en as envie.	Если хочешь, конечно.	I mean, if you want.
Conversations/Bank/March/Relationship Lines/Basement/relationship_basement/march_romantic_basement_9/init	We should plan to go on a date sometime soon.	On devrait s'organiser un rendez-vous à nous, un de ces quatre.	Давай запланируем свидание как-нибудь на днях.	We should plan to go on a date sometime soon.
Conversations/Bank/March/Relationship Lines/Child/baby_daily_dialogue/ari_holding_baby_0/1	The look on [child_0]'s face as she watches the world go by... that's never going to get old!	Quand elle regarde le monde qui l'entoure, [child_0] a sur le visage une expression... dont on ne se lasse pas !	[child_0] так зачарованно смотрит, как мир проносится перед глазами... Никогда не надоест на это смотреть!	The look on [child_0]'s face as she watches the world go by... that's never going to get old!
Conversations/Bank/March/Relationship Lines/Child/baby_daily_dialogue/ari_holding_baby_0/init	You guys look like you're having so much fun!	Vous avez l'air de bien vous amuser <he>tous les deux</he><she>toutes les deux</she><they>ensemble, vous deux</they>.	Смотрю, как вам весело, и даже слегка завидую!	You guys look like you're having so much fun!
Conversations/Bank/March/Relationship Lines/Child/baby_daily_dialogue/ari_holding_baby_1/1	Looking at you two inspires me so much.	Ça me motive tellement, quand je vous regarde.	Смотрю на вас и сразу вдохновляюсь.	Looking at you two inspires me so much.
Conversations/Bank/March/Relationship Lines/Child/baby_daily_dialogue/ari_holding_baby_1/init	There's my amazing family.	Voilà mon incroyable famille.	Вот она, моя невероятная семейка.	There's my amazing family.
Conversations/Bank/March/Relationship Lines/Child/baby_daily_dialogue/ari_holding_baby_2/1	I promise I'll make the most of the time you're giving me.	Je te promets de profiter au maximum du temps que tu m'offres.	Обещаю, что потрачу своё свободное время с пользой.	I promise I'll make the most of the time you're giving me.
Conversations/Bank/March/Relationship Lines/Child/baby_daily_dialogue/ari_holding_baby_2/2	And I'll show you what I made when it's done, too. I can't wait!	Et je te montrerai aussi ce que j'ai fabriqué quand ce sera terminé. J'ai hâte !	Я тебе покажу, что я сделал, когда закончу. Только потерпи немного!	And I'll show you what I made when it's done, too. I can't wait!
Conversations/Bank/March/Relationship Lines/Child/baby_daily_dialogue/ari_holding_baby_2/init	Thanks for watching [infant], [Ari].	Merci de garder [child_0], [Ari].	Спасибо, что [child_0] с тобой, [Ari].	Thanks for watching [infant], [Ari].
Conversations/Bank/March/Relationship Lines/Child/baby_daily_dialogue/ari_holding_baby_3/1	Aren't you, [child_0]?	N'est-ce pas, [child_0] ?	Правда, тебе весело, [child_0]?	Aren't you, [child_0]?
Conversations/Bank/March/Relationship Lines/Child/baby_daily_dialogue/ari_holding_baby_3/init	Haha, [child_0] loves running around with you... she's always so happy whenever I see you two flying by.	Ha ha, [child_0] adore courir partout avec toi... Quand je vous vois passer, elle a l'air tellement contente.	Ха-ха, [child_0] так любит с тобой бегать... Как ни посмотрю на вас, она всегда весёлая.	Haha, [child_0] loves running around with you... she's always so happy whenever I see you two flying by.
Conversations/Bank/March/Relationship Lines/Child/baby_daily_dialogue/ari_holding_baby_4/1	I'd love to spend some time with her.	J'adorerais passer du temps avec elle.	[child_0] может побыть у меня. Я буду только рад.	I'd love to spend some time with her.
Conversations/Bank/March/Relationship Lines/Child/baby_daily_dialogue/ari_holding_baby_4/2	I mean, uh... only if you need a break, obviously.	Enfin, euh... seulement si tu as besoin de souffler, évidemment.	То есть, эм... Это, конечно, только если ты хочешь отдохнуть.	I mean, uh... only if you need a break, obviously.
Conversations/Bank/March/Relationship Lines/Child/baby_daily_dialogue/ari_holding_baby_4/init	Need a break from carrying [child_0], [Ari]?	Tu as besoin d'une pause, [Ari] ? Tu as beaucoup porté [child_0].	Ещё не <p>устали</p><f>устала</f><m>устал</m><n>устало</n> носить нашу дочь, [Ari]?	Need a break from carrying [child_0], [Ari]?
Conversations/Bank/March/Relationship Lines/Child/baby_daily_dialogue/baby_0/1	Don't worry, I'm going to make sure she's always in a good mood! No matter what!	Sois tranquille, je veillerai à ce qu'elle soit toujours de bonne humeur ! Quelles que soient les circonstances !	Можешь не переживать, я ей обеспечу хорошее настроение каждый день! Любыми средствами!	Don't worry, I'm going to make sure she's always in a good mood! No matter what!
Conversations/Bank/March/Relationship Lines/Child/baby_daily_dialogue/baby_0/init	Do you see how happy [child_0] is today?	Tu as vu comme [child_0] est contente, aujourd'hui ?	Ты <p>видели</p><f>видела</f><m>видел</m><n>видело</n>, как [child_0] сегодня довольно выглядит?	Do you see how happy [child_0] is today?
Conversations/Bank/March/Relationship Lines/Child/baby_daily_dialogue/baby_1/1	Isn't that right, little star? What's it like being the cutest baby in the history of the world?	Je n'ai pas raison, ma petite étoile ? Qu'est-ce que ça fait d'être le plus beau bébé de toute l'histoire du monde ?	Да, моя звёздочка? Расскажи, каково это — быть самой симпатичной малышкой на всём белом свете?	Isn't that right, little star? What's it like being the cutest baby in the history of the world?
Conversations/Bank/March/Relationship Lines/Child/baby_daily_dialogue/baby_1/init	[child_0] has the cutest smile, doesn't she?	[child_0] a vraiment un sourire craquant, hein ?	[child_0] невероятно мило улыбается, правда?	[child_0] has the cutest smile, doesn't she?
Conversations/Bank/March/Relationship Lines/Child/baby_daily_dialogue/baby_2/1	Better not deprive Olric of his cutest niece.	Autant ne pas le priver de sa plus jolie nièce.	Пускай [child_0] его навестит, не будем лишать его этой встречи.	Better not deprive Olric of his cutest niece.
Conversations/Bank/March/Relationship Lines/Child/baby_daily_dialogue/baby_2/init	Might head over to the forge today. Olric's been asking for a visit from [child_0].	Je vais peut-être aller faire un tour à la forge, aujourd'hui. Olric a demandé à voir [child_0].	Может, дойду сегодня до кузницы. Ольрик давно хотел увидеть племянницу.	Might head over to the forge today. Olric's been asking for a visit from [child_0].
Conversations/Bank/March/Relationship Lines/Child/baby_daily_dialogue/baby_3/1	Right, [child_0]? No wonder you're so cute!	C'est vrai, hein, [child_0] ? Pas étonnant que tu sois si mignonne !	Верно говорю, [child_0]? Ясно, в кого ты такая симпатяжка!	Right, [child_0]? No wonder you're so cute!
Conversations/Bank/March/Relationship Lines/Child/baby_daily_dialogue/baby_3/init	[child_0] is starting to look more and more like you, isn't she?	[child_0] te ressemble de plus en plus, tu ne trouves pas ?	[child_0] с каждым днём всё больше похожа на тебя.	[child_0] is starting to look more and more like you, isn't she?
Conversations/Bank/March/Relationship Lines/Child/baby_daily_dialogue/baby_4/1	I don't frown! I'm always pleasant!	Mais je n'ai pas les sourcils froncés ! Je suis toujours avenant !	А я не хмурюсь! Я вообще добродушный!	I don't frown! I'm always pleasant!
Conversations/Bank/March/Relationship Lines/Child/baby_daily_dialogue/baby_4/init	Everyone says [infant] has my frown...	[child_0] fronce les sourcils comme moi, tout le monde me le dit.	Все говорят, что [child_0] хмурится, как я...	Everyone says [infant] has my frown...
Conversations/Bank/March/Relationship Lines/Child/baby_daily_dialogue/baby_5/1	We made a little person and I get to just hug her and do her hair all cute every day.	On a créé une petite personne et je peux lui faire des câlins et plein de coiffures mignonnes tous les jours.	Мы с тобой сделали маленького человечка, а теперь я могу каждый день её обнимать и красиво укладывать волосы.	We made a little person and I get to just hug her and do her hair all cute every day.
Conversations/Bank/March/Relationship Lines/Child/baby_daily_dialogue/baby_5/2	Man. Being a dad is the best.	Sérieusement. Être papa, c'est vraiment le top.	Ох, ребята. Быть папой — круче всего.	Man. Being a dad is the best.
Conversations/Bank/March/Relationship Lines/Child/baby_daily_dialogue/baby_5/init	I guess I never considered how much fun being a dad would be...	Je crois que je n'avais jamais envisagé que ça puisse être aussi amusant d'être papa...	Оказывается, я и не представлял, как весело быть отцом...	I guess I never considered how much fun being a dad would be...
Conversations/Bank/March/Relationship Lines/Child/baby_daily_dialogue/baby_6/1	I'm really glad we decided to become parents. I can't imagine doing this with anyone else.	Je suis vraiment content qu'on ait décidé de devenir parents. Je n'aurais envisagé ça avec personne d'autre.	Я счастлив, что мы с тобой решили стать родителями. Не могу представить никого другого на твоём месте.	I'm really glad we decided to become parents. I can't imagine doing this with anyone else.
Conversations/Bank/March/Relationship Lines/Child/baby_daily_dialogue/baby_6/init	I guess this is kind of embarrassing but...	C'est un peu gênant à dire, mais...	Я немного стесняюсь говорить, но...	I guess this is kind of embarrassing but...
Conversations/Bank/March/Relationship Lines/Child/baby_daily_dialogue/baby_7/1	She's gripping my finger like she's ready to swing a hammer around!	Elle agrippe mon doigt comme si elle était déjà prête à manier le marteau !	Она так ухватила мой палец, будто собралась молотом размахивать!	She's gripping my finger like she's ready to swing a hammer around!
Conversations/Bank/March/Relationship Lines/Child/baby_daily_dialogue/baby_7/2	Or maybe mold some metal with her bare hands?	Ou à tordre du métal à mains nues ?	Или даже гнуть металл голыми руками!	Or maybe mold some metal with her bare hands?
Conversations/Bank/March/Relationship Lines/Child/baby_daily_dialogue/baby_7/init	Is it just me or is [child_0] really strong for her age?	C'est moi ou [child_0] a beaucoup de force pour son âge ?	Мне кажется, или [child_0] необычно сильная для своего возраста?	Is it just me or is [child_0] really strong for her age?
Conversations/Bank/March/Relationship Lines/Child/baby_daily_dialogue/baby_8/1	Is this a fashion statement, or do you want us to change your diaper?	C'est pour lancer une nouvelle mode ou ça veut dire que tu as besoin qu'on change ta couche ?	Это такая мода, или тебе поменять подгузник?	Is this a fashion statement, or do you want us to change your diaper?
Conversations/Bank/March/Relationship Lines/Child/baby_daily_dialogue/baby_8/2	[Ari], I think she wants us to change her diaper. Who's up?	[Ari], je crois qu'elle veut qu'on la change. Qui s'en charge ?	[Ari], мне кажется, ей пора поменять подгузник. Чья сейчас очередь?	[Ari], I think she wants us to change her diaper. Who's up?
Conversations/Bank/March/Relationship Lines/Child/baby_daily_dialogue/baby_8/2/prompts/0	I'm up!	Je m'en occupe !	Моя!	I'm up!
Conversations/Bank/March/Relationship Lines/Child/baby_daily_dialogue/baby_8/2/prompts/1	I think it's your turn!	Je crois que c'est ton tour !	По-моему, сейчас твоя!	I think it's your turn!
Conversations/Bank/March/Relationship Lines/Child/baby_daily_dialogue/baby_8/3	Nice, thank you!	C'est gentil, merci !	Отлично, спасибо!	Nice, thank you!
Conversations/Bank/March/Relationship Lines/Child/baby_daily_dialogue/baby_8/4	Here, I'll find her a cute change of clothes...	Bien, je vais lui trouver un joli change...	Держи, а я найду ей другую одежду...	Here, I'll find her a cute change of clothes...
Conversations/Bank/March/Relationship Lines/Child/baby_daily_dialogue/baby_8/5	Not a problem!	Pas de problème !	Без проблем!	Not a problem!
Conversations/Bank/March/Relationship Lines/Child/baby_daily_dialogue/baby_8/6	Come here, little star! We gotta get you all cleaned up.	Viens là, ma petite étoile ! Tu seras bientôt toute propre.	Иди сюда, звёздочка! Сейчас мы тебя помоем.	Come here, little star! We gotta get you all cleaned up.
Conversations/Bank/March/Relationship Lines/Child/baby_daily_dialogue/baby_8/7	Look at you, [child_0]... all happy and ready for the next thing. Good job!	Et voilà, [child_0]... Contente et prête pour la suite. Beau travail !	Вот и всё, [child_0]... Уже довольна, готова к новым приключениям. Отлично сработано!	Look at you, [child_0]... all happy and ready for the next thing. Good job!
Conversations/Bank/March/Relationship Lines/Child/baby_daily_dialogue/baby_8/init	Uh-oh, [child_0]! You're so soggy!	Ho oh, [child_0] ! Tu es trempée !	Упс! [child_0], ты снизу подмокла!	Uh-oh, [child_0]! You're so soggy!
Conversations/Bank/March/Relationship Lines/Child/baby_daily_dialogue/baby_9/1	Hey [Ari], why don't we all have a little snack together?	Hé, [Ari], si on grignotait quelque chose tous ensemble ?	Эй, [Ari], может, нам всем устроить перекус?	Hey [Ari], why don't we all have a little snack together?
Conversations/Bank/March/Relationship Lines/Child/baby_daily_dialogue/baby_9/1/prompts/0	Great! I'll feed her.	Super ! Je vais lui donner à manger.	Отлично! Тогда я её покормлю.	Great! I'll feed her.
Conversations/Bank/March/Relationship Lines/Child/baby_daily_dialogue/baby_9/1/prompts/1	If you feed her, I'll make us a snack!	Si tu lui donnes à manger, je nous prépare un encas !	Если ты покормишь, то я всё приготовлю!	If you feed her, I'll make us a snack!
Conversations/Bank/March/Relationship Lines/Child/baby_daily_dialogue/baby_9/2	Nice, thanks!	D'accord, merci !	Отлично, спасибо!	Nice, thanks!
Conversations/Bank/March/Relationship Lines/Child/baby_daily_dialogue/baby_9/3	Let's see what we have for our own snack... a little bit of bread? A little bit of fruit?	Voyons ce qu'on va manger de notre côté... Un petit morceau de pain ? Des fruits ?	Давай посмотрим, что бы нам самим поесть... немного хлеба? Немного фруктов?	Let's see what we have for our own snack... a little bit of bread? A little bit of fruit?
Conversations/Bank/March/Relationship Lines/Child/baby_daily_dialogue/baby_9/4	Nice, thanks!	D'accord, merci !	Отлично, спасибо!	Nice, thanks!
Conversations/Bank/March/Relationship Lines/Child/baby_daily_dialogue/baby_9/5	Come on, [child_0]! Let's get you a tasty treat.	Allons-y, [child_0] ! On va trouver quelque chose de bon à manger.	Пойдём, [child_0]! Съедим что-нибудь вкусненькое.	Come on, [child_0]! Let's get you a tasty treat.
Conversations/Bank/March/Relationship Lines/Child/baby_daily_dialogue/baby_9/6	Wow, [child_0]! Wasn't that delicious?	Waouh, [child_0] ! C'était délicieux, hein ?	Вот это да, [child_0]! Правда, вкусно было?	Wow, [child_0]! Wasn't that delicious?
Conversations/Bank/March/Relationship Lines/Child/baby_daily_dialogue/baby_9/init	You feeling fussy, [child_0]? Is it snack time?	Tu es grognon, [child_0] ? C'est l'heure de manger quelque chose ?	Что ты хнычешь, [child_0]? Пора подкрепиться?	You feeling fussy, [child_0]? Is it snack time?
Conversations/Bank/March/Relationship Lines/Child/post_birth_lines/baby_born_march_hemlock_0/1	Between you and me, [child_0]'s going to have March wrapped around her little finger soon enough... I can tell!	De toi à moi, [child_0] va vite mener March par le bout du nez... J'en suis sûr !	Скажу тебе по секрету: [child_0] скоро возьмёт Марта в оборот... Я точно знаю!	Between you and me, [child_0]'s going to have March wrapped around her little finger soon enough... I can tell!
Conversations/Bank/March/Relationship Lines/Child/post_birth_lines/baby_born_march_hemlock_0/init	Look at you, [Ari]! Your family's growing like a garden!	Regarde-moi ça, [Ari] ! Ta famille pousse comme un jardin !	Ты подумай, [Ari]! У тебя семья растёт, словно сад!	Look at you, [Ari]! Your family's growing like a garden!
Conversations/Bank/March/Relationship Lines/Child/post_birth_lines/baby_born_march_josephine_0/1	[child_0] is such a darling. You and March must be so proud!	[child_0] est tellement adorable. Toi et March devez être tellement fiers !	[child_0] такая душечка. Вы с Мартом, должно быть, ужасно довольны!	[child_0] is such a darling. You and March must be so proud!
Conversations/Bank/March/Relationship Lines/Child/post_birth_lines/baby_born_march_josephine_0/2	Seeing her sweet face reminds me of March when his family first moved to town... what a fiery little sprite he was!	Son joli minois me rappelle celui de March, quand sa famille s'est installée en ville... C'était un vrai petit lutin, tout feu tout flamme !	Гляжу на её милое личико и сразу вспоминаю маленького Марта. Когда их семья только приехала в город... он был такой безобразник!	Seeing her sweet face reminds me of March when his family first moved to town... what a fiery little sprite he was!
Conversations/Bank/March/Relationship Lines/Child/post_birth_lines/baby_born_march_josephine_0/3	I can't wait to watch your family grow up!	J'ai hâte de voir votre famille grandir !	Посмотрим, как будет расти твоя семейка!	I can't wait to watch your family grow up!
Conversations/Bank/March/Relationship Lines/Child/post_birth_lines/baby_born_march_josephine_0/init	Congratulations, [Ari]!	Félicitations, [Ari] !	Поздравляю, [Ari]!	Congratulations, [Ari]!
Conversations/Bank/March/Relationship Lines/Child/post_birth_lines/baby_born_march_olric_0/1	I'm an uncle! This is the best feeling!	Je suis tonton ! C'est une émotion incroyable !	Я стал дядей! Это же просто потрясающе!	I'm an uncle! This is the best feeling!
Conversations/Bank/March/Relationship Lines/Child/post_birth_lines/baby_born_march_olric_0/2	If you and March ever need any help with [child_0], put me to work. I know all about babysitting!	Si jamais toi et March avez besoin d'aide avec [child_0], embauchez-moi. Je suis incollable en baby-sitting !	Если вам с Мартом нужна будет помощь с ребёнком, сразу обращайтесь. [child_0] может побыть у меня. Я всё знаю про уход за детьми!	If you and March ever need any help with [child_0], put me to work. I know all about babysitting!
Conversations/Bank/March/Relationship Lines/Child/post_birth_lines/baby_born_march_olric_0/init	I can't believe it!	Je n'arrive pas à le croire !	Поверить не могу!	I can't believe it!
Conversations/Bank/March/Relationship Lines/Child/post_birth_lines/baby_born_march_ryis_0/1	Doesn't [child_0] look just like him? I'd recognize that little scowl anywhere.	[child_0] lui ressemble comme deux gouttes d'eau, non ? Je reconnaîtrais cet air renfrogné entre mille.	[child_0] прямо вся в него, правда? Я этот хмурый лоб сразу узнаю.	Doesn't [child_0] look just like him? I'd recognize that little scowl anywhere.
Conversations/Bank/March/Relationship Lines/Child/post_birth_lines/baby_born_march_ryis_0/2	Give me a yell if you need a crib or teething toys or anything. I gotta pull my weight as the Fun Uncle!	Appelez-moi à l'aide si vous avez besoin d'un berceau, d'anneaux de dentition ou autre. Je vais m'appliquer à être le tonton rigolo !	Зови, если нужна будет люлька или прорезыватели или что-то ещё. Готов отрабатывать роль крутого дядюшки!	Give me a yell if you need a crib or teething toys or anything. I gotta pull my weight as the Fun Uncle!
Conversations/Bank/March/Relationship Lines/Child/post_birth_lines/baby_born_march_ryis_0/init	Congratulations, [Ari]! I'm so happy for you and March!	Félicitations, [Ari] ! Je suis tellement content pour toi et March !	Поздравляю, [Ari]! Я рад за вас с Мартом!	Congratulations, [Ari]! I'm so happy for you and March!
Conversations/Bank/March/Relationship Lines/Child/post_birth_lines/post_birth_0/1	Look at her little round face, her tiny fingers and toes... she's so perfect!	Regarde sa petite bouille ronde, ses doigts et ses orteils minuscules... Elle est tellement parfaite !	Смотри, какое круглое личико, маленькие ручки и ножки... Какая она прекрасная!	Look at her little round face, her tiny fingers and toes... she's so perfect!
Conversations/Bank/March/Relationship Lines/Child/post_birth_lines/post_birth_0/2	I can't believe we made one of these together.	Je n'arrive pas à croire qu'on ait réussi à faire ça ensemble.	Удивительно! И это сотворили мы вместе.	I can't believe we made one of these together.
Conversations/Bank/March/Relationship Lines/Child/post_birth_lines/post_birth_0/3	Hi, [child_0]! We're so happy you're here!	Salut, [child_0] ! On est tellement contents que tu sois là !	Привет, [child_0]! Мы очень рады тебя видеть!	Hi, [child_0]! We're so happy you're here!
Conversations/Bank/March/Relationship Lines/Child/post_birth_lines/post_birth_0/3/prompts/0	She's so cute!	Elle est tellement mignonne !	Она такая милая!	She's so cute!
Conversations/Bank/March/Relationship Lines/Child/post_birth_lines/post_birth_0/3/prompts/1	I'm so happy we're a family together!	C'est un tel bonheur de former une famille !	Наконец-то у нас есть своя семья!	I'm so happy we're a family together!
Conversations/Bank/March/Relationship Lines/Child/post_birth_lines/post_birth_0/4	Isn't she?	Oui, hein ?	Это точно!	Isn't she?
Conversations/Bank/March/Relationship Lines/Child/post_birth_lines/post_birth_0/5	Wow, she's just the cutest thing I've ever seen in my life.	Waouh, c'est la plus jolie chose que j'ai jamais vue de ma vie.	Ох, ну просто в жизни ничего умилительней не видел.	Wow, she's just the cutest thing I've ever seen in my life.
Conversations/Bank/March/Relationship Lines/Child/post_birth_lines/post_birth_0/6	I'm going to be a great dad for you, [child_0]! You'll see!	Je serai un super papa pour toi, [child_0] ! Tu verras !	Я буду хорошим папой, вот увидишь! И [child_0] ещё увидит!	I'm going to be a great dad for you, [child_0]! You'll see!
Conversations/Bank/March/Relationship Lines/Child/post_birth_lines/post_birth_0/7	Yeah...	Ouais...	Да...	Yeah...
Conversations/Bank/March/Relationship Lines/Child/post_birth_lines/post_birth_0/8	Yeah, we're making a family together!	Ouais, on forme une famille !	Да, мы вместе — теперь одна семья!	Yeah, we're making a family together!
Conversations/Bank/March/Relationship Lines/Child/post_birth_lines/post_birth_0/9	I'm going to be a great dad for you, [child_0]! You'll see!	Je serai un super papa pour toi, [child_0] ! Tu verras !	Я буду хорошим папой, вот увидишь! И [child_0] ещё увидит!	I'm going to be a great dad for you, [child_0]! You'll see!
Conversations/Bank/March/Relationship Lines/Child/post_birth_lines/post_birth_0/init	I can't believe it... she's here! We did it, [Ari]!	Je n'en reviens pas... elle est là ! On l'a fait, [Ari] !	Даже не верится... она с нами! Мы справились, [Ari]!	I can't believe it... she's here! We did it, [Ari]!
Conversations/Bank/March/Relationship Lines/Child/post_birth_lines/post_birth_1/1	Maybe she'll be like you and become a cool roaming adventurer...	Peut-être qu'elle deviendra une super aventurière et exploratrice, comme toi...	Может, она пойдёт в тебя и станет крутой бродячей приключенкой...	Maybe she'll be like you and become a cool roaming adventurer...
Conversations/Bank/March/Relationship Lines/Child/post_birth_lines/post_birth_1/2	Or maybe she'll be like me and play with fire all day?	Ou bien elle sera comme moi et jouera avec le feu à longueur de journée ?	Или в меня, и будет каждый день играть с огнём?	Or maybe she'll be like me and play with fire all day?
Conversations/Bank/March/Relationship Lines/Child/post_birth_lines/post_birth_1/3	Both are good choices, [child_0]! But I hope that whatever you choose, it makes you happy.	Dans tous les cas, ce sera un bon choix, [child_0] ! Mais j'espère que quoi que tu choisisses, ça te rende heureuse.	[child_0], и то, и другое — отличный выбор! Хотя я надеюсь, что ты просто выберешь то, что делает тебя счастливей.	Both are good choices, [child_0]! But I hope that whatever you choose, it makes you happy.
Conversations/Bank/March/Relationship Lines/Child/post_birth_lines/post_birth_1/init	What do you think [child_0] will be like when she grows up?	Comment sera [child_0] quand elle sera plus grande, à ton avis ?	Как ты думаешь, какой вырастет наша [child_0]?	What do you think [child_0] will be like when she grows up?
Conversations/Bank/March/Relationship Lines/Child/post_birth_lines/post_birth_2/1	What I do remember is all the people of the town coming together to raise me and Olric.	Ce dont je me rappelle bien, c'est que tous les habitants de la ville se sont unis pour nous élever, Olric et moi.	Зато я хорошо помню, как все мистрийцы приходили ухаживать за мной и Ольриком.	What I do remember is all the people of the town coming together to raise me and Olric.
Conversations/Bank/March/Relationship Lines/Child/post_birth_lines/post_birth_2/2	I didn't have a mom and a dad growing up, but I did have lots of unofficial aunts and uncles who still loved me a lot.	Je n'ai pas grandi avec un papa et une maman, mais j'ai eu plein d'oncles et de tantes non officiels qui m'aimaient énormément.	Я рос без мамы и папы, но у меня было множество неродных тётушек и дядюшек. И они тоже меня очень любили.	I didn't have a mom and a dad growing up, but I did have lots of unofficial aunts and uncles who still loved me a lot.
Conversations/Bank/March/Relationship Lines/Child/post_birth_lines/post_birth_2/3	I hope [child_0] can have everything... I want her to have loving parents and also lots and lots of aunts and uncles who dote on her, too.	Quant à [child_0], j'espère qu'elle aura tout ça... J'ai envie qu'elle profite de parents aimants et aussi d'oncles et de tantes qui seront gaga d'elle.	Надеюсь, [child_0] сможет получить всё... И любящих родителей, и тётушек с дядюшками, которые будут её баловать.	I hope [child_0] can have everything... I want her to have loving parents and also lots and lots of aunts and uncles who dote on her, too.
Conversations/Bank/March/Relationship Lines/Child/post_birth_lines/post_birth_2/3/prompts/0	She'll have it all!	Elle aura tout cela !	Мы дадим ей всё!	She'll have it all!
Conversations/Bank/March/Relationship Lines/Child/post_birth_lines/post_birth_2/3/prompts/1	I can already tell you'll dote on her more than the whole town combined.	Je peux déjà dire que tu seras plus gaga d'elle que tous les habitants réunis.	Я уже вижу, что ты её сам избалуешь больше, чем все мистрийцы вместе взятые.	I can already tell you'll dote on her more than the whole town combined.
Conversations/Bank/March/Relationship Lines/Child/post_birth_lines/post_birth_2/4	She will, right?	Forcément, non ?	Вот именно.	She will, right?
Conversations/Bank/March/Relationship Lines/Child/post_birth_lines/post_birth_2/5	Who could look at that face and not love her?	Qui pourrait ne pas l'aimer en la regardant ?	Разве можно смотреть в это личико и не влюбиться?	Who could look at that face and not love her?
Conversations/Bank/March/Relationship Lines/Child/post_birth_lines/post_birth_2/6	I mean...	Eh bien...	Ну...	I mean...
Conversations/Bank/March/Relationship Lines/Child/post_birth_lines/post_birth_2/7	Maybe.	C'est possible.	Может быть.	Maybe.
Conversations/Bank/March/Relationship Lines/Child/post_birth_lines/post_birth_2/init	You know... I don't really remember a lot about my parents...	Tu sais... Je n'ai pas beaucoup de souvenirs de mes parents...	Знаешь... Я не очень много помню о своих родителях...	You know... I don't really remember a lot about my parents...
Conversations/Bank/March/Relationship Lines/Child/post_birth_lines/post_birth_3/1	It's kind of hard for me to come out and say it, for a lot of reasons, but...	C'est un peu difficile pour moi d'exprimer ça tout haut, pour plein de raisons, mais...	Мне сложно вот так просто взять и сказать. По разным причинам. В общем...	It's kind of hard for me to come out and say it, for a lot of reasons, but...
Conversations/Bank/March/Relationship Lines/Child/post_birth_lines/post_birth_3/2	I love you and [child_0] a lot.	Je vous aime beaucoup, toi et [child_0].	Я очень люблю и тебя, и нашу дочь.	I love you and [child_0] a lot.
Conversations/Bank/March/Relationship Lines/Child/post_birth_lines/post_birth_3/3	You're precious to me. My family.	Vous <he>m'êtes très précieux</he><she>m'êtes très précieuses</she><they>avez pour moi une grande valeur</they>.	Вы мои сокровища. Моя семья.	You're precious to me. My family.
Conversations/Bank/March/Relationship Lines/Child/post_birth_lines/post_birth_3/init	Hey, uh...	Écoute, euh...	Эй, эм...	Hey, uh...
Conversations/Bank/March/Relationship Lines/Child/post_birth_lines/post_birth_4/1	And that's how I learned Olric's been using [child_0] as a weight in his new workout routine.	C'est comme ça que je me suis rendu compte qu'Olric utilisait [child_0] comme un poids pour faire ses exercices de musculation.	Так я узнал, что [child_0] стала для Ольрика новой гирей в его упражнениях.	And that's how I learned Olric's been using [child_0] as a weight in his new workout routine.
Conversations/Bank/March/Relationship Lines/Child/post_birth_lines/post_birth_4/2	It's okay, though... she kind of loves it.	Mais ça va... elle a plutôt l'air d'aimer ça.	Но это не страшно... Ей вроде даже нравится.	It's okay, though... she kind of loves it.
Conversations/Bank/March/Relationship Lines/Child/post_birth_lines/post_birth_4/3	Actually, she really loves it. And she loves her buff uncle. She squeals so loud when he's lifting her up!	En réalité, elle adore ça. Et elle adore son tonton plein de muscles. Elle pousse des cris de joie perçants quand il la soulève dans les airs !	Честно говоря, даже очень нравится. И она обожает своего мускулистого дядю. Она так задорно визжит, когда он её поднимает!	Actually, she really loves it. And she loves her buff uncle. She squeals so loud when he's lifting her up!
Conversations/Bank/March/Relationship Lines/Child/post_birth_lines/post_birth_4/init	I've been taking [child_0] over to spend time with Olric, and sometimes I'll go into the other room to do inventory...	J'emmène parfois [child_0] avec moi pour voir Olric, et il m'arrive, une fois sur place, de changer de pièce pour m'occuper de l'inventaire...	Я иногда беру дочь в гости к Ольрику. И когда я ухожу в другую комнату, чтобы посчитать товары, [child_0] остаётся с ним...	I've been taking [child_0] over to spend time with Olric, and sometimes I'll go into the other room to do inventory...
Conversations/Bank/March/Relationship Lines/Child/post_birth_lines/post_birth_5/1	I told her, [child_0] can join, on one condition...	Je lui ai dit d'accord, [child_0] pourra vous rejoindre, à une condition...	Я ей ответил, что [child_0] вступит только при одном условии...	I told her, [child_0] can join, on one condition...
Conversations/Bank/March/Relationship Lines/Child/post_birth_lines/post_birth_5/2	She gets a cool Dragonguard code-name.	Que vous lui donniez un nom de code de la Garde des dragons vraiment sympa.	Чтобы у неё в Драконьей страже был крутой позывной.	She gets a cool Dragonguard code-name.
Conversations/Bank/March/Relationship Lines/Child/post_birth_lines/post_birth_5/2/prompts/0	I think she'd make a good Dragon's Eye.	Je crois qu'elle ferait un bon Œil de dragon.	По-моему, ей подойдёт «Глаз дракона».	I think she'd make a good Dragon's Eye.
Conversations/Bank/March/Relationship Lines/Child/post_birth_lines/post_birth_5/2/prompts/1	What about the Dragon's Scale?	Que penses-tu d'Écaille de dragon ?	Например, «Драконья Чешуя»?	What about the Dragon's Scale?
Conversations/Bank/March/Relationship Lines/Child/post_birth_lines/post_birth_5/3	Yeah! To imply she's clever and observant, right?	Mais ouais ! Pour signifier qu'elle est maligne et observatrice, c'est ça ?	Точно! Чтобы подчеркнуть ум и наблюдательность.	Yeah! To imply she's clever and observant, right?
Conversations/Bank/March/Relationship Lines/Child/post_birth_lines/post_birth_5/4	Very cool... I see we're on the same page.	Un nom très sympa... Je vois qu'on est sur la même longueur d'onde.	Звучит круто... Вижу, мы сходимся во мнении.	Very cool... I see we're on the same page.
Conversations/Bank/March/Relationship Lines/Child/post_birth_lines/post_birth_5/5	Yeah! To imply she's strong and resilient, right?	Mais ouais ! Pour signifier qu'elle est forte et résistante, c'est ça ?	Точно! Чтобы подчеркнуть силу и стойкость.	Yeah! To imply she's strong and resilient, right?
Conversations/Bank/March/Relationship Lines/Child/post_birth_lines/post_birth_5/6	Very cool... I see we're on the same page.	Un nom très sympa... Je vois qu'on est sur la même longueur d'onde.	Звучит круто... Вижу, мы сходимся во мнении.	Very cool... I see we're on the same page.
Conversations/Bank/March/Relationship Lines/Child/post_birth_lines/post_birth_5/init	Dell's been asking if [child_0] can join the Dragonguard once she's old enough.	Dell demande si [child_0] pourra rejoindre la Garde des dragons quand elle sera assez grande.	Делл спрашивает, сможет ли [child_0] вступить в Драконью стражу, когда подрастёт.	Dell's been asking if [child_0] can join the Dragonguard once she's old enough.
Conversations/Bank/March/Relationship Lines/Child/pregnancy/ari_pregnant_0/1	We're going to be parents!	On va devenir parents !	Мы станем родителями!	We're going to be parents!
Conversations/Bank/March/Relationship Lines/Child/pregnancy/ari_pregnant_0/2	You're feeling okay? You're not feeling sick or anything?	Tu te sens bien ? Tu n'es pas malade, tout ça ?	Ты в порядке? Тебя случайно не тошнит?	You're feeling okay? You're not feeling sick or anything?
Conversations/Bank/March/Relationship Lines/Child/pregnancy/ari_pregnant_0/3	Tell me if there's anything I can do for you... I'm going to make sure you and the baby are taken care of!	Dis-moi si je peux faire quoi que ce soit pour toi... Je vais prendre bien soin de toi et du bébé !	Скажи, что я могу для тебя сделать... Я обязательно позабочусь о тебе и о малыше!	Tell me if there's anything I can do for you... I'm going to make sure you and the baby are taken care of!
Conversations/Bank/March/Relationship Lines/Child/pregnancy/ari_pregnant_0/init	[Ari]... I can't believe it...	[Ari]... Je n'arrive pas à le croire...	[Ari]... Поверить не могу...	[Ari]... I can't believe it...
Conversations/Bank/March/Relationship Lines/Child/pregnancy/ari_pregnant_1/1	Is there anything you'd like? I bought a lot of stuff...	Tu aimerais manger un truc en particulier ? J'ai acheté beaucoup de choses...	Что бы ты сейчас <p>хотели</p><f>хотела</f><m>хотел</m><n>хотело</n>? Я купил много всего...	Is there anything you'd like? I bought a lot of stuff...
Conversations/Bank/March/Relationship Lines/Child/pregnancy/ari_pregnant_1/1/prompts/0	The Gazpacho looks so inviting...	Le gaspacho me fait très envie...	Такой аппетитный гаспачо...	The Gazpacho looks so inviting...
Conversations/Bank/March/Relationship Lines/Child/pregnancy/ari_pregnant_1/1/prompts/1	That Lemon Pie looks delicious...	Cette tarte au citron a l'air d'être délicieuse...	Лимонный пирог выглядит очень вкусно...	That Lemon Pie looks delicious...
Conversations/Bank/March/Relationship Lines/Child/pregnancy/ari_pregnant_1/1/prompts/2	I want that Herb Butter Pasta right now!	J'ai envie de me jeter sur ces pâtes au beurre et aux herbes !	Спагетти с зеленью, немедленно!	I want that Herb Butter Pasta right now!
Conversations/Bank/March/Relationship Lines/Child/pregnancy/ari_pregnant_1/2	Yeah! Of course!	Ouais ! Bien sûr !	Ага! Сейчас дам!	Yeah! Of course!
Conversations/Bank/March/Relationship Lines/Child/pregnancy/ari_pregnant_1/3	Be careful not to spill, it might stain your clothes.	Attention à ne pas le renverser, tu pourrais tacher tes vêtements.	Осторожно, не пролей, а то испачкаешься.	Be careful not to spill, it might stain your clothes.
Conversations/Bank/March/Relationship Lines/Child/pregnancy/ari_pregnant_1/4	Yeah! Of course!	Ouais ! Bien sûr !	Ага! Сейчас дам!	Yeah! Of course!
Conversations/Bank/March/Relationship Lines/Child/pregnancy/ari_pregnant_1/5	I made sure to get the biggest slice they had.	J'ai fait bien attention à choisir la plus grosse part.	Я специально взял у них самый большой кусок.	I made sure to get the biggest slice they had.
Conversations/Bank/March/Relationship Lines/Child/pregnancy/ari_pregnant_1/6	Yeah! Of course!	Ouais ! Bien sûr !	Ага! Сейчас дам!	Yeah! Of course!
Conversations/Bank/March/Relationship Lines/Child/pregnancy/ari_pregnant_1/7	I asked Jo to add extra herbs on top so it'd be extra tasty...	J'ai demandé à Jo de rajouter un peu d'herbes, pour que ce soit encore meilleur...	Я попросил Джо присыпать сверху ещё зелени, чтобы было повкуснее...	I asked Jo to add extra herbs on top so it'd be extra tasty...
Conversations/Bank/March/Relationship Lines/Child/pregnancy/ari_pregnant_1/8	Uh. Do...	Euh... Tu...	Эм. Хочешь...	Uh. Do...
Conversations/Bank/March/Relationship Lines/Child/pregnancy/ari_pregnant_1/9	Do you want me to feed you?	Tu veux que je te donne à manger ?	Хочешь, я тебя покормлю?	Do you want me to feed you?
Conversations/Bank/March/Relationship Lines/Child/pregnancy/ari_pregnant_1/init	[Ari]! I thought you might be having cravings, so I ran out to the Inn...	[Ari] ! Je me suis dit que tu aurais peut-être des envies, alors j'ai foncé à l'auberge...	[Ari]! Я подумал: вдруг тебе захочется необычной еды, и сбегал в трактир...	[Ari]! I thought you might be having cravings, so I ran out to the Inn...
Conversations/Bank/March/Relationship Lines/Child/pregnancy/ari_pregnant_2/1	I thought you weren't seeming a hundred percent today... maybe you need a pick-me-up?	J'avais l'impression que tu n'étais pas à cent pour cent de ta forme, aujourd'hui... Tu as peut-être besoin d'un remontant ?	Мне показалось, что у тебя сегодня будто нехватка сил... Может, тебе дать чего-нибудь взбодриться?	I thought you weren't seeming a hundred percent today... maybe you need a pick-me-up?
Conversations/Bank/March/Relationship Lines/Child/pregnancy/ari_pregnant_2/2	I mean, maybe I was wrong...	Enfin, je me trompe peut-être...	А может, я и ошибся...	I mean, maybe I was wrong...
Conversations/Bank/March/Relationship Lines/Child/pregnancy/ari_pregnant_2/3	But you should take this anyway! Valen says it's good for you and the baby!	Mais tu devrais quand même avaler ça ! Valen a dit que c'était bon pour toi et le bébé !	Но ты всё равно возьми на всякий случай! Вален говорит, что это полезно для тебя и для малыша!	But you should take this anyway! Valen says it's good for you and the baby!
Conversations/Bank/March/Relationship Lines/Child/pregnancy/ari_pregnant_2/init	Are you feeling okay, [Ari]?	Tu te sens bien, aujourd'hui, [Ari] ?	Ты хорошо себя чувствуешь, [Ari]?	Are you feeling okay, [Ari]?
Conversations/Bank/March/Relationship Lines/Child/pregnancy/ari_pregnant_3/1	I mean... how are you and the baby doing?	Je veux dire... comment vous allez, toi et le bébé ?	То есть... Как вы с малышом себя чувствуете?	I mean... how are you and the baby doing?
Conversations/Bank/March/Relationship Lines/Child/pregnancy/ari_pregnant_3/1/prompts/0	The baby's definitely getting bigger!	Le bébé grossit, c'est sûr !	Малыш определённо стал больше!	The baby's definitely getting bigger!
Conversations/Bank/March/Relationship Lines/Child/pregnancy/ari_pregnant_3/1/prompts/1	My clothes are definitely feeling tighter!	J'ai vraiment l'impression que mes vêtements me serrent !	Одежда явно стала теснее...	My clothes are definitely feeling tighter!
Conversations/Bank/March/Relationship Lines/Child/pregnancy/ari_pregnant_3/1/prompts/2	Don't worry, we're doing fine.	Ne t'inquiète pas, nous allons bien.	Не переживай, у нас всё хорошо!	Don't worry, we're doing fine.
Conversations/Bank/March/Relationship Lines/Child/pregnancy/ari_pregnant_3/10	But if you and the baby need anything, no matter how big or small... I'm right here, okay?	Mais si toi ou le bébé avez besoin de quelque chose, gros ou petit, peu importe... Je suis là, d'accord ?	Если вам с малышом что-нибудь понадобится, даже по пустякам... Я готов помочь.	But if you and the baby need anything, no matter how big or small... I'm right here, okay?
Conversations/Bank/March/Relationship Lines/Child/pregnancy/ari_pregnant_3/2	Really? Wow!	Vraiment ? Waouh !	Правда? Ух ты!	Really? Wow!
Conversations/Bank/March/Relationship Lines/Child/pregnancy/ari_pregnant_3/3	That's good news, right? The baby's growing!	C'est une bonne nouvelle, hein ? C'est qu'il grandit !	Это же отличная новость. Наш малыш растёт!	That's good news, right? The baby's growing!
Conversations/Bank/March/Relationship Lines/Child/pregnancy/ari_pregnant_3/4	If you and the baby need anything, no matter how small... I'm right here, okay?	Si toi ou le bébé avez besoin de quelque chose, même un truc de rien du tout... Je suis là, d'accord ?	Если вам с малышом что-нибудь понадобится, даже по пустякам... Я готов помочь.	If you and the baby need anything, no matter how small... I'm right here, okay?
Conversations/Bank/March/Relationship Lines/Child/pregnancy/ari_pregnant_3/5	Really? I couldn't tell.	Ah bon ? Ça ne se voit pas.	Правда? Я не заметил.	Really? I couldn't tell.
Conversations/Bank/March/Relationship Lines/Child/pregnancy/ari_pregnant_3/6	But that's good news, right? The baby's growing!	Mais c'est une bonne nouvelle, non ? C'est que le bébé grossit !	Но это же хорошая новость, да? Наш малыш растёт!	But that's good news, right? The baby's growing!
Conversations/Bank/March/Relationship Lines/Child/pregnancy/ari_pregnant_3/7	If you and the baby need anything, no matter how small... I'm right here, okay?	Si toi ou le bébé avez besoin de quelque chose, même un truc de rien du tout... Je suis là, d'accord ?	Если вам с малышом что-нибудь понадобится, даже по пустякам... Я готов помочь.	If you and the baby need anything, no matter how small... I'm right here, okay?
Conversations/Bank/March/Relationship Lines/Child/pregnancy/ari_pregnant_3/8	Are you sure?	C'est vraiment sûr ? !	Ты <p>уверены</p><f>уверена</f><m>уверен</m><n>уверено</n>?	Are you sure?
Conversations/Bank/March/Relationship Lines/Child/pregnancy/ari_pregnant_3/9	I mean... that's great! I'm glad to hear it!	Je veux dire... c'est super ! Je suis content de l'entendre !	Я хочу сказать... прекрасно! Рад, что у вас всё хорошо!	I mean... that's great! I'm glad to hear it!
Conversations/Bank/March/Relationship Lines/Child/pregnancy/ari_pregnant_3/init	Hey, how are you feeling today?	Salut, comment tu te sens, aujourd'hui ?	Как ты себя чувствуешь сегодня?	Hey, how are you feeling today?
Conversations/Bank/March/Relationship Lines/Child/pregnancy/ari_pregnant_4/1	The baby's moving? What? Let me feel!	Le bébé bouge ? Quoi ? Laisse-moi sentir !	Малыш двигается? Что? Дай потрогать!	The baby's moving? What? Let me feel!
Conversations/Bank/March/Relationship Lines/Child/pregnancy/ari_pregnant_4/2	...	...	...	...
Conversations/Bank/March/Relationship Lines/Child/pregnancy/ari_pregnant_4/3	Oh, wow. That's so strong! It's like the baby is already swinging a hammer!	Oh, waouh. C'est drôlement fort ! On dirait que le bébé manie déjà un marteau !	Ух ты. Какая сила! Будто он там уже молотком размахивает!	Oh, wow. That's so strong! It's like the baby is already swinging a hammer!
Conversations/Bank/March/Relationship Lines/Child/pregnancy/ari_pregnant_4/4	Hey baby, be nice! We'll meet soon, and then you can hit an anvil all you want!	Hé, bébé, sois sage ! On va bientôt se rencontrer et tu pourras alors frapper l'enclume autant que tu veux !	Эй, малыш, поосторожней! Скоро увидимся — вот тогда будешь стучать по наковальне сколько хочешь!	Hey baby, be nice! We'll meet soon, and then you can hit an anvil all you want!
Conversations/Bank/March/Relationship Lines/Child/pregnancy/ari_pregnant_4/init	What's that, [Ari]?	Pardon, [Ari] ?	Что такое, [Ari]?	What's that, [Ari]?
Conversations/Bank/March/Relationship Lines/Child/pregnancy/ari_pregnant_5/1	"If we have a girl, what do you think of ""$Fray$""?"	Si on a une fille, que dirais-tu de « $Fray$ » ?	Если будет девочка, может, назовём её $Фрэй$?	"If we have a girl, what do you think of ""$Fray$""?"
Conversations/Bank/March/Relationship Lines/Child/pregnancy/ari_pregnant_5/2	When Olric and I were little, we'd read a book about Fray, the hero of the star...	Quand on était petits, avec Olric, on lisait un livre qui parlait de Fray, l'héroïne des étoiles...	В детстве у нас с Ольриком была книжка про Фрэй — избранницу звезды...	When Olric and I were little, we'd read a book about Fray, the hero of the star...
Conversations/Bank/March/Relationship Lines/Child/pregnancy/ari_pregnant_5/3	I just think it's a fitting name. For the child of a hero, you know? And <he>his</he><she>her</she><they>their</they><it>its</it><none>[Ari]'s</none> cool blacksmith husband.	Je trouve que c'est un nom bien adapté. Pour l'enfant <he>d'un héros</he><she>d'une héroïne</she><they>de quelqu'un d'héroïque</they> et de son époux forgeron super cool.	Просто думаю, это хороший выбор. Подходит для дочери спасителя Мистрии. И <p>их</p><f>её</f><m>его</m><n>его</n> крутого мужа-кузнеца.	I just think it's a fitting name. For the child of a hero, you know? And <he>his</he><she>her</she><they>their</they><it>its</it><none>[Ari]'s</none> cool blacksmith husband.
Conversations/Bank/March/Relationship Lines/Child/pregnancy/ari_pregnant_5/init	I've been thinking about baby names...	J'ai réfléchi à des noms pour le bébé...	Я размышлял, какое имя дать малышу...	I've been thinking about baby names...
Conversations/Bank/March/Relationship Lines/Child/pregnancy/ari_pregnant_6/1	I'll make sure I'm close by today in case you guys need me.	Je vais rester dans le coin, aujourd'hui, au cas où lui et toi auriez besoin de moi.	Сегодня буду рядом с вами на случай, если понадобится.	I'll make sure I'm close by today in case you guys need me.
Conversations/Bank/March/Relationship Lines/Child/pregnancy/ari_pregnant_6/2	I'm here for you and our baby, no matter what!	Je suis là pour toi et pour notre bébé, quoi qu'il arrive !	Ради тебя и ради нашего малыша я готов на всё!	I'm here for you and our baby, no matter what!
Conversations/Bank/March/Relationship Lines/Child/pregnancy/ari_pregnant_6/init	Valen said the baby is due any time now, didn't she?	Valen a bien dit que le bébé allait arriver d'un moment à l'autre, non ?	Вален сказала, что малышу уже почти пора, да ведь?	Valen said the baby is due any time now, didn't she?
Conversations/Bank/March/Relationship Lines/Child/pregnancy/pregnancy_march_josephine_0/1	The both of you have come such a long way since arriving in Mistria... and now look at you! Parents-to-be!	L'un comme l'autre, vous avez parcouru tellement de chemin depuis votre arrivée à Mistria... et regardez où vous en êtes ! De futurs parents !	И ты, и он столько всего пережили с тех пор, как приехали в Мистрию... А теперь глядите: почти родители!	The both of you have come such a long way since arriving in Mistria... and now look at you! Parents-to-be!
Conversations/Bank/March/Relationship Lines/Child/pregnancy/pregnancy_march_josephine_0/init	Oh, [Ari]! I'm so proud of you and March!	Oh, [Ari] ! Je suis si fière de toi et de March !	Ах, [Ari]! Я так рада за вас с Мартом!	Oh, [Ari]! I'm so proud of you and March!
Conversations/Bank/March/Relationship Lines/Child/pregnancy/pregnancy_march_maple_0/1	Does this mean that your baby will be half blacksmith?	Est-ce que ça veut dire que votre bébé sera à moitié forgeron ?	Это же значит, что ваш ребёнок будет наполовину кузнец?	Does this mean that your baby will be half blacksmith?
Conversations/Bank/March/Relationship Lines/Child/pregnancy/pregnancy_march_maple_0/2	Then hear my decree! When they grow up, they shall be my royal armorer!	Alors, voici mon décret ! Quand le bébé sera grand, ce sera mon armurier royal !	Слушай же мой указ! Когда ребёнок вырастет, я сделаю его своим придворным оружейником!	Then hear my decree! When they grow up, they shall be my royal armorer!
Conversations/Bank/March/Relationship Lines/Child/pregnancy/pregnancy_march_maple_0/init	[Ari]! I heard you and March are going to have a baby! That's so great!	[Ari] ! J'ai entendu dire que March et toi vous alliez avoir un bébé ! C'est super !	[Ari]! Я слышала, что у вас с Мартом будет малыш! Это замечательно!	[Ari]! I heard you and March are going to have a baby! That's so great!
Conversations/Bank/March/Relationship Lines/Child/pregnancy/pregnancy_march_olric_0/1	Oh wow, I better study up... I have to learn how to be a champion uncle by the time the baby arrives!	Waouh, il va falloir que j'étudie... Je dois apprendre à devenir un oncle au top avant l'arrivée du bébé !	Ох ты, мне надо подготовиться... Когда ребёнок появится, я должен быть чемпионом среди дядь!	Oh wow, I better study up... I have to learn how to be a champion uncle by the time the baby arrives!
Conversations/Bank/March/Relationship Lines/Child/pregnancy/pregnancy_march_olric_0/2	Maybe I'll ask Landen for some tips...	Je vais peut-être demander quelques tuyaux à Landen...	Может, спросить у Ландена совета...	Maybe I'll ask Landen for some tips...
Conversations/Bank/March/Relationship Lines/Child/pregnancy/pregnancy_march_olric_0/init	Is it true, [Ari]? I'm going to be an uncle?	C'est vrai, [Ari] ? Je vais devenir tonton ?	Это что, правда, [Ari]? Я стану дядей?	Is it true, [Ari]? I'm going to be an uncle?
Conversations/Bank/March/Relationship Lines/Child/pregnancy/pregnancy_march_ryis_0/1	You and March are going to be great parents.	Toi et March serez des super parents.	Из вас с Мартом выйдут прекрасные родители.	You and March are going to be great parents.
Conversations/Bank/March/Relationship Lines/Child/pregnancy/pregnancy_march_ryis_0/2	And between you and me, I think parenthood will probably mellow March out, too. In a good way.	Et entre nous, je crois que la parentalité adoucira sans doute un peu March, dans un sens positif.	И по секрету скажу: я думаю, что опыт отцовства остудит Мартов пыл. В хорошем смысле.	And between you and me, I think parenthood will probably mellow March out, too. In a good way.
Conversations/Bank/March/Relationship Lines/Child/pregnancy/pregnancy_march_ryis_0/init	[Ari]! I heard the news, congratulations!	[Ari] ! J'ai appris la nouvelle, félicitations !	[Ari]! Я уже слышал новость, поздравляю!	[Ari]! I heard the news, congratulations!
Conversations/Bank/March/Relationship Lines/Child/pregnancy/stork_pregnant_0/1	We're going to be parents!	On va devenir parents !	Мы станем родителями!	We're going to be parents!
Conversations/Bank/March/Relationship Lines/Child/pregnancy/stork_pregnant_0/2	Oh wow, that means we gotta get clothes and toys... and I should baby-proof the house!	Waouh, ça veut dire qu'il faut qu'on se mette en quête de vêtements et de jouets... et je dois aussi sécuriser la maison pour le bébé !	Ох, это же значит, что нам нужна одежда и игрушки... И мне надо обезопасить дом для ребёнка!	Oh wow, that means we gotta get clothes and toys... and I should baby-proof the house!
Conversations/Bank/March/Relationship Lines/Child/pregnancy/stork_pregnant_0/3	No matter what happens, I'm going to make sure you and the baby are pampered!	Quoi qu'il arrive, je vais faire en sorte de vous dorloter, toi et le bébé !	Что бы ни случилось, тебя и малыша я буду опекать как зеницу ока!	No matter what happens, I'm going to make sure you and the baby are pampered!
Conversations/Bank/March/Relationship Lines/Child/pregnancy/stork_pregnant_0/init	[Ari]... I can't believe it...	[Ari]... Je n'arrive pas à le croire...	[Ari]... Поверить не могу...	[Ari]... I can't believe it...
Conversations/Bank/March/Relationship Lines/Child/pregnancy/stork_pregnant_1/1	Next I'm going to make sure all the cabinets are extra secure so the baby won't be able to get into anything they shouldn't...	Ensuite, je vais faire en sorte que les placards ferment bien, pour que le bébé ne puisse pas attraper des objets qu'il ne devrait pas...	Дальше я планирую удостовериться, что все шкафы запираются как надо. Чтобы малыш не залез, куда не надо...	Next I'm going to make sure all the cabinets are extra secure so the baby won't be able to get into anything they shouldn't...
Conversations/Bank/March/Relationship Lines/Child/pregnancy/stork_pregnant_1/2	And then... I'm going to buy some really cute baby clothes.	Et enfin... Je vais acheter des petits vêtements super mignons.	А затем... Пойду куплю самых симпатичных детских вещичек.	And then... I'm going to buy some really cute baby clothes.
Conversations/Bank/March/Relationship Lines/Child/pregnancy/stork_pregnant_1/init	I've made sure to clean the house in case the baby is sensitive to dust...	J'ai nettoyé la maison à fond, au cas où le bébé serait sensible à la poussière...	Я как следует убрался дома на случай, если у ребёнка аллергия на пыль...	I've made sure to clean the house in case the baby is sensitive to dust...
Conversations/Bank/March/Relationship Lines/Child/pregnancy/stork_pregnant_2/1	Obviously I'm in this, but... I'm getting nervous.	Bien sûr, je suis impliqué, mais... Je commence à devenir nerveux.	Я, безусловно, не отказываюсь от ответственности... Но очень нервничаю.	Obviously I'm in this, but... I'm getting nervous.
Conversations/Bank/March/Relationship Lines/Child/pregnancy/stork_pregnant_2/10	That's right... you're right.	C'est vrai... tu as raison.	Да... ты <p>правы</p><f>права</f><m>прав</m><n>право</n>.	That's right... you're right.
Conversations/Bank/March/Relationship Lines/Child/pregnancy/stork_pregnant_2/11	They'll be there for us and our kid, just the way they were there for me and Olric growing up.	Les habitants seront là pour nous et notre enfant, exactement comme ils l'ont été pour Olric et moi quand nous étions enfants.	Они помогут нам и нашему ребёнку. Как когда-то помогли маленьким мне и Ольрику.	They'll be there for us and our kid, just the way they were there for me and Olric growing up.
Conversations/Bank/March/Relationship Lines/Child/pregnancy/stork_pregnant_2/12	That makes me feel a lot better. Thanks, [Ari].	Ça me réconforte énormément. Merci, [Ari].	Так мне гораздо спокойнее. Спасибо, [Ari].	That makes me feel a lot better. Thanks, [Ari].
Conversations/Bank/March/Relationship Lines/Child/pregnancy/stork_pregnant_2/13	Honestly? I can't wait to do this with you.	Sincèrement ? J'ai hâte de me lancer là-dedans avec toi.	Честно? Жду не дождусь, когда мы с тобой станем родителями.	Honestly? I can't wait to do this with you.
Conversations/Bank/March/Relationship Lines/Child/pregnancy/stork_pregnant_2/2	Do you think I'm going to be a good dad?	Tu crois que je serai un bon père ?	Как ты думаешь, я смогу быть хорошим папой?	Do you think I'm going to be a good dad?
Conversations/Bank/March/Relationship Lines/Child/pregnancy/stork_pregnant_2/2/prompts/0	You're going to be a GREAT dad.	Tu seras un SUPER papa.	Ты будешь ЗАМЕЧАТЕЛЬНЫМ папой.	You're going to be a GREAT dad.
Conversations/Bank/March/Relationship Lines/Child/pregnancy/stork_pregnant_2/2/prompts/1	We're doing this together.	On va y arriver ensemble.	Я буду с тобой.	We're doing this together.
Conversations/Bank/March/Relationship Lines/Child/pregnancy/stork_pregnant_2/2/prompts/2	The whole town is supporting us, too.	Toute la ville nous soutient aussi, tu sais.	Целый город готов нам с тобой помогать!	The whole town is supporting us, too.
Conversations/Bank/March/Relationship Lines/Child/pregnancy/stork_pregnant_2/3	Whoa. You didn't even hesitate.	Waouh. Tu n'as même pas hésité avant de répondre.	Ого. Ты даже не сомневаешься.	Whoa. You didn't even hesitate.
Conversations/Bank/March/Relationship Lines/Child/pregnancy/stork_pregnant_2/4	Growing up, I always wished my dad was around to teach me things...	Quand j'étais plus petit, j'aurais voulu que mon père soit là pour m'apprendre des choses.	В детстве я всегда хотел, чтобы у меня был отец, который меня всему научит...	Growing up, I always wished my dad was around to teach me things...
Conversations/Bank/March/Relationship Lines/Child/pregnancy/stork_pregnant_2/5	I'm going to be that dad for our kid... the one I imagined.	C'est moi qui serai ce père-là pour notre enfant... Celui que je m'imaginais.	Таким отцом я и стану для нашего ребёнка... Как я представлял для себя.	I'm going to be that dad for our kid... the one I imagined.
Conversations/Bank/March/Relationship Lines/Child/pregnancy/stork_pregnant_2/6	Honestly, I can't wait.	Sincèrement, j'ai hâte.	Честно, уже не терпится.	Honestly, I can't wait.
Conversations/Bank/March/Relationship Lines/Child/pregnancy/stork_pregnant_2/7	You... you're right.	Tu... Tu as raison.	Ты... ты <p>правы</p><f>права</f><m>прав</m><n>право</n>.	You... you're right.
Conversations/Bank/March/Relationship Lines/Child/pregnancy/stork_pregnant_2/8	That's why I know I'll be a good parent... you'll be right there next to me.	C'est pour ça que je sais que je serai un bon parent... Tu seras là, à mes côtés.	Да, именно поэтому у меня получится стать хорошим родителем... Ты всегда будешь рядом со мной.	That's why I know I'll be a good parent... you'll be right there next to me.
Conversations/Bank/March/Relationship Lines/Child/pregnancy/stork_pregnant_2/9	Honestly, I can't wait to be a dad. I really want this.	Sincèrement, j'ai hâte de devenir papa. J'en ai vraiment envie.	Честно, мне уже не терпится стать отцом. Я так этого ждал.	Honestly, I can't wait to be a dad. I really want this.
Conversations/Bank/March/Relationship Lines/Child/pregnancy/stork_pregnant_2/init	[Ari]...	[Ari]...	[Ari]...	[Ari]...
Conversations/Bank/March/Relationship Lines/Child/pregnancy/stork_pregnant_3/1	I was saying that I was going to protect our baby from everything bad that could ever happen...	Je lui disais que j'allais protéger notre bébé de tout ce qui pourrait lui arriver de mal...	Я сказал, что защищу ребёнка от всех бед, что только могут произойти...	I was saying that I was going to protect our baby from everything bad that could ever happen...
Conversations/Bank/March/Relationship Lines/Child/pregnancy/stork_pregnant_3/2	And he said you can't do everything for a kid, because they'll eventually have to figure some things out on their own.	Et il m'a répondu qu'il n'était pas possible de tout faire pour ses enfants, parce qu'un jour, ils auraient de toute façon à se débrouiller par eux-mêmes.	А он ответил, что нельзя делать за ребёнка всё. Придёт пора, когда нужно узнавать всё самостоятельно.	And he said you can't do everything for a kid, because they'll eventually have to figure some things out on their own.
Conversations/Bank/March/Relationship Lines/Child/pregnancy/stork_pregnant_3/3	Huh.	Mmm.	Хм.	Huh.
Conversations/Bank/March/Relationship Lines/Child/pregnancy/stork_pregnant_3/4	Do you have to give good advice to become a bartender? Is there a test or something?	Est-ce qu'il faut savoir donner des conseils pour être gérant de taverne ? Il y a des épreuves à passer, ou quelque chose comme ça ?	Всем барменам полагается давать хорошие советы? Это что, требование при приёме на работу?	Do you have to give good advice to become a bartender? Is there a test or something?
Conversations/Bank/March/Relationship Lines/Child/pregnancy/stork_pregnant_3/init	Hemlock gave me some good advice while I was at the Inn earlier...	Hemlock m'a donné quelques bons conseils quand je suis passé à l'auberge, tout à l'heure...	Недавно я заходил в трактир, и Хемлок дал мне хороший совет...	Hemlock gave me some good advice while I was at the Inn earlier...
Conversations/Bank/March/Relationship Lines/Child/pregnancy/stork_pregnant_4/1	If it's me, then they'll have a smithy and a forge waiting for them, plus a dad and an uncle ready to show them the ropes.	Si c'est à moi, il aura une forge et son matériel qui l'attendent, plus un père et un oncle prêts à lui montrer les ficelles du métier.	Если в меня, то его ждёт горн и наковальня. А также папа и дядя, которые могут научить ремеслу.	If it's me, then they'll have a smithy and a forge waiting for them, plus a dad and an uncle ready to show them the ropes.
Conversations/Bank/March/Relationship Lines/Child/pregnancy/stork_pregnant_4/2	If it's you, then... well, I'd love that.	Si c'est à toi, eh bien... j'adorerais ça.	Если в тебя, то... Я буду очень рад.	If it's you, then... well, I'd love that.
Conversations/Bank/March/Relationship Lines/Child/pregnancy/stork_pregnant_4/3	I hope it's you.	J'espère qu'il tiendra de toi.	Надеюсь, что в тебя.	I hope it's you.
Conversations/Bank/March/Relationship Lines/Child/pregnancy/stork_pregnant_4/init	I wonder who the baby is going to take after...	Je me demande à qui le bébé va ressembler...	Интересно, в кого из нас получится ребёнок?	I wonder who the baby is going to take after...
Conversations/Bank/March/Relationship Lines/Child/pregnancy/stork_pregnant_5/1	"If we have a girl, what do you think of ""$Fray$""?"	Si on a une fille, que dirais-tu de « $Fray$ » ?	Если будет девочка, может, назовём её $Фрэй$?	"If we have a girl, what do you think of ""$Fray$""?"
Conversations/Bank/March/Relationship Lines/Child/pregnancy/stork_pregnant_5/2	When Olric and I were little, we'd read a book about Fray, the hero of the star...	Quand on était petits, avec Olric, on lisait un livre qui parlait de Fray, l'héroïne des étoiles...	В детстве у нас с Ольриком была книжка про Фрэй — избранницу звезды...	When Olric and I were little, we'd read a book about Fray, the hero of the star...
Conversations/Bank/March/Relationship Lines/Child/pregnancy/stork_pregnant_5/3	I just think it's a fitting name. For the child of a hero, you know? And <he>his</he><she>her</she><they>their</they><it>its</it><none>[Ari]'s</none> cool blacksmith husband.	Je trouve que c'est un nom bien adapté. Pour l'enfant <he>d'un héros</he><she>d'une héroïne</she><they>de quelqu'un d'héroïque</they> et de son époux forgeron super cool.	Просто думаю, это хороший выбор. Подходит для дочери спасителя Мистрии. И <p>их</p><f>её</f><m>его</m><n>его</n> крутого мужа-кузнеца.	I just think it's a fitting name. For the child of a hero, you know? And <he>his</he><she>her</she><they>their</they><it>its</it><none>[Ari]'s</none> cool blacksmith husband.
Conversations/Bank/March/Relationship Lines/Child/pregnancy/stork_pregnant_5/init	I've been thinking about baby names...	J'ai réfléchi à des noms pour le bébé...	Я размышлял, какое имя дать малышу...	I've been thinking about baby names...
Conversations/Bank/March/Relationship Lines/Child/pregnancy/stork_pregnant_6/1	I'll make sure I'm close by today, in case you guys need me.	Je vais rester dans le coin, aujourd'hui, au cas où lui et toi auriez besoin de moi.	Я сегодня не буду далеко отходить, вдруг нужна будет моя помощь.	I'll make sure I'm close by today, in case you guys need me.
Conversations/Bank/March/Relationship Lines/Child/pregnancy/stork_pregnant_6/2	I'm here for you and the baby, no matter what!	Je suis là pour toi et pour le bébé, quoi qu'il arrive !	Для вас с малышом я всегда рядом. Мне ничто не помешает!	I'm here for you and the baby, no matter what!
Conversations/Bank/March/Relationship Lines/Child/pregnancy/stork_pregnant_6/init	The baby could arrive at any time now, right?	Le bébé peut arriver d'un moment à l'autre, maintenant, non ?	Ребёнок уже вот-вот появится, да ведь?	The baby could arrive at any time now, right?
Conversations/Bank/March/Relationship Lines/Marriage/marriage_daily_dialogue/ari_plans_0/1	I was wondering what you'd get up to today.	Je me demandais ce que tu avais prévu pour aujourd'hui.	Чем думаешь сегодня заниматься?	I was wondering what you'd get up to today.
Conversations/Bank/March/Relationship Lines/Marriage/marriage_daily_dialogue/ari_plans_0/1/prompts/0	Probably check on the farm.	Sans doute m'occuper de la ferme.	Наверное, проведаю, как дела на ферме.	Probably check on the farm.
Conversations/Bank/March/Relationship Lines/Marriage/marriage_daily_dialogue/ari_plans_0/1/prompts/1	Fishing, maybe?	Aller à la pêche, peut-être ?	Может, порыбачу.	Fishing, maybe?
Conversations/Bank/March/Relationship Lines/Marriage/marriage_daily_dialogue/ari_plans_0/1/prompts/2	Might make a trip into the Mines...	Je vais peut-être aller faire un tour dans les mines...	Возможно, спущусь в шахты...	Might make a trip into the Mines...
Conversations/Bank/March/Relationship Lines/Marriage/marriage_daily_dialogue/ari_plans_0/2	You're really on top of stuff... I never really knew how much you were juggling until I moved into the homestead with you.	Tu gères vraiment tout... Je ne m'étais jamais vraiment rendu compte de tout ce que tu menais de front avant de m'installer avec toi.	Ты так тщательно за всем следишь... Я даже не думал, сколько у тебя тут дел, пока не переехал к тебе жить.	You're really on top of stuff... I never really knew how much you were juggling until I moved into the homestead with you.
Conversations/Bank/March/Relationship Lines/Marriage/marriage_daily_dialogue/ari_plans_0/3	You're inspiring me... I'll work extra hard at the forge today.	Tu es vraiment une source d'inspiration... Je vais redoubler d'efforts à la forge, aujourd'hui.	Ты меня вдохновляешь... Сегодня в кузнице выложусь по полной.	You're inspiring me... I'll work extra hard at the forge today.
Conversations/Bank/March/Relationship Lines/Marriage/marriage_daily_dialogue/ari_plans_0/4	Man, I'm lucky you're the angler between the two of us. I hate dealing with that stuff, so thanks.	Tu vois, je suis drôlement content que, de nous deux, ce soit toi qui aimes la pêche. Je déteste ça, alors merci.	Повезло же мне, что в нашей семье рыбалка по твоей части. Я это всё просто ненавижу, так что спасибо.	Man, I'm lucky you're the angler between the two of us. I hate dealing with that stuff, so thanks.
Conversations/Bank/March/Relationship Lines/Marriage/marriage_daily_dialogue/ari_plans_0/5	Oh, I could go to the forge today and make you some hooks, though. I have time... there's a little less demand for nails these days.	Oh, mais je pourrais te fabriquer quelques hameçons à la forge, aujourd'hui. J'ai du temps... On me demande moins de clous, en ce moment.	О, зато я могу сходить в кузницу и наделать тебе крючков. Время есть... Теперь спрос на гвозди наконец слегка упал.	Oh, I could go to the forge today and make you some hooks, though. I have time... there's a little less demand for nails these days.
Conversations/Bank/March/Relationship Lines/Marriage/marriage_daily_dialogue/ari_plans_0/6	Oh yeah? I can always use more ore.	Ah ouais ? Avoir davantage de minerai pourrait toujours servir.	А, да? Я от пополнений руды никогда не откажусь.	Oh yeah? I can always use more ore.
Conversations/Bank/March/Relationship Lines/Marriage/marriage_daily_dialogue/ari_plans_0/7	Obviously I worry about you, but I told myself I wouldn't be a husband who holds you back.	Bien sûr que je m'inquiète pour toi, mais je me suis promis de ne jamais te freiner, en tant que mari.	Разумеется, я за тебя переживаю. Но я обещал себе быть хорошим мужем и не сдерживать тебя.	Obviously I worry about you, but I told myself I wouldn't be a husband who holds you back.
Conversations/Bank/March/Relationship Lines/Marriage/marriage_daily_dialogue/ari_plans_0/8	So just... I'll see you tonight, okay?	Donc, euh... On se voit ce soir, d'accord ?	Так что... Увидимся вечером, ладно?	So just... I'll see you tonight, okay?
Conversations/Bank/March/Relationship Lines/Marriage/marriage_daily_dialogue/ari_plans_0/init	Heading out soon?	Tu vas bientôt sortir ?	Скоро уходишь?	Heading out soon?
Conversations/Bank/March/Relationship Lines/Marriage/marriage_daily_dialogue/basement_0/1	I guess I was missing you. Or something.	Je crois que tu me manquais. Un truc comme ça.	Видно, соскучился. Или что-то вроде того.	I guess I was missing you. Or something.
Conversations/Bank/March/Relationship Lines/Marriage/marriage_daily_dialogue/basement_0/init	Oh, I'm glad I ran into you.	Oh, je suis content de te croiser.	О, я рад, что мы встретились.	Oh, I'm glad I ran into you.
Conversations/Bank/March/Relationship Lines/Marriage/marriage_daily_dialogue/basement_1/1	I'll pick it up on the way home. See you tonight.	Je m'en chargerai en rentrant à la maison. À ce soir.	Я захвачу на обратном пути. Увидимся вечером.	I'll pick it up on the way home. See you tonight.
Conversations/Bank/March/Relationship Lines/Marriage/marriage_daily_dialogue/basement_1/init	What was it we needed from the store again?	De quoi on avait besoin au magasin, déjà ?	Напомни, что нам там было нужно в универмаге?	What was it we needed from the store again?
Conversations/Bank/March/Relationship Lines/Marriage/marriage_daily_dialogue/basement_2/1	You should decide. I always want =Sushi=... I'm depending on you to expand my horizons.	Je te laisse choisir. Moi, j'ai toujours envie de =sushis=... Alors je compte sur toi pour élargir mon horizon.	Лучше ты будешь принимать решения. Я всегда хочу =суши=... Так что в расширении моего кругозора положусь на тебя.	You should decide. I always want =Sushi=... I'm depending on you to expand my horizons.
Conversations/Bank/March/Relationship Lines/Marriage/marriage_daily_dialogue/basement_2/init	Did you have thoughts about dinner?	Tu as réfléchi à ce que tu voulais pour le dîner ?	Ты уже <p>думали</p><f>думала</f><m>думал</m><n>думало</n> про ужин?	Did you have thoughts about dinner?
Conversations/Bank/March/Relationship Lines/Marriage/marriage_daily_dialogue/basement_3/init	You got laundry? Give it here, I can take care of it.	Tu as du linge à laver ? Donne-le-moi, je peux m'en charger.	У тебя ест грязное бельё? Давай, я схожу постираю.	You got laundry? Give it here, I can take care of it.
Conversations/Bank/March/Relationship Lines/Marriage/marriage_daily_dialogue/basement_4/1	Um.	Hum.	Эм.	Um.
Conversations/Bank/March/Relationship Lines/Marriage/marriage_daily_dialogue/basement_4/2	Are you going to kiss me or not?!	Alors, tu m'embrasses, oui ou non ?!	Ты будешь меня целовать или нет?!	Are you going to kiss me or not?!
Conversations/Bank/March/Relationship Lines/Marriage/marriage_daily_dialogue/basement_4/init	You're kind of... close, [Ari]...	Tu es vraiment... très proche, [Ari]...	[Ari], ты стоишь... очень близко...	You're kind of... close, [Ari]...
Conversations/Bank/March/Relationship Lines/Marriage/marriage_daily_dialogue/basement_5/1	I'm... really lucky to have you by my side.	J'ai... vraiment de la chance de t'avoir à mes côtés.	Я... Я счастлив, что у меня есть ты.	I'm... really lucky to have you by my side.
Conversations/Bank/March/Relationship Lines/Marriage/marriage_daily_dialogue/basement_5/2	I was just thinking about you, that's all.	J'étais en train de penser à toi, c'est tout.	Просто думал о тебе, вот и всё.	I was just thinking about you, that's all.
Conversations/Bank/March/Relationship Lines/Marriage/marriage_daily_dialogue/basement_5/3	We're married! I'm allowed!	On est mariés ! J'ai le droit !	Мы уже в браке! Мне теперь можно!	We're married! I'm allowed!
Conversations/Bank/March/Relationship Lines/Marriage/marriage_daily_dialogue/basement_5/init	[Ari]... just... wait a minute there. I have to say something.	[Ari]... tu peux... rester là une minute ? J'ai quelque chose à te dire.	[Ari]... просто... погоди минутку. Я хочу кое-что сказать.	[Ari]... just... wait a minute there. I have to say something.
Conversations/Bank/March/Relationship Lines/Marriage/marriage_daily_dialogue/basement_6/1	That makes me kind of happy, for some reason...	Je ne sais pas pourquoi, mais ça me fait plaisir...	Почему-то мне приятно это слушать...	That makes me kind of happy, for some reason...
Conversations/Bank/March/Relationship Lines/Marriage/marriage_daily_dialogue/basement_6/init	Oh, were you looking for me?	Oh, tu me cherchais ?	О, ты меня <p>искали</p><f>искала</f><m>искал</m><n>искало</n>?	Oh, were you looking for me?
Conversations/Bank/March/Relationship Lines/Marriage/marriage_daily_dialogue/domestic_flavor_0/1	Unless you didn't feed them yet?	Sauf si tu ne lui avais pas encore donné sa ration ?	Если нет, значит меня уломали на вторую порцию.	Unless you didn't feed them yet?
Conversations/Bank/March/Relationship Lines/Marriage/marriage_daily_dialogue/domestic_flavor_0/init	I think [pet_name] tricked me into a second feeding time...	Je crois que je me suis fait avoir par [pet_name], je lui ai donné à manger une deuxième fois...	[pet_name] хитрюга... Ты уже <p>давали</p><f>давала</f><m>давал</m><n>давало</n> корм?	I think [pet_name] tricked me into a second feeding time...
Conversations/Bank/March/Relationship Lines/Marriage/marriage_daily_dialogue/domestic_flavor_1/1	Don't tell him I said so, but [pet_name]'s running circles around Rocky the Granitite.	Ne lui dis pas que je t'ai dit ça, mais [pet_name] tourne autour de Rocky le granit.	Ты ему не говори, но [pet_name] кругами бегает вокруг Глыбача Гранитного.	Don't tell him I said so, but [pet_name]'s running circles around Rocky the Granitite.
Conversations/Bank/March/Relationship Lines/Marriage/marriage_daily_dialogue/domestic_flavor_1/2	Not that Rocky doesn't have his charms, too.	Certes, Rocky aussi a son charme.	Хотя Глыбач по-своему привлекателен.	Not that Rocky doesn't have his charms, too.
Conversations/Bank/March/Relationship Lines/Marriage/marriage_daily_dialogue/domestic_flavor_1/init	I've never had a pet that wasn't one of Olric's pet rocks...	Je n'avais encore jamais eu d'animal autre que les cailloux domestiques d'Olric...	У меня никогда не было питомца, если не считать камни Ольрика...	I've never had a pet that wasn't one of Olric's pet rocks...
Conversations/Bank/March/Relationship Lines/Marriage/marriage_daily_dialogue/domestic_flavor_2/1	What's going on? What's with this tiny bed?	Qu'est-ce qui se passe ? Pourquoi ce lit est minuscule ?	Что-то случилось? Почему у нас такая крошечная кровать?	What's going on? What's with this tiny bed?
Conversations/Bank/March/Relationship Lines/Marriage/marriage_daily_dialogue/domestic_flavor_2/2	Come on, we're married. If you want us to sleep together, you need to get a proper double-sized bed.	On est mariés, tu sais. Si tu veux qu'on puisse dormir ensemble, il faut que tu t'équipes d'un vrai lit deux places.	Мы же теперь супруги. Если хочешь спать вместе, надо приобрести нормальную двуспальную кровать.	Come on, we're married. If you want us to sleep together, you need to get a proper double-sized bed.
Conversations/Bank/March/Relationship Lines/Marriage/marriage_daily_dialogue/domestic_flavor_2/3	Or is this furnace too hot to handle?	À moins que ce poêle soit trop chaud pour être manipulé ?	Или этот молот тебе не по плечу?	Or is this furnace too hot to handle?
Conversations/Bank/March/Relationship Lines/Marriage/marriage_daily_dialogue/domestic_flavor_2/init	[Ari]...	[Ari]...	[Ari]..	[Ari]...
Conversations/Bank/March/Relationship Lines/Marriage/marriage_daily_dialogue/domestic_flavor_3/1	Thanks for making a space for me here. Seeing my stuff around the farmhouse...	Merci d'avoir fait de la place pour moi, ici. Quand je vois mes affaires installées dans la ferme...	Спасибо, что <p>выделили</p><f>выделила</f><m>выделил</m><n>выделило</n> мне место. Приятно видеть мои вещи в доме...	Thanks for making a space for me here. Seeing my stuff around the farmhouse...
Conversations/Bank/March/Relationship Lines/Marriage/marriage_daily_dialogue/domestic_flavor_3/2	It makes me feel I really belong here, you know?	J'ai l'impression que c'est vraiment ici, chez moi.	Я и чувствовать себя стал по-домашнему.	It makes me feel I really belong here, you know?
Conversations/Bank/March/Relationship Lines/Marriage/marriage_daily_dialogue/domestic_flavor_3/init	Hey, [Ari]...	Dis, [Ari]...	Эй, [Ari]...	Hey, [Ari]...
Conversations/Bank/March/Relationship Lines/Marriage/marriage_daily_dialogue/dreams_0/1	You and I had discovered some kind of new ore in the Mines, and we were trying to figure out how to work it on the anvil...	Toi et moi, on découvrait un nouveau type de minerai dans les mines, et on essayait de trouver comment le travailler sur l'enclume...	Мы с тобой вдвоём нашли в шахтах какую-то неизвестную руду и пытались понять, как её обрабатывать...	You and I had discovered some kind of new ore in the Mines, and we were trying to figure out how to work it on the anvil...
Conversations/Bank/March/Relationship Lines/Marriage/marriage_daily_dialogue/dreams_0/2	Then you picked it up, and you started molding it in your hands like it was dough...	Et puis d'un coup, tu t'en saisissais et tu te mettais à le modeler entre tes mains comme si c'était de la pâte...	А потом ты её <p>взяли и стали</p><f>взяла и стала</f><m>взял и стал</m><n>взяло и стало</n> разминать в руках, словно тесто...	Then you picked it up, and you started molding it in your hands like it was dough...
Conversations/Bank/March/Relationship Lines/Marriage/marriage_daily_dialogue/dreams_0/3	And then I woke up.	C'est là que je me suis réveillé.	А потом я проснулся.	And then I woke up.
Conversations/Bank/March/Relationship Lines/Marriage/marriage_daily_dialogue/dreams_0/4	Wild, right?	C'est dingue, non ?	Глупость какая, да?	Wild, right?
Conversations/Bank/March/Relationship Lines/Marriage/marriage_daily_dialogue/dreams_0/init	I had that crazy dream again last night...	J'ai encore fait ce rêve de fou, la nuit dernière...	Прошлой ночью мне снова приснился какой-то безумный сон...	I had that crazy dream again last night...
Conversations/Bank/March/Relationship Lines/Marriage/marriage_daily_dialogue/evening_0/1	I, uh. Missed you today.	Tu, euh... <he>m'as manqué</he><she>m'as manquée</she><they>m'as manqué·e</they>, aujourd'hui.	Я, эм... Соскучился.	I, uh. Missed you today.
Conversations/Bank/March/Relationship Lines/Marriage/marriage_daily_dialogue/evening_0/init	Hey, you.	Salut, toi.	Эй, ты.	Hey, you.
Conversations/Bank/March/Relationship Lines/Marriage/marriage_daily_dialogue/evening_1/1	Maybe we can read... or you can tell me about your day.	On pourrait lire un peu... Ou alors tu me raconterais ta journée.	Можем почитать... Или ты можешь рассказать, как прошёл твой день.	Maybe we can read... or you can tell me about your day.
Conversations/Bank/March/Relationship Lines/Marriage/marriage_daily_dialogue/evening_1/2	Or we can do whatever you feel like doing.	Ou toute autre activité dont tu aurais envie.	Или можем поделать, что тебе захочется.	Or we can do whatever you feel like doing.
Conversations/Bank/March/Relationship Lines/Marriage/marriage_daily_dialogue/evening_1/init	What a long day... should we start getting ready for bed?	Quelle longue journée... Si on se préparait à aller se coucher ?	Долгий был сегодня день... Может, нам пора в кровать?	What a long day... should we start getting ready for bed?
Conversations/Bank/March/Relationship Lines/Marriage/marriage_daily_dialogue/evening_2/1	Mine is way nicer, now that you're home.	La mienne se passe encore mieux, maintenant que tu es à la maison.	Мой сразу стал лучше, когда ты <p>пришли</p><f>пришла</f><m>пришёл</m><n>пришло</n>.	Mine is way nicer, now that you're home.
Conversations/Bank/March/Relationship Lines/Marriage/marriage_daily_dialogue/evening_2/init	Hey, did you have a good day?	Salut, tu as passé une bonne journée ?	Привет, как прошёл твой день?	Hey, did you have a good day?
Conversations/Bank/March/Relationship Lines/Marriage/marriage_daily_dialogue/evening_3/1	I...	Je t'...	Я люб...	I...
Conversations/Bank/March/Relationship Lines/Marriage/marriage_daily_dialogue/evening_3/2	I love you.	T'aim...	блю...	I love you.
Conversations/Bank/March/Relationship Lines/Marriage/marriage_daily_dialogue/evening_3/3	You make me really happy.	Euh. Tu me rends vraiment heureux.	Тьфу! Я счастлив, когда ты рядом.	You make me really happy.
Conversations/Bank/March/Relationship Lines/Marriage/marriage_daily_dialogue/evening_3/init	[Ari]...	[Ari]...	[Ari]...	[Ari]...
Conversations/Bank/March/Relationship Lines/Marriage/marriage_daily_dialogue/fall_evening_0/1	Throwing dead leaves into the forge.	Jeter des feuilles mortes dans le foyer de la forge.	Бросать опавшие листья в печь.	Throwing dead leaves into the forge.
Conversations/Bank/March/Relationship Lines/Marriage/marriage_daily_dialogue/fall_evening_0/2	It's not like it's really bad, but it makes the temperature fluctuate!	Ce n'est pas très grave, mais ça m'empêche de garder une température constante !	Не то чтобы это совсем плохо, просто создаёт температурные флуктуации!	It's not like it's really bad, but it makes the temperature fluctuate!
Conversations/Bank/March/Relationship Lines/Marriage/marriage_daily_dialogue/fall_evening_0/init	Now that fall's here, Dell's favorite pastime is back...	Maintenant que l'automne est là, Dell a retrouvé son passe-temps favori...	Вот и осень пришла, а с ней и любимое развлечение Делл...	Now that fall's here, Dell's favorite pastime is back...
Conversations/Bank/March/Relationship Lines/Marriage/marriage_daily_dialogue/fall_evening_1/1	Everything's blazing red... it gets me fired up!	Toutes ces teintes rouges flamboyantes... ça m'enflamme !	Всё сияет красным... От такого вида у меня разгорается сердце!	Everything's blazing red... it gets me fired up!
Conversations/Bank/March/Relationship Lines/Marriage/marriage_daily_dialogue/fall_evening_1/init	Fall colors in town look great, but they look even more amazing here on the farm.	En ville, les couleurs automnales sont très jolies, mais ici, à la ferme, elles sont époustouflantes.	Город в осенних цветах выглядит красиво, но это ничто по сравнению с твоей фермой.	Fall colors in town look great, but they look even more amazing here on the farm.
Conversations/Bank/March/Relationship Lines/Marriage/marriage_daily_dialogue/fall_morning_0/1	The trees aren't even that close! How are leaves getting over to the forge?	Il n'y a même pas d'arbres tout près ! Comment elles font pour arriver jusqu'à la forge ?	Деревья там даже не близко! Как эти листья умудряются падать в кузницу?	The trees aren't even that close! How are leaves getting over to the forge?
Conversations/Bank/March/Relationship Lines/Marriage/marriage_daily_dialogue/fall_morning_0/2	Can trees mess with you? Should we ask Celine!?	Les arbres peuvent nous embêter exprès ? On devrait poser la question à Céline, tu crois ?!	Деревья умеют нарочно дразниться? Может, нам спросить Селин?!	Can trees mess with you? Should we ask Celine!?
Conversations/Bank/March/Relationship Lines/Marriage/marriage_daily_dialogue/fall_morning_0/init	I'm always sweeping leaves around the anvil in fall...	En automne, je n'arrête pas de balayer les feuilles autour de l'enclume...	Осенью я вечно сметаю листву от наковальни...	I'm always sweeping leaves around the anvil in fall...
Conversations/Bank/March/Relationship Lines/Marriage/marriage_daily_dialogue/fall_morning_1/1	And I've been thinking... it's just us out here, right?	Et je me disais... il n'y a que toi et moi, ici, n'est-ce pas ?	И я подумал... Тут ведь кроме нас никого нет?	And I've been thinking... it's just us out here, right?
Conversations/Bank/March/Relationship Lines/Marriage/marriage_daily_dialogue/fall_morning_1/2	So maybe if I sweep up the leaves while you're out, we can do it later. If you want.	Peut-être que si je balaie les feuilles pour en faire un tas pendant que tu es dehors, on pourra sauter dedans plus tard. Si tu en as envie.	Может, я смету листья, пока тебя нет, а потом попробуем прыгнуть. Если хочешь.	So maybe if I sweep up the leaves while you're out, we can do it later. If you want.
Conversations/Bank/March/Relationship Lines/Marriage/marriage_daily_dialogue/fall_morning_1/init	Olric and I used to go diving into leaf piles when we were kids.	Quand on était gamins, Olric et moi, on sautait dans les tas de feuilles.	В детстве мы с Ольриком часто ныряли в кучи листьев.	Olric and I used to go diving into leaf piles when we were kids.
Conversations/Bank/March/Relationship Lines/Marriage/marriage_daily_dialogue/morning_0/init	I was thinking about this when I woke up, but... I sleep a lot better next to you, you know that?	Je me suis fait une réflexion ce matin, en me levant... Je dors bien mieux avec toi à mes côtés, tu sais.	Когда я проснулся, мне пришло в голову... Ты знаешь, что с тобой мне спится гораздо лучше?	I was thinking about this when I woke up, but... I sleep a lot better next to you, you know that?
Conversations/Bank/March/Relationship Lines/Marriage/marriage_daily_dialogue/morning_1/1	You sleep okay?	Tu euh... tu as bien dormi ?	Как, эм... Как тебе спалось?	You sleep okay?
Conversations/Bank/March/Relationship Lines/Marriage/marriage_daily_dialogue/morning_1/init	Morning, [Ari].	Bonjour, [Ari].	Утро, [Ari].	Morning, [Ari].
Conversations/Bank/March/Relationship Lines/Marriage/marriage_daily_dialogue/rainy_evening_0/1	Did you get soaked working all day out there? Want me to warm you up?	Tu as travaillé à l'extérieur toute la journée, tu as dû te faire tremper. Tu veux que je te réchauffe ?	Ты наверняка <p>промокли</p><f>промокла</f><m>промок</m><n>промокло</n> за работой. Хочешь, я тебя согрею?	Did you get soaked working all day out there? Want me to warm you up?
Conversations/Bank/March/Relationship Lines/Marriage/marriage_daily_dialogue/rainy_evening_0/init	It's been really coming down all day, huh...	Il n'a pas cessé de pleuvoir, aujourd'hui, hein...	Хм, весь день льёт как из ведра...	It's been really coming down all day, huh...
Conversations/Bank/March/Relationship Lines/Marriage/marriage_daily_dialogue/rainy_morning_0/1	Heh. Me, either. No wonder we're married.	Ha. Moi, c'est pareil. Pas étonnant qu'on soit mariés.	Хех. Вот и я нет. Понятно, почему мы с тобой супруги.	Heh. Me, either. No wonder we're married.
Conversations/Bank/March/Relationship Lines/Marriage/marriage_daily_dialogue/rainy_morning_0/init	Do you ever take the day off when it's raining?	Est-ce que tu prends parfois un jour de congé, quand il pleut ?	Ты хоть иногда устраиваешь себе выходной из-за дождя?	Do you ever take the day off when it's raining?
Conversations/Bank/March/Relationship Lines/Marriage/marriage_daily_dialogue/sleepy_0/1	I wouldn't have minded a late morning lying around in bed with you...	Je n'aurais pas dit non à une grasse matinée au lit avec toi...	Я бы не отказался этим утром поваляться подольше в кровати вдвоём...	I wouldn't have minded a late morning lying around in bed with you...
Conversations/Bank/March/Relationship Lines/Marriage/marriage_daily_dialogue/sleepy_0/2	There's still time, you know.	On a encore le temps, tu sais.	Ещё не поздно вернуться.	There's still time, you know.
Conversations/Bank/March/Relationship Lines/Marriage/marriage_daily_dialogue/sleepy_0/init	Ugh, I can't stop yawning.	Ah, je n'arrive pas à m'arrêter de bâiller.	Гх, никак не перестану зевать.	Ugh, I can't stop yawning.
Conversations/Bank/March/Relationship Lines/Marriage/marriage_daily_dialogue/snowy_evening_0/1	It's so pristine I don't want to touch it...	Elle est si immaculée que je n'ose pas la toucher...	Такой чистый, что даже не хочется трогать.	It's so pristine I don't want to touch it...
Conversations/Bank/March/Relationship Lines/Marriage/marriage_daily_dialogue/snowy_evening_0/2	On the other hand, it makes me want to build a big double-decker snow house with you.	Et en même temps, ça me donne envie de construire une énorme maison en neige à deux niveaux avec toi.	А с другой стороны, из него хочется построить огромный двухэтажный дом. Вместе с тобой.	On the other hand, it makes me want to build a big double-decker snow house with you.
Conversations/Bank/March/Relationship Lines/Marriage/marriage_daily_dialogue/snowy_evening_0/init	The snow looks so pretty out here on the farm.	La neige est tellement jolie ici, sur la ferme.	У тебя на ферме снег такой красивый.	The snow looks so pretty out here on the farm.
Conversations/Bank/March/Relationship Lines/Marriage/marriage_daily_dialogue/snowy_morning_0/1	I might go out, too. I like studying how icicles freeze along the edge of the roof... sometimes it looks like filigree.	Je vais peut-être faire un tour dehors, moi aussi. J'aime regarder comment les stalactites se forment le long du toit... On dirait parfois un filigrane.	Может, я тоже выйду. Люблю рассматривать, как сосульки замерзают на крыше... Иногда выглядит совершенно филигранно.	I might go out, too. I like studying how icicles freeze along the edge of the roof... sometimes it looks like filigree.
Conversations/Bank/March/Relationship Lines/Marriage/marriage_daily_dialogue/snowy_morning_0/init	Are you heading out today? Bundle up.	Tu sors, aujourd'hui ? Couvre-toi bien.	Ты сегодня на улицу? Укутайся хорошенько.	Are you heading out today? Bundle up.
Conversations/Bank/March/Relationship Lines/Marriage/marriage_daily_dialogue/spouse_plans_0/1	And I got pretty into the details on a piece for a client in the Capital.	Sans compter que je me suis lancé dans un travail assez minutieux sur une pièce destinée à un client de la capitale.	И мне надо доделать мелочи по одной тонкой работе для столичного клиента.	And I got pretty into the details on a piece for a client in the Capital.
Conversations/Bank/March/Relationship Lines/Marriage/marriage_daily_dialogue/spouse_plans_0/2	Also want to check in on Olric. He's pretty self-sufficient, but sometimes he stays up all night looking at his rock collection...	Je voudrais aussi aller voir si Olric va bien. Il peut se débrouiller seul, mais parfois, il passe la nuit entière à admirer sa collection de cailloux...	А ещё хочу проведать Ольрика. Он довольно самостоятельный, но иногда всю ночь рассматривает свою коллекцию камней вместо тог, чтобы спать.	Also want to check in on Olric. He's pretty self-sufficient, but sometimes he stays up all night looking at his rock collection...
Conversations/Bank/March/Relationship Lines/Marriage/marriage_daily_dialogue/spouse_plans_0/init	Think I'll head over to the forge today. There's some last minute orders from Adeline...	Je crois que je vais aller faire un tour à la forge, aujourd'hui. Adeline m'a passé quelques commandes de dernière minute...	Думаю, я сегодня пойду в кузницу. Пришли срочные заказы от Аделины...	Think I'll head over to the forge today. There's some last minute orders from Adeline...
Conversations/Bank/March/Relationship Lines/Marriage/marriage_daily_dialogue/spring_evening_0/1	I don't like the idea of tracking dirt all over our cute house.	Je n'aime pas l'idée de laisser des traces de terre partout dans notre jolie maison.	Не хочу развозить грязь по нашему симпатичному дому.	I don't like the idea of tracking dirt all over our cute house.
Conversations/Bank/March/Relationship Lines/Marriage/marriage_daily_dialogue/spring_evening_0/init	Ugh, the roads get so muddy in spring...	Pfff, les chemins sont tellement boueux, au printemps...	Гх, весной дороги превращаются в слякоть.	Ugh, the roads get so muddy in spring...
Conversations/Bank/March/Relationship Lines/Marriage/marriage_daily_dialogue/spring_evening_1/1	It's a nice change from the smell of charcoal.	Ça change agréablement de l'odeur du charbon.	Приятное разнообразие после запаха угольной гари.	It's a nice change from the smell of charcoal.
Conversations/Bank/March/Relationship Lines/Marriage/marriage_daily_dialogue/spring_evening_1/init	The spring breeze smells so nice on the farm... it's so earthy.	La brise de printemps sent tellement bon, sur la ferme... Elle a une odeur de terre.	Весенний ветерок разносит по ферме такой приятный аромат... очень землистый.	The spring breeze smells so nice on the farm... it's so earthy.
Conversations/Bank/March/Relationship Lines/Marriage/marriage_daily_dialogue/spring_morning_0/1	Do you think Valen's got an allergy syrup or something?	Tu crois que Valen aurait un sirop contre les allergies, ou quelque chose comme ça ?	Как ты думаешь, у Вален есть сироп от аллергии?	Do you think Valen's got an allergy syrup or something?
Conversations/Bank/March/Relationship Lines/Marriage/marriage_daily_dialogue/spring_morning_0/2	Maybe I'll swing by the Clinic... ugh...	Je vais peut-être passer à la clinique... argh...	Может, зайти к ней в клинику... ох...	Maybe I'll swing by the Clinic... ugh...
Conversations/Bank/March/Relationship Lines/Marriage/marriage_daily_dialogue/spring_morning_0/init	Hey, are my eyes red? My allergies are going crazy.	Dis, est-ce que j'ai les yeux rouges ? Mes allergies se déchaînent.	Слушай, у меня глаза красные? Аллергия просто замучила.	Hey, are my eyes red? My allergies are going crazy.
Conversations/Bank/March/Relationship Lines/Marriage/marriage_daily_dialogue/spring_morning_1/1	So if you need an extra pair of hands around the farm, just say the word.	Si tu as besoin d'une paire de bras supplémentaires à la ferme, tu n'as qu'un mot à dire.	Так что если понадобится помощь по ферме, только скажи.	So if you need an extra pair of hands around the farm, just say the word.
Conversations/Bank/March/Relationship Lines/Marriage/marriage_daily_dialogue/spring_morning_1/init	I always get so much energy in the spring.	Je me sens toujours plein d'énergie, au printemps.	Весной я всегда полон энергии.	I always get so much energy in the spring.
Conversations/Bank/March/Relationship Lines/Marriage/marriage_daily_dialogue/summer_evening_0/1	Is it too hot to cuddle in bed? We should try anyway.	Tu crois qu'il fait trop chaud pour rester au lit ? On devrait au moins essayer.	Слишком жарко, чтобы обниматься в постели, да? Ничего, всё равно попробуем.	Is it too hot to cuddle in bed? We should try anyway.
Conversations/Bank/March/Relationship Lines/Marriage/marriage_daily_dialogue/summer_evening_0/init	Ugh, this heat...	Argh, quelle chaleur...	Ох, ну и жарища...	Ugh, this heat...
Conversations/Bank/March/Relationship Lines/Marriage/marriage_daily_dialogue/summer_evening_1/1	It's nice to fall asleep together with a cool breeze, right?	C'est agréable de s'endormir ensemble sous une brise fraîche, non ?	Приятно засыпать вдвоём под прохладный ветерок, да ведь?	It's nice to fall asleep together with a cool breeze, right?
Conversations/Bank/March/Relationship Lines/Marriage/marriage_daily_dialogue/summer_evening_1/init	I love keeping the windows open in summer...	J'adore laisser les fenêtres ouvertes en été...	Обожаю летом держать окна настежь...	I love keeping the windows open in summer...
Conversations/Bank/March/Relationship Lines/Marriage/marriage_daily_dialogue/summer_morning_0/1	I'm usually pretty good at keeping the forge fire steady just by feeling the heat...	Habituellement, j'arrive à maintenir le feu de la forge à une température stable, rien qu'en sentant sa chaleur...	Обычно я неплохо поддерживаю огонь в печи, полагаясь на свои ощущения...	I'm usually pretty good at keeping the forge fire steady just by feeling the heat...
Conversations/Bank/March/Relationship Lines/Marriage/marriage_daily_dialogue/summer_morning_0/2	Except in this season. It's already hot, so it trips me up!	Sauf en cette saison. Il fait déjà chaud, alors ça me déboussole !	Но не в этот сезон. Вокруг всегда жара, так что я чувства меня обманывают!	Except in this season. It's already hot, so it trips me up!
Conversations/Bank/March/Relationship Lines/Marriage/marriage_daily_dialogue/summer_morning_0/init	The beginning of summer always throws me off my game.	Le début de l'été me perturbe toujours.	В начале лета у меня всегда притупляется чутьё.	The beginning of summer always throws me off my game.
Conversations/Bank/March/Relationship Lines/Marriage/marriage_daily_dialogue/summer_morning_1/1	I used to spend every day working, but now I want to take more time off and spend it with you.	Autrefois, je travaillais tous les jours, mais maintenant, j'ai envie de prendre du temps libre et de le passer avec toi.	Раньше я каждый день проводил за работой. А теперь мне чаще хочется брать выходные, чтобы быть рядом с тобой.	I used to spend every day working, but now I want to take more time off and spend it with you.
Conversations/Bank/March/Relationship Lines/Marriage/marriage_daily_dialogue/summer_morning_1/2	Hey, let's go to the Beach soon!	D'ailleurs, il faudrait qu'on aille à la plage, un de ces quatre !	Слушай, а давай выберемся на пляж!	Hey, let's go to the Beach soon!
Conversations/Bank/March/Relationship Lines/Marriage/marriage_daily_dialogue/summer_morning_1/init	Spending summer with you is... pretty great.	Passer l'été avec toi, c'est... plutôt génial.	Проводить лето вместе с тобой... очень приятно.	Spending summer with you is... pretty great.
Conversations/Bank/March/Relationship Lines/Marriage/marriage_daily_dialogue/winter_evening_0/1	Come on, let's get into bed. I'll warm you up.	Viens, mettons-nous au lit. Je te réchaufferai.	Пойдём, пора в кровать. Я тебя согрею.	Come on, let's get into bed. I'll warm you up.
Conversations/Bank/March/Relationship Lines/Marriage/marriage_daily_dialogue/winter_evening_0/init	The night got cold really fast, didn't it?	Les nuits se sont rafraîchies très rapidement, tu ne trouves pas ?	Ночью так резко похолодало!	The night got cold really fast, didn't it?
Conversations/Bank/March/Relationship Lines/Marriage/marriage_daily_dialogue/winter_evening_1/1	When the sky's clear, we should go up to the summit together.	Quand le ciel est dégagé, on devrait grimper jusqu'au sommet, tous les deux.	Нам надо вместе сходить на вершину, когда будет ясное небо.	When the sky's clear, we should go up to the summit together.
Conversations/Bank/March/Relationship Lines/Marriage/marriage_daily_dialogue/winter_evening_1/init	Winter's a really nice time for stargazing...	L'hiver est vraiment une belle période pour admirer les étoiles...	Зима — хорошее время, чтобы посмотреть на звёзды...	Winter's a really nice time for stargazing...
Conversations/Bank/March/Relationship Lines/Marriage/marriage_daily_dialogue/winter_morning_0/1	Then they look over my shoulder and say whatever they want...	Ils regardent par-dessus mon épaule et font des commentaires...	А потом ещё заглядывают мне под руку и мелют всякую чепуху...	Then they look over my shoulder and say whatever they want...
Conversations/Bank/March/Relationship Lines/Marriage/marriage_daily_dialogue/winter_morning_0/2	Well... I guess I don't mind the company, so it's alright.	Enfin... Ça ne me gêne pas d'avoir de la compagnie, alors ce n'est pas grave.	Впрочем... Не беда, я не против их общества.	Well... I guess I don't mind the company, so it's alright.
Conversations/Bank/March/Relationship Lines/Marriage/marriage_daily_dialogue/winter_morning_0/init	Winter means the freeloaders hang around the forge to warm themselves up.	En hiver, il y a toujours des profiteurs qui traînent autour de la forge pour se réchauffer.	Зимой всякие бездельники собираются у печи погреться.	Winter means the freeloaders hang around the forge to warm themselves up.
Conversations/Bank/March/Relationship Lines/Marriage/marriage_daily_dialogue/winter_morning_1/1	I'm glad I can share it with you.	Je suis heureux de pouvoir en profiter avec toi.	Я рад, что могу разделить его с тобой.	I'm glad I can share it with you.
Conversations/Bank/March/Relationship Lines/Marriage/marriage_daily_dialogue/winter_morning_1/init	The view out here on the farm is beautiful in winter, [Ari].	La vue qu'on a sur la ferme est magnifique en hiver, [Ari].	На твоей ферме зимой открывается потрясающий вид, [Ari].	The view out here on the farm is beautiful in winter, [Ari].
Conversations/Bank/March/Relationship Lines/Marriage/marriage_daily_dialogue/workstation_0/1	I'll be back with you soon, okay?	Je te rejoins très vite, d'accord ?	Скоро вернусь и поболтаем, хорошо?	I'll be back with you soon, okay?
Conversations/Bank/March/Relationship Lines/Marriage/marriage_daily_dialogue/workstation_0/init	Oh! Sorry, [Ari], I was totally in the zone with work...	Oh ! Désolé, [Ari], j'étais totalement concentré sur mon travail...	Ой! Прости, [Ari], я так увлёкся работой...	Oh! Sorry, [Ari], I was totally in the zone with work...
Conversations/Bank/March/Relationship Lines/Marriage/marriage_daily_dialogue/workstation_1/1	So when you're making an alloy, you have to be mindful of how the metals change each other.	Alors quand on fabrique un alliage, il faut être très attentif à la façon dont ils s'influencent.	Так что когда изготавливаешь сплав, надо следить, как металлы взаимодействуют друг с другом.	So when you're making an alloy, you have to be mindful of how the metals change each other.
Conversations/Bank/March/Relationship Lines/Marriage/marriage_daily_dialogue/workstation_1/2	I guess people are like that, too...	C'est comme dans la vraie vie...	Впрочем, в жизни тоже так...	I guess people are like that, too...
Conversations/Bank/March/Relationship Lines/Marriage/marriage_daily_dialogue/workstation_1/init	Iron, Silver, Gold... they all have different attributes.	Fer, argent, or... Chaque métal a des propriétés et une température de fonte différentes.	Железо, серебро, золото... У всех металлов разные свойства и разные точки плавления.	Iron, Silver, Gold... they all have different attributes.
Conversations/Bank/March/Relationship Lines/Marriage/marriage_daily_dialogue/workstation_2/1	If the whole thing's going to be ornamental, then maybe I should cast it instead of forging it...	Si c'est destiné à être purement décoratif, je devrais peut-être le mouler, plutôt que le forger...	Если это такая орнаментальная композиция, может, лучше её не ковать, а отлить...	If the whole thing's going to be ornamental, then maybe I should cast it instead of forging it...
Conversations/Bank/March/Relationship Lines/Marriage/marriage_daily_dialogue/workstation_2/init	How should I tackle this project...	Comment je vais gérer ce projet...?	Как бы подступиться к этому проекту...	How should I tackle this project...
Conversations/Bank/March/Relationship Lines/Marriage/marriage_daily_dialogue/workstation_3/1	Ugh, I can't fall asleep now! I have work to do!	Argh, je ne dois pas m'endormir maintenant ! J'ai du travail !	Гх, я теперь не могу заснуть! У меня ещё работа!	Ugh, I can't fall asleep now! I have work to do!
Conversations/Bank/March/Relationship Lines/Marriage/marriage_daily_dialogue/workstation_3/init	I was just going to sit down for a second but then I got real tired...	Je voulais juste m'asseoir une seconde, et puis j'ai eu un gros coup de fatigue...	Я хотел просто на секундочку присесть, но вдруг почувствовал такую усталость...	I was just going to sit down for a second but then I got real tired...
Conversations/Bank/March/Relationship Lines/Marriage/marriage_daily_dialogue/workstation_4/1	It's not a bad book or anything but there's a lot of, um...	Il n'est pas mauvais, simplement, il y a beaucoup de... hum...	Неплохая в общем-то книга, но там очень много, эм...	It's not a bad book or anything but there's a lot of, um...
Conversations/Bank/March/Relationship Lines/Marriage/marriage_daily_dialogue/workstation_4/2	...	...	...	...
Conversations/Bank/March/Relationship Lines/Marriage/marriage_daily_dialogue/workstation_4/3	Nevermind! I'm going to keep reading!	Peu importe ! Je vais continuer à le lire !	Не важно! Пойду дальше читать!	Nevermind! I'm going to keep reading!
Conversations/Bank/March/Relationship Lines/Marriage/marriage_daily_dialogue/workstation_4/init	Elsie insisted I borrow this book from her.	Elsie a insisté pour que je lui emprunte ce livre.	Элси настоятельно рекомендовала мне одолжить у неё эту книгу.	Elsie insisted I borrow this book from her.
Conversations/Bank/March/Relationship Lines/Marriage/marriage_daily_dialogue/workstation_5/1	But I'm actually thinking deeply about my craft.	Mais en réalité, je suis en pleine réflexion sur mon art.	Но вообще-то я погружён в размышления о кузнечном деле.	But I'm actually thinking deeply about my craft.
Conversations/Bank/March/Relationship Lines/Marriage/marriage_daily_dialogue/workstation_5/2	As you're aware, this is an important part of being an artisan.	Comme tu le sais, c'est une part importante du métier d'artisan.	Как тебе известно, для всякого ремесленника это важная часть работы.	As you're aware, this is an important part of being an artisan.
Conversations/Bank/March/Relationship Lines/Marriage/marriage_daily_dialogue/workstation_5/3	Also, please wake me up if I fall asleep.	D'ailleurs, réveille-moi si tu vois que je m'endors, s'il te plaît.	И всё-таки, разбуди меня, пожалуйста, если засну.	Also, please wake me up if I fall asleep.
Conversations/Bank/March/Relationship Lines/Marriage/marriage_daily_dialogue/workstation_5/init	I might look like I'm relaxing...	Je donne peut-être l'impression d'être en train de me détendre...	Со стороны может показаться, что я прохлаждаюсь...	I might look like I'm relaxing...
Conversations/Bank/March/Relationship Lines/Marriage/marriage_daily_dialogue/workstation_6/1	Iron burns bright orange, though.	Celle du fer, en revanche, est orange vif.	А вот железо даёт ярко-рыжий.	Iron burns bright orange, though.
Conversations/Bank/March/Relationship Lines/Marriage/marriage_daily_dialogue/workstation_6/2	I'll show you some time.	Je te montrerai, à l'occasion.	Я тебе как-нибудь покажу.	I'll show you some time.
Conversations/Bank/March/Relationship Lines/Marriage/marriage_daily_dialogue/workstation_6/init	Did you know that copper burns green?	Tu savais que lorsqu'on brûlait du cuivre, sa flamme était verte ?	Ты знаешь, что медь горит зелёным пламенем?	Did you know that copper burns green?
Conversations/Bank/March/Relationship Lines/Marriage/marriage_daily_dialogue/workstation_7/1	Most smiths would kill for a patron like Eiland, you know.	Tu sais, la plupart des forgerons tueraient pour avoir un mécène comme Eiland.	Такого покровителя как Эйланд большинство кузнецов видели только в мечтах.	Most smiths would kill for a patron like Eiland, you know.
Conversations/Bank/March/Relationship Lines/Marriage/marriage_daily_dialogue/workstation_7/init	It's nice living in town with an eccentric noble who's obsessed with commissioning reproductions.	C'est sympa de vivre dans une ville occupée par un noble excentrique qui ne pense qu'à commander des reproductions.	Удобно жить в городе с эксцентричным дворянином, помешанным на репродукциях.	It's nice living in town with an eccentric noble who's obsessed with commissioning reproductions.
Conversations/Bank/March/Relationship Lines/Marriage/marriage_daily_dialogue/workstation_8/1	Looks like March's star is rising!	On dirait que March devient l'étoile montante !	Кажется, звезда Марта начинает восход!	Looks like March's star is rising!
Conversations/Bank/March/Relationship Lines/Marriage/marriage_daily_dialogue/workstation_8/init	I've been getting more and more custom orders from the Capital lately.	Depuis quelque temps, j'ai de plus en plus de commandes venant de la capitale.	В последнее время у меня всё больше индивидуальных заказов из столицы.	I've been getting more and more custom orders from the Capital lately.
Conversations/Bank/March/Relationship Lines/Marriage/marriage_festival_mornings/animal_festival/1	I think our animals will do well this year.			I think our animals will do well this year.
Conversations/Bank/March/Relationship Lines/Marriage/marriage_festival_mornings/animal_festival/2	Even if we don't bring home any ribbons, I know they're all winners.			Even if we don't bring home any ribbons, I know they're all winners.
Conversations/Bank/March/Relationship Lines/Marriage/marriage_festival_mornings/animal_festival/init	Happy $Animal Festival$!			Happy $Animal Festival$!
Conversations/Bank/March/Relationship Lines/Marriage/marriage_festival_mornings/harvest_festival/1	I know everyone's excited over the big harvest feast this year...			I know everyone's excited over the big harvest feast this year...
Conversations/Bank/March/Relationship Lines/Marriage/marriage_festival_mornings/harvest_festival/2	But I'm honestly looking forward to a dance with you.			But I'm honestly looking forward to a dance with you.
Conversations/Bank/March/Relationship Lines/Marriage/marriage_festival_mornings/harvest_festival/init	Morning, [Ari]... Happy $Harvest Festival$!			Morning, [Ari]... Happy $Harvest Festival$!
Conversations/Bank/March/Relationship Lines/Marriage/marriage_festival_mornings/shooting_star_festival/1	If you'd like to see them up on the summit... I'd like that, too.			If you'd like to see them up on the summit... I'd like that, too.
Conversations/Bank/March/Relationship Lines/Marriage/marriage_festival_mornings/shooting_star_festival/init	Hey, [Ari]... it's the $Shooting Star Festival$ tonight.			Hey, [Ari]... it's the $Shooting Star Festival$ tonight.
Conversations/Bank/March/Relationship Lines/Marriage/marriage_festival_mornings/spring_festival/1	I've been seeing you collect $Breath of Spring$ all over the farm...			I've been seeing you collect $Breath of Spring$ all over the farm...
Conversations/Bank/March/Relationship Lines/Marriage/marriage_festival_mornings/spring_festival/2	You're going to clobber the competition this year.			You're going to clobber the competition this year.
Conversations/Bank/March/Relationship Lines/Marriage/marriage_festival_mornings/spring_festival/init	Morning, [Ari]... it's the $Spring Festival$ today, isn't it?			Morning, [Ari]... it's the $Spring Festival$ today, isn't it?
Conversations/Bank/March/Relationship Lines/Marriage/marriage_market_mornings/market_darcy/1	I'm thinking of going to Darcy's to get a =Mocha=... she always draws something cool in the foam for me.			I'm thinking of going to Darcy's to get a =Mocha=... she always draws something cool in the foam for me.
Conversations/Bank/March/Relationship Lines/Marriage/marriage_market_mornings/market_darcy/init	Morning, [Ari]! You going to the Saturday Market today?			Morning, [Ari]! You going to the Saturday Market today?
Conversations/Bank/March/Relationship Lines/Marriage/marriage_market_mornings/market_louis/1	I might stop by Louis' stall today... he's really good at patching the burns in my work aprons.			I might stop by Louis' stall today... he's really good at patching the burns in my work aprons.
Conversations/Bank/March/Relationship Lines/Marriage/marriage_market_mornings/market_louis/init	Hey, you. Going to the Saturday Market soon?			Hey, you. Going to the Saturday Market soon?
Conversations/Bank/March/Relationship Lines/Marriage/marriage_market_mornings/market_merri/1	I might tag along... I have some antique metalworking questions that Merri might be able to help me with.			I might tag along... I have some antique metalworking questions that Merri might be able to help me with.
Conversations/Bank/March/Relationship Lines/Marriage/marriage_market_mornings/market_merri/init	Morning! You going to the Saturday Market later?			Morning! You going to the Saturday Market later?
Conversations/Bank/March/Relationship Lines/Marriage/marriage_market_mornings/market_stillwell/1	He sent me a weird letter earlier saying the town faces certain doom unless I can avert fate.			He sent me a weird letter earlier saying the town faces certain doom unless I can avert fate.
Conversations/Bank/March/Relationship Lines/Marriage/marriage_market_mornings/market_stillwell/2	Glad someone around here appreciates me.			Glad someone around here appreciates me.
Conversations/Bank/March/Relationship Lines/Marriage/marriage_market_mornings/market_stillwell/3	Besides you, of course!			Besides you, of course!
Conversations/Bank/March/Relationship Lines/Marriage/marriage_market_mornings/market_stillwell/init	Hey, morning. I'm thinking of stopping by Stillwell's booth later.			Hey, morning. I'm thinking of stopping by Stillwell's booth later.
Conversations/Bank/March/Relationship Lines/Marriage/marriage_market_mornings/market_taliferro/1	I was thinking of trying out Taliferro's $Cooking Challenge$ again... but he never has anything nice to say.			I was thinking of trying out Taliferro's $Cooking Challenge$ again... but he never has anything nice to say.
Conversations/Bank/March/Relationship Lines/Marriage/marriage_market_mornings/market_taliferro/init	Hey, you heading over to the Market?			Hey, you heading over to the Market?
Conversations/Bank/March/Relationship Lines/Marriage/marriage_market_mornings/market_vera/1	I have an appointment with Vera later...			I have an appointment with Vera later...
Conversations/Bank/March/Relationship Lines/Marriage/marriage_market_mornings/market_vera/2	She's going to give my roots a touchup.			She's going to give my roots a touchup.
Conversations/Bank/March/Relationship Lines/Marriage/marriage_market_mornings/market_vera/init	Hey, morning.			Hey, morning.
Conversations/Bank/March/Relationship Lines/Marriage/marriage_market_mornings/market_wheedle/1	He said he has a special deal for me on some rare material this week.			He said he has a special deal for me on some rare material this week.
Conversations/Bank/March/Relationship Lines/Marriage/marriage_market_mornings/market_wheedle/2	Obviously, I gotta have it.			Obviously, I gotta have it.
Conversations/Bank/March/Relationship Lines/Marriage/marriage_market_mornings/market_wheedle/init	I might stop by Wheedle's Market booth later...			I might stop by Wheedle's Market booth later...
Conversations/Bank/March/Relationship Lines/Marriage/marriage_market_mornings/market_zorel/1	It would be cool if we picked up some new music from Zorel.			It would be cool if we picked up some new music from Zorel.
Conversations/Bank/March/Relationship Lines/Marriage/marriage_market_mornings/market_zorel/2	Something you can really swing a hammer to, you know?			Something you can really swing a hammer to, you know?
Conversations/Bank/March/Relationship Lines/Marriage/marriage_market_mornings/market_zorel/init	Morning. Want to go to the Saturday Market later?			Morning. Want to go to the Saturday Market later?
Conversations/Bank/March/Relationship Lines/Marriage/post_wedding_lines/marriage_0/1	Before, I always felt a sense of urgency day to day.	Avant, j'avais toujours comme un sentiment d'urgence, au quotidien.	Раньше меня каждый день подгоняли неотложные дела.	Before, I always felt a sense of urgency day to day.
Conversations/Bank/March/Relationship Lines/Marriage/post_wedding_lines/marriage_0/10	It's just how I feel...	C'est seulement ce que je ressens...	Я просто так чувствую...	It's just how I feel...
Conversations/Bank/March/Relationship Lines/Marriage/post_wedding_lines/marriage_0/11	Anyway, it's your fault for making me feel this way!	Et puis c'est de ta faute si j'éprouve ça !	И вообще, это ты <p>виноваты</p><f>виновата</f><m>виноват</m><n>виновато</n>, что у меня все эти чувства.	Anyway, it's your fault for making me feel this way!
Conversations/Bank/March/Relationship Lines/Marriage/post_wedding_lines/marriage_0/12	Haha!	Ha ha !	Ха-ха!	Haha!
Conversations/Bank/March/Relationship Lines/Marriage/post_wedding_lines/marriage_0/2	Like I have to wake up, I have to fire up the forge, I have to swing the hammer... And that hasn't gone away or anything, but...	Comme s'il fallait que je me lève, que j'allume la forge, que je manie le marteau... Tout ça n'a pas disparu, bien sûr, mais...	То есть: мне надо встать, надо развести печь, надо махать молотом... И это всё никуда не делось, но в то же время...	Like I have to wake up, I have to fire up the forge, I have to swing the hammer... And that hasn't gone away or anything, but...
Conversations/Bank/March/Relationship Lines/Marriage/post_wedding_lines/marriage_0/3	For the first time in my life, I feel at peace. Like I can just sit in this moment with you.	Pour la première fois de ma vie, je me sens apaisé. Comme si je pouvais enfin me poser et savourer l'instant avec toi.	Впервые в жизни я чувствую себя спокойно. Как будто я могу просто сесть рядом с тобой и насладиться мгновением.	For the first time in my life, I feel at peace. Like I can just sit in this moment with you.
Conversations/Bank/March/Relationship Lines/Marriage/post_wedding_lines/marriage_0/4	And this moment's going to last forever...	Et que cet instant allait durer pour toujours...	И пусть это мгновение длится вечно...	And this moment's going to last forever...
Conversations/Bank/March/Relationship Lines/Marriage/post_wedding_lines/marriage_0/5	I'm so... happy, [Ari].	Je suis... tellement heureux, [Ari].	Я так... счастлив, [Ari].	I'm so... happy, [Ari].
Conversations/Bank/March/Relationship Lines/Marriage/post_wedding_lines/marriage_0/5/prompts/0	Me too! I've never been so happy.	Moi aussi ! Je n'avais jamais ressenti un tel bonheur.	Я тоже! Никогда не <p>были такими счастливыми</p><f>была такой счастливой</f><m>был таким счастливым</m><n>было таким счастливым</n>.	Me too! I've never been so happy.
Conversations/Bank/March/Relationship Lines/Marriage/post_wedding_lines/marriage_0/5/prompts/1	That's so romantic, March.	C'est tellement romantique, March.	Какой же ты романтик, Март.	That's so romantic, March.
Conversations/Bank/March/Relationship Lines/Marriage/post_wedding_lines/marriage_0/6	Oh...	Oh...	Ой...	Oh...
Conversations/Bank/March/Relationship Lines/Marriage/post_wedding_lines/marriage_0/7	Well... you better get used to it!	Eh bien... tu ferais mieux de t'y habituer !	Что ж... Выходит, надо привыкать!	Well... you better get used to it!
Conversations/Bank/March/Relationship Lines/Marriage/post_wedding_lines/marriage_0/8	I'm going to make you so happy. That's a promise	Je vais <he>te rendre heureux</he><she>te rendre heureuse</she><they>t'offrir un bonheur</they> à la limite du supportable.	Я тебя так счастьем закормлю, что ты объешься.	I'm going to make you so happy. That's a promise
Conversations/Bank/March/Relationship Lines/Marriage/post_wedding_lines/marriage_0/9	It is?	Vraiment ?	Правда?	It is?
Conversations/Bank/March/Relationship Lines/Marriage/post_wedding_lines/marriage_0/init	I noticed something interesting, even though we just got married.	J'ai remarqué quelque chose, depuis que nous sommes mariés.	С тех пор, как мы вступили в брак, я кое-что заметил.	I noticed something interesting, even though we just got married.
Conversations/Bank/March/Relationship Lines/Marriage/post_wedding_lines/marriage_1/1	It's nice being out near the trees, and I like hearing the animals in the morning...	C'est agréable d'avoir des arbres tout près, quand on est dehors, et j'aime entendre les bruits des animaux, le matin...	Приятно быть среди деревьев и слышать животных по утрам...	It's nice being out near the trees, and I like hearing the animals in the morning...
Conversations/Bank/March/Relationship Lines/Marriage/post_wedding_lines/marriage_1/2	And it's easy to find rocks to bring back to Olric.	Et puis c'est facile de trouver des pierres à rapporter à Olric.	А ещё тут легко найти камни для Ольрика.	And it's easy to find rocks to bring back to Olric.
Conversations/Bank/March/Relationship Lines/Marriage/post_wedding_lines/marriage_1/2/prompts/0	I'm so glad you like it!	<he>Je suis tellement content</he><she>Je suis tellement contente</she><they>Ça me réjouit tellement</they> que ça te plaise !	Я <p>рады</p><f>рада</f><m>рад</m><n>радо</n>, что тебе тут нравится!	I'm so glad you like it!
Conversations/Bank/March/Relationship Lines/Marriage/post_wedding_lines/marriage_1/2/prompts/1	All those rocks are your rocks now.	Tous ces cailloux sont à toi, maintenant.	Все эти камни отныне твои.	All those rocks are your rocks now.
Conversations/Bank/March/Relationship Lines/Marriage/post_wedding_lines/marriage_1/3	I really do.	Je suis sincère.	Вот и я рад.	I really do.
Conversations/Bank/March/Relationship Lines/Marriage/post_wedding_lines/marriage_1/4	I bet Ryis would love birdwatching out here.	Je parie que Ryis adorerait étudier les oiseaux, ici.	Наверняка Ризу бы тут понравилось наблюдать за птицами.	I bet Ryis would love birdwatching out here.
Conversations/Bank/March/Relationship Lines/Marriage/post_wedding_lines/marriage_1/5	We should invite him over some time!	On devrait l'inviter, à l'occasion !	Надо будет его как-нибудь пригласить!	We should invite him over some time!
Conversations/Bank/March/Relationship Lines/Marriage/post_wedding_lines/marriage_1/6	I guess that's true.	C'est sûrement vrai.	Полагаю, что так.	I guess that's true.
Conversations/Bank/March/Relationship Lines/Marriage/post_wedding_lines/marriage_1/7	Olric's going to be so jealous when I tell him that.	Olric sera tellement jaloux quand je vais lui dire ça.	Ольрик обзавидуется, когда я ему расскажу.	Olric's going to be so jealous when I tell him that.
Conversations/Bank/March/Relationship Lines/Marriage/post_wedding_lines/marriage_1/8	He's lucky his brother's so generous.	Il a de la chance d'avoir un frère aussi généreux.	Повезло ему, что у него такой щедрый брат.	He's lucky his brother's so generous.
Conversations/Bank/March/Relationship Lines/Marriage/post_wedding_lines/marriage_1/init	I thought moving to the farm would be an adjustment, but... I kind of love it.	Je pensais qu'il allait falloir que je m'adapte un peu, une fois installé à la ferme, mais... j'adore ça, en fait.	Я думал, что к переезду на ферму придётся привыкать, но... Мне даже нравится.	I thought moving to the farm would be an adjustment, but... I kind of love it.
Conversations/Bank/March/Relationship Lines/Marriage/post_wedding_lines/marriage_2/1	Old habit, I guess. If it gets annoying, you can just throw them at me.	C'est une vieille habitude. Si ça devient pénible, tu n'as qu'à me les lancer dessus.	Просто старая привычка. Если будет раздражать, можешь кидать их прямо в меня.	Old habit, I guess. If it gets annoying, you can just throw them at me.
Conversations/Bank/March/Relationship Lines/Marriage/post_wedding_lines/marriage_2/2	On that note, sorry for leaving my hammer everywhere too.	Et à ce propos, désolé aussi de laisser traîner mon marteau partout.	И кстати, ещё прости, что оставляю молот где попало.	On that note, sorry for leaving my hammer everywhere too.
Conversations/Bank/March/Relationship Lines/Marriage/post_wedding_lines/marriage_2/3	Maybe don't throw that at me.	Évite peut-être de me le lancer dessus, lui.	Его, пожалуй, лучше не кидать.	Maybe don't throw that at me.
Conversations/Bank/March/Relationship Lines/Marriage/post_wedding_lines/marriage_2/init	Hey, um... you haven't complained about it or anything, but sorry I keep leaving my sweaty headbands all over the house.	Hum... Tu ne t'en plains pas, mais je suis désolé de laisser sans arrêt traîner mes bandeaux trempés de sueur partout dans la maison.	Слушай, эм... Ты пока не <p>жаловались</p><f>жаловалась</f><m>жаловался</m><n>жаловалось</n>, но всё равно: прости, что разбрасываю по дому свои пропотевшие повязки.	Hey, um... you haven't complained about it or anything, but sorry I keep leaving my sweaty headbands all over the house.
Conversations/Bank/March/Relationship Lines/Marriage/post_wedding_lines/marriage_3/1	I'm mostly fine... just a little embarrassed at myself. Rookie mistake.	Rien de trop grave... Je me suis juste senti stupide. C'est une erreur de débutant.	Я в целом в порядке... Только немного стыдно. Ошибка новичка.	I'm mostly fine... just a little embarrassed at myself. Rookie mistake.
Conversations/Bank/March/Relationship Lines/Marriage/post_wedding_lines/marriage_3/1/prompts/0	Maybe you should swing by the Clinic tomorrow.	Tu devrais peut-être passer à la clinique demain.	Может, тебе завтра заглянуть в клинику?	Maybe you should swing by the Clinic tomorrow.
Conversations/Bank/March/Relationship Lines/Marriage/post_wedding_lines/marriage_3/1/prompts/1	Want me to kiss it better?	Tu veux un bisou qui guérit ?	Хочешь, поцелую, чтобы прошло?	Want me to kiss it better?
Conversations/Bank/March/Relationship Lines/Marriage/post_wedding_lines/marriage_3/10	Yes.	Oui.	Да.	Yes.
Conversations/Bank/March/Relationship Lines/Marriage/post_wedding_lines/marriage_3/2	Want me to?	Tu préférerais que j'y aille ?	Думаешь, стоит?	Want me to?
Conversations/Bank/March/Relationship Lines/Marriage/post_wedding_lines/marriage_3/3	Sure.	Entendu.	Хорошо.	Sure.
Conversations/Bank/March/Relationship Lines/Marriage/post_wedding_lines/marriage_3/4	...	...	...	...
Conversations/Bank/March/Relationship Lines/Marriage/post_wedding_lines/marriage_3/5	It's kind of nice that you worry about me.	C'est gentil de ta part de t'inquiéter pour moi.	Знаешь, очень мило, что ты обо мне заботишься.	It's kind of nice that you worry about me.
Conversations/Bank/March/Relationship Lines/Marriage/post_wedding_lines/marriage_3/6	Anyway, I should tidy up!	Bref, il faut que je range un peu !	Ладно, мне пора убираться!	Anyway, I should tidy up!
Conversations/Bank/March/Relationship Lines/Marriage/post_wedding_lines/marriage_3/7	...	...	...	...
Conversations/Bank/March/Relationship Lines/Marriage/post_wedding_lines/marriage_3/8	...	...	...	...
Conversations/Bank/March/Relationship Lines/Marriage/post_wedding_lines/marriage_3/9	...	...	...	...
Conversations/Bank/March/Relationship Lines/Marriage/post_wedding_lines/marriage_3/init	Don't tell anyone, but I was working at the anvil and got myself with the hammer today.	Ne le dis à personne, mais pendant que je travaillais sur l'enclume, je me suis tapé sur les doigts avec le marteau, aujourd'hui.	Я сегодня работал за наковальней и попал себе по пальцу. Только никому не говори.	Don't tell anyone, but I was working at the anvil and got myself with the hammer today.
Conversations/Bank/March/Relationship Lines/Marriage/post_wedding_lines/marriage_4/1	They went off on that ship and left me and Olric behind. I know they had their reasons, but not knowing whether they were coming back... that was tough.	Ils sont partis sur ce navire, sans Olric ni moi. Je sais qu'ils avaient de bonnes raisons de le faire, mais ne pas savoir s'ils reviendraient... ça a été dur.	Они уплыли с кораблём и оставили нас с Ольриком одних. Я знаю, у них были причины. Но мы даже не знали, собираются ли они возвращаться... И это было тяжело.	They went off on that ship and left me and Olric behind. I know they had their reasons, but not knowing whether they were coming back... that was tough.
Conversations/Bank/March/Relationship Lines/Marriage/post_wedding_lines/marriage_4/2	But also... they went together, hand-in-hand. They did everything together.	Et aussi... Ils sont partis ensemble, main dans la main. Ils faisaient tout ensemble.	Но я сейчас не об этом... Они отправились в путь вдвоём, рука об руку. Они всё делали вместе.	But also... they went together, hand-in-hand. They did everything together.
Conversations/Bank/March/Relationship Lines/Marriage/post_wedding_lines/marriage_4/3	And I can agree with them on that much.	Et sur ce point, je suis d'accord avec eux.	И в этом я с ними полностью согласен.	And I can agree with them on that much.
Conversations/Bank/March/Relationship Lines/Marriage/post_wedding_lines/marriage_4/4	What I'm trying to say is... I'll always be by your side, no matter what you decide to do or where you decide to go.	Ce que j'essaie de te dire, c'est que... je serai toujours à tes côtés, quoi que tu décides, où que tu choisisses d'aller.	В общем, я хочу сказать... Я всегда буду рядом с тобой, что бы ты ни <p>делали</p><f>делала</f><m>делал</m><n>делало</n>, куда бы ни <p>отправились</p><f>отправилась</f><m>отправился</m><n>отправилось</n>.	What I'm trying to say is... I'll always be by your side, no matter what you decide to do or where you decide to go.
Conversations/Bank/March/Relationship Lines/Marriage/post_wedding_lines/marriage_4/5	That's a promise.	C'est une promesse.	Я обещаю.	That's a promise.
Conversations/Bank/March/Relationship Lines/Marriage/post_wedding_lines/marriage_4/init	Hey, uh. So I was thinking about my parents...	Dis, euh. Je réfléchissais à mes parents...	Эй, слушай. Я тут думал про своих родителей...	Hey, uh. So I was thinking about my parents...
Conversations/Bank/March/Relationship Lines/Marriage/post_wedding_lines/marriage_5/1	It's a curse, [Ari]. A cruel twist of fate.	C'est une malédiction, [Ari]. Un cruel coup du sort.	Это проклятье, [Ari]. Насмешка судьбы.	It's a curse, [Ari]. A cruel twist of fate.
Conversations/Bank/March/Relationship Lines/Marriage/post_wedding_lines/marriage_5/1/prompts/0	So that's why you married me.	C'est donc pour ça que tu <he>m'as épousé</he><she>m'as épousée</she><they>a choisi te de marier avec moi</they>.	Так вот зачем ты согласился на брак.	So that's why you married me.
Conversations/Bank/March/Relationship Lines/Marriage/post_wedding_lines/marriage_5/1/prompts/1	I'll make you sushi, March.	Je te ferai des sushis, March.	Я сделаю тебе суши, Март.	I'll make you sushi, March.
Conversations/Bank/March/Relationship Lines/Marriage/post_wedding_lines/marriage_5/2	It's one of the reasons!	C'est une des raisons !	Ну, это одна из причин!	It's one of the reasons!
Conversations/Bank/March/Relationship Lines/Marriage/post_wedding_lines/marriage_5/3	One of the many reasons.	Une des nombreuses raisons.	Из многих причин.	One of the many reasons.
Conversations/Bank/March/Relationship Lines/Marriage/post_wedding_lines/marriage_5/4	Unrelated, but... I was thinking we could have sushi at the Inn tonight. My treat?	Ça n'a rien à voir, mais... je me disais qu'on pourrait aller manger des sushis à l'auberge, ce soir. C'est moi qui invite ?	Сменим тему... Я подумал, не пойти ли нам сегодня в трактир поесть суши? Я угощаю.	Unrelated, but... I was thinking we could have sushi at the Inn tonight. My treat?
Conversations/Bank/March/Relationship Lines/Marriage/post_wedding_lines/marriage_5/5	I... I wasn't asking-	Je... Ce n'était pas pour ça que je disais ça...	Я... Не просил тебя...	I... I wasn't asking-
Conversations/Bank/March/Relationship Lines/Marriage/post_wedding_lines/marriage_5/6	...	...	...	...
Conversations/Bank/March/Relationship Lines/Marriage/post_wedding_lines/marriage_5/7	You will?	Tu veux bien en préparer ?	Правда сделаешь?	You will?
Conversations/Bank/March/Relationship Lines/Marriage/post_wedding_lines/marriage_5/8	You're awesome, [Ari].	Tu es fantastique, [Ari].	<p>Какие ты замечательные</p><f>Какая ты замечательная</f><m>Какой ты замечательный</m><n>Какое ты замечательное</n>, [Ari].	You're awesome, [Ari].
Conversations/Bank/March/Relationship Lines/Marriage/post_wedding_lines/marriage_5/init	Sometimes I just sit and think about how I love sushi, but I hate fishing.	Parfois, je m'assieds et je réfléchis au fait que j'adore les sushis, mais que je déteste pêcher.	Иногда я сижу и думаю, как так вышло, что я обожаю суши, но ненавижу рыбалку.	Sometimes I just sit and think about how I love sushi, but I hate fishing.
Conversations/Bank/March/Relationship Lines/Marriage/post_wedding_lines/marriage_6/1	I thought they were going to tell me it's not all fun and games, but they just agreed.	Je m'attendais à ce qu'ils me disent que tout n'était pas toujours rose, mais ils étaient d'accord avec moi.	Я думал, они будут говорить, что на самом деле не всё так сладко, но они согласились.	I thought they were going to tell me it's not all fun and games, but they just agreed.
Conversations/Bank/March/Relationship Lines/Marriage/post_wedding_lines/marriage_6/2	All they said was if an argument comes up, you have to shut up and hear each other out.	Tout ce qu'ils m'ont dit, c'est que si une dispute éclatait, il fallait simplement se taire et écouter ce que l'autre avait à dire.	Только сказали, что если начнём ссориться, всем надо заткнуться и выслушать друг друга.	All they said was if an argument comes up, you have to shut up and hear each other out.
Conversations/Bank/March/Relationship Lines/Marriage/post_wedding_lines/marriage_6/3	So, uh... definitely feel free to tell me to shut up any time.	Alors, euh... N'hésite surtout pas à me dire de me taire.	Так что... Можешь смело меня затыкать, когда захочешь.	So, uh... definitely feel free to tell me to shut up any time.
Conversations/Bank/March/Relationship Lines/Marriage/post_wedding_lines/marriage_6/4	I definitely earned a few of those when we first met.	Parce que je l'ai vraiment mérité plusieurs fois, au début de notre rencontre.	Я определённо заслужил за все те разы, когда мы только познакомились.	I definitely earned a few of those when we first met.
Conversations/Bank/March/Relationship Lines/Marriage/post_wedding_lines/marriage_6/init	I was talking to Hemlock and Josephine about how great marriage has been...	Je discutais avec Hemlock et Joséphine du fait que le mariage était super...	Я болтал с Хемлоком и Джозефиной о том, какой у нас прекрасный брак...	I was talking to Hemlock and Josephine about how great marriage has been...
Conversations/Bank/March/Relationship Lines/Marriage/post_wedding_lines/marriage_7/1	I just want to say. I feel really lucky to be with you.	Je voulais te dire. Je trouve que j'ai vraiment de la chance d'être avec toi.	Просто хочу сказать: я счастлив, что мы вместе.	I just want to say. I feel really lucky to be with you.
Conversations/Bank/March/Relationship Lines/Marriage/post_wedding_lines/marriage_7/10	Was I nice? I was nice, wasn't I.	J'ai été gentil ? Oui, j'ai été gentil, hein.	Я что, вёл себя приветливо? Точно, наверняка в этом дело.	Was I nice? I was nice, wasn't I.
Conversations/Bank/March/Relationship Lines/Marriage/post_wedding_lines/marriage_7/11	I guess I'm lucky Landen bought me that beer.	Je crois que j'ai eu de la chance que Landen m'offre une bière.	Что ж, спасибо Ландену, что угостил меня пивом в тот раз.	I guess I'm lucky Landen bought me that beer.
Conversations/Bank/March/Relationship Lines/Marriage/post_wedding_lines/marriage_7/12	And you're lucky I'm a lightweight!	Et tu as eu de la chance que je ne tienne pas l'alcool !	А ты скажи спасибо, что я легко пьянею!	And you're lucky I'm a lightweight!
Conversations/Bank/March/Relationship Lines/Marriage/post_wedding_lines/marriage_7/2	I guess we're a long way from that one time I was a jerk to you.	Je crois qu'on a fait beaucoup de chemin depuis la fois où je me suis comporté comme un crétin avec toi.	Кажется, мы проделали долгий путь с того раза, когда я тебе нахамил.	I guess we're a long way from that one time I was a jerk to you.
Conversations/Bank/March/Relationship Lines/Marriage/post_wedding_lines/marriage_7/2/prompts/0	That ONE time?	LA fois ?	Так говоришь, будто хамил лишь один раз!	That ONE time?
Conversations/Bank/March/Relationship Lines/Marriage/post_wedding_lines/marriage_7/2/prompts/1	I had you figured out from that first Friday at the Inn.	J'ai compris qui tu étais dès le premier vendredi à l'auberge.	Я всё про тебя <p>поняли</p><f>поняла</f><m>понял</m><n>поняло</n> с самой первой пятничной встречи в трактире.	I had you figured out from that first Friday at the Inn.
Conversations/Bank/March/Relationship Lines/Marriage/post_wedding_lines/marriage_7/3	Joke, it's a joke!	Je blaguais, c'était une blague !	Шучу, шучу!	Joke, it's a joke!
Conversations/Bank/March/Relationship Lines/Marriage/post_wedding_lines/marriage_7/4	Should I not joke about it?	Il faut que j'évite de plaisanter avec ça ?	Или лучше об этом не шутить?	Should I not joke about it?
Conversations/Bank/March/Relationship Lines/Marriage/post_wedding_lines/marriage_7/5	Well, if you want me to get serious...	D'accord, si tu préfères que je sois sérieux...	Что ж, если хочешь серьёзно...	Well, if you want me to get serious...
Conversations/Bank/March/Relationship Lines/Marriage/post_wedding_lines/marriage_7/6	I'll spend the rest of my life making it up to you, [Ari].	Je passerai le restant de ma vie à me rattraper, [Ari].	Я готов заглаживать вину весь остаток моих дней, [Ari].	I'll spend the rest of my life making it up to you, [Ari].
Conversations/Bank/March/Relationship Lines/Marriage/post_wedding_lines/marriage_7/7	You... did?	Ah... oui ?	П-правда?	You... did?
Conversations/Bank/March/Relationship Lines/Marriage/post_wedding_lines/marriage_7/8	Did I say something weird?	J'ai dit un truc bizarre ?	Я что-то такое сказал?	Did I say something weird?
Conversations/Bank/March/Relationship Lines/Marriage/post_wedding_lines/marriage_7/9	...	...	...	...
Conversations/Bank/March/Relationship Lines/Marriage/post_wedding_lines/marriage_7/init	Hey, uh...	Dis, euh...	Слушай, эм...	Hey, uh...
Conversations/Bank/March/Relationship Lines/Marriage/post_wedding_lines/marriage_8/1	Like your clothes or your hair or...	Tes vêtements, peut-être, ou ta coiffure, ou...	Одежда или причёска или...	Like your clothes or your hair or...
Conversations/Bank/March/Relationship Lines/Marriage/post_wedding_lines/marriage_8/2	Because you look super hot today.	Parce que tu es super sexy aujourd'hui.	Вид у тебя сегодня ужасно привлекательный.	Because you look super hot today.
Conversations/Bank/March/Relationship Lines/Marriage/post_wedding_lines/marriage_8/3	Well... um. Keep it up.	Surtout... hum. Ne change rien.	В общем, эм... Продолжай в том же духе.	Well... um. Keep it up.
Conversations/Bank/March/Relationship Lines/Marriage/post_wedding_lines/marriage_8/init	Hey, is there something different about you today...?	Dis, tu as changé quelque chose, aujourd'hui...?	Мне кажется, или в тебе сегодня что-то изменилось?..	Hey, is there something different about you today...?
Conversations/Bank/March/Relationship Lines/Marriage/post_wedding_lines/marriage_9/1	We're going to get old together.	Nous allons vieillir ensemble.	Мы ведь состаримся вместе.	We're going to get old together.
Conversations/Bank/March/Relationship Lines/Marriage/post_wedding_lines/marriage_9/2	Thinking that made me kind of happy, for some reason.	Je ne sais pas pourquoi, mais cette pensée m'a rendu heureux.	Эта мысль почему-то наполняет меня радостью.	Thinking that made me kind of happy, for some reason.
Conversations/Bank/March/Relationship Lines/Marriage/post_wedding_lines/marriage_9/3	We're going to have so much fun, [Ari].	On va passer tant de bons moments, [Ari].	У нас с тобой всё будет так хорошо, [Ari].	We're going to have so much fun, [Ari].
Conversations/Bank/March/Relationship Lines/Marriage/post_wedding_lines/marriage_9/init	I was thinking about you the other day, while I was working at the forge.	J'ai pensé à toi, l'autre jour, pendant que j'étais en train de travailler à la forge.	Недавно я про тебя размышлял, когда работал в кузнице.	I was thinking about you the other day, while I was working at the forge.
Conversations/Bank/March/Relationship Lines/Relationship/post_8h_lines_best_friend/march_post_8h_best_friend_0/1	It was hard seeing so many people leave after the earthquake.	Ça a été dur de voir tant de gens partir après le tremblement de terre.	Тяжело было смотреть, как после землетрясения люди уходят один за другим.	It was hard seeing so many people leave after the earthquake.
Conversations/Bank/March/Relationship Lines/Relationship/post_8h_lines_best_friend/march_post_8h_best_friend_0/2	I thought you'd leave once things got tough, like everyone else.	Je pensais que, toi aussi, tu t'en irais dès que les choses se compliqueraient.	Я думал, что ты тоже уйдёшь, когда столкнёшься с трудностями.	I thought you'd leave once things got tough, like everyone else.
Conversations/Bank/March/Relationship Lines/Relationship/post_8h_lines_best_friend/march_post_8h_best_friend_0/3f	Glad to be proven wrong.	Je suis heureux d'avoir eu tort.	Рад, что ты не <p>такие</p><f>такая</f><m>такой</m><n>такое</n>.	Glad to be proven wrong.
Conversations/Bank/March/Relationship Lines/Relationship/post_8h_lines_best_friend/march_post_8h_best_friend_0/3r	Glad to be proven wrong.	Je suis heureux d'avoir eu tort.	Рад, что ты не <p>такие</p><f>такая</f><m>такой</m><n>такое</n>.	Glad to be proven wrong.
Conversations/Bank/March/Relationship Lines/Relationship/post_8h_lines_best_friend/march_post_8h_best_friend_0/init	I'm, uh.... really glad you stuck it out in Mistria, [Ari].	Je, euh... suis très content que tu aies décidé de rester à Mistria, [Ari].	Я, эм... Я рад, что ты <p>решили</p><f>решила</f><m>решил</m><n>решило</n> остаться в Мистрии, [Ari].	I'm, uh.... really glad you stuck it out in Mistria, [Ari].
Conversations/Bank/March/Relationship Lines/Relationship/post_8h_lines_best_friend/march_post_8h_best_friend_1/1	What does that mean, exactly?	C'est quoi, exactement ?	А что это, собственно, означает?	What does that mean, exactly?
Conversations/Bank/March/Relationship Lines/Relationship/post_8h_lines_best_friend/march_post_8h_best_friend_1/10	Otherwise, I think you would have skipped town when the job proved tough-	Sinon, tu aurais quitté la ville aux premières difficultés...	Иначе ты бы наверняка <p>сбежали</p><f>сбежала</f><m>сбежал</m><n>сбежало</n> из города, узнав, как тут трудно.	Otherwise, I think you would have skipped town when the job proved tough-
Conversations/Bank/March/Relationship Lines/Relationship/post_8h_lines_best_friend/march_post_8h_best_friend_1/11	Instead of staying to help for the long haul.	Au lieu de rester tout ce temps et de nous aider.	А не <p>остались</p><f>осталась</f><m>остался</m><n>осталось</n> помогать на долгий срок.	Instead of staying to help for the long haul.
Conversations/Bank/March/Relationship Lines/Relationship/post_8h_lines_best_friend/march_post_8h_best_friend_1/2	You were some kind of professional... hero?	Tu étais une sorte <she>d'héroïne</she><he>de héros</he><they>d'être héroïque</they> à plein temps ?	Они там вроде как профессиональные... герои?	You were some kind of professional... hero?
Conversations/Bank/March/Relationship Lines/Relationship/post_8h_lines_best_friend/march_post_8h_best_friend_1/2/prompts/0	Yeah, I took on all sorts of jobs helping people!	Oui, j'acceptais des missions pour aider les gens !	Да, я <p>выполняли</p><f>выполняла</f><m>выполнял</m><n>выполняло</n> для людей самую разную работу!	Yeah, I took on all sorts of jobs helping people!
Conversations/Bank/March/Relationship Lines/Relationship/post_8h_lines_best_friend/march_post_8h_best_friend_1/2/prompts/1	It was more of a gig job.	Disons que c'était une sorte de petit boulot.	Больше похоже на подработку.	It was more of a gig job.
Conversations/Bank/March/Relationship Lines/Relationship/post_8h_lines_best_friend/march_post_8h_best_friend_1/3	Hah! That does sound like you.	Ha ! Je te reconnais bien là.	Ха! Очень на тебя похоже.	Hah! That does sound like you.
Conversations/Bank/March/Relationship Lines/Relationship/post_8h_lines_best_friend/march_post_8h_best_friend_1/4	Saving cats out of trees... and blacksmiths out of collapsed mine pits.	Secourir des chats coincés dans les arbres... ou des forgerons coincés au fond d'une mine.	Спасать кошек с деревьев... и кузнецов из обвалившихся шахт.	Saving cats out of trees... and blacksmiths out of collapsed mine pits.
Conversations/Bank/March/Relationship Lines/Relationship/post_8h_lines_best_friend/march_post_8h_best_friend_1/5	Well, I'm glad you're the resident hero of Mistria now.	En tout cas, je suis heureux que tu sois notre <she>héroïne</she><he>héros</he><they>être héroïque</they> à plein temps maintenant.	Что ж, я рад, что теперь ты профессионально спасаешь Мистрию!	Well, I'm glad you're the resident hero of Mistria now.
Conversations/Bank/March/Relationship Lines/Relationship/post_8h_lines_best_friend/march_post_8h_best_friend_1/6	Following the money, huh?	Tu faisais ça pour l'argent, alors ?	Где денег дадут, да?	Following the money, huh?
Conversations/Bank/March/Relationship Lines/Relationship/post_8h_lines_best_friend/march_post_8h_best_friend_1/7	Sounds kind of like what my parents-	Un peu comme mes parents...	Мои родители тоже говорили...	Sounds kind of like what my parents-
Conversations/Bank/March/Relationship Lines/Relationship/post_8h_lines_best_friend/march_post_8h_best_friend_1/8	Um. I mean, I've heard that's pretty common.	Ce que je veux dire, c'est que c'est courant.	Эм. В смысле я слышал, что так много кто делает.	Um. I mean, I've heard that's pretty common.
Conversations/Bank/March/Relationship Lines/Relationship/post_8h_lines_best_friend/march_post_8h_best_friend_1/9	But I figure there's usually more to it than that, right?	En règle générale, ce n'est pas la seule motivation, pas vrai ?	Но, я думаю, дело не только в деньгах, правда?	But I figure there's usually more to it than that, right?
Conversations/Bank/March/Relationship Lines/Relationship/post_8h_lines_best_friend/march_post_8h_best_friend_1/init	So, you were in the Adventurer's Guild before you came here, huh.	Donc, avant de venir ici, tu faisais partie de la guilde des aventuriers.	Значит, до приезда сюда ты <p>были</p><f>была</f><m>был</m><n>было</n> в гильдии приключенцев.	So, you were in the Adventurer's Guild before you came here, huh.
Conversations/Bank/March/Relationship Lines/Relationship/post_8h_lines_best_friend/march_post_8h_best_friend_10/1	Hemlock brewed a new beer... really hoppy.	Hemlock a brassé une nouvelle bière... très houblonnée.	Хемлок сварил новое пиво... такое хмелистое.	Hemlock brewed a new beer... really hoppy.
Conversations/Bank/March/Relationship Lines/Relationship/post_8h_lines_best_friend/march_post_8h_best_friend_10/2	I saved one for you... if you want it?	Je t'en ai gardé une... Tu la veux ?	Я приберёг для тебя... если хочешь.	I saved one for you... if you want it?
Conversations/Bank/March/Relationship Lines/Relationship/post_8h_lines_best_friend/march_post_8h_best_friend_10/2/prompts/0	Sure! Thanks, March.	Avec plaisir ! Merci, March.	Конечно хочу! Спасибо, Март.	Sure! Thanks, March.
Conversations/Bank/March/Relationship Lines/Relationship/post_8h_lines_best_friend/march_post_8h_best_friend_10/2/prompts/1	I'm not much for drinking alcohol, actually.	Je n'aime pas trop l'alcool, en fait.	Честно, я не очень люблю алкоголь.	I'm not much for drinking alcohol, actually.
Conversations/Bank/March/Relationship Lines/Relationship/post_8h_lines_best_friend/march_post_8h_best_friend_10/3	For sure... curious what you think.	Je t'en prie... J'ai hâte de savoir ce que tu en penses.	Тогда держи... Интересно, как тебе.	For sure... curious what you think.
Conversations/Bank/March/Relationship Lines/Relationship/post_8h_lines_best_friend/march_post_8h_best_friend_10/4	Next time you and me and Ryis are all in the same place, let's talk about it.	La prochaine fois qu'on sera tous les trois avec Ryis, on pourra lui en parler.	Обсудим в следующий раз, когда мы с тобой и Ризом соберёмся в одном месте.	Next time you and me and Ryis are all in the same place, let's talk about it.
Conversations/Bank/March/Relationship Lines/Relationship/post_8h_lines_best_friend/march_post_8h_best_friend_10/5	He and I actually have pretty different tastes in beer, so maybe you can be our tiebreaker.	Lui et moi, on n'aime pas du tout les mêmes bières, alors c'est toi qui nous départageras.	У нас с ним оказались очень разные вкусы в пиве. Так что, может, ты нас рассудишь.	He and I actually have pretty different tastes in beer, so maybe you can be our tiebreaker.
Conversations/Bank/March/Relationship Lines/Relationship/post_8h_lines_best_friend/march_post_8h_best_friend_10/6	Cheers, [Ari].	Santé, [Ari].	За тебя, [Ari].	Cheers, [Ari].
Conversations/Bank/March/Relationship Lines/Relationship/post_8h_lines_best_friend/march_post_8h_best_friend_10/7	Oh? No problem.	Oh ? Aucun souci.	Вот как? Без проблем.	Oh? No problem.
Conversations/Bank/March/Relationship Lines/Relationship/post_8h_lines_best_friend/march_post_8h_best_friend_10/8	Actually, I think Hemlock mentioned he had a new coffee blend in today too.	J'ai cru entendre Hemlock dire qu'il avait reçu un nouveau café aujourd'hui.	Кстати, по-моему, Хемлок говорил, что новый кофе у него тоже есть.	Actually, I think Hemlock mentioned he had a new coffee blend in today too.
Conversations/Bank/March/Relationship Lines/Relationship/post_8h_lines_best_friend/march_post_8h_best_friend_10/9	I'll buy you one. Cheers, [Ari].	Je t'en paie un. Santé, [Ari].	Тогда закажу тебе его. За тебя, [Ari].	I'll buy you one. Cheers, [Ari].
Conversations/Bank/March/Relationship Lines/Relationship/post_8h_lines_best_friend/march_post_8h_best_friend_10/init	Hey, I was hoping you'd stop by.	Oh, j'espérais te voir.	Привет. Я ждал, что ты зайдёшь.	Hey, I was hoping you'd stop by.
Conversations/Bank/March/Relationship Lines/Relationship/post_8h_lines_best_friend/march_post_8h_best_friend_11/1	They stepped up when we didn't need help, too.	Et même quand on n'en avait pas besoin d'ailleurs.	Да и когда не требовалась, тоже были рядом.	They stepped up when we didn't need help, too.
Conversations/Bank/March/Relationship Lines/Relationship/post_8h_lines_best_friend/march_post_8h_best_friend_11/2	I guess that's what family does, huh.	Je suppose que c'est une attitude protectrice.	Хм, наверное, для этого и нужна семья.	I guess that's what family does, huh.
Conversations/Bank/March/Relationship Lines/Relationship/post_8h_lines_best_friend/march_post_8h_best_friend_11/init	When Olric and I were kids, Jo and Hemlock really stepped up when we needed help...	Quand Olric et moi étions petits, Jo et Hemlock étaient toujours là quand on avait besoin d'aide.	В нашем с Ольриком детстве Джо и Хемлок всегда были рядом, когда нам требовалась помощь...	When Olric and I were kids, Jo and Hemlock really stepped up when we needed help...
Conversations/Bank/March/Relationship Lines/Relationship/post_8h_lines_best_friend/march_post_8h_best_friend_2/1	It's been a while since I had enough free time to do that kind of thing.	Ça faisait longtemps que je n'avais pas eu du temps à y consacrer.	Давно уже у меня не было свободного времени, чтобы заниматься такими вещами.	It's been a while since I had enough free time to do that kind of thing.
Conversations/Bank/March/Relationship Lines/Relationship/post_8h_lines_best_friend/march_post_8h_best_friend_2/2	It's tough to think creatively when everything's on fire.	C'est difficile de trouver l'inspiration quand il y a le feu partout.	Сложно заниматься творчеством, когда кругом всё горит.	It's tough to think creatively when everything's on fire.
Conversations/Bank/March/Relationship Lines/Relationship/post_8h_lines_best_friend/march_post_8h_best_friend_2/3f	Figuratively, I mean.	Au sens figuré, bien sûr.	Я имею в виду, в переносном смысле.	Figuratively, I mean.
Conversations/Bank/March/Relationship Lines/Relationship/post_8h_lines_best_friend/march_post_8h_best_friend_2/3r	Figuratively, I mean.	Au sens figuré, bien sûr.	Я имею в виду, в переносном смысле.	Figuratively, I mean.
Conversations/Bank/March/Relationship Lines/Relationship/post_8h_lines_best_friend/march_post_8h_best_friend_2/4	Between us, it seems we've finally got things contained.	Entre nous, je crois que nous avons enfin repris le contrôle.	Я тебе скажу: по-моему, у нас, наконец, наладились дела.	Between us, it seems we've finally got things contained.
Conversations/Bank/March/Relationship Lines/Relationship/post_8h_lines_best_friend/march_post_8h_best_friend_2/init	I've been feeling inspired to craft a new showpiece. Just for the fun of it.	J'ai envie de forger une nouvelle pièce à exposer. Pour m'amuser.	В последнее время мне захотелось сделать что-нибудь декоративное. Просто вдохновение пришло.	I've been feeling inspired to craft a new showpiece. Just for the fun of it.
Conversations/Bank/March/Relationship Lines/Relationship/post_8h_lines_best_friend/march_post_8h_best_friend_3/1	We used to play hide and seek down there when we were kids. It was basically a forest.	On allait y jouer à cache-cache quand on était petits. C'était une vraie forêt.	Мы там играли в прятки, когда были маленькие. Там был самый настоящий лес.	We used to play hide and seek down there when we were kids. It was basically a forest.
Conversations/Bank/March/Relationship Lines/Relationship/post_8h_lines_best_friend/march_post_8h_best_friend_3/2	I can't imagine it was in great shape when you first arrived...	Je n'imagine même pas dans quel état le terrain était à ton arrivée...	Представляю, в каком он был виде, когда ты <p>приехали</p><f>приехала</f><m>приехал</m><n>приехало</n>...	I can't imagine it was in great shape when you first arrived...
Conversations/Bank/March/Relationship Lines/Relationship/post_8h_lines_best_friend/march_post_8h_best_friend_3/2/prompts/0	It was rough, but I could see it had potential.	C'était en friche, mais j'ai vu qu'il y avait du potentiel.	Было непросто, но я сразу <p>увидели</p><f>увидела</f><m>увидел</m><n>увидело</n> потенциал.	It was rough, but I could see it had potential.
Conversations/Bank/March/Relationship Lines/Relationship/post_8h_lines_best_friend/march_post_8h_best_friend_3/2/prompts/1	It was so overgrown! I was intimidated.	Il y avait des arbres et des herbes partout ! J'ai eu peur au début.	Там были такие заросли! Я <p>были подавлены</p><f>была подавлена</f><m>был подавлен</m><n>было подавлено</n>.	It was so overgrown! I was intimidated.
Conversations/Bank/March/Relationship Lines/Relationship/post_8h_lines_best_friend/march_post_8h_best_friend_3/3	Yeah... there's something about taking a rough material with your hands and forming it into something new.	Oui... Il y a quelque chose de fascinant à prendre un matériau brut et à en faire quelque chose d'autre.	Да... Своими руками создавать вещи из природных материалов... В этом что-то есть.	Yeah... there's something about taking a rough material with your hands and forming it into something new.
Conversations/Bank/March/Relationship Lines/Relationship/post_8h_lines_best_friend/march_post_8h_best_friend_3/4	And it's cool that you took all that lumber and stone and used it for the benefit of the town...	En plus, c'est super que tu aies pu réutiliser tout ce bois et ces pierres pour aider la ville...	Здорово вышло, что все эти камни и дерево пошли на пользу городу...	And it's cool that you took all that lumber and stone and used it for the benefit of the town...
Conversations/Bank/March/Relationship Lines/Relationship/post_8h_lines_best_friend/march_post_8h_best_friend_3/5	So um, good work.	Alors, euh... bravo.	Так что, эм, отличная работа.	So um, good work.
Conversations/Bank/March/Relationship Lines/Relationship/post_8h_lines_best_friend/march_post_8h_best_friend_3/6	Hah, I bet!	Tu m'étonnes !	Хах, ещё бы!	Hah, I bet!
Conversations/Bank/March/Relationship Lines/Relationship/post_8h_lines_best_friend/march_post_8h_best_friend_3/7	Well, now that land's feeding half the town, so I guess you did something right.	Maintenant, tes cultures nourrissent la moitié de la ville. On peut dire que tu as bien travaillé.	Ну, теперь этот участок кормит полгорода, так что ты явно всё <p>сделали</p><f>сделала</f><m>сделал</m><n>сделало</n> правильно.	Well, now that land's feeding half the town, so I guess you did something right.
Conversations/Bank/March/Relationship Lines/Relationship/post_8h_lines_best_friend/march_post_8h_best_friend_3/8	And it's cool that you took all that lumber and stone and used it for the benefit of the town...	En plus, c'est super que tu aies pu réutiliser tout ce bois et ces pierres pour aider la ville...	Здорово вышло, что все эти камни и дерево пошли на пользу городу...	And it's cool that you took all that lumber and stone and used it for the benefit of the town...
Conversations/Bank/March/Relationship Lines/Relationship/post_8h_lines_best_friend/march_post_8h_best_friend_3/9	So um, good work.	Alors, euh... bravo.	Так что, эм, отличная работа.	So um, good work.
Conversations/Bank/March/Relationship Lines/Relationship/post_8h_lines_best_friend/march_post_8h_best_friend_3/init	I've been living in Mistria since I was pretty young, but I don't recall anyone ever living on that farmland before you arrived.	Je suis arrivé à Mistria tout petit et je ne crois pas avoir vu quelqu'un vivre sur cette ferme avant toi.	Я живу в Мистрии с раннего детства, но не помню, чтобы на том участке кто-то жил до тебя.	I've been living in Mistria since I was pretty young, but I don't recall anyone ever living on that farmland before you arrived.
Conversations/Bank/March/Relationship Lines/Relationship/post_8h_lines_best_friend/march_post_8h_best_friend_4/1	Have you crafted anything interesting lately?	Tu as fabriqué quelque chose d'intéressant dernièrement ?	Уже <p>смастерили</p><f>смастерила</f><m>смастерил</m><n>смастерило</n> что-нибудь интересненькое?	Have you crafted anything interesting lately?
Conversations/Bank/March/Relationship Lines/Relationship/post_8h_lines_best_friend/march_post_8h_best_friend_4/2	Hemlock asked me about a new door knocker for the Inn, so I might sketch that out later.	Hemlock m'a commandé un nouveau heurtoir de porte pour l'auberge. Je vais peut-être dessiner une ébauche d'ici peu.	Хемлок попросил меня сделать дверной молоточек для трактира. Может, скоро сделаю набросок.	Hemlock asked me about a new door knocker for the Inn, so I might sketch that out later.
Conversations/Bank/March/Relationship Lines/Relationship/post_8h_lines_best_friend/march_post_8h_best_friend_4/3	Maybe I'll run it by you when I'm finished?	Tu pourras me donner ton avis quand j'aurai terminé ?	Хочешь, покажу тебе, когда закончу?	Maybe I'll run it by you when I'm finished?
Conversations/Bank/March/Relationship Lines/Relationship/post_8h_lines_best_friend/march_post_8h_best_friend_4/init	Hey [Ari].	Salut, [Ari].	Привет, [Ari].	Hey [Ari].
Conversations/Bank/March/Relationship Lines/Relationship/post_8h_lines_best_friend/march_post_8h_best_friend_5/1	I'm glad you're able to make time to stop by.	Je suis content que tu prennes le temps de venir me voir.	Приятно, что находишь время зайти ко мне.	I'm glad you're able to make time to stop by.
Conversations/Bank/March/Relationship Lines/Relationship/post_8h_lines_best_friend/march_post_8h_best_friend_5/init	You've been pretty busy with the farm, huh.	Tu n'as pas chômé à la ferme, hein.	Хм, ты так <p>заняты</p><f>занята</f><m>занят</m><n>занято</n> на своей ферме.	You've been pretty busy with the farm, huh.
Conversations/Bank/March/Relationship Lines/Relationship/post_8h_lines_best_friend/march_post_8h_best_friend_6/1	The supplier sent us extra, so I figured I'd share.	Mon fournisseur en a envoyé un peu trop. Je me suis dit qu'on pourrait partager.	Они прислали больше заказанного, так что я решил поделиться.	The supplier sent us extra, so I figured I'd share.
Conversations/Bank/March/Relationship Lines/Relationship/post_8h_lines_best_friend/march_post_8h_best_friend_6/2	Don't go wasting them now, okay?	N'en fais pas n'importe quoi, d'accord ?	Только не трать на ерунду, ладно?	Don't go wasting them now, okay?
Conversations/Bank/March/Relationship Lines/Relationship/post_8h_lines_best_friend/march_post_8h_best_friend_6/init	Got a new shipment of ingots in from the Capital!	J'ai reçu une cargaison de lingots de la capitale !	У нас новая поставка слитков из столицы!	Got a new shipment of ingots in from the Capital!
Conversations/Bank/March/Relationship Lines/Relationship/post_8h_lines_best_friend/march_post_8h_best_friend_7/1	I mean, obviously we're siblings. We're so much alike!	Quand même ! Ça se voit qu'on est frères. On se ressemble trop !	По-моему, это же очевидно. Мы так похожи!	I mean, obviously we're siblings. We're so much alike!
Conversations/Bank/March/Relationship Lines/Relationship/post_8h_lines_best_friend/march_post_8h_best_friend_7/1/prompts/0	Except that your personalities are completely different.	À ceci près que vous n'avez pas du tout le même caractère.	За исключением характеров.	Except that your personalities are completely different.
Conversations/Bank/March/Relationship Lines/Relationship/post_8h_lines_best_friend/march_post_8h_best_friend_7/1/prompts/1	Except that your hair colors are completely different.	À ceci près que vous n'avez pas du tout la même couleur de cheveux.	За исключением цвета волос.	Except that your hair colors are completely different.
Conversations/Bank/March/Relationship Lines/Relationship/post_8h_lines_best_friend/march_post_8h_best_friend_7/2	What? No way!	Quoi ? N'importe quoi !	Да ну? Не может быть!	What? No way!
Conversations/Bank/March/Relationship Lines/Relationship/post_8h_lines_best_friend/march_post_8h_best_friend_7/3	I'm personable! I'm outgoing!	Je suis aimable ! Et avenant !	Я общительный! Я дружелюбный!	I'm personable! I'm outgoing!
Conversations/Bank/March/Relationship Lines/Relationship/post_8h_lines_best_friend/march_post_8h_best_friend_7/4	That wasn't a joke, stop laughing!	Je disais ça sérieusement. Arrête de rigoler !	Перестань смеяться, я не шучу!	That wasn't a joke, stop laughing!
Conversations/Bank/March/Relationship Lines/Relationship/post_8h_lines_best_friend/march_post_8h_best_friend_7/5	Well, not exactly...	Bon, pas tout à fait...	Ну, не совсем...	Well, not exactly...
Conversations/Bank/March/Relationship Lines/Relationship/post_8h_lines_best_friend/march_post_8h_best_friend_7/6	No one in our family is a natural Red Number 024.	Personne dans la famille n'a les cheveux de cette nuance 24 de roux.	В нашей семье никто не носит естественный красный оттенок номер 024.	No one in our family is a natural Red Number 024.
Conversations/Bank/March/Relationship Lines/Relationship/post_8h_lines_best_friend/march_post_8h_best_friend_7/7	Speaking of which, I wonder if Vera has any openings soon...	En parlant de ça, il faut que je demande à Vera si elle a de la place pour une couleur...	Кстати, интересно, нет ли у Веры свободного окошка...	Speaking of which, I wonder if Vera has any openings soon...
Conversations/Bank/March/Relationship Lines/Relationship/post_8h_lines_best_friend/march_post_8h_best_friend_7/init	Did you know that Darcy didn't figure out Olric and I were brothers until recently?	Tu savais que Darcy n'avait pas compris qu'Olric et moi étions frères ?	Представляешь, Дарси только недавно поняла, что мы с Ольриком братья.	Did you know that Darcy didn't figure out Olric and I were brothers until recently?
Conversations/Bank/March/Relationship Lines/Relationship/post_8h_lines_best_friend/march_post_8h_best_friend_8/1	Having fresh sushi whenever I want is one of my favorite things about Mistria.	Manger des sushis frais à tout moment, c'est un des trucs que j'adore à Mistria.	Одна из моих любимых вещей в Мистрии — свежие суши всегда, когда хочешь.	Having fresh sushi whenever I want is one of my favorite things about Mistria.
Conversations/Bank/March/Relationship Lines/Relationship/post_8h_lines_best_friend/march_post_8h_best_friend_8/2	When you get a dish that's well-made and thoughtfully plated... It's a form of art.	Quand on te sert un plat bien préparé et présenté... c'est une forme d'art.	Когда подают аккуратно приготовленное блюдо в подобранной посуде... Это похоже на искусство.	When you get a dish that's well-made and thoughtfully plated... It's a form of art.
Conversations/Bank/March/Relationship Lines/Relationship/post_8h_lines_best_friend/march_post_8h_best_friend_8/2/prompts/0	It's kind of like metalworking, isn't it?	Un peu comme le travail du métal, non ?	Как работа с металлом, да?	It's kind of like metalworking, isn't it?
Conversations/Bank/March/Relationship Lines/Relationship/post_8h_lines_best_friend/march_post_8h_best_friend_8/2/prompts/1	I can tell that you like things that require skill to make.	Je vois que tu apprécies ce qui demande de la rigueur.	Я давно <p>заметили</p><f>заметила</f><m>заметил</m><n>заметило</n>, что тебе нравится всё, что сделано с мастерством.	I can tell that you like things that require skill to make.
Conversations/Bank/March/Relationship Lines/Relationship/post_8h_lines_best_friend/march_post_8h_best_friend_8/3	Yeah, I guess it is.	Oui, c'est vrai.	Да, вообще-то похоже.	Yeah, I guess it is.
Conversations/Bank/March/Relationship Lines/Relationship/post_8h_lines_best_friend/march_post_8h_best_friend_8/4	Sushi making is a skill that looks deceptively simple-	Ça paraît si simple de préparer des sushis...	Готовить суши с виду кажется несложно...	Sushi making is a skill that looks deceptively simple-
Conversations/Bank/March/Relationship Lines/Relationship/post_8h_lines_best_friend/march_post_8h_best_friend_8/5	But takes years to master. I respect that.	Mais c'est une technique qui demande des années de pratique. Ça force le respect.	Но мастерство приходит только с годами. Я это уважаю.	But takes years to master. I respect that.
Conversations/Bank/March/Relationship Lines/Relationship/post_8h_lines_best_friend/march_post_8h_best_friend_8/6	Yeah, I guess so.	Oui, sûrement.	Да, это правда.	Yeah, I guess so.
Conversations/Bank/March/Relationship Lines/Relationship/post_8h_lines_best_friend/march_post_8h_best_friend_8/7	Sushi making is a skill that looks deceptively simple-	Ça paraît si simple de préparer des sushis...	Готовить суши с виду кажется несложно...	Sushi making is a skill that looks deceptively simple-
Conversations/Bank/March/Relationship Lines/Relationship/post_8h_lines_best_friend/march_post_8h_best_friend_8/8	But takes years to master. I respect that.	Mais c'est une technique qui demande des années de pratique. Ça force le respect.	Но мастерство приходит только с годами. Я это уважаю.	But takes years to master. I respect that.
Conversations/Bank/March/Relationship Lines/Relationship/post_8h_lines_best_friend/march_post_8h_best_friend_8/init	I'm glad we wound up living by the ocean.	Je suis content qu'on se soit installés en bord de mer.	Хорошо, что нам выпало жить у моря.	I'm glad we wound up living by the ocean.
Conversations/Bank/March/Relationship Lines/Relationship/post_8h_lines_best_friend/march_post_8h_best_friend_9/1	Work's a little slow right now.	J'ai un peu moins de travail en ce moment.	Работы сейчас не очень много.	Work's a little slow right now.
Conversations/Bank/March/Relationship Lines/Relationship/post_8h_lines_best_friend/march_post_8h_best_friend_9/10	So let's have fun making it.	Allez, aux fourneaux !	Так что давай повеселимся.	So let's have fun making it.
Conversations/Bank/March/Relationship Lines/Relationship/post_8h_lines_best_friend/march_post_8h_best_friend_9/2	Want to try some... forge cooking?	Ça te dirait d'essayer de... cuisiner dans la forge ?	Хочешь попробовать... кузнечную кулинарию?	Want to try some... forge cooking?
Conversations/Bank/March/Relationship Lines/Relationship/post_8h_lines_best_friend/march_post_8h_best_friend_9/2/prompts/0	Absolutely!	Aucun problème !	Обязательно!	Absolutely!
Conversations/Bank/March/Relationship Lines/Relationship/post_8h_lines_best_friend/march_post_8h_best_friend_9/2/prompts/1	I thought you'd be more strict about how the forge is used.	Je te pensais beaucoup plus strict sur l'utilisation de ta forge.	Я <p>думали</p><f>думала</f><m>думал</m><n>думало</n>, ты бережёшь свою кузнечную печь.	I thought you'd be more strict about how the forge is used.
Conversations/Bank/March/Relationship Lines/Relationship/post_8h_lines_best_friend/march_post_8h_best_friend_9/3	Nice! I used to do this with Olric and Ryis a lot.	Cool ! On faisait souvent ça avec Olric et Ryis.	Отлично! Мы с Ольриком и Ризом раньше так часто делали.	Nice! I used to do this with Olric and Ryis a lot.
Conversations/Bank/March/Relationship Lines/Relationship/post_8h_lines_best_friend/march_post_8h_best_friend_9/4	The forge is way hotter than a regular stove, so food burns easily.	La température est beaucoup plus élevée que dans un poêle, alors les aliments crament facilement.	Эта печь гораздо горячее обычной плиты, поэтому еда быстро пригорает.	The forge is way hotter than a regular stove, so food burns easily.
Conversations/Bank/March/Relationship Lines/Relationship/post_8h_lines_best_friend/march_post_8h_best_friend_9/5	The challenge of making it is usually more fun than eating it.	En général, c'est la préparation du repas qui est amusante, plus que le résultat lui-même.	Успеть всё приготовить — задачка поинтереснее, чем потом это есть.	The challenge of making it is usually more fun than eating it.
Conversations/Bank/March/Relationship Lines/Relationship/post_8h_lines_best_friend/march_post_8h_best_friend_9/6	Here... let's give it a go!	Allez... on essaie !	Давай... сейчас попробуем!	Here... let's give it a go!
Conversations/Bank/March/Relationship Lines/Relationship/post_8h_lines_best_friend/march_post_8h_best_friend_9/7	What? We're just having some fun! I used to do this with Olric and Ryis a lot.	Hein ?! On s'amuse, c'est tout ! Je faisais souvent ça avec Olric et Ryis.	Что? Да это же пустяки! Мы с Ольриком и Ризом раньше так часто делали.	What? We're just having some fun! I used to do this with Olric and Ryis a lot.
Conversations/Bank/March/Relationship Lines/Relationship/post_8h_lines_best_friend/march_post_8h_best_friend_9/8	The forge is way hotter than a regular stove, so food burns easily.	La température est beaucoup plus élevée que dans un poêle, alors les aliments crament facilement.	Эта печь гораздо горячее обычной плиты, поэтому еда быстро пригорает.	The forge is way hotter than a regular stove, so food burns easily.
Conversations/Bank/March/Relationship Lines/Relationship/post_8h_lines_best_friend/march_post_8h_best_friend_9/9	The challenge of making it is usually more fun than eating it.	En général, c'est la préparation du repas qui est amusante, plus que le résultat lui-même.	Успеть всё приготовить — задачка поинтереснее, чем потом это есть.	The challenge of making it is usually more fun than eating it.
Conversations/Bank/March/Relationship Lines/Relationship/post_8h_lines_best_friend/march_post_8h_best_friend_9/init	Hey, [Ari]...	Salut, [Ari]...	Эй, [Ari]...	Hey, [Ari]...
Conversations/Bank/March/Relationship Lines/Relationship/post_8h_lines_romantic/march_post_8h_romantic_0/1	But you've done a good job with it, okay?	Mais tu as fait du super boulot là-bas, tu sais ?	Но у тебя хорошо получается, правда.	But you've done a good job with it, okay?
Conversations/Bank/March/Relationship Lines/Relationship/post_8h_lines_romantic/march_post_8h_romantic_0/2	And I don't think anyone else could have done it. It had to be you.	D'après moi, personne d'autre n'y serait arrivé.	Я думаю, никому другому это было бы не под силу. Только тебе.	And I don't think anyone else could have done it. It had to be you.
Conversations/Bank/March/Relationship Lines/Relationship/post_8h_lines_romantic/march_post_8h_romantic_0/init	Hey... I know I gave you a hard time when you took over the farm...	Hé... Je sais que je n'ai pas été très sympa avec toi quand tu as repris la ferme...	Эй... Я знаю, что часто придирался к тебе, когда ты <p>приехали</p><f>приехала</f><m>приехал</m><n>приехало</n> на эту ферму...	Hey... I know I gave you a hard time when you took over the farm...
Conversations/Bank/March/Relationship Lines/Relationship/post_8h_lines_romantic/march_post_8h_romantic_1/1	I know you're capable and everything...	Je sais que tu n'as peur de rien.	Я знаю, что ты <p>сильные</p><f>сильная</f><m>сильный</m><n>сильное</n> и умеешь за себя постоять...	I know you're capable and everything...
Conversations/Bank/March/Relationship Lines/Relationship/post_8h_lines_romantic/march_post_8h_romantic_1/2	But next time you're down in the Mines...	Mais la prochaine fois que tu descends dans les mines...	Но в следующий раз, когда будешь в шахтах...	But next time you're down in the Mines...
Conversations/Bank/March/Relationship Lines/Relationship/post_8h_lines_romantic/march_post_8h_romantic_1/2/prompts/0	Don't fall into another pit?	Je dois faire attention à ne pas tomber dans un trou ?	«Будь осторожнее с ямами», да?	Don't fall into another pit?
Conversations/Bank/March/Relationship Lines/Relationship/post_8h_lines_romantic/march_post_8h_romantic_1/2/prompts/1	You want me to bring you some ore?	Tu veux que je te remonte du minerai ?	Принести тебе руды?	You want me to bring you some ore?
Conversations/Bank/March/Relationship Lines/Relationship/post_8h_lines_romantic/march_post_8h_romantic_1/3	Heh. That's right.	Oui, voilà.	Хах. Да, это я и хотел сказать.	Heh. That's right.
Conversations/Bank/March/Relationship Lines/Relationship/post_8h_lines_romantic/march_post_8h_romantic_1/4	Turns out it's more dangerous down there than I realized.	En fait, c'est bien plus dangereux que je ne le pensais.	Там оказалось гораздо опаснее, чем я думал.	Turns out it's more dangerous down there than I realized.
Conversations/Bank/March/Relationship Lines/Relationship/post_8h_lines_romantic/march_post_8h_romantic_1/5	Just come back safe, alright?	Tu reviens en un morceau, d'accord ?!	Главное — возвращайся <p>целые</p><f>целая</f><m>целый</m><n>целое</n>, ладно?	Just come back safe, alright?
Conversations/Bank/March/Relationship Lines/Relationship/post_8h_lines_romantic/march_post_8h_romantic_1/6	Huh? No, I'm good.	Hein ? Non, j'ai ce qu'il me faut.	Что? Нет, мне пока хватает.	Huh? No, I'm good.
Conversations/Bank/March/Relationship Lines/Relationship/post_8h_lines_romantic/march_post_8h_romantic_1/7	It's just... it's more dangerous down there than I realized.	C'est juste que... j'ai réalisé que c'était bien plus dangereux que je ne le pensais.	Просто... Там гораздо опаснее, чем я думал.	It's just... it's more dangerous down there than I realized.
Conversations/Bank/March/Relationship Lines/Relationship/post_8h_lines_romantic/march_post_8h_romantic_1/8	Just come back safe, alright?	Tu reviens en un morceau, d'accord ?!	Главное — возвращайся <p>целые</p><f>целая</f><m>целый</m><n>целое</n>, ладно?	Just come back safe, alright?
Conversations/Bank/March/Relationship Lines/Relationship/post_8h_lines_romantic/march_post_8h_romantic_1/init	[Ari]...	[Ari]...	[Ari]...	[Ari]...
Conversations/Bank/March/Relationship Lines/Relationship/post_8h_lines_romantic/march_post_8h_romantic_10/1	It's cold out and... well, it's important for blacksmiths and farmers to keep their hands warm.	Il fait froid aujourd'hui et... les forgerons et les fermiers doivent faire attention à garder leurs mains au chaud.	На улице сейчас холодно, так что... В общем, кузнецам и фермерам нужно держать руки в тепле.	It's cold out and... well, it's important for blacksmiths and farmers to keep their hands warm.
Conversations/Bank/March/Relationship Lines/Relationship/post_8h_lines_romantic/march_post_8h_romantic_10/2	Here. Take it.	Tiens, prends la mienne.	Вот. Возьми.	Here. Take it.
Conversations/Bank/March/Relationship Lines/Relationship/post_8h_lines_romantic/march_post_8h_romantic_10/init	Hey...	Hé...	Эй...	Hey...
Conversations/Bank/March/Relationship Lines/Relationship/post_8h_lines_romantic/march_post_8h_romantic_11/1	I've got mixed-up feelings about my parents, but-	Je ne sais pas trop quoi penser de mes parents, mais...	У меня сложное отношение к родителям, но...	I've got mixed-up feelings about my parents, but-
Conversations/Bank/March/Relationship Lines/Relationship/post_8h_lines_romantic/march_post_8h_romantic_11/2	It's kind of nice to hear about how well they worked together.	Je suis content de savoir qu'ils travaillaient très bien ensemble.	Мне нравится, как хорошо у них получалось работать вместе.	It's kind of nice to hear about how well they worked together.
Conversations/Bank/March/Relationship Lines/Relationship/post_8h_lines_romantic/march_post_8h_romantic_11/3	You've already spent a lot of time at the forge, but I never... ah...	Tu passes beaucoup de temps à la forge, mais moi, jamais je ne... ah...	Ты уже много времени <p>провели</p><f>провела</f><m>провёл</m><n>провело</n> в кузнице, а я никогда... эм...	You've already spent a lot of time at the forge, but I never... ah...
Conversations/Bank/March/Relationship Lines/Relationship/post_8h_lines_romantic/march_post_8h_romantic_11/4	Well, let me know if you ever want help down on the farm.	Enfin, dis-moi si jamais tu as besoin d'un coup de main à la ferme.	В общем, если тебе понадобится помощь на ферме, только скажи.	Well, let me know if you ever want help down on the farm.
Conversations/Bank/March/Relationship Lines/Relationship/post_8h_lines_romantic/march_post_8h_romantic_11/4/prompts/0	March the farmer? I'd like to see that.	March le fermier ? Je voudrais bien voir ça.	Фермер Март? <p>Хотели</p><f>Хотела</f><m>Хотел</m><n>Хотело</n> бы я на это посмотреть.	March the farmer? I'd like to see that.
Conversations/Bank/March/Relationship Lines/Relationship/post_8h_lines_romantic/march_post_8h_romantic_11/4/prompts/1	You're sweet, March.	C'est adorable, March.	Ты такой милый, Март.	You're sweet, March.
Conversations/Bank/March/Relationship Lines/Relationship/post_8h_lines_romantic/march_post_8h_romantic_11/5	Yeah?	Ah oui ?	Правда?	Yeah?
Conversations/Bank/March/Relationship Lines/Relationship/post_8h_lines_romantic/march_post_8h_romantic_11/6	Guess I'll have to show you what I can do some time.	Je suppose que je devrai te montrer ce que je sais faire un de ces jours.	Тогда я тебе когда-нибудь покажу, на что я способен.	Guess I'll have to show you what I can do some time.
Conversations/Bank/March/Relationship Lines/Relationship/post_8h_lines_romantic/march_post_8h_romantic_11/7	Sweet...?	Adorable...?	Милый?..	Sweet...?
Conversations/Bank/March/Relationship Lines/Relationship/post_8h_lines_romantic/march_post_8h_romantic_11/8	No I-	Non, je...	Нет, я...	No I-
Conversations/Bank/March/Relationship Lines/Relationship/post_8h_lines_romantic/march_post_8h_romantic_11/9	Look. Just let me know if you need an extra pair of hands, okay?	Écoute, n'hésite pas si jamais tu as besoin d'une paire de bras supplémentaire !	Слушай. Просто скажи мне, если потребуется помощник, ладно?	Look. Just let me know if you need an extra pair of hands, okay?
Conversations/Bank/March/Relationship Lines/Relationship/post_8h_lines_romantic/march_post_8h_romantic_11/init	Hemlock and I got to talking over a beer the other night...	On a discuté autour d'une bière l'autre soir, Hemlock et moi...	Недавно мы с Хемлоком разговорились вечером за пивом...	Hemlock and I got to talking over a beer the other night...
Conversations/Bank/March/Relationship Lines/Relationship/post_8h_lines_romantic/march_post_8h_romantic_12/1	Look up. See that arc of stars?	Regarde là-haut, tu vois ces étoiles en arc de cercle ?	Посмотри наверх. Видишь эту дугу из звёзд?	Look up. See that arc of stars?
Conversations/Bank/March/Relationship Lines/Relationship/post_8h_lines_romantic/march_post_8h_romantic_12/1/prompts/0	Over there?	Celles-là ?	Вон там?	Over there?
Conversations/Bank/March/Relationship Lines/Relationship/post_8h_lines_romantic/march_post_8h_romantic_12/1/prompts/1	What are we doing...?	Qu'est-ce que tu fais...?	Что мы с тобой делаем?..	What are we doing...?
Conversations/Bank/March/Relationship Lines/Relationship/post_8h_lines_romantic/march_post_8h_romantic_12/10	I got to thinking about how you moved from elsewhere, and sometimes constellations have different names in other places...	Je m'étais dit que comme tu venais d'ailleurs, vous n'utilisiez peut-être pas les mêmes noms pour les constellations...	Я задумался, что ты ведь <p>приехали</p><f>приехала</f><m>приехал</m><n>приехало</n> из других краёв, а созвездия иногда называются в разных местах по-разному...	I got to thinking about how you moved from elsewhere, and sometimes constellations have different names in other places...
Conversations/Bank/March/Relationship Lines/Relationship/post_8h_lines_romantic/march_post_8h_romantic_12/11	Anyway, sorry if I told you something you already know. I guess I wanted to share it with you.	Bref, désolé si tu le savais déjà. Je voulais juste admirer les étoiles avec toi.	В общем, прости, если ты и так знаешь, что я рассказываю. Просто мне нравится смотреть на звёзды, и я хотел разделить это с тобой.	Anyway, sorry if I told you something you already know. I guess I wanted to share it with you.
Conversations/Bank/March/Relationship Lines/Relationship/post_8h_lines_romantic/march_post_8h_romantic_12/2	Close, but not quite. Here...	Non, juste à côté. Là...	Почти, но не совсем. Вон...	Close, but not quite. Here...
Conversations/Bank/March/Relationship Lines/Relationship/post_8h_lines_romantic/march_post_8h_romantic_12/3	Lean your head on my shoulder and follow my arm up. See those five stars, brighter than the rest?	Pose ta tête sur mon épaule et suis mon bras. Tu vois ces cinq étoiles qui brillent plus que les autres ?	Положи голову мне на плечо и следи за рукой. Видишь вон там пять звёзд, светятся ярче других?	Lean your head on my shoulder and follow my arm up. See those five stars, brighter than the rest?
Conversations/Bank/March/Relationship Lines/Relationship/post_8h_lines_romantic/march_post_8h_romantic_12/4	That's a constellation called the Dragonsworn... It was my favorite growing up.	C'est la constellation du paladin du dragon... C'était ma préférée quand j'étais petit.	Это созвездие называется Драконоверный... В детстве было моё самое любимое.	That's a constellation called the Dragonsworn... It was my favorite growing up.
Conversations/Bank/March/Relationship Lines/Relationship/post_8h_lines_romantic/march_post_8h_romantic_12/5	I got to thinking about how you moved from elsewhere, and sometimes constellations have different names in other places...	Je m'étais dit que comme tu venais d'ailleurs, vous n'utilisiez peut-être pas les mêmes noms pour les constellations...	Я задумался, что ты ведь <p>приехали</p><f>приехала</f><m>приехал</m><n>приехало</n> из других краёв, а созвездия иногда называются в разных местах по-разному...	I got to thinking about how you moved from elsewhere, and sometimes constellations have different names in other places...
Conversations/Bank/March/Relationship Lines/Relationship/post_8h_lines_romantic/march_post_8h_romantic_12/6	Anyway, sorry if I told you something you already know. I like stargazing and I guess I wanted to share it with you.	Bref, désolé si tu le savais déjà. J'adore observer les étoiles et je voulais partager ça avec toi.	В общем, прости, если ты и так знаешь, что я рассказываю. Просто мне нравится смотреть на звёзды, и я хотел разделить это с тобой.	Anyway, sorry if I told you something you already know. I like stargazing and I guess I wanted to share it with you.
Conversations/Bank/March/Relationship Lines/Relationship/post_8h_lines_romantic/march_post_8h_romantic_12/7	Stargazing. It's a hobby, I guess. Here...	Regarder les étoiles. C'est un peu mon hobby. Tiens...	Смотреть на звёзды. Это, можно сказать, моё хобби. Вон...	Stargazing. It's a hobby, I guess. Here...
Conversations/Bank/March/Relationship Lines/Relationship/post_8h_lines_romantic/march_post_8h_romantic_12/8	Lean your head on my shoulder and follow my arm up. See those five stars, brighter than the rest?	Pose ta tête sur mon épaule et suis mon bras. Tu vois ces cinq étoiles qui brillent plus que les autres ?	Положи голову мне на плечо и следи за рукой. Видишь вон там пять звёзд, светятся ярче других?	Lean your head on my shoulder and follow my arm up. See those five stars, brighter than the rest?
Conversations/Bank/March/Relationship Lines/Relationship/post_8h_lines_romantic/march_post_8h_romantic_12/9	That's a constellation called the Dragonsworn... It was my favorite growing up.	C'est la constellation du paladin du dragon... C'était ma préférée quand j'étais petit.	Это созвездие называется Драконоверный... В детстве было моё самое любимое.	That's a constellation called the Dragonsworn... It was my favorite growing up.
Conversations/Bank/March/Relationship Lines/Relationship/post_8h_lines_romantic/march_post_8h_romantic_12/init	Hey, come here [Ari].	Hé, viens par ici, [Ari].	Эй, [Ari], иди сюда.	Hey, come here [Ari].
Conversations/Bank/March/Relationship Lines/Relationship/post_8h_lines_romantic/march_post_8h_romantic_13/1	Elsie and Juniper were teasing me for days afterward.	Elsie et Juniper n'ont pas arrêté de me taquiner les jours suivants.	Элси и Джунипер меня ещё несколько дней потом дразнили.	Elsie and Juniper were teasing me for days afterward.
Conversations/Bank/March/Relationship Lines/Relationship/post_8h_lines_romantic/march_post_8h_romantic_13/2	I wish I could remember what I said to you.	J'aimerais pouvoir me rappeler ce que je t'ai dit.	Жаль, я не помню, что тогда тебе сказал.	I wish I could remember what I said to you.
Conversations/Bank/March/Relationship Lines/Relationship/post_8h_lines_romantic/march_post_8h_romantic_13/2/prompts/0	You said I wasn't so bad.	Tu as dit que j'étais plutôt mignon<she>ne</she><he></he><they>·ne</they>.	Ты сказал, что я не так уж и <p>плохи</p><f>плоха</f><m>плох</m><n>плохо</n>.	You said I wasn't so bad.
Conversations/Bank/March/Relationship Lines/Relationship/post_8h_lines_romantic/march_post_8h_romantic_13/2/prompts/1	You're a cute drunk, March.	Tu es adorable avec un verre dans le nez, March.	Ты очень мило себя ведёшь, когда выпьешь, Март.	You're a cute drunk, March.
Conversations/Bank/March/Relationship Lines/Relationship/post_8h_lines_romantic/march_post_8h_romantic_13/3	Sorry about that... it was rude and uncool, and-	Désolé... C'était malpoli, pas cool et...	Прости... Это было грубо и совсем не круто, и вообще...	Sorry about that... it was rude and uncool, and-
Conversations/Bank/March/Relationship Lines/Relationship/post_8h_lines_romantic/march_post_8h_romantic_13/4	Wait, I said what?	Hein, j'ai dit quoi ?	Погоди, что я сказал?	Wait, I said what?
Conversations/Bank/March/Relationship Lines/Relationship/post_8h_lines_romantic/march_post_8h_romantic_13/5	So...	Écoute...	Ну...	So...
Conversations/Bank/March/Relationship Lines/Relationship/post_8h_lines_romantic/march_post_8h_romantic_13/6	Huh. Well, I was right.	Euh... Eh bien, j'avais raison.	Хм. Я всё ещё так считаю.	Huh. Well, I was right.
Conversations/Bank/March/Relationship Lines/Relationship/post_8h_lines_romantic/march_post_8h_romantic_13/7	What's that supposed to mean?	Quoi, comment ça ?	И как мне это воспринимать?	What's that supposed to mean?
Conversations/Bank/March/Relationship Lines/Relationship/post_8h_lines_romantic/march_post_8h_romantic_13/8	You're going to lord this over me, aren't you?	Toi aussi, tu vas me regarder de haut, c'est ça ?	Будешь теперь на меня свысока смотреть, да?	You're going to lord this over me, aren't you?
Conversations/Bank/March/Relationship Lines/Relationship/post_8h_lines_romantic/march_post_8h_romantic_13/9	Haha!	Ha ha !	Ха-ха!	Haha!
Conversations/Bank/March/Relationship Lines/Relationship/post_8h_lines_romantic/march_post_8h_romantic_13/init	That first Friday Night at the Inn... I guess I got pretty drunk.	Lors de cette première soirée du vendredi à l'auberge... j'ai un peu trop forcé sur la bouteille.	В тот первый вечер пятницы в трактире... Кажется, я слишком напился.	That first Friday Night at the Inn... I guess I got pretty drunk.
Conversations/Bank/March/Relationship Lines/Relationship/post_8h_lines_romantic/march_post_8h_romantic_14/1	It could have been anyone that answered the call that Adeline put out.	N'importe qui aurait pu répondre à l'appel d'Adeline.	На призыв Аделины ведь мог откликнуться кто угодно.	It could have been anyone that answered the call that Adeline put out.
Conversations/Bank/March/Relationship Lines/Relationship/post_8h_lines_romantic/march_post_8h_romantic_14/2	But seeing how hard you worked to rebuild this town...	Mais quand je vois tous les efforts que tu as déployés pour reconstruire la ville...	Но ты так много усилий <p>вложили</p><f>вложила</f><m>вложил</m><n>вложило</n> в восстановление города...	But seeing how hard you worked to rebuild this town...
Conversations/Bank/March/Relationship Lines/Relationship/post_8h_lines_romantic/march_post_8h_romantic_14/3	How much you look out for people...	Et la façon dont tu prends soin des gens...	И так много помогаешь местным жителям...	How much you look out for people...
Conversations/Bank/March/Relationship Lines/Relationship/post_8h_lines_romantic/march_post_8h_romantic_14/4	For a lot of reasons...	Pour tout un tas de raisons...	И по многим другим причинам...	For a lot of reasons...
Conversations/Bank/March/Relationship Lines/Relationship/post_8h_lines_romantic/march_post_8h_romantic_14/5	I'm glad it was you, [Ari].	Je suis heureux que ce soit toi, [Ari].	Я рад, что <p>откликнулись</p><f>откликнулась</f><m>откликнулся</m><n>откликнулось</n> именно ты, [Ari].	I'm glad it was you, [Ari].
Conversations/Bank/March/Relationship Lines/Relationship/post_8h_lines_romantic/march_post_8h_romantic_14/init	I've been thinking...	Tu sais quoi...	Я тут подумал...	I've been thinking...
Conversations/Bank/March/Relationship Lines/Relationship/post_8h_lines_romantic/march_post_8h_romantic_2/1	You're always giving me gifts, so I wanted to give you something you'd like...	Tu me fais toujours des cadeaux, alors je voulais t'offrir quelque chose qui te plaise vraiment...	Ты часто даришь мне подарки, и я захотел тоже сделать тебе что-нибудь приятное.	You're always giving me gifts, so I wanted to give you something you'd like...
Conversations/Bank/March/Relationship Lines/Relationship/post_8h_lines_romantic/march_post_8h_romantic_2/2	I asked around, and Olric suggested something to keep you safe in the Mines, which... yeah.	J'ai demandé autour de moi, et Olric m'a conseillé quelque chose pour te protéger dans les mines, alors voilà.	Я спросил совета, и Ольрик предложил подарить что-нибудь для защиты в шахтах, так что... Вот. 	I asked around, and Olric suggested something to keep you safe in the Mines, which... yeah.
Conversations/Bank/March/Relationship Lines/Relationship/post_8h_lines_romantic/march_post_8h_romantic_2/3	So maybe this will help.	J'espère que ça te sera utile.	Возможно, это поможет.	So maybe this will help.
Conversations/Bank/March/Relationship Lines/Relationship/post_8h_lines_romantic/march_post_8h_romantic_2/4	Don't just keep it on a shelf, okay? Be sure to use it.	Tu ne le laisses pas chez toi, OK ? Tu me promets de t'en servir.	Только не убирай на полку, ладно? Пользуйся на здоровье.	Don't just keep it on a shelf, okay? Be sure to use it.
Conversations/Bank/March/Relationship Lines/Relationship/post_8h_lines_romantic/march_post_8h_romantic_2/init	So...	Écoute...	В общем...	So...
Conversations/Bank/March/Relationship Lines/Relationship/post_8h_lines_romantic/march_post_8h_romantic_3/1	What's with that look? Is there something on my face?	Pourquoi tu me regardes comme ça ? J'ai un truc sur la figure ?	Что ты так смотришь? У меня что-то на лице?	What's with that look? Is there something on my face?
Conversations/Bank/March/Relationship Lines/Relationship/post_8h_lines_romantic/march_post_8h_romantic_3/1/prompts/0	Nope! Don't worry about it.	Non ! Arrête de te stresser !	Ничего! Не переживай.	Nope! Don't worry about it.
Conversations/Bank/March/Relationship Lines/Relationship/post_8h_lines_romantic/march_post_8h_romantic_3/1/prompts/1	Yeah, you have cute all over your face.	Pire encore, tu es trop mignon.	Ага, у тебя всё лицо в милинках.	Yeah, you have cute all over your face.
Conversations/Bank/March/Relationship Lines/Relationship/post_8h_lines_romantic/march_post_8h_romantic_3/2	Then what are-	Alors, pourquoi...?	Тогда зачем ты...	Then what are-
Conversations/Bank/March/Relationship Lines/Relationship/post_8h_lines_romantic/march_post_8h_romantic_3/3	Hey! Are you-	Attends, tu...	Эй! Ты что...	Hey! Are you-
Conversations/Bank/March/Relationship Lines/Relationship/post_8h_lines_romantic/march_post_8h_romantic_3/4	Are you trying to make me blush?	Tu veux me faire rougir ou quoi ?	Ты хочешь заставить меня покраснеть?	Are you trying to make me blush?
Conversations/Bank/March/Relationship Lines/Relationship/post_8h_lines_romantic/march_post_8h_romantic_3/5	All over my-	Je suis trop...	В каких ещё...	All over my-
Conversations/Bank/March/Relationship Lines/Relationship/post_8h_lines_romantic/march_post_8h_romantic_3/6	Hey! Are you-	Attends, tu...	Эй! Ты что...	Hey! Are you-
Conversations/Bank/March/Relationship Lines/Relationship/post_8h_lines_romantic/march_post_8h_romantic_3/7	A-are you trying to make me blush?	T-Tu veux me faire rougir ou quoi ?	Т-ты хочешь заставить меня покраснеть?	A-are you trying to make me blush?
Conversations/Bank/March/Relationship Lines/Relationship/post_8h_lines_romantic/march_post_8h_romantic_3/init	...	...	...	...
Conversations/Bank/March/Relationship Lines/Relationship/post_8h_lines_romantic/march_post_8h_romantic_4/1	You've been working pretty hard, and-	Tu travailles très dur, et puis...	Ты так много работаешь и наверняка...	You've been working pretty hard, and-
Conversations/Bank/March/Relationship Lines/Relationship/post_8h_lines_romantic/march_post_8h_romantic_4/2	I guess the idea of you going hungry bothered me.	Je n'aime pas l'idée que tu ne t'arrêtes pas pour manger.	Видимо, я переживаю, что ты останешься <p>голодные</p><f>голодная</f><m>голодный</m><n>голодное</n>.	I guess the idea of you going hungry bothered me.
Conversations/Bank/March/Relationship Lines/Relationship/post_8h_lines_romantic/march_post_8h_romantic_4/3	Anyway, it's not gourmet or anything, but I hope it does the job.	Ce n'est pas de la grande cuisine, mais j'espère que ça fera l'affaire.	Это, конечно, не высокая кухня, но зато, надеюсь, будешь <p>сытые</p><f>сытая</f><m>сытый</m><n>сытое</n>.	Anyway, it's not gourmet or anything, but I hope it does the job.
Conversations/Bank/March/Relationship Lines/Relationship/post_8h_lines_romantic/march_post_8h_romantic_4/init	Hey, I made you something...	Je t'ai préparé un petit quelque chose.	Эй, я кое-что тебе приготовил...	Hey, I made you something...
Conversations/Bank/March/Relationship Lines/Relationship/post_8h_lines_romantic/march_post_8h_romantic_5/1	I know I'm always saying how you're a distraction...	Je dis toujours que j'ai du mal à me concentrer quand tu es là...	Знаю, я всегда говорю, что ты меня отвлекаешь...	I know I'm always saying how you're a distraction...
Conversations/Bank/March/Relationship Lines/Relationship/post_8h_lines_romantic/march_post_8h_romantic_5/2	And you are.	Ce qui est vrai.	И это правда.	And you are.
Conversations/Bank/March/Relationship Lines/Relationship/post_8h_lines_romantic/march_post_8h_romantic_5/3	But like... in a nice way.	Mais... j'aime bien.	Но как бы... приятно отвлекаешь.	But like... in a nice way.
Conversations/Bank/March/Relationship Lines/Relationship/post_8h_lines_romantic/march_post_8h_romantic_5/4	Anyway! I-	Bref ! Je...	Не важно! Пора...	Anyway! I-
Conversations/Bank/March/Relationship Lines/Relationship/post_8h_lines_romantic/march_post_8h_romantic_5/5	I should get back to work.	Je ferais mieux de me remettre au travail.	Пора мне вернуться к работе.	I should get back to work.
Conversations/Bank/March/Relationship Lines/Relationship/post_8h_lines_romantic/march_post_8h_romantic_5/init	You should come by the forge whenever you want.	Tu peux passer à la forge quand tu veux.	Приходи в кузницу, когда тебе захочется.	You should come by the forge whenever you want.
Conversations/Bank/March/Relationship Lines/Relationship/post_8h_lines_romantic/march_post_8h_romantic_6/1	Said he'd been starting to wonder if there might be something between you and me.	Il m'a demandé s'il n'y avait pas quelque chose entre toi et moi.	Он сказал, любопытно, что у нас с тобой происходит.	Said he'd been starting to wonder if there might be something between you and me.
Conversations/Bank/March/Relationship Lines/Relationship/post_8h_lines_romantic/march_post_8h_romantic_6/2	Because a pair of blacksmiths like us were 'bound to make sparks fly.'	Parce qu'un forgeron en couple, ça « ferait des étincelles ».	Потому что «меж двух кузнецов искры летят».	Because a pair of blacksmiths like us were 'bound to make sparks fly.'
Conversations/Bank/March/Relationship Lines/Relationship/post_8h_lines_romantic/march_post_8h_romantic_6/init	I was doing some shopping earlier. Seems Holt has caught wind...	Je suis allé faire des courses tout à l'heure. Je crois que Holt a flairé quelque chose...	Я недавно ходил за покупками. Кажется, Хольт о чём-то догадывается...	I was doing some shopping earlier. Seems Holt has caught wind...
Conversations/Bank/March/Relationship Lines/Relationship/post_8h_lines_romantic/march_post_8h_romantic_7/1	I wouldn't want you getting heatstroke on me.	Je ne voudrais pas que tu aies un coup de chaud.	Не хочу, чтобы у тебя из-за меня случился тепловой удар.	I wouldn't want you getting heatstroke on me.
Conversations/Bank/March/Relationship Lines/Relationship/post_8h_lines_romantic/march_post_8h_romantic_7/2	Here, drink this.	Tiens, bois ça.	Вот, попей.	Here, drink this.
Conversations/Bank/March/Relationship Lines/Relationship/post_8h_lines_romantic/march_post_8h_romantic_7/init	The temperature can get pretty intense near the forge, so be careful, okay?	La température est très élevée à côté de la forge, alors fais attention.	Рядом с печью бывает очень жарко, так что будь осторожнее, ладно?	The temperature can get pretty intense near the forge, so be careful, okay?
Conversations/Bank/March/Relationship Lines/Relationship/post_8h_lines_romantic/march_post_8h_romantic_8/1	Or get new clothes or something?	Ou c'est ta tenue ?	Или одежда новая, или что-то ещё?	Or get new clothes or something?
Conversations/Bank/March/Relationship Lines/Relationship/post_8h_lines_romantic/march_post_8h_romantic_8/2	Oh! I thought... nevermind.	Oh ! J'aurais cru... Peu importe.	Ой! Я подумал... Не важно.	Oh! I thought... nevermind.
Conversations/Bank/March/Relationship Lines/Relationship/post_8h_lines_romantic/march_post_8h_romantic_8/3	I mean, I guess you just look nice today.	C'est simplement parce que je te trouve magnifique aujourd'hui.	То есть ты просто хорошо сегодня выглядишь.	I mean, I guess you just look nice today.
Conversations/Bank/March/Relationship Lines/Relationship/post_8h_lines_romantic/march_post_8h_romantic_8/4	Uh. Well. More so than usual.	Euh. Enfin, comme tous les jours.	Эм. В смысле ещё лучше, чем обычно.	Uh. Well. More so than usual.
Conversations/Bank/March/Relationship Lines/Relationship/post_8h_lines_romantic/march_post_8h_romantic_8/5	So... good job.	Alors... bravo.	Так что... Молодец.	So... good job.
Conversations/Bank/March/Relationship Lines/Relationship/post_8h_lines_romantic/march_post_8h_romantic_8/init	Did you do something new with your hair?	Tu as fait quelque chose à tes cheveux ?	Ты что-то <p>сделали</p><f>сделала</f><m>сделал</m><n>сделало</n> с причёской?	Did you do something new with your hair?
Conversations/Bank/March/Relationship Lines/Relationship/post_8h_lines_romantic/march_post_8h_romantic_9/1	Well, I run pretty hot... stay close and warm up.	Si tu as froid, tu peux venir te réchauffer auprès de moi.	А я как раз так запарился... Иди ко мне, погрейся.	Well, I run pretty hot... stay close and warm up.
Conversations/Bank/March/Relationship Lines/Relationship/post_8h_lines_romantic/march_post_8h_romantic_9/2	I mean, if you want.	Enfin, si ça te dit.	То есть если хочешь, конечно.	I mean, if you want.
Conversations/Bank/March/Relationship Lines/Relationship/post_8h_lines_romantic/march_post_8h_romantic_9/init	It's getting chilly, isn't it?	Il fait un peu frais, non ?	Прохладно стало, да?	It's getting chilly, isn't it?
