key	english	french	russian	bulgarian
Conversations/Post Endgame Scene Lines/post_endgame_scene_lines/adeline_post_endgame_0/1	I was so scared.	J'ai eu tellement peur.	Я ужасно испугалась.	I was so scared.
Conversations/Post Endgame Scene Lines/post_endgame_scene_lines/adeline_post_endgame_0/10	There's no time to waste!	Il n'y a pas de temps à perdre !	Нельзя терять ни минуты!	There's no time to waste!
Conversations/Post Endgame Scene Lines/post_endgame_scene_lines/adeline_post_endgame_0/11	For my first order of business...	Bien, ma priorité sera...	В самую первую очередь...	For my first order of business...
Conversations/Post Endgame Scene Lines/post_endgame_scene_lines/adeline_post_endgame_0/12	I'll get started on organizing a welcoming committee.	L'organisation d'un comité d'accueil.	Я займусь созданием приветственного комитета.	I'll get started on organizing a welcoming committee.
Conversations/Post Endgame Scene Lines/post_endgame_scene_lines/adeline_post_endgame_0/13	We have to make sure our resident dragons get settled into modern village life!	Nous devons veiller à ce que nos amis dragons s'intègrent à la vie quotidienne d'une ville moderne comme la nôtre.	Мы должны дать нашим соседям-драконам введение в современную деревенскую жизнь!	We have to make sure our resident dragons get settled into modern village life!
Conversations/Post Endgame Scene Lines/post_endgame_scene_lines/adeline_post_endgame_0/14	And I'd better get started on a letter to Mother and Father to explain everything...	Et je ferais bien d'envoyer une lettre à ma mère et à mon père pour leur expliquer tout ça...	А ещё надо подумать над письмом маме и папе, чтобы им всё объяснить...	And I'd better get started on a letter to Mother and Father to explain everything...
Conversations/Post Endgame Scene Lines/post_endgame_scene_lines/adeline_post_endgame_0/15	I hope I have enough paper!	J'espère avoir assez de papier !	Надеюсь, у меня хватит бумаги!	I hope I have enough paper!
Conversations/Post Endgame Scene Lines/post_endgame_scene_lines/adeline_post_endgame_0/2	Those mysterious people you appeared with... you stopped that earthquake somehow, didn't you?	Ces personnes mystérieuses qui sont apparues à tes côtés... Vous avez réussi à arrêter le tremblement de terre ensemble, n'est-ce pas ?	Ты <p>появились</p><f>появилась</f><m>появился</m><n>появилось</n> там вместе с этими странными людьми... Это же ты как-то <p>остановили</p><f>остановила</f><m>остановил</m><n>остановило</n> землетрясение, да?	Those mysterious people you appeared with... you stopped that earthquake somehow, didn't you?
Conversations/Post Endgame Scene Lines/post_endgame_scene_lines/adeline_post_endgame_0/3	[Ari]... what's really going on?	[Ari]... Que se passe-t-il exactement ?	[Ari]... Что там произошло на самом деле?	[Ari]... what's really going on?
Conversations/Post Endgame Scene Lines/post_endgame_scene_lines/adeline_post_endgame_0/4f	...	...	...	...
Conversations/Post Endgame Scene Lines/post_endgame_scene_lines/adeline_post_endgame_0/4r	...	...	...	...
Conversations/Post Endgame Scene Lines/post_endgame_scene_lines/adeline_post_endgame_0/5f	You know you can tell me anything...	Tu sais que tu peux tout me dire...	Ты же знаешь, мне можно рассказать что угодно...	You know you can tell me anything...
Conversations/Post Endgame Scene Lines/post_endgame_scene_lines/adeline_post_endgame_0/5f/prompts/0	I'm sorry I couldn't tell you until now. Let me explain...	Pardon, je ne pouvais rien te révéler jusqu'à maintenant. Laisse-moi t'expliquer...	До этого я не <p>могли</p><f>могла</f><m>мог</m><n>могло</n> рассказать, прости. Сейчас объясню...	I'm sorry I couldn't tell you until now. Let me explain...
Conversations/Post Endgame Scene Lines/post_endgame_scene_lines/adeline_post_endgame_0/5f/prompts/1	Well...	Alors, voilà...	В общем...	Well...
Conversations/Post Endgame Scene Lines/post_endgame_scene_lines/adeline_post_endgame_0/5r	You know you can tell me anything...	Tu sais que tu peux tout me dire...	Ты же знаешь, мне можно рассказать что угодно...	You know you can tell me anything...
Conversations/Post Endgame Scene Lines/post_endgame_scene_lines/adeline_post_endgame_0/5r/prompts/0	I'm sorry I couldn't tell you until now. Let me explain...	Pardon, je ne pouvais rien te révéler jusqu'à maintenant. Laisse-moi t'expliquer...	До этого я не <p>могли</p><f>могла</f><m>мог</m><n>могло</n> рассказать, прости. Сейчас объясню...	I'm sorry I couldn't tell you until now. Let me explain...
Conversations/Post Endgame Scene Lines/post_endgame_scene_lines/adeline_post_endgame_0/5r/prompts/1	Well...	Alors, voilà...	В общем...	Well...
Conversations/Post Endgame Scene Lines/post_endgame_scene_lines/adeline_post_endgame_0/6	Magic and ancient ruins... Two dragons......	La magie et les vieilles ruines... Deux dragons...	Магия, древние руины... Два дракона...	Magic and ancient ruins... Two dragons......
Conversations/Post Endgame Scene Lines/post_endgame_scene_lines/adeline_post_endgame_0/7	You really joined forces to save the town together!?	Vous avez vraiment uni vos forces pour sauver la ville ?!	И ты вместе с ними <p>спасли</p><f>спасла</f><m>спас</m><n>спасло</n> наш город?!	You really joined forces to save the town together!?
Conversations/Post Endgame Scene Lines/post_endgame_scene_lines/adeline_post_endgame_0/8f	Wow, [Ari]! You really are Mistria's hero!	Waouh, [Ari] ! Tu es réellement <he>le héros</he><she>l'héroïne</she><they>l'être héroïque</they> de Mistria !	Ничего себе, [Ari]! Ты настоящий герой Мистрии!	Wow, [Ari]! You really are Mistria's hero!
Conversations/Post Endgame Scene Lines/post_endgame_scene_lines/adeline_post_endgame_0/8r	Wow, [Ari]! You really are Mistria's hero!	Waouh, [Ari] ! Tu es réellement <he>le héros</he><she>l'héroïne</she><they>l'être héroïque</they> de Mistria !	Ничего себе, [Ari]! Ты настоящий герой Мистрии!	Wow, [Ari]! You really are Mistria's hero!
Conversations/Post Endgame Scene Lines/post_endgame_scene_lines/adeline_post_endgame_0/9	This has to be the development of the century-	C'est sans aucun doute le rebondissement du siècle...	Это же просто событие века...	This has to be the development of the century-
Conversations/Post Endgame Scene Lines/post_endgame_scene_lines/adeline_post_endgame_0/init	[Ari]! I'm so glad you're safe!	[Ari] ! Je suis si heureuse de te voir indemne !	[Ari]! Я так рада, что с тобой всё в порядке!	[Ari]! I'm so glad you're safe!
Conversations/Post Endgame Scene Lines/post_endgame_scene_lines/balor_post_endgame_0/1	In all my travels... I've never seen anything like it.	Au cours de mes nombreux voyages... je n'avais jamais rien vu de pareil.	За все мои странствия... я не видел ничего подобного.	In all my travels... I've never seen anything like it.
Conversations/Post Endgame Scene Lines/post_endgame_scene_lines/balor_post_endgame_0/10	To make sure they have everything they need to get settled!	Je dois m'assurer qu'ils ont bien tout ce qu'il leur faut pour chez eux !	И проверить, что у них есть всё необходимое, раз они тут живут!	To make sure they have everything they need to get settled!
Conversations/Post Endgame Scene Lines/post_endgame_scene_lines/balor_post_endgame_0/2f	That circle of light, those people you were with...?	Ce cercle de lumière, ces gens avec toi...?	Что за круг света и эти люди рядом с тобой?..	That circle of light, those people you were with...?
Conversations/Post Endgame Scene Lines/post_endgame_scene_lines/balor_post_endgame_0/2f/prompts/0	Well, it all started when I first came to Mistria...	Eh bien, tout a commencé à mon arrivée à Mistria...	Что ж, всё началось, когда я <p>пришли</p><f>пришла</f><m>пришёл</m><n>пришло</n> в Мистрию...	Well, it all started when I first came to Mistria...
Conversations/Post Endgame Scene Lines/post_endgame_scene_lines/balor_post_endgame_0/2f/prompts/1	I guess I'd better explain everything, huh?	J'imagine que tu attends des explications, hein ?	Наверное, лучше рассказывать с начала?	I guess I'd better explain everything, huh?
Conversations/Post Endgame Scene Lines/post_endgame_scene_lines/balor_post_endgame_0/2r	That circle of light, those people you were with...?	Ce cercle de lumière, ces gens avec toi...?	Что за круг света и эти люди рядом с тобой?..	That circle of light, those people you were with...?
Conversations/Post Endgame Scene Lines/post_endgame_scene_lines/balor_post_endgame_0/2r/prompts/0	Well, it all started when I first came to Mistria...	Eh bien, tout a commencé à mon arrivée à Mistria...	Что ж, всё началось, когда я <p>пришли</p><f>пришла</f><m>пришёл</m><n>пришло</n> в Мистрию...	Well, it all started when I first came to Mistria...
Conversations/Post Endgame Scene Lines/post_endgame_scene_lines/balor_post_endgame_0/2r/prompts/1	I guess I'd better explain everything, huh?	J'imagine que tu attends des explications, hein ?	Наверное, лучше рассказывать с начала?	I guess I'd better explain everything, huh?
Conversations/Post Endgame Scene Lines/post_endgame_scene_lines/balor_post_endgame_0/3f	W-wow, [Ari].	W-Waouh, [Ari]...	Н-ничего себе, [Ari].	W-wow, [Ari].
Conversations/Post Endgame Scene Lines/post_endgame_scene_lines/balor_post_endgame_0/3r	W-wow.	W-Waouh.	Н-ничего себе.	W-wow.
Conversations/Post Endgame Scene Lines/post_endgame_scene_lines/balor_post_endgame_0/4f	You saved the town! Somehow... I'm not even that surprised!	Tu as sauvé la ville ! Et bizarrement, ça ne me surprend qu'à moitié !	Ты <p>спасли</p><f>спасла</f><m>спас</m><n>спасло</n> этот город! И почему-то... это меня почти не удивляет!	You saved the town! Somehow... I'm not even that surprised!
Conversations/Post Endgame Scene Lines/post_endgame_scene_lines/balor_post_endgame_0/4r	You saved the town! Of course you did... that's my [Ari]!	Tu as sauvé la ville ! Logique... tu es vraiment unique, [Ari] !	Ты <p>спасли</p><f>спасла</f><m>спас</m><n>спасло</n> этот город! Ну конечно... Это [Ari], <p>которых</p><f>которую</f><m>которого</m><n>которое</n> я знаю.	You saved the town! Of course you did... that's my [Ari]!
Conversations/Post Endgame Scene Lines/post_endgame_scene_lines/balor_post_endgame_0/5	But you're saying dragons are... real?	Mais alors, tu es en train de me dire que les dragons... existent ?	Но ты говоришь, что драконы... правда существуют?	But you're saying dragons are... real?
Conversations/Post Endgame Scene Lines/post_endgame_scene_lines/balor_post_endgame_0/6	And those mysterious orders I've been delivering to the $Deep Woods$ were from the one named $Caldarus$ this whole time?	Et depuis le début, ces commandes mystérieuses que je déposais à $Boissombre$ étaient pour celui qui s'appelle $Caldarus$ ?	И эти таинственные заказы в $Глубокой чаще$ мне отправлял один из них, по имени $Кальдарус$?	And those mysterious orders I've been delivering to the $Deep Woods$ were from the one named $Caldarus$ this whole time?
Conversations/Post Endgame Scene Lines/post_endgame_scene_lines/balor_post_endgame_0/7	No wonder I've been getting paid with ancient coins and gems!	Je comprends mieux pourquoi j'étais payé en pièces anciennes et en pierres précieuses !	Тогда понятно, почему оплата была в древних монетах и драгоценных камнях!	No wonder I've been getting paid with ancient coins and gems!
Conversations/Post Endgame Scene Lines/post_endgame_scene_lines/balor_post_endgame_0/8	Do you suppose either dragon has a real treasure hoard, like in the stories?	Tu crois que tous les dragons ont un trésor, comme dans les contes ?	Как ты полагаешь, у кого-то из них правда есть гора сокровищ, как в сказках?	Do you suppose either dragon has a real treasure hoard, like in the stories?
Conversations/Post Endgame Scene Lines/post_endgame_scene_lines/balor_post_endgame_0/9	I'd better go and introduce myself properly-	Je ferais bien d'aller me présenter comme il faut...	Мне надо пойти и представиться как следует...	I'd better go and introduce myself properly-
Conversations/Post Endgame Scene Lines/post_endgame_scene_lines/balor_post_endgame_0/init	What WAS all that, [Ari]?	Mais c'était QUOI tout ça, [Ari] ?	Что ЭТО ВСЁ было, [Ari]?	What WAS all that, [Ari]?
Conversations/Post Endgame Scene Lines/post_endgame_scene_lines/caldarus_post_endgame_0/1	Particularly because I am now able to view them from a mortal perspective.	Surtout que je les interprète désormais du point de vue des mortels.	Особенно потому, что сейчас я могу взглянуть на них с точки зрения смертного.	Particularly because I am now able to view them from a mortal perspective.
Conversations/Post Endgame Scene Lines/post_endgame_scene_lines/caldarus_post_endgame_0/10	That is a fair point. I am sure that Seridia would argue it was a poor choice indeed.	C'est juste. Seridia rétorquerait sans doute que c'était une bien mauvaise décision.	Это верное замечание. Уверен, Серидия будет утверждать, что это был плохой выбор.	That is a fair point. I am sure that Seridia would argue it was a poor choice indeed.
Conversations/Post Endgame Scene Lines/post_endgame_scene_lines/caldarus_post_endgame_0/11	I suppose that the uncertainty I feel is something I must learn to live with.	Je suppose que cette incertitude au fond de moi est un sentiment avec lequel je dois apprendre à vivre.	Вероятно, мне нужно принять это чувство неопределённости и жить с ним.	I suppose that the uncertainty I feel is something I must learn to live with.
Conversations/Post Endgame Scene Lines/post_endgame_scene_lines/caldarus_post_endgame_0/12f	Though I remain grateful that the path I chose ultimately led me to today.	Mais je suis néanmoins heureux que le chemin que j'ai emprunté m'ait mené jusqu'à ce jour.	И всё же я благодарен судьбе, что избранный мной путь привёл меня сюда.	Though I remain grateful that the path I chose ultimately led me to today.
Conversations/Post Endgame Scene Lines/post_endgame_scene_lines/caldarus_post_endgame_0/12r	Though I remain grateful that the path I chose ultimately led me to today.	Mais je suis néanmoins heureux que le chemin que j'ai emprunté m'ait mené jusqu'à ce jour.	И всё же я благодарен судьбе, что избранный мной путь привёл меня сюда.	Though I remain grateful that the path I chose ultimately led me to today.
Conversations/Post Endgame Scene Lines/post_endgame_scene_lines/caldarus_post_endgame_0/13f	To live among the people of this village, in a time of peace, with a friend like you by my side...	Pouvoir vivre auprès des habitants de Mistria, à une époque sans conflit, avec <he>un ami</he><she>une amie</she><they>un·e ami·e</they> comme toi à mes côtés...	К людям этой деревни, в мирные времена, с таким другом, как ты...	To live among the people of this village, in a time of peace, with a friend like you by my side...
Conversations/Post Endgame Scene Lines/post_endgame_scene_lines/caldarus_post_endgame_0/13r	To live among the people of this village, in a time of peace, with you by my side...	Pouvoir vivre auprès des habitants de Mistria, à une époque sans conflit, en t'ayant à mes côtés...	К людям этой деревни, в мирные времена, и рядом с тобой...	To live among the people of this village, in a time of peace, with you by my side...
Conversations/Post Endgame Scene Lines/post_endgame_scene_lines/caldarus_post_endgame_0/14f	That is something I shall never regret.	Ça, je ne le regretterai jamais.	Об этом я никогда не буду жалеть.	That is something I shall never regret.
Conversations/Post Endgame Scene Lines/post_endgame_scene_lines/caldarus_post_endgame_0/14r	That is something I shall never regret.	Ça, je ne le regretterai jamais.	Об этом я никогда не буду жалеть.	That is something I shall never regret.
Conversations/Post Endgame Scene Lines/post_endgame_scene_lines/caldarus_post_endgame_0/2	In hindsight, I recognize that my decision to seal Seridia had wide-reaching consequences for humanity.	Avec le recul, je me rends compte que ma décision d'emprisonner Seridia a eu de très lourdes conséquences pour l'humanité.	Оглядываясь назад, я понимаю, что моё решение запечатать Серидию имело для человечества далекоидущие последствия	In hindsight, I recognize that my decision to seal Seridia had wide-reaching consequences for humanity.
Conversations/Post Endgame Scene Lines/post_endgame_scene_lines/caldarus_post_endgame_0/3	I used to think in terms of black and white. I based my actions on such thinking.	Il n'y avait pas de place pour la nuance dans ma pensée et mes actions. C'était tout noir ou tout blanc.	Раньше я делил всё на чёрное и белое. И действовал сообразно такому мышлению.	I used to think in terms of black and white. I based my actions on such thinking.
Conversations/Post Endgame Scene Lines/post_endgame_scene_lines/caldarus_post_endgame_0/4	How foolish of me.	Comme j'étais idiot !	Это было так глупо.	How foolish of me.
Conversations/Post Endgame Scene Lines/post_endgame_scene_lines/caldarus_post_endgame_0/5	We live this life in neither coldest dark, nor in searing light-	Personne ne traverse cette vie dans l'obscurité la plus glacée ou dans la lumière la plus brûlante...	Мы проживаем эту жизнь не в ледяной тьме и не в обжигающем свете...	We live this life in neither coldest dark, nor in searing light-
Conversations/Post Endgame Scene Lines/post_endgame_scene_lines/caldarus_post_endgame_0/6	But in the habitable shades in between.	Mais dans les nuances d'ombres qui existent entre les deux.	А в обитаемых тенях между ними.	But in the habitable shades in between.
Conversations/Post Endgame Scene Lines/post_endgame_scene_lines/caldarus_post_endgame_0/7	...	...	...	...
Conversations/Post Endgame Scene Lines/post_endgame_scene_lines/caldarus_post_endgame_0/8	It leaves me to wonder, however, if I truly made the right choice all those years ago...	J'en viens à me demander si j'ai effectivement pris la bonne décision, il y a toutes ces années...	Однако у меня остаются сомнения, правильно ли я поступил много лет назад...	It leaves me to wonder, however, if I truly made the right choice all those years ago...
Conversations/Post Endgame Scene Lines/post_endgame_scene_lines/caldarus_post_endgame_0/8/prompts/0	I think you made the best choice you could...	Je pense que tu as pris la décision la plus sage possible...	Думаю, ты сделал самый правильный выбор из возможных...	I think you made the best choice you could...
Conversations/Post Endgame Scene Lines/post_endgame_scene_lines/caldarus_post_endgame_0/8/prompts/1	I guess that might depend on who you ask...	Tout dépend sûrement à qui tu poses la question...	Полагаю, зависит от того, у кого спрашивать...	I guess that might depend on who you ask...
Conversations/Post Endgame Scene Lines/post_endgame_scene_lines/caldarus_post_endgame_0/9	You are kind to say so, [Ari].	Comme c'est gentil de dire ça, [Ari].	Это очень добрые слова, [Ari].	You are kind to say so, [Ari].
Conversations/Post Endgame Scene Lines/post_endgame_scene_lines/caldarus_post_endgame_0/init	It has been strange, having my old memories begin to return...	C'est une drôle de sensation de retrouver peu à peu tous ces anciens souvenirs...	Странно ощущать, как постепенно возвращаются старые воспоминания...	It has been strange, having my old memories begin to return...
Conversations/Post Endgame Scene Lines/post_endgame_scene_lines/celine_post_endgame_0/1	I don't know how to explain it, but I had the most terrible feeling...	Je n'arrive pas à l'exprimer, mais j'ai ressenti quelque chose de terrible...	Я не знаю, как объяснить, но у меня было такое ужасное предчувствие...	I don't know how to explain it, but I had the most terrible feeling...
Conversations/Post Endgame Scene Lines/post_endgame_scene_lines/celine_post_endgame_0/10f	And who were those people?	Et qui étaient ces gens ?	И что это были за люди?	And who were those people?
Conversations/Post Endgame Scene Lines/post_endgame_scene_lines/celine_post_endgame_0/10f/prompts/0	I'm sorry I couldn't tell you before! Let me explain...	Pardon de ne rien t'avoir dit avant ! Laisse-moi t'expliquer...	Прости, я не <p>могли</p><f>могла</f><m>мог</m><n>могло</n> рассказать раньше! Сейчас я всё объясню...	I'm sorry I couldn't tell you before! Let me explain...
Conversations/Post Endgame Scene Lines/post_endgame_scene_lines/celine_post_endgame_0/10f/prompts/1	It's story time!	Je vais te raconter toute l'histoire !	Время историй!	It's story time!
Conversations/Post Endgame Scene Lines/post_endgame_scene_lines/celine_post_endgame_0/10r	And why do I feel like you've been keeping something from me?	Et pourquoi j'ai le sentiment que tu me caches quelque chose ?	И почему у меня такое чувство, что ты от меня что-то скрываешь?	And why do I feel like you've been keeping something from me?
Conversations/Post Endgame Scene Lines/post_endgame_scene_lines/celine_post_endgame_0/10r/prompts/0	I'm sorry I couldn't tell you before! Please, just listen...	Pardon de ne rien t'avoir dit avant ! Écoute-moi, s'il te plaît...	Прости, я не <p>могли</p><f>могла</f><m>мог</m><n>могло</n> рассказать раньше! Пожалуйста, выслушай меня...	I'm sorry I couldn't tell you before! Please, just listen...
Conversations/Post Endgame Scene Lines/post_endgame_scene_lines/celine_post_endgame_0/10r/prompts/1	I can explain...	Je peux tout t'expliquer...	Я могу объяснить...	I can explain...
Conversations/Post Endgame Scene Lines/post_endgame_scene_lines/celine_post_endgame_0/11	...	...	...	...
Conversations/Post Endgame Scene Lines/post_endgame_scene_lines/celine_post_endgame_0/12	Oh [Ari]...	Oh, [Ari]...	Ох, [Ari]...	Oh [Ari]...
Conversations/Post Endgame Scene Lines/post_endgame_scene_lines/celine_post_endgame_0/13	You've been carrying so much on your shoulders, haven't you?	J'imagine que ce secret était lourd à porter ?!?	И ты всё это <p>держали</p><f>держала</f><m>держал</m><n>держало</n> в себе, да?	You've been carrying so much on your shoulders, haven't you?
Conversations/Post Endgame Scene Lines/post_endgame_scene_lines/celine_post_endgame_0/14	I understand why you needed to keep it quiet until now.	Je comprends mieux pourquoi tu ne pouvais pas en parler.	Теперь я понимаю, почему об этом нельзя было рассказывать.	I understand why you needed to keep it quiet until now.
Conversations/Post Endgame Scene Lines/post_endgame_scene_lines/celine_post_endgame_0/15f	Though I wish I could have helped you more.	Mais j'aurais aimé pouvoir en faire plus pour t'aider.	Хотя мне жаль, что я не могла тебе помочь.	Though I wish I could have helped you more.
Conversations/Post Endgame Scene Lines/post_endgame_scene_lines/celine_post_endgame_0/15r	Though I wish I could have helped you more.	Mais j'aurais aimé pouvoir en faire plus pour t'aider.	Хотя мне жаль, что я не могла тебе помочь.	Though I wish I could have helped you more.
Conversations/Post Endgame Scene Lines/post_endgame_scene_lines/celine_post_endgame_0/16	Still... I'm looking forward to meeting $Caldarus$.	Enfin... j'ai hâte de faire la connaissance de $Caldarus$.	А теперь... Я хочу встретиться с этим $Кальдарусом$.	Still... I'm looking forward to meeting $Caldarus$.
Conversations/Post Endgame Scene Lines/post_endgame_scene_lines/celine_post_endgame_0/17	I bet he knows about all kinds of ancient flora!	Je parie qu'il en connaît un rayon sur la flore d'autrefois !	Наверняка он знает уйму всего про древние растения!	I bet he knows about all kinds of ancient flora!
Conversations/Post Endgame Scene Lines/post_endgame_scene_lines/celine_post_endgame_0/18	Oh...	Oh...	Ой...	Oh...
Conversations/Post Endgame Scene Lines/post_endgame_scene_lines/celine_post_endgame_0/19	And um, I'd be curious to meet $Seridia$, too.	Et, euh... j'ai aussi bien envie de connaître $Seridia$.	И, эм... С $Серидией$ тоже будет интересно познакомиться.	And um, I'd be curious to meet $Seridia$, too.
Conversations/Post Endgame Scene Lines/post_endgame_scene_lines/celine_post_endgame_0/2	I was just going about my day when my blood suddenly ran cold!	Je vaquais à mes occupations quotidiennes, et soudain, mon sang s'est glacé !	Я занималась своими делами, как вдруг у меня будто кровь остыла в жилах!	I was just going about my day when my blood suddenly ran cold!
Conversations/Post Endgame Scene Lines/post_endgame_scene_lines/celine_post_endgame_0/3	A few minutes later, the earth started to tremble beneath my feet...	Quelques minutes après, la terre s'est mise à trembler sous mes pieds...	А через несколько минут под ногами задрожала земля...	A few minutes later, the earth started to tremble beneath my feet...
Conversations/Post Endgame Scene Lines/post_endgame_scene_lines/celine_post_endgame_0/4	But then you appeared out of nowhere, hovering in the air... the three of you.	Et là, vous êtes apparus en flottant dans les airs... tous les trois.	А потом из ниоткуда появились вы... вы висели в воздухе втроём.	But then you appeared out of nowhere, hovering in the air... the three of you.
Conversations/Post Endgame Scene Lines/post_endgame_scene_lines/celine_post_endgame_0/5	"You stopped it, didn't you? Whatever ""it"" was."	Vous avez pu empêcher tout ça, hein ? Même si je ne sais pas quoi exactement.	Это же ты <p>остановили</p><f>остановила</f><m>остановил</m><n>остановило</n> это, да? Что бы это ни было...	"You stopped it, didn't you? Whatever ""it"" was."
Conversations/Post Endgame Scene Lines/post_endgame_scene_lines/celine_post_endgame_0/6f	You protected everyone.	Tu nous as tous protégés.	Ты <p>защитили</p><f>защитила</f><m>защитил</m><n>защитило</n> нас всех.	You protected everyone.
Conversations/Post Endgame Scene Lines/post_endgame_scene_lines/celine_post_endgame_0/6r	You protected me...	Tu m'as protégée, moi...	Ты <p>защитили</p><f>защитила</f><m>защитил</m><n>защитило</n> меня...	You protected me...
Conversations/Post Endgame Scene Lines/post_endgame_scene_lines/celine_post_endgame_0/7f	You saved the whole village!	Tu as sauvé la ville !	И <p>спасли</p><f>спасла</f><m>спас</m><n>спасло</n> целое поселение!	You saved the whole village!
Conversations/Post Endgame Scene Lines/post_endgame_scene_lines/celine_post_endgame_0/7r	You protect everyone. You saved the whole village!	Tu nous as tous protégés. Tu as sauvé la ville !	Ты всех защищаешь! Ты <p>спасли</p><f>спасла</f><m>спас</m><n>спасло</n> целое поселение!	You protect everyone. You saved the whole village!
Conversations/Post Endgame Scene Lines/post_endgame_scene_lines/celine_post_endgame_0/8f	But... [Ari]...	Mais... [Ari]...	Но... [Ari]...	But... [Ari]...
Conversations/Post Endgame Scene Lines/post_endgame_scene_lines/celine_post_endgame_0/8r	But... [Ari]...	Mais... [Ari]...	Но... [Ari]...	But... [Ari]...
Conversations/Post Endgame Scene Lines/post_endgame_scene_lines/celine_post_endgame_0/9f	What WAS all that?	Qu'est-ce qu'il s'est passé, au juste ?	Что ЭТО ВСЁ было?	What WAS all that?
Conversations/Post Endgame Scene Lines/post_endgame_scene_lines/celine_post_endgame_0/9r	What WAS all that?	Qu'est-ce qu'il s'est passé, au juste ?	Что ЭТО ВСЁ было?	What WAS all that?
Conversations/Post Endgame Scene Lines/post_endgame_scene_lines/celine_post_endgame_0/init	[Ari]! Thank goodness you're okay!	[Ari] ! Le ciel soit loué, tu vas bien !	[Ari]! Какая радость, что с тобой всё в порядке!	[Ari]! Thank goodness you're okay!
Conversations/Post Endgame Scene Lines/post_endgame_scene_lines/dell_post_endgame_0/1	I mobilized the Dragonguard to go after you when I realized you might be in trouble.	J'ai lancé la Garde des dragons à ta recherche quand j'ai compris que tu avais peut-être des ennuis.	Я подняла Драконью стражу, чтобы пойти за тобой, когда увидела, что ты в беде.	I mobilized the Dragonguard to go after you when I realized you might be in trouble.
Conversations/Post Endgame Scene Lines/post_endgame_scene_lines/dell_post_endgame_0/2	But then my mom asked me who was gonna protect the villagers!	Mais là, ma mère m'a demandé qui allait s'occuper des habitants !	Но мама спросила, кто тогда позаботится о жителях!	But then my mom asked me who was gonna protect the villagers!
Conversations/Post Endgame Scene Lines/post_endgame_scene_lines/dell_post_endgame_0/3	I'm glad that between us, we managed to keep everyone safe.	Je suis bien contente qu'à nous trois, on ait réussi à protéger tout le monde ensemble.	Я рада, что вместе мы смогли всех защитить.	I'm glad that between us, we managed to keep everyone safe.
Conversations/Post Endgame Scene Lines/post_endgame_scene_lines/dell_post_endgame_0/init	[Ari]! You're alright!	[Ari] ! Tu n'as rien ?!	[Ari]! Ты в порядке!	[Ari]! You're alright!
Conversations/Post Endgame Scene Lines/post_endgame_scene_lines/dozy_post_endgame_0/1	(You can tell he's grateful to you for saving Mistria.)	(Vous constatez à quel point il vous est reconnaissant d'avoir sauvé Mistria.)	(Видно, что он выражает благодарность за спасение Мистрии.)	(You can tell he's grateful to you for saving Mistria.)
Conversations/Post Endgame Scene Lines/post_endgame_scene_lines/dozy_post_endgame_0/init	(Dozy wags his tail in admiration.)	(Dozy remue la queue d'admiration.)	(Дрёма восторженно виляет хвостом.)	(Dozy wags his tail in admiration.)
Conversations/Post Endgame Scene Lines/post_endgame_scene_lines/eiland_post_endgame_0/1	What happened down in the Ruins?	Que s'est-il passé dans les ruines ?	Что там в руинах случилось?	What happened down in the Ruins?
Conversations/Post Endgame Scene Lines/post_endgame_scene_lines/eiland_post_endgame_0/10	All while saving the town from certain destruction!	Tout en sauvant la ville de son anéantissement inexorable !	Да к тому же <p>спасли</p><f>спасла</f><m>спас</m><n>спасло</n> город от неминуемой гибели!	All while saving the town from certain destruction!
Conversations/Post Endgame Scene Lines/post_endgame_scene_lines/eiland_post_endgame_0/11f	You are truly incredible!	Tu es absolument incroyable !	Ты просто <p>потрясающие</p><f>потрясающая</f><m>потрясающий</m><n>потрясающее</n>!	You are truly incredible!
Conversations/Post Endgame Scene Lines/post_endgame_scene_lines/eiland_post_endgame_0/11r	You are truly incredible!	Tu es absolument incroyable !	Ты просто <p>потрясающие</p><f>потрясающая</f><m>потрясающий</m><n>потрясающее</n>!	You are truly incredible!
Conversations/Post Endgame Scene Lines/post_endgame_scene_lines/eiland_post_endgame_0/12	Now...	Alors...	Итак...	Now...
Conversations/Post Endgame Scene Lines/post_endgame_scene_lines/eiland_post_endgame_0/13	How soon do you think I could get an audience with the dragons?	Tu crois que je pourrais bientôt m'entretenir avec les dragons ?	Как ты думаешь, насколько скоро я могу рассчитывать на аудиенцию с этими драконами?	How soon do you think I could get an audience with the dragons?
Conversations/Post Endgame Scene Lines/post_endgame_scene_lines/eiland_post_endgame_0/14	There's so much I want to ask them!	J'ai tellement de questions à leur poser !	Я столько всего хочу у них разузнать!	There's so much I want to ask them!
Conversations/Post Endgame Scene Lines/post_endgame_scene_lines/eiland_post_endgame_0/2	Tell. me. Everything!	Raconte-moi... TOUT !	Расскажи. Мне. Всё!	Tell. me. Everything!
Conversations/Post Endgame Scene Lines/post_endgame_scene_lines/eiland_post_endgame_0/3	Please.	S'il te plaît.	Пожалуйста.	Please.
Conversations/Post Endgame Scene Lines/post_endgame_scene_lines/eiland_post_endgame_0/3/prompts/0	Um, so about the Priestess...	Hum, alors en ce qui concerne la prêtresse...	Эм, насчёт той жрицы...	Um, so about the Priestess...
Conversations/Post Endgame Scene Lines/post_endgame_scene_lines/eiland_post_endgame_0/3/prompts/1	Well, after I broke the final seal...	Eh bien, quand j'ai brisé le sceau final...	В общем, когда я <p>раскрыли</p><f>раскрыла</f><m>раскрыл</m><n>раскрыло</n> последнюю печать...	Well, after I broke the final seal...
Conversations/Post Endgame Scene Lines/post_endgame_scene_lines/eiland_post_endgame_0/4	A second dragon...	Un second dragon...	Ещё один дракон...	A second dragon...
Conversations/Post Endgame Scene Lines/post_endgame_scene_lines/eiland_post_endgame_0/5	Seridia.	Seridia.	Серидия.	Seridia.
Conversations/Post Endgame Scene Lines/post_endgame_scene_lines/eiland_post_endgame_0/6	The former $Witch Queen$.	L'ancienne $Reine-sorcière$.	Бывшая $королева-ведьма$.	The former $Witch Queen$.
Conversations/Post Endgame Scene Lines/post_endgame_scene_lines/eiland_post_endgame_0/7	[Ari]...	[Ari]...	[Ari]...	[Ari]...
Conversations/Post Endgame Scene Lines/post_endgame_scene_lines/eiland_post_endgame_0/8	This changes EVERYTHING!	Voilà qui change TOUT !	Это же ВСЁ меняет!	This changes EVERYTHING!
Conversations/Post Endgame Scene Lines/post_endgame_scene_lines/eiland_post_endgame_0/9	You've uncovered an entire volume of Mistrian history, previously shrouded by time...	Tu as fait la lumière sur tout un pan de l'histoire de Mistria qui avait disparu dans les limbes du temps...	Ты <p>открыли</p><f>открыла</f><m>открыл</m><n>открыло</n> новый том истории Мистрии, который до этого был затерян в веках...	You've uncovered an entire volume of Mistrian history, previously shrouded by time...
Conversations/Post Endgame Scene Lines/post_endgame_scene_lines/eiland_post_endgame_0/init	[Ari]! Is everything okay?	[Ari] ! Tout va bien ?	[Ari]! Всё хорошо?	[Ari]! Is everything okay?
Conversations/Post Endgame Scene Lines/post_endgame_scene_lines/elsie_post_endgame_0/1	It seems that there's far more to you than meets the eye.	On peut dire que tu cachais bien ton jeu.	Оказывается, в тебе скрывается больше, чем видно на первый взгляд.	It seems that there's far more to you than meets the eye.
Conversations/Post Endgame Scene Lines/post_endgame_scene_lines/elsie_post_endgame_0/2	And I was already quite impressed with what I've seen!	Le peu que j'ai vu m'a beaucoup impressionnée !	А ведь и то, что видно, меня уже впечатляло!	And I was already quite impressed with what I've seen!
Conversations/Post Endgame Scene Lines/post_endgame_scene_lines/elsie_post_endgame_0/3	You simply must come by sometime and tell me all the details.	Tu devras absolument passer me voir un de ces jours pour me raconter tout cela en détail.	Ты просто <p>обязаны</p><f>обязана</f><m>обязан</m><n>обязано</n> как-нибудь зайти и рассказать мне все подробности.	You simply must come by sometime and tell me all the details.
Conversations/Post Endgame Scene Lines/post_endgame_scene_lines/elsie_post_endgame_0/4	And please, bring those new friends of yours too!	Et n'hésite pas à inviter tes nouveaux amis !	И, пожалуйста, своих новых друзей тоже приводи!	And please, bring those new friends of yours too!
Conversations/Post Endgame Scene Lines/post_endgame_scene_lines/elsie_post_endgame_0/init	[Ari], what a magnificent performance!	[Ari], tu as été incroyable !	Какое грандиозное представление, [Ari]!	[Ari], what a magnificent performance!
Conversations/Post Endgame Scene Lines/post_endgame_scene_lines/errol_post_endgame_0/1	We are lucky indeed to have you in Mistria, [Ari]. You have proven your worth a hundred times over.	Nous avons tellement de chance de t'avoir parmi nous à Mistria, [Ari]. Tu nous as montré bien des fois ce dont tu étais capable.	Повезло нам, что у нас в Мистрии есть ты, [Ari]. Ты уже сотни раз <p>зарекомендовали</p><f>зарекомендовала</f><m>зарекомендовал</m><n>зарекомендовало</n> себя.	We are lucky indeed to have you in Mistria, [Ari]. You have proven your worth a hundred times over.
Conversations/Post Endgame Scene Lines/post_endgame_scene_lines/errol_post_endgame_0/2	And you will be happy to know the Museum and all the donations you worked so hard to collect have made it through safely.	Et tu seras sans doute ravi<he></he><she>e</she><they>·e</they> d'apprendre que le musée, ainsi que toutes ces pièces que tu t'es donné tant de mal à réunir, sont intacts !	Тебя, наверное, обрадует узнать, что музей и все пожертвования, собранные тобой таким трудом, остались в целости.	And you will be happy to know the Museum and all the donations you worked so hard to collect have made it through safely.
Conversations/Post Endgame Scene Lines/post_endgame_scene_lines/errol_post_endgame_0/3	Of course, with our new dragon residents in town...	Bien entendu, avec nos nouveaux voisins, les dragons...	Конечно, учитывая, что в нашем городе поселились драконы...	Of course, with our new dragon residents in town...
Conversations/Post Endgame Scene Lines/post_endgame_scene_lines/errol_post_endgame_0/4	It seems Eiland and I will have our work cut out for us cataloguing this new era for Mistria!	Eiland et moi ne chômerons pas. Nous allons devoir relater tout ce qui concerne cette nouvelle ère pour Mistria !	Вероятно, наша с Эйландом работа по записи этой эпохи мистрийской истории сильно облегчится!	It seems Eiland and I will have our work cut out for us cataloguing this new era for Mistria!
Conversations/Post Endgame Scene Lines/post_endgame_scene_lines/errol_post_endgame_0/init	Goodness, what a time that was!	Bon sang, je ne m'en suis pas encore remis !	Батюшки, что тут приключилось!	Goodness, what a time that was!
Conversations/Post Endgame Scene Lines/post_endgame_scene_lines/hayden_post_endgame_0/1	Those people with you in that circle of light...	Ces gens avec toi, dans ce cercle de lumière...	Эти люди вокруг тебя в круге света...	Those people with you in that circle of light...
Conversations/Post Endgame Scene Lines/post_endgame_scene_lines/hayden_post_endgame_0/2	They weren't hurting you, were they?	Ils ne te faisaient pas de mal, hein ?	Они же тебе не навредили?	They weren't hurting you, were they?
Conversations/Post Endgame Scene Lines/post_endgame_scene_lines/hayden_post_endgame_0/3f	Because if they were-	Parce que si c'était le cas...	Потому что, если да, то...	Because if they were-
Conversations/Post Endgame Scene Lines/post_endgame_scene_lines/hayden_post_endgame_0/3f/prompts/0	They're friends, Hayden! Let me explain...	Ce sont des amis, Hayden ! Je vais t'expliquer.	Это друзья, Хейден! Дай я объясню...	They're friends, Hayden! Let me explain...
Conversations/Post Endgame Scene Lines/post_endgame_scene_lines/hayden_post_endgame_0/3f/prompts/1	I'm sorry I couldn't tell you all of this sooner, but...	Excuse-moi de ne pas t'en avoir parlé plus tôt, mais...	Прости, я не <p>могли</p><f>могла</f><m>мог</m><n>могло</n> сказать вам раньше, но...	I'm sorry I couldn't tell you all of this sooner, but...
Conversations/Post Endgame Scene Lines/post_endgame_scene_lines/hayden_post_endgame_0/3r	Because if they were-	Parce que si c'était le cas...	Потому что, если да, то...	Because if they were-
Conversations/Post Endgame Scene Lines/post_endgame_scene_lines/hayden_post_endgame_0/3r/prompts/0	They're friends, Hayden! Let me explain...	Ce sont des amis, Hayden ! Je vais t'expliquer.	Это друзья, Хейден! Дай я объясню...	They're friends, Hayden! Let me explain...
Conversations/Post Endgame Scene Lines/post_endgame_scene_lines/hayden_post_endgame_0/3r/prompts/1	I'm sorry I couldn't tell you all of this sooner, but...	Excuse-moi de ne pas t'en avoir parlé plus tôt, mais...	Прости, я не <p>могли</p><f>могла</f><m>мог</m><n>могло</n> сказать вам раньше, но...	I'm sorry I couldn't tell you all of this sooner, but...
Conversations/Post Endgame Scene Lines/post_endgame_scene_lines/hayden_post_endgame_0/4	Well color me shocked! Amazed, even!	Eh ben ça alors ! Je n'en reviens pas !	Что ж, я поражён! Просто в шоке!	Well color me shocked! Amazed, even!
Conversations/Post Endgame Scene Lines/post_endgame_scene_lines/hayden_post_endgame_0/5f	You're something else, [Ari]... a real hero!	Il n'y en a pas deux comme toi, [Ari]... Quel héroïsme !	Ты просто <p>невероятны</p><f>невероятна</f><m>невероятен</m><n>невероятно</n>, [Ari]... Ты настоящий герой!	You're something else, [Ari]... a real hero!
Conversations/Post Endgame Scene Lines/post_endgame_scene_lines/hayden_post_endgame_0/5r	You're something else, [Ari]... a real hero!	Il n'y en a pas deux comme toi, [Ari]... Quel héroïsme !	Ты просто <p>невероятны</p><f>невероятна</f><m>невероятен</m><n>невероятно</n>, [Ari]... Ты настоящий герой!	You're something else, [Ari]... a real hero!
Conversations/Post Endgame Scene Lines/post_endgame_scene_lines/hayden_post_endgame_0/6	Sorry for suspecting your friends there for a minute there.	Je suis désolé d'avoir douté de tes amis.	Извини, что сразу стал подозревать твоих друзей.	Sorry for suspecting your friends there for a minute there.
Conversations/Post Endgame Scene Lines/post_endgame_scene_lines/hayden_post_endgame_0/7	From what you've told me, I oughta shake both their hands instead, huh?	D'après ce que tu m'as dit, je devrais plutôt les remercier, hein ?	Судя по твоему рассказу, мне стоит сходить пожать им руки?	From what you've told me, I oughta shake both their hands instead, huh?
Conversations/Post Endgame Scene Lines/post_endgame_scene_lines/hayden_post_endgame_0/init	Are you alright, [Ari]!? What happened?	Ça va, [Ari] ?! Qu'est-ce qui s'est passé ?	Ты в порядке, [Ari]?! Что случилось?	Are you alright, [Ari]!? What happened?
Conversations/Post Endgame Scene Lines/post_endgame_scene_lines/hemlock_post_endgame_0/1	I can't thank you enough for protecting Mistria...	Je ne te remercierai jamais assez d'avoir sauvé Mistria.	Я бесконечно тебе благодарен за защиту Мистрии...	I can't thank you enough for protecting Mistria...
Conversations/Post Endgame Scene Lines/post_endgame_scene_lines/hemlock_post_endgame_0/2	Though it's hard to believe everything that happened is really...	Même si j'ai encore du mal à croire que tout ça...	Хотя трудно поверить, что всё это правда случилось...	Though it's hard to believe everything that happened is really...
Conversations/Post Endgame Scene Lines/post_endgame_scene_lines/hemlock_post_endgame_0/3	Well, real!	A vraiment eu lieu !	Ну, на самом деле!	Well, real!
Conversations/Post Endgame Scene Lines/post_endgame_scene_lines/hemlock_post_endgame_0/4	"Who'd have thought I'd one day get to meet the real ""Sleeping Dragon"" for myself?"	Si on m'avait dit un jour que je verrai le véritable « dragon qui dort » de mes propres yeux ?!	Кто бы мог подумать, что я однажды лично увижу настоящего «спящего дракона»?	"Who'd have thought I'd one day get to meet the real ""Sleeping Dragon"" for myself?"
Conversations/Post Endgame Scene Lines/post_endgame_scene_lines/hemlock_post_endgame_0/5	I'll have to mix up a new drink for the occasion!	Je vais devoir inventer un nouveau cocktail pour l'occasion !	Надо будет сварганить новый напиток в честь такого события!	I'll have to mix up a new drink for the occasion!
Conversations/Post Endgame Scene Lines/post_endgame_scene_lines/hemlock_post_endgame_0/init	You really are something else, you know that [Ari]?	Il n'y en a pas deux comme toi, [Ari], tu le sais ça ?	Ты совершенно невероятный человек, [Ari], знаешь?	You really are something else, you know that [Ari]?
Conversations/Post Endgame Scene Lines/post_endgame_scene_lines/henrietta_post_endgame_0/1	"(Though it seems she just realized your new ""hero"" title outranks her own.)"	(Même si elle semble avoir compris qu'avec votre nouveau titre <he>de héros</he><she>d'héroïne</she><they>d'être héroïque</they>, vous faites mieux qu'elle.)	(Но, кажется, она только что поняла, что ваш титул героя ещё выше, чем у неё.)	"(Though it seems she just realized your new ""hero"" title outranks her own.)"
Conversations/Post Endgame Scene Lines/post_endgame_scene_lines/henrietta_post_endgame_0/init	(You can tell that Henrietta is proud of you for saving the town.)	(Vous remarquez qu'Henrietta est fière de vous, car vous avez sauvé la ville.)	(Видно, что Генриетта благодарна вам за защиту города.)	(You can tell that Henrietta is proud of you for saving the town.)
Conversations/Post Endgame Scene Lines/post_endgame_scene_lines/holt_post_endgame_0/1	But it turns out this was too serious for jokes!	Mais finalement, la situation était trop sérieuse pour en plaisanter !	Но это оказалось слишком серьёзное время для шуток.	But it turns out this was too serious for jokes!
Conversations/Post Endgame Scene Lines/post_endgame_scene_lines/holt_post_endgame_0/2	Thank you for saving the town [Ari].	Merci d'avoir sauvé la ville, [Ari].	Спасибо, что <p>спасли</p><f>спасла</f><m>спас</m><n>спасло</n> наш город, [Ari]!	Thank you for saving the town [Ari].
Conversations/Post Endgame Scene Lines/post_endgame_scene_lines/holt_post_endgame_0/2/prompts/0	Thank you Holt, that means a lot.	Merci, Holt. Ça me touche beaucoup.	Спасибо, Хольт. Мне важно это слышать.	Thank you Holt, that means a lot.
Conversations/Post Endgame Scene Lines/post_endgame_scene_lines/holt_post_endgame_0/2/prompts/1	Not even one pun? For your old buddy?	Même pas un petit jeu de mots ? Pour moi ?	Ни одного каламбура? Ради старого приятеля!	Not even one pun? For your old buddy?
Conversations/Post Endgame Scene Lines/post_endgame_scene_lines/holt_post_endgame_0/3	You're very welcome.	Je t'en prie.	Пожалуйста.	You're very welcome.
Conversations/Post Endgame Scene Lines/post_endgame_scene_lines/holt_post_endgame_0/4	That's what I like about you [Ari], you're always ready to shake things up.	C'est ce que j'aime chez toi, [Ari]. Aucune réplique, même les miennes, ne te fait peur.	Вот что мне в тебе нравится, [Ari]: ты всегда <p>готовы</p><f>готова</f><m>готов</m><n>готово</n> устроить нам встряску!	That's what I like about you [Ari], you're always ready to shake things up.
Conversations/Post Endgame Scene Lines/post_endgame_scene_lines/holt_post_endgame_0/init	After the first earthquake, I thought up a bunch of good puns in case we got another...	Après le premier tremblement de terre, j'avais réfléchi à un bon paquet de jeux de mots au cas où il y en aurait un autre...	После первого землетрясения я придумал несколько хороших каламбуров на случай, если это повторится...	After the first earthquake, I thought up a bunch of good puns in case we got another...
Conversations/Post Endgame Scene Lines/post_endgame_scene_lines/josephine_post_endgame_0/1	I heard about what happened...	On m'a raconté ce qui s'était passé...	Я слышала, что произошло...	I heard about what happened...
Conversations/Post Endgame Scene Lines/post_endgame_scene_lines/josephine_post_endgame_0/2	My family's safety, the town's safety...	La sécurité de ma famille, et de la ville...	Я беспокоилась за свою семью, за город...	My family's safety, the town's safety...
Conversations/Post Endgame Scene Lines/post_endgame_scene_lines/josephine_post_endgame_0/3	Thank you for protecting everyone!	Merci d'avoir protégé tout le monde !	Спасибо тебе большое, что <p>защитили</p><f>защитила</f><m>защитил</m><n>защитило</n> нас всех!	Thank you for protecting everyone!
Conversations/Post Endgame Scene Lines/post_endgame_scene_lines/josephine_post_endgame_0/4	Please tell your new friends that they are welcome at the Sleeping Dragon Inn anytime.	Je t'en prie, dis à tes amis qu'ils peuvent séjourner à l'auberge du Dragon qui dort quand ils veulent.	Пожалуйста, передай своим друзьям, что они могут приходить в «Спящего дракона», когда пожелают.	Please tell your new friends that they are welcome at the Sleeping Dragon Inn anytime.
Conversations/Post Endgame Scene Lines/post_endgame_scene_lines/josephine_post_endgame_0/5	I'll make sure their first meals are on the house!	Je m'arrangerai pour qu'ils n'aient pas à régler leurs premiers repas !	Я обещаю им первый заказ за счёт заведения!	I'll make sure their first meals are on the house!
Conversations/Post Endgame Scene Lines/post_endgame_scene_lines/josephine_post_endgame_0/init	[Ari]! There you are!	[Ari] ! Te voilà !	[Ari]! Вот ты где!	[Ari]! There you are!
Conversations/Post Endgame Scene Lines/post_endgame_scene_lines/juniper_post_endgame_0/1	I saw you casting that magic circle with Caldarus and that exceptionally tall woman.	J'ai vu comment tu as matérialisé ce cercle magique avec Caldarus et cette femme incroyablement grande.	Я видела, как ты колдуешь магический круг вместе с Кальдарусом и этой необыкновенно высокой женщиной.	I saw you casting that magic circle with Caldarus and that exceptionally tall woman.
Conversations/Post Endgame Scene Lines/post_endgame_scene_lines/juniper_post_endgame_0/10	Of course I am!	Évidemment !	Ещё бы!	Of course I am!
Conversations/Post Endgame Scene Lines/post_endgame_scene_lines/juniper_post_endgame_0/11	But don't get me wrong...	Mais ne te méprends pas...	Но не подумай, [Ari]...	But don't get me wrong...
Conversations/Post Endgame Scene Lines/post_endgame_scene_lines/juniper_post_endgame_0/12f	It's true.	C'est sincère.	Это правда.	It's true.
Conversations/Post Endgame Scene Lines/post_endgame_scene_lines/juniper_post_endgame_0/12r	It's true.	C'est sincère.	Это правда.	It's true.
Conversations/Post Endgame Scene Lines/post_endgame_scene_lines/juniper_post_endgame_0/13	But you know, [Ari]...	Mais tu sais, [Ari]...	Но, знаешь, [Ari]...	But you know, [Ari]...
Conversations/Post Endgame Scene Lines/post_endgame_scene_lines/juniper_post_endgame_0/14	I was worried about you. I'm glad you survived that ordeal.	Je m'inquiétais pour toi. Je suis contente que tu aies survécu à cette épreuve.	Я очень волновалась о тебе. Я рада, что тебе удалось пройти это испытание и выжить.	I was worried about you. I'm glad you survived that ordeal.
Conversations/Post Endgame Scene Lines/post_endgame_scene_lines/juniper_post_endgame_0/15	You've done Mistria a great service.	Tu as rendu un grand service à Mistria.	Ты <p>оказали</p><f>оказала</f><m>оказал</m><n>оказало</n> огромную услугу всей Мистрии.	You've done Mistria a great service.
Conversations/Post Endgame Scene Lines/post_endgame_scene_lines/juniper_post_endgame_0/16f	I'm only glad I could aid you in such a noble cause.	Je suis simplement heureuse d'avoir pu m'engager pour une cause aussi noble.	Я рада, что помогала тебе в такой благой цели.	I'm only glad I could aid you in such a noble cause.
Conversations/Post Endgame Scene Lines/post_endgame_scene_lines/juniper_post_endgame_0/16r	I hope you know that you can rely on me to help you whenever you need it.	J'espère que tu sais que tu peux compter sur mon aide quand tu en as besoin.	Надеюсь, ты помнишь, что на меня можно положиться, какая бы помощь тебе ни понадобилась.	I hope you know that you can rely on me to help you whenever you need it.
Conversations/Post Endgame Scene Lines/post_endgame_scene_lines/juniper_post_endgame_0/17	...	...	...	...
Conversations/Post Endgame Scene Lines/post_endgame_scene_lines/juniper_post_endgame_0/18	So, about Seridia... do you think you could introduce me now?	Alors, pour Seridia... Tu penses que tu pourrais me la présenter tout de suite ?	Так вот, насчёт Серидии... ТЫ сможешь познакомить нас прямо сейчас?	So, about Seridia... do you think you could introduce me now?
Conversations/Post Endgame Scene Lines/post_endgame_scene_lines/juniper_post_endgame_0/2	Your form could use some refinement...	Tu pourrais soigner un peu ta manière de faire...	Форму можно было бы сделать поаккуратнее...	Your form could use some refinement...
Conversations/Post Endgame Scene Lines/post_endgame_scene_lines/juniper_post_endgame_0/3	But I digress, there will be plenty of time for a critique of your magical technique later.	Mais là n'est pas le sujet, j'aurai largement le temps de critiquer ta technique de conjuration plus tard.	Но я ушла от темы. У нас ещё будет время покритиковать твою колдовскую технику.	But I digress, there will be plenty of time for a critique of your magical technique later.
Conversations/Post Endgame Scene Lines/post_endgame_scene_lines/juniper_post_endgame_0/4	Please enlighten me. What in the world happened!?	Alors, éclaire-moi, je te prie. Peux-tu m'expliquer ce qui s'est passé ?!	Пожалуйста, просвети меня. Что там, в самом деле, случилось?	Please enlighten me. What in the world happened!?
Conversations/Post Endgame Scene Lines/post_endgame_scene_lines/juniper_post_endgame_0/4/prompts/0	There I was, at the bottom of the Mines...	Eh bien, j'étais tout au fond des mines...	Итак, я <p>находились</p><f>находилась</f><m>находился</m><n>находилось</n> на самом дне шахт...	There I was, at the bottom of the Mines...
Conversations/Post Endgame Scene Lines/post_endgame_scene_lines/juniper_post_endgame_0/4/prompts/1	The power of magic was strong, at the edge of our world...	La puissance magique aux confins de notre monde était si intense...	На краю света сила магии была сильнее всего...	The power of magic was strong, at the edge of our world...
Conversations/Post Endgame Scene Lines/post_endgame_scene_lines/juniper_post_endgame_0/5	So you're telling me there's a dragon named Seridia, who is also the former Witch Queen?	Donc, tu es en train de me dire qu'il existe un dragon du nom de Seridia qui est également l'ancienne Reine-sorcière ?	Ты хочешь сказать, что существует дракон по имени Серидия, и она ещё и бывшая королева-ведьма?	So you're telling me there's a dragon named Seridia, who is also the former Witch Queen?
Conversations/Post Endgame Scene Lines/post_endgame_scene_lines/juniper_post_endgame_0/6	And now she's been freed... and plans to live in the Western Ruins?	Et qu'elle est libre... et qu'elle s'installera dans les ruines de l'ouest ?	И теперь она свободна... и собирается жить в Западных руинах?	And now she's been freed... and plans to live in the Western Ruins?
Conversations/Post Endgame Scene Lines/post_endgame_scene_lines/juniper_post_endgame_0/7	...	...	...	...
Conversations/Post Endgame Scene Lines/post_endgame_scene_lines/juniper_post_endgame_0/8	NO. WAY. You MUST introduce me to her, [Ari]!	IN.CRO.YA.BLE. Il FAUT que tu me la présentes, [Ari] !	НЕ МОЖЕТ БЫТЬ. Ты просто <p>ОБЯЗАНЫ</p><f>ОБЯЗАНА</f><m>ОБЯЗАН</m><n>ОБЯЗАНО</n> меня с ней познакомить, [Ari].	NO. WAY. You MUST introduce me to her, [Ari]!
Conversations/Post Endgame Scene Lines/post_endgame_scene_lines/juniper_post_endgame_0/9	I'm sure she'll be delighted to meet the sorceress who helped free her!	Je suis certaine qu'elle sera ravie de rencontrer la sorcière qui a participé à sa libération !	Уверена, она будет рада увидеть чародейку, которая помогла её освободить!	I'm sure she'll be delighted to meet the sorceress who helped free her!
Conversations/Post Endgame Scene Lines/post_endgame_scene_lines/juniper_post_endgame_0/9/prompts/0	I'm glad you're excited...	Quelle joie de te voir si enthousiaste !	Я <p>рады</p><f>рада</f><m>рад</m><n>радо</n>, что ты так воодушевлена...	I'm glad you're excited...
Conversations/Post Endgame Scene Lines/post_endgame_scene_lines/juniper_post_endgame_0/9/prompts/1	I couldn't have done it without you, Juniper.	Je n'aurais jamais pu y arriver sans toi, Juniper.	Без тебя я бы не <p>справились</p><f>справилась</f><m>справился</m><n>справилось</n>, Джунипер.	I couldn't have done it without you, Juniper.
Conversations/Post Endgame Scene Lines/post_endgame_scene_lines/juniper_post_endgame_0/init	[Ari], you certainly made an entrance back there!	[Ari], tu as fait une entrée très remarquée là-bas, c'est le moins qu'on puisse dire !	[Ari], это было очень эффектное появление!	[Ari], you certainly made an entrance back there!
Conversations/Post Endgame Scene Lines/post_endgame_scene_lines/landen_post_endgame_0/1	I can't believe you managed to save the town from that $earthquake$...	Je n'arrive pas à croire que tu aies réussi à sauver la ville de ce $tremblement de terre$...	Даже не верится! Это ты <p>спасли</p><f>спасла</f><m>спас</m><n>спасло</n> город от $землетрясения$...	I can't believe you managed to save the town from that $earthquake$...
Conversations/Post Endgame Scene Lines/post_endgame_scene_lines/landen_post_endgame_0/2	There's no way I could have stayed in retirement if the town had been damaged again.	Je n'aurais jamais pu profiter de ma retraite si Mistria avait souffert une fois de plus.	Если бы город разрушился снова, мне бы точно не удалось отсидеться на пенсии.	There's no way I could have stayed in retirement if the town had been damaged again.
Conversations/Post Endgame Scene Lines/post_endgame_scene_lines/landen_post_endgame_0/3	That is to say... thank you [Ari]. Sincerely.	C'est pour ça que... je tiens à te remercier, [Ari]. Du fond du cœur.	Я хочу сказать... Спасибо, [Ari]. Искреннее тебе спасибо.	That is to say... thank you [Ari]. Sincerely.
Conversations/Post Endgame Scene Lines/post_endgame_scene_lines/landen_post_endgame_0/4	I hope you'll introduce me to those new friends of yours so I can tell them the same!	J'espère que tu me présenteras à tes nouveaux amis pour que je les remercie aussi !	Надеюсь, ты познакомишь меня со своими новыми друзьями, и я смогу их отблагодарить.	I hope you'll introduce me to those new friends of yours so I can tell them the same!
Conversations/Post Endgame Scene Lines/post_endgame_scene_lines/landen_post_endgame_0/init	[Ari]! There's our hero!	[Ari] ! Notre <he>sauveur</he><she>sauveuse</she><they>sauveur·euse</they> !	[Ari]! Вот наш герой!	[Ari]! There's our hero!
Conversations/Post Endgame Scene Lines/post_endgame_scene_lines/luc_post_endgame_0/1	That was really scary...	C'était vraiment effrayant...	Было так страшно...	That was really scary...
Conversations/Post Endgame Scene Lines/post_endgame_scene_lines/luc_post_endgame_0/2	Dell told me that a real Dragonguard believes in their comrades, so I did my best to believe in you.	Dell m'a dit qu'un vrai membre de la Garde des dragons doit faire confiance à ses camarades, alors j'ai fait de mon mieux pour croire en toi.	Делл мне сказала, что настоящий член Драконьей стражи верит в своих товарищей. Поэтому я изо всех сил верил в тебя.	Dell told me that a real Dragonguard believes in their comrades, so I did my best to believe in you.
Conversations/Post Endgame Scene Lines/post_endgame_scene_lines/luc_post_endgame_0/3	Still, instead of breaking any more scary seals... maybe you can just play with us instead?	Mais peut-être qu'au lieu de briser d'autres sceaux qui font peur, tu pourrais jouer avec nous ?	И всё-таки, может, лучше не будешь трогать всякие страшные печати... а просто поиграешь с нами?	Still, instead of breaking any more scary seals... maybe you can just play with us instead?
Conversations/Post Endgame Scene Lines/post_endgame_scene_lines/luc_post_endgame_0/init	[Ari], I'm so glad you're okay!	[Ari], je suis si content que tu ailles bien !	[Ari], я рад, что ты в порядке!	[Ari], I'm so glad you're okay!
Conversations/Post Endgame Scene Lines/post_endgame_scene_lines/maple_post_endgame_0/1	Is it true? That you saved everyone with the help of two DRAGONS?	C'est vrai que tu as sauvé tout le monde avec l'aide de deux DRAGONS ?	Это что, правда? Ты <p>спасли</p><f>спасла</f><m>спас</m><n>спасло</n> город с помощью двух ДРАКОНОВ?	Is it true? That you saved everyone with the help of two DRAGONS?
Conversations/Post Endgame Scene Lines/post_endgame_scene_lines/maple_post_endgame_0/2	Can you introduce me? Do they have an internship program?	Tu peux me les présenter ? Ils ne prennent pas de stagiaires ?	Ты меня с ними познакомишь? Они принимают на стажировки?	Can you introduce me? Do they have an internship program?
Conversations/Post Endgame Scene Lines/post_endgame_scene_lines/maple_post_endgame_0/3	Oh, and um-	Oh, et hum...	Ой, и эмм...	Oh, and um-
Conversations/Post Endgame Scene Lines/post_endgame_scene_lines/maple_post_endgame_0/4	Thanks for saving everyone! That was super cool!!	Merci d'avoir sauvé tous les habitants ! C'était vraiment génial !	Спасибо, что всех <p>спасли</p><f>спасла</f><m>спас</m><n>спасло</n>! Это было очень круто!!	Thanks for saving everyone! That was super cool!!
Conversations/Post Endgame Scene Lines/post_endgame_scene_lines/maple_post_endgame_0/init	[Ari], [Ari]!	[Ari], [Ari] !	[Ari], [Ari]!	[Ari], [Ari]!
Conversations/Post Endgame Scene Lines/post_endgame_scene_lines/march_post_endgame_0_high_hearts/1	When the earthquake started, and I knew you were down in the Mines, I was so worried-	Quand le tremblement de terre a commencé et que j'ai su que tu étais dans la mine, j'ai eu très peur...	Я знал, что ты <p>ушли</p><f>ушла</f><m>ушёл</m><n>ушло</n> в шахты, и, когда началось землетрясение, я так волновался...	When the earthquake started, and I knew you were down in the Mines, I was so worried-
Conversations/Post Endgame Scene Lines/post_endgame_scene_lines/march_post_endgame_0_high_hearts/10	Still, looking back... it was low of me.	Avec le recul... c'était nul de ma part.	Всё же, оглядываясь назад... Я вижу, что это было недостойное поведение.	Still, looking back... it was low of me.
Conversations/Post Endgame Scene Lines/post_endgame_scene_lines/march_post_endgame_0_high_hearts/11	...	...	...	...
Conversations/Post Endgame Scene Lines/post_endgame_scene_lines/march_post_endgame_0_high_hearts/12	Thank you [Ari]. Really, truly.	Merci, [Ari]. Du fond du cœur.	Спасибо, [Ari]. Правда, от чистого сердца.	Thank you [Ari]. Really, truly.
Conversations/Post Endgame Scene Lines/post_endgame_scene_lines/march_post_endgame_0_high_hearts/13f	I've never had a better friend than you, and Mistria is a much better place with you in it.	Je n'avais jamais eu d'ami<he></he><she>e</she><they>·e</they> comme toi, et Mistria est bien plus agréable depuis que tu es là.	У меня никогда не было такого друга, как ты. С тобой жизнь в Мистрии стала гораздо лучше.	I've never had a better friend than you, and Mistria is a much better place with you in it.
Conversations/Post Endgame Scene Lines/post_endgame_scene_lines/march_post_endgame_0_high_hearts/13r	I hope... I hope that one day I can properly make it up to you. Mistria is a much better place with you in it.	J'espère... J'espère qu'un jour je pourrai me racheter. Mistria est bien plus agréable depuis que tu es là.	Я надеюсь... что когда-нибудь я смогу отплатить тебе по-настоящему. С тобой жизнь в Мистрии стала гораздо лучше.	I hope... I hope that one day I can properly make it up to you. Mistria is a much better place with you in it.
Conversations/Post Endgame Scene Lines/post_endgame_scene_lines/march_post_endgame_0_high_hearts/2	And then you suddenly appeared in the air with those people and the shaking just... stopped.	Et voilà que tu apparais tout à coup avec ces gens et que les secousses... s'arrêtent net.	А потом ты <p>появились</p><f>появилась</f><m>появился</m><n>появилось</n> в воздухе вместе с этими странными людьми... и толчки утихли.	And then you suddenly appeared in the air with those people and the shaking just... stopped.
Conversations/Post Endgame Scene Lines/post_endgame_scene_lines/march_post_endgame_0_high_hearts/3	You wouldn't believe some of the rumors that are flying around...	Si tu savais les rumeurs qui circulent...	Ты не поверишь, какие после этого пошли слухи...	You wouldn't believe some of the rumors that are flying around...
Conversations/Post Endgame Scene Lines/post_endgame_scene_lines/march_post_endgame_0_high_hearts/3/prompts/0	So about that...	Alors...	Да, насчёт этого...	So about that...
Conversations/Post Endgame Scene Lines/post_endgame_scene_lines/march_post_endgame_0_high_hearts/3/prompts/1	Let me see if I can explain...	Voyons comment je peux t'expliquer tout ça...	Давай я попробую всё объяснить...	Let me see if I can explain...
Conversations/Post Endgame Scene Lines/post_endgame_scene_lines/march_post_endgame_0_high_hearts/4	Wow...	Waouh...	Ого...	Wow...
Conversations/Post Endgame Scene Lines/post_endgame_scene_lines/march_post_endgame_0_high_hearts/5	I don't know what to say.	Je ne sais pas quoi dire.	Даже не знаю, что сказать.	I don't know what to say.
Conversations/Post Endgame Scene Lines/post_endgame_scene_lines/march_post_endgame_0_high_hearts/6	Are you serious? All of that really happened?	Vraiment ? Il s'est passé tout ça ?	Ты же не выдумываешь? Всё это было взаправду?	Are you serious? All of that really happened?
Conversations/Post Endgame Scene Lines/post_endgame_scene_lines/march_post_endgame_0_high_hearts/7	And you've been carrying all that all by yourself this whole time?	Et tu portais ce fardeau depuis tout ce temps ?	И ты всё это время <p>несли</p><f>несла</f><m>нёс</m><n>несло</n> это в одиночку?	And you've been carrying all that all by yourself this whole time?
Conversations/Post Endgame Scene Lines/post_endgame_scene_lines/march_post_endgame_0_high_hearts/8f	I really misjudged you in the past, [Ari]. I'm sorry.	Je t'ai vraiment mal jugé<he></he><she>e</she><they>·e</they> par le passé, [Ari]. Pardonne-moi.	Раньше я тебя чудовищно недооценивал, [Ari]. Извини меня.	I really misjudged you in the past, [Ari]. I'm sorry.
Conversations/Post Endgame Scene Lines/post_endgame_scene_lines/march_post_endgame_0_high_hearts/8f/prompts/0	It's fine March, really.	Je ne t'en veux pas, March, je t'assure.	Всё хорошо, Март, правда.	It's fine March, really.
Conversations/Post Endgame Scene Lines/post_endgame_scene_lines/march_post_endgame_0_high_hearts/8f/prompts/1	Water under the bridge.	C'est du passé.	Что было, то прошло.	Water under the bridge.
Conversations/Post Endgame Scene Lines/post_endgame_scene_lines/march_post_endgame_0_high_hearts/8f/prompts/2	I'm just glad you finally warmed up to me.	Je suis juste content<she>e</she><he></he><they>·e</they> que tu m'apprécies enfin.	Я <p>рады</p><f>рада</f><m>рад</m><n>радо</n>, что ты сменил гнев на милость.	I'm just glad you finally warmed up to me.
Conversations/Post Endgame Scene Lines/post_endgame_scene_lines/march_post_endgame_0_high_hearts/8r	I really misjudged you in the past, [Ari]. I'm sorry.	Je t'ai vraiment mal jugé<he></he><she>e</she><they>·e</they> par le passé, [Ari]. Pardonne-moi.	Раньше я тебя чудовищно недооценивал, [Ari]. Извини меня.	I really misjudged you in the past, [Ari]. I'm sorry.
Conversations/Post Endgame Scene Lines/post_endgame_scene_lines/march_post_endgame_0_high_hearts/8r/prompts/0	It's fine March, really.	Je ne t'en veux pas, March, je t'assure.	Всё хорошо, Март, правда.	It's fine March, really.
Conversations/Post Endgame Scene Lines/post_endgame_scene_lines/march_post_endgame_0_high_hearts/8r/prompts/1	Water under the bridge.	C'est du passé.	Что было, то прошло.	Water under the bridge.
Conversations/Post Endgame Scene Lines/post_endgame_scene_lines/march_post_endgame_0_high_hearts/8r/prompts/2	Yeah well, you were worth the work.	C'est vrai, mais j'ai pris sur moi parce que je voulais te plaire.	Ну, знаешь, ради тебя стоило стараться.	Yeah well, you were worth the work.
Conversations/Post Endgame Scene Lines/post_endgame_scene_lines/march_post_endgame_0_high_hearts/9	I'm glad to hear you say that but...	Je suis content de t'entendre dire ça, mais...	Мне приятно, что ты так говоришь, но...	I'm glad to hear you say that but...
Conversations/Post Endgame Scene Lines/post_endgame_scene_lines/march_post_endgame_0_high_hearts/9r	I'm glad to hear you say that but...	Je suis content de t'entendre dire ça, mais...	Мне приятно, что ты так говоришь, но...	I'm glad to hear you say that but...
Conversations/Post Endgame Scene Lines/post_endgame_scene_lines/march_post_endgame_0_high_hearts/init	[Ari]! What happened!?	[Ari] ! Qu'est-ce qui s'est passé ?!	[Ari]! Что случилось?!	[Ari]! What happened!?
Conversations/Post Endgame Scene Lines/post_endgame_scene_lines/march_post_endgame_0_low_hearts/1	But they're also saying you caused it when you released some kind of seal?	Mais ils disent aussi que c'est toi qui l'as provoqué en brisant un sceau, ou un truc comme ça ?	Но ещё говорят, что это ты его и <p>вызвали</p><f>вызвала</f><m>вызвал</m><n>вызвало</n>, когда <p>открыли</p><f>открыла</f><m>открыл</m><n>открыло</n> какую-то печать.	But they're also saying you caused it when you released some kind of seal?
Conversations/Post Endgame Scene Lines/post_endgame_scene_lines/march_post_endgame_0_low_hearts/2	Which also freed... dragons?	Ce qui aurait... libéré des dragons ?	И ещё это... освободило драконов?	Which also freed... dragons?
Conversations/Post Endgame Scene Lines/post_endgame_scene_lines/march_post_endgame_0_low_hearts/3	Maybe next time just... stay home.	La prochaine fois, tu ferais peut-être mieux... de rester chez toi.	Давай в следующий раз ты просто... посидишь дома.	Maybe next time just... stay home.
Conversations/Post Endgame Scene Lines/post_endgame_scene_lines/march_post_endgame_0_low_hearts/4	It would save us all a lot of trouble.	Ça nous épargnera à tous pas mal de soucis.	Нам всем от этого будет спокойнее.	It would save us all a lot of trouble.
Conversations/Post Endgame Scene Lines/post_endgame_scene_lines/march_post_endgame_0_low_hearts/init	So people are saying you saved us from that earthquake.	Alors, les gens disent que tu nous as sauvés de ce tremblement de terre.	Говорят, это ты <p>спасли</p><f>спасла</f><m>спас</m><n>спасло</n> нас от землетрясения.	So people are saying you saved us from that earthquake.
Conversations/Post Endgame Scene Lines/post_endgame_scene_lines/march_post_endgame_0_middle_hearts/1	When the earthquake started, I thought you might be down in the Mines and-	Quand la terre a commencé à trembler, je me suis dit que tu étais peut-être au fond de la mine et...	Когда началось землетрясение, я подумал, что вдруг ты там, в шахтах, и...	When the earthquake started, I thought you might be down in the Mines and-
Conversations/Post Endgame Scene Lines/post_endgame_scene_lines/march_post_endgame_0_middle_hearts/10	Of course it would release something like a dragon! Haven't you ever read a book before?	Tu aurais dû te douter que ça allait libérer un dragon ! C'est écrit dans tous les livres ?	И из них непременно вылезет какой-нибудь дракон! Ты что, книг не <p>читали</p><f>читала</f><m>читал</m><n>читало</n>?	Of course it would release something like a dragon! Haven't you ever read a book before?
Conversations/Post Endgame Scene Lines/post_endgame_scene_lines/march_post_endgame_0_middle_hearts/11	Whatever. I guess I still owe you one for saving the town.	Enfin, j'imagine que je te dois quand même une fière chandelle. Tu as sauvé la ville.	Ну ладно. Всё равно я у тебя в долгу за спасение города.	Whatever. I guess I still owe you one for saving the town.
Conversations/Post Endgame Scene Lines/post_endgame_scene_lines/march_post_endgame_0_middle_hearts/12	Thanks, [Ari].	Merci, [Ari].	Спасибо, [Ari].	Thanks, [Ari].
Conversations/Post Endgame Scene Lines/post_endgame_scene_lines/march_post_endgame_0_middle_hearts/2	A-and then you suddenly appeared in the air with those people and the shaking just... stopped.	E-Et tu es apparu<she>e</she><he></he><they>·e</they> avec ces gens et que les secousses se sont arrêtées net.	П-потом ты вдруг <p>появились</p><f>появилась</f><m>появился</m><n>появилось</n> в воздухе вместе с этими странными людьми... и толчки утихли.	A-and then you suddenly appeared in the air with those people and the shaking just... stopped.
Conversations/Post Endgame Scene Lines/post_endgame_scene_lines/march_post_endgame_0_middle_hearts/3	You wouldn't believe some of the rumors that are flying around...	Si tu savais les rumeurs qui circulent...	Ты не поверишь, какие после этого пошли слухи...	You wouldn't believe some of the rumors that are flying around...
Conversations/Post Endgame Scene Lines/post_endgame_scene_lines/march_post_endgame_0_middle_hearts/3/prompts/0	So about that...	Alors...	Да, насчёт этого...	So about that...
Conversations/Post Endgame Scene Lines/post_endgame_scene_lines/march_post_endgame_0_middle_hearts/3/prompts/1	Let me see if I can explain...	Voyons comment je peux t'expliquer tout ça...	Давай я попробую всё объяснить...	Let me see if I can explain...
Conversations/Post Endgame Scene Lines/post_endgame_scene_lines/march_post_endgame_0_middle_hearts/4	Wow...	Waouh...	Ого...	Wow...
Conversations/Post Endgame Scene Lines/post_endgame_scene_lines/march_post_endgame_0_middle_hearts/5	I don't know what to say.	Je ne sais pas quoi dire.	Даже не знаю, что сказать.	I don't know what to say.
Conversations/Post Endgame Scene Lines/post_endgame_scene_lines/march_post_endgame_0_middle_hearts/6	Are you serious? That all really happened?	Vraiment ? C'est ce qui est arrivé ?	Ты же не выдумываешь? Всё это было взаправду?	Are you serious? That all really happened?
Conversations/Post Endgame Scene Lines/post_endgame_scene_lines/march_post_endgame_0_middle_hearts/7	I... I might have misjudged you, [Ari].	Je... Je crois que je t'ai mal jugé<he></he><she>e</she><they>·e</they> par le passé, [Ari].	Я... Возможно, я тебя недооценивал, [Ari].	I... I might have misjudged you, [Ari].
Conversations/Post Endgame Scene Lines/post_endgame_scene_lines/march_post_endgame_0_middle_hearts/7/prompts/0	It's fine March, really.	Je ne t'en veux pas, March, je t'assure.	Всё хорошо, Март, правда.	It's fine March, really.
Conversations/Post Endgame Scene Lines/post_endgame_scene_lines/march_post_endgame_0_middle_hearts/7/prompts/1	Water under the bridge.	C'est du passé.	Что было, то прошло.	Water under the bridge.
Conversations/Post Endgame Scene Lines/post_endgame_scene_lines/march_post_endgame_0_middle_hearts/8	I'm glad to hear you say that but...	Je suis content de t'entendre dire ça, mais...	Мне приятно, что ты это говоришь, но...	I'm glad to hear you say that but...
Conversations/Post Endgame Scene Lines/post_endgame_scene_lines/march_post_endgame_0_middle_hearts/9	Still, what were you thinking? Breaking some kind of ancient seal underground?	Qu'est-ce qui a bien pu te passer par la tête ? Briser un ancien sceau enfoui sous terre...	О чём ты <p>думали</p><f>думала</f><m>думал</m><n>думало</n>? Сломаешь какие-то древние печати под землёй...	Still, what were you thinking? Breaking some kind of ancient seal underground?
Conversations/Post Endgame Scene Lines/post_endgame_scene_lines/march_post_endgame_0_middle_hearts/init	[Ari]! What was all that!?	[Ari] ! Qu'est-ce qui s'est passé ?!	[Ari]! Что всё это было?!	[Ari]! What was all that!?
Conversations/Post Endgame Scene Lines/post_endgame_scene_lines/nora_post_endgame_0/1	To think that another earthquake nearly hit us...	Quand je pense qu'un autre tremblement de terre a failli nous frapper...	Нас чуть не задело новое землетрясение...	To think that another earthquake nearly hit us...
Conversations/Post Endgame Scene Lines/post_endgame_scene_lines/nora_post_endgame_0/2	It just goes to show you can never be too prepared!	Ça montre bien à quel point on n'est jamais assez prêt !	Это ещё раз доказывает, что нужно всегда быть наготове!	It just goes to show you can never be too prepared!
Conversations/Post Endgame Scene Lines/post_endgame_scene_lines/nora_post_endgame_0/3	And now I suppose I should start preparing the General Store for two new customers...	Et je suppose que je vais devoir préparer le magasin général à accueillir nos deux nouveaux clients...	А теперь, полагаю, мне пора готовить универмаг к двум новым покупателям...	And now I suppose I should start preparing the General Store for two new customers...
Conversations/Post Endgame Scene Lines/post_endgame_scene_lines/nora_post_endgame_0/4	I wonder what a dragon's shopping list looks like?	Je me demande ce qu'il peut y avoir sur la liste de courses d'un dragon...	Интересно, что у драконов в списке покупок?	I wonder what a dragon's shopping list looks like?
Conversations/Post Endgame Scene Lines/post_endgame_scene_lines/nora_post_endgame_0/init	[Ari], on behalf of the family, thank you for protecting Mistria.	[Ari], au nom de toute ma famille, merci d'avoir sauvé Mistria.	[Ari], от лица всей нашей семьи: спасибо тебе, что <p>защитили</p><f>защитила</f><m>защитил</m><n>защитило</n> Мистрию.	[Ari], on behalf of the family, thank you for protecting Mistria.
Conversations/Post Endgame Scene Lines/post_endgame_scene_lines/olric_post_endgame_0/1	I didn't think anyone could be strong enough to stop an earthquake...	Je ne pensais pas qu'il existait quelqu'un d'assez fort pour empêcher un tremblement de terre !	Я не думал, что у кого-то может хватить сил сдержать землетрясение...	I didn't think anyone could be strong enough to stop an earthquake...
Conversations/Post Endgame Scene Lines/post_endgame_scene_lines/olric_post_endgame_0/2	But then you and those cool looking friends of yours and showed up and were like-	Mais là, toi et tes copains à l'air super cool, vous êtes apparus, et alors...	Но потом <p>появились</p><f>появилась</f><m>появился</m><n>появилось</n> ты со своими крутыми друзьями, и вы вместе такие...	But then you and those cool looking friends of yours and showed up and were like-
Conversations/Post Endgame Scene Lines/post_endgame_scene_lines/olric_post_endgame_0/3	Nuh uh! Totally rad.	Bref, c'était trop génial !	«А ну стой!» Просто отпад.	Nuh uh! Totally rad.
Conversations/Post Endgame Scene Lines/post_endgame_scene_lines/olric_post_endgame_0/4	I guess anything is possible with the power of friendship huh?	Ça veut bien dire que tout est possible avec des amis, hein ?	Значит, сила дружбы делает невозможное возможным?	I guess anything is possible with the power of friendship huh?
Conversations/Post Endgame Scene Lines/post_endgame_scene_lines/olric_post_endgame_0/5	You let your buds know they're welcome to lift with me anytime!	Dis à tes copains qu'ils peuvent venir faire de la muscu avec moi quand ils veulent !	Скажи своим корешам, что могут приходить тренироваться вместе со мной!	You let your buds know they're welcome to lift with me anytime!
Conversations/Post Endgame Scene Lines/post_endgame_scene_lines/olric_post_endgame_0/init	[Ari]! You're totally incredible!	[Ari] ! C'est carrément incroyable !	[Ari]! Ты совершенно <p>потрясающие</p><f>потрясающая</f><m>потрясающий</m><n>потрясающее</n>!	[Ari]! You're totally incredible!
Conversations/Post Endgame Scene Lines/post_endgame_scene_lines/reina_post_endgame_0/1	I'm sure the whole town is bombarding you with questions...	J'imagine que tous les habitants de la ville te bombardent de questions...	Наверняка тебя все завалили вопросами...	I'm sure the whole town is bombarding you with questions...
Conversations/Post Endgame Scene Lines/post_endgame_scene_lines/reina_post_endgame_0/10	Now listen to me. No more secrets, okay?	Maintenant, écoute-moi bien. Ça suffit, les secrets, d'accord ?	Теперь послушай меня. Больше никаких секретов, ладно?	Now listen to me. No more secrets, okay?
Conversations/Post Endgame Scene Lines/post_endgame_scene_lines/reina_post_endgame_0/11f	You're a dear friend to me. You shouldn't have to carry these kinds of things by yourself!	Tu comptes beaucoup pour moi. Tu ne devrais pas avoir à surmonter tout ça seul<he></he><she>e</she><they>·e</they> !	Ты <p>самые близкие</p><f>самая близкая</f><m>самый блиизкий</m><n>самое близкое</n> из моих друзей. Не надо терпеть такие невзгоды в одиночку!	You're a dear friend to me. You shouldn't have to carry these kinds of things by yourself!
Conversations/Post Endgame Scene Lines/post_endgame_scene_lines/reina_post_endgame_0/11r	You're the person I care about most. You shouldn't have to carry these kinds of things by yourself!	Tu comptes plus que tout à mes yeux. Tu ne devrais pas avoir à surmonter tout ça seul<he></he><she>e</she><they>·e</they> !	Ты самый важный человек для меня. Не надо терпеть такие невзгоды в одиночку!	You're the person I care about most. You shouldn't have to carry these kinds of things by yourself!
Conversations/Post Endgame Scene Lines/post_endgame_scene_lines/reina_post_endgame_0/12	Whether it's a hot meal or a listening ear, I want to be someone you can always rely on to be there for you!	Que ce soit un repas chaud ou une oreille attentive, je veux que tu saches que je serai toujours là !	Я хочу быть тем человеком, на которого ты можешь опереться, когда нужен горячий ужин или родное плечо.	Whether it's a hot meal or a listening ear, I want to be someone you can always rely on to be there for you!
Conversations/Post Endgame Scene Lines/post_endgame_scene_lines/reina_post_endgame_0/12/prompts/0	Thank you, Reina. I will.	Merci Reina. Je ne l'oublierai pas.	Я знаю. Спасибо, Рейна.	Thank you, Reina. I will.
Conversations/Post Endgame Scene Lines/post_endgame_scene_lines/reina_post_endgame_0/12/prompts/1	That means a lot to me, Reina.	Ça me va droit au cœur, Reina.	Рейна, это для меня очень важные слова.	That means a lot to me, Reina.
Conversations/Post Endgame Scene Lines/post_endgame_scene_lines/reina_post_endgame_0/13f	Good!	Très bien !	Отлично!	Good!
Conversations/Post Endgame Scene Lines/post_endgame_scene_lines/reina_post_endgame_0/13r	Good!	Très bien !	Отлично!	Good!
Conversations/Post Endgame Scene Lines/post_endgame_scene_lines/reina_post_endgame_0/14f	Good, cause you mean a lot to me, and to this whole town!	Très bien, parce que tu es quelqu'un de très important pour moi, et pour toute cette ville !	Отлично, потому что ты очень <p>дороги</p><f>дорога</f><m>дорог</m><n>дорого</n> мне и всему нашему городу!	Good, cause you mean a lot to me, and to this whole town!
Conversations/Post Endgame Scene Lines/post_endgame_scene_lines/reina_post_endgame_0/14r	Good, cause you mean a lot to me, and to this whole town!	Très bien, parce que tu es quelqu'un de très important pour moi, et pour toute cette ville !	Отлично, потому что ты очень <p>дороги</p><f>дорога</f><m>дорог</m><n>дорого</n> мне и всему нашему городу!	Good, cause you mean a lot to me, and to this whole town!
Conversations/Post Endgame Scene Lines/post_endgame_scene_lines/reina_post_endgame_0/15	I get the feeling that Mistria's future is looking brighter than ever, and it's thanks to you...	J'ai le sentiment que l'avenir de Mistria est plus radieux que jamais, et c'est grâce à toi...	Теперь у меня чувство, что Мистрию ждёт светлое будущее — и всё благодаря тебе...	I get the feeling that Mistria's future is looking brighter than ever, and it's thanks to you...
Conversations/Post Endgame Scene Lines/post_endgame_scene_lines/reina_post_endgame_0/16	But it's still hard to believe that the legend of the sleeping dragon was really true...	Même si j'ai encore du mal à croire que la légende du dragon qui dort était vraie, en fin de compte...	И всё-таки трудно поверить, что спящий дракон из легенды и вправду существует...	But it's still hard to believe that the legend of the sleeping dragon was really true...
Conversations/Post Endgame Scene Lines/post_endgame_scene_lines/reina_post_endgame_0/17	I hope you'll introduce me to these new friends of yours soon!	J'espère que tu me présenteras bientôt à tes nouveaux amis !	Надеюсь, ты меня скоро познакомишь со своими новыми друзьями!	I hope you'll introduce me to these new friends of yours soon!
Conversations/Post Endgame Scene Lines/post_endgame_scene_lines/reina_post_endgame_0/2f	And to be honest I want to do the same!	Et pour être franche, j'ai envie d'en faire autant !	И, честно говоря, я тоже столько всего хочу узнать!	And to be honest I want to do the same!
Conversations/Post Endgame Scene Lines/post_endgame_scene_lines/reina_post_endgame_0/2r	And to be honest I want to do the same!	Et pour être franche, j'ai envie d'en faire autant !	И, честно говоря, я тоже столько всего хочу узнать!	And to be honest I want to do the same!
Conversations/Post Endgame Scene Lines/post_endgame_scene_lines/reina_post_endgame_0/3	But there's no need to rush. I'm sure you're feeling overwhelmed...	Mais rien ne presse. J'imagine que tu as plein de choses à intégrer...	Но можешь не спешить. Ты, наверное, уже <p>утомились</p><f>утомилась</f><m>утомился</m><n>утомилось</n>...	But there's no need to rush. I'm sure you're feeling overwhelmed...
Conversations/Post Endgame Scene Lines/post_endgame_scene_lines/reina_post_endgame_0/3/prompts/0	Of course I want to tell you all about it!	Bien sûr que j'ai envie de t'en parler !	Конечно же, я тебе всё расскажу!	Of course I want to tell you all about it!
Conversations/Post Endgame Scene Lines/post_endgame_scene_lines/reina_post_endgame_0/3/prompts/1	I can explain! Now where to start...	Je vais t'expliquer ! Par où commencer...?	Я всё объясню! Так, с чего бы начать...	I can explain! Now where to start...
Conversations/Post Endgame Scene Lines/post_endgame_scene_lines/reina_post_endgame_0/4	Ancient dragons, lost ruins, dangerous adventures underground...	Des dragons ancestraux, des ruines oubliées, des aventures périlleuses dans les profondeurs...	Древние драконы, затерянные руины, смертельно опасные подземные приключения...	Ancient dragons, lost ruins, dangerous adventures underground...
Conversations/Post Endgame Scene Lines/post_endgame_scene_lines/reina_post_endgame_0/5	You're like a hero straight out of one of my favorite novels!	Tu es exactement comme les <he>héros</he><she>héroïnes</she><they>êtres héroïques</they> de mes romans préférés !	Ты как будто <p>сошли</p><f>сошла</f><m>сошёл</m><n>сошло</n> со страниц моих любимых романов!	You're like a hero straight out of one of my favorite novels!
Conversations/Post Endgame Scene Lines/post_endgame_scene_lines/reina_post_endgame_0/6	But, oh, [Ari]!	Oh, mais, [Ari]...	Но... ох, [Ari]!	But, oh, [Ari]!
Conversations/Post Endgame Scene Lines/post_endgame_scene_lines/reina_post_endgame_0/7f	I'm so glad you didn't get hurt.	Je suis si heureuse qu'il ne te soit rien arrivé.	Какое облегчение, что ты <p>целы</p><f>цела</f><m>цел</m><n>цело</n>.	I'm so glad you didn't get hurt.
Conversations/Post Endgame Scene Lines/post_endgame_scene_lines/reina_post_endgame_0/7f/prompts/0	I was doing it to protect the town.	Je l'ai fait pour protéger la ville.	Я <p>защищали</p><f>защищала</f><m>защищал</m><n>защищало</n> город.	I was doing it to protect the town.
Conversations/Post Endgame Scene Lines/post_endgame_scene_lines/reina_post_endgame_0/7f/prompts/1	I wanted to keep everyone safe.	Je voulais protéger tout le monde.	Я просто <p>хотели</p><f>хотела</f><m>хотел</m><n>хотело</n> всех уберечь.	I wanted to keep everyone safe.
Conversations/Post Endgame Scene Lines/post_endgame_scene_lines/reina_post_endgame_0/7r	I'm so glad you didn't get hurt.	Je suis si heureuse qu'il ne te soit rien arrivé.	Какое облегчение, что ты <p>целы</p><f>цела</f><m>цел</m><n>цело</n>.	I'm so glad you didn't get hurt.
Conversations/Post Endgame Scene Lines/post_endgame_scene_lines/reina_post_endgame_0/7r/prompts/0	I was doing it to protect the town.	Je l'ai fait pour protéger la ville.	Я <p>защищали</p><f>защищала</f><m>защищал</m><n>защищало</n> город.	I was doing it to protect the town.
Conversations/Post Endgame Scene Lines/post_endgame_scene_lines/reina_post_endgame_0/7r/prompts/1	I wanted to keep you safe.	Je voulais te protéger.	Я просто <p>хотели</p><f>хотела</f><m>хотел</m><n>хотело</n> уберечь тебя.	I wanted to keep you safe.
Conversations/Post Endgame Scene Lines/post_endgame_scene_lines/reina_post_endgame_0/8	That's so like you...	Je te reconnais bien là...	Да, это на тебя похоже...	That's so like you...
Conversations/Post Endgame Scene Lines/post_endgame_scene_lines/reina_post_endgame_0/9f	And you did!	Et c'est ce que tu as fait !	И у тебя получилось!	And you did!
Conversations/Post Endgame Scene Lines/post_endgame_scene_lines/reina_post_endgame_0/9r	Oh [Ari]...	Oh, [Ari]...	О, [Ari]...	Oh [Ari]...
Conversations/Post Endgame Scene Lines/post_endgame_scene_lines/reina_post_endgame_0/init	There you are, [Ari]! Is everything okay?	Te voilà, [Ari] ! Est-ce que tout va bien ?	[Ari], ты здесь! С тобой всё в порядке?	There you are, [Ari]! Is everything okay?
Conversations/Post Endgame Scene Lines/post_endgame_scene_lines/ryis_post_endgame_0/1	That earthquake...	Ce tremblement de terre...	Это землетрясение...	That earthquake...
Conversations/Post Endgame Scene Lines/post_endgame_scene_lines/ryis_post_endgame_0/10	I'm not sure if the quake caused much damage, but... let me handle any repairs this time.	Je ne sais pas si le tremblement de terre a provoqué beaucoup de dégâts, mais... laisse-moi m'occuper des réparations, cette fois.	Не знаю, много ли ущерба успело принести это новое землетрясение... Но давай в этот раз я займусь этим сам.	I'm not sure if the quake caused much damage, but... let me handle any repairs this time.
Conversations/Post Endgame Scene Lines/post_endgame_scene_lines/ryis_post_endgame_0/11f	You deserve a break. It's the least I can do after everything you've done!	Tu as bien mérité un peu de repos. C'est la moindre des choses après tout ce que tu as fait !	Я хочу хоть как-то выразить тебе благодарность! А тебе нужен перерыв.	You deserve a break. It's the least I can do after everything you've done!
Conversations/Post Endgame Scene Lines/post_endgame_scene_lines/ryis_post_endgame_0/11r	You deserve a break. Just relax and I'll take care of you, okay? It's the least I can do after everything you've done.	Tu as bien mérité un peu de repos. Détends-toi, je serai aux petits soins, d'accord ? C'est la moindre des choses après tout ce que tu as fait.	Я хочу хоть как-то выразить тебе благодарность! А тебе нужен перерыв. Займись отдыхом, а я о тебе позабочусь, ладно?	You deserve a break. Just relax and I'll take care of you, okay? It's the least I can do after everything you've done.
Conversations/Post Endgame Scene Lines/post_endgame_scene_lines/ryis_post_endgame_0/2	It felt like the whole town was going to shake apart around us...	J'ai bien cru que toute la ville allait s'effondrer...	Казалось, весь город вот-вот рухнет прямо на нас...	It felt like the whole town was going to shake apart around us...
Conversations/Post Endgame Scene Lines/post_endgame_scene_lines/ryis_post_endgame_0/3	I couldn't believe it when you appeared in that glowing circle!	Et quand je t'ai vu<he></he><she>e</she><they>·e</they> apparaître dans ce cercle de lumière, je n'en ai pas cru mes yeux !	Когда ты <p>появились</p><f>появилась</f><m>появился</m><n>появилось</n> в этом сияющем круге, я глазам не поверил!	I couldn't believe it when you appeared in that glowing circle!
Conversations/Post Endgame Scene Lines/post_endgame_scene_lines/ryis_post_endgame_0/4	How did you make it stop like that? And who were those horned people with you?	Comment tu as réussi à l'arrêter ? Et qui étaient ces personnes à cornes, avec toi ?	Как тебе удалось его остановить? И кто те рогатые люди, что были с тобой?	How did you make it stop like that? And who were those horned people with you?
Conversations/Post Endgame Scene Lines/post_endgame_scene_lines/ryis_post_endgame_0/4/prompts/0	I should start at the beginning...	Je vais commencer depuis le début...	Давай я лучше начну с начала...	I should start at the beginning...
Conversations/Post Endgame Scene Lines/post_endgame_scene_lines/ryis_post_endgame_0/4/prompts/1	Funny you should ask...	C'est drôle que tu me demandes...	Это ты очень кстати спросил...	Funny you should ask...
Conversations/Post Endgame Scene Lines/post_endgame_scene_lines/ryis_post_endgame_0/5	What a story. I can hardly believe it!	Quelle histoire ! J'avoue que j'ai du mal à y croire.	Вот это история! Даже верится с трудом.	What a story. I can hardly believe it!
Conversations/Post Endgame Scene Lines/post_endgame_scene_lines/ryis_post_endgame_0/6	[Ari]... I had no idea.	[Ari]... Je n'aurais jamais pu m'imaginer ça.	[Ari]... Я ведь об этом совсем не знал.	[Ari]... I had no idea.
Conversations/Post Endgame Scene Lines/post_endgame_scene_lines/ryis_post_endgame_0/7	I thought we were just focusing on fixing Mistria back up together, but you were carrying all that on your shoulders, too...	Je pensais qu'on s'occupait tous ensemble de retaper Mistria, mais toi, tu portais en plus cette responsabilité sur tes épaules.	Я думал, мы с тобой вместе восстанавливаем Мистрию. А всё это время на твоих плечах было ещё и это...	I thought we were just focusing on fixing Mistria back up together, but you were carrying all that on your shoulders, too...
Conversations/Post Endgame Scene Lines/post_endgame_scene_lines/ryis_post_endgame_0/8f	You're an inspiration.	Tu es une vraie source d'inspiration.	Ты просто образец для подражания!	You're an inspiration.
Conversations/Post Endgame Scene Lines/post_endgame_scene_lines/ryis_post_endgame_0/8r	You're an inspiration.	Tu es une vraie source d'inspiration.	Ты просто образец для подражания!	You're an inspiration.
Conversations/Post Endgame Scene Lines/post_endgame_scene_lines/ryis_post_endgame_0/9	It really fires me up, you know?	Ça me motive énormément, tu sais ?	Знаешь, я теперь так вдохновился.	It really fires me up, you know?
Conversations/Post Endgame Scene Lines/post_endgame_scene_lines/ryis_post_endgame_0/init	[Ari]! That was unreal!	[Ari] ! C'était un truc de fou !	[Ari]! Это была просто фантастика!	[Ari]! That was unreal!
Conversations/Post Endgame Scene Lines/post_endgame_scene_lines/seridia_post_endgame_0/1	Much has changed above ground since I last set foot here.	Les choses ont beaucoup changé à la surface, depuis ma dernière visite.	С тех пор, как последний раз ступала на поверхность, многое изменилось.	Much has changed above ground since I last set foot here.
Conversations/Post Endgame Scene Lines/post_endgame_scene_lines/seridia_post_endgame_0/10	To that end, I have a particular interest that I would like to focus on now...	Et pour ce faire, j'ai l'intention de consacrer mon temps à un centre d'intérêt en particulier...	У меня как раз появилась область, которой я хочу посвятить своё внимание...	To that end, I have a particular interest that I would like to focus on now...
Conversations/Post Endgame Scene Lines/post_endgame_scene_lines/seridia_post_endgame_0/11	Without the responsibilities of ruling to worry about, I shall have much more time to investigate new forms of $Magic$.	Comme je n'ai plus à remplir mes fonctions de reine, j'aurai tout le loisir d'étudier de nouvelles formes de $magie$.	Теперь вопросы власти меня не касаются. А значит, у меня осободилось много времени, чтобы исследовать новые формы $магии$.	Without the responsibilities of ruling to worry about, I shall have much more time to investigate new forms of $Magic$.
Conversations/Post Endgame Scene Lines/post_endgame_scene_lines/seridia_post_endgame_0/12	Now, I wonder what kind of spell I should start developing first...?	Je me demande par quel type de sort je devrais commencer...	Интересно, какое заклинание мне придумать в первую очередь?..	Now, I wonder what kind of spell I should start developing first...?
Conversations/Post Endgame Scene Lines/post_endgame_scene_lines/seridia_post_endgame_0/2	I shall enjoy acclimating myself in the coming days!	Je sens que je vais me plaire ici, même s'il me faudra quelques jours pour m'habituer !	Осваиваться в мире заново будет увлекательно. Я займусь этим в ближайшее время!	I shall enjoy acclimating myself in the coming days!
Conversations/Post Endgame Scene Lines/post_endgame_scene_lines/seridia_post_endgame_0/3	...	...	...	...
Conversations/Post Endgame Scene Lines/post_endgame_scene_lines/seridia_post_endgame_0/4	What is that look for?	Pourquoi me regardes-tu ainsi ?	Что ты так на меня смотришь?	What is that look for?
Conversations/Post Endgame Scene Lines/post_endgame_scene_lines/seridia_post_endgame_0/5	I do intend to keep my promise, you know.	Sache que j'ai l'intention de tenir ma promesse.	Ты же знаешь, я буду верна своему слову.	I do intend to keep my promise, you know.
Conversations/Post Endgame Scene Lines/post_endgame_scene_lines/seridia_post_endgame_0/6	Truth be told, I have had a long time to consider the circumstances that lead to my imprisonment.	En vérité, j'ai eu beaucoup de temps pour réfléchir aux circonstances qui ont mené jusqu'à mon emprisonnement.	Скажу тебе честно: у меня было много времени, чтобы обдумать причины моего заточения.	Truth be told, I have had a long time to consider the circumstances that lead to my imprisonment.
Conversations/Post Endgame Scene Lines/post_endgame_scene_lines/seridia_post_endgame_0/7	Perhaps I was reckless in my handling of certain past conflicts.	J'ai peut-être fait preuve d'imprudence dans ma façon de gérer certains conflits, par le passé.	Возможно, в некоторых конфликтах я и правда была безрассудна.	Perhaps I was reckless in my handling of certain past conflicts.
Conversations/Post Endgame Scene Lines/post_endgame_scene_lines/seridia_post_endgame_0/7/prompts/0	I'm glad to hear you've changed your ways...	Je suis content<he></he><she>e</she><they>·e</they> de constater que ton point de vue a changé...	Приятно слышать, что ты изменила свои взгляды...	I'm glad to hear you've changed your ways...
Conversations/Post Endgame Scene Lines/post_endgame_scene_lines/seridia_post_endgame_0/7/prompts/1	But those things you did as the Witch Queen...	Mais ce que tu as fait en tant que Reine-sorcière...	Но ты творила такие ужасы, когда была королевой-ведьмой...	But those things you did as the Witch Queen...
Conversations/Post Endgame Scene Lines/post_endgame_scene_lines/seridia_post_endgame_0/8	One should not repeat the same mistake twice, after one has recognised it as such.	Il ne faut pas refaire une erreur que l'on sait avoir commise.	Не повторяй тех действий, которые считаешь ошибкой.	One should not repeat the same mistake twice, after one has recognised it as such.
Conversations/Post Endgame Scene Lines/post_endgame_scene_lines/seridia_post_endgame_0/9	Not if one truly desires to grow.	Surtout si l'on désire évoluer.	Если хочешь расти над собой.	Not if one truly desires to grow.
Conversations/Post Endgame Scene Lines/post_endgame_scene_lines/seridia_post_endgame_0/init	I must thank you again for freeing me, [Ari].	Je dois à nouveau te remercier de m'avoir libérée, [Ari].	Я должна вновь поблагодарить тебя за свободу, [Ari].	I must thank you again for freeing me, [Ari].
Conversations/Post Endgame Scene Lines/post_endgame_scene_lines/terithia_post_endgame_0/1	"To think your ""big one"" would turn out to be a ""big two""."	Ce n'est pas UNE belle prise que tu as eue, mais bien DEUX.	Оказалось, что у тебя даже не один Здоровяк, а два!	"To think your ""big one"" would turn out to be a ""big two""."
Conversations/Post Endgame Scene Lines/post_endgame_scene_lines/terithia_post_endgame_0/2	And two dragons at that!	Et des dragons, rien que ça !	И не просто здоровяки, а настоящие драконы!	And two dragons at that!
Conversations/Post Endgame Scene Lines/post_endgame_scene_lines/terithia_post_endgame_0/3	KYA HA HA HA!	HÉ HÉ HÉ !	КЯ-ХА-ХА-ХА!	KYA HA HA HA!
Conversations/Post Endgame Scene Lines/post_endgame_scene_lines/terithia_post_endgame_0/4	Life is always full of surprises, eh?	La vie réserve bien des surprises, hein ?	Жизнь, как всегда, полна неожиданностей!	Life is always full of surprises, eh?
Conversations/Post Endgame Scene Lines/post_endgame_scene_lines/terithia_post_endgame_0/init	I owe you my thanks for saving the town, [Ari].	Je te dois te remercier d'avoir sauvé Mistria, [Ari].	Я должна выразить тебе благодарность за спасение города, [Ari].	I owe you my thanks for saving the town, [Ari].
Conversations/Post Endgame Scene Lines/post_endgame_scene_lines/valen_post_endgame_0/1	Come here, let me take a look!	Approche, laisse-moi t'ausculter !	Иди сюда, дай я посмотрю!	Come here, let me take a look!
Conversations/Post Endgame Scene Lines/post_endgame_scene_lines/valen_post_endgame_0/1/prompts/0	I'm fine!	Ça va !	Я в порядке!	I'm fine!
Conversations/Post Endgame Scene Lines/post_endgame_scene_lines/valen_post_endgame_0/1/prompts/1	Just a bit tired.	Juste un peu fatigué<she>e</she><he></he><they>·e</they>.	Всё хорошо, просто <p>устали </p><f>устала</f><m>устал</m><n>устало</n>.	Just a bit tired.
Conversations/Post Endgame Scene Lines/post_endgame_scene_lines/valen_post_endgame_0/10	I know that you're the kind of person that looks out for others...	Je sais que c'est dans ta nature de t'occuper des autres...	Я знаю, что заботиться о других — твоя натура...	I know that you're the kind of person that looks out for others...
Conversations/Post Endgame Scene Lines/post_endgame_scene_lines/valen_post_endgame_0/11	But don't forget that you're important to all of us, too.	Mais n'oublie pas que tu es important<he></he><she>e</she><they>·e</they> pour nous tous, aussi.	Но не забывай: ты для нас всех тоже очень <p>важны</p><f>важна</f><m>важен</m><n>важно</n>.	But don't forget that you're important to all of us, too.
Conversations/Post Endgame Scene Lines/post_endgame_scene_lines/valen_post_endgame_0/12f	Just know I'll always be here when you need me.	Sache que je serai toujours à tes côtés quand tu auras besoin de moi.	Знай, что, если тебе нужна помощь, я всегда буду рядом.	Just know I'll always be here when you need me.
Conversations/Post Endgame Scene Lines/post_endgame_scene_lines/valen_post_endgame_0/12r	Just know I'll always be here when you need me.	Sache que je serai toujours à tes côtés quand tu auras besoin de moi.	Знай, что, если тебе нужна помощь, я всегда буду рядом.	Just know I'll always be here when you need me.
Conversations/Post Endgame Scene Lines/post_endgame_scene_lines/valen_post_endgame_0/2f	Thank goodness.	Heureusement.	Какое счастье.	Thank goodness.
Conversations/Post Endgame Scene Lines/post_endgame_scene_lines/valen_post_endgame_0/2r	Thank goodness.	Heureusement.	Какое счастье.	Thank goodness.
Conversations/Post Endgame Scene Lines/post_endgame_scene_lines/valen_post_endgame_0/3	As if I didn't have enough to worry about! The earthquake hit, and then-	Comme si je n'avais pas assez de souci à me faire ! D'abord le tremblement de terre, et puis...	А мне как будто забот не доставало! Началось землетрясение, и тут...	As if I didn't have enough to worry about! The earthquake hit, and then-
Conversations/Post Endgame Scene Lines/post_endgame_scene_lines/valen_post_endgame_0/4	And then you suddenly appeared...	Tu apparais soudainement...	И тут <p>появились</p><f>появилась</f><m>появился</m><n>появилось</n> ты...	And then you suddenly appeared...
Conversations/Post Endgame Scene Lines/post_endgame_scene_lines/valen_post_endgame_0/5	...	...	...	...
Conversations/Post Endgame Scene Lines/post_endgame_scene_lines/valen_post_endgame_0/6f	I don't really understand how, but you saved all of us, didn't you? You and your friends.	Je ne sais pas exactement comment tu as fait, mais tu nous as sauvés, n'est-ce pas ? Avec l'aide de tes compagnons.	Я совершенно не понимаю, как, но ты <p>спасли</p><f>спасла</f><m>спас</m><n>спасло</n> всех нас, да? Вместе с теми друзьями.	I don't really understand how, but you saved all of us, didn't you? You and your friends.
Conversations/Post Endgame Scene Lines/post_endgame_scene_lines/valen_post_endgame_0/6f/prompts/0	It's a bit of a long story...	C'est une histoire un peu longue...	Это довольно долгая история...	It's a bit of a long story...
Conversations/Post Endgame Scene Lines/post_endgame_scene_lines/valen_post_endgame_0/6f/prompts/1	I'll tell you what happened...	Je vais tout te raconter...	Я расскажу тебе, что случилось...	I'll tell you what happened...
Conversations/Post Endgame Scene Lines/post_endgame_scene_lines/valen_post_endgame_0/6r	I don't really understand how, but you saved all of us, didn't you? You and your friends.	Je ne sais pas exactement comment tu as fait, mais tu nous as sauvés, n'est-ce pas ? Avec l'aide de tes compagnons.	Я совершенно не понимаю, как, но ты <p>спасли</p><f>спасла</f><m>спас</m><n>спасло</n> всех нас, да? Вместе с теми друзьями.	I don't really understand how, but you saved all of us, didn't you? You and your friends.
Conversations/Post Endgame Scene Lines/post_endgame_scene_lines/valen_post_endgame_0/6r/prompts/0	It's a bit of a long story...	C'est une histoire un peu longue...	Это довольно долгая история...	It's a bit of a long story...
Conversations/Post Endgame Scene Lines/post_endgame_scene_lines/valen_post_endgame_0/6r/prompts/1	I'll tell you what happened...	Je vais tout te raconter...	Я расскажу тебе, что случилось...	I'll tell you what happened...
Conversations/Post Endgame Scene Lines/post_endgame_scene_lines/valen_post_endgame_0/7	Oh [Ari], you've been through so much.	Oh [Ari], toutes ces épreuves que tu as endurées.	О, [Ari], сколько же ты <p>пережили</p><f>пережила</f><m>пережил</m><n>пережило</n>.	Oh [Ari], you've been through so much.
Conversations/Post Endgame Scene Lines/post_endgame_scene_lines/valen_post_endgame_0/8f	Thank you for everything you've done.	Merci pour tout ce que tu as fait.	Спасибо тебе за всё, что ты <p>сделали</p><f>сделала</f><m>сделал</m><n>сделало</n>.	Thank you for everything you've done.
Conversations/Post Endgame Scene Lines/post_endgame_scene_lines/valen_post_endgame_0/8r	Thank you for everything you've done.	Merci pour tout ce que tu as fait.	Спасибо тебе за всё, что ты <p>сделали</p><f>сделала</f><m>сделал</m><n>сделало</n>.	Thank you for everything you've done.
Conversations/Post Endgame Scene Lines/post_endgame_scene_lines/valen_post_endgame_0/9	You saved Mistria!	Tu as sauvé Mistria !	За то, что <p>спасли</p><f>спасла</f><m>спас</m><n>спасло</n> Мистрию!	You saved Mistria!
Conversations/Post Endgame Scene Lines/post_endgame_scene_lines/valen_post_endgame_0/init	[Ari]! You're not hurt, are you?	[Ari] ! Tu n'as rien au moins ?	[Ari]! Ты <p>здоровы</p><f>здорова</f><m>здоров</m><n>здорово</n>?	[Ari]! You're not hurt, are you?
