key	english	french	russian	bulgarian
Conversations/Tutorial Dialogue/archaeology/archaeology_1/1	But I really hope you'll donate them!			But I really hope you'll donate them!
Conversations/Tutorial Dialogue/archaeology/archaeology_1/init	You can find artifacts all over Mistria! They can be donated to the museum or sold...			You can find artifacts all over Mistria! They can be donated to the museum or sold...
Conversations/Tutorial Dialogue/archaeology/archaeology_10/init	Alda artifacts seem to keep turning up around Hayden's farm. They're characterized by their geometry and a blue patina.			Alda artifacts seem to keep turning up around Hayden's farm. They're characterized by their geometry and a blue patina.
Conversations/Tutorial Dialogue/archaeology/archaeology_10_eiland/init	Alda artifacts seem to keep turning up around Hayden's farm. They're characterized by their geometry and a blue patina.	Les artéfacts aldéens sont assez nombreux près de la ferme d'Hayden. Leurs formes géométriques et leur patine bleue sont très caractéristiques.	Альдийские артефакты чаще находятся вокруг фермы Хейдена. Для них характерна геометричность и голубая патина.	Alda artifacts seem to keep turning up around Hayden's farm. They're characterized by their geometry and a blue patina.
Conversations/Tutorial Dialogue/archaeology/archaeology_10_errol/init	Alda artifacts seem to keep turning up around Hayden's farm. They're characterized by their geometry and a blue patina.	Les artéfacts aldéens sont assez nombreux près de la ferme d'Hayden. Leurs formes géométriques et leur patine bleue sont très caractéristiques.	Альдийские артефакты чаще находятся вокруг фермы Хейдена. Для них характерна геометричность и голубая патина.	Alda artifacts seem to keep turning up around Hayden's farm. They're characterized by their geometry and a blue patina.
Conversations/Tutorial Dialogue/archaeology/archaeology_11/init	The Western Ruins are of particular interest to me, because they yield a steady supply of Ancient artifacts from the era of the Witch Queens.			The Western Ruins are of particular interest to me, because they yield a steady supply of Ancient artifacts from the era of the Witch Queens.
Conversations/Tutorial Dialogue/archaeology/archaeology_11_eiland/init	The Western Ruins are of particular interest to me, because they yield a steady supply of Ancient artifacts from the era of the Witch Queens.	Les ruines de l'ouest ont un intérêt tout particulier pour moi, car elles renferment de nombreux artéfacts datant de l'époque des Reines-sorcières.	Западные руины для меня представляют особый интерес, поскольку там регулярно встречаются древние артефакты из Эпохи королев-ведьм.	The Western Ruins are of particular interest to me, because they yield a steady supply of Ancient artifacts from the era of the Witch Queens.
Conversations/Tutorial Dialogue/archaeology/archaeology_11_errol/init	The Western Ruins are of particular interest to me, because they yield a steady supply of Ancient artifacts from the era of the Witch Queens.	Les ruines de l'ouest ont un intérêt tout particulier pour moi, car elles renferment de nombreux artéfacts datant de l'époque des Reines-sorcières.	Западные руины для меня представляют особый интерес, поскольку там регулярно встречаются древние артефакты из Эпохи королев-ведьм.	The Western Ruins are of particular interest to me, because they yield a steady supply of Ancient artifacts from the era of the Witch Queens.
Conversations/Tutorial Dialogue/archaeology/archaeology_13/init	A wealth of Prehistoric artifacts wash up on the beach! You can often find them buried in the sand. Be careful with them, they're unimaginably old!			A wealth of Prehistoric artifacts wash up on the beach! You can often find them buried in the sand. Be careful with them, they're unimaginably old!
Conversations/Tutorial Dialogue/archaeology/archaeology_13_eiland/init	A wealth of Prehistoric artifacts wash up on the Beach! You can often find them buried in the sand. Be careful with them, they're unimaginably old!	De nombreux artéfacts de l'ère préhistorique s'échouent sur la plage. On les trouve parfois enterrés dans le sable. Prends-en soin, ils sont extrêmement anciens !	На пляж выбрасывает немало доисторических артефактов! Их часто можно откопать из-под песка. Только осторожнее с ними: они ведь невероятно старые!	A wealth of Prehistoric artifacts wash up on the Beach! You can often find them buried in the sand. Be careful with them, they're unimaginably old!
Conversations/Tutorial Dialogue/archaeology/archaeology_13_errol/init	A wealth of Prehistoric artifacts wash up on the Beach! You can often find them buried in the sand. Be careful with them, they're unimaginably old!	De nombreux artéfacts de l'ère préhistorique s'échouent sur la plage. On les trouve parfois enterrés dans le sable. Prends-en soin, ils sont extrêmement anciens !	На пляж выбрасывает немало доисторических артефактов! Их часто можно откопать из-под песка. Только осторожнее с ними: они ведь невероятно старые!	A wealth of Prehistoric artifacts wash up on the Beach! You can often find them buried in the sand. Be careful with them, they're unimaginably old!
Conversations/Tutorial Dialogue/archaeology/archaeology_14/1	I was torn on whether to include them in our museum's catalog, but they certainly catch the imagination!			I was torn on whether to include them in our museum's catalog, but they certainly catch the imagination!
Conversations/Tutorial Dialogue/archaeology/archaeology_14/init	Ooparts are out-of-place artifacts of, ah, dubious archaeological value. They can be found all over Mistria!			Ooparts are out-of-place artifacts of, ah, dubious archaeological value. They can be found all over Mistria!
Conversations/Tutorial Dialogue/archaeology/archaeology_14_eiland/1	I was torn on whether to include them in our museum's catalog, but they certainly catch the imagination!	J'ai eu beaucoup de mal à décider s'ils avaient ou non leur place dans notre collection du musée, mais une chose est sûre, ils font travailler l'imagination !	Я сомневался, стоит ли включать их в каталог музея. Но они хорошо разжигают воображение!	I was torn on whether to include them in our museum's catalog, but they certainly catch the imagination!
Conversations/Tutorial Dialogue/archaeology/archaeology_14_eiland/init	Ooparts are out-of-place artifacts of, ah, dubious archaeological value. They can be found all over Mistria!	Les artéfactices sont un type d'artéfacts dont la valeur archéologique est, euh... discutable. On les trouve dans tout Mistria !	Неуместные артефакты выглядят, эм, не к месту. Их ценность для археологии сомнительна, но их можно найти по всей Мистрии!	Ooparts are out-of-place artifacts of, ah, dubious archaeological value. They can be found all over Mistria!
Conversations/Tutorial Dialogue/archaeology/archaeology_14_errol/1	I was torn on whether to include them in our museum's catalog, but they certainly catch the imagination!	J'ai eu beaucoup de mal à décider s'ils avaient ou non leur place dans notre collection du musée, mais une chose est sûre, ils font travailler l'imagination !	Я сомневался, стоит ли включать их в каталог музея. Но они хорошо разжигают воображение!	I was torn on whether to include them in our museum's catalog, but they certainly catch the imagination!
Conversations/Tutorial Dialogue/archaeology/archaeology_14_errol/init	Ooparts are out-of-place artifacts of, ah, dubious archaeological value. They can be found all over Mistria!	Les artéfactices sont un type d'artéfacts dont la valeur archéologique est, euh... discutable. On les trouve dans tout Mistria !	Неуместные артефакты выглядят, эм, не к месту. Их ценность для археологии сомнительна, но их можно найти по всей Мистрии!	Ooparts are out-of-place artifacts of, ah, dubious archaeological value. They can be found all over Mistria!
Conversations/Tutorial Dialogue/archaeology/archaeology_15/1	Who knew a fishing rod could be part of an archaeologist's toolbox?			Who knew a fishing rod could be part of an archaeologist's toolbox?
Conversations/Tutorial Dialogue/archaeology/archaeology_15/init	It takes a bit of study to fish up Aquatic artifacts, but they're worth the effort!			It takes a bit of study to fish up Aquatic artifacts, but they're worth the effort!
Conversations/Tutorial Dialogue/archaeology/archaeology_15_eiland/1	Who knew a fishing rod could be part of an archaeologist's toolbox?	Qui aurait cru qu'une canne pêche pouvait faire partie de l'arsenal d'un archéologue ?	Кто бы мог подумать, что удочка станет инструментом археолога?	Who knew a fishing rod could be part of an archaeologist's toolbox?
Conversations/Tutorial Dialogue/archaeology/archaeology_15_eiland/init	It takes a bit of study to fish up Aquatic artifacts, but they're worth the effort!	Il faut un certain niveau pour remonter des artéfacts aquatiques, mais le jeu en vaut la chandelle !	Чтобы вылавливать подводные артефакты, нужен навык, но эти находки стоят того!	It takes a bit of study to fish up Aquatic artifacts, but they're worth the effort!
Conversations/Tutorial Dialogue/archaeology/archaeology_15_errol/1	Who knew a fishing rod could be part of an archaeologist's toolbox?	Qui aurait cru qu'une canne pêche pouvait faire partie de l'arsenal d'un archéologue ?	Кто бы мог подумать, что удочка станет инструментом археолога?	Who knew a fishing rod could be part of an archaeologist's toolbox?
Conversations/Tutorial Dialogue/archaeology/archaeology_15_errol/init	It takes a bit of study to fish up Aquatic artifacts, but they're worth the effort!	Il faut un certain niveau pour remonter des artéfacts aquatiques, mais le jeu en vaut la chandelle !	Чтобы вылавливать подводные артефакты, нужен навык, но эти находки стоят того!	It takes a bit of study to fish up Aquatic artifacts, but they're worth the effort!
Conversations/Tutorial Dialogue/archaeology/archaeology_16/1	Keep an eye out, you'll often see bubbles where something is hidden!			Keep an eye out, you'll often see bubbles where something is hidden!
Conversations/Tutorial Dialogue/archaeology/archaeology_16/init	Diving for Sunken artifacts is a learned skill, and it's worthwhile.			Diving for Sunken artifacts is a learned skill, and it's worthwhile.
Conversations/Tutorial Dialogue/archaeology/archaeology_16_eiland/1	Keep an eye out, you'll often see bubbles where something is hidden!	Ouvre l'œil, tu verras parfois des bulles s'il y a quelque chose à découvrir dans l'eau !	Смотри внимательно: там, где под водой что-то есть, часто бывают пузырьки!	Keep an eye out, you'll often see bubbles where something is hidden!
Conversations/Tutorial Dialogue/archaeology/archaeology_16_eiland/init	Diving for Sunken artifacts is a learned skill, and it's worthwhile.	Il est très utile d'apprendre la plongée sous-marine pour trouver des artéfacts engloutis.	Затонувшие артефакты весьма ценны, однако нырять за ними без особого навыка не получится.	Diving for Sunken artifacts is a learned skill, and it's worthwhile.
Conversations/Tutorial Dialogue/archaeology/archaeology_16_errol/1	Keep an eye out, you'll often see bubbles where something is hidden!	Ouvre l'œil, tu verras parfois des bulles s'il y a quelque chose à découvrir dans l'eau !	Смотри внимательно: там, где под водой что-то есть, часто бывают пузырьки!	Keep an eye out, you'll often see bubbles where something is hidden!
Conversations/Tutorial Dialogue/archaeology/archaeology_16_errol/init	Diving for Sunken artifacts is a learned skill, and it's worthwhile.	Il est très utile d'apprendre la plongée sous-marine pour trouver des artéfacts engloutis.	Затонувшие артефакты весьма ценны, однако нырять за ними без особого навыка не получится.	Diving for Sunken artifacts is a learned skill, and it's worthwhile.
Conversations/Tutorial Dialogue/archaeology/archaeology_18/init	The Museum's collection has come a long way, and it can go a long ways yet! Let's keep digging!			The Museum's collection has come a long way, and it can go a long ways yet! Let's keep digging!
Conversations/Tutorial Dialogue/archaeology/archaeology_18_eiland/init	The Museum's collection has come a long way, and it can go a long ways yet! Let's keep digging!	La collection du musée s'est bien enrichie, mais il doit être possible de faire encore mieux. Continuons à creuser !	Коллекция музея серьёзно расширилась! А впереди нас ждут новые пополнения — продолжаем копать!	The Museum's collection has come a long way, and it can go a long ways yet! Let's keep digging!
Conversations/Tutorial Dialogue/archaeology/archaeology_18_errol/init	The Museum's collection has come a long way, and it can go a long ways yet! Let's keep digging!	La collection du musée s'est bien enrichie, mais il doit être possible de faire encore mieux. Continuons à creuser !	Коллекция музея серьёзно расширилась! А впереди нас ждут новые пополнения — продолжаем копать!	The Museum's collection has come a long way, and it can go a long ways yet! Let's keep digging!
Conversations/Tutorial Dialogue/archaeology/archaeology_19/1	Or it could be the next big discovery that fills in a piece of Mistria's history!			Or it could be the next big discovery that fills in a piece of Mistria's history!
Conversations/Tutorial Dialogue/archaeology/archaeology_19/init	You never know what you'll find at a dig site! It could be sod...			You never know what you'll find at a dig site! It could be sod...
Conversations/Tutorial Dialogue/archaeology/archaeology_19_eiland/1	Or it could be the next big discovery that fills in a piece of Mistria's history!	Ou une découverte capitale qui permet de compléter le puzzle de l'histoire de Mistria !	А может, огромное открытие, дополняющее недостающий кусочек мистрийской истории!	Or it could be the next big discovery that fills in a piece of Mistria's history!
Conversations/Tutorial Dialogue/archaeology/archaeology_19_eiland/init	You never know what you'll find at a dig site! It could be sod...	Il est impossible de savoir à l'avance ce qu'un site de fouilles peut receler. Ça peut être de la terre...	Никогда не знаешь, что найдётся в раскопках! Может быть, дёрн...	You never know what you'll find at a dig site! It could be sod...
Conversations/Tutorial Dialogue/archaeology/archaeology_19_errol/1	Or it could be the next big discovery that fills in a piece of Mistria's history!	Ou une découverte capitale qui permet de compléter le puzzle de l'histoire de Mistria !	А может, огромное открытие, дополняющее недостающий кусочек мистрийской истории!	Or it could be the next big discovery that fills in a piece of Mistria's history!
Conversations/Tutorial Dialogue/archaeology/archaeology_19_errol/init	You never know what you'll find at a dig site! It could be sod...	Il est impossible de savoir à l'avance ce qu'un site de fouilles peut receler. Ça peut être de la terre...	Никогда не знаешь, что найдётся в раскопках! Может быть, дёрн...	You never know what you'll find at a dig site! It could be sod...
Conversations/Tutorial Dialogue/archaeology/archaeology_1_eiland/1	But I really hope you'll donate them!	Mais j'espère sincèrement que tu préféreras les donner !	Но я надеюсь, что ты их пожертвуешь!	But I really hope you'll donate them!
Conversations/Tutorial Dialogue/archaeology/archaeology_1_eiland/init	You can find artifacts all over Mistria! They can be donated to the Museum or sold...	Tu trouveras des artéfacts un peu partout à Mistria. Tu peux les donner au musée ou les vendre...	Артефакты в Мистрии можно найти повсюду! Их можно пожертвовать в музей или продать...	You can find artifacts all over Mistria! They can be donated to the Museum or sold...
Conversations/Tutorial Dialogue/archaeology/archaeology_1_errol/1	But I really hope you'll donate them!	Mais j'espère sincèrement que tu préféreras les donner !	Но я надеюсь, что ты их пожертвуешь!	But I really hope you'll donate them!
Conversations/Tutorial Dialogue/archaeology/archaeology_1_errol/init	You can find artifacts all over Mistria! They can be donated to the Museum or sold...	Tu trouveras des artéfacts un peu partout à Mistria. Tu peux les donner au musée ou les vendre...	Артефакты в Мистрии можно найти повсюду! Их можно пожертвовать в музей или продать...	You can find artifacts all over Mistria! They can be donated to the Museum or sold...
Conversations/Tutorial Dialogue/archaeology/archaeology_2/init	You can dig up artifacts with a pickaxe or a shovel. Either one works great!			You can dig up artifacts with a pickaxe or a shovel. Either one works great!
Conversations/Tutorial Dialogue/archaeology/archaeology_20/init	I see that the museum's collection has been filling up, [Ari]! I can't thank you enough for your generosity and hard work!			I see that the museum's collection has been filling up, [Ari]! I can't thank you enough for your generosity and hard work!
Conversations/Tutorial Dialogue/archaeology/archaeology_20_eiland/init	I see that the Museum's collection has been filling up, [Ari]! I can't thank you enough for your generosity and hard work!	Je vois que la collection du musée se remplit bien, [Ari]. Je ne sais pas comment te remercier pour ta générosité et ton travail sans relâche.	Вижу, коллекция музея продолжает пополняться, [Ari]! Я безмерно благодарен за твой труд и твою щедрость.	I see that the Museum's collection has been filling up, [Ari]! I can't thank you enough for your generosity and hard work!
Conversations/Tutorial Dialogue/archaeology/archaeology_20_errol/init	I see that the Museum's collection has been filling up, [Ari]! I can't thank you enough for your generosity and hard work!	Je vois que la collection du musée se remplit bien, [Ari]. Je ne sais pas comment te remercier pour ta générosité et ton travail sans relâche.	Вижу, коллекция музея продолжает пополняться, [Ari]! Я безмерно благодарен за твой труд и твою щедрость.	I see that the Museum's collection has been filling up, [Ari]! I can't thank you enough for your generosity and hard work!
Conversations/Tutorial Dialogue/archaeology/archaeology_21/1	Thank you for believing in Mistria.			Thank you for believing in Mistria.
Conversations/Tutorial Dialogue/archaeology/archaeology_21/init	[Ari], I was taking a walk through the collection and suddenly felt so much pride and gratitude.			[Ari], I was taking a walk through the collection and suddenly felt so much pride and gratitude.
Conversations/Tutorial Dialogue/archaeology/archaeology_21_eiland/1	Thank you for believing in Mistria.	Merci de croire en Mistria.	Спасибо тебе, что веришь в Мистрию!	Thank you for believing in Mistria.
Conversations/Tutorial Dialogue/archaeology/archaeology_21_eiland/init	[Ari], I was taking a walk through the collection and suddenly felt so much pride and gratitude.	[Ari], en me promenant dans les allées du musée et en admirant nos collections, j'ai soudainement ressenti une profonde fierté et une immense gratitude.	Знаешь, [Ari], я тут обходил нашу коллекцию, и вдруг меня охватило чувство радости и благодарности.	[Ari], I was taking a walk through the collection and suddenly felt so much pride and gratitude.
Conversations/Tutorial Dialogue/archaeology/archaeology_21_errol/1	Thank you for believing in Mistria.	Merci de croire en Mistria.	Спасибо тебе, что веришь в Мистрию!	Thank you for believing in Mistria.
Conversations/Tutorial Dialogue/archaeology/archaeology_21_errol/init	[Ari], I was taking a walk through the collection and suddenly felt so much pride and gratitude.	[Ari], en me promenant dans les allées du musée et en admirant nos collections, j'ai soudainement ressenti une profonde fierté et une immense gratitude.	Знаешь, [Ari], я тут обходил нашу коллекцию, и вдруг меня охватило чувство радости и благодарности.	[Ari], I was taking a walk through the collection and suddenly felt so much pride and gratitude.
Conversations/Tutorial Dialogue/archaeology/archaeology_22/1	Together, we'll build a record of history that rivals the Capital Library!			Together, we'll build a record of history that rivals the Capital Library!
Conversations/Tutorial Dialogue/archaeology/archaeology_22/init	The Museum will be key to Mistria's revival, and you're key to the Museum's revival.			The Museum will be key to Mistria's revival, and you're key to the Museum's revival.
Conversations/Tutorial Dialogue/archaeology/archaeology_22_eiland/1	Together, we'll build a record of history that rivals the Capital Library!	Ensemble, nous constituerons des archives historiques qui rivaliseront avec la Bibliothèque royale.	Вместе мы соберём такую историческую коллекцию, что позавидует даже Столичная библиотека!	Together, we'll build a record of history that rivals the Capital Library!
Conversations/Tutorial Dialogue/archaeology/archaeology_22_eiland/init	The Museum will be key to Mistria's revival, and you're key to the Museum's revival.	Le musée sera la clé de la renaissance de Mistria, et toi, tu es la clé de la renaissance du musée.	Музей — это ключ к возрождению Мистрии, а ты — ключ к возрождению музея.	The Museum will be key to Mistria's revival, and you're key to the Museum's revival.
Conversations/Tutorial Dialogue/archaeology/archaeology_22_errol/1	Together, we'll build a record of history that rivals the Capital Library!	Ensemble, nous constituerons des archives historiques qui rivaliseront avec la Bibliothèque royale.	Вместе мы соберём такую историческую коллекцию, что позавидует даже Столичная библиотека!	Together, we'll build a record of history that rivals the Capital Library!
Conversations/Tutorial Dialogue/archaeology/archaeology_22_errol/init	The Museum will be key to Mistria's revival, and you're key to the Museum's revival.	Le musée sera la clé de la renaissance de Mistria, et toi, tu es la clé de la renaissance du musée.	Музей — это ключ к возрождению Мистрии, а ты — ключ к возрождению музея.	The Museum will be key to Mistria's revival, and you're key to the Museum's revival.
Conversations/Tutorial Dialogue/archaeology/archaeology_23/init	Your hard work gathering donations for the museum makes me want to work hard, too! Thank you, [Ari].			Your hard work gathering donations for the museum makes me want to work hard, too! Thank you, [Ari].
Conversations/Tutorial Dialogue/archaeology/archaeology_23_eiland/init	Your hard work gathering donations for the Museum makes me want to work hard, too! Thank you, [Ari].	Tu fournis tant d'efforts pour faire des dons au musée que ça me motive aussi pour travailler d'arrache-pied. Merci [Ari].	Когда я вижу, как ты трудишься над пополнением музейного собрания, это и меня вдохновляет работать! Спасибо, [Ari].	Your hard work gathering donations for the Museum makes me want to work hard, too! Thank you, [Ari].
Conversations/Tutorial Dialogue/archaeology/archaeology_23_errol/init	Your hard work gathering donations for the Museum makes me want to work hard, too! Thank you, [Ari].	Tu fournis tant d'efforts pour faire des dons au musée que ça me motive aussi pour travailler d'arrache-pied. Merci [Ari].	Когда я вижу, как ты трудишься над пополнением музейного собрания, это и меня вдохновляет работать! Спасибо, [Ari].	Your hard work gathering donations for the Museum makes me want to work hard, too! Thank you, [Ari].
Conversations/Tutorial Dialogue/archaeology/archaeology_24/init	More Aldarian artifacts in the museum would really help us get a fuller picture of life during that period.			More Aldarian artifacts in the museum would really help us get a fuller picture of life during that period.
Conversations/Tutorial Dialogue/archaeology/archaeology_24_eiland/init	More Aldarian artifacts in the Museum would really help us get a fuller picture of life during that period.	Si le musée avait davantage d'artéfacts aldariens à exposer, nous aurions un tableau plus précis de la vie à cette époque.	Если бы у нас в музее было больше альдарийских артефактов, мы могли бы восстановить картину жизни в ту эпоху.	More Aldarian artifacts in the Museum would really help us get a fuller picture of life during that period.
Conversations/Tutorial Dialogue/archaeology/archaeology_24_errol/init	More Aldarian artifacts in the Museum would really help us get a fuller picture of life during that period.	Si le musée avait davantage d'artéfacts aldariens à exposer, nous aurions un tableau plus précis de la vie à cette époque.	Если бы у нас в музее было больше альдарийских артефактов, мы могли бы восстановить картину жизни в ту эпоху.	More Aldarian artifacts in the Museum would really help us get a fuller picture of life during that period.
Conversations/Tutorial Dialogue/archaeology/archaeology_25/init	Adding more Caldosian artifacts to the museum's collection would help us understand their split with the Alda after the age of the Witch Queens ended.			Adding more Caldosian artifacts to the museum's collection would help us understand their split with the Alda after the age of the Witch Queens ended.
Conversations/Tutorial Dialogue/archaeology/archaeology_25_eiland/init	Adding more Caldosian artifacts to the Museum's collection would help us understand their split with the Alda after the age of the Witch Queens ended.	Si nous avions d'autres artéfacts caldosiens à exposer, nous comprendrions mieux la rupture entre Caldosiens et Aldariens après le règne des Reines-sorcières.	Новые кальдосийские артефакты в коллекции помогли бы нам понять их раскол с Альдой, когда закончилась Эпоха королев-ведьм.	Adding more Caldosian artifacts to the Museum's collection would help us understand their split with the Alda after the age of the Witch Queens ended.
Conversations/Tutorial Dialogue/archaeology/archaeology_25_errol/init	Adding more Caldosian artifacts to the Museum's collection would help us understand their split with the Alda after the age of the Witch Queens ended.	Si nous avions d'autres artéfacts caldosiens à exposer, nous comprendrions mieux la rupture entre Caldosiens et Aldariens après le règne des Reines-sorcières.	Новые кальдосийские артефакты в коллекции помогли бы нам понять их раскол с Альдой, когда закончилась Эпоха королев-ведьм.	Adding more Caldosian artifacts to the Museum's collection would help us understand their split with the Alda after the age of the Witch Queens ended.
Conversations/Tutorial Dialogue/archaeology/archaeology_26/init	Every Alda artifact we add to the museum's collection helps us understand the dark ages that preceded the Kingdom of Aldaria.			Every Alda artifact we add to the museum's collection helps us understand the dark ages that preceded the Kingdom of Aldaria.
Conversations/Tutorial Dialogue/archaeology/archaeology_26_eiland/init	Every Alda artifact we add to the Museum's collection helps us understand the dark ages that preceded the Kingdom of Aldaria.	Chaque artéfact aldéen qui entre dans les collections du musée nous permet d'en apprendre davantage sur les âges obscurs qui ont précédé le royaume d'Aldaria.	Каждый артефакт из Альды, который мы добавляем в коллекцию, проясняет наше понимание тех тёмных веков, что были до Альдарийского королевства.	Every Alda artifact we add to the Museum's collection helps us understand the dark ages that preceded the Kingdom of Aldaria.
Conversations/Tutorial Dialogue/archaeology/archaeology_26_errol/init	Every Alda artifact we add to the Museum's collection helps us understand the dark ages that preceded the Kingdom of Aldaria.	Chaque artéfact aldéen qui entre dans les collections du musée nous permet d'en apprendre davantage sur les âges obscurs qui ont précédé le royaume d'Aldaria.	Каждый артефакт из Альды, который мы добавляем в коллекцию, проясняет наше понимание тех тёмных веков, что были до Альдарийского королевства.	Every Alda artifact we add to the Museum's collection helps us understand the dark ages that preceded the Kingdom of Aldaria.
Conversations/Tutorial Dialogue/archaeology/archaeology_27/init	It would be wonderful to share a fuller picture of our history with the people of Mistria!			It would be wonderful to share a fuller picture of our history with the people of Mistria!
Conversations/Tutorial Dialogue/archaeology/archaeology_27_eiland/init	It would be wonderful to share a fuller picture of our history with the people of Mistria!	Ce serait merveilleux de pouvoir montrer aux habitants de Mistria un tableau plus complet de notre histoire !	Как чудесно было бы поделиться с жителями Мистрии более полной картиной нашей истории!	It would be wonderful to share a fuller picture of our history with the people of Mistria!
Conversations/Tutorial Dialogue/archaeology/archaeology_27_errol/init	It would be wonderful to share a fuller picture of our history with the people of Mistria!	Ce serait merveilleux de pouvoir montrer aux habitants de Mistria un tableau plus complet de notre histoire !	Как чудесно было бы поделиться с жителями Мистрии более полной картиной нашей истории!	It would be wonderful to share a fuller picture of our history with the people of Mistria!
Conversations/Tutorial Dialogue/archaeology/archaeology_28/1	With enough pieces, I might even be able to entice Juniper into revealing some of their secrets!			With enough pieces, I might even be able to entice Juniper into revealing some of their secrets!
Conversations/Tutorial Dialogue/archaeology/archaeology_28/init	I'm very interested in growing our collection of Ancient artifacts from the reign of the Witch Queens.			I'm very interested in growing our collection of Ancient artifacts from the reign of the Witch Queens.
Conversations/Tutorial Dialogue/archaeology/archaeology_28_eiland/1	With enough pieces, I might even be able to entice Juniper into revealing some of their secrets!	Si nous en rassemblions suffisamment, j'arriverais peut-être même à convaincre Juniper de nous révéler certains de ses secrets.	Если наберём достаточно, возможно, даже получится уговорить Джунипер раскрыть их тайны!	With enough pieces, I might even be able to entice Juniper into revealing some of their secrets!
Conversations/Tutorial Dialogue/archaeology/archaeology_28_eiland/init	I'm very interested in growing our collection of Ancient artifacts from the reign of the Witch Queens.	Il serait très intéressant d'enrichir notre collection d'artéfacts anciens remontant au règne des Reines-sorcières.	Мне очень хочется расширить нашу коллекцию древних артефактов времён правления королев-ведьм.	I'm very interested in growing our collection of Ancient artifacts from the reign of the Witch Queens.
Conversations/Tutorial Dialogue/archaeology/archaeology_28_errol/1	With enough pieces, I might even be able to entice Juniper into revealing some of their secrets!	Si nous en rassemblions suffisamment, j'arriverais peut-être même à convaincre Juniper de nous révéler certains de ses secrets.	Если наберём достаточно, возможно, даже получится уговорить Джунипер раскрыть их тайны!	With enough pieces, I might even be able to entice Juniper into revealing some of their secrets!
Conversations/Tutorial Dialogue/archaeology/archaeology_28_errol/init	I'm very interested in growing our collection of Ancient artifacts from the reign of the Witch Queens.	Il serait très intéressant d'enrichir notre collection d'artéfacts anciens remontant au règne des Reines-sorcières.	Мне очень хочется расширить нашу коллекцию древних артефактов времён правления королев-ведьм.	I'm very interested in growing our collection of Ancient artifacts from the reign of the Witch Queens.
Conversations/Tutorial Dialogue/archaeology/archaeology_2_eiland/init	You can dig up artifacts with a pickaxe or a shovel. Either one works great!	Tu peux déterrer des artéfacts avec une pioche ou une pelle. Les deux font parfaitement l'affaire !	Выкопать артефакты можно с помощью кирки или лопаты. Подойдёт и то и другое!	You can dig up artifacts with a pickaxe or a shovel. Either one works great!
Conversations/Tutorial Dialogue/archaeology/archaeology_2_errol/init	You can dig up artifacts with a pickaxe or a shovel. Either one works great!	Tu peux déterrer des artéfacts avec une pioche ou une pelle. Les deux font parfaitement l'affaire !	Выкопать артефакты можно с помощью кирки или лопаты. Подойдёт и то и другое!	You can dig up artifacts with a pickaxe or a shovel. Either one works great!
Conversations/Tutorial Dialogue/archaeology/archaeology_3/init	The Western Ruins are an excellent place for finding artifacts. There are so many discoveries waiting to be made!			The Western Ruins are an excellent place for finding artifacts. There are so many discoveries waiting to be made!
Conversations/Tutorial Dialogue/archaeology/archaeology_30/init	I'd love to expand our collection of Pre-History artifacts for Luc! He seems especially curious about animals, whether they're ancient or modern.			I'd love to expand our collection of Pre-History artifacts for Luc! He seems especially curious about animals, whether they're ancient or modern.
Conversations/Tutorial Dialogue/archaeology/archaeology_30_eiland/init	I'd love to expand our collection of Pre-History artifacts for Luc! He seems especially curious about animals, whether they're ancient or modern.	J'aimerais enrichir notre collection d'artéfacts préhistoriques pour Luc. Les animaux contemporains comme disparus semblent le passionner.	Мне так хочется расширить коллецию доисторических артефактов — для Люка! Кажется, ему особенно интересны животные — как современные, так и вымершие.	I'd love to expand our collection of Pre-History artifacts for Luc! He seems especially curious about animals, whether they're ancient or modern.
Conversations/Tutorial Dialogue/archaeology/archaeology_30_errol/init	I'd love to expand our collection of Pre-History artifacts for Luc! He seems especially curious about animals, whether they're ancient or modern.	J'aimerais enrichir notre collection d'artéfacts préhistoriques pour Luc. Les animaux contemporains comme disparus semblent le passionner.	Мне так хочется расширить коллецию доисторических артефактов — для Люка! Кажется, ему особенно интересны животные — как современные, так и вымершие.	I'd love to expand our collection of Pre-History artifacts for Luc! He seems especially curious about animals, whether they're ancient or modern.
Conversations/Tutorial Dialogue/archaeology/archaeology_31/1	If we get some more pieces in, it might kindle a love of archaeology in her!			If we get some more pieces in, it might kindle a love of archaeology in her!
Conversations/Tutorial Dialogue/archaeology/archaeology_31/init	Dell seems especially taken with the Ooparts in the museum's collection.			Dell seems especially taken with the Ooparts in the museum's collection.
Conversations/Tutorial Dialogue/archaeology/archaeology_31_eiland/1	If we get some more pieces in, it might kindle a love of archaeology in her!	Si on en trouvait d'autres, cela éveillerait en elle un intérêt pour l'archéologie !	Если мы соберём их побольше — кто знает, может, это пробудит в ней любовь к археологии!	If we get some more pieces in, it might kindle a love of archaeology in her!
Conversations/Tutorial Dialogue/archaeology/archaeology_31_eiland/init	Dell seems especially taken with the Ooparts in the Museum's collection.	Dell n'est pas indifférente aux artéfactices de notre collection.	Делл, кажется, особенно интересуется неуместными артефактами.	Dell seems especially taken with the Ooparts in the Museum's collection.
Conversations/Tutorial Dialogue/archaeology/archaeology_31_errol/1	If we get some more pieces in, it might kindle a love of archaeology in her!	Si on en trouvait d'autres, cela éveillerait en elle un intérêt pour l'archéologie !	Если мы соберём их побольше — кто знает, может, это пробудит в ней любовь к археологии!	If we get some more pieces in, it might kindle a love of archaeology in her!
Conversations/Tutorial Dialogue/archaeology/archaeology_31_errol/init	Dell seems especially taken with the Ooparts in the Museum's collection.	Dell n'est pas indifférente aux artéfactices de notre collection.	Делл, кажется, особенно интересуется неуместными артефактами.	Dell seems especially taken with the Ooparts in the Museum's collection.
Conversations/Tutorial Dialogue/archaeology/archaeology_32/1	I'm a bit hopeless when it comes to fishing.			I'm a bit hopeless when it comes to fishing.
Conversations/Tutorial Dialogue/archaeology/archaeology_32/init	I'll be relying on you to help us fill out the Aquatic artifacts section of the museum, [Ari]!			I'll be relying on you to help us fill out the Aquatic artifacts section of the museum, [Ari]!
Conversations/Tutorial Dialogue/archaeology/archaeology_32_eiland/1	I'm a bit hopeless when it comes to fishing.	La pêche n'est vraiment pas mon fort.	Я совершенно безнадёжен, когда дело касается рыбалки.	I'm a bit hopeless when it comes to fishing.
Conversations/Tutorial Dialogue/archaeology/archaeology_32_eiland/init	I'll be relying on you to help us fill out the Aquatic artifacts section of the Museum, [Ari]!	Je compte sur toi pour enrichir l'aile du musée consacrée aux artéfacts aquatiques, [Ari] !	В заполнении секции подводных артефактов я положусь на тебя, [Ari]!	I'll be relying on you to help us fill out the Aquatic artifacts section of the Museum, [Ari]!
Conversations/Tutorial Dialogue/archaeology/archaeology_32_errol/1	I'm a bit hopeless when it comes to fishing.	La pêche n'est vraiment pas mon fort.	Я совершенно безнадёжен, когда дело касается рыбалки.	I'm a bit hopeless when it comes to fishing.
Conversations/Tutorial Dialogue/archaeology/archaeology_32_errol/init	I'll be relying on you to help us fill out the Aquatic artifacts section of the Museum, [Ari]!	Je compte sur toi pour enrichir l'aile du musée consacrée aux artéfacts aquatiques, [Ari] !	В заполнении секции подводных артефактов я положусь на тебя, [Ari]!	I'll be relying on you to help us fill out the Aquatic artifacts section of the Museum, [Ari]!
Conversations/Tutorial Dialogue/archaeology/archaeology_33/1	They'll help in the study of ancient trade routes and migration patterns.			They'll help in the study of ancient trade routes and migration patterns.
Conversations/Tutorial Dialogue/archaeology/archaeology_33/init	I hope we can add some more Sunken artifacts to our collection!			I hope we can add some more Sunken artifacts to our collection!
Conversations/Tutorial Dialogue/archaeology/archaeology_33_eiland/1	They'll help in the study of ancient trade routes and migration patterns.	Ainsi, nous pourrions déterminer plus précisément les routes commerciales et les mouvements de population d'autrefois.	Они будут полезны при исследовании древних торговых и миграционных путей.	They'll help in the study of ancient trade routes and migration patterns.
Conversations/Tutorial Dialogue/archaeology/archaeology_33_eiland/init	I hope we can add some more Sunken artifacts to our collection!	J'espère que d'autres pièces viendront s'ajouter à notre collection d'artéfacts engloutis.	Надеюсь, у нас получится собрать больше затонувших артефактов для коллекции!	I hope we can add some more Sunken artifacts to our collection!
Conversations/Tutorial Dialogue/archaeology/archaeology_33_errol/1	They'll help in the study of ancient trade routes and migration patterns.	Ainsi, nous pourrions déterminer plus précisément les routes commerciales et les mouvements de population d'autrefois.	Они будут полезны при исследовании древних торговых и миграционных путей.	They'll help in the study of ancient trade routes and migration patterns.
Conversations/Tutorial Dialogue/archaeology/archaeology_33_errol/init	I hope we can add some more Sunken artifacts to our collection!	J'espère que d'autres pièces viendront s'ajouter à notre collection d'artéfacts engloutis.	Надеюсь, у нас получится собрать больше затонувших артефактов для коллекции!	I hope we can add some more Sunken artifacts to our collection!
Conversations/Tutorial Dialogue/archaeology/archaeology_34/1	You're the only one who can go down there, [Ari]. I'd be grateful for any contributions you find!			You're the only one who can go down there, [Ari]. I'd be grateful for any contributions you find!
Conversations/Tutorial Dialogue/archaeology/archaeology_34/init	I'd love to have more artifacts from the depths of the Mines.			I'd love to have more artifacts from the depths of the Mines.
Conversations/Tutorial Dialogue/archaeology/archaeology_34_eiland/1	You're the only one who can go down there, [Ari]. I'd be grateful for any contributions you find!	Il n'y a que toi qui puisses y descendre, [Ari]. Tout ce que tu en remonteras nous sera d'une grande aide.	Только ты можешь туда спускаться, [Ari]. Я буду благодарен за любые пожертвования!	You're the only one who can go down there, [Ari]. I'd be grateful for any contributions you find!
Conversations/Tutorial Dialogue/archaeology/archaeology_34_eiland/init	I'd love to have more artifacts from the depths of the Mines.	J'aimerais beaucoup que nous exposions d'autres artéfacts issus des profondeurs des mines.	Я бы так хотел больше артефактов из подземных шахт.	I'd love to have more artifacts from the depths of the Mines.
Conversations/Tutorial Dialogue/archaeology/archaeology_34_errol/1	You're the only one who can go down there, [Ari]. I'd be grateful for any contributions you find!	Il n'y a que toi qui puisses y descendre, [Ari]. Tout ce que tu en remonteras nous sera d'une grande aide.	Только ты можешь туда спускаться, [Ari]. Я буду благодарен за любые пожертвования!	You're the only one who can go down there, [Ari]. I'd be grateful for any contributions you find!
Conversations/Tutorial Dialogue/archaeology/archaeology_34_errol/init	I'd love to have more artifacts from the depths of the Mines.	J'aimerais beaucoup que nous exposions d'autres artéfacts issus des profondeurs des mines.	Я бы так хотел больше артефактов из подземных шахт.	I'd love to have more artifacts from the depths of the Mines.
Conversations/Tutorial Dialogue/archaeology/archaeology_3_eiland/init	The Western Ruins are an excellent place for finding artifacts. There are so many discoveries waiting to be made!	Les ruines de l'ouest sont l'endroit par excellence pour trouver des artéfacts. Il y a tant de découvertes qui n'attendent que nous !	Особенно хорошо искать артефакты в Западных руинах. Там скрывается столько находок!	The Western Ruins are an excellent place for finding artifacts. There are so many discoveries waiting to be made!
Conversations/Tutorial Dialogue/archaeology/archaeology_3_errol/init	The Western Ruins are an excellent place for finding artifacts. There are so many discoveries waiting to be made!	Les ruines de l'ouest sont l'endroit par excellence pour trouver des artéfacts. Il y a tant de découvertes qui n'attendent que nous !	Особенно хорошо искать артефакты в Западных руинах. Там скрывается столько находок!	The Western Ruins are an excellent place for finding artifacts. There are so many discoveries waiting to be made!
Conversations/Tutorial Dialogue/archaeology/archaeology_4/1	People have been using that road for hundreds of years, maybe longer.			People have been using that road for hundreds of years, maybe longer.
Conversations/Tutorial Dialogue/archaeology/archaeology_4/init	The Eastern Road frequently turns up valuable historical and archaeological finds.			The Eastern Road frequently turns up valuable historical and archaeological finds.
Conversations/Tutorial Dialogue/archaeology/archaeology_4_eiland/1	People have been using that road for hundreds of years, maybe longer.	Les gens empruntent cette route depuis des centaines d'années, peut-être même plus.	Эта дорога используется на протяжении многих веков, а то и больше.	People have been using that road for hundreds of years, maybe longer.
Conversations/Tutorial Dialogue/archaeology/archaeology_4_eiland/init	The Eastern Road frequently turns up valuable historical and archaeological finds.	Il y a souvent des trouvailles d'ordre historique ou archéologique à faire sur la route de l'est.	На Восточной дороге часто можно встретить предметы высокой исторической и археологической ценности.	The Eastern Road frequently turns up valuable historical and archaeological finds.
Conversations/Tutorial Dialogue/archaeology/archaeology_4_errol/1	People have been using that road for hundreds of years, maybe longer.	Les gens empruntent cette route depuis des centaines d'années, peut-être même plus.	Эта дорога используется на протяжении многих веков, а то и больше.	People have been using that road for hundreds of years, maybe longer.
Conversations/Tutorial Dialogue/archaeology/archaeology_4_errol/init	The Eastern Road frequently turns up valuable historical and archaeological finds.	Il y a souvent des trouvailles d'ordre historique ou archéologique à faire sur la route de l'est.	На Восточной дороге часто можно встретить предметы высокой исторической и археологической ценности.	The Eastern Road frequently turns up valuable historical and archaeological finds.
Conversations/Tutorial Dialogue/archaeology/archaeology_5/1	Of course, a place with a lack of artifacts in an otherwise rich area is an interesting discovery in itself!			Of course, a place with a lack of artifacts in an otherwise rich area is an interesting discovery in itself!
Conversations/Tutorial Dialogue/archaeology/archaeology_5/init	Dig sites can be found all over Mistria, except for your farm.			Dig sites can be found all over Mistria, except for your farm.
Conversations/Tutorial Dialogue/archaeology/archaeology_5_eiland/1	Of course, a place with a lack of artifacts in an otherwise rich area is an interesting discovery in itself!	En même temps, un lieu sans aucun artéfact dans une région aussi riche est déjà une découverte intéressante en soi.	Разумеется, участок без артефактов в таком богатом археологическом регионе — само по себе любопытное явление.	Of course, a place with a lack of artifacts in an otherwise rich area is an interesting discovery in itself!
Conversations/Tutorial Dialogue/archaeology/archaeology_5_eiland/init	Dig sites can be found all over Mistria, except for your farm.	Il y a des sites de fouilles partout à Mistria, à l'exception de ta ferme.	Места для раскопок встречаются по всей Мистрии, кроме твоей фермы.	Dig sites can be found all over Mistria, except for your farm.
Conversations/Tutorial Dialogue/archaeology/archaeology_5_errol/1	Of course, a place with a lack of artifacts in an otherwise rich area is an interesting discovery in itself!	En même temps, un lieu sans aucun artéfact dans une région aussi riche est déjà une découverte intéressante en soi.	Разумеется, участок без артефактов в таком богатом археологическом регионе — само по себе любопытное явление.	Of course, a place with a lack of artifacts in an otherwise rich area is an interesting discovery in itself!
Conversations/Tutorial Dialogue/archaeology/archaeology_5_errol/init	Dig sites can be found all over Mistria, except for your farm.	Il y a des sites de fouilles partout à Mistria, à l'exception de ta ferme.	Места для раскопок встречаются по всей Мистрии, кроме твоей фермы.	Dig sites can be found all over Mistria, except for your farm.
Conversations/Tutorial Dialogue/archaeology/archaeology_6/init	As you dig for artifacts and uncover new discoveries, you'll find your aptitude for archaeology will increase! It's only natural.			As you dig for artifacts and uncover new discoveries, you'll find your aptitude for archaeology will increase! It's only natural.
Conversations/Tutorial Dialogue/archaeology/archaeology_6_eiland/init	As you dig for artifacts and uncover new discoveries, you'll find your aptitude for archaeology will increase! It's only natural.	Plus tu découvriras d'artéfacts en creusant, plus ton aptitude pour l'archéologie s'améliorera. C'est tout à fait naturel.	Когда ты раскапываешь артефакты и совершаешь открытия, твоя археологическая квалификация растёт! Это естественно.	As you dig for artifacts and uncover new discoveries, you'll find your aptitude for archaeology will increase! It's only natural.
Conversations/Tutorial Dialogue/archaeology/archaeology_6_errol/init	As you dig for artifacts and uncover new discoveries, you'll find your aptitude for archaeology will increase! It's only natural.	Plus tu découvriras d'artéfacts en creusant, plus ton aptitude pour l'archéologie s'améliorera. C'est tout à fait naturel.	Когда ты раскапываешь артефакты и совершаешь открытия, твоя археологическая квалификация растёт! Это естественно.	As you dig for artifacts and uncover new discoveries, you'll find your aptitude for archaeology will increase! It's only natural.
Conversations/Tutorial Dialogue/archaeology/archaeology_7/1	Terithia sometimes fishes them up, and Olric used to stumble across them in the Mines! With practice, you'll be able to do the same.			Terithia sometimes fishes them up, and Olric used to stumble across them in the Mines! With practice, you'll be able to do the same.
Conversations/Tutorial Dialogue/archaeology/archaeology_7/init	As your study of archaeology deepens, you'll begin noticing artifacts in new places!			As your study of archaeology deepens, you'll begin noticing artifacts in new places!
Conversations/Tutorial Dialogue/archaeology/archaeology_7_eiland/1	Terithia sometimes fishes them up, and Olric used to stumble across them in the Mines! With practice, you'll be able to do the same.	Il est arrivé que Terithia en remonte avec sa canne à pêche ou qu'Olric tombe dessus par hasard dans la mine. Avec un peu de pratique, ça t'arrivera aussi.	Теризия иногда вылавливает их из воды. А Ольрик раньше натыкался на них в шахтах. Ты тоже так научишься, если будешь практиковаться.	Terithia sometimes fishes them up, and Olric used to stumble across them in the Mines! With practice, you'll be able to do the same.
Conversations/Tutorial Dialogue/archaeology/archaeology_7_eiland/init	As your study of archaeology deepens, you'll begin noticing artifacts in new places!	À mesure que tu approfondiras tes connaissances en archéologie, tu commenceras à repérer des artéfacts à d'autres endroits.	По мере углубления твоих познаний в археологии ты станешь замечать артефакты в новых местах!	As your study of archaeology deepens, you'll begin noticing artifacts in new places!
Conversations/Tutorial Dialogue/archaeology/archaeology_7_errol/1	Terithia sometimes fishes them up, and Olric used to stumble across them in the Mines! With practice, you'll be able to do the same.	Il est arrivé que Terithia en remonte avec sa canne à pêche ou qu'Olric tombe dessus par hasard dans la mine. Avec un peu de pratique, ça t'arrivera aussi.	Теризия иногда вылавливает их из воды. А Ольрик раньше натыкался на них в шахтах. Ты тоже так научишься, если будешь практиковаться.	Terithia sometimes fishes them up, and Olric used to stumble across them in the Mines! With practice, you'll be able to do the same.
Conversations/Tutorial Dialogue/archaeology/archaeology_7_errol/init	As your study of archaeology deepens, you'll begin noticing artifacts in new places!	À mesure que tu approfondiras tes connaissances en archéologie, tu commenceras à repérer des artéfacts à d'autres endroits.	По мере углубления твоих познаний в археологии ты станешь замечать артефакты в новых местах!	As your study of archaeology deepens, you'll begin noticing artifacts in new places!
Conversations/Tutorial Dialogue/archaeology/archaeology_8/init	You'll find mostly Aldarian artifacts in the Narrows. You can tell due to their characteristic geometric elements and golden accents.			You'll find mostly Aldarian artifacts in the Narrows. You can tell due to their characteristic geometric elements and golden accents.
Conversations/Tutorial Dialogue/archaeology/archaeology_8_eiland/init	You'll find mostly Aldarian artifacts in the Narrows. You can tell due to their characteristic geometric elements and golden accents.	Tu trouveras surtout des artéfacts aldariens dans les Terrasses. Ils sont faciles à reconnaître grâce à leurs formes distinctes et leur aspect doré.	В Ущелье чаще всего встречаются альдарийские артефакты. Это легко определить по их геометрическим мотивам и золотым акцентам.	You'll find mostly Aldarian artifacts in the Narrows. You can tell due to their characteristic geometric elements and golden accents.
Conversations/Tutorial Dialogue/archaeology/archaeology_8_errol/init	You'll find mostly Aldarian artifacts in the Narrows. You can tell due to their characteristic geometric elements and golden accents.	Tu trouveras surtout des artéfacts aldariens dans les Terrasses. Ils sont faciles à reconnaître grâce à leurs formes distinctes et leur aspect doré.	В Ущелье чаще всего встречаются альдарийские артефакты. Это легко определить по их геометрическим мотивам и золотым акцентам.	You'll find mostly Aldarian artifacts in the Narrows. You can tell due to their characteristic geometric elements and golden accents.
Conversations/Tutorial Dialogue/archaeology/archaeology_9/init	The Eastern Road dig sites seem to turn up Caldosian artifacts. They share similarities with Aldarian artifacts, but feature more filigree and silver accents.			The Eastern Road dig sites seem to turn up Caldosian artifacts. They share similarities with Aldarian artifacts, but feature more filigree and silver accents.
Conversations/Tutorial Dialogue/archaeology/archaeology_9_eiland/init	The Eastern Road dig sites seem to turn up Caldosian artifacts. They share similarities with Aldarian artifacts, but feature more filigree and silver accents.	On trouve des artéfacts caldosiens aux sites de fouilles de la route de l'est. Ils ont des similitudes avec les aldariens, mais en plus filigranés et avec des touches argentées.	На Восточной дороге, кажется, чаще встречаются кальдосийские артефакты. У них есть сходства с альдарийскими, но больше филигранных и серебряных элементов.	The Eastern Road dig sites seem to turn up Caldosian artifacts. They share similarities with Aldarian artifacts, but feature more filigree and silver accents.
Conversations/Tutorial Dialogue/archaeology/archaeology_9_errol/init	The Eastern Road dig sites seem to turn up Caldosian artifacts. They share similarities with Aldarian artifacts, but feature more filigree and silver accents.	On trouve des artéfacts caldosiens aux sites de fouilles de la route de l'est. Ils ont des similitudes avec les aldariens, mais en plus filigranés et avec des touches argentées.	На Восточной дороге, кажется, чаще встречаются кальдосийские артефакты. У них есть сходства с альдарийскими, но больше филигранных и серебряных элементов.	The Eastern Road dig sites seem to turn up Caldosian artifacts. They share similarities with Aldarian artifacts, but feature more filigree and silver accents.
Conversations/Tutorial Dialogue/archaeology/archaeology_level_2/init	How exciting that you're beginning your archaeological journey! We're in it together, so don't hesitate to rely on me!	Tes pérégrinations archéologiques commencent seulement, c'est fantastique ! Je serai à tes côtés, alors n'hésite pas à me demander des conseils.	Рад видеть, что ты начинаешь свой путь археолога! Это наше общее дело, так что можешь положиться на меня!	How exciting that you're beginning your archaeological journey! We're in it together, so don't hesitate to rely on me!
Conversations/Tutorial Dialogue/archaeology/archaeology_level_20/1	Keep it up, and one day you'll be a master archaeologist! I'm sure of it!	Continue comme ça et tu deviendras très vite un<he></he><she>e</she><they>·e</they> archéologue confirmé<he></he><she>e</she><they>·e</they> ! J'en suis convaincu !	Если будешь так продолжать, когда-нибудь станешь специалистом в археологии! Я в тебя верю!	Keep it up, and one day you'll be a master archaeologist! I'm sure of it!
Conversations/Tutorial Dialogue/archaeology/archaeology_level_20/init	Your excavation techniques are becoming more refined, [Ari]. I can tell by the artifacts you're bringing in.	Ta technique de fouille commence à s'améliorer [Ari]. Je le vois aux artéfacts que tu apportes.	Ты заметно <p>отточили</p><f>отточила</f><m>отточил</m><n>отточило</n> свою технику раскопок, [Ari]. Я вижу по артефактам, которые ты приносишь в последнее время.	Your excavation techniques are becoming more refined, [Ari]. I can tell by the artifacts you're bringing in.
Conversations/Tutorial Dialogue/archaeology/archaeology_level_50/1	To say I'm impressed would understate it. Good work!	Tu m'en vois très impressionné, et c'est peu de le dire. Beau travail !	Сказать, что я впечатлён, — это ничего не сказать! Отличная работа!	To say I'm impressed would understate it. Good work!
Conversations/Tutorial Dialogue/archaeology/archaeology_level_50/init	You've become very skilled with archaeological fieldwork, [Ari].	Tu es devenu<he></he><she>e</she><they>·e</they> vraiment très doué<he></he><she>e</she><they>·e</they> dans le domaine de l'archéologie, [Ari].	[Ari], у тебя просто превосходный навык полевой археологической работы!	You've become very skilled with archaeological fieldwork, [Ari].
Conversations/Tutorial Dialogue/archaeology/archaeology_level_75/1	It's an honor working to discover the secrets of Mistria's history with you.	C'est un honneur de découvrir les secrets de l'histoire de Mistria avec toi.	Открывать тайны мистрийской истории вместе с тобой — это честь для меня.	It's an honor working to discover the secrets of Mistria's history with you.
Conversations/Tutorial Dialogue/archaeology/archaeology_level_75/init	With your ability and time in the field, you've surpassed many of the premier archaeologists of the Capital, [Ari].	Vu tes compétences et le temps passé sur le terrain, tu en sais déjà plus que bon nombre d'archéologues de renom de la capitale, [Ari].	По навыкам и опыту работы в поле ты <p>превзошли</p><f>превзошла</f><m>превзошёл</m><n>превзошло</n> уже многих ведущих археологов из столицы, [Ari].	With your ability and time in the field, you've surpassed many of the premier archaeologists of the Capital, [Ari].
Conversations/Tutorial Dialogue/archaeology/archaeology_level_99/1	The breadth of your discoveries have opened so many lines of research.	L'abondance de tes découvertes a ouvert tant de nouvelles pistes de recherche.	Твои находки позволили открыть широкие горизонты для самых разнообразных исследований.	The breadth of your discoveries have opened so many lines of research.
Conversations/Tutorial Dialogue/archaeology/archaeology_level_99/2	They'll be singing your praises for generations to come!	Les générations à venir loueront tes exploits.	Многие поколения потомков будут петь тебе дифирамбы!	They'll be singing your praises for generations to come!
Conversations/Tutorial Dialogue/archaeology/archaeology_level_99/init	Never in Mistria's history has there been an archaeologist so prolific as you, [Ari].	Mistria n'avait jamais connu d'archéologue aussi efficace que toi, [Ari].	В истории Мистрии никогда не было таких выдающихся археологов, как ты, [Ari].	Never in Mistria's history has there been an archaeologist so prolific as you, [Ari].
Conversations/Tutorial Dialogue/bug_tutorial/bug_tutorial_1/init	Many insects live in trees. If you give the trunk a little shake, sometimes they'll come out to say hello!	Il y a plein d'insectes qui vivent dans les arbres. En secouant un peu le tronc, ils viennent parfois faire un petit coucou.	Многие насекомые живут на деревьях. Если слегка потрясти ствол, они иногда выйдут поздороваться!	Many insects live in trees. If you give the trunk a little shake, sometimes they'll come out to say hello!
Conversations/Tutorial Dialogue/bug_tutorial/bug_tutorial_2/init	Did you know that you can shake bugs out of trees and you won't get in trouble even if they land in your mom's hair?	Tu savais que tu pouvais secouer les arbres pour en faire tomber des insectes ? En plus, même s'ils terminent dans les cheveux de ta mère, ce n'est pas ta faute.	Ты знаешь, что с деревьев можно стряхивать жучков? И тебя никто не накажет, даже если они упадут маме в волосы!	Did you know that you can shake bugs out of trees and you won't get in trouble even if they land in your mom's hair?
Conversations/Tutorial Dialogue/bug_tutorial/bug_tutorial_3/init	Young Luc informed me that you can find many new insect specimens by shaking trees. I'll, ah, leave that to you, [Ari].	Le jeune Luc m'a dit que l'on pouvait trouver de nombreuses espèces d'insectes en secouant les arbres. Je, euh... Je te laisse le soin de vérifier cela, [Ari].	Юный Люк сообщил мне, что многих насекомых можно найти, если трясти деревья. Просто, эм, решил сообщить, [Ari].	Young Luc informed me that you can find many new insect specimens by shaking trees. I'll, ah, leave that to you, [Ari].
Conversations/Tutorial Dialogue/fnati/fnati_anticipation_1/1	I'm debuting my latest Dragons and Drama campaign, it's a little historical learning tool and fun game that I cooked up!	Je viens de lancer ma dernière campagne de Dangers & Dragons. C'est un petit jeu amusant de mon invention qui mêle aventure et découverte de l'histoire.	Я начну свою новую кампанию в «Перепалки & Драконы». Это познавательная историческая игра, которую я сам придумал!	I'm debuting my latest Dragons and Drama campaign, it's a little historical learning tool and fun game that I cooked up!
Conversations/Tutorial Dialogue/fnati/fnati_anticipation_1/init	I do hope you'll make it to the Inn tonight, [Ari].	J'espère que tu pourras venir à l'auberge ce soir, [Ari].	Надеюсь, у тебя получится заглянуть в трактир сегодня вечером, [Ari].	I do hope you'll make it to the Inn tonight, [Ari].
Conversations/Tutorial Dialogue/fnati/fnati_anticipation_2/1	Everyone's going to be there, I hope you can make it too!	Tout le monde sera là, j'espère qu'on t'y verra aussi !	Там все собираются. Надеюсь, ты тоже придёшь!	Everyone's going to be there, I hope you can make it too!
Conversations/Tutorial Dialogue/fnati/fnati_anticipation_2/init	[Ari]! Are you coming to the Sleeping Dragon Inn tonight?	[Ari] ! Tu viens à l'auberge du Dragon qui dort ce soir ?	[Ari]! Пойдёшь сегодня вечером в трактир «Спящий дракон»?	[Ari]! Are you coming to the Sleeping Dragon Inn tonight?
Conversations/Tutorial Dialogue/fnati/fnati_anticipation_3/init	Oh don't mind me, I'm just getting ready for tonight's gathering at the Inn. You'll be there, right?	Oh, ne fais pas attention à moi, je m'occupe des préparatifs pour la soirée de ce soir. Tu viendras, hein ?	А, не обращай внимания, я тут готовлюсь к вечернему собранию в трактире. Ты же придёшь, правда?	Oh don't mind me, I'm just getting ready for tonight's gathering at the Inn. You'll be there, right?
Conversations/Tutorial Dialogue/fnati/fnati_anticipation_4/init	Don't miss tonight's get-together at the Inn, [Ari]. That's when I break out the good stuff.	Ne manque pas la fête de ce soir avec tout le monde, [Ari]. C'est là que j'ouvre mes meilleures bouteilles.	Не пропусти сегодняшнюю встречу в трактире, [Ari]. Самые лучшие штучки я припасаю до пятницы.	Don't miss tonight's get-together at the Inn, [Ari]. That's when I break out the good stuff.
Conversations/Tutorial Dialogue/fnati/fnati_anticipation_5/1	It's the only night grown-ups get to have fun... poor grown-ups.	C'est le seul soir où les adultes peuvent s'amuser... Les pauvres.	Это единственный вечер, когда взрослым тоже можно поиграть... Бедные взрослые.	It's the only night grown-ups get to have fun... poor grown-ups.
Conversations/Tutorial Dialogue/fnati/fnati_anticipation_5/init	Will you come play at the Inn tonight, [Ari]?	Tu viendras jouer avec moi à l'auberge ce soir, [Ari] ?	Ты придёшь играть вечером в трактир, [Ari]?	Will you come play at the Inn tonight, [Ari]?
Conversations/Tutorial Dialogue/fnati/fnati_anticipation_6/init	The whole town will be at the Inn tonight. I hope to see you there!	Toute la ville sera réunie à l'auberge ce soir. J'espère que tu viendras aussi.	Сегодня в трактире соберётся весь город. Надеюсь, тебя я там тоже увижу!	The whole town will be at the Inn tonight. I hope to see you there!
Conversations/Tutorial Dialogue/fnati/fnati_follow_up_1/init	I love Friday nights at the Inn! It was so nice to see everyone relaxing.			I love Friday nights at the Inn! It was so nice to see everyone relaxing.
Conversations/Tutorial Dialogue/fnati/fnati_follow_up_1_adeline/init	I love Friday nights at the Inn! It was so nice to see everyone relaxing.	J'adore les soirées du vendredi à l'auberge. C'est agréable de voir tout le monde si détendu !	Обожаю встречи в трактире по пятницам! Так хорошо, когда все отдыхают.	I love Friday nights at the Inn! It was so nice to see everyone relaxing.
Conversations/Tutorial Dialogue/fnati/fnati_follow_up_1_celine/init	I love Friday nights at the Inn! It was so nice to see everyone relaxing.	J'adore les soirées du vendredi à l'auberge. C'est agréable de voir tout le monde si détendu !	Обожаю встречи в трактире по пятницам! Так хорошо, когда все отдыхают.	I love Friday nights at the Inn! It was so nice to see everyone relaxing.
Conversations/Tutorial Dialogue/fnati/fnati_follow_up_1_eiland/init	I love Friday nights at the Inn! It was so nice to see everyone relaxing.	J'adore les soirées du vendredi à l'auberge. C'est agréable de voir tout le monde si détendu !	Обожаю встречи в трактире по пятницам! Так хорошо, когда все отдыхают.	I love Friday nights at the Inn! It was so nice to see everyone relaxing.
Conversations/Tutorial Dialogue/fnati/fnati_follow_up_1_errol/init	I love Friday nights at the Inn! It was so nice to see everyone relaxing.	J'adore les soirées du vendredi à l'auberge. C'est agréable de voir tout le monde si détendu !	Обожаю встречи в трактире по пятницам! Так хорошо, когда все отдыхают.	I love Friday nights at the Inn! It was so nice to see everyone relaxing.
Conversations/Tutorial Dialogue/fnati/fnati_follow_up_1_hayden/init	I love Friday nights at the Inn! It was so nice to see everyone relaxing.	J'adore les soirées du vendredi à l'auberge. C'est agréable de voir tout le monde si détendu !	Обожаю встречи в трактире по пятницам! Так хорошо, когда все отдыхают.	I love Friday nights at the Inn! It was so nice to see everyone relaxing.
Conversations/Tutorial Dialogue/fnati/fnati_follow_up_1_holt/init	I love Friday nights at the Inn! It was so nice to see everyone relaxing.	J'adore les soirées du vendredi à l'auberge. C'est agréable de voir tout le monde si détendu !	Обожаю встречи в трактире по пятницам! Так хорошо, когда все отдыхают.	I love Friday nights at the Inn! It was so nice to see everyone relaxing.
Conversations/Tutorial Dialogue/fnati/fnati_follow_up_1_josephine/init	I love Friday nights at the Inn! It was so nice to see everyone relaxing.	J'adore les soirées du vendredi à l'auberge. C'est agréable de voir tout le monde si détendu !	Обожаю встречи в трактире по пятницам! Так хорошо, когда все отдыхают.	I love Friday nights at the Inn! It was so nice to see everyone relaxing.
Conversations/Tutorial Dialogue/fnati/fnati_follow_up_1_landen/init	I love Friday nights at the Inn! It was so nice to see everyone relaxing.	J'adore les soirées du vendredi à l'auberge. C'est agréable de voir tout le monde si détendu !	Обожаю встречи в трактире по пятницам! Так хорошо, когда все отдыхают.	I love Friday nights at the Inn! It was so nice to see everyone relaxing.
Conversations/Tutorial Dialogue/fnati/fnati_follow_up_1_luc/init	I love Friday nights at the Inn! It was so nice to see everyone relaxing.	J'adore les soirées du vendredi à l'auberge. C'est agréable de voir tout le monde si détendu !	Обожаю встречи в трактире по пятницам! Так хорошо, когда все отдыхают.	I love Friday nights at the Inn! It was so nice to see everyone relaxing.
Conversations/Tutorial Dialogue/fnati/fnati_follow_up_1_maple/init	I love Friday nights at the Inn! It was so nice to see everyone relaxing.	J'adore les soirées du vendredi à l'auberge. C'est agréable de voir tout le monde si détendu !	Обожаю встречи в трактире по пятницам! Так хорошо, когда все отдыхают.	I love Friday nights at the Inn! It was so nice to see everyone relaxing.
Conversations/Tutorial Dialogue/fnati/fnati_follow_up_1_nora/init	I love Friday nights at the Inn! It was so nice to see everyone relaxing.	J'adore les soirées du vendredi à l'auberge. C'est agréable de voir tout le monde si détendu !	Обожаю встречи в трактире по пятницам! Так хорошо, когда все отдыхают.	I love Friday nights at the Inn! It was so nice to see everyone relaxing.
Conversations/Tutorial Dialogue/fnati/fnati_follow_up_1_olric/init	I love Friday nights at the Inn! It was so nice to see everyone relaxing.	J'adore les soirées du vendredi à l'auberge. C'est agréable de voir tout le monde si détendu !	Обожаю встречи в трактире по пятницам! Так хорошо, когда все отдыхают.	I love Friday nights at the Inn! It was so nice to see everyone relaxing.
Conversations/Tutorial Dialogue/fnati/fnati_follow_up_1_reina/init	I love Friday nights at the Inn! It was so nice to see everyone relaxing.	J'adore les soirées du vendredi à l'auberge. C'est agréable de voir tout le monde si détendu !	Обожаю встречи в трактире по пятницам! Так хорошо, когда все отдыхают.	I love Friday nights at the Inn! It was so nice to see everyone relaxing.
Conversations/Tutorial Dialogue/fnati/fnati_follow_up_1_ryis/init	I love Friday nights at the Inn! It was so nice to see everyone relaxing.	J'adore les soirées du vendredi à l'auberge. C'est agréable de voir tout le monde si détendu !	Обожаю встречи в трактире по пятницам! Так хорошо, когда все отдыхают.	I love Friday nights at the Inn! It was so nice to see everyone relaxing.
Conversations/Tutorial Dialogue/fnati/fnati_follow_up_1_terithia/init	I love Friday nights at the Inn! It was so nice to see everyone relaxing.	J'adore les soirées du vendredi à l'auberge. C'est agréable de voir tout le monde si détendu !	Обожаю встречи в трактире по пятницам! Так хорошо, когда все отдыхают.	I love Friday nights at the Inn! It was so nice to see everyone relaxing.
Conversations/Tutorial Dialogue/fnati/fnati_follow_up_2/init	Oooh, the Inn was bustling last night! Everyone had such a good time, I'm so glad!	Oooh, l'auberge était pleine à craquer hier soir. Je suis si contente de voir que tout le monde a passé une bonne soirée.	О-ох, вчера вечером в трактире было не протолкнуться! Я так рада, что всем всё понравилось!	Oooh, the Inn was bustling last night! Everyone had such a good time, I'm so glad!
Conversations/Tutorial Dialogue/furniture/furniture_pickaxe/1	I wonder who figured out you could do that in the first place...			I wonder who figured out you could do that in the first place...
Conversations/Tutorial Dialogue/furniture/furniture_pickaxe/init	A thoughtful strike with a pickaxe is a great way to move any furniture you have placed, [Ari].			A thoughtful strike with a pickaxe is a great way to move any furniture you have placed, [Ari].
Conversations/Tutorial Dialogue/furniture/furniture_pickaxe_dell/1	I wonder who figured out you could do that in the first place...	Je me demande quand même qui a eu l'idée de faire ça en premier...	Интересно, кому пришла в голову идея это попробовать...	I wonder who figured out you could do that in the first place...
Conversations/Tutorial Dialogue/furniture/furniture_pickaxe_dell/init	A thoughtful strike with a pickaxe is a great way to move any furniture you have placed, [Ari].	Un bon coup de pioche bien placé, c'est un moyen infaillible d'enlever un meuble que tu as placé, [Ari].	Передвинуть мебель оттуда, где она стоит, поможет точный удар киркой, [Ari].	A thoughtful strike with a pickaxe is a great way to move any furniture you have placed, [Ari].
Conversations/Tutorial Dialogue/furniture/furniture_pickaxe_elsie/1	I wonder who figured out you could do that in the first place...	Je me demande quand même qui a eu l'idée de faire ça en premier...	Интересно, кому пришла в голову идея это попробовать...	I wonder who figured out you could do that in the first place...
Conversations/Tutorial Dialogue/furniture/furniture_pickaxe_elsie/init	A thoughtful strike with a pickaxe is a great way to move any furniture you have placed, [Ari].	Un bon coup de pioche bien placé, c'est un moyen infaillible d'enlever un meuble que tu as placé, [Ari].	Передвинуть мебель оттуда, где она стоит, поможет точный удар киркой, [Ari].	A thoughtful strike with a pickaxe is a great way to move any furniture you have placed, [Ari].
Conversations/Tutorial Dialogue/furniture/furniture_pickaxe_errol/1	I wonder who figured out you could do that in the first place...	Je me demande quand même qui a eu l'idée de faire ça en premier...	Интересно, кому пришла в голову идея это попробовать...	I wonder who figured out you could do that in the first place...
Conversations/Tutorial Dialogue/furniture/furniture_pickaxe_errol/init	A thoughtful strike with a pickaxe is a great way to move any furniture you have placed, [Ari].	Un bon coup de pioche bien placé, c'est un moyen infaillible d'enlever un meuble que tu as placé, [Ari].	Передвинуть мебель оттуда, где она стоит, поможет точный удар киркой, [Ari].	A thoughtful strike with a pickaxe is a great way to move any furniture you have placed, [Ari].
Conversations/Tutorial Dialogue/furniture/furniture_pickaxe_hemlock/1	I wonder who figured out you could do that in the first place...	Je me demande quand même qui a eu l'idée de faire ça en premier...	Интересно, кому пришла в голову идея это попробовать...	I wonder who figured out you could do that in the first place...
Conversations/Tutorial Dialogue/furniture/furniture_pickaxe_hemlock/init	A thoughtful strike with a pickaxe is a great way to move any furniture you have placed, [Ari].	Un bon coup de pioche bien placé, c'est un moyen infaillible d'enlever un meuble que tu as placé, [Ari].	Передвинуть мебель оттуда, где она стоит, поможет точный удар киркой, [Ari].	A thoughtful strike with a pickaxe is a great way to move any furniture you have placed, [Ari].
Conversations/Tutorial Dialogue/furniture/furniture_pickaxe_holt/1	I wonder who figured out you could do that in the first place...	Je me demande quand même qui a eu l'idée de faire ça en premier...	Интересно, кому пришла в голову идея это попробовать...	I wonder who figured out you could do that in the first place...
Conversations/Tutorial Dialogue/furniture/furniture_pickaxe_holt/init	A thoughtful strike with a pickaxe is a great way to move any furniture you have placed, [Ari].	Un bon coup de pioche bien placé, c'est un moyen infaillible d'enlever un meuble que tu as placé, [Ari].	Передвинуть мебель оттуда, где она стоит, поможет точный удар киркой, [Ari].	A thoughtful strike with a pickaxe is a great way to move any furniture you have placed, [Ari].
Conversations/Tutorial Dialogue/furniture/furniture_pickaxe_josephine/1	I wonder who figured out you could do that in the first place...	Je me demande quand même qui a eu l'idée de faire ça en premier...	Интересно, кому пришла в голову идея это попробовать...	I wonder who figured out you could do that in the first place...
Conversations/Tutorial Dialogue/furniture/furniture_pickaxe_josephine/init	A thoughtful strike with a pickaxe is a great way to move any furniture you have placed, [Ari].	Un bon coup de pioche bien placé, c'est un moyen infaillible d'enlever un meuble que tu as placé, [Ari].	Передвинуть мебель оттуда, где она стоит, поможет точный удар киркой, [Ari].	A thoughtful strike with a pickaxe is a great way to move any furniture you have placed, [Ari].
Conversations/Tutorial Dialogue/furniture/furniture_pickaxe_landen/1	I wonder who figured out you could do that in the first place...	Je me demande quand même qui a eu l'idée de faire ça en premier...	Интересно, кому пришла в голову идея это попробовать...	I wonder who figured out you could do that in the first place...
Conversations/Tutorial Dialogue/furniture/furniture_pickaxe_landen/init	A thoughtful strike with a pickaxe is a great way to move any furniture you have placed, [Ari].	Un bon coup de pioche bien placé, c'est un moyen infaillible d'enlever un meuble que tu as placé, [Ari].	Передвинуть мебель оттуда, где она стоит, поможет точный удар киркой, [Ari].	A thoughtful strike with a pickaxe is a great way to move any furniture you have placed, [Ari].
Conversations/Tutorial Dialogue/furniture/furniture_pickaxe_luc/1	I wonder who figured out you could do that in the first place...	Je me demande quand même qui a eu l'idée de faire ça en premier...	Интересно, кому пришла в голову идея это попробовать...	I wonder who figured out you could do that in the first place...
Conversations/Tutorial Dialogue/furniture/furniture_pickaxe_luc/init	A thoughtful strike with a pickaxe is a great way to move any furniture you have placed, [Ari].	Un bon coup de pioche bien placé, c'est un moyen infaillible d'enlever un meuble que tu as placé, [Ari].	Передвинуть мебель оттуда, где она стоит, поможет точный удар киркой, [Ari].	A thoughtful strike with a pickaxe is a great way to move any furniture you have placed, [Ari].
Conversations/Tutorial Dialogue/furniture/furniture_pickaxe_maple/1	I wonder who figured out you could do that in the first place...	Je me demande quand même qui a eu l'idée de faire ça en premier...	Интересно, кому пришла в голову идея это попробовать...	I wonder who figured out you could do that in the first place...
Conversations/Tutorial Dialogue/furniture/furniture_pickaxe_maple/init	A thoughtful strike with a pickaxe is a great way to move any furniture you have placed, [Ari].	Un bon coup de pioche bien placé, c'est un moyen infaillible d'enlever un meuble que tu as placé, [Ari].	Передвинуть мебель оттуда, где она стоит, поможет точный удар киркой, [Ari].	A thoughtful strike with a pickaxe is a great way to move any furniture you have placed, [Ari].
Conversations/Tutorial Dialogue/furniture/furniture_pickaxe_merri/1	I wonder who figured out you could do that in the first place...	Je me demande quand même qui a eu l'idée de faire ça en premier...	Интересно, кому пришла в голову идея это попробовать...	I wonder who figured out you could do that in the first place...
Conversations/Tutorial Dialogue/furniture/furniture_pickaxe_merri/init	A thoughtful strike with a pickaxe is a great way to move any furniture you have placed, [Ari].	Un bon coup de pioche bien placé, c'est un moyen infaillible d'enlever un meuble que tu as placé, [Ari].	Передвинуть мебель оттуда, где она стоит, поможет точный удар киркой, [Ari].	A thoughtful strike with a pickaxe is a great way to move any furniture you have placed, [Ari].
Conversations/Tutorial Dialogue/furniture/furniture_pickaxe_nora/1	I wonder who figured out you could do that in the first place...	Je me demande quand même qui a eu l'idée de faire ça en premier...	Интересно, кому пришла в голову идея это попробовать...	I wonder who figured out you could do that in the first place...
Conversations/Tutorial Dialogue/furniture/furniture_pickaxe_nora/init	A thoughtful strike with a pickaxe is a great way to move any furniture you have placed, [Ari].	Un bon coup de pioche bien placé, c'est un moyen infaillible d'enlever un meuble que tu as placé, [Ari].	Передвинуть мебель оттуда, где она стоит, поможет точный удар киркой, [Ari].	A thoughtful strike with a pickaxe is a great way to move any furniture you have placed, [Ari].
Conversations/Tutorial Dialogue/furniture/furniture_pickaxe_olric/1	I wonder who figured out you could do that in the first place...	Je me demande quand même qui a eu l'idée de faire ça en premier...	Интересно, кому пришла в голову идея это попробовать...	I wonder who figured out you could do that in the first place...
Conversations/Tutorial Dialogue/furniture/furniture_pickaxe_olric/init	A thoughtful strike with a pickaxe is a great way to move any furniture you have placed, [Ari].	Un bon coup de pioche bien placé, c'est un moyen infaillible d'enlever un meuble que tu as placé, [Ari].	Передвинуть мебель оттуда, где она стоит, поможет точный удар киркой, [Ari].	A thoughtful strike with a pickaxe is a great way to move any furniture you have placed, [Ari].
Conversations/Tutorial Dialogue/furniture/furniture_pickaxe_terithia/1	I wonder who figured out you could do that in the first place...	Je me demande quand même qui a eu l'idée de faire ça en premier...	Интересно, кому пришла в голову идея это попробовать...	I wonder who figured out you could do that in the first place...
Conversations/Tutorial Dialogue/furniture/furniture_pickaxe_terithia/init	A thoughtful strike with a pickaxe is a great way to move any furniture you have placed, [Ari].	Un bon coup de pioche bien placé, c'est un moyen infaillible d'enlever un meuble que tu as placé, [Ari].	Передвинуть мебель оттуда, где она стоит, поможет точный удар киркой, [Ari].	A thoughtful strike with a pickaxe is a great way to move any furniture you have placed, [Ari].
Conversations/Tutorial Dialogue/misc_quest_lines/friday_at_the_sleeping_dragon_inn_too_early/init	Hey [Ari]! I hope I see you tonight at the Inn! People tend to start gathering around 6 pm.	Hé [Ari] ! J'espère te voir à l'auberge ce soir. Les gens commencent à arriver vers 18 heures en général.	Привет, [Ari]! Надеюсь, ты зайдёшь вечером к нам в трактир! Обычно люди начинают собираться около 18 часов.	Hey [Ari]! I hope I see you tonight at the Inn! People tend to start gathering around 6 pm.
Conversations/Tutorial Dialogue/misc_quest_lines/friday_at_the_sleeping_dragon_inn_turn_in/init	You made it! What did I tell you, it's a full house! Why don't you go around and see what everyone's up to? Oh, and here's your free drink!	Te voilà ! Comme je te l'avais dit, l'auberge est pleine à craquer ! Pourquoi tu n'irais pas saluer tout le monde ? Oh, et tiens, ton verre gratuit.	Ты <p>дошли</p><f>дошла</f><m>дошёл</m><n>дошло</n>! Говорила же тебе, все соберутся! Можешь пройтись вокруг, посмотреть, кто чем занят. Кстати, вот тебе бесплатный напиток!	You made it! What did I tell you, it's a full house! Why don't you go around and see what everyone's up to? Oh, and here's your free drink!
Conversations/Tutorial Dialogue/misc_quest_lines/friday_at_the_sleeping_dragon_inn_wrong_day/init	You don't want to miss coming out to the Inn this Friday evening, [Ari]! Everyone will be there!	Ne rate surtout pas la soirée à l'auberge, vendredi soir, [Ari] ! Tout le monde sera là.	Не пропусти встречу в трактире в эту пятницу, [Ari]! Там соберётся весь город!	You don't want to miss coming out to the Inn this Friday evening, [Ari]! Everyone will be there!
Conversations/Tutorial Dialogue/misc_quest_lines/gossip_for_elsie_balor/1	Hmmm...	Hmm...	Хм-м-м...	Hmmm...
Conversations/Tutorial Dialogue/misc_quest_lines/gossip_for_elsie_balor/2	Well, =Juniper= did place a special order for a dozen =Newts= the other day.	Eh bien, =Juniper= m'a passé commande d'une douzaine de =tritons=, l'autre jour.	Ну, =Джунипер= пару дней назад сделала особый заказ на дюжину =тритонов=.	Well, =Juniper= did place a special order for a dozen =Newts= the other day.
Conversations/Tutorial Dialogue/misc_quest_lines/gossip_for_elsie_balor/3	Funny you should ask!	C'est drôle que tu me demandes ça !	Ты вовремя <p>спросили</p><f>спросила</f><m>спросил</m><n>спросило</n>!	Funny you should ask!
Conversations/Tutorial Dialogue/misc_quest_lines/gossip_for_elsie_balor/4	=Juniper= did place a special order for a dozen =Newts= the other day.	=Juniper= m'a justement passé commande d'une douzaine de =tritons=, l'autre jour.	Пару дней назад =Джунипер= сделала особый заказ на дюжину =тритонов=.	=Juniper= did place a special order for a dozen =Newts= the other day.
Conversations/Tutorial Dialogue/misc_quest_lines/gossip_for_elsie_balor/5	"She marked the request as ""bath supplies"", for some reason?"	Curieusement, elle a indiqué sur sa commande qu'il s'agissait de « produits de bain ».	Почему-то она поставила пометку «сырьё для купальни».	"She marked the request as ""bath supplies"", for some reason?"
Conversations/Tutorial Dialogue/misc_quest_lines/gossip_for_elsie_balor/6	I wasn't sure I'd be able to swing it, but I managed to source them all from $Dell$ at the last minute.	Je ne pensais pas pouvoir honorer sa commande, mais j'ai pu m'en procurer à la dernière minute auprès de $Dell$.	Я не был уверен, что получится их добыть, но в последний момент смог приобрести их у $Делл$.	I wasn't sure I'd be able to swing it, but I managed to source them all from $Dell$ at the last minute.
Conversations/Tutorial Dialogue/misc_quest_lines/gossip_for_elsie_balor/7	Look, I don't go asking too many questions. I'm just the middle man.	Tu sais, je n'ai pas pour habitude de poser trop de questions. Je ne suis qu'un intermédiaire.	Знаешь, я не задаю лишних вопросов. Я лишь посредник.	Look, I don't go asking too many questions. I'm just the middle man.
Conversations/Tutorial Dialogue/misc_quest_lines/gossip_for_elsie_balor/init	[Ari]! Dashing about as always, I see.	[Ari] ! Je vois que tu es toujours en train de courir à droite et à gauche.	[Ari]! Вижу, ты спешишь, как всегда.	[Ari]! Dashing about as always, I see.
Conversations/Tutorial Dialogue/misc_quest_lines/gossip_for_elsie_balor/init/prompts/0	Get any interesting gossip- er, orders recently?	Tu as eu des potins... enfin, des commandes intéressantes, ces derniers temps ?	У тебя есть свежие сплетни... эм, то есть, заказы?	Get any interesting gossip- er, orders recently?
Conversations/Tutorial Dialogue/misc_quest_lines/gossip_for_elsie_balor/init/prompts/1	What's the oddest thing you've ever had an order for?	Quelle est la commande la plus inattendue que tu aies reçue ?	Какую самую странную вещь у тебя заказывали?	What's the oddest thing you've ever had an order for?
Conversations/Tutorial Dialogue/misc_quest_lines/gossip_for_elsie_dell/1	Uh, I mean...	Enfin, je veux dire...	То есть, эм...	Uh, I mean...
Conversations/Tutorial Dialogue/misc_quest_lines/gossip_for_elsie_dell/10	$Newts$ don't belong in soup, [Ari]. Even I know that!	Même moi, je sais que des $tritons$ n'ont rien à faire dans un bouillon, [Ari] !	$Тритонов$ в суп не кладут, [Ari]. Это даже я знаю!	$Newts$ don't belong in soup, [Ari]. Even I know that!
Conversations/Tutorial Dialogue/misc_quest_lines/gossip_for_elsie_dell/11	So I've been helping them AND Miss Juniper at the same time!	Donc j'ai aidé ET les tritons, ET mademoiselle Juniper !	Так что я выручила сразу и тритонов, и мисс Джунипер!	So I've been helping them AND Miss Juniper at the same time!
Conversations/Tutorial Dialogue/misc_quest_lines/gossip_for_elsie_dell/12	Plus, $Mr. Balor$ let me trade a bunch of them for my favorite =Chocolate=.	En plus, $monsieur Balor$ m'en a échangé un paquet contre mon =chocolat= préféré.	Кроме того, $мистер Балор$ выторговал часть из них за мою любимую =шоколадку=.	Plus, $Mr. Balor$ let me trade a bunch of them for my favorite =Chocolate=.
Conversations/Tutorial Dialogue/misc_quest_lines/gossip_for_elsie_dell/13	What's he doing with them...?	Mais qu'est-ce qu'il en fait...?	Что он будет с ними делать?..	What's he doing with them...?
Conversations/Tutorial Dialogue/misc_quest_lines/gossip_for_elsie_dell/14	Who knows, it's not the Dragonguard's job to ask questions.	Peu importe, la Garde des dragons n'est pas là pour poser des questions.	Кто знает! Драконья стража не задаёт вопросов.	Who knows, it's not the Dragonguard's job to ask questions.
Conversations/Tutorial Dialogue/misc_quest_lines/gossip_for_elsie_dell/2	How can the Dragonguard assist you, citizen?	En quoi la Garde des dragons peut-elle t'être utile, citoyen<she>ne</she><he></he><they>n·ne</they> ?	Вам нужна помощь Драконьей стражи, горожанин?	How can the Dragonguard assist you, citizen?
Conversations/Tutorial Dialogue/misc_quest_lines/gossip_for_elsie_dell/2/prompts/0	Does the Dragonguard have any intel to share?	La Garde des dragons a des renseignements intéressants à partager ?	У Драконьей стражи есть ценные вести?	Does the Dragonguard have any intel to share?
Conversations/Tutorial Dialogue/misc_quest_lines/gossip_for_elsie_dell/2/prompts/1	Got any gossip?	Tu as des potins ?	У вас есть сплетни?	Got any gossip?
Conversations/Tutorial Dialogue/misc_quest_lines/gossip_for_elsie_dell/3	Intel? Is that a kind of $Newt$?	Des renseignements ? Ça a quelque chose à voir avec des $tritons$ ?	Вести? Это такие $тритоны$?	Intel? Is that a kind of $Newt$?
Conversations/Tutorial Dialogue/misc_quest_lines/gossip_for_elsie_dell/4	Gossip? Is that a kind of $Newt$?	Des potins ? Ça a quelque chose à voir avec des $tritons$ ?	Сплетни? Это такие $тритоны$?	Gossip? Is that a kind of $Newt$?
Conversations/Tutorial Dialogue/misc_quest_lines/gossip_for_elsie_dell/5	Because in that case, you're in luck! I've got a whole pocket full!	Parce que si c'est le cas, tu as de la chance ! J'en ai plein les poches !	Если так, то вам повезло! У меня полный карман!	Because in that case, you're in luck! I've got a whole pocket full!
Conversations/Tutorial Dialogue/misc_quest_lines/gossip_for_elsie_dell/5/prompts/0	Where did you get the Newts, Dell.	Où as-tu trouvé ces tritons, Dell ?	Откуда у тебя тритоны, Делл?	Where did you get the Newts, Dell.
Conversations/Tutorial Dialogue/misc_quest_lines/gossip_for_elsie_dell/5/prompts/1	Newts...?	Des tritons...?	Тритонов?..	Newts...?
Conversations/Tutorial Dialogue/misc_quest_lines/gossip_for_elsie_dell/6	I've been tasked with saving them!	On m'a chargée de les sauver !	Мне поручили их спасти!	I've been tasked with saving them!
Conversations/Tutorial Dialogue/misc_quest_lines/gossip_for_elsie_dell/6/prompts/0	Go on.	Continue.	Продолжай.	Go on.
Conversations/Tutorial Dialogue/misc_quest_lines/gossip_for_elsie_dell/6/prompts/1	Tasked by who?	Qui t'a chargée de ça ?	Кто поручил?	Tasked by who?
Conversations/Tutorial Dialogue/misc_quest_lines/gossip_for_elsie_dell/7	"Well, maybe not ""tasked with"" exactly..."	Bon, pas vraiment « chargée »...	Ну, может, не прямо «поручили»...	"Well, maybe not ""tasked with"" exactly..."
Conversations/Tutorial Dialogue/misc_quest_lines/gossip_for_elsie_dell/8	But it's the Dragonguard's job to help those in need!	Mais aider les gens fait partie des devoirs de la Garde des dragons !	Но Драконья стража должна помогать нуждающимся!	But it's the Dragonguard's job to help those in need!
Conversations/Tutorial Dialogue/misc_quest_lines/gossip_for_elsie_dell/9	I found them in the Bathhouse, swimming around in $Juniper's$ weird soup!	Je les ai trouvés aux bains, ils nageaient dans le bouillon bizarroïde de $Juniper$.	Я нашла их в купальне. Они плавали в этом странном супе в котле $Джунипер$!	I found them in the Bathhouse, swimming around in $Juniper's$ weird soup!
Conversations/Tutorial Dialogue/misc_quest_lines/gossip_for_elsie_dell/init	Heeeey, [Ari]!	Saluuut [Ari] !	Привееет, [Ari]!	Heeeey, [Ari]!
Conversations/Tutorial Dialogue/misc_quest_lines/gossip_for_elsie_juniper/1	Well now that you mention it...	Eh bien, puisque tu en parles...	Ну, раз ты <p>спросили</p><f>спросила</f><m>спросил</m><n>спросило</n>...	Well now that you mention it...
Conversations/Tutorial Dialogue/misc_quest_lines/gossip_for_elsie_juniper/2	Why? Do you know something?	Pourquoi ? Tu es au courant de quelque chose ?	А что? Ты что-то знаешь?	Why? Do you know something?
Conversations/Tutorial Dialogue/misc_quest_lines/gossip_for_elsie_juniper/3	Some of my most critical potion ingredients have been going missing lately.	Certains ingrédients indispensables pour mes potions ont commencé à disparaître, ces derniers temps.	У меня в последнее время стали пропадать важные ингредиенты для зелий.	Some of my most critical potion ingredients have been going missing lately.
Conversations/Tutorial Dialogue/misc_quest_lines/gossip_for_elsie_juniper/4	At first I thought I must have misplaced them...	Au début, j'ai cru que je les avais mal rangés...	Сначала я думала, что сама их потеряла...	At first I thought I must have misplaced them...
Conversations/Tutorial Dialogue/misc_quest_lines/gossip_for_elsie_juniper/5	But it's starting to seem like they're slipping out of the cauldron all by themselves!	Mais je me suis ensuite rendu compte qu'ils semblaient sortir du chaudron tout seuls !	Но теперь мне начинает казаться, будто они сами выползают из котла!	But it's starting to seem like they're slipping out of the cauldron all by themselves!
Conversations/Tutorial Dialogue/misc_quest_lines/gossip_for_elsie_juniper/6	That's not supposed to happen, normally.	Et ça n'est pas censé se produire, en théorie.	Обычно так не должно происходить.	That's not supposed to happen, normally.
Conversations/Tutorial Dialogue/misc_quest_lines/gossip_for_elsie_juniper/7	I had no choice but to trade =Balor= some of those =Rubies= he likes so much in order to restock my supply.	Je n'ai pas eu d'autre choix que d'offrir à =Balor= quelques-uns de ces =rubis= qu'il aime tant pour reconstituer mes réserves.	Мне пришлось продать =Балору= его любимые =рубины=, чтобы пополнить запасы.	I had no choice but to trade =Balor= some of those =Rubies= he likes so much in order to restock my supply.
Conversations/Tutorial Dialogue/misc_quest_lines/gossip_for_elsie_juniper/8	Slimy business, all around.	C'est plutôt louche, si tu veux mon avis.	Какое-то ужасно скользкое дело.	Slimy business, all around.
Conversations/Tutorial Dialogue/misc_quest_lines/gossip_for_elsie_juniper/init	Oh, [Ari]. Do you need something?	Oh, [Ari]. Tu veux quelque chose ?	Ой, [Ari]. Тебе что-то нужно?	Oh, [Ari]. Do you need something?
Conversations/Tutorial Dialogue/misc_quest_lines/gossip_for_elsie_juniper/init/prompts/0	I'm in dire need of gossip, got any for me?	J'ai très envie d'entendre les derniers potins. Tu as quelque chose à me raconter ?	Мне срочно нужны сплетни. У тебя не найдётся?	I'm in dire need of gossip, got any for me?
Conversations/Tutorial Dialogue/misc_quest_lines/gossip_for_elsie_juniper/init/prompts/1	Anything interesting happen around the Bathhouse lately?	Il se passe des choses intéressantes aux bains, ces temps-ci ?	В купальне в последнее время не случалось чего-нибудь необычного?	Anything interesting happen around the Bathhouse lately?
Conversations/Tutorial Dialogue/misc_quest_lines/gossip_for_elsie_turn_in/1	Ohhh trading some ill-gotten goods for candy, you say? How scandalous.	Oooh, elle échange des produits obtenus de manière douteuse contre des sucreries ? En voilà un scandale !	Ого... Выходит, она обменивает товары сомнительного происхождения на сладкое! Какое скандальное занятие.	Ohhh trading some ill-gotten goods for candy, you say? How scandalous.
Conversations/Tutorial Dialogue/misc_quest_lines/gossip_for_elsie_turn_in/10	I'm happy to share any tidbits I've picked up!	Je serai moi aussi heureuse de te raconter ce que j'entendrai !	Я с радостью поделюсь самыми лакомыми кусочками, что я слышала!	I'm happy to share any tidbits I've picked up!
Conversations/Tutorial Dialogue/misc_quest_lines/gossip_for_elsie_turn_in/2	$Dell$ does love her =Chocolate=!	$Dell$ raffole en effet de =chocolat= !	$Делл$ на всё пойдёт ради =шололада=!	$Dell$ does love her =Chocolate=!
Conversations/Tutorial Dialogue/misc_quest_lines/gossip_for_elsie_turn_in/3	But what would her mother think of all this...?	Mais que dirait sa mère de tout cela...?	Но что на этот счёт сказала бы её мать?..	But what would her mother think of all this...?
Conversations/Tutorial Dialogue/misc_quest_lines/gossip_for_elsie_turn_in/5	My my! So you're telling me those little creatures are SUPPOSED to be swimming around in that cauldron of hers?	Bonté divine ! Tu es en train de me dire que ces petites bêtes sont réellement censées nager dans son chaudron ?	Ну и ну! Ты хочешь сказать, что эти мелкие твари плавают в этом котле НАРОЧНО?	My my! So you're telling me those little creatures are SUPPOSED to be swimming around in that cauldron of hers?
Conversations/Tutorial Dialogue/misc_quest_lines/gossip_for_elsie_turn_in/6	I always assumed the damp attracted them in...	J'ai toujours cru que c'était l'humidité qui les attirait...	Я всегда думала, что их привлекает влажность...	I always assumed the damp attracted them in...
Conversations/Tutorial Dialogue/misc_quest_lines/gossip_for_elsie_turn_in/7	But it turns out that $Juniper$ is just fond of =Newts=! Who would have guessed?	Mais en réalité, $Juniper$ raffole des =tritons= ! Qui l'eût cru ?	А оказывается, $Джунипер$ просто любит =тритонов=! Кто бы мог подумать?	But it turns out that $Juniper$ is just fond of =Newts=! Who would have guessed?
Conversations/Tutorial Dialogue/misc_quest_lines/gossip_for_elsie_turn_in/8	This chat has been most delightful.	Cette discussion a été agréable.	Наша беседа доставляет мне немалое удовольствие.	This chat has been most delightful.
Conversations/Tutorial Dialogue/misc_quest_lines/gossip_for_elsie_turn_in/9	If you're ever in the mood for a bit of daily gossip, do stop by.	Si jamais tu as d'autres potins à partager, n'hésite pas à passer.	Если когда-нибудь захочешь послушать сплетни, подходи ко мне.	If you're ever in the mood for a bit of daily gossip, do stop by.
Conversations/Tutorial Dialogue/misc_quest_lines/gossip_for_elsie_turn_in/init	[Ari]! You answered my request? I'm so glad someone else in Mistria loves to hear a good bit of gossip!	[Ari] ! Tu viens pour ma requête ? Je suis si contente de constater que quelqu'un d'autre aime les potins, à Mistria !	[Ari]! Ты <p>выполнили</p><f>выполнила</f><m>выполнил</m><n>выполнило</n> мою просьбу? Как я рада, что мне не одной в Мистрии интересны сплетни!	[Ari]! You answered my request? I'm so glad someone else in Mistria loves to hear a good bit of gossip!
Conversations/Tutorial Dialogue/misc_quest_lines/gossip_for_elsie_turn_in/init/prompts/0	You're not going to believe what Dell's been doing...	Tu ne croiras jamais ce que Dell a fait...	Вы не поверите, чем занимается Делл...	You're not going to believe what Dell's been doing...
Conversations/Tutorial Dialogue/misc_quest_lines/gossip_for_elsie_turn_in/init/prompts/1	Apparently Juniper has a newt problem...	Apparemment, Juniper a un problème de tritons...	Оказывается, у Джунипер проблема с тритонами...	Apparently Juniper has a newt problem...
Conversations/Tutorial Dialogue/misc_quest_lines/greet_the_townsfolk_turn_in/init	You finished meeting everyone in town? That's wonderful! Congratulations on completing your first $Request$. Here's your reward!	Tu as fait la connaissance de tout le monde ? Merveilleux ! Tu as fini ta première $requête$, félicitations. Voici ta récompense !	Ты <p>познакомились</p><f>познакомилась</f><m>познакомился</m><n>познакомилось</n> со всеми в городе? Чудесно! Поздравляю с первым выполненным $прошением$. Вот твоя награда!	You finished meeting everyone in town? That's wonderful! Congratulations on completing your first $Request$. Here's your reward!
Conversations/Tutorial Dialogue/misc_quest_lines/greet_the_vendors_turn_in/init	Thanks [Ari]! Isn't the market great? Here's your reward, you can buy something from your favorite stall!	Merci [Ari] ! Le marché est formidable, non ? Tiens, prends ta récompense, tu pourras t'acheter ce que tu veux sur ton stand préféré !	Спасибо, [Ari]! Хороший у нас базар, правда? Вот вознаграждение. Если тебе что-то приглянулось в одной из лавок, можешь сходить и купить!	Thanks [Ari]! Isn't the market great? Here's your reward, you can buy something from your favorite stall!
Conversations/Tutorial Dialogue/misc_quest_lines/meet_the_new_vendors_turn_in/1	Here's a little thank you again for all your hard work. Why not spend it at one of the new vendor's booths?			Here's a little thank you again for all your hard work. Why not spend it at one of the new vendor's booths?
Conversations/Tutorial Dialogue/misc_quest_lines/meet_the_new_vendors_turn_in/init	Hey [Ari]! I take it you met our newest vendors.			Hey [Ari]! I take it you met our newest vendors.
Conversations/Tutorial Dialogue/register/register_0/1	Speaking of which, have you seen Balor around?	D'ailleurs, tu n'aurais pas vu Balor, dans le coin ?	Кстати об этом, ты не <p>видели</p><f>видела</f><m>видел</m><n>видело</n> Балора?	Speaking of which, have you seen Balor around?
Conversations/Tutorial Dialogue/register/register_0/init	If no one's around, don't worry about it, we'll put it on your tab!	S'il n'y a personne, ne t'en fais pas, ça sera ajouté à ton ardoise !	Если рядом никого нет, не волнуйся. Мы просто запишем на твой счёт!	If no one's around, don't worry about it, we'll put it on your tab!
Conversations/Tutorial Dialogue/register/register_1/1	Between you and me, you do NOT want to be in debt to Nora.	Entre nous, mieux vaut ne pas avoir de dette envers Nora.	По секрету скажу: быть в долгу у Норы ПРАВДА страшно.	Between you and me, you do NOT want to be in debt to Nora.
Conversations/Tutorial Dialogue/register/register_1/init	If no one's at the counter, you can just leave your tesserae on the counter.	S'il n'y a personne, tu peux laisser tes tesserae sur le comptoir.	Если за прилавком никого нет, можешь просто оставить тессеры на прилавке.	If no one's at the counter, you can just leave your tesserae on the counter.
Conversations/Tutorial Dialogue/register/register_2/1	And besides, I know where you live.	Et puis, je sais où tu habites...	К тому же я знаю, где ты живёшь.	And besides, I know where you live.
Conversations/Tutorial Dialogue/register/register_2/init	The register's always open, even if no one's around... the town works on an honor system!	La caisse est toujours ouverte, même s'il n'y a personne... En ville, tout fonctionne à la confiance !	Касса всегда открыта, даже если рядом никого нет... Наш город держится на честности!	The register's always open, even if no one's around... the town works on an honor system!
