key	english	french	russian	bulgarian
Conversations/Bank/Olric/Banked Lines/bar_work/bar_work/init	I'm working the bar today! Let me know if I can get you anything, pal!	Je suis derrière le bar, aujourd'hui ! Si tu veux quelque chose, n'hésite pas à demander !	Сегодня я за барной стойкой! Говори, что тебе налить, дружище!	I'm working the bar today! Let me know if I can get you anything, pal!
Conversations/Bank/Olric/Banked Lines/basement/basement_1/init	Whoa, it's [Ari]! Nice!	Tiens, mais c'est [Ari] ! Génial !	Ого, это же [Ari]! Круто!	Whoa, it's [Ari]! Nice!
Conversations/Bank/Olric/Banked Lines/bathhouse/bathhouse/init	Juniper said I can't swim laps in the bath anymore...	Juniper m'a dit d'arrêter de faire des longueurs, quand je suis aux bains...	Джунипер сказала, что мне больше нельзя плавать кругами в купальне...	Juniper said I can't swim laps in the bath anymore...
Conversations/Bank/Olric/Banked Lines/bathhouse/bathhouse_2/1	Or as I like to call it, the splash capital of Mistria!	Ou plutôt, comme je les appelle, au parc aquatique de Mistria !	Или, как я её называю, в столицу брызг Мистрии!	Or as I like to call it, the splash capital of Mistria!
Conversations/Bank/Olric/Banked Lines/bathhouse/bathhouse_2/init	Oh, hey [Ari]! Welcome to the Bathhouse!	Tiens, [Ari] ! Bienvenue aux bains !	О, привет, [Ari]! Добро пожаловать в купальню!	Oh, hey [Ari]! Welcome to the Bathhouse!
Conversations/Bank/Olric/Banked Lines/bathhouse/bathhouse_3/1	One... two... three... SWEAT!	Un... deux... trois... EXERCICE !	Раз... два... три... ПОТЕЕМ!	One... two... three... SWEAT!
Conversations/Bank/Olric/Banked Lines/bathhouse/bathhouse_3/init	Hey, [Ari]! Are you also here to sweat it out? Let's do it on the count of three!	Salut, [Ari] ! Tu viens faire un peu d'exercice, toi aussi ? On commence à trois !	Привет, [Ari]! Ты тоже <p>пришли</p><f>пришла</f><m>пришёл</m><n>пришло</n> попотеть? Давай на счёт три!	Hey, [Ari]! Are you also here to sweat it out? Let's do it on the count of three!
Conversations/Bank/Olric/Banked Lines/bathhouse/bathhouse_4/1	I'm just lucky there aren't any whirlpools in the Bathhouse. That's how I got super lost that one time!	Par contre, j'ai de la chance qu'il n'y ait pas de tourbillons, ici. C'est comme ça que je me suis retrouvé complètement perdu !	Хорошо, что в купальне нет водоворотов. Я однажды из-за такого серьёзно заблудился!	I'm just lucky there aren't any whirlpools in the Bathhouse. That's how I got super lost that one time!
Conversations/Bank/Olric/Banked Lines/bathhouse/bathhouse_4/init	Soaking in the bath reminds me of when I found an underground spring in the Mines.	Quand je prends un bain, ça me rappelle la fois où j'avais découvert une source souterraine dans la mine.	Когда я отмокаю в ванне, сразу вспоминаю подземные источники в шахтах.	Soaking in the bath reminds me of when I found an underground spring in the Mines.
Conversations/Bank/Olric/Banked Lines/bed/bed/init	Oh, hey [Ari]! Is this like a sleepover?	Tiens, [Ari] ! Tu passes la nuit ici ?	О, привет, [Ari]! Это что, типа ночёвки?	Oh, hey [Ari]! Is this like a sleepover?
Conversations/Bank/Olric/Banked Lines/big_swing/big_swing/init	Hey [Ari]! Watch yourself, I've got a big swing.	Hé, [Ari] ! Fais attention, je fais des mouvements amples.	Эй, [Ari]! Осторожнее, у меня размах большой.	Hey [Ari]! Watch yourself, I've got a big swing.
Conversations/Bank/Olric/Banked Lines/big_swing/big_swing_2/init	Oh, make a little room [Ari]... I've got a wide swing.	Oh, fais-moi un peu de place, [Ari]... J'ai besoin d'espace pour mes mouvements !	Эй, [Ari]... чуть места дай, у меня широкий размах.	Oh, make a little room [Ari]... I've got a wide swing.
Conversations/Bank/Olric/Banked Lines/blacksmith_register_1/blacksmith_register_1/init	Hey [Ari]! March did some pretty nice metalworking last week, I hope you'll take a look!	Salut, [Ari] ! March a bien travaillé la semaine dernière, j'espère que tu jetteras un œil à sa marchandise !	Эй, [Ari]! Март недавно сделал крутые штуки из металла, глянь!	Hey [Ari]! March did some pretty nice metalworking last week, I hope you'll take a look!
Conversations/Bank/Olric/Banked Lines/blacksmith_register_10/blacksmith_register_10/1	You're so nice!	C'est super sympa !	Спасибо за заботу!	You're so nice!
Conversations/Bank/Olric/Banked Lines/blacksmith_register_10/blacksmith_register_10/init	Hey [Ari]! Did you come all the way over in the cold just to say hey?	Salut [Ari] ! Tu as bravé ce froid juste pour venir dire bonjour ?	Привет, [Ari]! Ты <p>пришли</p><f>пришла</f><m>пришёл</m><n>пришло</n> сюда по морозу, чтобы поздороваться?	Hey [Ari]! Did you come all the way over in the cold just to say hey?
Conversations/Bank/Olric/Banked Lines/blacksmith_register_2/blacksmith_register_2/init	Feel free to pick anything up and take a closer look! March's metalwork is the best in Mistria.	N'hésite pas à prendre ce que tu veux pour regarder de plus près ! March est le meilleur forgeron de Mistria.	Можешь рассматривать всё поближе! Металлические работы Марта — лучшие в Мистрии.	Feel free to pick anything up and take a closer look! March's metalwork is the best in Mistria.
Conversations/Bank/Olric/Banked Lines/blacksmith_register_3/blacksmith_register_3/init	Don't mind me, [Ari], I'm just thinking about rocks back here. Let me know if you need something!	Ne t'occupe pas de moi, [Ari]. Je suis juste en train de penser à des cailloux dans mon coin. Si tu as besoin de quoi que ce soit, fais-moi signe !	Не обращай внимания, [Ari], я тут просто думаю о камнях. Скажи, если что-то нужно!	Don't mind me, [Ari], I'm just thinking about rocks back here. Let me know if you need something!
Conversations/Bank/Olric/Banked Lines/blacksmith_register_4/blacksmith_register_4/init	Check out our inventory, [Ari]! March worked hard on it!	Regarde ce qu'on a en stock, [Ari] ! March a sué sang et eau là-dessus !	Глянь наш ассортимент, [Ari]! Март над ним так старался!	Check out our inventory, [Ari]! March worked hard on it!
Conversations/Bank/Olric/Banked Lines/blacksmith_register_5/blacksmith_register_5/init	I just got done organizing our inventory! Take a look!	Je viens de ranger nos marchandises. Jette donc un œil !	Я только что закончил разбирать инвентарь! Посмотри!	I just got done organizing our inventory! Take a look!
Conversations/Bank/Olric/Banked Lines/blacksmith_register_6/blacksmith_register_6/init	Looking for some new tools, [Ari]? We've got a lot to choose from!	Tu as besoin de nouveaux outils, [Ari] ? On a plein de choses à te proposer !	Ищешь новые инструменты, [Ari]? У нас большой выбор!	Looking for some new tools, [Ari]? We've got a lot to choose from!
Conversations/Bank/Olric/Banked Lines/blacksmith_register_7/blacksmith_register_7/1	Especially if you want a high-five!	Surtout si on fait un check !	Особенно, если хочешь пятюню!	Especially if you want a high-five!
Conversations/Bank/Olric/Banked Lines/blacksmith_register_7/blacksmith_register_7/init	I'm totally here to help, [Ari]! Even if you want a high-five!	Je suis là pour répondre au moindre de tes besoins, [Ari] ! Même si c'est juste pour faire un check !	Я всегда готов помочь, [Ari]! Даже если просто хочешь пятюню!	I'm totally here to help, [Ari]! Even if you want a high-five!
Conversations/Bank/Olric/Banked Lines/blacksmith_register_8/blacksmith_register_8/1	I guess he's just looking out for his big bro.	Ça doit être sa façon de prendre soin de son grand frère.	Заботится о своём старшем бро.	I guess he's just looking out for his big bro.
Conversations/Bank/Olric/Banked Lines/blacksmith_register_8/blacksmith_register_8/init	I almost got my finger with the hammer, so March sent me inside to work the counter.	J'ai failli m'aplatir un doigt avec le marteau, alors March m'a dit de m'occuper du magasin.	Я чуть не попал себе молотом по пальцу, поэтому Март отправил меня стоять за прилавком.	I almost got my finger with the hammer, so March sent me inside to work the counter.
Conversations/Bank/Olric/Banked Lines/blacksmith_register_9/blacksmith_register_9/1	Looking preeeetty good, right?	C'est que de la qualité, hein ?	Красиво смотрятся, да?	Looking preeeetty good, right?
Conversations/Bank/Olric/Banked Lines/blacksmith_register_9/blacksmith_register_9/init	Are you here to check out the tools we've got on display?	Tu viens voir les outils qu'on propose ?	Хочешь посмотреть на нашу витрину с инструментами?	Are you here to check out the tools we've got on display?
Conversations/Bank/Olric/Banked Lines/breakfast/breakfast/init	Hey [Ari]! Happy breakfast!	Bonjour, [Ari] ! Profite bien du petit-déjeuner !	Эй, [Ari]! С добрым утром!	Hey [Ari]! Happy breakfast!
Conversations/Bank/Olric/Banked Lines/bro/bro/init	[Ari], you're so cool! You're like my bro... but more than that... it's like we're double bros. Yeah.	[Ari], tu es vraiment quelqu'un de super cool. Au moins autant que mon frère... C'est dire, vu que mon frère est vraiment quelqu'un de super cool.	[Ari], ты <p>такие крутые</p><f>такая крутая</f><m>такой крутой</m><n>такое крутое</n>! Прямо бро, и даже больше... вдвойне бро. Да, типа того.	[Ari], you're so cool! You're like my bro... but more than that... it's like we're double bros. Yeah.
Conversations/Bank/Olric/Banked Lines/buff_cabbage/buff_cabbage/init	March says greens are important for my gains, but I've never seen a buff cabbage before. Don't worry, I'm eating everything...	March dit que les légumes, c'est bon pour les muscles, pourtant je n'ai jamais vu un chou devenir costaud. Mais ne t'en fais pas, je mange de tout...	Март говорит, что зелень важна для роста мышц, но я никогда не видел накачанную капусту. Не волнуйся, я ем всё...	March says greens are important for my gains, but I've never seen a buff cabbage before. Don't worry, I'm eating everything...
Conversations/Bank/Olric/Banked Lines/cleaning_forge/cleaning_forge/init	It's just me cleaning up the forge today... I wanted to make sure March could make the most of his day. That's the big bro code!	Je suis seul pour nettoyer la forge, aujourd'hui... Je voulais que March profite un peu de sa journée. C'est un truc de grand frère, tu comprends !	Сегодня я один убираюсь в кузнице... Хотел, чтобы Март поработал как следует. Это кодекс старшего бро!	It's just me cleaning up the forge today... I wanted to make sure March could make the most of his day. That's the big bro code!
Conversations/Bank/Olric/Banked Lines/cloud/cloud/init	You ever just look at a cloud and wonder how it's doing?	Il t'arrive d'observer un nuage et de te demander comment il flotte comme ça ?	Ты когда-нибудь смотришь на облако и думаешь, как оно там?	You ever just look at a cloud and wonder how it's doing?
Conversations/Bank/Olric/Banked Lines/drinks/drinks/1	Is that true, bro?	Puisqu'on est amis, toi et moi, dis-moi si c'est vrai !	Это правда, бро?	Is that true, bro?
Conversations/Bank/Olric/Banked Lines/drinks/drinks/init	March and Ryis said it takes me three drinks before I start calling everyone bro!	D'après March et Ryis, après trois verres, tout le monde devient mon ami !	Март и Риз сказали, что после трёх кружек я начинаю называть всех «бро»!	March and Ryis said it takes me three drinks before I start calling everyone bro!
Conversations/Bank/Olric/Banked Lines/drinks/drinks_2/1	He says drinks are sacred, but the body is sacred too! I need my protein, bro!	Il dit que les boissons, c'est sacré, mais le corps l'est aussi. J'ai besoin de mes protéines, moi !	Он говорит, что напитки священны. Но тело тоже священно, бро! Мне нужны протеины!	He says drinks are sacred, but the body is sacred too! I need my protein, bro!
Conversations/Bank/Olric/Banked Lines/drinks/drinks_2/init	Hemlock always lets me make my protein shakes at the bar, but on the condition that I don't tell him what goes into them.	Hemlock me laisse toujours préparer mes boissons protéinées au bar, à condition que je ne lui parle pas de la composition.	Хемлок разрешает мне готовить себе протеиновые коктейли у него в баре, но при условии, что я не расскажу, что в них кладу.	Hemlock always lets me make my protein shakes at the bar, but on the condition that I don't tell him what goes into them.
Conversations/Bank/Olric/Banked Lines/dry_boots/dry_boots/init	[Ari]! Thanks for coming by! Hang out by the forge a while and dry off your boots!	C'est sympa de passer me voir, [Ari] ! Profites-en pour faire sécher tes chaussures près de la forge !	[Ari]! Спасибо, что <p>зашли</p><f>зашла</f><m>зашёл</m><n>зашло</n>! Побудь у горна, погрей ботинки!	[Ari]! Thanks for coming by! Hang out by the forge a while and dry off your boots!
Conversations/Bank/Olric/Banked Lines/errol_calling/errol_calling/1	Sounds like he found his calling! I'm happy for that dude!	Je dirais même qu'il a trouvé sa vocation ! Il le mérite vraiment !	Похоже, он нашёл своё дело! Я за него рад!	Sounds like he found his calling! I'm happy for that dude!
Conversations/Bank/Olric/Banked Lines/errol_calling/errol_calling/init	I'm sure glad Errol found something to do after the Mines closed down.	Je suis bien content qu'Errol ait trouvé autre chose à faire, après la fermeture des mines.	Я рад, что Эррол нашёл, чем заняться после закрытия шахты.	I'm sure glad Errol found something to do after the Mines closed down.
Conversations/Bank/Olric/Banked Lines/evening_jog/evening_jog/init	Maybe I'll go for another run... it's a nice evening for it.	Je vais peut-être faire un autre petit footing... C'est la soirée parfaite pour ça.	Может, пробегусь ещё разок... вечер для этого отличный.	Maybe I'll go for another run... it's a nice evening for it.
Conversations/Bank/Olric/Banked Lines/extra_walking/extra_walking/init	You're really active, [Ari]! You've walked around Mistria more than anyone. Big respect!	Tu ne t'arrêtes jamais, [Ari] ! Tu as arpenté Mistria plus que n'importe qui ici. Respect !	Ты <p>такие активные</p><f>такая активная</f><m>такой активный</m><n>такое активное</n>, [Ari]! Ты уже <p>исходили</p><f>исходила</f><m>исходил</m><n>исходило</n> Мистрию больше всех. Уважаемо!	You're really active, [Ari]! You've walked around Mistria more than anyone. Big respect!
Conversations/Bank/Olric/Banked Lines/fall/fall/1	Makes you think.	Ça donne à réfléchir.	Есть над чем задуматься.	Makes you think.
Conversations/Bank/Olric/Banked Lines/fall/fall/init	Fall makes the leaves change color, but rocks stay the same.	En automne, les feuilles changent de couleur, mais les pierres gardent la même couleur.	Осень заставляет листья менять цвет, а камни остаются прежними.	Fall makes the leaves change color, but rocks stay the same.
Conversations/Bank/Olric/Banked Lines/fall/fall_2/1	And citrine. And carmine!	Et à de la citrine. Et à du carmin, aussi !	И цитрин. И кармин!	And citrine. And carmine!
Conversations/Bank/Olric/Banked Lines/fall/fall_2/init	Fall makes all the leaves look like agate.	En automne, toutes les feuilles ressemblent à de l'agate.	Осенью листва похожа на агат.	Fall makes all the leaves look like agate.
Conversations/Bank/Olric/Banked Lines/favorite_rock/favorite_rock/1	I was trying to decide on my favorite rock. It's a tough choice!	J'étais en train d'essayer de décider quelle est ma pierre préférée. Le choix est difficile !	Я пытался решить, какой камень мой любимый. Сложный выбор!	I was trying to decide on my favorite rock. It's a tough choice!
Conversations/Bank/Olric/Banked Lines/favorite_rock/favorite_rock/init	Oh, hey [Ari]! Sorry, I was distracted.	Bonjour, [Ari] ! Excuse-moi, j'avais la tête ailleurs.	О, привет, [Ari]! Прости, отвлёкся.	Oh, hey [Ari]! Sorry, I was distracted.
Conversations/Bank/Olric/Banked Lines/forge_work/forge_work/init	I can help with the simple jobs, but I let March deal with the complicated stuff. He's got a good eye for all that.	Je peux m'occuper des tâches simples, mais je laisse March gérer les trucs compliqués. Il est meilleur que moi pour ça.	Я могу помогать с простыми задачами, но сложное оставляю Марту. У него глаз на это наметан.	I can help with the simple jobs, but I let March deal with the complicated stuff. He's got a good eye for all that.
Conversations/Bank/Olric/Banked Lines/forge_work/forge_work_2/1	I'm glad he's here to keep the forge going!	Je suis bien content qu'il soit là pour faire tourner la boutique !	Хорошо, что он держит кузницу!	I'm glad he's here to keep the forge going!
Conversations/Bank/Olric/Banked Lines/forge_work/forge_work_2/init	I don't mind helping out once in a while, but March is the real mastermind blacksmith.	Je l'aide de temps en temps, mais c'est March qui a toutes les idées.	Мне не трудно помогать иногда, но настоящий мастер — это Март.	I don't mind helping out once in a while, but March is the real mastermind blacksmith.
Conversations/Bank/Olric/Banked Lines/forgot/forgot/init	Hey [Ari]! Did you also forget where you're going?	Salut, [Ari] ! Toi aussi tu as oublié où tu devais aller ?	Эй, [Ari]! Ты тоже <p>забыли, куда шли</p><f>забыла, куда шла</f><m>забыл, куда шёл</m><n>забыло, куда шло</n>?	Hey [Ari]! Did you also forget where you're going?
Conversations/Bank/Olric/Banked Lines/free_water/free_water/1	But trust me. Don't drink it.	Par contre, un conseil... Évite de la boire.	Но поверь мне. Не пей её.	But trust me. Don't drink it.
Conversations/Bank/Olric/Banked Lines/free_water/free_water/init	The first time I went to the Beach, I was like wow! Look at all this free water!	La première fois que je suis allé à la plage et que j'ai vu toute cette eau gratuite, je n'en ai pas cru mes yeux !	Когда я впервые пришёл на пляж, я такой: «вау! Сколько бесплатной воды!»	The first time I went to the Beach, I was like wow! Look at all this free water!
Conversations/Bank/Olric/Banked Lines/friday/friday/init	I love seeing everyone on Friday! It's the best day of the week!	J'adore retrouver tout le monde, le vendredi ! C'est mon jour préféré de la semaine !	Обожаю видеть всех по пятницам! Это лучший день недели!	I love seeing everyone on Friday! It's the best day of the week!
Conversations/Bank/Olric/Banked Lines/general_store_register_1/general_store_register_1/1	Hanging out with food all day is great!	J'adore être entouré de nourriture toute la journée.	Быть рядом с едой весь день — это здорово!	Hanging out with food all day is great!
Conversations/Bank/Olric/Banked Lines/general_store_register_1/general_store_register_1/init	Hey [Ari]! I picked up a shift at the General Store.	Bonjour [Ari] ! Je me suis proposé pour faire quelques heures au magasin général.	Эй, [Ari]! Я сегодня подрабатываю в лавке.	Hey [Ari]! I picked up a shift at the General Store.
Conversations/Bank/Olric/Banked Lines/general_store_register_2/general_store_register_2/init	I'm working the General Store today! It's kinda fun being out here with all the action!	Je donne un coup de main au magasin général, aujourd'hui ! J'aime bien être au cœur de l'action.	Сегодня я в лавке! Прикольно быть тут, где столько движухи!	I'm working the General Store today! It's kinda fun being out here with all the action!
Conversations/Bank/Olric/Banked Lines/general_store_work/general_store_work/1	Um, except for puns. You gotta ask Holt for that.	Enfin, sauf pour les jeux de mots. Adresse-toi plutôt à Holt.	Только если это не шутки. За ними к Хольту.	Um, except for puns. You gotta ask Holt for that.
Conversations/Bank/Olric/Banked Lines/general_store_work/general_store_work/init	Hey! I'm on call here at the General Store, so let me know if I can help with anything!	Bonjour ! C'est moi qui tiens le magasin, alors si tu as besoin d'aide ou de conseils, n'hésite pas !	Эй! Я сегодня на смене в лавке, так что дай знать, если нужно что-то!	Hey! I'm on call here at the General Store, so let me know if I can help with anything!
Conversations/Bank/Olric/Banked Lines/general_store_work/general_store_work_2/init	Hey [Ari]! I picked up a shift at the General Store. Turns out moving produce is a great workout, too!	Salut, [Ari] ! Je fais quelques heures au magasin général. C'est un bon entraînement de mettre toutes ces marchandises en rayon !	Эй, [Ari]! Я сегодня в лавке. Перетаскивать овощи — тоже неплохая тренировка!	Hey [Ari]! I picked up a shift at the General Store. Turns out moving produce is a great workout, too!
Conversations/Bank/Olric/Banked Lines/general_store_work/general_store_work_3/init	Fruits and vegetables! That's the good stuff.	Les fruits et les légumes, c'est bon pour la santé !	Фрукты и овощи! Вот это я понимаю!	Fruits and vegetables! That's the good stuff.
Conversations/Bank/Olric/Banked Lines/general_store_work/general_store_work_4/1	Just kidding, it's Olric. And I love rocks!	Je rigole, c'est Olric. Et mon truc, c'est les pierres.	Шучу, это Ольрик. И я люблю камни!	Just kidding, it's Olric. And I love rocks!
Conversations/Bank/Olric/Banked Lines/general_store_work/general_store_work_4/init	I love flowers! It's me, Celine!	C'est moi, Céline. J'adore les fleurs !	Обожаю цветы! Это я, Селин!	I love flowers! It's me, Celine!
Conversations/Bank/Olric/Banked Lines/general_store_work/general_store_work_5/1	We also got some boring stuff...	Mais aussi plein de trucs sans aucun intérêt...	И ещё куча скучных штук...	We also got some boring stuff...
Conversations/Bank/Olric/Banked Lines/general_store_work/general_store_work_5/2	And some stuff that isn't either! Take a look!	Et puis aussi d'autres trucs qui ne sont ni l'un ni l'autre. Jette un œil !	И ещё каких-то непонятных штук! Зацени!	And some stuff that isn't either! Take a look!
Conversations/Bank/Olric/Banked Lines/general_store_work/general_store_work_5/init	We got all kinds of cool stuff, [Ari]!	Il y a plein de trucs géniaux en stock, [Ari] !	У нас тут куча классных штук, [Ari]!	We got all kinds of cool stuff, [Ari]!
Conversations/Bank/Olric/Banked Lines/general_store_work/general_store_work_6/init	Are you shopping, [Ari]? We got some seriously cool fruits and vegetables.	Tu as des courses à faire, [Ari] ? On a des fruits et des légumes tip top.	Покупаешь что-то, [Ari]? У нас тут реально крутые фрукты и овощи.	Are you shopping, [Ari]? We got some seriously cool fruits and vegetables.
Conversations/Bank/Olric/Banked Lines/greeting_ari/greeting_ari/1	That's super cool. Nice to meet you, [Ari]! The name's Olric. My brother and I live at the $Blacksmith's$. I hope we can be friends!	C'est super sympa. Enchanté de faire ta connaissance, [Ari] ! Moi, c'est Olric. Mon frère et moi habitons à la $forge$. J'espère qu'on s'entendra bien !	Это суперкруто. Рад знакомству, [Ari]! Я Ольрик. Мы с братом живём у $кузницы$. Надеюсь, мы подружимся!	That's super cool. Nice to meet you, [Ari]! The name's Olric. My brother and I live at the $Blacksmith's$. I hope we can be friends!
Conversations/Bank/Olric/Banked Lines/greeting_ari/greeting_ari/init	Woah! Are you the new farmer everyone's been talking about? The one who's come to help out the town?	Hé ! C'est toi <she>la nouvelle fermière dont tout le monde parle ?</she><he>le nouveau fermier dont tout le monde parle ?</he><they>la personne venue reprendre la ferme et dont tout le monde parle ?</they> Tu es là pour aider à remettre la ville en état ?	Ух ты! Ты, должно быть, <p>фермер, о которых</p><f>фермерка, о которой</f><m>фермер, о котором</m><n>фермер, о которых</n> все говорят. <p>Которые решили</p><f>Которая решила</f><m>Который решил</m><n>Которое решило</n> помочь городу?	Woah! Are you the new farmer everyone's been talking about? The one who's come to help out the town?
Conversations/Bank/Olric/Banked Lines/happy_winter/happy_winter/init	Happy winter, [Ari]! Let me know if I can help with anything.	J'espère que tu passes un bel hiver, [Ari] ! Si tu as besoin d'un conseil, dis-le-moi.	Счастливой зимы, [Ari]! Скажи, если что-то нужно.	Happy winter, [Ari]! Let me know if I can help with anything.
Conversations/Bank/Olric/Banked Lines/hard_work/hard_work/init	March always works hard, so I've got to work hard too!	March travaille toujours d'arrache-pied, alors je dois travailler dur moi aussi !	Март всегда так много работает, так что и я должен пахать!	March always works hard, so I've got to work hard too!
Conversations/Bank/Olric/Banked Lines/helping_march_in_morning/helping_march_in_morning/init	Morning [Ari]! I'm helping March with his work! There's nothing these two brothers can't do! *flex*	Salut [Ari] ! J'aide March avec son travail ! À deux, rien ne peut nous arrêter ! *contracte ses muscles*	Утро, [Ari]! Помогаю Марту с его делами! Эти два брата всё могут! *показывает мускулы*	Morning [Ari]! I'm helping March with his work! There's nothing these two brothers can't do! *flex*
Conversations/Bank/Olric/Banked Lines/hot/hot/init	It got so hot... maybe it's time to break out the short shorts.	Il fait tellement chaud, là... Il est peut-être temps de sortir le short.	Так жарко стало... может, пора доставать короткие шорты.	It got so hot... maybe it's time to break out the short shorts.
Conversations/Bank/Olric/Banked Lines/hot_milk/hot_milk/1	Not a drink drink, though. This is hot milk.	Mais ce n'est pas le genre de boisson à laquelle tu penses. C'est du lait chaud.	Не пью-пью, это просто горячее молоко.	Not a drink drink, though. This is hot milk.
Conversations/Bank/Olric/Banked Lines/hot_milk/hot_milk/init	I'm technically working, but Hemlock and Josephine told me to relax, so I'm having a drink.	En principe, je devrais être en train de travailler, mais Hemlock et Joséphine m'ont dit de faire une pause, alors je bois un coup.	Формально я на смене, но Хемлок и Джозефина сказали расслабиться, так что я пью.	I'm technically working, but Hemlock and Josephine told me to relax, so I'm having a drink.
Conversations/Bank/Olric/Banked Lines/hot_todd/hot_todd/init	Everyone asks for a hot toddy in the winter, but no one will tell me! Who's Hot Todd?	Tout le monde demande un bon vieux grog, en hiver, mais c'est qui Grog ?	Зимой все постоянно хотят горячего тодди, но никто не говорит мне кто же этот горячий Тодд такой!	Everyone asks for a hot toddy in the winter, but no one will tell me! Who's Hot Todd?
Conversations/Bank/Olric/Banked Lines/im_holt/im_holt/1	Nah, just kidding. Let me know if I can help you out with anything, though.	Mais non, je blague. Si je peux t'aider, n'hésite pas.	Шучу. Но если что-то нужно — зови!	Nah, just kidding. Let me know if I can help you out with anything, though.
Conversations/Bank/Olric/Banked Lines/im_holt/im_holt/init	Hey, [Ari]! It's me, Holt! The General Store guy who's always behind the counter! Check out my big mustache!	Hé, [Ari] ! C'est moi, Holt ! Le type avec la grosse moustache qui est toujours derrière le comptoir du magasin général !	Эй, [Ari]! Это я, Хольт! Мужик, который постоянно торчит за прилавком универмага. Посмотри, какие у меня усы!	Hey, [Ari]! It's me, Holt! The General Store guy who's always behind the counter! Check out my big mustache!
Conversations/Bank/Olric/Banked Lines/inn_bar/inn_bar/1	"So far I'm up to ""on the rocks"". That means I add ice!"	Pour le moment, je sais préparer des boissons « frappées ». Ça ne veut pas dire que je leur donne des coups, ça veut dire qu'elles sont bien fraîches !	Пока что я выучил, что, если кто-то просит напиток с камушками, они имеют в виду лёд!	"So far I'm up to ""on the rocks"". That means I add ice!"
Conversations/Bank/Olric/Banked Lines/inn_bar/inn_bar/init	Hemlock and Jo left me in charge of making drinks! I've been practicing.	Hemlock et Jo m'ont confié la préparation des boissons ! C'est un bon entraînement.	Хемлок и Джо оставили меня готовить напитки! Я тренируюсь.	Hemlock and Jo left me in charge of making drinks! I've been practicing.
Conversations/Bank/Olric/Banked Lines/inn_cozy/inn_cozy/init	I really like this place, [Ari]. It's so cozy and stuff.	J'aime beaucoup cet endroit, [Ari]. C'est super confortable, et tout.	Мне тут реально нравится, [Ari]. Так уютно и вообще.	I really like this place, [Ari]. It's so cozy and stuff.
Conversations/Bank/Olric/Banked Lines/inn_drinks/inn_drinks/init	March is kind of a lightweight when it comes to drinking, but people seem to like that.	March ne supporte pas bien l'alcool, mais j'ai l'impression que ça fait rire les gens.	Март быстро хмелеет, когда дело доходот до выпивки. Но людям это нравится.	March is kind of a lightweight when it comes to drinking, but people seem to like that.
Conversations/Bank/Olric/Banked Lines/inn_register_1/inn_register_1/1	And don't worry about ordering too much, I can carry a LOT of food.	Et n'hésite pas à commander beaucoup à manger, je peux mettre plein de choses sur mon plateau !	И не бойся заказывать много: я могу нести ОЧЕНЬ много еды.	And don't worry about ordering too much, I can carry a LOT of food.
Conversations/Bank/Olric/Banked Lines/inn_register_1/inn_register_1/init	Hey, [Ari]! I'm helping out at the Inn today. Now, what can I get you?	Salut, [Ari] ! Je donne un coup de main à l'auberge, aujourd'hui. Alors, qu'est-ce que je te sers ?	Эй, [Ari]! Сегодня помогаю в трактире. Что тебе принести?	Hey, [Ari]! I'm helping out at the Inn today. Now, what can I get you?
Conversations/Bank/Olric/Banked Lines/inn_register_2/inn_register_2/init	Today's special is pretty good, [Ari]. I already had it three times, and it's still pretty special!	Le plat du jour est délicieux, [Ari]. J'en ai déjà pris trois fois, et je ne dirais pas non à une quatrième !	Сегодняшнее блюдо дня — супер, [Ari]. Я уже три порции съел, и всё ещё супер!	Today's special is pretty good, [Ari]. I already had it three times, and it's still pretty special!
Conversations/Bank/Olric/Banked Lines/inn_register_3/inn_register_3/1	Did I say it right?	Quoi ? Je me suis trompé ?	Я правильно сказал?	Did I say it right?
Conversations/Bank/Olric/Banked Lines/inn_register_3/inn_register_3/init	Welcome to the Sleepy Dragoon Inn, [Ari]!	Bienvenue à l'auberge du Dragon qui mord, [Ari] !	Добро пожаловать в трактир «Сонный драгун», [Ari]!	Welcome to the Sleepy Dragoon Inn, [Ari]!
Conversations/Bank/Olric/Banked Lines/inn_work/inn_work/init	Hey [Ari]! Surprised to see me working here? I'm their favorite part-timer!	Salut, [Ari] ! Tu as l'air étonné<he></he><she>e</she><they>·e</they> de me voir travailler ici. Je suis leur employé à temps partiel préféré !	Эй, [Ari]! <p>Удивлены</p><f>Удивлена</f><m>Удивлён</m><n>Удивлено</n>, что я тут работаю? Я их любимый подмастерье!	Hey [Ari]! Surprised to see me working here? I'm their favorite part-timer!
Conversations/Bank/Olric/Banked Lines/inn_work/inn_work_1/1	Hemlock says I make a mean bowl of peanuts.	Hemlock dit que je verse les cacahuètes dans un bol comme un pro.	Хемлок говорит, я круто подаю арахис.	Hemlock says I make a mean bowl of peanuts.
Conversations/Bank/Olric/Banked Lines/inn_work/inn_work_1/init	I'm working at the Inn part-time, [Ari]! Let me know if I can get you anything.	Je fais un temps partiel à l'auberge, [Ari] ! Dis-moi si tu veux manger quelque chose.	Я подрабатываю в трактире, [Ari]! Скажи, если хочешь что-нибудь.	I'm working at the Inn part-time, [Ari]! Let me know if I can get you anything.
Conversations/Bank/Olric/Banked Lines/inn_work/inn_work_2/1	Which is kind of a drink too, if you think about it... woah.	Qui est aussi une espèce de boisson, quand on y pense... waouh.	Хотя суп — это тоже напиток, если подумать... вау.	Which is kind of a drink too, if you think about it... woah.
Conversations/Bank/Olric/Banked Lines/inn_work/inn_work_2/init	What can I get you, [Ari]? We got drinks, hot drinks and hot soup!	Qu'est-ce que je te sers, [Ari] ? On a des boissons fraîches, des boissons chaudes, et de la soupe !	Что принести, [Ari]? У нас есть напитки, горячие напитки и горячий суп!	What can I get you, [Ari]? We got drinks, hot drinks and hot soup!
Conversations/Bank/Olric/Banked Lines/inn_work/inn_work_3/1	I can personally recommend the... everything!	Personnellement, je recommande... à peu près tout !	Я могу лично порекомендовать... всё!	I can personally recommend the... everything!
Conversations/Bank/Olric/Banked Lines/inn_work/inn_work_3/init	Take a look at the menu and let me know if you want anything!	Jette un œil au menu et dis-moi ce que tu veux !	Глянь меню и скажи, что хочешь!	Take a look at the menu and let me know if you want anything!
Conversations/Bank/Olric/Banked Lines/inn_work/inn_work_4/init	Oh, hey [Ari]! I'm on shift, so let me know if you want a meal, a drink, or a high five!	Bonjour [Ari] ! Je suis de service, alors n'hésite pas si tu veux quelque chose à manger, à boire ou juste qu'on fasse un check !	О, привет, [Ari]! Я на смене, так что говори, если нужен обед, напиток или пятюня!	Oh, hey [Ari]! I'm on shift, so let me know if you want a meal, a drink, or a high five!
Conversations/Bank/Olric/Banked Lines/inn_work/inn_work_5/1	I'm doing my best, but these push-ups are going to need to come out at some point.	Je fais de mon mieux, mais il faudra que je fasse quelques pompes à un moment donné.	Я стараюсь, но рано или поздно точно захочу начать отжиматься.	I'm doing my best, but these push-ups are going to need to come out at some point.
Conversations/Bank/Olric/Banked Lines/inn_work/inn_work_5/init	Hemlock said I have to behave professionally when I'm working an inn shift.	Hemlock m'a dit que je devais rester pro jusqu'à la fin de mon service, à l'auberge.	Хемлок сказал, что на смене надо вести себя профессионально.	Hemlock said I have to behave professionally when I'm working an inn shift.
Conversations/Bank/Olric/Banked Lines/inn_work/inn_work_6/1	Like... so much food!	Des... montagnes de nourriture !	Даже... очень много еды!	Like... so much food!
Conversations/Bank/Olric/Banked Lines/inn_work/inn_work_6/init	You hungry? We got food.	Tu as faim ? On a de quoi manger.	<p>Голодный</p><f>Голодная</f><m>Голодный</m><n>Голодное</n>? У нас есть еда.	You hungry? We got food.
Conversations/Bank/Olric/Banked Lines/inn_work/inn_work_7/1	Oh, it's you [Ari]! You live here!	Oh, c'est toi, [Ari] ! Tu vis ici, on dirait.	Ой, это ты, [Ari]! Ты же тут живёшь!	Oh, it's you [Ari]! You live here!
Conversations/Bank/Olric/Banked Lines/inn_work/inn_work_7/init	The Sleeping Dragon Inn welcomes you to Mistria, esteemed guest!	L'auberge du Dragon qui dort vous souhaite la bienvenue, <she>chère cliente</she><he>cher client</he><they>cher·ère client·e</they> !	Трактир «Спящий дракон» рад приветствовать вас в Мистрии, почтенный гость!	The Sleeping Dragon Inn welcomes you to Mistria, esteemed guest!
Conversations/Bank/Olric/Banked Lines/inn_work/inn_work_8/init	[Ari]! You're here, nice. Let me know if I can get you anything, okay?	[Ari] ! C'est sympa de te voir ici. Si tu veux commander quelque chose, n'hésite pas, d'accord ?	[Ari]! Хорошо, что ты <p>зашли</p><f>зашла</f><m>зашёл</m><n>зашло</n>. Скажи, если тебе что-нибудь нужно, ладно?	[Ari]! You're here, nice. Let me know if I can get you anything, okay?
Conversations/Bank/Olric/Banked Lines/inn_work/inn_work_9/init	It's nice to do all these different jobs around town... it really helps me understand what everyone is all about.	J'aime bien faire tout un tas de petits boulots différents en ville... Ça m'aide à comprendre la façon de fonctionner de chacun.	Мне нравится подрабатывать там и сям по городу... Сразу лучше понимаешь, что у кого на уме.	It's nice to do all these different jobs around town... it really helps me understand what everyone is all about.
Conversations/Bank/Olric/Banked Lines/leg_day/leg_day/init	I think I need to change up my routine... I've been skipping leg day too much. From now on, it's ALL legs!	Je crois que je reverrai ma routine... Ça fait longtemps que je n'ai pas travaillé les cuisses. Dorénavant, je mise TOUT sur les cuisses !	Надо менять программу... я слишком часто пропускал день ног. С этого дня — только ноги!	I think I need to change up my routine... I've been skipping leg day too much. From now on, it's ALL legs!
Conversations/Bank/Olric/Banked Lines/lost_in_mines/lost_in_mines/1	That's when I'd find the coolest rocks!	C'est là-bas que je trouvais les plus belles pierres !	Там я находил самые крутые камни!	That's when I'd find the coolest rocks!
Conversations/Bank/Olric/Banked Lines/lost_in_mines/lost_in_mines/init	I used to get lost down in the Mines a lot, but I didn't mind.	Je me perdais très souvent dans les mines, avant, mais ça ne me gênait pas plus que ça.	Я раньше часто терялся в шахтах, но мне это нравилось.	I used to get lost down in the Mines a lot, but I didn't mind.
Conversations/Bank/Olric/Banked Lines/lost_in_mines/lost_in_mines_2/1	These days, I can really enjoy the walk!	Maintenant, j'aime venir m'y balader !	А сейчас, наконец, могу гулять тут без дела.	These days, I can really enjoy the walk!
Conversations/Bank/Olric/Banked Lines/lost_in_mines/lost_in_mines_2/init	I used to come through here all the time, when I worked down in the Mines.	Je venais tout le temps ici quand je travaillais à la mine.	Я часто здесь ходил, когда работал в шахтах.	I used to come through here all the time, when I worked down in the Mines.
Conversations/Bank/Olric/Banked Lines/lost_in_mines/lost_in_mines_3/1	You've probably seen stuff down there that we never did! That's pretty cool.	Tu as dû voir des choses qu'on n'a jamais vues, nous ! C'est vraiment cool.	Ты, наверное, <p>встречали</p><f>встречала</f><m>встречал</m><n>встречало</n> там такие штуки, которых мы никогда не видали! Круто.	You've probably seen stuff down there that we never did! That's pretty cool.
Conversations/Bank/Olric/Banked Lines/lost_in_mines/lost_in_mines_3/init	Even when the Mines were open, Errol and I didn't go too deep.	Même quand la mine était encore en activité, Errol et moi ne descendions jamais trop bas.	Даже до закрытия шахт мы с Эрролом не очень глубоко заходили.	Even when the Mines were open, Errol and I didn't go too deep.
Conversations/Bank/Olric/Banked Lines/lots_of_walking/lots_of_walking/init	Wow [Ari], you do a lot of walking! That's super cool!	Waouh, [Ari], je te vois beaucoup marcher ! C'est vraiment cool !	Вау, [Ari], ты так много ходишь! Это круто!	Wow [Ari], you do a lot of walking! That's super cool!
Conversations/Bank/Olric/Banked Lines/love_outside/love_outside/init	I love trees, [Ari]... they put me all at peace and stuff. Kind of like when I look at cool rocks.	[Ari], j'adore les arbres... Ça m'apaise. Un peu comme quand je regarde des super pierres.	Я люблю деревья, [Ari]... они успокаивают, как крутые камни.	I love trees, [Ari]... they put me all at peace and stuff. Kind of like when I look at cool rocks.
Conversations/Bank/Olric/Banked Lines/manning_the_till/manning_the_till/init	March got called out on a job today, so I'm holding it down until he gets back. Let me know if you need anything, [Ari]!	March s'est absenté pour un boulot, donc je suis sur le pont jusqu'à son retour. Si tu as besoin de quoi que ce soit, n'hésite pas, [Ari].	Март сегодня ушёл на заказ, так что я тут за старшего. Скажи, если что нужно, [Ari]!	March got called out on a job today, so I'm holding it down until he gets back. Let me know if you need anything, [Ari]!
Conversations/Bank/Olric/Banked Lines/manor_grounds/manor_grounds/1	I wonder if I could run laps in here...	Je me demande si je pourrais y faire mon footing...	Интересно, можно ли тут побегать кругами...	I wonder if I could run laps in here...
Conversations/Bank/Olric/Banked Lines/manor_grounds/manor_grounds/init	Lady Adeline always says the Manor grounds are open to everyone, so I thought I'd check it out!	Dame Adeline dit que les jardins du manoir sont ouverts à tous, alors je me suis dit que j'allais y faire un petit tour !	Леди Аделина всегда говорит, что территория особняка открыта для всех, так что я решил заглянуть!	Lady Adeline always says the Manor grounds are open to everyone, so I thought I'd check it out!
Conversations/Bank/Olric/Banked Lines/march_fired_up/march_fired_up/1	Red's his color!	C'est sa couleur préférée !	Красный — его цвет!	Red's his color!
Conversations/Bank/Olric/Banked Lines/march_fired_up/march_fired_up/init	March gets all fired up when the leaves turn red.	Quand les feuilles virent au rouge, March est surexcité !	Март всегда загорается, когда листья становятся красными.	March gets all fired up when the leaves turn red.
Conversations/Bank/Olric/Banked Lines/march_hammer/march_hammer/init	Look at my bro go! No one swings a hammer like him!	Regarde cette économie de gestes ! Personne ne bat le fer comme mon frère !	Смотри, как мой бро работает! Никто так молотом не машет!	Look at my bro go! No one swings a hammer like him!
Conversations/Bank/Olric/Banked Lines/march_post_8h_lines/march_post_8h_ambient/1	He doesn't come out and say it so directly...	Il ne le dira pas ouvertement...	Он не признаётся в этом прямо...	He doesn't come out and say it so directly...
Conversations/Bank/Olric/Banked Lines/march_post_8h_lines/march_post_8h_ambient/2	But it's obviously because of you!	Mais c'est évident que c'est grâce à toi !	Но это точно благодаря тебе!	But it's obviously because of you!
Conversations/Bank/Olric/Banked Lines/march_post_8h_lines/march_post_8h_ambient/init	March seems really happy, lately.	March a l'air heureux ces derniers temps.	Март в последнее время выглядит веселее.	March seems really happy, lately.
Conversations/Bank/Olric/Banked Lines/march_post_8h_lines/march_post_8h_follow_up_helmet/1	He acted like he wasn't sure what you'd like... but he ended up deciding to go with his own idea to make a helmet.	Il disait ne pas trop savoir ce qui te plairait... mais finalement, il est resté sur son idée de fabriquer un casque.	Он говорил, будто сомневается, что тебе понравится... Но в итоге выбрал свою собственную идею сделать шлем.	He acted like he wasn't sure what you'd like... but he ended up deciding to go with his own idea to make a helmet.
Conversations/Bank/Olric/Banked Lines/march_post_8h_lines/march_post_8h_follow_up_helmet/2	I don't get it, why wouldn't he know the preferences of the person he's always talking about?	Je ne comprends pas. Comment il ne connaîtrait pas les goûts de la personne dont il parle tout le temps ?	Не понимаю его. Как можно не знать, что понравится человеку, о котором ты всё время болтаешь?	I don't get it, why wouldn't he know the preferences of the person he's always talking about?
Conversations/Bank/Olric/Banked Lines/march_post_8h_lines/march_post_8h_follow_up_helmet/init	The other day, March was asking everyone what they thought you'd want as a present.	L'autre jour, March a demandé à tout le monde quel cadeau il pouvait t'offrir.	Март на днях спрашивал у всех, какой тебе лучше подарить подарок.	The other day, March was asking everyone what they thought you'd want as a present.
Conversations/Bank/Olric/Banked Lines/march_rest/march_rest/init	My bro works really hard... I sure wish he would rest just as hard!	Mon frère travaille vraiment très dur... J'aimerais bien qu'il se repose avec autant d'insistance !	Мой бро много работает... вот бы он отдыхал так же много!	My bro works really hard... I sure wish he would rest just as hard!
Conversations/Bank/Olric/Banked Lines/march_space/march_space/init	I try to give March space at the forge when I can. He really likes getting into the zone, you know?	J'essaie de laisser March tranquille à la forge autant que possible. Il a vraiment besoin de se concentrer pour être à fond.	Я стараюсь давать Марту пространство в кузнице. Он любит «входить в поток», знаешь?	I try to give March space at the forge when I can. He really likes getting into the zone, you know?
Conversations/Bank/Olric/Banked Lines/melting_points/melting_points/1	That and we're related, I guess.	Et peut-être aussi parce qu'on est de la même famille.	Ну, и потому, что мы родственники, наверное.	That and we're related, I guess.
Conversations/Bank/Olric/Banked Lines/melting_points/melting_points/init	The real reason March keeps me around is because I have all the melting points of ores memorized.	La vraie raison pour laquelle March m'héberge, c'est parce que je connais par cœur le point de fusion de tous les métaux.	На самом деле Март держит меня рядом потому, что я знаю все температуры плавления руды.	The real reason March keeps me around is because I have all the melting points of ores memorized.
Conversations/Bank/Olric/Banked Lines/morning/morning/init	Morning, [Ari]! Working hard? Yeah you are!	Bonjour, [Ari] ! Ça bosse dur ? Je vois que oui !	Утро, [Ari]! Трудимся? Вот это да!	Morning, [Ari]! Working hard? Yeah you are!
Conversations/Bank/Olric/Banked Lines/morning_bath/morning_bath/init	A morning bath is great for getting that winter chill out!	Un petit bain matinal permet de se débarrasser de la fraîcheur hivernale !	Утренняя ванна — лучшее средство от зимнего холода!	A morning bath is great for getting that winter chill out!
Conversations/Bank/Olric/Banked Lines/morning_jog/morning_jog/init	Nothing like a morning run to wake the body up!  Your body looks super awake too, [Ari]! Nice!	Rien de tel qu'un footing à la fraîche pour remettre la machine en route ! Toi, tu as l'air en pleine forme, [Ari] ! Super !	Нет ничего лучше утренней пробежки, чтобы разбудить тело! Твоё тело тоже супербодрое, [Ari]! Класс!	Nothing like a morning run to wake the body up!  Your body looks super awake too, [Ari]! Nice!
Conversations/Bank/Olric/Banked Lines/morning_sunshine/morning_sunshine/1	It's super bright! Like fluorite!	Il a une lueur particulière. Comme la fluorine !	Оно такое яркое! Прямо как флюорит!	It's super bright! Like fluorite!
Conversations/Bank/Olric/Banked Lines/morning_sunshine/morning_sunshine/init	I love that morning sunshine!	J'adore le soleil du matin !	Обожаю утреннее солнце!	I love that morning sunshine!
Conversations/Bank/Olric/Banked Lines/muscles_feel_great/muscles_feel_great/init	Awww yeah, [Ari]... my muscles feel SUPER good... wanna see?	Ah ouais, c'est bon ça, [Ari]... Je ressens une sensation hyper agréable dans mes muscles... Ça se remarque ?	Ооо да, [Ari]... мои мышцы просто КАЙФ... хочешь посмотреть?	Awww yeah, [Ari]... my muscles feel SUPER good... wanna see?
Conversations/Bank/Olric/Banked Lines/museum/museum/1	Now I look at it and I'm like... wow... it's full of even cooler rocks!	En le regardant maintenant, je me dis... waouh... il est plein de pierres encore plus cool.	А сейчас я смотрю на него и думаю: «Ого... тут теперь камни гораздо круче!»	Now I look at it and I'm like... wow... it's full of even cooler rocks!
Conversations/Bank/Olric/Banked Lines/museum/museum/init	Back when this building was the Mines' storehouse, it was mostly full of rocks.	À l'époque où ce bâtiment était l'entrepôt de la mine, on y trouvait presque que des pierres.	Раньше, когда в этом здании был шахтёрский склад, тут в основном хранились камни.	Back when this building was the Mines' storehouse, it was mostly full of rocks.
Conversations/Bank/Olric/Banked Lines/museum/museum_2/1	There's lots of heavy stuff in there!	Il y a des tas de trucs lourds, là-dedans !	Там куча тяжёлых штук!	There's lots of heavy stuff in there!
Conversations/Bank/Olric/Banked Lines/museum/museum_2/init	Oh, hey [Ari]. I came by to help Errol rearrange some of the Museum's archive.	Oh, salut [Ari]. Je suis passé aider Errol à réorganiser des archives du musée.	О, привет, [Ari]. Я тут заскочил помочь Эрролу с перестановками в музейном архиве.	Oh, hey [Ari]. I came by to help Errol rearrange some of the Museum's archive.
Conversations/Bank/Olric/Banked Lines/museum_help/museum_help/1	Or are you donating something?	Ou bien tu es là pour donner quelque chose ?	Или ты что-то сдаёшь?	Or are you donating something?
Conversations/Bank/Olric/Banked Lines/museum_help/museum_help/init	I'm helping out today, so let me know if you need anything!	Je donne un coup de main au musée aujourd'hui, alors si tu veux quelque chose, fais-moi signe !	Сегодня я помогаю, так что говори, если что-то нужно!	I'm helping out today, so let me know if you need anything!
Conversations/Bank/Olric/Banked Lines/museum_help/museum_help_2/1	Oh whoa, you donated some of these! Maybe you can explain them to me!	Waouh, mais tu as fait don de certaines de ces pièces ! C'est plutôt toi qui devrais m'expliquer un ou deux trucs !	Ах, ого, ты ведь <p>сами их и пожертвовали</p><f>сама их и пожертвовала</f><m>сам их и пожертвовал</m><n>само их и пожертвовало</n>! Может, тогда ты мне про них расскажешь?	Oh whoa, you donated some of these! Maybe you can explain them to me!
Conversations/Bank/Olric/Banked Lines/museum_help/museum_help_2/init	I'm helping out at the Museum today! Let me know if I can tell you about any of the exhibits.	Je file un coup de main au musée, aujourd'hui. Si tu veux savoir quelque chose sur les différentes collections, préviens-moi.	Сегодня я помогаю в музее! Хочешь, расскажу про экспонаты?	I'm helping out at the Museum today! Let me know if I can tell you about any of the exhibits.
Conversations/Bank/Olric/Banked Lines/museum_help/museum_help_3/1	Unless you have a question. Then I have to get Errol.	À moins que tu aies une question. Là, il faudra voir avec Errol.	Если только ты не с вопросом. Тогда мне надо будет позвать Эррола.	Unless you have a question. Then I have to get Errol.
Conversations/Bank/Olric/Banked Lines/museum_help/museum_help_3/init	I'm working a shift at the Museum! So if you need anything, I'm your guy!	Je suis de service au musée. Si tu as besoin de quoi que ce soit, je suis là !	У меня сегодня смена в музее! Если что-то понадобится, зови меня!	I'm working a shift at the Museum! So if you need anything, I'm your guy!
Conversations/Bank/Olric/Banked Lines/museum_help/museum_help_4/1	You're so nice, [Ari]!	C'est trop gentil de ta part, [Ari] !	<p>Какие ты добрые</p><f>Какая ты добрая</f><m>Какой ты добрый</m><n>Какое ты доброе</n>, [Ari]!	You're so nice, [Ari]!
Conversations/Bank/Olric/Banked Lines/museum_help/museum_help_4/init	You want to make a donation to the Museum?	Tu veux faire un don au musée ?	Хочешь сделать пожертвование в музей?	You want to make a donation to the Museum?
Conversations/Bank/Olric/Banked Lines/new_muscle/new_muscle/init	I think I found a new muscle, [Ari]! I'm gonna ask Valen about it.	Je crois que je viens de découvrir un nouveau muscle, [Ari]. Je vais en parler à Valen.	Кажется, я нашёл новый мускул, [Ari]! Надо спросить Вален об этом.	I think I found a new muscle, [Ari]! I'm gonna ask Valen about it.
Conversations/Bank/Olric/Banked Lines/night_workout/night_workout/init	Oh hey, [Ari]! Just doing a little night workout. It helps me fall asleep!	Salut, [Ari] ! Je fais une petite séance d'entraînement nocturne. Ça m'aide à trouver le sommeil !	О, привет, [Ari]! Немного ночной тренировки помогает заснуть!	Oh hey, [Ari]! Just doing a little night workout. It helps me fall asleep!
Conversations/Bank/Olric/Banked Lines/nora_placed_order/nora_placed_order/1	March will grumble about it being beneath him, but my bro is reliable! He'll get it done!	March se plaindra qu'il gâche son talent, mais on peut compter sur mon frère. Il s'en occupera !	Март поворчит, что это не по статусу, но мой бро — надёжный! Сделает!	March will grumble about it being beneath him, but my bro is reliable! He'll get it done!
Conversations/Bank/Olric/Banked Lines/nora_placed_order/nora_placed_order/init	Nora placed a big order for the Saturday Market for new hooks and fasteners for all the booths.	Nora a passé une grosse commande pour le marché du samedi. Elle veut de nouveaux crochets et de nouvelles fixations pour tous les stands.	Нора заказала кучу крюков и крепежей для Субботнего базара.	Nora placed a big order for the Saturday Market for new hooks and fasteners for all the booths.
Conversations/Bank/Olric/Banked Lines/not_too_loud/not_too_loud/1	But not too loud, or March will get mad.	Mais pas trop fort, sinon March va encore se mettre en colère.	Но не слишком громко, а то Март будет ворчать.	But not too loud, or March will get mad.
Conversations/Bank/Olric/Banked Lines/not_too_loud/not_too_loud/init	Hey, [Ari]! I'm here to help, so yell if you need something!	Salut, [Ari] ! N'hésite pas à me héler si tu as besoin de quelque chose !	Эй, [Ari]! Я тут, если нужна помощь — зови!	Hey, [Ari]! I'm here to help, so yell if you need something!
Conversations/Bank/Olric/Banked Lines/old_days/old_days/init	Oh, hey [Ari]. I was just thinking about the old days, working the Mines with Errol.	C'est toi, [Ari] ! J'étais en train de repenser à l'époque où on travaillait dans les mines, avec Errol.	О, привет, [Ari]. Я тут вспоминал старые времена, как мы с Эрролом работали в шахте.	Oh, hey [Ari]. I was just thinking about the old days, working the Mines with Errol.
Conversations/Bank/Olric/Banked Lines/old_rocks/old_rocks/init	Eiland said he was going to tell me about ancient rocks, [Ari]... I'm so ready.	Eiland m'a dit qu'il allait m'apprendre plein de choses sur d'anciens minéraux, [Ari]... J'ai hâte.	Эйланд сказал, что расскажет мне про древние камни, [Ari]... я готов!	Eiland said he was going to tell me about ancient rocks, [Ari]... I'm so ready.
Conversations/Bank/Olric/Banked Lines/old_woodworking_tools/old_woodworking_tools/init	Check out the woodworking tools! My folks made most of those back when they were running the forge.	Regarde un peu ces outils de menuisier ! Mes parents les ont fabriqués à l'époque où ils tenaient la forge.	Глянь на столярные инструменты! Их делали мои родители, когда управляли кузницей.	Check out the woodworking tools! My folks made most of those back when they were running the forge.
Conversations/Bank/Olric/Banked Lines/performance_help/performance_help/init	I'm giving Reina a hand so her parents can put on a show!	J'aide Reina pour que ses parents puissent faire leur spectacle !	Я помогаю Рейне, чтобы её родители могли устроить представление!	I'm giving Reina a hand so her parents can put on a show!
Conversations/Bank/Olric/Banked Lines/push_ups/push_ups/init	I can never decide between push-ups or breakfast first.	Je n'arrive jamais à me décider entre commencer par des pompes ou par mon petit-déjeuner.	Не могу решить, что сначала: отжимания или завтрак.	I can never decide between push-ups or breakfast first.
Conversations/Bank/Olric/Banked Lines/rainy/rainy/init	I love when it rains! It's like... free water!	J'adore la pluie ! C'est comme de l'eau gratuite !	Обожаю дождь! Это же... бесплатная вода!	I love when it rains! It's like... free water!
Conversations/Bank/Olric/Banked Lines/rainy_day_olric/rainy_day_olric/init	Heyyy, it's rainy day [Ari]! Nice to meet you, I'm rainy day Olric!	Hé, il pleut, [Ari] ! Et tu sais quoi, les jours de pluie, je me sens plus vieux !	Эй, это дождливый день, [Ari]! Рад знакомству, я дождливый Ольрик!	Heyyy, it's rainy day [Ari]! Nice to meet you, I'm rainy day Olric!
Conversations/Bank/Olric/Banked Lines/register_1/register_1/init	Oh hey, [Ari]! I'm working here today, so let me know if I can give you a hand with anything.	Salut, [Ari] ! Je travaille ici, aujourd'hui. Dis-moi si tu as besoin d'un renseignement.	О, привет, [Ari]! Сегодня я тут работаю, так что зови, если нужна помощь.	Oh hey, [Ari]! I'm working here today, so let me know if I can give you a hand with anything.
Conversations/Bank/Olric/Banked Lines/register_2/register_2/1	Do you think I can look away yet...	Mais tu crois qu'elle va s'échapper si je la lâche du regard ?	Думаешь, можно уже отвернуться?..	Do you think I can look away yet...
Conversations/Bank/Olric/Banked Lines/register_2/register_2/init	March told me to watch the till!	March m'a demandé de surveiller la caisse !	Март сказал мне следить за кассой!	March told me to watch the till!
Conversations/Bank/Olric/Banked Lines/shops_clean/shops_clean/init	Shop's clean, hammers are lined up, forge is ready to go... we're gonna crush it tomorrow!	La boutique est propre, les marteaux bien rangés et la forge prête... Demain, une nouvelle journée de travail nous attend !	Магазин чистый, молоты выстроены, горн готов... завтра мы всех порвём!	Shop's clean, hammers are lined up, forge is ready to go... we're gonna crush it tomorrow!
Conversations/Bank/Olric/Banked Lines/smithy/smithy/init	What brings you to the smithy, [Ari]? You need, like... metal stuff? Because we have lots of that.	Qu'est-ce qui t'amène à la forge, [Ari] ? Tu as besoin de... trucs en métal ? Parce qu'on en a plein.	Что привело тебя в кузницу, [Ari]? Тебе нужно что-то... металлическое? У нас такого много.	What brings you to the smithy, [Ari]? You need, like... metal stuff? Because we have lots of that.
Conversations/Bank/Olric/Banked Lines/snow/snow/init	Snow's magical. It's, like... all beautiful and stuff. Like calcite.	La neige, c'est magique. Et... super joli. Un peu comme de la calcite.	Снег — это магия. Он... красивый такой. Как кальцит.	Snow's magical. It's, like... all beautiful and stuff. Like calcite.
Conversations/Bank/Olric/Banked Lines/soup_gains/soup_gains/init	That soup smells like it'd help me get serious gains. I'm gonna try it!	Rien qu'à l'odeur, je sens que cette soupe va m'aider à prendre de la masse musculaire. Il faut que j'y goûte !	Этот суп пахнет так, будто даст мне серьёзный прирост мышц. Попробую!	That soup smells like it'd help me get serious gains. I'm gonna try it!
Conversations/Bank/Olric/Banked Lines/sticky_shirt/sticky_shirt/init	I know no one LOVES the rain, but the way it makes my shirt stick to my torso is kinda cool, y'know?	Je sais bien que personne n'est vraiment fan de la pluie, mais moi j'aime bien la façon dont mon maillot colle à mes pecs.	Знаю, никто не ЛЮБИТ дождь, но то, как он приклеивает рубашку к торсу, — это типа круто, знаешь?	I know no one LOVES the rain, but the way it makes my shirt stick to my torso is kinda cool, y'know?
Conversations/Bank/Olric/Banked Lines/stop_and_talk/stop_and_talk/init	[Ari], buddy, you're always running around, but you always stop to say hi. That's so cool of you.	[Ari], salut. Je te vois toujours en train de courir à droite à gauche, mais tu trouves toujours un moment pour dire bonjour. C'est super sympa de ta part.	[Ari], брат, ты всё время бегаешь, но всегда находишь время поздороваться. Это так классно.	[Ari], buddy, you're always running around, but you always stop to say hi. That's so cool of you.
Conversations/Bank/Olric/Banked Lines/sunny/sunny/init	The sun is, like... awesome. Love a good sun day.	Le soleil, c'est... vraiment trop génial. J'adore quand il fait beau.	Солнце — это... круто. Обожаю солнечные дни.	The sun is, like... awesome. Love a good sun day.
Conversations/Bank/Olric/Banked Lines/taliferro_challenge/taliferro_challenge/1	He sat quietly while I showed off every crystal in my collection...	Il est resté là, à m'écouter lui présenter ma collection de cristaux...	Тихо сидел и не возражал, когда я показывал все кристаллы в моей коллекции...	He sat quietly while I showed off every crystal in my collection...
Conversations/Bank/Olric/Banked Lines/taliferro_challenge/taliferro_challenge/2	I'm gonna bring over my collection of metamorphic rocks next week!	La semaine prochaine, j'apporterai ma collection de roches métamorphiques.	В следующий раз принесу ему коллекцию метаморфических пород!	I'm gonna bring over my collection of metamorphic rocks next week!
Conversations/Bank/Olric/Banked Lines/taliferro_challenge/taliferro_challenge/init	That Taliferro guy is super nice!	Il est vraiment sympa, ce Taliferro !	Этот Талиферро — отличный парень!	That Taliferro guy is super nice!
Conversations/Bank/Olric/Banked Lines/thinking_about_rocks/thinking_about_rocks/1	I'm just thinking about my favorite rocks.	J'étais en train de penser à mes pierres préférées.	Я тут думаю о своих любимых камнях.	I'm just thinking about my favorite rocks.
Conversations/Bank/Olric/Banked Lines/thinking_about_rocks/thinking_about_rocks/init	[Ari], hey! Let me know if you need anything, you're not interrupting.	Salut, [Ari] ! Fais-moi signe si tu veux quelque chose, tu ne me déranges pas.	[Ari], эй! Говори, если что нужно, ты не мешаешь.	[Ari], hey! Let me know if you need anything, you're not interrupting.
Conversations/Bank/Olric/Banked Lines/thoughtful/thoughtful/init	Hey [Ari], it's pretty cool how you always talk to me. You're all thoughtful and stuff.	Salut, [Ari]. C'est vraiment sympa de ta part de toujours venir me parler. Tu penses beaucoup aux autres, c'est gentil.	Эй, [Ari], прикольно, что ты всегда со мной разговариваешь. Ты <p>такие внимательные</p><f>такая внимательная</f><m>такой внимательный</m><n>такое внимательное</n> и всё такое.	Hey [Ari], it's pretty cool how you always talk to me. You're all thoughtful and stuff.
Conversations/Bank/Olric/Banked Lines/town_strong/town_strong/1	It's like they're all doing push-ups... in their hearts.	Je crois que tout le monde fait de l'exercice... avec le cœur.	Будто все делают отжимания... в своих сердцах.	It's like they're all doing push-ups... in their hearts.
Conversations/Bank/Olric/Banked Lines/town_strong/town_strong/init	This town's strong, [Ari]!	Cette ville a vraiment de la force, [Ari] !	Этот город силён, [Ari]!	This town's strong, [Ari]!
Conversations/Bank/Olric/Banked Lines/travel_to_sleep_with_book/books_put_me_to_sleep/init	I used to have a hard time going to sleep but now I can tuck into a good book! Puts me out in seconds!	Avant, j'avais beaucoup de mal à dormir, mais maintenant, je sais que je peux me plonger dans un bon bouquin. Avec ça, je pique du nez en deux secondes !	Раньше мне тяжело было заснуть, а теперь открываю книгу — и вырубаюсь за секунды!	I used to have a hard time going to sleep but now I can tuck into a good book! Puts me out in seconds!
Conversations/Bank/Olric/Banked Lines/walking/walking/1	Maybe I'll find some cool rocks!	J'espère trouver des pierres intéressantes !	Может, найду какие-нибудь крутые камни!	Maybe I'll find some cool rocks!
Conversations/Bank/Olric/Banked Lines/walking/walking/init	Oh hey, [Ari]! I was just walkin' around.	Salut, [Ari] ! Je fais juste une petite promenade.	О, привет, [Ari]! Просто гуляю.	Oh hey, [Ari]! I was just walkin' around.
Conversations/Bank/Olric/Banked Lines/week_one_pt_1/week_one_pt_1/1	Or his second impression...	Ni sur les deuxièmes...	Или по второму...	Or his second impression...
Conversations/Bank/Olric/Banked Lines/week_one_pt_1/week_one_pt_1/2	Or maybe his third impression...	Ni sur les troisièmes, non plus...	Или, может, по третьему...	Or maybe his third impression...
Conversations/Bank/Olric/Banked Lines/week_one_pt_1/week_one_pt_1/3	I guess you gotta judge him at SOME point...	Enfin, tu finiras par te faire ta propre opinion !	Наверное, судить придётся в какой-то момент...	I guess you gotta judge him at SOME point...
Conversations/Bank/Olric/Banked Lines/week_one_pt_1/week_one_pt_1/init	Don't judge March by his first impression...	Ne juge pas March sur les premières impressions...	Не суди Марта по первому впечатлению...	Don't judge March by his first impression...
Conversations/Bank/Olric/Banked Lines/week_one_pt_2/week_one_pt_2/1	I'm only asking cuz I'm a rock guy.	Je te pose la question, parce que les pierres, c'est mon truc.	Я спрашиваю, потому что я люблю камни.	I'm only asking cuz I'm a rock guy.
Conversations/Bank/Olric/Banked Lines/week_one_pt_2/week_one_pt_2/init	Hey [Ari]! How's it going clearing the farm? Find any cool rocks?	Salut, [Ari] ! Tu as trouvé des pierres sympas en défrichant ton terrain ?	Эй, [Ari]! Как продвигается расчистка фермы? <p>Нашли</p><f>Нашла</f><m>Нашёл</m><n>Нашло</n> какие-нибудь крутые камни?	Hey [Ari]! How's it going clearing the farm? Find any cool rocks?
Conversations/Bank/Olric/Banked Lines/winter_workout/winter_workout/1	What's the Hayden challenge? It's working out...	Qu'est-ce que c'est, le défi d'Hayden ? C'est de faire de l'exercice...	Что такое испытание Хейдена? Это тренировки...	What's the Hayden challenge? It's working out...
Conversations/Bank/Olric/Banked Lines/winter_workout/winter_workout/2	In the winter!	Pendant l'hiver !	Зимой!	In the winter!
Conversations/Bank/Olric/Banked Lines/winter_workout/winter_workout/init	I used to hate working out in winter, but then I got hit with the Hayden challenge!	Avant, je détestais faire de l'exercice pendant hiver, mais on m'a proposé de relever le défi d'Hayden !	Раньше я ненавидел тренировки зимой, а потом попал на испытание Хейдена!	I used to hate working out in winter, but then I got hit with the Hayden challenge!
Conversations/Bank/Olric/Banked Lines/workout/workout/1	Uh-oh, I lost count! Better start over.	Oh oh, j'ai perdu le compte ! Je ferais mieux de recommencer.	Ой-ой, я сбился со счёта! Придётся начать заново.	Uh-oh, I lost count! Better start over.
Conversations/Bank/Olric/Banked Lines/workout/workout/init	Oh, hey pal. You caught me in the middle of my reps.	Oh, salut. Je suis en pleine série de musculation, là.	О, привет, бро. Ты меня <p>застали</p><f>застала</f><m>застал</m><n>застало</n> посреди подхода.	Oh, hey pal. You caught me in the middle of my reps.
Conversations/Bank/Olric/Banked Lines/workout/workout_2/1	Hmm, should I go back and start at one?	Mmm, est-ce que je devrais repartir du début ?	Хмм, может, начать снова с одного?	Hmm, should I go back and start at one?
Conversations/Bank/Olric/Banked Lines/workout/workout_2/init	Forty one... Forty two... Oh, [Ari]! Do some reps with me!	Quarante et un, quarante-deux... Tiens, [Ari] ! Viens t'entraîner avec moi !	Сорок один... Сорок два... О, [Ari]! Давай отжиматься со мной!	Forty one... Forty two... Oh, [Ari]! Do some reps with me!
Conversations/Bank/Olric/Banked Lines/workout/workout_3/init	I'm trying out a new routine! Check it out!	Je suis un nouveau programme d'entraînement, regarde un peu !	Я пробую новую программу! Смотри!	I'm trying out a new routine! Check it out!
Conversations/Bank/Olric/Banked Lines/workout/workout_4/1	Shrug your shoulders up and down 10 times! Works like a charm!	Monte et descends les épaules 10 fois ! Ça fonctionne à merveille.	Обними себя за плечи вверх-вниз 10 раз! Работает безотказно!	Shrug your shoulders up and down 10 times! Works like a charm!
Conversations/Bank/Olric/Banked Lines/workout/workout_4/init	Want to hear a trick to warm up your hands?	Tu veux que je te dise un secret pour te réchauffer les mains ?	Рассказать тебе технику, как согреть руки?	Want to hear a trick to warm up your hands?
Conversations/Bank/Olric/Banked Lines/workout/workout_5/1	Basically, it's always extra important.	En gros, c'est tout le temps super important.	В общем, это всегда очень важно.	Basically, it's always extra important.
Conversations/Bank/Olric/Banked Lines/workout/workout_5/init	It's extra important to work out in the winter! But also in the spring! And summer! And fall too!	Faire de l'exercice est particulièrement important en hiver ! Mais au printemps aussi. Et en été. Et sans oublier à l'automne !	Зимой особенно важно поддерживать тренировки! Но весной тоже! И летом! И осенью!	It's extra important to work out in the winter! But also in the spring! And summer! And fall too!
Conversations/Bank/Olric/Banked Lines/yay/yay/init	Yay, it's [Ari]!	Hé, [Ari] ! Génial !	Ура, это [Ari]!	Yay, it's [Ari]!
Conversations/Bank/Olric/Gift Lines/gift_lines/birthday_gift/init	A birthday present? Oh yeah! It is SO party time!	Un cadeau d'anniversaire ? Génial ! On devrait aussi organiser une fête !	Подарок на день рождения? О да! Время вечеринки!	A birthday present? Oh yeah! It is SO party time!
Conversations/Bank/Olric/Gift Lines/gift_lines/disliked_gift/init	Uh... is there something cool about this that I don't know? No? Okay...	Euh... Il y a quelque chose de cool que je ne vois pas dans ces trucs-là ? Non ? Bon...	Эм... в этом есть что-то крутое, чего я не знаю? Нет? Ну ладно...	Uh... is there something cool about this that I don't know? No? Okay...
Conversations/Bank/Olric/Gift Lines/gift_lines/hard_boiled_egg/init	A =Hard Boiled Egg=? Oh man, I'm totally going to turn this into muscles! Thanks, [Ari]!	Un =œuf dur= ? Génial, de la protéine pour mes muscles ! Merci, [Ari] !	=Варёное яйцо=? О, да! Я превращу это в мышцы! Спасибо, [Ari]!	A =Hard Boiled Egg=? Oh man, I'm totally going to turn this into muscles! Thanks, [Ari]!
Conversations/Bank/Olric/Gift Lines/gift_lines/liked_gift/init	Woah, thanks! [Ari]... it's like we're on the same wavelength!	Waouh ! Merci, [Ari] ! J'ai l'impression qu'on est vraiment sur la même longueur d'onde !	Ух ты, спасибо! [Ari]... мы с тобой на одной волне!	Woah, thanks! [Ari]... it's like we're on the same wavelength!
Conversations/Bank/Olric/Gift Lines/gift_lines/liked_gift_2/init	You're always thinking of your friends, [Ari]. That's what I like about you!	Tu penses toujours à tes amis. C'est ce que j'aime chez toi, [Ari].	Ты всегда заботишься о друзьях, [Ari]. Вот что мне в тебе нравится!	You're always thinking of your friends, [Ari]. That's what I like about you!
Conversations/Bank/Olric/Gift Lines/gift_lines/liked_gift_gems/1	Who comes up with this stuff?	Qui a bien pu inventer ça ?	Кто вообще придумывает такие штуки?	Who comes up with this stuff?
Conversations/Bank/Olric/Gift Lines/gift_lines/liked_gift_gems/init	Thanks, [Ari]! Gems are incredible, aren't they? A rock you can see through!	Merci, [Ari] ! Les pierres précieuses, c'est incroyable. C'est comme des cailloux, mais on peut voir à travers !	Спасибо, [Ari]! Самоцветы — это же волшебно, правда? Камень, сквозь который можно видеть!	Thanks, [Ari]! Gems are incredible, aren't they? A rock you can see through!
Conversations/Bank/Olric/Gift Lines/gift_lines/liked_gift_ores/init	Aw yeah, who doesn't like ore! Thanks, [Ari].	Oh, génial ! Qui n'aime pas les minerais ?! Merci, [Ari].	О да, кто ж не любит руду! Спасибо, [Ari]!	Aw yeah, who doesn't like ore! Thanks, [Ari].
Conversations/Bank/Olric/Gift Lines/gift_lines/liked_gift_weird_rocks/init	Ooh, this is so cool! And weird! I love a cool, weird rock!	Oooh, c'est super joli ! Et trop bizarre. J'adore les cailloux à la fois jolis et bizarres !	О-о, это так круто! И странно! Я обожаю крутые странные камни!	Ooh, this is so cool! And weird! I love a cool, weird rock!
Conversations/Bank/Olric/Gift Lines/gift_lines/loved_gift/1	Well, thanks! You're the best!	En tout cas, merci ! Tu es au top !	Ну, спасибо! Ты <p>лучшие</p><f>лучшая</f><m>лучший</m><n>лучшее</n>!	Well, thanks! You're the best!
Conversations/Bank/Olric/Gift Lines/gift_lines/loved_gift/init	Whoa, isn't this pretty rare? Are you sure you want to give it to me?	Waouh, mais c'est pas un truc super rare, ça ? Tu veux vraiment me le donner ?	Ух ты, это ведь редкость, да? Ты точно хочешь отдать это мне?	Whoa, isn't this pretty rare? Are you sure you want to give it to me?
Conversations/Bank/Olric/Gift Lines/gift_lines/loved_gift_2/init	Wow [Ari], are you sure? If I were you, I'd never let something this awesome out of my sight!	Waouh, tu es sûr<he></he><she>e</she><they>·e</they> de toi, [Ari] ? À ta place, je garderais précieusement quelque chose d'aussi génial !	Вау, [Ari], ты <p>уверены</p><f>уверена</f><m>уверен</m><n>уверено</n>? На твоём месте я бы не выпускал такую штуку из виду!	Wow [Ari], are you sure? If I were you, I'd never let something this awesome out of my sight!
Conversations/Bank/Olric/Gift Lines/gift_lines/loved_gift_gems/1	I just might!	D'ailleurs, c'est peut-être ce que je vais faire !	Наверное, так и сделаю!	I just might!
Conversations/Bank/Olric/Gift Lines/gift_lines/loved_gift_gems/init	It's pretty rare to find a gem as perfect as this! Look at the color! And the clarity! Not a single fracture. I could look at this all day!	Les pierres précieuses de cette qualité sont très rares ! Quelle couleur... et quelle pureté ! Aucune fissure. Je pourrais passer ma journée à l'admirer !	Найти такой идеальный камень — настоящая редкость! Только посмотри на цвет! На прозрачность! Ни одной трещинки! Я мог бы смотреть на него весь день!	It's pretty rare to find a gem as perfect as this! Look at the color! And the clarity! Not a single fracture. I could look at this all day!
Conversations/Bank/Olric/Gift Lines/gift_lines/loved_gift_ores/1	Thanks, [Ari]! I'll treat this so good!	Merci, [Ari] ! J'en prendrai bien soin !	Спасибо, [Ari]! Я буду беречь его как следует!	Thanks, [Ari]! I'll treat this so good!
Conversations/Bank/Olric/Gift Lines/gift_lines/loved_gift_ores/init	Look at the perfect formation of this ore! It's like a piece of art, made by nature! And it's for me?	Ce minerai n'a pas un défaut ! C'est comme une œuvre d'art créée par la nature ! C'est vraiment pour moi ?	Посмотри на идеальную форму этой руды! Прямо произведение искусства от природы! И это — мне?	Look at the perfect formation of this ore! It's like a piece of art, made by nature! And it's for me?
Conversations/Bank/Olric/Gift Lines/gift_lines/loved_gift_quality/1	This is going straight into my collection!	Ça va tout droit dans ma collection.	Это сразу пойдёт в мою коллекцию!	This is going straight into my collection!
Conversations/Bank/Olric/Gift Lines/gift_lines/loved_gift_quality/init	So cool, [Ari]! I never came across anything this perfect when I worked in the Mines. You must have gone real deep to find it!	Merci, [Ari] ! Je n'avais encore jamais vu quelque chose d'aussi beau, même quand j'étais mineur. Tu as dû descendre très profond pour récupérer ça !	Так круто, [Ari]! Даже в шахтах я не находил ничего такого совершенного. Тебе, наверное, глубоко копать пришлось.	So cool, [Ari]! I never came across anything this perfect when I worked in the Mines. You must have gone real deep to find it!
Conversations/Bank/Olric/Gift Lines/gift_lines/neutral_gift/init	Hey, thanks!	Génial, merci !	Эй, спасибо!	Hey, thanks!
Conversations/Bank/Olric/Gift Lines/gift_lines/ore_stone_1/init	Wow, thanks! Let's see, this one's... sandstone! You can tell by how grainy it looks and how gritty it feels.	Waouh, merci ! Vu l'aspect granuleux et la texture abrasive, je dirais que c'est... du grès !	Вау, спасибо! Так, это у нас... песчаник! Узнаётся по зернистости и шероховатой текстуре.	Wow, thanks! Let's see, this one's... sandstone! You can tell by how grainy it looks and how gritty it feels.
Conversations/Bank/Olric/Gift Lines/gift_lines/ore_stone_2/init	Ooh, a rock! Looks like limestone to me. See how easy it is to scratch?	Oh, une pierre ! C'est sûrement du calcaire. Tu vois comme elle se casse facilement ?	О, камень! Похоже на известняк. Видишь, как легко царапается?	Ooh, a rock! Looks like limestone to me. See how easy it is to scratch?
Conversations/Bank/Olric/Gift Lines/gift_lines/ore_stone_3/init	Thanks, [Ari]! This one's gneiss. Nice!	Merci, [Ari] ! Ça, c'est du gneiss. Très intéressant !	Спасибо, [Ari]! Это гнейс. Класс!	Thanks, [Ari]! This one's gneiss. Nice!
Conversations/Bank/Olric/Gift Lines/gift_lines/ore_stone_4/init	Quartzite? For me? Thanks, I'll add it to my collection of hard, nonfoliated metamorphic rocks!	C'est pour moi ce quartzite ? Merci, il rejoindra ma collection de roches dures métamorphiques non foliées !	Кварцит? Для меня? Спасибо, добавлю в коллекцию твёрдых метаморфических пород!	Quartzite? For me? Thanks, I'll add it to my collection of hard, nonfoliated metamorphic rocks!
Conversations/Bank/Olric/Gift Lines/gift_lines/ore_stone_5/init	Ooh, what's this? Granite? Sweet. You can tell by the shiny bits, those are crystal! Thanks, [Ari]!	Oooh, c'est du granit ? Génial. On le reconnaît aux petits points brillants, c'est des cristaux. Merci, [Ari] !	О-о, что это? Гранит? Круто. Блестящие вкрапления — это кристаллы! Спасибо, [Ari]!	Ooh, what's this? Granite? Sweet. You can tell by the shiny bits, those are crystal! Thanks, [Ari]!
Conversations/Bank/Olric/Gift Lines/gift_lines/ore_stone_6/init	This stone is pretty dark... fine grain... low in silica... it's basalt! Thanks [Ari], you're really helping me grow my rock collection.	Un couleur sombre, un grain fin, une teneur en silice faible... C'est du basalte ! Merci, [Ari]. Tu m'aides vraiment beaucoup pour ma collection de minéraux.	Камень тёмный... мелкозернистый... мало кремния... это базальт! Спасибо, [Ari], ты отлично пополняешь мою коллекцию!	This stone is pretty dark... fine grain... low in silica... it's basalt! Thanks [Ari], you're really helping me grow my rock collection.
Conversations/Bank/Olric/Gift Lines/gift_lines/ore_stone_7/init	Let's see... smooth to the touch... alternating bands of light and dark... pretty hard... this is schist! Thanks, [Ari]!	Voyons voir... La surface est lisse... Il y a une succession de lignes claires et sombres... Elle est assez dure... C'est du schiste ! Merci, [Ari] !	Так... гладкий на ощупь... чередуются светлые и тёмные полосы... довольно твёрдый... это сланец! Спасибо, [Ari]!	Let's see... smooth to the touch... alternating bands of light and dark... pretty hard... this is schist! Thanks, [Ari]!
Conversations/Bank/Olric/Gift Lines/gift_lines/ore_stone_8/init	Glassy luster, a bit rectangular... got to be feldspar. Cool! Thanks, [Ari]!	Une surface brillante, une forme légèrement rectangulaire... C'est du feldspath, aucun doute là-dessus. Super ! Merci, [Ari] !	Стеклянный блеск, прямоугольная форма... должно быть, полевой шпат. Круто! Спасибо, [Ari]!	Glassy luster, a bit rectangular... got to be feldspar. Cool! Thanks, [Ari]!
Conversations/Bank/Olric/Gift Lines/gift_lines/rockbiter/init	[Ari]. My friend. Why would you give me a $Rockbiter$? Do you secretly hate rocks or something?	[Ari], on est amis, non ? Pourquoi tu m'offres un $croqueroche$ ? Au fond, tu détestes les pierres, c'est ça ?	[Ari]. <p>Дружище</p><f>Подруга</f><m>Дружище</m><n>Дружище</n>. Зачем ты <p>подарили</p><f>подарила</f><m>подарил</m><n>подарило</n> мне $камнегрыза$? Ты что, на самом деле втайне ненавидишь камни?	[Ari]. My friend. Why would you give me a $Rockbiter$? Do you secretly hate rocks or something?
Conversations/Bank/Olric/Market Lines/market_darcy_1/market_darcy_1/init	I like to put a little bit of butter in Darcy's coffee. Gives me energy!	Quand je prends un café chez Darcy, j'aime bien y ajouter un peu de beurre. Ça me donne la pêche !	Я люблю добавлять немного масла в кофе Дарси. Придаёт энергии!	I like to put a little bit of butter in Darcy's coffee. Gives me energy!
Conversations/Bank/Olric/Market Lines/market_darcy_2/market_darcy_2/init	Darcy's always trying to get me to try something called tea, but leaves? In water? Is it a kind of soup?	Darcy essaie toujours de me faire goûter son « thé ». Apparemment, c'est des feuilles dans de l'eau. Comme une espèce de soupe ?	Дарси всегда уговаривает меня попробовать что-то под названием «чай», но... листья? В воде? Это что, что-то вроде супа?	Darcy's always trying to get me to try something called tea, but leaves? In water? Is it a kind of soup?
Conversations/Bank/Olric/Market Lines/market_darcy_3/market_darcy_3/init	Before the earthquake, Errol and I used to make a big pot of coffee before a long day in the Mines... don't tell Errol I said so, but Darcy's is sooo much better.	Avant le tremblement de terre, Errol et moi, on se buvait une grosse cafetière avant de descendre à la mine... Ne dis rien à Errol, mais le café de Darcy est bien meilleur.	До землетрясения мы с Эрролом всегда варили огромный чан кофе перед сменой в шахте... не говори Эрролу, но кофе у Дарси ГОРА-А-АЗДО вкуснее.	Before the earthquake, Errol and I used to make a big pot of coffee before a long day in the Mines... don't tell Errol I said so, but Darcy's is sooo much better.
Conversations/Bank/Olric/Market Lines/market_darcy_4/market_darcy_4/init	"March says I should stop drinking coffee because it makes me anxious... I start asking myself stuff like ""ARE my muscles cool enough?"" They totally are, though."	March me dit d'arrêter le café parce que ça me rend anxieux. Je ressasse toujours des questions du genre « mes muscles sont-ils assez gros ? », alors que la réponse est évidente.	Март говорит, что мне надо бросить кофе, потому что я начинаю волноваться... типа: «А точно ли мои мышцы крутые?!» А они точно крутые.	"March says I should stop drinking coffee because it makes me anxious... I start asking myself stuff like ""ARE my muscles cool enough?"" They totally are, though."
Conversations/Bank/Olric/Market Lines/market_louis_1/market_louis_1/init	Honestly, I don't get fashion much... Louis is always pumped to pick for me, though.	À vrai dire, la mode et moi, ça fait deux... mais Louis s'empresse toujours de choisir mes tenues pour moi.	Честно, я не особо понимаю моду... но Луи всегда в восторге, когда подбирает мне одежду.	Honestly, I don't get fashion much... Louis is always pumped to pick for me, though.
Conversations/Bank/Olric/Market Lines/market_louis_2/market_louis_2/init	Louis is always measuring my biceps and letting out my sleeves... I guess he learned his lesson after the first time I burst out of a jacket.	Louis prend toujours les mensurations de mes biceps pour élargir les manches... Je crois qu'il a compris la leçon quand j'ai déchiré une veste.	Луи вечно меряет мои бицепсы и распарывает рукава... видимо, выучил урок, после того, как я в первый раз разорвал пиджак.	Louis is always measuring my biceps and letting out my sleeves... I guess he learned his lesson after the first time I burst out of a jacket.
Conversations/Bank/Olric/Market Lines/market_louis_3/market_louis_3/init	I wonder if Louis can patch my boots? They're getting worn out...	Je me demande si Louis pourrait rafistoler mes bottes. Elles commencent à être usées...	Интересно, Луи сможет подлатать мои ботинки? Они изрядно поизносились...	I wonder if Louis can patch my boots? They're getting worn out...
Conversations/Bank/Olric/Market Lines/market_louis_4/market_louis_4/1	I didn't even get it from him... he just doesn't like it when people do that.	Pourtant, elle ne venait même pas de chez lui... Il n'aime pas quand les gens font ça.	Я её даже не у него брал... но он просто ненавидит, когда так делают.	I didn't even get it from him... he just doesn't like it when people do that.
Conversations/Bank/Olric/Market Lines/market_louis_4/market_louis_4/init	Louis was NOT happy when I tore the sleeves off one of my shirts...	Louis s'est vraiment mis en pétard quand j'ai déchiré les manches d'une de mes chemises.	Луи был очень недоволен, когда я оторвал рукава у рубашки...	Louis was NOT happy when I tore the sleeves off one of my shirts...
Conversations/Bank/Olric/Market Lines/market_merri_1/market_merri_1/init	Hey [Ari]! I just got done hauling furniture around Merri's booth... let me know if you need help carrying something home! Happy to help.	Salut [Ari] ! Je viens juste de finir de réagencer le stand de Merri. Fais-moi signe quand tu as quelque chose de lourd à transporter chez toi ! Si je peux aider...	Эй, [Ari]! Я только что перетаскивал мебель у лавки Мэрри... если надо что-то донести — обращайся! С радостью помогу!	Hey [Ari]! I just got done hauling furniture around Merri's booth... let me know if you need help carrying something home! Happy to help.
Conversations/Bank/Olric/Market Lines/market_merri_2/market_merri_2/init	Hayden and I take turns helping Merri out with getting all her furniture to her booth.	Hayden et moi, on se relaie pour aider Merri à transporter les meubles jusqu'à son stand.	Мы с Хейденом по очереди помогаем Мэрри тащить мебель к её лавке.	Hayden and I take turns helping Merri out with getting all her furniture to her booth.
Conversations/Bank/Olric/Market Lines/market_merri_3/market_merri_3/init	Maybe I should get another shelf from Merri... I've got more crystals I want to display...	Je devrais peut-être acheter une nouvelle étagère à Merri... J'ai encore des cristaux à exposer...	Может, стоит взять у Мэрри ещё одну полку... у меня накопилось кристаллов для витрины...	Maybe I should get another shelf from Merri... I've got more crystals I want to display...
Conversations/Bank/Olric/Market Lines/market_merri_4/market_merri_4/init	Merri thinks I don't know how strong she is... she could move all this furniture herself! But I like carrying heavy stuff, and it's fun to help her out.	Merri s'imagine que je ne connais pas sa force... Elle pourrait déplacer tous ces meubles elle-même ! C'est juste que j'aime bien porter des trucs lourds.	Мэрри думает, я не замечаю, насколько она сильная... она могла бы всё это сама перетаскать! Но мне нравится носить тяжести, и помогать ей — весело.	Merri thinks I don't know how strong she is... she could move all this furniture herself! But I like carrying heavy stuff, and it's fun to help her out.
Conversations/Bank/Olric/Market Lines/market_merri_4/market_merri_4/init$_sequence_entry_1$	I wonder if she'd want to work out with me and Hayden...	Je me demande si ça l'intéresserait de faire de la muscu avec Hayden et moi...	Интересно, согласится ли она потренироваться со мной и Хейденом...	I wonder if she'd want to work out with me and Hayden...
Conversations/Bank/Olric/Market Lines/market_stillwell_1/market_stillwell_1/init	"If Stillwell ever tells you he feels ""the darkness receding"" when you're around, don't worry about it. That's how he describes friendship!"			"If Stillwell ever tells you he feels ""the darkness receding"" when you're around, don't worry about it. That's how he describes friendship!"
Conversations/Bank/Olric/Market Lines/market_stillwell_2/market_stillwell_2/init	Stillwell told me that I would learn to cherish something new today, and you know what? I found a brand new muscle! Want to see?			Stillwell told me that I would learn to cherish something new today, and you know what? I found a brand new muscle! Want to see?
Conversations/Bank/Olric/Market Lines/market_stillwell_3/market_stillwell_3/init	"Stillwell told me ""not everything that glitters is gold, beware the allure of fool's gold""... Joke's on him, I love pyrite!"			"Stillwell told me ""not everything that glitters is gold, beware the allure of fool's gold""... Joke's on him, I love pyrite!"
Conversations/Bank/Olric/Market Lines/market_stillwell_4/market_stillwell_4/init	"I tried jogging with Stillwell once, but his robes were so heavy he passed out... Afterwards he told me he'd ""portended a great conflagration"", whatever that means."			"I tried jogging with Stillwell once, but his robes were so heavy he passed out... Afterwards he told me he'd ""portended a great conflagration"", whatever that means."
Conversations/Bank/Olric/Market Lines/market_taliferro/market_taliferro_1/1	The kind you eat, obviously!	Bah, le type qui se mange !	Очевидно — съедобную!	The kind you eat, obviously!
Conversations/Bank/Olric/Market Lines/market_taliferro/market_taliferro_1/init	I told Taliferro I like food, and he asked what kind...	J'ai dit à Taliferro que j'aimais la nourriture. Il m'a demandé quel type...	Я сказал Талиферро, что люблю еду, а он спросил: «Какую?»	I told Taliferro I like food, and he asked what kind...
Conversations/Bank/Olric/Market Lines/market_taliferro/market_taliferro_2/1	So maybe Taliferro just needs a big bro!	Taliferro a peut-être juste besoin d'un grand frère !	Может, ему просто нужен старший бро!	So maybe Taliferro just needs a big bro!
Conversations/Bank/Olric/Market Lines/market_taliferro/market_taliferro_2/init	I don't really like how Taliferro talks to people, but then I thought he sounds kinda like March on a bad day.	Je n'aime pas la façon dont Taliferro parle aux gens, puis j'ai trouvé que March était pareil dans ses mauvais jours.	Мне ужасно не нравится, как Талиферро обращается с людьми, он звучит, как Март в плохой день.	I don't really like how Taliferro talks to people, but then I thought he sounds kinda like March on a bad day.
Conversations/Bank/Olric/Market Lines/market_taliferro/market_taliferro_3/1	But it tastes awesome! How does he do that, [Ari]?	Mais c'est super bon ! Comment fait-il, [Ari] ?	Но вкус потрясный! Как у него это получается, [Ari]?	But it tastes awesome! How does he do that, [Ari]?
Conversations/Bank/Olric/Market Lines/market_taliferro/market_taliferro_3/init	Taliferro's cooking makes me kinda sad... it's always all small and doesn't look like food.	La cuisine de Taliferro ne me met pas en appétit... Il n'y a rien à manger et ça ne ressemble pas à de la nourriture.	Блюда у Талиферро всегда выглядят так грустно... Они такие маленькие и не похожи на еду.	Taliferro's cooking makes me kinda sad... it's always all small and doesn't look like food.
Conversations/Bank/Olric/Market Lines/market_taliferro/market_taliferro_4/1	But [Ari], I help at the forge! I can totally stand the heat!	Mais je travaille avec March, [Ari] ! S'il y a bien une chose que je supporte, c'est la pression !	Но, [Ari], я же помогаю в кузнице! Я прекрасно выношу жар!	But [Ari], I help at the forge! I can totally stand the heat!
Conversations/Bank/Olric/Market Lines/market_taliferro/market_taliferro_4/init	Taliferro told me that if I can't stand the heat, to get out of the kitchen...	Taliferro m'a dit que si je ne supportais pas la pression, je n'avais qu'à sortir de la cuisine...	Талиферро мне сказал: не выносишь жар — не суйся на кухню...	Taliferro told me that if I can't stand the heat, to get out of the kitchen...
Conversations/Bank/Olric/Market Lines/market_vera_1/market_vera_1/init	Vera says she can dye my hair blonde, but what if I dyed it the same color as March?	Vera m'a proposé de me teindre en blond, mais si je me faisais plutôt la même couleur que March ?	Вера говорит, может покрасить мои волосы в светлый цвет. Но что, если я покрашусь в тот же цвет, что у Марта?	Vera says she can dye my hair blonde, but what if I dyed it the same color as March?
Conversations/Bank/Olric/Market Lines/market_vera_2/market_vera_2/init	March goes to see Vera whenever she's at the Saturday Market... he likes to put the red back in before his roots start to show.	March va toujours voir Vera quand elle est au marché, le samedi. Il se fait teindre les cheveux avant qu'on voie les racines.	Март ходит к Вере каждый раз, когда она на Субботнем базаре... он любит подкрашивать свои красные волосы, когда корни отрастают.	March goes to see Vera whenever she's at the Saturday Market... he likes to put the red back in before his roots start to show.
Conversations/Bank/Olric/Market Lines/market_vera_3/market_vera_3/init	I'll leave the hair-dyeing to my bro... I like to go au naturel!	Les colorations, je laisse ça à mon frère... Moi, je préfère ma couleur naturelle.	Оставлю покраску моему бро... сам я люблю естественность!	I'll leave the hair-dyeing to my bro... I like to go au naturel!
Conversations/Bank/Olric/Market Lines/market_vera_4/market_vera_4/init	Don't sweat it, Vera has plenty of hair dye... I helped haul the barrels in myself.	Vera a énormément de couleurs différentes... Je le sais, parce que je l'ai aidée à transporter les tonneaux.	Не переживай, у Веры полно краски... я сам помогал таскать бочки!	Don't sweat it, Vera has plenty of hair dye... I helped haul the barrels in myself.
Conversations/Bank/Olric/Market Lines/market_wheedle_1/market_wheedle_1/1	I mean, a super special stone? You know I've gotta have it!	Tu imagines, une pierre d'exception ? Il me la faut !	Супернеобычный камень — это мне точно надо!	I mean, a super special stone? You know I've gotta have it!
Conversations/Bank/Olric/Market Lines/market_wheedle_1/market_wheedle_1/init	Wheedle offered to sell me a super special =Stone= for 1000t! He said it was a real bargain!	Wheedle m'a proposé une =pierre= d'exception pour 1 000 tesserae. Il a dit que c'était l'affaire du siècle !	Хлюст предложил мне купить супернеобычный =камень= за 1000 тессер! Сказал, что это ещё дёшево!	Wheedle offered to sell me a super special =Stone= for 1000t! He said it was a real bargain!
Conversations/Bank/Olric/Market Lines/market_wheedle_2/market_wheedle_2/1	I don't know, [Ari]... what's the conversion rate for Wheedle Bucks? Is it good?	Je ne sais pas, [Ari]... Ça donne quoi, le cours du Wheedollar ? Plutôt bon ?	Не знаю, [Ari]... Какой сейчас у хлюстолларов курс? Хороший?	I don't know, [Ari]... what's the conversion rate for Wheedle Bucks? Is it good?
Conversations/Bank/Olric/Market Lines/market_wheedle_2/market_wheedle_2/init	Wheedle wanted to hire me, and said he'd pay me in Wheedle Bucks!	Wheedle voudrait m'engager. Il a dit qu'il me paierait en Wheedollars !	Хлюст хотел меня нанять и сказал, что будет платить хлюстолларами!	Wheedle wanted to hire me, and said he'd pay me in Wheedle Bucks!
Conversations/Bank/Olric/Market Lines/market_wheedle_3/market_wheedle_3/1	So of course I bought it!	Donc, je lui ai acheté !	Разумеется, я его купил!	So of course I bought it!
Conversations/Bank/Olric/Market Lines/market_wheedle_3/market_wheedle_3/init	Wheedle was selling something he swore was a rainbow dragon scale... but I took a closer look and it was a regular piece of bismuth.	Wheedle vendait ce qu'il assurait être une écaille de dragon arc-en-ciel. À y regarder de plus près, c'était un simple morceau de bismuth.	Хлюст продавал штучку, которую называл чешуёй радужного дракона... Но я присмотрелся поближе и увидел, что это обыкновенный висмут.	Wheedle was selling something he swore was a rainbow dragon scale... but I took a closer look and it was a regular piece of bismuth.
Conversations/Bank/Olric/Market Lines/market_wheedle_4/market_wheedle_4/1	Of course I bought it! I'll let you know how it goes, [Ari]!	Bien entendu, j'en ai acheté. Je te dirai ce que ça donne, [Ari].	И я, конечно же, купил! Я тебе расскажу, если сработает, [Ari]!	Of course I bought it! I'll let you know how it goes, [Ari]!
Conversations/Bank/Olric/Market Lines/market_wheedle_4/market_wheedle_4/init	Wheedle said I should buy some $Fast Food$, so I run faster when I go for a morning jog...	Wheedle m'a conseillé les $encas sur le pouce$ pour courir plus vite pendant mon jogging matinal...	Хлюст сказал, что, если я куплю $фастфуд$, то буду бегать быстрее во время пробежки по утрам...	Wheedle said I should buy some $Fast Food$, so I run faster when I go for a morning jog...
Conversations/Bank/Olric/Market Lines/market_zorel_1/market_zorel_1/1	"She was all like, ""booooowraaaaar"" with it!"	Elle arrivait à faire des « bouuuuuouiiiiin », avec !	Недавно она сделала такое: «пау-ви-и-и-иу»!	"She was all like, ""booooowraaaaar"" with it!"
Conversations/Bank/Olric/Market Lines/market_zorel_1/market_zorel_1/init	Zorel can really wail on that lute of hers!	Zorel sait vraiment tirer des sons plaintifs de son luth !	Зорель извлекает из своей лютни такие стоны!	Zorel can really wail on that lute of hers!
Conversations/Bank/Olric/Museum Lines/faceted_rock_gem/faceted_rock_gem/1	You've got a good eye for cool rocks.	Tu as l'œil pour les belles pierres.	У тебя отличный вкус на крутые камни.	You've got a good eye for cool rocks.
Conversations/Bank/Olric/Museum Lines/faceted_rock_gem/faceted_rock_gem/init	I was at the Museum earlier and I saw that $Faceted Rock Gem$! Did you donate that, [Ari]?	Je suis passé au musée, il n'y a pas longtemps, et j'ai vu la $pierre de roche ciselée$ ! C'est toi qui l'as trouvée, [Ari] ?	Я был в музее и видел этот $гранёный камень$! Это ты <p>пожертвовали</p><f>пожертвовала</f><m>пожертвовал</m><n>пожертвовало</n>, [Ari]?	I was at the Museum earlier and I saw that $Faceted Rock Gem$! Did you donate that, [Ari]?
Conversations/Bank/Olric/Museum Lines/iron_fish/iron_fish/init	That $Iron Fish$ at the Museum... how come it doesn't sink in the water?	Ce $poisson de fer$, au musée... Comment ça se fait qu'il ne coule pas dans l'eau ?	<p>Видели</p><f>Видела</f><m>Видел</m><n>Видело</n> $рыбу-железку$ в музее? Почему она не тонет в воде?..	That $Iron Fish$ at the Museum... how come it doesn't sink in the water?
Conversations/Bank/Olric/Museum Lines/mist_crystal/mist_crystal/1	I've heard of ringing rocks... rock guys call them lithophonic rocks...	J'ai déjà entendu parler de pierres qui chantent, les spécialistes appellent ça des phonolithes...	Я слышал про поющие камни... Кто разбирается, ещё называют их «звенящие камни»...	I've heard of ringing rocks... rock guys call them lithophonic rocks...
Conversations/Bank/Olric/Museum Lines/mist_crystal/mist_crystal/2	But a windy crystal? That's new to me!	Mais un cristal empli de vent ? C'est une nouveauté !	Но кристалл со звуком ветра? Это что-то новенькое!	But a windy crystal? That's new to me!
Conversations/Bank/Olric/Museum Lines/mist_crystal/mist_crystal/init	That $Mist Crystal$ at the Museum makes a sound like gusting wind when you hold it to your ear.	Ce $cristal de brume$, au musée, on entend comme des bourrasques de vent quand on le colle à l'oreille.	В музее есть $туманный кристалл$. Он издаёт звук, как ревущий ветер, если его приложить к уху.	That $Mist Crystal$ at the Museum makes a sound like gusting wind when you hold it to your ear.
Conversations/Bank/Olric/Museum Lines/rockbiter/rockbiter/1	My natural enemy... whoa...	Eh bien, c'est mon ennemi...	Мой природный враг... вау...	My natural enemy... whoa...
Conversations/Bank/Olric/Museum Lines/rockbiter/rockbiter/init	Errol said that new fish over at the Museum is called a $Rockbiter$... on account of it chews up rocks?	Errol m'a dit que le nouveau poisson du musée s'appelait un $croqueroche$... C'est parce qu'il mange des cailloux ?	Эррол сказал, что новая рыбка в музее называется $камнегрыз$... потому что она жует камни?	Errol said that new fish over at the Museum is called a $Rockbiter$... on account of it chews up rocks?
Conversations/Bank/Olric/Museum Lines/shale_grass/shale_grass/1	I don't get it!	Je ne comprends pas !	Ничего не понимаю!	I don't get it!
Conversations/Bank/Olric/Museum Lines/shale_grass/shale_grass/init	Errol told me that the $Shale Grass$ at the Museum isn't made of shale at all! It's grass!	Errol m'a dit que l'$herbe de schiste$ du musée n'était pas du tout composée de schiste. C'est juste de l'herbe !	Эррол сказал, что $сланец-трава$ в музее вообще не из сланца! Это трава!	Errol told me that the $Shale Grass$ at the Museum isn't made of shale at all! It's grass!
Conversations/Bank/Olric/Museum Lines/shortcut_scroll/shortcut_scroll/1	Would've been handy back when I worked the Mines.	Ça m'aurait bien servi quand j'étais mineur.	Вот бы он был у меня, когда я работал в шахтах.	Would've been handy back when I worked the Mines.
Conversations/Bank/Olric/Museum Lines/shortcut_scroll/shortcut_scroll/2	Too bad about the earthquake messing it up, huh?	Dommage que tout soit sens dessus dessous à cause du tremblement de terre, pas vrai ?!	Жаль, что землетрясение всё испортило, хм?	Too bad about the earthquake messing it up, huh?
Conversations/Bank/Olric/Museum Lines/shortcut_scroll/shortcut_scroll/init	Errol showed me that $Shortcut Scroll$ you dropped off at the Museum, [Ari]!	Errol m'a montré le $parchemin de raccourci$ que tu as offert au musée, [Ari] !	Эррол показал мне $свиток короткого пути$, который ты <p>принесли</p><f>принесла</f><m>принёс</m><n>принесло</n> в музей, [Ari]!	Errol showed me that $Shortcut Scroll$ you dropped off at the Museum, [Ari]!
Conversations/Bank/Olric/Museum Lines/silver_squid/silver_squid/1	That's kinda how I think of you, [Ari]! A good omen! But for all of Mistria!	C'est un peu comme ça que je te vois, [Ari] ! Tu es un bon présage. Mais pour tout Mistria !	А я считаю, что это ты, [Ari]! Доброе предзнаменование для всей Мистрии!	That's kinda how I think of you, [Ari]! A good omen! But for all of Mistria!
Conversations/Bank/Olric/Museum Lines/silver_squid/silver_squid/2	Whoa, are you a squid?	Waouh, attends... tu es un calmar ?	Погоди-ка, а ты, случайно, не кальмар?	Whoa, are you a squid?
Conversations/Bank/Olric/Museum Lines/silver_squid/silver_squid/init	You caught that $Silver Squid$ over at the Museum, right? Terithia says it's a good omen...	C'est toi qui as attrapé ce $calmar argenté$ qu'on trouve au musée, non ? Terithia dit que c'est un bon présage...	Это ты <p>поймали</p><f>поймала</f><m>поймал</m><n>поймало</n> $серебряного кальмара$, который у нас в музее? Теризия говорит, это доброе предзнаменование...	You caught that $Silver Squid$ over at the Museum, right? Terithia says it's a good omen...
Conversations/Bank/Olric/Museum Lines/tiny_volcano/tiny_volcano/1	I want to know!	J'aimerais bien savoir.	Интересно было бы узнать!	I want to know!
Conversations/Bank/Olric/Museum Lines/tiny_volcano/tiny_volcano/init	That $Tiny Volcano$ at the Museum... do you think it makes tiny basalt? Tiny rhyolite?	Ce $mini volcan$ au musée... Tu crois qu'il est fait de mini basalte ? Ou de mini rhyolite ?	Я увидел в музее $вулканчик$... Как ты думаешь, из него получается крошечный базальт? Крошечный риолит?	That $Tiny Volcano$ at the Museum... do you think it makes tiny basalt? Tiny rhyolite?
Conversations/Bank/Olric/Museum Lines/void_stone/void_stone/1	If I look at it too long, I start to feel kinda funny.	Si je la fixe trop longtemps, je commence à me sentir tout drôle.	Я неуютно себя чувствую, если долго в него всматриваюсь.	If I look at it too long, I start to feel kinda funny.
Conversations/Bank/Olric/Museum Lines/void_stone/void_stone/init	You know, normally I like rocks, but that $Void Stone$ over at the Museum...	Tu sais, en général, j'aime toutes les roches, mais cette $pierre du néant$, au musée...	Знаешь, я обычно люблю камни, но этот $пустотный камень$ в музее...	You know, normally I like rocks, but that $Void Stone$ over at the Museum...
