key	english	french	russian	bulgarian
Conversations/Bank/Seridia/Banked Lines/basement/basement_1/init	Greetings, [Ari].	Je te salue, [Ari].	Приветствую, [Ari].	Greetings, [Ari].
Conversations/Bank/Seridia/Banked Lines/basement/basement_2/init	Yes? Did you need something, [Ari]?	Oui ? As-tu besoin de quelque chose, [Ari] ?	Да? Тебе что-то нужно, [Ari]?	Yes? Did you need something, [Ari]?
Conversations/Bank/Seridia/Banked Lines/bathhouse/bathhouse_0/1	Juniper sets the ambiance well.	Juniper sait créer une ambiance.	Джунипер умеет создать правильную атмосферу.	Juniper sets the ambiance well.
Conversations/Bank/Seridia/Banked Lines/bathhouse/bathhouse_0/init	The aromas that fill this bathhouse... they are invigorating.	Les arômes qui emplissent ces bains... Ils sont revigorants.	Ароматы в этой купальне... помогают взбодриться.	The aromas that fill this bathhouse... they are invigorating.
Conversations/Bank/Seridia/Banked Lines/bathhouse/bathhouse_1/1	What? It is a figure of speech.	Qu'y a-t-il ? C'est juste une façon de parler.	Что? Это просто фигура речи.	What? It is a figure of speech.
Conversations/Bank/Seridia/Banked Lines/bathhouse/bathhouse_1/init	Oh, this bathhouse is a luxury worth killing for.	Oh ! Je pourrais tuer pour savourer le luxe de ces bains.	О, за такую роскошь, как эта купальня, я готова убить.	Oh, this bathhouse is a luxury worth killing for.
Conversations/Bank/Seridia/Banked Lines/bathhouse/bathhouse_2/1	I will have a word with Dozy about it.	Il faudra que j'en parle à Dozy.	Надо будет обсудить это с Дрёмой.	I will have a word with Dozy about it.
Conversations/Bank/Seridia/Banked Lines/bathhouse/bathhouse_2/init	Try as I might, the bins in the changing room are not big enough to hold my armor...	J'ai beau essayer, les paniers à disposition dans les vestiaires ne sont pas assez grands pour contenir mon armure.	Мои доспехи не вмещаются в корзины в раздевалке, как бы я ни старалась...	Try as I might, the bins in the changing room are not big enough to hold my armor...
Conversations/Bank/Seridia/Banked Lines/bathhouse/bathhouse_3/1	I never did find a hot spring large enough to accommodate my draconic form.	Je ne suis jamais parvenue à trouver une source chaude assez vaste pour accueillir ma forme de dragon.	В драконьем обличье мне так и не удалось отыскать горячий источник подходящего размера.	I never did find a hot spring large enough to accommodate my draconic form.
Conversations/Bank/Seridia/Banked Lines/bathhouse/bathhouse_3/init	It is a pleasure to enjoy a hot bath in a mortal body.	C'est un plaisir de savourer un bain chaud dans un corps mortel.	В теле смертного очень приятно принимать горячую ванну.	It is a pleasure to enjoy a hot bath in a mortal body.
Conversations/Bank/Seridia/Banked Lines/bathhouse/bathhouse_4/1	I will make accommodations for her feelings. For now.	Je vais prendre en compte son ressenti. Pour l'instant.	Пожалуй, я проявлю уважение к её чувствам. На сей раз.	I will make accommodations for her feelings. For now.
Conversations/Bank/Seridia/Banked Lines/bathhouse/bathhouse_4/2	But perhaps, once she is distracted...	Mais peut-être qu'un jour où elle sera distraite...	Но, возможно, когда она отвлечётся...	But perhaps, once she is distracted...
Conversations/Bank/Seridia/Banked Lines/bathhouse/bathhouse_4/init	I came here to wash my armor in the magic-infused water of this bathhouse... but it seems Juniper is against such things.	Je suis venue ici pour laver mon armure dans les eaux imprégnées de magie de ces bains... mais Juniper y semble opposée.	Я хотела омыть свои доспехи в богатых магией водах этой купальни... Но оказалось, что Джунипер это не по нраву.	I came here to wash my armor in the magic-infused water of this bathhouse... but it seems Juniper is against such things.
Conversations/Bank/Seridia/Banked Lines/bathhouse/bathhouse_5/1	But as a dragon, I wouldn't mind if the water was a few hundred degrees hotter.	Mais en tant que dragon, il ne me déplairait pas que cette eau ait quelques centaines de degrés de plus.	Но, будучи драконом, я была бы не прочь сделать на сто-двести градусов погорячее.	But as a dragon, I wouldn't mind if the water was a few hundred degrees hotter.
Conversations/Bank/Seridia/Banked Lines/bathhouse/bathhouse_5/init	The temperature of the baths is pleasant enough...	La température de ces bains est assez plaisante...	Температура воды в купальне достаточно приятна...	The temperature of the baths is pleasant enough...
Conversations/Bank/Seridia/Banked Lines/beach/beach_0/1	Long ago, I wished to test my mettle against the strongest foes I could find. And so, I followed the peculiar tale of a terrifying sea beast to the source.	Il y a fort longtemps, j'ai voulu me mesurer aux ennemis les plus redoutables. J'ai donc tenté de retrouver une créature marine légendaire et terrifiante.	Когда-то давно я решила померяться силами с самыми грозными противниками. Тогда я отыскала источник занимательных рассказов про ужасное морское чудище.	Long ago, I wished to test my mettle against the strongest foes I could find. And so, I followed the peculiar tale of a terrifying sea beast to the source.
Conversations/Bank/Seridia/Banked Lines/beach/beach_0/2	What I found was a shark, of a bloodthirsty ferocity that impressed even me. It sensed in me a fellow predator, and charged without hesitation.	J'ai découvert un requin d'une férocité sanguinaire, impressionnante même pour moi. Il a senti en moi un prédateur rival et m'a chargée sans hésiter.	И нашла акулу, которая привела меня в восторг своей свирепостью и кровожадностью. Она сразу учуяла во мне собрата-хищника и бесстрашно понеслесь мне навстречу.	What I found was a shark, of a bloodthirsty ferocity that impressed even me. It sensed in me a fellow predator, and charged without hesitation.
Conversations/Bank/Seridia/Banked Lines/beach/beach_0/3	We fought for three days and nights, and in the end, I emerged victorious. I took its mighty cartilaginous jaw and preserved it as my trophy...	Nous avons combattu trois jours et trois nuits et j'ai fini par l'emporter. J'ai conservé en trophée sa puissante mâchoire cartilagineuse...	Мы сражались три дня и три ночи, и наконец я одержала победу. Я вырезала её могучий челюстной хрящ и забрала в качестве трофея...	We fought for three days and nights, and in the end, I emerged victorious. I took its mighty cartilaginous jaw and preserved it as my trophy...
Conversations/Bank/Seridia/Banked Lines/beach/beach_0/4	And that is the story of how I came to possess my swim attire.	Et c'est ainsi que j'ai obtenu ce qui me sert aujourd'hui de maillot de bain.	Вот так у меня и появился купальник.	And that is the story of how I came to possess my swim attire.
Conversations/Bank/Seridia/Banked Lines/beach/beach_0/init	I have a story to tell you, [Ari].	J'ai une histoire à te raconter, [Ari].	Расскажу тебе одну историю, [Ari].	I have a story to tell you, [Ari].
Conversations/Bank/Seridia/Banked Lines/beach/beach_1/1	If you explore deep enough, it becomes quiet and dark as night. The fish glow like little stars.	Lorsqu'on plonge assez profondément, tout devient noir et silencieux comme la nuit. Les poissons brillent, telles de petites étoiles.	Если зайти вдаль от берега, он становится тихий и тёмный, словно сама ночь. А рыбы мерцают, как звёздочки.	If you explore deep enough, it becomes quiet and dark as night. The fish glow like little stars.
Conversations/Bank/Seridia/Banked Lines/beach/beach_1/2	Night above, and below... the thought pleases me.	La nuit, au-dessus et en dessous... Cette idée me plaît.	Ночь наверху и ночь подо мной... Это приятное чувство.	Night above, and below... the thought pleases me.
Conversations/Bank/Seridia/Banked Lines/beach/beach_1/init	I am partial to the ocean.	J'ai un faible pour l'océan.	Я питаю слабость к океану.	I am partial to the ocean.
Conversations/Bank/Seridia/Banked Lines/beach/beach_2/1	And then, as though to bolster its defiance, it pinched me again.	Et puis, comme pour appuyer son attitude de défi, il m'a pincée à nouveau.	А затем ущипнул ещё раз, с удвоенной дерзостью.	And then, as though to bolster its defiance, it pinched me again.
Conversations/Bank/Seridia/Banked Lines/beach/beach_2/2	I admire such pluck. Yes... that little crab will go far.	J'admire une telle audace. Oui... Ce petit crabe ira loin.	Я поощряю такую отвагу. Да... У маленького краба большое будущее.	I admire such pluck. Yes... that little crab will go far.
Conversations/Bank/Seridia/Banked Lines/beach/beach_2/init	I was walking along the shore when a little crab pinched me.	Je marchais le long du rivage quand un petit crabe m'a pincée.	Я прогуливалась вдоль берега, как вдруг меня ущипнул краб.	I was walking along the shore when a little crab pinched me.
Conversations/Bank/Seridia/Banked Lines/beach/beach_3/1	It pleases me to view this idyllic scene...	Il me plaît de contempler ce paysage idyllique...	Мне нравится наблюдать за этим безмятежным пейзажем...	It pleases me to view this idyllic scene...
Conversations/Bank/Seridia/Banked Lines/beach/beach_3/2	Waiting for the illusion to shatter when a mighty sea monster rears its head to challenge me.	Et d'attendre que l'illusion se brise quand un puissant monstre marin se dressera pour me défier.	И ждать, когда эта иллюзия рухнет и могучее морское чудовище поднимет голову из глубин, бросая мне вызов.	Waiting for the illusion to shatter when a mighty sea monster rears its head to challenge me.
Conversations/Bank/Seridia/Banked Lines/beach/beach_3/3	But do not worry. I will fell any foe that dares to approach.	Mais ne t'inquiète pas. Je vaincrai n'importe quel ennemi qui aura l'audace d'approcher.	Только не переживай. Я сражу любого, кто пойдёт мне навстречу.	But do not worry. I will fell any foe that dares to approach.
Conversations/Bank/Seridia/Banked Lines/beach/beach_3/4	Like now! Look there!	Comme là ! Regarde !	Вон, смотри! Вот там!	Like now! Look there!
Conversations/Bank/Seridia/Banked Lines/beach/beach_3/5	Ah. It is just more driftwood. What a shame.	Ah. Ce n'est que du bois flotté. Quel dommage !	А, опять коряга. Какая жалость.	Ah. It is just more driftwood. What a shame.
Conversations/Bank/Seridia/Banked Lines/beach/beach_3/init	Would you like to watch the waves with me, [Ari]?	Aimerais-tu regarder les vagues avec moi, [Ari] ?	Ты желаешь понаблюдать за волнами со мной, [Ari]?	Would you like to watch the waves with me, [Ari]?
Conversations/Bank/Seridia/Banked Lines/beach/beach_4/1	Such a gesture is unnecessary... I prefer to use my claws when hunting.	Ce genre de geste n'est pas nécessaire... Je préfère utiliser mes griffes pour la chasse.	Напрасная щедрость... Я предпочитаю охотиться с помощью когтей.	Such a gesture is unnecessary... I prefer to use my claws when hunting.
Conversations/Bank/Seridia/Banked Lines/beach/beach_4/init	Terithia saw me stalking along the water's edge and offered me one of her fishing rods.	Terithia m'a vue rôder au bord de l'eau et m'a proposé l'une de ses cannes à pêche.	Теризия увидела, как я брожу возле воды, и предложила мне свою удочку.	Terithia saw me stalking along the water's edge and offered me one of her fishing rods.
Conversations/Bank/Seridia/Banked Lines/contemplation/contemplation_0/1	A place with an embrace beyond all limits, where a mortal body would surely shatter.	Un endroit dont l'étreinte ne connaît aucune limite, où un corps mortel serait sûrement brisé.	Океан там сжимает со всех сторон, будто в крепких объятиях, от которых бы раздробилось тело любого смертного.	A place with an embrace beyond all limits, where a mortal body would surely shatter.
Conversations/Bank/Seridia/Banked Lines/contemplation/contemplation_0/2	To a dragon, it is like a sanctuary. Deathly...	Pour un dragon, ce serait là un sanctuaire. Fatal...	Для дракона это заповедное место. Смертельно опасное...	To a dragon, it is like a sanctuary. Deathly...
Conversations/Bank/Seridia/Banked Lines/contemplation/contemplation_0/3	And thus, peaceful.	Et par conséquent, paisible.	И потому спокойное.	And thus, peaceful.
Conversations/Bank/Seridia/Banked Lines/contemplation/contemplation_0/init	Deep in the ocean, there is a place that no light can reach.	Au plus profond de l'océan se trouve un lieu que la lumière ne peut atteindre.	В глубине океана есть место, куда не достигает свет.	Deep in the ocean, there is a place that no light can reach.
Conversations/Bank/Seridia/Banked Lines/contemplation/contemplation_1/1	But it has been countless ages since that time.	Mais bien des lustres se sont écoulés depuis lors.	Но с тех пор прошли несчётные столетия.	But it has been countless ages since that time.
Conversations/Bank/Seridia/Banked Lines/contemplation/contemplation_1/2	I wonder... What remains from that era?	Que reste-t-il de cette époque ? Je me le demande.	Интересно... Что сохранилось с той эпохи?	I wonder... What remains from that era?
Conversations/Bank/Seridia/Banked Lines/contemplation/contemplation_1/3	And what must I teach mortals anew?	Et que dois-je à nouveau enseigner aux mortels ?	И чему мне следует учить смертных вновь?	And what must I teach mortals anew?
Conversations/Bank/Seridia/Banked Lines/contemplation/contemplation_1/init	I was once worshipped as a goddess in this land.	J'étais jadis vénérée comme une déesse sur ces terres.	Когда-то в этих землях меня почитали как богиню.	I was once worshipped as a goddess in this land.
Conversations/Bank/Seridia/Banked Lines/general_store/general_store_0/1	Look! The myriad colors of fruit rival that of my glittering hoard.	Regarde ! La myriade de couleurs de ces fruits rivalise avec mes richesses scintillantes.	Взгляни! Плоды переливаются мириадами красок, словно лучшие из моих сокровищ.	Look! The myriad colors of fruit rival that of my glittering hoard.
Conversations/Bank/Seridia/Banked Lines/general_store/general_store_0/init	The variety of foods this little store is able to stock is impressive.	La diversité d'aliments que cette petite boutique a en réserve est impressionnante.	Этот маленький магазинчик обеспечивает поистине впечатляющее разнообразие пищи.	The variety of foods this little store is able to stock is impressive.
Conversations/Bank/Seridia/Banked Lines/generic/generic_0/1	It is like watching an anthill inside of a jar.	C'est comme contempler une fourmilière dans un bocal.	Это как наблюдать за муравьиной кучей в банке.	It is like watching an anthill inside of a jar.
Conversations/Bank/Seridia/Banked Lines/generic/generic_0/init	It delights me, the bustle of mortals going about their daily lives.	L'agitation des mortels vaquant à leurs occupations me réjouit.	Мне нравится наблюдать, как смертные суетятся изо дня в день.	It delights me, the bustle of mortals going about their daily lives.
Conversations/Bank/Seridia/Banked Lines/generic/generic_1/1	Perhaps I should practice my new spells in the village square.	Je devrais peut-être m'entraîner à mes nouveaux sorts sur la place du village.	Может, мне стоит испытать мои новые заклинания на главной площади.	Perhaps I should practice my new spells in the village square.
Conversations/Bank/Seridia/Banked Lines/generic/generic_1/2	It would certainly liven things up.	Cela mettrait sans aucun doute de l'animation.	Это точно их взбодрит.	It would certainly liven things up.
Conversations/Bank/Seridia/Banked Lines/generic/generic_1/init	Sometimes I look around and think these townsfolk have become too complacent.	Parfois, je regarde autour de moi et je me dis que ces villageois sont devenus bien trop insouciants.	Иногда я смотрю вокруг и думаю, что местные жители слишком расслабились.	Sometimes I look around and think these townsfolk have become too complacent.
Conversations/Bank/Seridia/Banked Lines/generic/generic_2/1	Time is cyclical, and our reign of fire will surely burn again.	Le temps s'écoule de manière cyclique et notre règne de feu brûlera de nouveau un jour.	Время идёт по кругу. Когда-нибудь наше огненное царство обязательно разгорится вновь.	Time is cyclical, and our reign of fire will surely burn again.
Conversations/Bank/Seridia/Banked Lines/generic/generic_2/init	The age of dragons may have passed, but do not fret.	L'époque des dragons est révolue, mais ne t'inquiète pas.	Времена драконов прошли, но не предавайся отчаянию.	The age of dragons may have passed, but do not fret.
Conversations/Bank/Seridia/Banked Lines/generic/generic_3/1	We should do as we did in my youth...	Nous devrions faire comme au temps de ma jeunesse...	Надо попробовать развлечься, как в молодости...	We should do as we did in my youth...
Conversations/Bank/Seridia/Banked Lines/generic/generic_3/2	Single out the brawniest mortals and make them fight for our entertainment.	Distinguer les mortels les plus combatifs et les faire s'affronter pour notre divertissement.	Выбрать самых крепких смертных и заставить их сражаться нам на потеху.	Single out the brawniest mortals and make them fight for our entertainment.
Conversations/Bank/Seridia/Banked Lines/generic/generic_3/3	Then the winner will have the honor of fighting me.	Le vainqueur aurait ensuite l'honneur de se battre contre moi.	А победитель заслужит честь сражаться со мной.	Then the winner will have the honor of fighting me.
Conversations/Bank/Seridia/Banked Lines/generic/generic_3/4	What do you say, [Ari]?	Qu'en dis-tu, [Ari] ?	Что скажешь, [Ari]?	What do you say, [Ari]?
Conversations/Bank/Seridia/Banked Lines/generic/generic_3/init	Today, I find myself feeling listless.	Je me sens apathique, aujourd'hui.	Сегодня я чувствую необыкновенное утомление.	Today, I find myself feeling listless.
Conversations/Bank/Seridia/Banked Lines/generic/generic_4/1	It is a mode of expression that I favor.	C'est un mode d'expression que je privilégie.	Для меня это наиболее привычный способ самовыражения.	It is a mode of expression that I favor.
Conversations/Bank/Seridia/Banked Lines/generic/generic_4/2	Perhaps you and I can bring it back into fashion.	Peut-être que toi et moi, nous pourrions le remettre à la mode.	Возможно, вместе у нас получится вернуть его в моду.	Perhaps you and I can bring it back into fashion.
Conversations/Bank/Seridia/Banked Lines/generic/generic_4/init	I am surprised the people of this era do not wear the bones of their enemies.	Je suis surprise que le peuple de cette époque n'arbore pas les os de ses ennemis.	Я удивлена, что люди в эту эпоху не носят кости своих врагов.	I am surprised the people of this era do not wear the bones of their enemies.
Conversations/Bank/Seridia/Banked Lines/manor_wander/manor_garden_0/1	But fear not... they will be reborn as $Rose Hips$ with the coming of winter.	Mais n'aie crainte... Elles renaîtront sous la forme d'$églantines$ à l'arrivée de l'hiver.	Но не бойся... Когда придёт зима, они переродятся в $шиповник$.	But fear not... they will be reborn as $Rose Hips$ with the coming of winter.
Conversations/Bank/Seridia/Banked Lines/manor_wander/manor_garden_0/2	Such is the cycle of death and rebirth.	Tel est le cycle de la mort et de la renaissance.	Таковы законы жизни и смерти.	Such is the cycle of death and rebirth.
Conversations/Bank/Seridia/Banked Lines/manor_wander/manor_garden_0/init	I see the $Roses$ withered at the end of summer...	Je constate que les $roses$ ont fané à la fin de l'été...	Я видела, как в конце лета увяли $розы$...	I see the $Roses$ withered at the end of summer...
Conversations/Bank/Seridia/Banked Lines/manor_wander/manor_garden_1/1	Gazing upon this manor garden, I can see that Celine has been successful in finding her path in this lifetime.	Quand je contemple le jardin de ce manoir, je constate que Céline est parvenue à trouver sa voie dans l'existence.	Присмотревшись к саду особняка, я отмечаю, что Селин удалось найти свой путь в этой жизни.	Gazing upon this manor garden, I can see that Celine has been successful in finding her path in this lifetime.
Conversations/Bank/Seridia/Banked Lines/manor_wander/manor_garden_1/2	I wonder what she might accomplish, if she turned her eye to destruction rather than creation...	Je me demande de quoi elle serait capable si elle se tournait vers la destruction, plutôt que la création...	Интересно, каких высот она смогла бы достичь, если бы обратила свои таланты на разрушение, а не на созидание...	I wonder what she might accomplish, if she turned her eye to destruction rather than creation...
Conversations/Bank/Seridia/Banked Lines/manor_wander/manor_garden_1/3	Such a thought amuses me.	Cette pensée m'amuse.	Мне занимательно об этом размышлять.	Such a thought amuses me.
Conversations/Bank/Seridia/Banked Lines/manor_wander/manor_garden_1/init	Interesting...	C'est intéressant...	Любопытно...	Interesting...
Conversations/Bank/Seridia/Banked Lines/manor_wander/manor_garden_2/1	Each inhabitant has its own needs and demands.	Chaque habitant a des besoins et des exigences qui lui sont propres.	У каждого обитателя свои желания и потребности.	Each inhabitant has its own needs and demands.
Conversations/Bank/Seridia/Banked Lines/manor_wander/manor_garden_2/2	I ruled my own kingdoms to great success for eons...	J'ai dirigé mes royaumes avec grand succès pendant des siècles...	Я управляла своими королевствами многие тысячелетия — и с большим успехом...	I ruled my own kingdoms to great success for eons...
Conversations/Bank/Seridia/Banked Lines/manor_wander/manor_garden_2/3	But unfortunately, plants seem to wither at my touch.	Mais malheureusement, les plantes semblent dépérir quand je les touche.	Но, к сожалению, растения увядают, когда я их касаюсь.	But unfortunately, plants seem to wither at my touch.
Conversations/Bank/Seridia/Banked Lines/manor_wander/manor_garden_2/init	Managing a garden is like managing a kingdom...	La gestion d'un jardin est semblable à celle d'un royaume...	Следить за садом — всё равно что следить за королевством...	Managing a garden is like managing a kingdom...
Conversations/Bank/Seridia/Banked Lines/manor_wander/manor_garden_3/1	And soon, the pretty flowers in this garden will succumb to the frosts of winter.	Et bientôt, les jolies fleurs de ce jardin succomberont aux gelées de l'hiver.	Скоро прелестные цветы в этом саду падут перед зимними холодами.	And soon, the pretty flowers in this garden will succumb to the frosts of winter.
Conversations/Bank/Seridia/Banked Lines/manor_wander/manor_garden_3/2	In death, they will nurture what comes after.	Dans la mort, elles nourriront ce qui viendra après elles.	И их смерть подготовит почву для тех, кто придёт после них.	In death, they will nurture what comes after.
Conversations/Bank/Seridia/Banked Lines/manor_wander/manor_garden_3/3	Endings always serve a purpose, you see.	Une fin sert toujours un but, vois-tu.	Как видишь, окончание — всегда лишь шаг к новой цели.	Endings always serve a purpose, you see.
Conversations/Bank/Seridia/Banked Lines/manor_wander/manor_garden_3/init	The air becomes sharp with cold...	L'air froid devient piquant...	В воздухе уже чувствуется колючий мороз...	The air becomes sharp with cold...
Conversations/Bank/Seridia/Banked Lines/manor_wander/manor_pond_0/1	There is no need to actually feed villagers to the fish... but the thought of it is enough to keep subjects in line.	Nul besoin de nourrir ces poissons avec des habitants... mais cette perspective suffit généralement à rendre des sujets dociles.	Местных жителей вовсе не обязательно отправлять им на корм... Но эта мысль поможет держать их в повиновении.	There is no need to actually feed villagers to the fish... but the thought of it is enough to keep subjects in line.
Conversations/Bank/Seridia/Banked Lines/manor_wander/manor_pond_0/2	I am not certain she took my proposal seriously...	Je ne suis pas certaine qu'elle ait pris ma proposition au sérieux.	Я не уверена, что она восприняла моё предложение всерьёз.	I am not certain she took my proposal seriously...
Conversations/Bank/Seridia/Banked Lines/manor_wander/manor_pond_0/init	I suggested to Adeline to add some man-eating fish to the manor pond.	J'ai suggéré à Adeline d'ajouter des poissons mangeurs d'hommes dans l'étang du manoir.	Я предложила Аделине добавить в пруд возле особняка рыб-людоедов.	I suggested to Adeline to add some man-eating fish to the manor pond.
Conversations/Bank/Seridia/Banked Lines/manor_wander/stele_0/1	Humans will put up a statue to commemorate anything will they not?	Les humains dressent des statues commémoratives pour n'importe quoi, non ?	Люди готовы воздвигать статуи чему попало...	Humans will put up a statue to commemorate anything will they not?
Conversations/Bank/Seridia/Banked Lines/manor_wander/stele_0/2	I have a hideous top that I do not wear anymore, perhaps the villagers would like to build a great big stele in the middle of town to immortalize it?	J'ai un petit haut très laid que je ne porte plus, peut-être qu'ils aimeraient construire une grande stèle au milieu de la ville pour l'immortaliser ?	У меня есть отвратительный, топ, который я больше не ношу. Может, они захотят увековечить его в виде большущей стелы посреди города?	I have a hideous top that I do not wear anymore, perhaps the villagers would like to build a great big stele in the middle of town to immortalize it?
Conversations/Bank/Seridia/Banked Lines/manor_wander/stele_0/2/prompts/0	So generous, what powers does it have?	C'est très généreux de ta part, quel est son pouvoir ?	Очень щедро с твоей стороны. А какие у него силы?	So generous, what powers does it have?
Conversations/Bank/Seridia/Banked Lines/manor_wander/stele_0/2/prompts/1	Look, if you're just giving away cute tops, I'll take it.	Si tu te débarrasses de tes jolis hauts, je le veux bien.	Слушай, если ты отдашь хорошенький топ просто так, то я лучше возьму себе.	Look, if you're just giving away cute tops, I'll take it.
Conversations/Bank/Seridia/Banked Lines/manor_wander/stele_0/3	...	...	...	...
Conversations/Bank/Seridia/Banked Lines/manor_wander/stele_0/4	You know what? Never mind.	Tu sais quoi ? Oublie ça.	Знаешь что? Лучше не стоит.	You know what? Never mind.
Conversations/Bank/Seridia/Banked Lines/manor_wander/stele_0/init	The villagers erected a stele to enshrine the Dragonsworn's... old boots?	Les habitants ont érigé une stèle pour conserver précieusement les... vieilles bottes du paladin du dragon ?	Местные жители возвели стелу в честь... старой обуви драконоверного?	The villagers erected a stele to enshrine the Dragonsworn's... old boots?
Conversations/Bank/Seridia/Banked Lines/manor_wander/stele_1/1	I commend you.	Tu as tout mon respect.	Хвалю.	I commend you.
Conversations/Bank/Seridia/Banked Lines/manor_wander/stele_1/init	It is impressive that you solved the mystery of the stele, [Ari].	Tu as résolu le mystère de la stèle, [Ari], c'est impressionnant.	Я впечатлена, что тебе удалось разгадать загадку этой стелы, [Ari].	It is impressive that you solved the mystery of the stele, [Ari].
Conversations/Bank/Seridia/Banked Lines/museum/museum_0/init	To think the sum of mortal knowledge could be reduced to trinkets in a room...	Imaginer que la somme des connaissances humaines puisse se réduire à quelques babioles dans une pièce...	Подумать только, все познания людей о мире помещаются в зал с необычными безделушками...	To think the sum of mortal knowledge could be reduced to trinkets in a room...
Conversations/Bank/Seridia/Banked Lines/museum/museum_1/1	Errol does a passable impression of a dragon, I think.	Errol ferait un dragon tout à fait acceptable, je crois.	А Эррол, по-моему, вполне сносно напоминает дракона.	Errol does a passable impression of a dragon, I think.
Conversations/Bank/Seridia/Banked Lines/museum/museum_1/init	What a charming hoard this museum is...	Quelle ravissante accumulation de richesses que ce musée !	Этот музей — очаровательная гора сокровищ.	What a charming hoard this museum is...
Conversations/Bank/Seridia/Banked Lines/museum/museum_2/1	It seems an age or two passed whilst I slumbered.	On dirait qu'une ère ou deux a passé pendant que j'étais plongée dans le sommeil.	Видимо, за время моего сна прошла парочка эпох.	It seems an age or two passed whilst I slumbered.
Conversations/Bank/Seridia/Banked Lines/museum/museum_2/init	I do not recognize the stylistic elements that decorate some of these artifacts.	Je ne reconnais pas les éléments stylistiques qui ornent certains de ces artéfacts.	Я не узнаю стилистические элементы в украшениях некоторых артефактов.	I do not recognize the stylistic elements that decorate some of these artifacts.
Conversations/Bank/Seridia/Banked Lines/museum/museum_ancient_crystal_goblet/1	Just now, I saw a common crystal goblet on display. I recognized a scratch on the stem... I drank from that very goblet during mealtimes.	Je viens de voir qu'un gobelet en cristal très quelconque était exposé. J'ai reconnu une rayure sur son pied... Je m'en servais pendant mes repas.	Я только что видела на витрине обыкновенный хрустальный бокал. Я распознала его по царапине на ножке... Именно из него я пила во время приёма пищи.	Just now, I saw a common crystal goblet on display. I recognized a scratch on the stem... I drank from that very goblet during mealtimes.
Conversations/Bank/Seridia/Banked Lines/museum/museum_ancient_crystal_goblet/2	Such a mundane thing. Who knew it might be revered as emblematic of the past?	Quel objet sans intérêt ! Qui aurait cru qu'il pourrait être vénéré comme un emblème du passé ?	Такая обыденная вещица. Кто бы мог подумать, что она станет ассоциироваться с древностью?	Such a mundane thing. Who knew it might be revered as emblematic of the past?
Conversations/Bank/Seridia/Banked Lines/museum/museum_ancient_crystal_goblet/init	It is unusual to see what is considered an antiquity in this day and age.	Observer ce qui est considéré comme une antiquité aujourd'hui est assez inhabituel.	Удивительно, что в нынешние дни считается древней диковинкой.	It is unusual to see what is considered an antiquity in this day and age.
Conversations/Bank/Seridia/Banked Lines/museum/museum_ancient_gold_coin/1	I commissioned that denomination myself. It was minted to commemorate my hundredth year of rule.	J'ai moi-même décidé de sa valeur. Elle fut frappée pour commémorer ma centième année de règne.	Этот выпуск отчеканили по моему личному заказу в честь столетия моего царства.	I commissioned that denomination myself. It was minted to commemorate my hundredth year of rule.
Conversations/Bank/Seridia/Banked Lines/museum/museum_ancient_gold_coin/2	You may find it difficult to make out due to the wear of centuries, but each is emblazoned with my likeness.	Cela peut être difficile à voir, en raison de l'usure des siècles, mais chacune d'elles porte mon effigie.	На каждой из них есть моё изображение. Хотя за долгие века оно во многом стёрлось, и теперь его непросто заметить.	You may find it difficult to make out due to the wear of centuries, but each is emblazoned with my likeness.
Conversations/Bank/Seridia/Banked Lines/museum/museum_ancient_gold_coin/init	That coin in the Museum display... it is a currency that circulated during my reign.	Cette pièce de monnaie, exposée dans le musée... Elle était en circulation durant mon règne.	В музее выставляется одна монета... Это валюта, которой пользовались во времена моего правления.	That coin in the Museum display... it is a currency that circulated during my reign.
Conversations/Bank/Seridia/Banked Lines/museum/museum_ancient_horn_circlet/1	I no longer find it fashionable, but... if the notion takes me, perhaps I will take it back.	Je ne le trouve plus à la mode, mais... si l'envie m'en prend, je le récupérerai peut-être.	На мой взгляд, у него недостаточно стильный фасон... Но если мне захочется, я его заберу.	I no longer find it fashionable, but... if the notion takes me, perhaps I will take it back.
Conversations/Bank/Seridia/Banked Lines/museum/museum_ancient_horn_circlet/2	It is rightfully mine, after all.	Après tout, il m'appartient de droit.	В конце концов, он по праву должен принадлежать мне.	It is rightfully mine, after all.
Conversations/Bank/Seridia/Banked Lines/museum/museum_ancient_horn_circlet/init	I just saw an old circlet of mine on display.	Je viens de voir un de mes anciens diadèmes en exposition.	Я недавно видела на витрине венец, который когда-то носила.	I just saw an old circlet of mine on display.
Conversations/Bank/Seridia/Banked Lines/musical_performance/musical_performance_0/1	They are a formidable trio.	Ils forment un trio formidable.	Из них вышло внушительное трио.	They are a formidable trio.
Conversations/Bank/Seridia/Banked Lines/musical_performance/musical_performance_0/init	Josie, Elsie, and Hemlock... look how they enthrall the masses with their performance.	Jo, Elsie et Hemlock... Regarde comme ils ravissent les foules avec leur spectacle.	Джози, Элси и Хемлок... так очаровывают публику представлением.	Josie, Elsie, and Hemlock... look how they enthrall the masses with their performance.
Conversations/Bank/Seridia/Banked Lines/musical_performance/musical_performance_1/1	I think I should like to see it.	Je crois que j'aimerais y assister.	Думаю, я послушаю с удовольствием.	I think I should like to see it.
Conversations/Bank/Seridia/Banked Lines/musical_performance/musical_performance_1/2	The nobility would surely complain of my pauldrons blocking their view... but I would make short work of them.	Les nobles se plaindraient sûrement que mes épaulières leur cachent la vue... Mais je leur réglerais vite leur compte.	Аристократы сразу начнут ворчать, что мои наплечники загораживают обзор... Но я с ними легко разделаюсь.	The nobility would surely complain of my pauldrons blocking their view... but I would make short work of them.
Conversations/Bank/Seridia/Banked Lines/musical_performance/musical_performance_1/init	If Elsie ever comes out of her self-imposed country exile and performs another opera in the Capital...	Si Elsie renonçait un jour à son exil à la campagne et offrait une autre représentation d'opéra à la capitale...	Если Элси когда-нибудь решит вернуться в столицу из своей добровольной ссылки и исполнить там оперу...	If Elsie ever comes out of her self-imposed country exile and performs another opera in the Capital...
Conversations/Bank/Seridia/Banked Lines/musical_performance/musical_performance_2/1	There is simply nothing else like it.	Il n'y a rien de comparable à cela.	Других подобных удовольствий просто нет.	There is simply nothing else like it.
Conversations/Bank/Seridia/Banked Lines/musical_performance/musical_performance_2/init	If there is one thing I will credit to you mortals above all others, it is music.	S'il y a bien une chose, plus que tout autre, dont j'attribue le mérite aux mortels, c'est la musique.	У вас, смертных, есть один талант, который я не могу не признать, — это музыка.	If there is one thing I will credit to you mortals above all others, it is music.
Conversations/Bank/Seridia/Banked Lines/season/fall_1/1	And the wasting season makes way for the cold, dark season of slumber.	Et celle-ci préfigure la saison, sombre et froide, du sommeil.	А за сезоном увядания следует холодный и тёмный сезон спячки.	And the wasting season makes way for the cold, dark season of slumber.
Conversations/Bank/Seridia/Banked Lines/season/fall_1/2	The thought of that makes me smile.	Cette pensée me donne le sourire.	От этой мысли я невольно улыбаюсь.	The thought of that makes me smile.
Conversations/Bank/Seridia/Banked Lines/season/fall_1/init	The air has become quite brisk. That heralds the wasting season.	L'air s'est beaucoup rafraîchi. Voilà qui annonce la saison de la dégénérescence.	Ветер — предвестник сезона увядания. И сейчас он стал прохладным и порывистым.	The air has become quite brisk. That heralds the wasting season.
Conversations/Bank/Seridia/Banked Lines/season/fall_2/1	While the sentiment pleases me...	Bien que cette opinion me plaise...	И, хоть это утверждение доставляет мне удовольствие...	While the sentiment pleases me...
Conversations/Bank/Seridia/Banked Lines/season/fall_2/2	In reality, spirits wander in every season.	En réalité, les esprits errent en toute saison.	На самом деле бродячие духи встречаются во все сезоны.	In reality, spirits wander in every season.
Conversations/Bank/Seridia/Banked Lines/season/fall_2/3	Death does not vacation, [Ari].	La mort ne prend pas de vacances, [Ari].	От смерти нет отпуска, [Ari].	Death does not vacation, [Ari].
Conversations/Bank/Seridia/Banked Lines/season/fall_2/init	It seems that in this era, autumn is considered the season of ghosts.	Il semble que dans cette région, l'automne soit considéré comme la saison des fantômes.	Как я вижу, в эту эпоху осень считается порой призраков.	It seems that in this era, autumn is considered the season of ghosts.
Conversations/Bank/Seridia/Banked Lines/season/summer_1/1	Curious that it is no longer the case.	Il est curieux que cela ne soit plus le cas.	Занимательно, что эта мода прошла.	Curious that it is no longer the case.
Conversations/Bank/Seridia/Banked Lines/season/summer_1/init	In my time, summer was the season for chainmail garments.	À mon époque, l'été était la saison des vêtements en cotte de mailles.	В мои времена лето было порой кольчужных одеяний.	In my time, summer was the season for chainmail garments.
Conversations/Bank/Seridia/Banked Lines/season/winter_0/1	I must give today's mortals some credit.	Je dois accorder ce crédit aux mortels d'aujourd'hui.	Должна выразить уважение смертным нынешних дней.	I must give today's mortals some credit.
Conversations/Bank/Seridia/Banked Lines/season/winter_0/2	It is wise to acknowledge anything that thrives in winter.	Il est sage de remercier tout ce qui prospère en hiver.	Разумно признавать заслуги тех, кто способен развиваться даже зимой.	It is wise to acknowledge anything that thrives in winter.
Conversations/Bank/Seridia/Banked Lines/season/winter_0/init	Mortals did not cavort in the cold season, in the time before my imprisonment.	Les mortels ne s'ébattaient pas à la saison froide, à l'époque qui a précédé mon emprisonnement.	В пору до моего заточения смертные не были так веселы зимой.	Mortals did not cavort in the cold season, in the time before my imprisonment.
Conversations/Bank/Seridia/Banked Lines/season/winter_1/1	It reminds me of taking wing, cutting through the clouds-	Cela me rappelle quand je volais, coupant à travers les nuages...	Я вспоминаю, как взмывала в воздух, разрезая облака..	It reminds me of taking wing, cutting through the clouds-
Conversations/Bank/Seridia/Banked Lines/season/winter_1/2	Roaring into the relentless, frigid winds.	Rugissant au milieu des vents glacés et impitoyables.	И ревела наперекор безжалостным леденящим ветрам.	Roaring into the relentless, frigid winds.
Conversations/Bank/Seridia/Banked Lines/season/winter_1/init	I do enjoy the cold.	J'aime le froid.	Мне нравятся холода	I do enjoy the cold.
Conversations/Bank/Seridia/Banked Lines/season/winter_2/1	And night... is where I am strongest.	Et la nuit... est le moment où je suis la plus forte.	А ночь... Это время, когда я сильнее всего.	And night... is where I am strongest.
Conversations/Bank/Seridia/Banked Lines/season/winter_2/init	Winter is a long, cold night.	L'hiver est une longue et froide nuit.	Зима — как долгая холодная ночь.	Winter is a long, cold night.
Conversations/Bank/Seridia/Banked Lines/spellcast/spellcast_0/1	She might get irritated if you disturb her solitude.	Elle risque de s'irriter si l'on dérange sa solitude.	Вероятно, она разозлится, если потревожить её одиночество.	She might get irritated if you disturb her solitude.
Conversations/Bank/Seridia/Banked Lines/spellcast/spellcast_0/init	Seridia's expression is distant...	Seridia affiche une expression distante...	У Серидии отрешённое выражение лица...	Seridia's expression is distant...
Conversations/Bank/Seridia/Banked Lines/spellcast/spellcast_1/1	Perhaps it's better to leave, before you experience the effects firsthand.	Mieux vaut partir, avant d'en goûter directement les effets.	Вероятно, лучше уйти, пока не пришлось испытать его эффект на себе.	Perhaps it's better to leave, before you experience the effects firsthand.
Conversations/Bank/Seridia/Banked Lines/spellcast/spellcast_1/init	Seridia seems to be casting some kind of spell...	Seridia semble en train de jeter un sort...	Серидия, кажется, готовит какое-то заклинание...	Seridia seems to be casting some kind of spell...
Conversations/Bank/Seridia/Banked Lines/spellcast/spellcast_2/init	Seridia taps leylines distant and near to pull power from the land, weaving them into a spell of increasing complexity.	Seridia puise son énergie dans les lignes telluriques proches ou lointaines pour en faire un sort très complexe.	Серидия черпает из земли силу, настраивается на магические жилы, что вблизи и в далёких краях, и сплетает их в магическое полотно невероятной сложности.	Seridia taps leylines distant and near to pull power from the land, weaving them into a spell of increasing complexity.
Conversations/Bank/Seridia/Banked Lines/spellcast/spellcast_3/1	Best to leave the dragon to her magics, for now.	Mieux vaut laisser le dragon à sa magie pour l'instant.	Пока что лучше оставить дракона одну.	Best to leave the dragon to her magics, for now.
Conversations/Bank/Seridia/Banked Lines/spellcast/spellcast_3/init	The aura around Seridia is... sinister.	Seridia est entourée d'une aura... sinistre.	Серидия источает зловещую ауру...	The aura around Seridia is... sinister.
Conversations/Bank/Seridia/Banked Lines/spellcast/spellcast_4/init	Despite your magical prowess, you are unable to comprehend the spell Seridia is casting.	Malgré vos talents pour la magie, vous ne parvenez pas à comprendre le sort que lance Seridia.	Несмотря на ваши познания в магии, вам не удаётся разобрать смысл заклинания, которое творит Серидия.	Despite your magical prowess, you are unable to comprehend the spell Seridia is casting.
Conversations/Bank/Seridia/Banked Lines/villagers/adeline_0/1	Why does she appear to deny her noble blood?	Pourquoi semble-t-elle nier sa noblesse ?	Она зачем-то будто отказывается от своего благородного происхождения.	Why does she appear to deny her noble blood?
Conversations/Bank/Seridia/Banked Lines/villagers/adeline_0/2	I have advised her that subjects should kneel before her...	Je lui ai indiqué que ses sujets devraient s'agenouiller devant elle...	Я посоветовала ей требовать от подданных вставать на колени...	I have advised her that subjects should kneel before her...
Conversations/Bank/Seridia/Banked Lines/villagers/adeline_0/3	Instead, she makes community with them. Is she a fool?	Mais au lieu de cela, elle s'intègre dans leur communauté. Est-elle inconsciente ?	А она вместо этого общается с ними на равных. Возможно, она глупа?	Instead, she makes community with them. Is she a fool?
Conversations/Bank/Seridia/Banked Lines/villagers/adeline_0/4	Unless... it is a ruse to keep them complacent?	À moins que... ce soit là une ruse pour qu'ils soient satisfaits ?	Или, быть может... Это лишь прикрытие, чтобы усыпить их бдительность?	Unless... it is a ruse to keep them complacent?
Conversations/Bank/Seridia/Banked Lines/villagers/adeline_0/5	So she may demand more stone, more wood.	Afin de leur demander plus de pierre, de bois.	Чтобы требовать с них больше камня и древесины.	So she may demand more stone, more wood.
Conversations/Bank/Seridia/Banked Lines/villagers/adeline_0/6	Her cleverness... I see it, now. Yes.	C'est très malin de sa part... Je le vois, à présent. Oui.	Да... Теперь я могу её оценить её хитроумие...	Her cleverness... I see it, now. Yes.
Conversations/Bank/Seridia/Banked Lines/villagers/adeline_0/init	The highborn beauty who rules Mistria. Adeline...	La beauté de sang noble qui dirige Mistria, Adeline...	Высокородная красавица, что правит Мистрией, — Аделина...	The highborn beauty who rules Mistria. Adeline...
Conversations/Bank/Seridia/Banked Lines/villagers/balor_0/1	Men like that are quite easy to manipulate.	Ces hommes-là sont très faciles à manipuler.	Такие люди легко поддаются на манипуляции.	Men like that are quite easy to manipulate.
Conversations/Bank/Seridia/Banked Lines/villagers/balor_0/2	I have heard that he has a knack for procuring items of great luxury...	J'ai entendu dire qu'il savait y faire pour se procurer des objets de grande valeur...	Я слышала, у него талант находить предметы невиданной роскоши...	I have heard that he has a knack for procuring items of great luxury...
Conversations/Bank/Seridia/Banked Lines/villagers/balor_0/3	Perhaps he will be useful to me.	Peut-être me sera-t-il utile.	Возможно, он может послужить моим целям.	Perhaps he will be useful to me.
Conversations/Bank/Seridia/Banked Lines/villagers/balor_0/init	That rogue of a merchant, Balor. He has shades of light and dark within him...	Balor, cette fripouille de marchand. L'obscurité et la lumière se mélangent en lui.	Этот плутоватый торговец, Балор, таит в себе светлые и тёмные стороны.	That rogue of a merchant, Balor. He has shades of light and dark within him...
Conversations/Bank/Seridia/Banked Lines/villagers/caldarus_0/1	Once a rose, he has long been a thorn.	S'il fut un jour une rose, il est depuis longtemps une épine.	Когда-то он был розой, но от неё уже давно остались одни шипы.	Once a rose, he has long been a thorn.
Conversations/Bank/Seridia/Banked Lines/villagers/caldarus_0/2	I should like to punish him, but perhaps there is no need.	J'aimerais le punir, mais cela n'est peut-être pas nécessaire.	Я бы хотела его покарать, но, возможно, этого не требуется.	I should like to punish him, but perhaps there is no need.
Conversations/Bank/Seridia/Banked Lines/villagers/caldarus_0/3	I am not sure what I could do that he has not already done to himself.	Je ne sais pas ce que je pourrais lui faire qu'il ne s'est déjà infligé à lui-même.	Не знаю, способна ли я сделать его жизнь хуже, чем сделал он сам.	I am not sure what I could do that he has not already done to himself.
Conversations/Bank/Seridia/Banked Lines/villagers/caldarus_0/4	You see, I have long embraced the assumption of mortal form...	Vois-tu, j'ai depuis longtemps choisi d'adopter une forme mortelle.	Видишь ли, я давно привыкла принимать смертное обличье...	You see, I have long embraced the assumption of mortal form...
Conversations/Bank/Seridia/Banked Lines/villagers/caldarus_0/5	But such a thing was anathema to him.	Mais une telle chose était pour lui un anathème.	Но для него это всегда было табу.	But such a thing was anathema to him.
Conversations/Bank/Seridia/Banked Lines/villagers/caldarus_0/6	Clinging to orthodoxy for millenia, only to defang himself now...	Il s'est accroché pendant des millénaires à cette orthodoxie, avant de finalement renoncer à ses crocs...	Спустя тысячелетия строгого догматизма он сам лишил себя клыков...	Clinging to orthodoxy for millenia, only to defang himself now...
Conversations/Bank/Seridia/Banked Lines/villagers/caldarus_0/7	I do look forward to seeing how it plays out!	J'ai hâte de voir ce que cela va donner !	Мне не терпится увидеть, чем это обернётся в дальнейшем!	I do look forward to seeing how it plays out!
Conversations/Bank/Seridia/Banked Lines/villagers/caldarus_0/init	As you might imagine, there is much history between Caldarus and I.	Comme tu peux l'imaginer, l'histoire est longue entre Caldarus et moi.	Как ты, вероятно, догадываешься, у нас с Кальдарусом долгая история.	As you might imagine, there is much history between Caldarus and I.
Conversations/Bank/Seridia/Banked Lines/villagers/caldarus_1/1	To think such an upstart would DARE to confine me.	Imaginer qu'un tel morveux ait OSÉ m'enfermer.	Подумать только, как ОСМЕЛИЛСЯ такой выскочка меня пленить!	To think such an upstart would DARE to confine me.
Conversations/Bank/Seridia/Banked Lines/villagers/caldarus_1/2	No matter. Such arrogance never goes unpunished for long.	Peu importe. Une telle arrogance ne reste jamais longtemps impunie.	Впрочем, это не важно. Такая дерзость никогда не остаётся безнаказанной.	No matter. Such arrogance never goes unpunished for long.
Conversations/Bank/Seridia/Banked Lines/villagers/caldarus_1/init	Caldarus...	Caldarus...	Кальдарус...	Caldarus...
Conversations/Bank/Seridia/Banked Lines/villagers/caldarus_2/1	While I might be considered a dragon of the night.	Alors que je serais plutôt un dragon de la nuit.	А меня в таком случае считать драконом ночи.	While I might be considered a dragon of the night.
Conversations/Bank/Seridia/Banked Lines/villagers/caldarus_2/2	But make no mistake...	Mais ne t'y trompe pas...	Но не стоит заблуждаться...	But make no mistake...
Conversations/Bank/Seridia/Banked Lines/villagers/caldarus_2/3	It was Caldarus who last plunged this world into darkness.	C'est Caldarus qui a le dernier plongé ce monde dans les ténèbres.	Именно Кальдарус вверг этот мир во тьму.	It was Caldarus who last plunged this world into darkness.
Conversations/Bank/Seridia/Banked Lines/villagers/caldarus_2/4	And I who guided back the light.	Et moi qui l'ai ramené vers la lumière.	А я вывела его назад, к свету.	And I who guided back the light.
Conversations/Bank/Seridia/Banked Lines/villagers/caldarus_2/init	One might call Caldarus a dragon of the day-	On pourrait définir Caldarus comme un dragon du jour.	Кальдаруса можно было бы назвать драконом дня...	One might call Caldarus a dragon of the day-
Conversations/Bank/Seridia/Banked Lines/villagers/celine_0/1	I wonder if she is aware...?	Je me demande si elle le réalise...	Интересно, она вообще знает?..	I wonder if she is aware...?
Conversations/Bank/Seridia/Banked Lines/villagers/celine_0/2	It seems that much has been forgotten while I was imprisoned.	Beaucoup de choses semblent avoir été oubliées pendant que j'étais emprisonnée.	Судя по всему, за время моего заточения многое было забыто.	It seems that much has been forgotten while I was imprisoned.
Conversations/Bank/Seridia/Banked Lines/villagers/celine_0/init	Your neighbor, Celine...	Céline, ta voisine...	Твоя соседка, Селин...	Your neighbor, Celine...
Conversations/Bank/Seridia/Banked Lines/villagers/darcy_0/1	Are you familiar with the bitter brew sold at her dispensary?	Connais-tu bien le breuvage amer qu'elle vend à son officine ?	Ты <p>знакомы</p><f>знакома</f><m>знаком</m><n>знакомо</n> с тем горьким отваром, что продаётся в её бакалейной?	Are you familiar with the bitter brew sold at her dispensary?
Conversations/Bank/Seridia/Banked Lines/villagers/darcy_0/2	It appears to have an addictive quality...	Il semble avoir des propriétés addictives...	Судя по всему, он способен вызывать привыкание...	It appears to have an addictive quality...
Conversations/Bank/Seridia/Banked Lines/villagers/darcy_0/3	Allowing her to ensnare the villagers and ensure their loyal patronage week after week.	Cela lui permet de prendre au piège les habitants et de s'assurer leur fréquentation fidèle, semaine après semaine.	И это позволяет ей удерживать местных жителей в качестве постоянных клиентов на протяжении многих недель.	Allowing her to ensnare the villagers and ensure their loyal patronage week after week.
Conversations/Bank/Seridia/Banked Lines/villagers/darcy_0/4	Impressive.	C'est impressionnant.	Впечатляющая схема.	Impressive.
Conversations/Bank/Seridia/Banked Lines/villagers/darcy_0/init	That traveling proprietress, Darcy...	Darcy, la propriétaire itinérante...	Насчёт этой Дарси с её передвижной лавочкой...	That traveling proprietress, Darcy...
Conversations/Bank/Seridia/Banked Lines/villagers/dell_0/1	To revive the Dragonguard at such a young age... true heroism may yet lie ahead of her.	Ressusciter la Garde des dragons à un si jeune âge... Il se pourrait qu'elle fasse plus tard preuve d'un véritable héroïsme.	В столь юном возрасте она решила возродить Драконью стражу... Возможно, её ждёт будущее настоящего героя.	To revive the Dragonguard at such a young age... true heroism may yet lie ahead of her.
Conversations/Bank/Seridia/Banked Lines/villagers/dell_0/2	Heroism... that may be at cross purposes with my own.	Un héroïsme... qui pourrait bien n'être pas aligné avec mes propres objectifs.	И этот героизм... может противоречить моим планам.	Heroism... that may be at cross purposes with my own.
Conversations/Bank/Seridia/Banked Lines/villagers/dell_0/3	Better to influence the child now. With a gift, perhaps?	Mieux vaut influencer cet enfant dès maintenant. Avec un cadeau, peut-être ?	Лучше склонить её в правильную сторону, пока она ребёнок. Возможно, с помощью подарка?	Better to influence the child now. With a gift, perhaps?
Conversations/Bank/Seridia/Banked Lines/villagers/dell_0/4	I have heard she likes... swords.	J'ai entendu dire qu'elle aimait... les épées.	Я слышала, ей нравятся... мечи.	I have heard she likes... swords.
Conversations/Bank/Seridia/Banked Lines/villagers/dell_0/init	The rambunctious child, Dell... she is of concern to me.	Dell, l'enfant remuante... elle me préoccupe.	Эта неугомонная девчонка, Делл... меня весьма беспокоит.	The rambunctious child, Dell... she is of concern to me.
Conversations/Bank/Seridia/Banked Lines/villagers/dozy_0/1	I find it irksome that he does not trust me.	Je trouve irritant qu'il ne me fasse pas confiance.	Меня раздражает его недоверие.	I find it irksome that he does not trust me.
Conversations/Bank/Seridia/Banked Lines/villagers/dozy_0/2	Though I suppose it is only natural to be protective of one's sworn lady.	Même s'il est sans doute bien naturel pour lui de protéger la dame qu'il sert.	Хотя, полагаю, это естественное стремление оберегать свою госпожу.	Though I suppose it is only natural to be protective of one's sworn lady.
Conversations/Bank/Seridia/Banked Lines/villagers/dozy_0/3	Would you not agree, [Ari]?	N'es-tu pas d'accord, [Ari] ?	Ты <p>согласны</p><f>согласна</f><m>согласен</m><n>согласно</n>, [Ari]?	Would you not agree, [Ari]?
Conversations/Bank/Seridia/Banked Lines/villagers/dozy_0/init	My disciple's familiar, Dozy...	Dozy, l'animal de compagnie de ma disciple...	Фамильяр моей послушницы, Дрёма...	My disciple's familiar, Dozy...
Conversations/Bank/Seridia/Banked Lines/villagers/eiland_0/1	To see him scrabbling in the dust, searching for scraps of history...	Le voir fouiller la poussière à tâtons, à la recherche de morceaux d'histoire...	Я видела, как он копается в пыли, разыскивая крупицы истории...	To see him scrabbling in the dust, searching for scraps of history...
Conversations/Bank/Seridia/Banked Lines/villagers/eiland_0/2	It is unbecoming.	C'est inconvenant.	Это совершенно не подобает его положению.	It is unbecoming.
Conversations/Bank/Seridia/Banked Lines/villagers/eiland_0/3	Do not mention my hoard of treasures to him.	N'évoque pas avec lui mes trésors accumulés.	Не упоминай при нём мою гору сокровищ.	Do not mention my hoard of treasures to him.
Conversations/Bank/Seridia/Banked Lines/villagers/eiland_0/4	I know his type. He would become insufferable.	Je connais ce genre de personnes. Il deviendrait insupportable.	Я таких знаю: он станет назойлив, как муха.	I know his type. He would become insufferable.
Conversations/Bank/Seridia/Banked Lines/villagers/eiland_0/init	The highborn boy... Eiland.	Le jeune homme de haute naissance... Eiland.	Тот высокородный юноша... Эйланд.	The highborn boy... Eiland.
Conversations/Bank/Seridia/Banked Lines/villagers/errol_0/1	He seems to possess great physical strength.	Il semble doté d'une grande force.	Как я вижу, обладает солидной физической силой.	He seems to possess great physical strength.
Conversations/Bank/Seridia/Banked Lines/villagers/errol_0/2	For an academic to take on such a form, especially at his age...	Pour qu'un homme de savoir ait ce physique, surtout à son âge...	Для исследователя необычно иметь такое телосложение — особенно в его летах...	For an academic to take on such a form, especially at his age...
Conversations/Bank/Seridia/Banked Lines/villagers/errol_0/3	The tomes of this era must be quite heavy.	C'est que les livres d'aujourd'hui doivent peser très lourd.	Вероятно, научные тома в эту эпоху весьма тяжелы.	The tomes of this era must be quite heavy.
Conversations/Bank/Seridia/Banked Lines/villagers/errol_0/init	That ursine scholar, Errol...	Errol, l'érudit mal léché...	Этот здоровяк-учёный, Эррол...	That ursine scholar, Errol...
Conversations/Bank/Seridia/Banked Lines/villagers/hayden_0/1	I've seen him speaking with his beasts, coddling them as if they were his own young.	Je l'ai vu parler à ses animaux, les choyer comme s'ils étaient ses propres petits.	Я видела, как он общается со зверьми и нянчится, будто с собственным потомством.	I've seen him speaking with his beasts, coddling them as if they were his own young.
Conversations/Bank/Seridia/Banked Lines/villagers/hayden_0/2	His blood is old... perhaps the oldest I have encountered in Mistria, where mortals are concerned.	Il est d'un sang ancien, sans doute le plus ancien de ceux que j'ai croisés à Mistria, parmi les mortels.	У него богатая родословная... Возможно, самая древняя в Мистрии, если считать среди смертных.	His blood is old... perhaps the oldest I have encountered in Mistria, where mortals are concerned.
Conversations/Bank/Seridia/Banked Lines/villagers/hayden_0/3	It seems that old blood does not amount to much these days.	On dirait que l'ancienneté du sang ne veuille plus dire grand-chose, à l'époque actuelle.	Видимо, в нынешнее время родословная ничего не значит...	It seems that old blood does not amount to much these days.
Conversations/Bank/Seridia/Banked Lines/villagers/hayden_0/init	The tall farmer, Hayden...	Hayden, le fermier de grande taille...	Насчёт высокого фермера, Хейдена...	The tall farmer, Hayden...
Conversations/Bank/Seridia/Banked Lines/villagers/hemlock_0/1	However...	En revanche...	И всё же...	However...
Conversations/Bank/Seridia/Banked Lines/villagers/hemlock_0/2	The vintage $Red Wine$ in his cellar is... acceptable. So I will allow him the fiefdom of his bar.	Le vieux $vin rouge$ de sa cave est... passable. Je lui accorde donc son établissement en fief.	Выдержанное $красное вино$ из его погреба... приемлемо. Так что я позволю ему сохранить его барный надел.	The vintage $Red Wine$ in his cellar is... acceptable. So I will allow him the fiefdom of his bar.
Conversations/Bank/Seridia/Banked Lines/villagers/hemlock_0/3	For now.	Pour l'instant.	Пока что.	For now.
Conversations/Bank/Seridia/Banked Lines/villagers/hemlock_0/init	The barman, Hemlock... I do not trust him nor his smiling demeanor.	Hemlock, celui qui tient la taverne... Je ne lui fais pas confiance, pas plus qu'à son attitude souriante.	Здешний бармен Хемлок... Я не доверяю ни ему, ни его улыбчивой обходительности.	The barman, Hemlock... I do not trust him nor his smiling demeanor.
Conversations/Bank/Seridia/Banked Lines/villagers/henrietta_0/1	But when I see one with talent, I cannot help but speculate at their potential.	Mais quand je vois quelqu'un de talentueux, je ne peux m'empêcher de spéculer sur son potentiel.	Но когда я замечаю талант, удержаться и не воспользоваться им невозможно.	But when I see one with talent, I cannot help but speculate at their potential.
Conversations/Bank/Seridia/Banked Lines/villagers/henrietta_0/2	For instance, that prideful fowl, Henrietta... she is more clever than the average bird.	Par exemple, Henrietta, la poule ombrageuse... Elle est plus maligne que bien des volatiles.	Например, эта горделивая курица, Генриетта... Она умнее обычных птиц.	For instance, that prideful fowl, Henrietta... she is more clever than the average bird.
Conversations/Bank/Seridia/Banked Lines/villagers/henrietta_0/3	Perhaps I can find a use for her.	Elle pourrait peut-être m'être utile.	Возможно, я смогу найти ей применение.	Perhaps I can find a use for her.
Conversations/Bank/Seridia/Banked Lines/villagers/henrietta_0/4	No one suspects a chicken of espionage.	Personne n'irait soupçonner une poule d'espionnage.	Никто не ожидает шпионажа от курицы.	No one suspects a chicken of espionage.
Conversations/Bank/Seridia/Banked Lines/villagers/henrietta_0/init	I made a promise that I would keep the peace, this time around...	J'ai fait la promesse de maintenir la paix, cette fois...	Я обещала, что на этот раз буду поддерживать мир...	I made a promise that I would keep the peace, this time around...
Conversations/Bank/Seridia/Banked Lines/villagers/holt_0/1	Despite no aptitude for sorcery, his japes and wordplay seem to cause great pain to those around him.	Bien qu'il n'ait pas d'aptitude pour la sorcellerie, ses blagues et jeux de mots semblent causer de la souffrance à son entourage.	Хоть и не имеет чародейских наклонностей, способен причинять окружающим страдания своими словесными шутками.	Despite no aptitude for sorcery, his japes and wordplay seem to cause great pain to those around him.
Conversations/Bank/Seridia/Banked Lines/villagers/holt_0/2	A most delightful skill.	C'est une compétence délicieuse.	Какое прелестное умение!	A most delightful skill.
Conversations/Bank/Seridia/Banked Lines/villagers/holt_0/3	In another life, I may have asked him to join my court.	Dans une autre vie, j'aurais pu lui demander de rejoindre ma cour.	В другой жизни я, быть может, сделала бы его своим придворным.	In another life, I may have asked him to join my court.
Conversations/Bank/Seridia/Banked Lines/villagers/holt_0/init	The clever one, Holt...	Holt, le petit malin...	Этот остряк Хольт...	The clever one, Holt...
Conversations/Bank/Seridia/Banked Lines/villagers/josephine_0/1	She invites strangers into her home...	Elle invite chez elle des étrangers...	Она приглашает незнакомых людей к себе домой...	She invites strangers into her home...
Conversations/Bank/Seridia/Banked Lines/villagers/josephine_0/2	Then treats them as family? And feeds them, too?	Puis les traite comme s'ils étaient de la famille ? Elle les nourrit, aussi ?	И обращается с ними как с семьёй? Да к тому же их кормит?	Then treats them as family? And feeds them, too?
Conversations/Bank/Seridia/Banked Lines/villagers/josephine_0/3	If strangers dared to darken my door, it would cost them more than their coin.	Si des étrangers osaient frapper à ma porte, il leur en coûterait très cher.	Если бы на мой порог ступила хоть тень незнакомца, он бы не отделался одним лишь золотом.	If strangers dared to darken my door, it would cost them more than their coin.
Conversations/Bank/Seridia/Banked Lines/villagers/josephine_0/init	I do not understand the motivations of that innkeep, Josephine.	Je ne comprends pas les motivations de Joséphine, la tenancière de l'auberge.	Мотивы Джозефины, хозяйки трактира, мне совершенно не понятны.	I do not understand the motivations of that innkeep, Josephine.
Conversations/Bank/Seridia/Banked Lines/villagers/juniper_0/1	It pleases me greatly to find that my influence continues in this era.	Cela me réjouit grandement de constater que mon influence perdure à l'époque actuelle.	Мне несказанно приятно, что мой авторитет имеет вес в эту эпоху.	It pleases me greatly to find that my influence continues in this era.
Conversations/Bank/Seridia/Banked Lines/villagers/juniper_0/2	Adherents like yourselves are apostles of my legacy.	Des adeptes tels que vous êtes les apôtres de mon héritage.	Благодаря таким последователям, как вы, сохраняется моё наследие.	Adherents like yourselves are apostles of my legacy.
Conversations/Bank/Seridia/Banked Lines/villagers/juniper_0/3	Now if only we could convince Dozy to join your ranks.	Si seulement nous pouvions convaincre Dozy de rejoindre nos rangs.	Вот если бы вы уговорили Дрёму вступить в мои ряды.	Now if only we could convince Dozy to join your ranks.
Conversations/Bank/Seridia/Banked Lines/villagers/juniper_0/4	You see, he has not yet warmed to my presence.	Il continue d'accueillir ma présence avec froideur.	Видишь ли, он до сих пор не свыкся с моим обществом.	You see, he has not yet warmed to my presence.
Conversations/Bank/Seridia/Banked Lines/villagers/juniper_0/init	My dark disciple, Juniper...	Juniper, mon obscure disciple...	Моя тёмная послушница, Джунипер...	My dark disciple, Juniper...
Conversations/Bank/Seridia/Banked Lines/villagers/landen_0/1	If he has truly been discharged from his work obligations, why does he not spend his days in leisure?	S'il a réellement été déchargé de ses obligations de travailleur, que ne passe-t-il ses journées à profiter de ce loisir ?	Если он теперь свободен от рабочих обязанностей, то почему не живёт в своё удовольствие?	If he has truly been discharged from his work obligations, why does he not spend his days in leisure?
Conversations/Bank/Seridia/Banked Lines/villagers/landen_0/2	If I were him, I would become quite draconian in my demands. It is the right of the eldest and wisest.	À sa place, j'aurais des exigences draconiennes. C'est là le droit des plus âgés et des plus sages.	У меня на его месте были бы драконовские требования. Таково право старших и мудрых.	If I were him, I would become quite draconian in my demands. It is the right of the eldest and wisest.
Conversations/Bank/Seridia/Banked Lines/villagers/landen_0/3	And I would know, as there are none elder nor wiser than me.	Et je sais de quoi je parle, personne n'est plus âgé ni plus sage que moi.	Мне ли не знать: ведь я старше и мудрее всех на свете.	And I would know, as there are none elder nor wiser than me.
Conversations/Bank/Seridia/Banked Lines/villagers/landen_0/init	I do not understand the elder woodworker, Landen.	Je ne comprends pas Landen, le menuisier le plus âgé.	Я не могу понять вашего пожилого столяра, Ландена.	I do not understand the elder woodworker, Landen.
Conversations/Bank/Seridia/Banked Lines/villagers/louis_0/1	I wonder if he has much experience tailoring with the bones of his enemies.	Je me demande s'il a de l'expérience dans le sur-mesure à partir des os de ses ennemis.	Интересно, у него был опыт работы с костями заклятых врагов?	I wonder if he has much experience tailoring with the bones of his enemies.
Conversations/Bank/Seridia/Banked Lines/villagers/louis_0/2	Perhaps I can teach him a thing or two.	Je pourrais peut-être lui enseigner une ou deux choses.	Возможно, у меня найдётся для него парочка советов.	Perhaps I can teach him a thing or two.
Conversations/Bank/Seridia/Banked Lines/villagers/louis_0/init	That exiled market clothier, Louis...	Louis, le confectionneur de vêtements en exil...	Ваш заезжий суконщик, Луи...	That exiled market clothier, Louis...
Conversations/Bank/Seridia/Banked Lines/villagers/luc_0/1	It is a pity that he does not share his sister's grand ambitions.	Dommage qu'il ne partage pas les ambitions de grandeur de sa sœur.	Жаль, что он не разделяет высоких устремлений своей сестры...	It is a pity that he does not share his sister's grand ambitions.
Conversations/Bank/Seridia/Banked Lines/villagers/luc_0/2	Still... some things crystallize with age. There is time yet.	Malgré tout, certaines choses cristallisent avec l'âge. Il a encore le temps.	И всё же... какие-то вещи приходят с возрастом. Время ещё есть.	Still... some things crystallize with age. There is time yet.
Conversations/Bank/Seridia/Banked Lines/villagers/luc_0/init	The scholarly child, Luc. He is quite clever. And observant.	Luc, l'enfant studieux. Il est très malin. Et observateur.	Люк — весьма эрудированное дитя. Он умён и наблюдателен.	The scholarly child, Luc. He is quite clever. And observant.
Conversations/Bank/Seridia/Banked Lines/villagers/maple_0/1	Do you not see her tremendous potential? Her capacity for merciless rulership?	Ne vois-tu pas son immense potentiel ? Sa capacité à devenir une dirigeante impitoyable ?	Неужели ты не замечаешь её невероятный потенциал? Её таланты безжалостного правителя?	Do you not see her tremendous potential? Her capacity for merciless rulership?
Conversations/Bank/Seridia/Banked Lines/villagers/maple_0/2	It is a bit like seeing myself as a fledgling again.	C'est un peu comme si je me revoyais, enfant.	Она немного напоминает меня саму, когда я только вылупилась...	It is a bit like seeing myself as a fledgling again.
Conversations/Bank/Seridia/Banked Lines/villagers/maple_0/3	It is rare for me to take on a pupil, but... perhaps it is time.	Il est rare pour moi d'accepter des élèves, mais... peut-être est-ce le moment.	Я редко беру учеников, но... Возможно, это подходящий случай.	It is rare for me to take on a pupil, but... perhaps it is time.
Conversations/Bank/Seridia/Banked Lines/villagers/maple_0/init	Maple, child of ambition...	Maple est une enfant ambitieuse...	Мэйпл, дитя амбиций...	Maple, child of ambition...
Conversations/Bank/Seridia/Banked Lines/villagers/march_0/1	He was quite a thorn in your side, was he not?	Il a été particulièrement pénible avec toi, non ?	Он тебе изрядно насолил, правда ведь?	He was quite a thorn in your side, was he not?
Conversations/Bank/Seridia/Banked Lines/villagers/march_0/2	Do you wish for me to obliterate him?	Souhaites-tu que je le réduise à néant ?	И ты не желаешь, чтобы я его испепелила?	Do you wish for me to obliterate him?
Conversations/Bank/Seridia/Banked Lines/villagers/march_0/init	That prickly metalsmith, March...	March, le travailleur du métal susceptible...	Этот колкий кователь Март...	That prickly metalsmith, March...
Conversations/Bank/Seridia/Banked Lines/villagers/merri_0/1	All things ought to be repurposed after they have lost their original function.	Tous les objets devraient trouver une nouvelle utilité après avoir perdu leur fonction initiale.	Вещи, утратившие своё назначение, всегда необходимо приспосабливать к новому.	All things ought to be repurposed after they have lost their original function.
Conversations/Bank/Seridia/Banked Lines/villagers/merri_0/2	The bones of one's fallen foes, for example.	Les os des ennemis morts au combat, par exemple.	Например, кости поверженных врагов.	The bones of one's fallen foes, for example.
Conversations/Bank/Seridia/Banked Lines/villagers/merri_0/init	Merri, the pretty tinkerer... she shows great sense, for a mortal.	Merri, la jolie brocanteuse... Elle fait preuve de beaucoup de bon sens, pour une mortelle.	Мэрри, миловидная ремесленница... для смертного необыкновенно разумна.	Merri, the pretty tinkerer... she shows great sense, for a mortal.
Conversations/Bank/Seridia/Banked Lines/villagers/nora_0/1	Common sense and a cunning mind are not to be trifled with.	Il ne faut pas prendre à la légère un grand sens pratique associé à un esprit vif.	Со столь рассудительным и находчивым человеком лучше не шутить.	Common sense and a cunning mind are not to be trifled with.
Conversations/Bank/Seridia/Banked Lines/villagers/nora_0/init	Nora, the stately merchantess. She is one to be mindful of.	Nora, l'imposante marchande. Elle mérite mon attention.	Нора — весьма представительная торговка. Не стоит упускать её из виду.	Nora, the stately merchantess. She is one to be mindful of.
Conversations/Bank/Seridia/Banked Lines/villagers/olric_0/1	So malleable.	Tellement malléable.	И такой услужливый.	So malleable.
Conversations/Bank/Seridia/Banked Lines/villagers/olric_0/2	In time, I am sure that I will find use for him.	Je suis sûre que le moment venu, je pourrais lui trouver une utilité.	Уверена, рано или поздно я найду, как его использовать.	In time, I am sure that I will find use for him.
Conversations/Bank/Seridia/Banked Lines/villagers/olric_0/init	That friendly oaf, Olric. He is so earnest.	Olric, le sympathique nigaud... Il est tellement honnête.	Этот приветливый осёл, Ольрик, такой прямолинейный.	That friendly oaf, Olric. He is so earnest.
Conversations/Bank/Seridia/Banked Lines/villagers/reina_0/1	What?	Comment ?	Что?	What?
Conversations/Bank/Seridia/Banked Lines/villagers/reina_0/2	"I was just testing this modern method of acquiring food called ""take out""."	J'ai simplement testé cette méthode moderne pour obtenir de la nourriture appelée « à emporter ».	Я решила опробовать нынешний метод получения еды «навынос».	"I was just testing this modern method of acquiring food called ""take out""."
Conversations/Bank/Seridia/Banked Lines/villagers/reina_0/3	"I ""took out"" more food than I anticipated."	J'ai « emporté » plus de nourriture que prévu.	И «вынесла» больше, чем рассчитывала.	"I ""took out"" more food than I anticipated."
Conversations/Bank/Seridia/Banked Lines/villagers/reina_0/4	Here, have some $Crystal Berry Pie$ while it is still warm!	Tiens, prends un peu de $tarte aux baies de cristal$ pendant qu'elle est encore tiède !	Вот тебе $пирог из кристальных ягод$, бери, пока тёплый!	Here, have some $Crystal Berry Pie$ while it is still warm!
Conversations/Bank/Seridia/Banked Lines/villagers/reina_0/init	Are you hungry, [Ari]?	As-tu faim, [Ari] ?	Ты <p>голодные</p><f>голодная</f><m>голодный</m><n>голодное</n>, [Ari]?	Are you hungry, [Ari]?
Conversations/Bank/Seridia/Banked Lines/villagers/ryis_0/1	I detect a spark of earth magic within him. Perhaps he could develop it if he had the right teacher.	Je détecte en lui une étincelle de magie de la terre. Il pourrait la développer, s'il recevait l'enseignement adapté.	Я обнаружила у него задатки магии земли. Возможно, он мог бы их раскрыть, если бы встретил подходящего наставика.	I detect a spark of earth magic within him. Perhaps he could develop it if he had the right teacher.
Conversations/Bank/Seridia/Banked Lines/villagers/ryis_0/2	It is unfortunate his demeanor is so similar to that of Caldarus.	Quel dommage que son attitude soit si semblable à celle de Caldarus !	Но увы: он ведёт себя, будто второй Кальдарус.	It is unfortunate his demeanor is so similar to that of Caldarus.
Conversations/Bank/Seridia/Banked Lines/villagers/ryis_0/3	I can barely abide one of such a person, let alone two.	J'ai déjà du mal à tolérer une personne de ce genre, alors deux...	Я едва выношу одного такого, а уж тем более двоих.	I can barely abide one of such a person, let alone two.
Conversations/Bank/Seridia/Banked Lines/villagers/ryis_0/init	That quiet woodworker, Ryis...	Ryis, le menuisier très calme...	Этот тихий столяр Риз...	That quiet woodworker, Ryis...
Conversations/Bank/Seridia/Banked Lines/villagers/taliferro_0/1	He will die by my hand.	Il périra de ma main.	Когда-нибудь умрёт от моей руки.	He will die by my hand.
Conversations/Bank/Seridia/Banked Lines/villagers/taliferro_0/init	The impertinent chef from the Capital, Taliferro...	L'impertinent chef cuisinier venu de la capitale, Taliferro...	Талиферро, этот столичный повар-наглец...	The impertinent chef from the Capital, Taliferro...
Conversations/Bank/Seridia/Banked Lines/villagers/terithia_0/1	One glance at her speaks of many battles...	Au premier coup d'œil, on comprend qu'elle a livré de nombreuses batailles.	С первого взгляда заметно, как много битв она прошла...	One glance at her speaks of many battles...
Conversations/Bank/Seridia/Banked Lines/villagers/terithia_0/2	And the potential for many more.	Et qu'elle a le potentiel pour de nombreuses autres.	И как много ещё может пройти.	And the potential for many more.
Conversations/Bank/Seridia/Banked Lines/villagers/terithia_0/init	That august warrior, Terithia.	Terithia, l'auguste combattante...	Что до благородной воительницы Теризии...	That august warrior, Terithia.
Conversations/Bank/Seridia/Banked Lines/villagers/valen_0/1	She is quite intelligent. It is a shame she lacks mana capacity.	Elle est très intelligente. Dommage qu'elle manque de mana.	Она весьма умна. Жаль, что у неё нет магических талантов.	She is quite intelligent. It is a shame she lacks mana capacity.
Conversations/Bank/Seridia/Banked Lines/villagers/valen_0/2	With the right guidance, she may have been useful.	Bien guidée, elle aurait pu être utile.	Её можно было бы использовать, наставив на нужный путь.	With the right guidance, she may have been useful.
Conversations/Bank/Seridia/Banked Lines/villagers/valen_0/init	The village physician, Valen...	La médecin de la ville, Valen...	Ваша сельская врачиха, Вален...	The village physician, Valen...
Conversations/Bank/Seridia/Banked Lines/villagers/vera_0/1	It makes me wonder what other blades she is accustomed to wielding.	Je me demande quelles autres lames elle a l'habitude d'utiliser.	Теперь я задумалась, какие ещё клинки ей знакомы.	It makes me wonder what other blades she is accustomed to wielding.
Conversations/Bank/Seridia/Banked Lines/villagers/vera_0/2	I shall have to inquire.	Il va falloir que je me renseigne.	Следует у неё спросить.	I shall have to inquire.
Conversations/Bank/Seridia/Banked Lines/villagers/vera_0/init	The wandering coiffeuse, Vera. She utilizes a blade with much skill.	Vera, la coiffeuse itinérante. Elle manie son rasoir avec une grande habileté.	Бродячая цирюльница Вера так искусно обращается с бритвой.	The wandering coiffeuse, Vera. She utilizes a blade with much skill.
Conversations/Bank/Seridia/Banked Lines/villagers/villagers_0/1	Just today I saw that fellow Holt throw away half a box of cookies in a panic before his youngest daughter could discover him eating them.	Aujourd'hui, par exemple, j'ai vu ce type, Holt, jeter précipitamment une boîte de cookies à moitié pleine pour éviter que sa plus jeune fille le voie en manger.	Только сегодня я видела, как Хольт в панике выбросил полкоробки печенья, чтобы его младшая дочь не увидела, как он его ест.	Just today I saw that fellow Holt throw away half a box of cookies in a panic before his youngest daughter could discover him eating them.
Conversations/Bank/Seridia/Banked Lines/villagers/villagers_0/init	Spying on the townsfolk has been quite rewarding.	Espionner les habitants est assez enrichissant.	Слежка за местными жителями даёт свои плоды.	Spying on the townsfolk has been quite rewarding.
Conversations/Bank/Seridia/Banked Lines/villagers/wheedle_0/1	I did not think a mortal could be as slimy as a sapling...	Je n'imaginais pas qu'un mortel puisse être aussi glissant qu'une anguille...	Не думала, что смертные бывают скользкие, как слизянки...	I did not think a mortal could be as slimy as a sapling...
Conversations/Bank/Seridia/Banked Lines/villagers/wheedle_0/2	I stand corrected.	Je me trompais.	Но он меня в этом убедил.	I stand corrected.
Conversations/Bank/Seridia/Banked Lines/villagers/wheedle_0/init	The charlatan, Wheedle...	Wheedle, le charlatan...	Этот шарлатан Хлюст...	The charlatan, Wheedle...
Conversations/Bank/Seridia/Banked Lines/watching_dig/watching_dig_0/1	Why does the large one take orders from the small one?	Pourquoi est-ce le petit qui donne des ordres au plus costaud ?	Почему большой человек принимает указания от маленького?	Why does the large one take orders from the small one?
Conversations/Bank/Seridia/Banked Lines/watching_dig/watching_dig_0/2	The rules of hierarchy have changed quite a lot since my imprisonment.	Les règles hiérarchiques ont beaucoup changé depuis mon emprisonnement.	Законы командования весьма изменились за время моего заточения.	The rules of hierarchy have changed quite a lot since my imprisonment.
Conversations/Bank/Seridia/Banked Lines/watching_dig/watching_dig_0/init	Look, there. At the dig site.	Regarde, là-bas. Sur le site de fouilles.	Смотри, вон там, на раскопках.	Look, there. At the dig site.
Conversations/Bank/Seridia/Banked Lines/watching_dig/watching_dig_1/1	He has been gesturing for me to come to the dig site, and I have been feigning misunderstanding.	Il me fait de grands gestes pour que je vienne sur le site de fouilles, et je fais semblant de ne pas comprendre.	Он уже какое-то время мне машет, чтобы я подошла на раскопки. Я притворяюсь, что не понимаю его.	He has been gesturing for me to come to the dig site, and I have been feigning misunderstanding.
Conversations/Bank/Seridia/Banked Lines/watching_dig/watching_dig_1/2	Is he still waving? Do NOT wave back.	Fait-il encore signe ? Surtout, ne lui réponds pas.	Он снова машет? НЕ СМЕЙ махать ему в ответ.	Is he still waving? Do NOT wave back.
Conversations/Bank/Seridia/Banked Lines/watching_dig/watching_dig_1/init	[Ari], is Eiland looking over here?	[Ari], est-ce qu'Eiland est en train de regarder dans notre direction ?	[Ari], скажи, Эйланд сюда смотрит?	[Ari], is Eiland looking over here?
Conversations/Bank/Seridia/Banked Lines/watching_dig/watching_dig_2/1	Or they are searching for Errol's keys again. It is difficult to say.	À moins qu'ils soient encore en train de chercher les clés d'Errol. Difficile à dire.	Либо они снова потеряли ключи Эррола. Сложно сказать наверняка.	Or they are searching for Errol's keys again. It is difficult to say.
Conversations/Bank/Seridia/Banked Lines/watching_dig/watching_dig_2/init	Eiland and Errol appear excited. It seems they have made a discovery.	Eiland et Errol semblent agités. On dirait qu'ils ont fait une découverte.	Эйланд с Эрролом выглядят взволнованно. Должно быть, они что-то обнаружили.	Eiland and Errol appear excited. It seems they have made a discovery.
Conversations/Bank/Seridia/Banked Lines/weather/cherry_storm_0/1	How lovely.	C'est charmant.	Очаровательно!	How lovely.
Conversations/Bank/Seridia/Banked Lines/weather/cherry_storm_0/2	Like tears of blood on the wind.	On dirait des larmes de sang emportées par le vent.	Словно кровавые слёзы разносит по ветру.	Like tears of blood on the wind.
Conversations/Bank/Seridia/Banked Lines/weather/cherry_storm_0/init	This rain of flower petals...	Cette pluie de pétales de fleurs...	Настоящий дождь из лепестков...	This rain of flower petals...
Conversations/Bank/Seridia/Banked Lines/weather/cherry_storm_1/1	It heralds the time when flowers wither on the branch...	Elle annonce la saison où les fleurs fanent sur les branches...	Они предвещают время, когда цветы увянут на ветвях...	It heralds the time when flowers wither on the branch...
Conversations/Bank/Seridia/Banked Lines/weather/cherry_storm_1/init	The beauty of these petals in the air...	La beauté de ces pétales dans le vent...	Как красиво разлетаются по ветру лепестки...	The beauty of these petals in the air...
Conversations/Bank/Seridia/Banked Lines/weather/rainy_0/1	Such dramatics.	Quel comédien !	Как драматично.	Such dramatics.
Conversations/Bank/Seridia/Banked Lines/weather/rainy_0/init	The sky weeps again.	Le ciel pleure de nouveau.	Вновь рыдают небеса.	The sky weeps again.
Conversations/Bank/Seridia/Banked Lines/weather/snowy_0/1	The land looks as bleached as bone.	La terre semble aussi blanche que des ossements.	Земля блестит, как выбеленная кость.	The land looks as bleached as bone.
Conversations/Bank/Seridia/Banked Lines/weather/snowy_0/init	The day after a snowfall...	Le lendemain d'une chute de neige...	В день после снегопада...	The day after a snowfall...
Conversations/Bank/Seridia/Banked Lines/weather/snowy_1/1	What is its purpose, I wonder.	Je me demande à quelle fin.	Интересно, для чего оно предназначено.	What is its purpose, I wonder.
Conversations/Bank/Seridia/Banked Lines/weather/snowy_1/2	Perhaps for battle practice. I, too, honed my bloodthirst at their age.	Peut-être pour s'entraîner au combat. Moi aussi, à leur âge, j'aiguisais ma soif de sang.	Вероятно, для боевой тренировки. Я в их возрасте тоже пестовала свою жажду крови.	Perhaps for battle practice. I, too, honed my bloodthirst at their age.
Conversations/Bank/Seridia/Banked Lines/weather/snowy_1/init	I saw the children make a false man out of snow...	J'ai vu les enfants fabriquer un faux homme à partir de neige...	Я видела, как дети мастерили из снега чучело человека...	I saw the children make a false man out of snow...
Conversations/Bank/Seridia/Banked Lines/weather/snowy_2/1	Flakes like ash, blanketing the earth after a conflagration of dragonfire.	Des flocons semblables au manteau de cendre qui recouvre la terre après l'incendie provoqué par le souffle du dragon.	Снежинки накрывают землю, словно пепел после бушующего пламени дракона.	Flakes like ash, blanketing the earth after a conflagration of dragonfire.
Conversations/Bank/Seridia/Banked Lines/weather/snowy_2/init	This fall of snow puts me in mind of my precocious youth...	Cette chute de neige m'évoque ma prime jeunesse...	Этот снегопад напоминает мне о прелестных временах моей юности...	This fall of snow puts me in mind of my precocious youth...
Conversations/Bank/Seridia/Banked Lines/weather/thunderstorm_0/1	There is nothing else like it.	Elle est sans égale.	Бесподобно!	There is nothing else like it.
Conversations/Bank/Seridia/Banked Lines/weather/thunderstorm_0/init	Ah, the music of the maelstrom!	Ah, la musique du chaos !	Ах, эта музыка в урагане!	Ah, the music of the maelstrom!
Conversations/Bank/Seridia/Banked Lines/weather/thunderstorm_1/1	Then leave me. I am in conversation with the elements.	Alors, laisse-moi. Je suis en train de converser avec les éléments.	В таком случае оставь меня. Я общаюсь со стихиями.	Then leave me. I am in conversation with the elements.
Conversations/Bank/Seridia/Banked Lines/weather/thunderstorm_1/init	The thunder... do you hear it?	Le tonnerre... tu l'entends ?	Грянул гром... Ты <p>слышали</p><f>слышала</f><m>слышал</m><n>слышало</n>?	The thunder... do you hear it?
Conversations/Bank/Seridia/Banked Lines/weather/thunderstorm_2/1	I expect no less from my most loyal follower.	Je n'en attends pas moins de <she>ma plus grande</she><he>mon plus grand</he><they>maon plus grand·e</they> disciple.	Именно этого я и жду от своих вернейших соратников.	I expect no less from my most loyal follower.
Conversations/Bank/Seridia/Banked Lines/weather/thunderstorm_2/init	You have braved the storm to seek my counsel.	Tu as bravé l'orage pour chercher conseil auprès de moi.	Ты <p>прошли</p><f>прошла</f><m>прошёл</m><n>прошло</n> сквозь бурю, чтобы прийти ко мне за советом.	You have braved the storm to seek my counsel.
Conversations/Bank/Seridia/Banked Lines/writing/writing_0/1	I will happily demonstrate it for you once the formulae are complete.	Je serai heureuse de t'en faire la démonstration une fois les formules achevées.	С удовольствием продемонстрирую его тебе, когда завершу формулы.	I will happily demonstrate it for you once the formulae are complete.
Conversations/Bank/Seridia/Banked Lines/writing/writing_0/init	I am working on a spell that turns blood to fire.	Je travaille sur un sort qui transforme le sang en feu.	Я разрабатываю заклинание, способное превратить кровь в огонь.	I am working on a spell that turns blood to fire.
Conversations/Bank/Seridia/Banked Lines/writing/writing_1/1	Even when he sought to stop me centuries ago, he could only seal me temporarily.	Même quand il a cherché à m'arrêter, il y a des siècles de cela, il n'a pu que me confiner temporairement.	Даже столетия назад, когда он желал помешать мне, он смог лишь временно заточить меня.	Even when he sought to stop me centuries ago, he could only seal me temporarily.
Conversations/Bank/Seridia/Banked Lines/writing/writing_1/2	If our positions had been reversed...	Si les rôles avaient été inversés...	Если бы мы поменялись местами...	If our positions had been reversed...
Conversations/Bank/Seridia/Banked Lines/writing/writing_1/3	"Mistria's ""sleeping dragon"" would have remained just that."	Le « dragon qui dort » de Mistria ne se serait jamais réveillé.	Мистрийский «спящий дракон» не проснулся бы никогда.	"Mistria's ""sleeping dragon"" would have remained just that."
Conversations/Bank/Seridia/Banked Lines/writing/writing_1/init	Caldarus and I have different approaches to magic.	Caldarus et moi avons des approches de la magie très différentes.	Подход к магии у нас с Кальдарусом различается.	Caldarus and I have different approaches to magic.
Conversations/Bank/Seridia/Banked Lines/writing/writing_2/1	It is quite accurate... Her determination is impressive.	Elles sont très précises... Sa détermination est impressionnante.	У неё получилось весьма точно... Я впечатлена её усердием.	It is quite accurate... Her determination is impressive.
Conversations/Bank/Seridia/Banked Lines/writing/writing_2/2	You see where I have verified her observations in purple?	Vois-tu, en rouge, les endroits où j'ai validé ses observations ?	Видишь, я выделила фиолетовым места, где я подтвердила её находки?	You see where I have verified her observations in purple?
Conversations/Bank/Seridia/Banked Lines/writing/writing_2/3	Once I have a full picture... oh, the possibilities are endless.	Quand j'en aurai une vision complète... Oh, les possibilités sont infinies.	Когда у меня будет полная карта... мне откроются безграничные возможности.	Once I have a full picture... oh, the possibilities are endless.
Conversations/Bank/Seridia/Banked Lines/writing/writing_2/init	Juniper turned over her survey of Mistria's leylines to me.	Juniper m'a transmis ses recherches sur les lignes telluriques qui parcourent Mistria.	Джунипер показала мне свои наблюдения за магическими жилами в Мистрии.	Juniper turned over her survey of Mistria's leylines to me.
Conversations/Bank/Seridia/Date Lines/bathhouse/bathhouse_accept_1/1	I have taken on a mortal form, but my physiology is not like the other villagers...	J'ai adopté une forme mortelle, mais ma physiologie n'est pas la même que celle des autres habitants...	Я приняла смертное обличье, но моя физиология не такая, как у остальных жителей...	I have taken on a mortal form, but my physiology is not like the other villagers...
Conversations/Bank/Seridia/Date Lines/bathhouse/bathhouse_accept_1/2	The heat of the bath can sneak up on me. I would appreciate your assistance with regulating my body temperature.	La chaleur du bain peut me gagner insidieusement. J'apprécierais que tu m'apportes ton aide afin de réguler ma température corporelle.	Жар в купальне может застать меня врасплох. Я желаю прибегнуть к твоей помощи в контроле температуры моего тела.	The heat of the bath can sneak up on me. I would appreciate your assistance with regulating my body temperature.
Conversations/Bank/Seridia/Date Lines/bathhouse/bathhouse_accept_1/3	Come. The $Bathhouse$ awaits.	Viens. Les $bains$ nous attendent.	Идём. $Купальня$ ждёт нас.	Come. The $Bathhouse$ awaits.
Conversations/Bank/Seridia/Date Lines/bathhouse/bathhouse_accept_1/init	[Ari], I require companionship in the bath.	[Ari], il me faut de la compagnie dans le bain.	[Ari], мне требуется сопровождение в ванной.	[Ari], I require companionship in the bath.
Conversations/Bank/Seridia/Date Lines/bathhouse/bathhouse_accept_2/1	You will accompany me, of course.	Tu vas m'accompagner, cela va de soi.	Разумеется, ты составишь мне компанию.	You will accompany me, of course.
Conversations/Bank/Seridia/Date Lines/bathhouse/bathhouse_accept_2/init	I should like to visit the $Bathhouse$, [Ari].	J'aimerais visiter les $bains$, [Ari].	Я желаю посетить $купальню$, [Ari].	I should like to visit the $Bathhouse$, [Ari].
Conversations/Bank/Seridia/Date Lines/bathhouse/bathhouse_follow_up_1/1	It was enjoyable. I feel cleansed in mind and body.	Appréciable. Je me sens purifiée, dans mon corps et dans mon esprit.	Приятным. Я чувствую очищение разума и тела.	It was enjoyable. I feel cleansed in mind and body.
Conversations/Bank/Seridia/Date Lines/bathhouse/bathhouse_follow_up_1/10	And it would appear I have not lost my touch.	Et on dirait que je n'ai pas perdu la main.	Как видно, этот навык я не потеряла.	And it would appear I have not lost my touch.
Conversations/Bank/Seridia/Date Lines/bathhouse/bathhouse_follow_up_1/11	And now, you look radiant as the moon.	À présent, tu <he>es aussi radieux que</he><she>es aussi radieuse que</she><they>irradies comme</they> la lune, aujourd'hui.	И теперь ты сияешь, как луна.	And now, you look radiant as the moon.
Conversations/Bank/Seridia/Date Lines/bathhouse/bathhouse_follow_up_1/12	Stay there a moment. Allow me to admire you a while longer.	Reste là encore un peu. Laisse-moi t'admirer encore un moment.	Постой ещё мгновение. Дай ещё полюбоваться.	Stay there a moment. Allow me to admire you a while longer.
Conversations/Bank/Seridia/Date Lines/bathhouse/bathhouse_follow_up_1/2	I would hope you feel the same, [Ari]. You were very brave to trust me as you did.	J'espère que tu ressens la même chose, [Ari]. Il fallait du courage pour me faire confiance, comme tu l'as fait.	Я надеюсь, что твои чувства сходны, [Ari]. С твоей стороны было очень смело мне довериться.	I would hope you feel the same, [Ari]. You were very brave to trust me as you did.
Conversations/Bank/Seridia/Date Lines/bathhouse/bathhouse_follow_up_1/2/prompts/0	You mean when you washed my back?	Quand tu m'as frotté le dos, tu veux dire ?	Ты про тот момент, когда я <p>попросили</p><f>попросила</f><m>попросил</m><n>попросило</n> потереть спину?	You mean when you washed my back?
Conversations/Bank/Seridia/Date Lines/bathhouse/bathhouse_follow_up_1/2/prompts/1	Of course I trust you.	Bien sûr que je te fais confiance.	Разумеется, я тебе доверяю.	Of course I trust you.
Conversations/Bank/Seridia/Date Lines/bathhouse/bathhouse_follow_up_1/3	Yes. My claws are quite useful for exfoliating, if I use a light touch...	Oui, mes griffes sont un bon exfoliant, quand j'appuie très légèrement...	Да. Мои когти — хороший инструмент для отшелушивания, если касаться осторожно...	Yes. My claws are quite useful for exfoliating, if I use a light touch...
Conversations/Bank/Seridia/Date Lines/bathhouse/bathhouse_follow_up_1/4	But in the end, they are still the claws of a dragon. Your trust... was noted.	Mais cela reste des griffes de dragon, malgré tout. Ta confiance... a été appréciée.	Но всё же это когти дракона. Твоё доверие... Я его запомню.	But in the end, they are still the claws of a dragon. Your trust... was noted.
Conversations/Bank/Seridia/Date Lines/bathhouse/bathhouse_follow_up_1/5	Looking at you now... you are as radiant as the moon, today.	Quand je te regarde... <he>Je te trouve aussi radieux que</he><she>Je te trouve aussi radieuse que</she><they>Tu irradies comme</they> la lune, aujourd'hui.	Сегодня я смотрю на тебя и вижу... Ты сияешь, как луна.	Looking at you now... you are as radiant as the moon, today.
Conversations/Bank/Seridia/Date Lines/bathhouse/bathhouse_follow_up_1/6	Perhaps I will look at you a while longer.	Je vais peut-être continuer de te regarder un peu.	Пожалуй, я посмотрю ещё.	Perhaps I will look at you a while longer.
Conversations/Bank/Seridia/Date Lines/bathhouse/bathhouse_follow_up_1/7	Yes. It was... noted.	Oui. Je l'ai... remarqué.	Хорошо... Я это запомню.	Yes. It was... noted.
Conversations/Bank/Seridia/Date Lines/bathhouse/bathhouse_follow_up_1/8	It is easier to show than to explain the traditional draconic method of exfoliation.	Il est plus simple de montrer que d'expliquer la méthode traditionnelle des dragons pour l'exfoliation.	Традиционный драконий способ отшелушивания кожи проще показывать, чем объяснять.	It is easier to show than to explain the traditional draconic method of exfoliation.
Conversations/Bank/Seridia/Date Lines/bathhouse/bathhouse_follow_up_1/9	One's claws must be applied with the lightest pressure.	La pression appliquée par les griffes doit être extrêmement légère.	Когти надо прикладывать с самым легчайшим нажимом.	One's claws must be applied with the lightest pressure.
Conversations/Bank/Seridia/Date Lines/bathhouse/bathhouse_follow_up_1/init	Your companionship in the bath was...	Ta compagnie dans le bain a été...	Твоё сопровождение в купальне было...	Your companionship in the bath was...
Conversations/Bank/Seridia/Date Lines/bathhouse/bathhouse_follow_up_2/1	I expect you to take me again soon.	J'attends de toi que tu m'y emmènes de nouveau bientôt.	Я рассчитываю на повторное приглашение.	I expect you to take me again soon.
Conversations/Bank/Seridia/Date Lines/bathhouse/bathhouse_follow_up_2/init	I enjoy this Mistrian custom of bathing together. It is both relaxing and invigorating.	J'apprécie cette coutume mistrienne de prendre un bain ensemble. C'est à la fois relaxant et revigorant.	Мне нравится мистрийский обычай совместного купания. Это одновременно расслабляет и наполняет силами.	I enjoy this Mistrian custom of bathing together. It is both relaxing and invigorating.
Conversations/Bank/Seridia/Date Lines/beach/beach_accept_1/1	And I like you, as well.	Et je t'apprécie également.	И нравится проводить время с тобой.	And I like you, as well.
Conversations/Bank/Seridia/Date Lines/beach/beach_accept_1/2	It is only natural to combine the things one likes.	Il est tout naturel d'associer les choses que l'on apprécie.	Вполне естественно совмещать эти вещи.	It is only natural to combine the things one likes.
Conversations/Bank/Seridia/Date Lines/beach/beach_accept_1/3	Shall we go?	Nous y allons ?	Пойдём же?	Shall we go?
Conversations/Bank/Seridia/Date Lines/beach/beach_accept_1/init	I like walking along the shore and gazing at the primordial sea...	J'apprécie de marcher le long du rivage en contemplant l'océan primordial...	Мне нравится прогуливаться по берегу и смотреть на первобытный океан...	I like walking along the shore and gazing at the primordial sea...
Conversations/Bank/Seridia/Date Lines/beach/beach_accept_2/1	You will accompany me, of course.	Tu vas m'accompagner, cela va de soi.	И ты непременно составишь мне компанию.	You will accompany me, of course.
Conversations/Bank/Seridia/Date Lines/beach/beach_accept_2/init	I wish to gaze upon the sea again, [Ari].	Je souhaite contempler à nouveau la mer, [Ari].	[Ari], я хочу вновь насладиться видами моря.	I wish to gaze upon the sea again, [Ari].
Conversations/Bank/Seridia/Date Lines/beach/beach_follow_up_1/1	I am given to silences from time to time, so I thought I should make it clear:	Je suis parfois encline au silence, je me suis donc dit que je devais dire les choses clairement :	Временами я подолгу молчу, так что я решила кое-что прояснить:	I am given to silences from time to time, so I thought I should make it clear:
Conversations/Bank/Seridia/Date Lines/beach/beach_follow_up_1/10	[Ari], you...	Eh bien, [Ari]...	[Ari], ты...	[Ari], you...
Conversations/Bank/Seridia/Date Lines/beach/beach_follow_up_1/11	You are breathtakingly direct.	Tes propos sont si directs que j'en ai le souffle coupé.	От твоей прямоты захватывает дух.	You are breathtakingly direct.
Conversations/Bank/Seridia/Date Lines/beach/beach_follow_up_1/12	I did not tell you this in the moment, but when we stood in the sea breeze together...	Je ne te l'ai pas dit sur le moment, mais quand nous nous tenions ensemble face à la brise marine...	Тогда я тебе не сказала, но когда мы вдвоём стояли, овеваемые морским бризом...	I did not tell you this in the moment, but when we stood in the sea breeze together...
Conversations/Bank/Seridia/Date Lines/beach/beach_follow_up_1/13	I closed my eyes and imagined we were flying, side-by-side.	J'ai fermé les yeux et imaginé que nous volions, côte à côte.	Я закрыла глаза и представила, что мы с тобой летим бок о бок.	I closed my eyes and imagined we were flying, side-by-side.
Conversations/Bank/Seridia/Date Lines/beach/beach_follow_up_1/14	I do not know what possessed me to fantasize about you in such a manner.	Je ne sais pas ce qui m'a pris de rêver de toi de la sorte.	Не знаю, что заставило меня включить тебя в такие фантазии.	I do not know what possessed me to fantasize about you in such a manner.
Conversations/Bank/Seridia/Date Lines/beach/beach_follow_up_1/15	But the thought makes my face warm.	Mais à cette pensée, mon visage s'est échauffé.	Но от этой мысли моё лицо становится горячее.	But the thought makes my face warm.
Conversations/Bank/Seridia/Date Lines/beach/beach_follow_up_1/2	Our time at the $Beach$... I quite enjoyed it.	Notre promenade sur la $plage$... Je l'ai beaucoup appréciée.	Наша прогулка по $пляжу$... мне весьма понравилась.	Our time at the $Beach$... I quite enjoyed it.
Conversations/Bank/Seridia/Date Lines/beach/beach_follow_up_1/3	And I would be pleased to know...	Et j'aimerais savoir...	И я бы хотела узнать...	And I would be pleased to know...
Conversations/Bank/Seridia/Date Lines/beach/beach_follow_up_1/4	What is it that draws you most to the shore, [Ari]?	Qu'est-ce qui t'attire le plus, sur le rivage, [Ari] ?	Чем морской берег привлекает тебя, [Ari]?	What is it that draws you most to the shore, [Ari]?
Conversations/Bank/Seridia/Date Lines/beach/beach_follow_up_1/4/prompts/0	The sights, smells and sounds...	La vue, les odeurs et les sons...	Видами, запахами, звуками...	The sights, smells and sounds...
Conversations/Bank/Seridia/Date Lines/beach/beach_follow_up_1/4/prompts/1	Sharing the experience with you.	Partager cette expérience avec toi.	Возможностью побыть с тобой.	Sharing the experience with you.
Conversations/Bank/Seridia/Date Lines/beach/beach_follow_up_1/5	The sensory experience. Yes.	L'expérience sensorielle. Oui.	Чувственный опыт. Понимаю.	The sensory experience. Yes.
Conversations/Bank/Seridia/Date Lines/beach/beach_follow_up_1/6	I did not tell you this in the moment, but when we stood in the sea breeze together...	Je ne te l'ai pas dit sur le moment, mais quand nous nous tenions ensemble face à la brise marine...	Тогда я тебе не сказала, но когда мы вдвоём стояли, овеваемые морским бризом...	I did not tell you this in the moment, but when we stood in the sea breeze together...
Conversations/Bank/Seridia/Date Lines/beach/beach_follow_up_1/7	I closed my eyes and imagined we were flying, side-by-side.	J'ai fermé les yeux et imaginé que nous volions, côte à côte.	Я закрыла глаза и представила, что мы с тобой летим бок о бок.	I closed my eyes and imagined we were flying, side-by-side.
Conversations/Bank/Seridia/Date Lines/beach/beach_follow_up_1/8	I do not know what possessed me to fantasize about you in such a manner.	Je ne sais pas ce qui m'a pris de rêver de toi de la sorte.	Не знаю, что заставило меня включить тебя в такие фантазии.	I do not know what possessed me to fantasize about you in such a manner.
Conversations/Bank/Seridia/Date Lines/beach/beach_follow_up_1/9	But the thought makes my face warm.	Mais à cette pensée, mon visage s'est échauffé.	Но от этой мысли моё лицо становится горячее.	But the thought makes my face warm.
Conversations/Bank/Seridia/Date Lines/beach/beach_follow_up_1/init	[Ari].	[Ari].	[Ari].	[Ari].
Conversations/Bank/Seridia/Date Lines/beach/beach_follow_up_2/1	I would walk the shore with you again in a wingbeat.	En un clin d'œil, je marcherais à nouveau sur la plage en ta compagnie.	И я готова снова пройтись с тобой по пляжу, стоит лишь махнуть крылом.	I would walk the shore with you again in a wingbeat.
Conversations/Bank/Seridia/Date Lines/beach/beach_follow_up_2/2	You need but ask, and I shall join you.	Il te suffit de me le demander et je me joindrai à toi.	Только скажи, и я пойду с тобой.	You need but ask, and I shall join you.
Conversations/Bank/Seridia/Date Lines/beach/beach_follow_up_2/init	I was thinking about our $Date$...	Je repensais à notre $rendez-vous$...	Я вспоминала наше $свидание$...	I was thinking about our $Date$...
Conversations/Bank/Seridia/Date Lines/deep_woods_picnic/deep_woods_picnic_accept_1/1	You fill a little basket with morsels? And then carry it into the wilderness to devour it?	Tu emplis un petit panier de délices ? Puis tu l'emportes en pleine nature pour tout dévorer ?	Надо наполнить маленькую корзинку яствами? А затем отправиться в лес и там поглотить их?	You fill a little basket with morsels? And then carry it into the wilderness to devour it?
Conversations/Bank/Seridia/Date Lines/deep_woods_picnic/deep_woods_picnic_accept_1/2	I see. A picnic is a kind of survival exercise.	Je vois. Un pique-nique est une sorte d'exercice de survie.	Понятно. Значит, пикник — это тренировка выживания.	I see. A picnic is a kind of survival exercise.
Conversations/Bank/Seridia/Date Lines/deep_woods_picnic/deep_woods_picnic_accept_1/3	And you wish to conduct this exercise in the $Deep Woods$? Inside of enemy territory?	Et tu souhaites mener cet exercice à $Boissombre$ ? En plein territoire ennemi ?	И ты хочешь провести его в $глубокой чаще$? Вблизи от стана врага?	And you wish to conduct this exercise in the $Deep Woods$? Inside of enemy territory?
Conversations/Bank/Seridia/Date Lines/deep_woods_picnic/deep_woods_picnic_accept_1/4	Something about this stirs my heart.	Il y a là quelque chose qui m'émeut.	Эта мысль волнует моё сердце.	Something about this stirs my heart.
Conversations/Bank/Seridia/Date Lines/deep_woods_picnic/deep_woods_picnic_accept_1/5	Yes. Let us... picnic.	Entendu. Allons... pique-niquer.	Да... Давай сходим на пикник.	Yes. Let us... picnic.
Conversations/Bank/Seridia/Date Lines/deep_woods_picnic/deep_woods_picnic_accept_1/init	Tell me more of this... picnic you speak of.	Dis-m'en plus... Ce pique-nique dont tu parles.	Расскажи мне больше про этот... пикник, как ты говоришь.	Tell me more of this... picnic you speak of.
Conversations/Bank/Seridia/Date Lines/deep_woods_picnic/deep_woods_picnic_accept_2/1	And it is my turn to fill the survival basket.	Et c'est à mon tour de remplir le panier de survie.	И теперь мой черёд подбирать наш паёк для выживания.	And it is my turn to fill the survival basket.
Conversations/Bank/Seridia/Date Lines/deep_woods_picnic/deep_woods_picnic_accept_2/2	Behold! The finest fare, liberated from the Inn.	Regarde ! Les mets les plus délicats, prélevés à l'auberge.	Узри! Здесь лучшая провизия, что можно достать в трактире.	Behold! The finest fare, liberated from the Inn.
Conversations/Bank/Seridia/Date Lines/deep_woods_picnic/deep_woods_picnic_accept_2/3	Now, let us go and find a secluded corner of the $Deep Woods$ to amuse ourselves.	À présent, allons trouver à $Boissombre$ un coin reculé pour nous amuser.	А теперь пойдём искать в $глубокой чаще$ укромный уголок, забавы ради.	Now, let us go and find a secluded corner of the $Deep Woods$ to amuse ourselves.
Conversations/Bank/Seridia/Date Lines/deep_woods_picnic/deep_woods_picnic_accept_2/init	It is time to embark upon another picnic, [Ari].	Le moment est venu de se lancer dans un autre pique-nique, [Ari].	Пришла пора снова отправиться на пикник, [Ari].	It is time to embark upon another picnic, [Ari].
Conversations/Bank/Seridia/Date Lines/deep_woods_picnic/deep_woods_picnic_accept_3/1	Let us pack our basket of rations and steal deep into enemy territory...	Préparons nos paniers de rations et enfonçons-nous loin en territoire ennemi...	Давай наполним корзину провизией и прокрадёмся вглубь вражеской территории...	Let us pack our basket of rations and steal deep into enemy territory...
Conversations/Bank/Seridia/Date Lines/deep_woods_picnic/deep_woods_picnic_accept_3/2	Yes. Let us picnic once more.	Oui. Retournons pique-niquer encore une fois.	Да. Пойдём на пикник снова.	Yes. Let us picnic once more.
Conversations/Bank/Seridia/Date Lines/deep_woods_picnic/deep_woods_picnic_accept_3/init	[Ari], I desire to feel the thrill of eating outdoors again.	Vois-tu, [Ari], je désire éprouver à nouveau le frisson d'un repas en extérieur.	[Ari], я желаю повторить наш захватывающий опыт еды на природе.	[Ari], I desire to feel the thrill of eating outdoors again.
Conversations/Bank/Seridia/Date Lines/deep_woods_picnic/deep_woods_picnic_follow_up_1/1	I found it to be quite thrilling.	Elle m'a fait vibrer.	Твоя идея пикника в $глубокой чаще$ приводит меня в волнение.	I found it to be quite thrilling.
Conversations/Bank/Seridia/Date Lines/deep_woods_picnic/deep_woods_picnic_follow_up_1/2	I have never considered trespassing thusly to be a romantic exercise...	Je n'avais jamais envisagé qu'entrer ainsi sur une propriété privée puisse être un exercice romantique...	Раньше я бы не подумала, что нарушение границ можно превратить в романтический опыт...	I have never considered trespassing thusly to be a romantic exercise...
Conversations/Bank/Seridia/Date Lines/deep_woods_picnic/deep_woods_picnic_follow_up_1/3	But I am happy to be proven wrong.	Mais je suis heureuse d'avoir eu tort.	Но я рада, что оказалась неправа.	But I am happy to be proven wrong.
Conversations/Bank/Seridia/Date Lines/deep_woods_picnic/deep_woods_picnic_follow_up_1/4	Let us trespass again soon.	Retournons faire une nouvelle intrusion bientôt.	Давай же скоро совершим новое вторжение.	Let us trespass again soon.
Conversations/Bank/Seridia/Date Lines/deep_woods_picnic/deep_woods_picnic_follow_up_1/init	[Ari], as romantic activities go, your idea of a picnic in the $Deep Woods$...	Dis-moi, [Ari], en ce qui concerne les activités romantiques, ton idée de pique-nique à $Boissombre$...	[Ari], что касается романтических встреч...	[Ari], as romantic activities go, your idea of a picnic in the $Deep Woods$...
Conversations/Bank/Seridia/Date Lines/deep_woods_picnic/deep_woods_picnic_follow_up_2/1	To smuggle ourselves into the $Deep Woods$, so we might eat and amuse ourselves in secret...	Entrer en douce à $Boissombre$ pour pouvoir manger et nous amuser en secret...	Проникнуть в $глубокую чащу$ и втайне отдыхать и вкушать пищу...	To smuggle ourselves into the $Deep Woods$, so we might eat and amuse ourselves in secret...
Conversations/Bank/Seridia/Date Lines/deep_woods_picnic/deep_woods_picnic_follow_up_2/10	I look forward to the next one.	J'attends la prochaine avec impatience.	С нетерпением жду следующей.	I look forward to the next one.
Conversations/Bank/Seridia/Date Lines/deep_woods_picnic/deep_woods_picnic_follow_up_2/2	It makes me feel like a mischievous youngling again.	J'ai eu l'impression d'être à nouveau une jeunette malicieuse.	Я снова чувствую себя юной проказницей.	It makes me feel like a mischievous youngling again.
Conversations/Bank/Seridia/Date Lines/deep_woods_picnic/deep_woods_picnic_follow_up_2/2/prompts/0	Oh? Did you get up to a lot of mischief back then?	Oh ? Tu faisais beaucoup de bêtises, à l'époque ?	Ого! А ты в детстве много проказничала?	Oh? Did you get up to a lot of mischief back then?
Conversations/Bank/Seridia/Date Lines/deep_woods_picnic/deep_woods_picnic_follow_up_2/2/prompts/1	Me too. I like getting up to trouble with you.	Moi aussi. J'aime beaucoup semer le bazar avec toi.	И я. Мне нравится безобразничать вместе с тобой.	Me too. I like getting up to trouble with you.
Conversations/Bank/Seridia/Date Lines/deep_woods_picnic/deep_woods_picnic_follow_up_2/3	One might say that.	Je crois qu'on peut le dire.	Да, можно так сказать.	One might say that.
Conversations/Bank/Seridia/Date Lines/deep_woods_picnic/deep_woods_picnic_follow_up_2/4	But then I rose to power, and became the one who decides what mischief is. I suppose, at that point, the shine comes off.	Mais ensuite, j'ai été au pouvoir et je suis devenue celle qui décide de ce qui est une bêtise ou pas. Dès lors, cela perd de son attrait.	Но затем я пришла к власти и стала сама решать, что считать баловстом. Тогда подобные забавы утратили шарм.	But then I rose to power, and became the one who decides what mischief is. I suppose, at that point, the shine comes off.
Conversations/Bank/Seridia/Date Lines/deep_woods_picnic/deep_woods_picnic_follow_up_2/5	But you have reminded me of what I saw in such diversions, [Ari].	Mais tu m'as rappelé ce que je voyais dans de telles distractions, [Ari].	Но ты <p>напомнили</p><f>напомнила</f><m>напомнил</m><n>напомнило</n>, чем меня так привлекали подобные выходки, [Ari].	But you have reminded me of what I saw in such diversions, [Ari].
Conversations/Bank/Seridia/Date Lines/deep_woods_picnic/deep_woods_picnic_follow_up_2/6	Provide me with more such diversions soon.	Offre-moi d'autres divertissements de ce genre.	Надеюсь, скоро ты снова предложишь мне подобную затею.	Provide me with more such diversions soon.
Conversations/Bank/Seridia/Date Lines/deep_woods_picnic/deep_woods_picnic_follow_up_2/7	Oho...	Oho...	Хо-хо...	Oho...
Conversations/Bank/Seridia/Date Lines/deep_woods_picnic/deep_woods_picnic_follow_up_2/8	You knew just what to say.	C'est précisément ce que j'avais envie d'entendre.	Ты говоришь самые подходящие слова.	You knew just what to say.
Conversations/Bank/Seridia/Date Lines/deep_woods_picnic/deep_woods_picnic_follow_up_2/9	You provide me with pleasing diversions, [Ari].	Tu m'offres de plaisantes distractions, [Ari].	Мне нравятся затеи, которые ты предлагаешь, [Ari].	You provide me with pleasing diversions, [Ari].
Conversations/Bank/Seridia/Date Lines/deep_woods_picnic/deep_woods_picnic_follow_up_2/init	I enjoyed our picnic, [Ari].	J'ai apprécié notre pique-nique, [Ari].	Мне понравился наш пикник, [Ari].	I enjoyed our picnic, [Ari].
Conversations/Bank/Seridia/Date Lines/deep_woods_picnic/deep_woods_picnic_follow_up_3/1	And I will turn the memory over in my mind until the next one.	Et je me le remémorerai sans cesse, jusqu'au prochain.	И я буду любоваться этим воспоминанием до следующего раза.	And I will turn the memory over in my mind until the next one.
Conversations/Bank/Seridia/Date Lines/deep_woods_picnic/deep_woods_picnic_follow_up_3/init	I enjoyed our picnic, [Ari].	J'ai apprécié notre pique-nique, [Ari].	Мне понравился наш пикник, [Ari].	I enjoyed our picnic, [Ari].
Conversations/Bank/Seridia/Date Lines/gem_cutting/gem_cutting_accept_1/1	I see...	Je vois...	Что ж...	I see...
Conversations/Bank/Seridia/Date Lines/gem_cutting/gem_cutting_accept_1/2	To cut away at the rough exterior of a natural form, to reveal its true potential...	Retirer la partie extérieure brute d'une formation naturelle afin d'en révéler le véritable potentiel...	Разломить грубую оболочку природной формы, раскрыть внутренний потенциал...	To cut away at the rough exterior of a natural form, to reveal its true potential...
Conversations/Bank/Seridia/Date Lines/gem_cutting/gem_cutting_accept_1/3	Such an activity sounds very much to my tastes.	Une telle activité semble très à mon goût.	Такое занятие должно прийтись мне по вкусу.	Such an activity sounds very much to my tastes.
Conversations/Bank/Seridia/Date Lines/gem_cutting/gem_cutting_accept_1/4	You know me well, [Ari]. Let us go.	Tu me connais bien, [Ari]. Allons-y.	Ты хорошо меня знаешь, [Ari].	You know me well, [Ari]. Let us go.
Conversations/Bank/Seridia/Date Lines/gem_cutting/gem_cutting_accept_1/init	You wish for my company... in re-shaping a gemstone?	Tu souhaites avoir ma compagnie... pour modifier la forme d'un joyau ?	Ты хочешь, чтобы я составила тебе компанию... в изменении формы камня?	You wish for my company... in re-shaping a gemstone?
Conversations/Bank/Seridia/Date Lines/gem_cutting/gem_cutting_accept_2/1	And I wish to assist you in growing your hoard...	Et je souhaite t'aider à accumuler ton propre trésor...	И я хочу помочь тебе вырастить свою груду сокровищ.	And I wish to assist you in growing your hoard...
Conversations/Bank/Seridia/Date Lines/gem_cutting/gem_cutting_accept_2/2	For a magnificent hoard is greatly attractive to a dragon such as myself.	Car de magnifiques richesses sont très attirantes pour un dragon tel que moi.	Ведь впечатляющие сокровища весьма привлекательны для дракона.	For a magnificent hoard is greatly attractive to a dragon such as myself.
Conversations/Bank/Seridia/Date Lines/gem_cutting/gem_cutting_accept_2/3	Come. Let us create a treasure together.	Viens. Créons un trésor ensemble.	Идём. Будем вместе создавать драгоценности.	Come. Let us create a treasure together.
Conversations/Bank/Seridia/Date Lines/gem_cutting/gem_cutting_accept_2/init	[Ari]. I desire once more to cut a gemstone together. Our previous undertaking was quite gratifying.	J'aimerais à nouveau que nous fassions de la taille de pierre ensemble, [Ari]. Notre précédente expérience a été très gratifiante.	[Ari], я желаю вновь заняться совместной огранкой. Наша предыдущая попытка доставила мне немало отрады.	[Ari]. I desire once more to cut a gemstone together. Our previous undertaking was quite gratifying.
Conversations/Bank/Seridia/Date Lines/gem_cutting/gem_cutting_follow_up_1/1	It was with our hands joined that we were able to create such a striking jewel...	C'est en unissant nos mains que nous sommes parvenus à créer un joyau aussi remarquable	Только совместными усилиями у нас получилось создать такую потрясающую драгоценность.	It was with our hands joined that we were able to create such a striking jewel...
Conversations/Bank/Seridia/Date Lines/gem_cutting/gem_cutting_follow_up_1/2	You have, of course, added it to your personal hoard?	Tu l'as, bien entendu, ajouté à ton trésor personnel, n'est-ce pas ?	Ты, безусловно, <p>добавили</p><f>добавила</f><m>добавил</m><n>добавило</n> её в свою груду сокровищ?	You have, of course, added it to your personal hoard?
Conversations/Bank/Seridia/Date Lines/gem_cutting/gem_cutting_follow_up_1/2/prompts/0	Of course, I'll treasure it!	Bien sûr, je vais le chérir !	Конечно, я буду хранить её у себя!	Of course, I'll treasure it!
Conversations/Bank/Seridia/Date Lines/gem_cutting/gem_cutting_follow_up_1/2/prompts/1	Right, I'll definitely never sell it!	Exact, je ne le vendrai jamais, c'est certain !	Да, я точно никогда её не продам!	Right, I'll definitely never sell it!
Conversations/Bank/Seridia/Date Lines/gem_cutting/gem_cutting_follow_up_1/3	Yes, good.	Oui, parfait.	Отлично.	Yes, good.
Conversations/Bank/Seridia/Date Lines/gem_cutting/gem_cutting_follow_up_1/4	It is in a dragon's nature to commit the story of every bauble in her hoard to heart.	Il est dans la nature d'un dragon de prendre à cœur l'histoire de chacune des babioles qui constitue son trésor.	Запоминать историю каждой своей безделушки — такова натура дракона.	It is in a dragon's nature to commit the story of every bauble in her hoard to heart.
Conversations/Bank/Seridia/Date Lines/gem_cutting/gem_cutting_follow_up_1/5	They do well to remind you of what has passed, and what is important.	Elles sont un bon moyen de se souvenir du passé et de ce qui importe.	В них — лучшее напоминание о том, что было, и о том, что важно.	They do well to remind you of what has passed, and what is important.
Conversations/Bank/Seridia/Date Lines/gem_cutting/gem_cutting_follow_up_1/6	Of course.	Bien sûr.	Разумеется.	Of course.
Conversations/Bank/Seridia/Date Lines/gem_cutting/gem_cutting_follow_up_1/7	However, gems are not the only type of hoard one can keep...	Cependant, les pierres précieuses ne sont pas les seules richesses que l'on peut conserver...	Хотя помимо драгоценных камней бывают и другие сокровища...	However, gems are not the only type of hoard one can keep...
Conversations/Bank/Seridia/Date Lines/gem_cutting/gem_cutting_follow_up_1/8	So do not hesitate to sell such tokens, if you have cause.	N'hésite pas à vendre ce genre de témoignage symbolique, si tu en as besoin.	Так что не стесняйся продавать такие вещички, если на то будут причины.	So do not hesitate to sell such tokens, if you have cause.
Conversations/Bank/Seridia/Date Lines/gem_cutting/gem_cutting_follow_up_1/9	I simply expect you to demand an exorbitant price for it.	J'attends simplement de toi que tu en exiges un prix exorbitant.	Я лишь прошу, чтобы ты <p>запрашивали</p><f>запрашивала</f><m>запрашивал</m><n>зпрашивало</n> невероятные цены.	I simply expect you to demand an exorbitant price for it.
Conversations/Bank/Seridia/Date Lines/gem_cutting/gem_cutting_follow_up_1/init	In my many lives, I have never cut a gem in such an intimate setting.	Dans mes nombreuses vies, je n'ai jamais taillé de pierres dans un cadre aussi intime.	Я прожила много жизней, но никогда не занималась огранкой в такой интимной обстановке.	In my many lives, I have never cut a gem in such an intimate setting.
Conversations/Bank/Seridia/Date Lines/gem_cutting/gem_cutting_follow_up_2/1	To turn it into a unique, glittering treasure.	La voir se transformer en un trésor unique et scintillant.	И как он превращается в уникальную сверкающую драгоценность.	To turn it into a unique, glittering treasure.
Conversations/Bank/Seridia/Date Lines/gem_cutting/gem_cutting_follow_up_2/2	I look forward to our next foray together.	J'attends avec impatience notre prochaine tentative.	Я уже жду, когда мы повторим этот опыт вновь.	I look forward to our next foray together.
Conversations/Bank/Seridia/Date Lines/gem_cutting/gem_cutting_follow_up_2/init	It is most pleasurable to watch your hands manipulate the facets of a gemstone...	Regarder tes mains manipuler les facettes d'une pierre précieuse est très plaisant...	Приятно было наблюдать, как твои руки управляются с гранями камня...	It is most pleasurable to watch your hands manipulate the facets of a gemstone...
Conversations/Bank/Seridia/Date Lines/inn_meal/inn_meal_accept_1/1	When I was Queen, such invitations arrived with pomp and show.	Quand j'étais reine, de telles invitations me parvenaient avec force pompe et étalage.	Когда я была королевой, такие предложения сопровождались пышными церемониями.	When I was Queen, such invitations arrived with pomp and show.
Conversations/Bank/Seridia/Date Lines/inn_meal/inn_meal_accept_1/2	To be asked so directly, with no preamble...	Me le voir demandé aussi directement, sans préambule...	Получить приглашение вот так просто и напрямую...	To be asked so directly, with no preamble...
Conversations/Bank/Seridia/Date Lines/inn_meal/inn_meal_accept_1/3	I like it.	Cela me plaît !	Да, мне нравится.	I like it.
Conversations/Bank/Seridia/Date Lines/inn_meal/inn_meal_accept_1/4	Let us eat without pretext, [Ari].	Allons manger sans avoir besoin de prétexte, [Ari].	Давай поедим вместе без церемоний, [Ari].	Let us eat without pretext, [Ari].
Conversations/Bank/Seridia/Date Lines/inn_meal/inn_meal_accept_1/init	An invitation to eat at the $Inn$? With you?	Une invitation à déjeuner à l'$auberge$ ? Avec toi ?	Ты приглашаешь меня поесть в $трактир$? Вдвоём?	An invitation to eat at the $Inn$? With you?
Conversations/Bank/Seridia/Date Lines/inn_meal/inn_meal_accept_2/1	I would like to eat, and desire your company. You will accompany me to the $Sleeping Dragon Inn$.	J'aimerais manger et j'apprécierais ta compagnie. Tu vas m'accompagner à l'$auberge du Dragon qui dort$.	Я желаю поесть в твоём обществе. Ты составишь мне компанию в $трактире «Спящий дракон»$.	I would like to eat, and desire your company. You will accompany me to the $Sleeping Dragon Inn$.
Conversations/Bank/Seridia/Date Lines/inn_meal/inn_meal_accept_2/2	At least... that is my hope. It is your choice. What say you?	Du moins... c'est ce que j'espère. Le choix t'appartient. Qu'en dis-tu ?	Во всяком случае... я надеюсь на это. У тебя есть выбор. Что скажешь?	At least... that is my hope. It is your choice. What say you?
Conversations/Bank/Seridia/Date Lines/inn_meal/inn_meal_accept_2/3	Yes?	Oui ?	Да?	Yes?
Conversations/Bank/Seridia/Date Lines/inn_meal/inn_meal_accept_2/4	Then come, let us dine together.	Alors, viens, allons dîner ensemble.	Тогда пойдём же, отобедаем вместе.	Then come, let us dine together.
Conversations/Bank/Seridia/Date Lines/inn_meal/inn_meal_accept_2/init	Allow me to take a page from your book, [Ari], and speak directly.	Permets-moi de prendre exemple sur toi, [Ari], et de parler sans détour.	[Ari], я воспользуюсь твоим примером и буду говорить прямо.	Allow me to take a page from your book, [Ari], and speak directly.
Conversations/Bank/Seridia/Date Lines/inn_meal/inn_meal_accept_3/1	Will you join me, so I might satisfy both needs together?	Te joindras-tu à moi, afin que je puisse satisfaire ces deux besoins simultanément ?	Составишь мне компанию, дабы утолить оба моих желания?	Will you join me, so I might satisfy both needs together?
Conversations/Bank/Seridia/Date Lines/inn_meal/inn_meal_accept_3/2	Excellent. Let us go.	Parfait. Allons-y.	Превосходно. Пойдём же.	Excellent. Let us go.
Conversations/Bank/Seridia/Date Lines/inn_meal/inn_meal_accept_3/init	I hunger for sustenance, and company.	J'ai faim de subsistance et de compagnie.	Я жажду пищи и твоего общества.	I hunger for sustenance, and company.
Conversations/Bank/Seridia/Date Lines/inn_meal/inn_meal_follow_up_1/1	I often dreamed of dispensing with the useless table etiquette required of me at diplomatic luncheons.	J'ai souvent rêvé d'être dispensée de l'étiquette inutile que l'on exigeait de moi lors des repas diplomatiques.	Равньше я часто мечтала отбросить этот никчёмный застольный этикет на дипломатических приёмах.	I often dreamed of dispensing with the useless table etiquette required of me at diplomatic luncheons.
Conversations/Bank/Seridia/Date Lines/inn_meal/inn_meal_follow_up_1/2	It is vastly preferable to eat with simply one fork and one spoon.	Il est de loin préférable de manger simplement, avec une cuillère et une fourchette.	В разы приятнее есть одной вилкой и одной ложкой.	It is vastly preferable to eat with simply one fork and one spoon.
Conversations/Bank/Seridia/Date Lines/inn_meal/inn_meal_follow_up_1/3	Especially in your company.	Surtout en ta compagnie.	В особенности в твоей компании.	Especially in your company.
Conversations/Bank/Seridia/Date Lines/inn_meal/inn_meal_follow_up_1/init	I enjoyed eating with you at the $Inn$, [Ari].	J'ai apprécié de manger avec toi à l'$auberge$, [Ari].	Мне понравилось есть вдвоём в $трактире$, [Ari].	I enjoyed eating with you at the $Inn$, [Ari].
Conversations/Bank/Seridia/Date Lines/inn_meal/inn_meal_follow_up_2/1	I am told that the essence of the $Date$ is to be... casual.	On m'a dit que le principe d'un $rendez-vous$ était d'être... informel.	Мне сообщили, что в $свидании$ главное... быть собой.	I am told that the essence of the $Date$ is to be... casual.
Conversations/Bank/Seridia/Date Lines/inn_meal/inn_meal_follow_up_2/2	Tell me, did I succeed?	Dis-moi, y suis-je parvenue ?	Скажи мне, у меня получилось?	Tell me, did I succeed?
Conversations/Bank/Seridia/Date Lines/inn_meal/inn_meal_follow_up_2/2/prompts/0	You did! Especially the part where we shared a straw.	Tout à fait ! Surtout quand nous avons partagé la même paille.	Ещё как! Особенно, когда мы вместе пили из соломинки.	You did! Especially the part where we shared a straw.
Conversations/Bank/Seridia/Date Lines/inn_meal/inn_meal_follow_up_2/2/prompts/1	You don't have to push yourself.	Tu n'as pas à te forcer.	Не заставляй себя, если тебе трудно.	You don't have to push yourself.
Conversations/Bank/Seridia/Date Lines/inn_meal/inn_meal_follow_up_2/3	Yes... much planning and consideration went into that stratagemn.	Oui... Ce stratagème m'a demandé beaucoup de réflexion et d'organisation.	Да... Я тщательно планировала и обдумывала этот манёвр.	Yes... much planning and consideration went into that stratagemn.
Conversations/Bank/Seridia/Date Lines/inn_meal/inn_meal_follow_up_2/4	It was my coup de grace. And you fell right into it!	C'était mon coup de grâce. Et tu y as succombé immédiatement !	Это была моя финальная уловка. И ты на неё <p>клюнули</p><f>клюнула</f><m>клюнул</m><n>клюнуло</n>!	It was my coup de grace. And you fell right into it!
Conversations/Bank/Seridia/Date Lines/inn_meal/inn_meal_follow_up_2/5	Much to my delight.	À mon grand plaisir.	К моему превеликому удовольствию.	Much to my delight.
Conversations/Bank/Seridia/Date Lines/inn_meal/inn_meal_follow_up_2/6	Ah, did I come across as stiff, then?	Ah, j'ai donc donné l'impression d'être trop raide, alors ?	А, я вела себя неловко, да?	Ah, did I come across as stiff, then?
Conversations/Bank/Seridia/Date Lines/inn_meal/inn_meal_follow_up_2/7	Perhaps I was overthinking things.	Peut-être ai-je trop analysé la situation.	Возможно, я слишком много думала.	Perhaps I was overthinking things.
Conversations/Bank/Seridia/Date Lines/inn_meal/inn_meal_follow_up_2/8	Next time, I shall endeavor to... relax.	La prochaine fois, je m'emploierai à... me détendre.	В следующий раз я приложу усилия, чтобы... расслабиться.	Next time, I shall endeavor to... relax.
Conversations/Bank/Seridia/Date Lines/inn_meal/inn_meal_follow_up_2/init	That was our second time dining at the $Inn$ together.	C'était la seconde fois que nous dînions ensemble à l'$auberge$.	Это был наш второй совместный визит в $трактир$.	That was our second time dining at the $Inn$ together.
Conversations/Bank/Seridia/Date Lines/inn_meal/inn_meal_follow_up_3/1	I hope we will make more memories soon.	J'espère que nous nous ferons d'autres souvenirs bientôt.	Надеюсь, скоро мы сможем создать больше совместных воспоминаний.	I hope we will make more memories soon.
Conversations/Bank/Seridia/Date Lines/inn_meal/inn_meal_follow_up_3/init	Our meal together was quite memorable, [Ari].	Notre repas ensemble était mémorable, [Ari].	Наша совместная трапеза была незабываема, [Ari].	Our meal together was quite memorable, [Ari].
Conversations/Bank/Seridia/Date Lines/park/park_accept_1/1	To relax on a bench together?	Pour que l'on aille se détendre ensemble sur un banc ?	Расслабиться и посидеть на скамейке?	To relax on a bench together?
Conversations/Bank/Seridia/Date Lines/park/park_accept_1/2	And gaze upon the glassy stillness of a pond?	En contemplant le miroitement de l'eau immobile d'un étang ?	Посмотреть вместе на зеркальную поверхность пруда?	And gaze upon the glassy stillness of a pond?
Conversations/Bank/Seridia/Date Lines/park/park_accept_1/3	...	...	...	...
Conversations/Bank/Seridia/Date Lines/park/park_accept_1/4	Very well. This couple's activity intrigues me. Let us make haste... to relax.	Très bien. Cette activité de couple m'intrigue. Hâtons-nous d'aller... nous détendre.	Ладно. Такое романтическое времяпрепровождение меня заинтересовало. Давай же поспешим... отдыхать.	Very well. This couple's activity intrigues me. Let us make haste... to relax.
Conversations/Bank/Seridia/Date Lines/park/park_accept_1/init	You wish for me to accompany you...	Tu souhaites que je t'accompagne...	Ты хочешь, чтобы я составила тебе компанию...	You wish for me to accompany you...
Conversations/Bank/Seridia/Date Lines/park/park_accept_2/1	In the past, I would give such a place no second thought, and yet...	Par le passé, j'aurais aussitôt oublié un endroit tel que celui-ci, pourtant...	Раньше я бы отказалась от такого места не раздумывая, но теперь...	In the past, I would give such a place no second thought, and yet...
Conversations/Bank/Seridia/Date Lines/park/park_accept_2/2	Your presence seemingly imbues it with magic. A curious phenomenon.	Ta présence l'imprègne de toute évidence de magie. C'est un curieux phénomène.	Твоё присутствие словно наполняет его магией. Любопытный феномен.	Your presence seemingly imbues it with magic. A curious phenomenon.
Conversations/Bank/Seridia/Date Lines/park/park_accept_2/3	Let us go, so I may observe it for myself once more.	Allons-y, afin que je puisse observer cela de nouveau par moi-même.	Пойдём, я хочу ещё раз его испытать.	Let us go, so I may observe it for myself once more.
Conversations/Bank/Seridia/Date Lines/park/park_accept_2/init	You desire my company once more? For another $Date$ in the $Park$?	Tu désires une fois encore ma compagnie ? Pour un autre $rendez-vous$ dans le $parc$ ?	Ты снова приглашаешь меня составить компанию? На ещё одно $свидание$ в $парке$?	You desire my company once more? For another $Date$ in the $Park$?
Conversations/Bank/Seridia/Date Lines/park/park_follow_up_1/1	The act of enjoying your company while surrounded by nature...	L'acte de profiter de ta compagnie, au milieu de la nature...	Наслаждаться твоим обществом в окружении природы...	The act of enjoying your company while surrounded by nature...
Conversations/Bank/Seridia/Date Lines/park/park_follow_up_1/2	While being unproductive... it did not disappoint.	Tout en étant improductive... ne m'a pas déçue.	Пускай и непродуктивно, но... Я не была разочарована.	While being unproductive... it did not disappoint.
Conversations/Bank/Seridia/Date Lines/park/park_follow_up_1/2/prompts/0	I'm happy you enjoyed yourself!	Ça me réjouit que tu aies passé un bon moment !	Я <p>рады</p><f>рада</f><m>рад</m><n>радо</n>, что тебе понравилось!	I'm happy you enjoyed yourself!
Conversations/Bank/Seridia/Date Lines/park/park_follow_up_1/2/prompts/1	I knew you'd enjoy yourself!	Je savais que tu passerais un bon moment !	Я <p>знали</p><f>знала</f><m>знал</m><n>знало</n>, что тебе понравится!	I knew you'd enjoy yourself!
Conversations/Bank/Seridia/Date Lines/park/park_follow_up_1/3	Yes. You have come to know me... and my tastes well.	Oui. Tu as fini par bien me connaître... et par connaître mes goûts.	Да. Ты уже хорошо знаешь меня... И мои предпочтения.	Yes. You have come to know me... and my tastes well.
Conversations/Bank/Seridia/Date Lines/park/park_follow_up_1/4	Have you come to know me and my tastes so well?	As-tu donc réussi à me connaître et à connaître si bien mes goûts ?	Когда ты <p>успели</p><f>успела</f><m>успел</m><n>успело</n> так хорошо изучить мои предпочтения?	Have you come to know me and my tastes so well?
Conversations/Bank/Seridia/Date Lines/park/park_follow_up_1/5	I suppose this is the true purpose of courtship... to come to know your paramour more deeply.	J'imagine que c'est là l'objectif réel d'une cour... apprendre à connaître plus profondément l'être aimé.	Вероятно, в этом и есть настоящая цель ухаживаний... Глубже узнать свою пассию.	I suppose this is the true purpose of courtship... to come to know your paramour more deeply.
Conversations/Bank/Seridia/Date Lines/park/park_follow_up_1/6	In that case...	Dans ce cas...	В таком случае...	In that case...
Conversations/Bank/Seridia/Date Lines/park/park_follow_up_1/7	I expect more $Dates$ with you in the future.	Je m'attends à avoir davantage de $rendez-vous$ avec toi à l'avenir.	Я ожидаю больше $свиданий$ в будущем.	I expect more $Dates$ with you in the future.
Conversations/Bank/Seridia/Date Lines/park/park_follow_up_1/init	I must admit, [Ari]...	Je dois l'admettre, [Ari].	Должна признать, [Ari]...	I must admit, [Ari]...
Conversations/Bank/Seridia/Date Lines/park/park_follow_up_2/1	I ever enjoy your company, and your counsel.	J'apprécie toujours ta compagnie et ton conseil.	Я всегда ценю твоё общество и твой совет.	I ever enjoy your company, and your counsel.
Conversations/Bank/Seridia/Date Lines/park/park_follow_up_2/2	So do not hesitate to call upon me for another such... $Date$.	N'hésite donc pas à me solliciter pour un autre... $rendez-vous$.	Не стесняйся звать меня на дальнейшие... $свидания$.	So do not hesitate to call upon me for another such... $Date$.
Conversations/Bank/Seridia/Date Lines/park/park_follow_up_2/init	My mind is sharper and my resolve is stronger since our shared time at the park.	J'ai l'esprit plus vif et je suis plus déterminée depuis que nous avons partagé du temps au parc.	С тех пор, как мы провели время в парке вдвоём, мой разум стал острее, а моя воля прочнее.	My mind is sharper and my resolve is stronger since our shared time at the park.
Conversations/Bank/Seridia/Date Lines/post_baby/post_baby_date_accept/1	Let us leave [child_0] in the care of Elsie, so that we may enjoy some alone time.			Let us leave [child_0] in the care of Elsie, so that we may enjoy some alone time.
Conversations/Bank/Seridia/Date Lines/post_baby/post_baby_date_accept/2	I believe she will be a most diligent babysitter.			I believe she will be a most diligent babysitter.
Conversations/Bank/Seridia/Date Lines/post_baby/post_baby_date_accept/init	A date? Yes, that is an excellent idea.			A date? Yes, that is an excellent idea.
Conversations/Bank/Seridia/Date Lines/post_baby/post_baby_date_follow_up/1	I do so enjoy our time alone together.			I do so enjoy our time alone together.
Conversations/Bank/Seridia/Date Lines/post_baby/post_baby_date_follow_up/2	And it seems that [child_0] had an excellent time with Elsie, as well.			And it seems that [child_0] had an excellent time with Elsie, as well.
Conversations/Bank/Seridia/Date Lines/post_baby/post_baby_date_follow_up/init	What a memorable date, [Ari].			What a memorable date, [Ari].
Conversations/Bank/Seridia/Gift Lines/gift_lines/ancient_crystal_goblet/1	I suppose I can accept it as a token.	J'imagine que je peux l'accepter comme témoignage symbolique.	Что ж, приму его как знак благодарности.	I suppose I can accept it as a token.
Conversations/Bank/Seridia/Gift Lines/gift_lines/ancient_crystal_goblet/init	A goblet like this was mundane in my time...	Un gobelet tel que celui-ci était banal, à mon époque...	Подобные кубки в мои времена были обыденностью...	A goblet like this was mundane in my time...
Conversations/Bank/Seridia/Gift Lines/gift_lines/ancient_gold_coin/1	I have a countless hoard of these, but one more cannot hurt.	J'en possède une quantité invraisemblable, mais une de plus ne fait jamais de mal.	У меня их несметное множество, но от ещё одной хуже не станет.	I have a countless hoard of these, but one more cannot hurt.
Conversations/Bank/Seridia/Gift Lines/gift_lines/ancient_gold_coin/init	This... is one of my old minted coins.	Il s'agit... d'une des pièces de la monnaie que j'ai fait battre.	Это... одна из отчеканенных при мне монет.	This... is one of my old minted coins.
Conversations/Bank/Seridia/Gift Lines/gift_lines/ancient_horn_circlet/1	Although fashions have moved on, I will accept it.	Bien que la mode ait changé depuis, je l'accepte.	Пускай та мода уже прошла, я его всё же приму.	Although fashions have moved on, I will accept it.
Conversations/Bank/Seridia/Gift Lines/gift_lines/ancient_horn_circlet/init	I remember this style of $Ancient Horn Circlet$...	Je me souviens de ce style de $diadème à cornes antique$...	Я помню стиль этого $древнего рогового венца$...	I remember this style of $Ancient Horn Circlet$...
Conversations/Bank/Seridia/Gift Lines/gift_lines/ancient_royal_scepter/1	There is a misconception that these scepters were wielded by me... In fact, they were used as gifts to the most trusted members of my court.	On croit à tort que ces sceptres m'appartenaient. En réalité, ils étaient offerts comme présents aux membres de ma cour en qui j'avais le plus confiance.	Бытует заблуждение, что такие скипетры использовала я... На самом деле их преподносили мне в качестве подарка самые близкие из моих придворных.	There is a misconception that these scepters were wielded by me... In fact, they were used as gifts to the most trusted members of my court.
Conversations/Bank/Seridia/Gift Lines/gift_lines/ancient_royal_scepter/2	I find it amusing to receive one from you, [Ari].	Je trouve amusant que ce soit toi qui m'en offres un, [Ari].	Я нахожу забавным получить его от тебя, [Ari].	I find it amusing to receive one from you, [Ari].
Conversations/Bank/Seridia/Gift Lines/gift_lines/ancient_royal_scepter/init	My! An =Ancient Royal Scepter=. How nostalgic.	Ça alors ! Un =sceptre royal antique=. Quelle nostalgie !	Ну и ну! =Древний королевский скипетр=. Навевает воспоминания.	My! An =Ancient Royal Scepter=. How nostalgic.
Conversations/Bank/Seridia/Gift Lines/gift_lines/ancient_stone_lantern/1	Have mortals not invented a superior lantern by now?	Les mortels n'ont-ils pas inventé une meilleure lanterne, depuis le temps ?	Неужели смертные с тех пор не изобрели других фонарей?	Have mortals not invented a superior lantern by now?
Conversations/Bank/Seridia/Gift Lines/gift_lines/ancient_stone_lantern/init	This type of $Ancient Stone Lantern$ was common in my day. But tell me...	Ce genre de $lanterne en pierre antique$ était répandu, à mon époque. Mais dis-moi...	Подобные $древние каменные фонари$ были распространены в моё время. Но скажи мне...	This type of $Ancient Stone Lantern$ was common in my day. But tell me...
Conversations/Bank/Seridia/Gift Lines/gift_lines/birthday_gift/1	Once, it was mandatory to pay me tribute on my birth date.	Jadis, il était obligatoire de me payer tribut le jour de ma naissance.	Когда-то делать подаяния в день моего рождения было обязательно.	Once, it was mandatory to pay me tribute on my birth date.
Conversations/Bank/Seridia/Gift Lines/gift_lines/birthday_gift/2	To have it celebrated when it is not compulsory is... unexpectedly welcome.	Que cela soit fêté alors que ce n'est pas obligatoire est... étonnamment bienvenu.	Когда же его отмечают без принуждения... Это неожиданно приятно.	To have it celebrated when it is not compulsory is... unexpectedly welcome.
Conversations/Bank/Seridia/Gift Lines/gift_lines/birthday_gift/init	A gift? To commemorate the day of my birth?	Un cadeau ? Pour commémorer mon jour de naissance ?	Подарок? В честь моего дня рождения?	A gift? To commemorate the day of my birth?
Conversations/Bank/Seridia/Gift Lines/gift_lines/disliked_gift/init	You must have found this under your heel. Take it away.	Tu as dû trouver cela sous ta semelle. Emporte-le loin de moi.	Этот «подарок» валялся у тебя под ногами? Убери его.	You must have found this under your heel. Take it away.
Conversations/Bank/Seridia/Gift Lines/gift_lines/disliked_gift_2/init	You would mock me with such an offering?	Te moques-tu de moi avec une telle offrande ?	Этим подношением ты хочешь меня высмеять?	You would mock me with such an offering?
Conversations/Bank/Seridia/Gift Lines/gift_lines/disliked_gift_3/init	I do not enjoy such practical jokes, [Ari].	Je n'apprécie pas ce genre de plaisanterie triviale, [Ari].	Я не люблю практических шуток, [Ari].	I do not enjoy such practical jokes, [Ari].
Conversations/Bank/Seridia/Gift Lines/gift_lines/disliked_gift_dragon_part/1	And not even one that fell by your hand?	Et pas même d'un que tu aurais vaincu de ta main ?	И даже не потому, что <p>сразили</p><f>сразила</f><m>сразил</m><n>сразило</n> его собственными руками?	And not even one that fell by your hand?
Conversations/Bank/Seridia/Gift Lines/gift_lines/disliked_gift_dragon_part/2	If I had a need for such a thing, I could simply make use my own.	Si j'avais besoin d'une telle chose, il me suffirait d'utiliser les miennes.	Если бы мне это было нужно, я бы достала сама.	If I had a need for such a thing, I could simply make use my own.
Conversations/Bank/Seridia/Gift Lines/gift_lines/disliked_gift_dragon_part/init	You would gift me a fragment discarded by my kin?	Tu m'offres le fragment abandonné d'un membre de mon espèce ?	Ты правда хочешь подарить мне часть тела моего сородича?	You would gift me a fragment discarded by my kin?
Conversations/Bank/Seridia/Gift Lines/gift_lines/disliked_gift_dragon_part_2/1	Perhaps you enjoy being gifted stray hairs and nail clippings?	Peut-être aimes-tu qu'on t'offre des cheveux qui traînent et des rognures d'ongles ?	Быть может, тебе приятно получать выпавшие волосы или отрезанные ногти?	Perhaps you enjoy being gifted stray hairs and nail clippings?
Conversations/Bank/Seridia/Gift Lines/gift_lines/disliked_gift_dragon_part_2/init	You give me something I already have in abundance.	Tu me donnes quelque chose que je possède déjà en abondance.	Зачем ты даришь мне то, чего у меня и так в достатке?	You give me something I already have in abundance.
Conversations/Bank/Seridia/Gift Lines/gift_lines/dragon_forged_bracelet/1	Dragons were the original masters of the forging arts. This bracelet is a testament to that.	Les dragons étaient, à l'origine, les maîtres de l'art de la forge. Ce bracelet en témoigne.	Драконы были первыми мастерами обработки металла. И этот браслет — тому подтверждение.	Dragons were the original masters of the forging arts. This bracelet is a testament to that.
Conversations/Bank/Seridia/Gift Lines/gift_lines/dragon_forged_bracelet/init	This =Dragon-Forged Bracelet= remains immaculate, despite the passage of time.	Ce =bracelet de forge-dragon= reste impeccable, malgré le passage du temps.	Этот =браслет драконьей ковки= в превосходном состоянии, несмотря на древность.	This =Dragon-Forged Bracelet= remains immaculate, despite the passage of time.
Conversations/Bank/Seridia/Gift Lines/gift_lines/dragon_forged_core/1	There is much I shall be able to do with this.	Cela devrait me permettre de réaliser beaucoup de choses.	С ним я смогу сделать многое.	There is much I shall be able to do with this.
Conversations/Bank/Seridia/Gift Lines/gift_lines/dragon_forged_core/init	Ah, splendid. A =Dragon-Forged Core= is far superior to the average core of a monster.	Ah, magnifique. Un =noyau de forge-dragon= est bien supérieur à un quelconque noyau de monstre.	Ах, великолепно. =Ядро драконьей ковки= во всём превосходит обыкновенное ядро монстра.	Ah, splendid. A =Dragon-Forged Core= is far superior to the average core of a monster.
Conversations/Bank/Seridia/Gift Lines/gift_lines/dragon_forged_fang/1	You are wise to give this to me.	Tu fais preuve de sagesse en me le donnant.	Ты <p>поступили</p><f>поступила</f><m>поступил</m><n>поступило</n> мудро, отдав его мне.	You are wise to give this to me.
Conversations/Bank/Seridia/Gift Lines/gift_lines/dragon_forged_fang/init	This =Dragon-Forged Fang= is imbued with a powerful darkness...	Ce =croc de forge-dragon= est imprégné de ténèbres puissantes...	Этот =клык драконьей ковки= насыщен силой тьмы...	This =Dragon-Forged Fang= is imbued with a powerful darkness...
Conversations/Bank/Seridia/Gift Lines/gift_lines/dragon_forged_horn/1	Yes. This speaks to me.	Oui. Cela me parle.	Да. Это в моём вкусе.	Yes. This speaks to me.
Conversations/Bank/Seridia/Gift Lines/gift_lines/dragon_forged_horn/init	A =Dragon-Forged Horn=, formed in darkness...	Une =corne de forge-dragon=, formée dans l'obscurité...	Созданный во тьме =рог драконьей ковки=...	A =Dragon-Forged Horn=, formed in darkness...
Conversations/Bank/Seridia/Gift Lines/gift_lines/dragon_forged_powder/1	The magical value of such an item is undeniable. I shall make good use of this, [Ari].	La valeur magique d'un tel objet est indéniable. J'en ferai bon usage, [Ari].	Магическая ценность такого предмета вне всяких сомнений. Я применю её как следует, [Ari].	The magical value of such an item is undeniable. I shall make good use of this, [Ari].
Conversations/Bank/Seridia/Gift Lines/gift_lines/dragon_forged_powder/init	Ah! This =Dragon-Forged Powder= is expertly imbued with light...	Ah ! Cette =poudre de forge-dragon= est savamment imprégnée de lumière...	А! =Пыль драконьей ковки=, мастерски насыщенная светом...	Ah! This =Dragon-Forged Powder= is expertly imbued with light...
Conversations/Bank/Seridia/Gift Lines/gift_lines/dragon_pact_tablet/1	And naturally, I accept.	Et naturellement, je l'accepte.	И, естественно, принимаю её.	And naturally, I accept.
Conversations/Bank/Seridia/Gift Lines/gift_lines/dragon_pact_tablet/init	It pleases me that you wish to renew our dragon pact, [Ari]. I recognize your fealty.	Il me plaît que tu souhaites renouveler notre pacte draconique, [Ari]. Je reconnais ton allégeance.	Мне приятно, что ты желаешь возобновить наш Пакт дракона, [Ari]. Я признаю твою присягу.	It pleases me that you wish to renew our dragon pact, [Ari]. I recognize your fealty.
Conversations/Bank/Seridia/Gift Lines/gift_lines/essence_blossom/1	Or perhaps I will grind it into a paste, in order to extract its magical energies.	Ou bien alors je vais le réduire en poudre, afin d'en extraire son énergie magique.	Или, может быть, я разотру его в порошок, чтобы извлечь из него магическую энергию.	Or perhaps I will grind it into a paste, in order to extract its magical energies.
Conversations/Bank/Seridia/Gift Lines/gift_lines/essence_blossom/init	Choices, choices. Perhaps I will put this =Essence Blossom= into a glass of water, to enjoy its beauty...	Difficile de faire un choix. Je vais peut-être placer cet =essensia= dans un verre d'eau, pour profiter de sa beauté...	Трудный выбор! Возможно, я поставлю этот =цветок эссенции= в стакан воды и буду любоваться его красотой...	Choices, choices. Perhaps I will put this =Essence Blossom= into a glass of water, to enjoy its beauty...
Conversations/Bank/Seridia/Gift Lines/gift_lines/hardened_essence/1	I will use this in my research.	Je vais l'utiliser dans mes recherches.	Она мне пригодится в исследованиях.	I will use this in my research.
Conversations/Bank/Seridia/Gift Lines/gift_lines/hardened_essence/init	=Hardened Essence=... a most useful rarity. Wonderful.	De l'=essence solidifiée=... une rareté fort utile. Merveilleux.	=Застывшая эссения=... Крайне полезная диковинка. Замечательно.	=Hardened Essence=... a most useful rarity. Wonderful.
Conversations/Bank/Seridia/Gift Lines/gift_lines/hated_gift/1	Look at those passive swept-back horns, that guileless face.	Regarde ces cornes passivement inclinées vers l'arrière, ce visage candide.	Смотри, какой покорный изгиб рогов назад, какая бесхитростная физиономия.	Look at those passive swept-back horns, that guileless face.
Conversations/Bank/Seridia/Gift Lines/gift_lines/hated_gift/2	How disappointing.	Je suis très déçue.	Я разочарована.	How disappointing.
Conversations/Bank/Seridia/Gift Lines/gift_lines/hated_gift/init	Have you mistaken that buffoon's visage for mine?	As-tu confondu les traits de ce bouffon avec les miens ?	Ты что, <p>спутали</p><f>спутала</f><m>спутал</m><n>спутало</n> облик этого клоуна с моим?	Have you mistaken that buffoon's visage for mine?
Conversations/Bank/Seridia/Gift Lines/gift_lines/liked_gift/init	A new amusement for my hoard? I accept.	Une nouveauté pour enrichir mon trésor ? Je l'accepte.	Занимательное пополнение моей груды сокровищ? Я согласна.	A new amusement for my hoard? I accept.
Conversations/Bank/Seridia/Gift Lines/gift_lines/liked_gift_2/init	You have provided an interesting diversion, [Ari]. I will take it.	Tu m'as offert une distraction intéressante, [Ari]. J'accepte.	Ты <p>принесли</p><f>принесла</f><m>принёс</m><n>принесло</n> мне любопытное развлечение, [Ari]. Я заберу его.	You have provided an interesting diversion, [Ari]. I will take it.
Conversations/Bank/Seridia/Gift Lines/gift_lines/liked_gift_3/init	With this, my hoard of tribute continues to grow.	Avec cela, mon trésor s'enrichit d'un tribut de plus.	Итак, я продолжаю накапливать подношения.	With this, my hoard of tribute continues to grow.
Conversations/Bank/Seridia/Gift Lines/gift_lines/liked_gift_monster_part/1	Do bring me more of your trophies. It pleases me.	Apporte-moi d'autres trophées. Cela me plaît.	Приноси мне ещё своих трофеев. Мне это по нраву.	Do bring me more of your trophies. It pleases me.
Conversations/Bank/Seridia/Gift Lines/gift_lines/liked_gift_monster_part/init	You have become an adept hunter, [Ari].	Tu te débrouilles désormais fort bien pour la chasse, [Ari].	Ты <p>стали</p><f>стала</f><m>стал</m><n>стало</n> ловко охотиться, [Ari]!	You have become an adept hunter, [Ari].
Conversations/Bank/Seridia/Gift Lines/gift_lines/liked_gift_plant/1	Yes... I will make use of this in my rituals.	Oui... Je vais utiliser cela dans mes rituels.	Да... Мне это точно пригодится для ритуалов.	Yes... I will make use of this in my rituals.
Conversations/Bank/Seridia/Gift Lines/gift_lines/liked_gift_plant/init	I do favor the dark flora of Mistria.	J'ai une préférence pour la flore obscure de Mistria.	Тёмная флора Мистрии мне по нраву.	I do favor the dark flora of Mistria.
Conversations/Bank/Seridia/Gift Lines/gift_lines/loved_gift/1	Yes... this is quite appropriate for one of my station. I am pleased.	Oui... Cela conviendra parfaitement à l'un de mes autels. Je suis ravie.	Да... Поистине достойно моего положения. Я довольна.	Yes... this is quite appropriate for one of my station. I am pleased.
Conversations/Bank/Seridia/Gift Lines/gift_lines/loved_gift/init	Oh... what an exquisite offering.	Oh... Quelle ravissante offrande !	О... Какое изысканное подношение.	Oh... what an exquisite offering.
Conversations/Bank/Seridia/Gift Lines/gift_lines/loved_gift_2/1	You are most attentive.	Tu fais preuve d'une grande attention.	Ты превосходно <p>внимательны</p><f>внимательна</f><m>внимателен</m><n>внимательно</n>.	You are most attentive.
Conversations/Bank/Seridia/Gift Lines/gift_lines/loved_gift_2/init	I see that you have done well observing my predilections...	Je vois que tu as observé de près mes préférences...	Вижу, ты внимательно <p>изучили</p><f>изучила</f><m>изучил</m><n>изучило</n> мои пристрастия...	I see that you have done well observing my predilections...
Conversations/Bank/Seridia/Gift Lines/gift_lines/loved_gift_3/1	But to receive this gift directly from your hands... I find it all the more pleasing.	Mais recevoir ce présent de tes mains... Cela est d'autant plus agréable.	Но получить этот подарок прямо из твоих рук... ощущается ещё приятнее.	But to receive this gift directly from your hands... I find it all the more pleasing.
Conversations/Bank/Seridia/Gift Lines/gift_lines/loved_gift_3/init	There was a time when such tribute would be offered at an altar.	Il fut un temps où un tel tribut aurait été une offrande posée sur un autel.	В былые времена подобные подношения делались на алтаре.	There was a time when such tribute would be offered at an altar.
Conversations/Bank/Seridia/Gift Lines/gift_lines/loved_gift_dragon_forged/1	It is pleasing to receive such fine evidence of its persistence.	Il est plaisant de voir que cet art perdure en recevant une preuve aussi raffinée.	Приятно видеть столь искусное доказательство, что она ещё жива.	It is pleasing to receive such fine evidence of its persistence.
Conversations/Bank/Seridia/Gift Lines/gift_lines/loved_gift_dragon_forged/init	Most impressive. Dragon-forging has become a rarified art form...	Très impressionnant. La forge-dragon est devenue une forme d'art extrêmement rare...	Выдающаяся работа. Драконья ковка стала крайне редкой формой искусства...	Most impressive. Dragon-forging has become a rarified art form...
Conversations/Bank/Seridia/Gift Lines/gift_lines/loved_gift_food/1	I will enjoy this indulgence.	Je vais savourer ce petit plaisir.	Я побалую свои слабости.	I will enjoy this indulgence.
Conversations/Bank/Seridia/Gift Lines/gift_lines/loved_gift_food/init	What a delectable morsel.	Quelle nourriture délectable !	Лакомый кусочек!	What a delectable morsel.
Conversations/Bank/Seridia/Gift Lines/gift_lines/monster_block/1	Especially one that once formed a monster. Thank you.	Surtout s'il constituait précédemment un monstre. Merci.	Особенно, если раньше он был монстром. Спасибо.	Especially one that once formed a monster. Thank you.
Conversations/Bank/Seridia/Gift Lines/gift_lines/monster_block/init	Wonderful. A perfect cube of stone has many uses.	Magnifique. Un cube de pierre parfait a de nombreux usages.	Чудесно. Идеальный каменный куб полезен в самых разных областях.	Wonderful. A perfect cube of stone has many uses.
Conversations/Bank/Seridia/Gift Lines/gift_lines/monster_cookie/init	A charming confection. I do hope you hunted the monstrous ingredients yourself.	Quelle ravissante réalisation ! J'espère vraiment que tu as toi-même chassé les ingrédients issus de monstres.	Миленькое лакомство. Надеюсь, все ингредиенты добыты в охоте лично тобой.	A charming confection. I do hope you hunted the monstrous ingredients yourself.
Conversations/Bank/Seridia/Gift Lines/gift_lines/monster_fang/1	I am pleased their cuteness also compels you to squish them into oblivion.	Je suis ravie de voir que toi aussi, leur mignonnerie te pousse à les écrabouiller.	Приятно, что эта миловидность побуждает тебя растоптать их в клочья.	I am pleased their cuteness also compels you to squish them into oblivion.
Conversations/Bank/Seridia/Gift Lines/gift_lines/monster_fang/init	The $Saplings$ of the Mines have such a charming visage...	Les $jeunes pousses$ des mines ont un visage si mignon...	У $слизянок$ в шахтах такое очаровательное личико...	The $Saplings$ of the Mines have such a charming visage...
Conversations/Bank/Seridia/Gift Lines/gift_lines/monster_horn/1	A fine trophy. Well done.	Joli trophée. Bravo.	Это хороший трофей. Отличная работа.	A fine trophy. Well done.
Conversations/Bank/Seridia/Gift Lines/gift_lines/monster_horn/init	You have been hunting $Stalagmites$ in the depths of the Mines, I see.	Tu as chassé des $stalagmiteux$ dans les profondeurs des mines, à ce que je vois.	Вижу, ты <p>охотились</p><f>охотилась</f><m>охотился</m><n>охотилось</n> на $сталагмитов$ в глубинах шахт...	You have been hunting $Stalagmites$ in the depths of the Mines, I see.
Conversations/Bank/Seridia/Gift Lines/gift_lines/monster_mash/1	I do not understand why this concoction is not more popular...	Je ne comprends pas pourquoi cette préparation n'est pas plus populaire...	Не понимаю, почему это варево так непопулярно...	I do not understand why this concoction is not more popular...
Conversations/Bank/Seridia/Gift Lines/gift_lines/monster_mash/2	For it tastes of the defeat of one's enemies.	Elle a le goût de la défaite de l'ennemi.	Ведь оно несёт вкус поверженных врагов.	For it tastes of the defeat of one's enemies.
Conversations/Bank/Seridia/Gift Lines/gift_lines/monster_mash/init	A delightful treat, this =Monster Mash=.	C'est un vrai régal, cette =bouillie de monstre=.	Эта =монстрокаша= — замечательное лакомство.	A delightful treat, this =Monster Mash=.
Conversations/Bank/Seridia/Gift Lines/gift_lines/monster_powder/1	A most useful prize. Thank you.	C'est une récompense très utile. Merci.	Это очень полезный трофей. Спасибо.	A most useful prize. Thank you.
Conversations/Bank/Seridia/Gift Lines/gift_lines/monster_powder/init	You must have defeated a $Mushroom$ of the Mines to harvest these spores.	Tu as dû vaincre un $méchampignon$ pour récolter ces spores.	Чтобы собрать эти споры, тебе, вероятно, пришлось сразить $гриб$ в шахтах.	You must have defeated a $Mushroom$ of the Mines to harvest these spores.
Conversations/Bank/Seridia/Gift Lines/gift_lines/monster_shell/1	This will make a fine pauldron. My thanks, [Ari].	Voilà qui fera une belle épaulière. Je te remercie, [Ari].	Отлично подойдёт мне в качестве наплечника. Спасибо, [Ari].	This will make a fine pauldron. My thanks, [Ari].
Conversations/Bank/Seridia/Gift Lines/gift_lines/monster_shell/init	The shell of a Monster from the Mines...	La carapace d'un monstre des mines...	Панцирь монстра из шахт...	The shell of a Monster from the Mines...
Conversations/Bank/Seridia/Gift Lines/gift_lines/monster_whisker/1	They are not true cats, but still shed whiskers. I find such a facsimile charming. Thank you.	Ce ne sont pas de véritables chats, mais ils perdent néanmoins des moustaches. Je trouve cette copie charmante. Merci.	Это не настоящие кошки, но из них всё равно выпадают усики. На мой взгляд, очаровательное подражание. Спасибо.	They are not true cats, but still shed whiskers. I find such a facsimile charming. Thank you.
Conversations/Bank/Seridia/Gift Lines/gift_lines/monster_whisker/init	So you have encountered the inchoate felines of the Mines.	Tu as donc rencontré les félins inachevés des mines.	Вижу, ты <p>встретили</p><f>встретила</f><m>встретил</m><n>встретило</n> в шахтах зарождающихся кошачьих.	So you have encountered the inchoate felines of the Mines.
Conversations/Bank/Seridia/Gift Lines/gift_lines/monster_wing/1	Yes... this has potential. Thank you.	Oui... Il y a là du potentiel. Merci.	Да... я уже вижу потенциал. Спасибо.	Yes... this has potential. Thank you.
Conversations/Bank/Seridia/Gift Lines/gift_lines/monster_wing/init	A =Monster Wing= from Mistria's depths makes a fine magical ingredient.	Une =aile de monstre= issue des profondeurs de Mistria constitue un bon ingrédient magique.	=Крыло монстра= из мистрийских подземелий — отличный ингредиент для колдовства.	A =Monster Wing= from Mistria's depths makes a fine magical ingredient.
Conversations/Bank/Seridia/Gift Lines/gift_lines/neutral_gift/init	A gift? I see.	Un cadeau ? Je vois.	Это подарок? Ладно.	A gift? I see.
Conversations/Bank/Seridia/Gift Lines/gift_lines/neutral_gift_2/init	Your gift does not displease me, [Ari].	Ton présent ne me déplaît pas, [Ari].	Твой подарок мне не противен, [Ari].	Your gift does not displease me, [Ari].
Conversations/Bank/Seridia/Gift Lines/gift_lines/neutral_gift_3/init	Is this an offering? Interesting.	Est-ce une offrande ? Intéressant.	Это такое подношение? Занимательно.	Is this an offering? Interesting.
Conversations/Bank/Seridia/Gift Lines/gift_lines/night_queen/1	And I am drawn to things that flourish in darkness. Thank you.	Et je suis attirée par tout ce qui fleurit dans l'obscurité. Merci.	Меня манят вещи, способные расцветать во тьме. Спасибо.	And I am drawn to things that flourish in darkness. Thank you.
Conversations/Bank/Seridia/Gift Lines/gift_lines/night_queen/init	The =Night Queen= is as beautiful as it is rare...	La =fleur de lune= est aussi belle que rare...	=Царица ночи= так прекрасна и так редка...	The =Night Queen= is as beautiful as it is rare...
Conversations/Bank/Seridia/Gift Lines/gift_lines/perfect_mistril/1	And so, worthy of me.	Et par conséquent, digne de moi.	И потому он меня достоин.	And so, worthy of me.
Conversations/Bank/Seridia/Gift Lines/gift_lines/perfect_mistril/init	Rarer than gold, hard as diamond, and a superb conduit for magic... =Perfect Mistril= is queen of the earth's riches.	Plus rare que l'or, dur comme le diamant et excellent conducteur de magie... Le =mistril pur= est le roi des richesses de la terre.	Ещё реже золота, твёрдый, как алмаз, и превосходный проводник магии... Среди всех богатств земли =идеальный мистрил= — это королева.	Rarer than gold, hard as diamond, and a superb conduit for magic... =Perfect Mistril= is queen of the earth's riches.
Conversations/Bank/Seridia/Gift Lines/gift_lines/pink_diamond/1	This will make a fine addition to my hoard.	Voilà qui fera un bel ajout à mon trésor.	Это будет прекрасным пополнением моей сокровищницы.	This will make a fine addition to my hoard.
Conversations/Bank/Seridia/Gift Lines/gift_lines/pink_diamond/init	I am not unmoved by things that sparkle brightly.	Je ne suis pas insensible à ce qui brille vivement.	Соблазны блестящих вещиц мне не чужды.	I am not unmoved by things that sparkle brightly.
Conversations/Bank/Seridia/Gift Lines/gift_lines/plum_blossom/1	Sentimentality is unbecoming of a former queen, but... I do have an affection for these blooms.	Il est malvenu pour une ancienne reine d'être sentimentale, mais... j'ai de l'affection pour ces fleurs.	Бывшей королеве не к лицу сентиментальность... Однако к этим цветам я питаю слабость.	Sentimentality is unbecoming of a former queen, but... I do have an affection for these blooms.
Conversations/Bank/Seridia/Gift Lines/gift_lines/plum_blossom/init	My worshippers once adorned my altars with garlands of =Plum Blossoms= strung together...	Ceux qui me vénéraient ornaient jadis mes autels avec des guirlandes de =fleurs de prunier= nouées ensemble...	Когда-то мои последователи украшали мои алтари венками из =цветов сливы=.	My worshippers once adorned my altars with garlands of =Plum Blossoms= strung together...
Conversations/Bank/Seridia/Gift Lines/gift_lines/purple_mushroom/1	It is a shame these are not poisonous... but I will still make use of it.	Il est dommage que ceux-ci ne soient pas empoisonnés... mais j'en ferai néanmoins usage.	Жаль, что они не ядовиты...Но я всё равно найду им применение.	It is a shame these are not poisonous... but I will still make use of it.
Conversations/Bank/Seridia/Gift Lines/gift_lines/purple_mushroom/init	I do have a fondness for mushrooms from the deepest depths of the Mines.	J'ai un faible pour les champignons qui viennent du plus profond des mines.	Я питаю слабость к грибам из самых глубин здешних шахт.	I do have a fondness for mushrooms from the deepest depths of the Mines.
Conversations/Bank/Seridia/Gift Lines/gift_lines/queen_berry_pie/1	They make for a dish complex in both flavor and history.	Elles donnent à ce plat une complexité à la fois dans ses saveurs et dans son histoire.	Блюдо из них богато и вкусом, и историей.	They make for a dish complex in both flavor and history.
Conversations/Bank/Seridia/Gift Lines/gift_lines/queen_berry_pie/2	It pleases me to see they still grow in abundance after all these years.	Je suis ravie de voir qu'elles poussent encore en abondance après toutes ces années.	Приятно видеть, что спустя столько лет они здесь так обильно растут.	It pleases me to see they still grow in abundance after all these years.
Conversations/Bank/Seridia/Gift Lines/gift_lines/queen_berry_pie/init	Ah, a pastry of $Queen Berries$...?	Ah, une pâtisserie aux $baies de la reine$...?	Выпечка из $королевских ягод$?..	Ah, a pastry of $Queen Berries$...?
Conversations/Bank/Seridia/Gift Lines/gift_lines/red_toadstool/1	A most thoughtful tribute.	Quel tribut plein d'attention !	Это очень любезное подношение.	A most thoughtful tribute.
Conversations/Bank/Seridia/Gift Lines/gift_lines/red_toadstool/init	These mushrooms are known to be rather poisonous.	Ces champignons sont réputés pour être assez toxiques.	Эти грибы известны своей ядовитостью.	These mushrooms are known to be rather poisonous.
Conversations/Bank/Seridia/Gift Lines/gift_lines/spell_fruit_parfait/1	I will consume it... and combine its powers with my own.	Je vais le consommer... et combiner ses pouvoirs aux miens.	Я поглощу его... и его сила соединится с моей.	I will consume it... and combine its powers with my own.
Conversations/Bank/Seridia/Gift Lines/gift_lines/spell_fruit_parfait/init	The echo of magic from the deepest mines emanates from this =Spell Fruit Parfait=...	L'écho de la magie qui règne au plus profond des mines émane de ce =parfait à l'amuse-papilles=...	Это =волшебное парфе= источает отголоски магии из самых глубин подземных шахт...	The echo of magic from the deepest mines emanates from this =Spell Fruit Parfait=...
Conversations/Bank/Seridia/Gift Lines/gift_lines/unknown_dragon_statuette/1	I was worshipped as a queen in those days, and all was my dominion.	J'étais à l'époque vénérée comme une reine, et tout ceci était mon domaine.	В те дни мне поклонялись как королеве. Моё царство простиралось повсюду.	I was worshipped as a queen in those days, and all was my dominion.
Conversations/Bank/Seridia/Gift Lines/gift_lines/unknown_dragon_statuette/2	How nostalgic!	Quelle nostalgie !	Ах, какие воспоминания!	How nostalgic!
Conversations/Bank/Seridia/Gift Lines/gift_lines/unknown_dragon_statuette/init	Ah! Statuettes such as this were carved at the height of my reign.	Ah ! Des statuettes comme celle-ci ont été sculptées à l'apogée de mon règne.	А! Подобные статуэтки изготавливали на пике моего правления.	Ah! Statuettes such as this were carved at the height of my reign.
Conversations/Bank/Seridia/Gift Lines/gift_lines/void_herb/1	If every plant should thrive in darkness rather than sunlight... what an interesting world that would be.	Si chaque plante pouvait prospérer dans l'obscurité plutôt qu'à la lumière du soleil... Quel monde intéressant ce serait.	Если бы все растения расцветали во тьме, а не под солнцем... получился бы такой занимательный мир.	If every plant should thrive in darkness rather than sunlight... what an interesting world that would be.
Conversations/Bank/Seridia/Gift Lines/gift_lines/void_herb/init	A perfect =Void Herb= specimen.	Un spécimen parfait d'=herbe du néant=.	Превосходный образец =пустотной травы=.	A perfect =Void Herb= specimen.
Conversations/Bank/Seridia/Gift Lines/gift_lines/void_pearl/1	That process creates this useful little bauble. How nice.	C'est ce procédé qui crée cette petite babiole bien utile. Elle est très jolie.	Благодаря этому процессу получаются такие полезные бусины. Очень удачно.	That process creates this useful little bauble. How nice.
Conversations/Bank/Seridia/Gift Lines/gift_lines/void_pearl/init	Occasionally when something mundane falls into the void, the void will calcify around it.	Il arrive parfois que quand un objet banal tombe dans le néant, ce dernier se calcifie autour de lui.	Иногда обыкновенный предмет падает в пустоту, и она сгущается вокруг него.	Occasionally when something mundane falls into the void, the void will calcify around it.
Conversations/Bank/Seridia/Gift Lines/gift_lines/void_powder/1	I enjoy the flavor it adds to my concoctions.	J'aime la saveur qu'elle donne à mes préparations.	Она придаёт моим отварам приятный вкус.	I enjoy the flavor it adds to my concoctions.
Conversations/Bank/Seridia/Gift Lines/gift_lines/void_powder/2	I do not recommend that you try it yourself, however.	Malgré tout, je ne te conseille pas d'y goûter.	Но тебе я её пробовать не советую.	I do not recommend that you try it yourself, however.
Conversations/Bank/Seridia/Gift Lines/gift_lines/void_powder/init	Oh, good. I have need of =Void Powder= now and again.	Oh, très bien. J'ai parfois besoin de =poudre du néant=.	А, отлично. Мне временами бывает нужна =пустотная пыль=.	Oh, good. I have need of =Void Powder= now and again.
Conversations/Bank/Seridia/Gift Lines/gift_lines/void_stone/1	This shall be useful to me, [Ari].	Cela me sera utile, [Ari].	Я использую его в деле, [Ari].	This shall be useful to me, [Ari].
Conversations/Bank/Seridia/Gift Lines/gift_lines/void_stone/init	What a fine sample of =Void Stone=.	Quel bel échantillon de =pierre du néant= !	Какой аккуратный экземпляр =пустотного камня=.	What a fine sample of =Void Stone=.
Conversations/Bank/Seridia/Market Lines/market_zorel_1/market_zorel_1/1	I remember when I had a whole troupe of musicians at my beck and call...	Je me rappelle quand j'avais une troupe de musiciens entière à ma disposition...	Помню, в былые времена мне прислуживала целая труппа музыкантов...	I remember when I had a whole troupe of musicians at my beck and call...
Conversations/Bank/Seridia/Market Lines/market_zorel_1/market_zorel_1/2	Still, a $Song Crystal$ is much more convenient to listen to when you're in the bath.	Mais j'admets qu'il est bien plus pratique d'écouter un $cristal musical$ quand on est dans son bain.	Но $поющий кристалл$ гораздо удобнее слушать, когда принимаешь ванну.	Still, a $Song Crystal$ is much more convenient to listen to when you're in the bath.
Conversations/Bank/Seridia/Market Lines/market_zorel_1/market_zorel_1/init	That bard, Zorel, is most talented.	Cette ménestrelle, Zorel, a un talent incroyable.	Эта Зорель — весьма талантливый бард.	That bard, Zorel, is most talented.
Conversations/Bank/Seridia/Museum Lines/voidite/voidite/1	Oh, not really.	Oh, pas vraiment.	О, вовсе нет.	Oh, not really.
Conversations/Bank/Seridia/Museum Lines/voidite/voidite/2	Er, well...	Euh, eh bien...	Эм, ну...	Er, well...
Conversations/Bank/Seridia/Museum Lines/voidite/voidite/3	I just thought it would be amusing if someone tried to touch it.	Je me suis dit que ce serait amusant si quelqu'un essayait d'y toucher.	Я просто подумала: будет забавно, когда кто-нибудь решит его потрогать.	I just thought it would be amusing if someone tried to touch it.
Conversations/Bank/Seridia/Museum Lines/voidite/voidite/init	I have taken it upon myself to set up a protective shock barrier on that piece of $Voidite$ in the Museum.	J'ai pris l'initiative de mettre en place une barrière de protection électrisée autour de ce morceau de $cristal du néant$, dans le musée.	По собственному почину я решила окружить кусок $пустотита$ в музее стрекающим барьером.	I have taken it upon myself to set up a protective shock barrier on that piece of $Voidite$ in the Museum.
Conversations/Bank/Seridia/Museum Lines/voidite/voidite/init/prompts/0	Is it that dangerous?	Est-ce si dangereux que cela ?	Он настолько опасен?	Is it that dangerous?
Conversations/Bank/Seridia/Museum Lines/voidite/voidite/init/prompts/1	That's so considerate of you!	Quelle gentille attention de ta part !	Как заботливо с твоей стороны!	That's so considerate of you!
Conversations/Bank/Seridia/Museum Lines/worn_pendant/worn_pendant/1	Well, as long as my good taste is still being admired.	Enfin, du moment qu'on continue d'admirer mon bon goût.	Что ж, приятно, что мой изысканный вкус до сих пор в почёте.	Well, as long as my good taste is still being admired.
Conversations/Bank/Seridia/Museum Lines/worn_pendant/worn_pendant/init	That $Worn Pendant$ at the Museum... it may have been mine, once upon a time.	Cet $ancien pendentif$ au musée... Il se peut qu'il m'ait appartenu, il y a fort longtemps.	Тот $потёртый кулон$ в музее... возможно, когда-то давно был моим.	That $Worn Pendant$ at the Museum... it may have been mine, once upon a time.
Conversations/Bank/Seridia/Relationship Lines/Basement/relationship_basement/seridia_best_friend_basement_1/1	Are you busy today?	Es-tu <he>occupé</he><she>occupée</she><they>occupé·e</they>, aujourd'hui ?	Ты сегодня <p>заняты</p><f>занята</f><m>занят</m><n>занято</n>?	Are you busy today?
Conversations/Bank/Seridia/Relationship Lines/Basement/relationship_basement/seridia_best_friend_basement_1/2	Do let me know if you have any interesting schemes planned.	Fais-moi savoir si tu as des stratagèmes intéressants prévus.	Сообщи, если у тебя появятся коварные планы.	Do let me know if you have any interesting schemes planned.
Conversations/Bank/Seridia/Relationship Lines/Basement/relationship_basement/seridia_best_friend_basement_1/init	[Ari], good morning!	Bonjour, [Ari] !	[Ari], доброе утро!	[Ari], good morning!
Conversations/Bank/Seridia/Relationship Lines/Basement/relationship_basement/seridia_best_friend_basement_2/1	Should you not be tending to your farm at this hour?	Ne devrais-tu pas t'occuper de ta ferme, à cette heure-ci ?	Разве в этот час ты не занимаешься своей фермой?	Should you not be tending to your farm at this hour?
Conversations/Bank/Seridia/Relationship Lines/Basement/relationship_basement/seridia_best_friend_basement_2/2	Or is my company just that appealing?	Ou est-ce ma compagnie qui t'attire autant ?	Или тебя так сильно манит моё общество?	Or is my company just that appealing?
Conversations/Bank/Seridia/Relationship Lines/Basement/relationship_basement/seridia_best_friend_basement_2/init	I was not expecting to see you so early in the day.	Je ne m'attendais pas à te voir si tôt dans la journée.	Не ожидала увидеть тебя так рано.	I was not expecting to see you so early in the day.
Conversations/Bank/Seridia/Relationship Lines/Basement/relationship_basement/seridia_best_friend_basement_3/1	What shall we get up to today?	Qu'allons-nous mijoter aujourd'hui ?	Чем нам заняться сегодня?	What shall we get up to today?
Conversations/Bank/Seridia/Relationship Lines/Basement/relationship_basement/seridia_best_friend_basement_3/init	You seem full of energy this morning, [Ari].	Tu sembles déborder d'énergie, ce matin, [Ari].	Ты с утра <p>полны</p><f>полна</f><m>полон</m><n>полно</n> энергии, [Ari].	You seem full of energy this morning, [Ari].
Conversations/Bank/Seridia/Relationship Lines/Basement/relationship_basement/seridia_best_friend_basement_4/1	You have done well to spend a portion of it with me.	Tu as bien fait d'en passer une partie avec moi.	Уделить часть его мне — правильное решение.	You have done well to spend a portion of it with me.
Conversations/Bank/Seridia/Relationship Lines/Basement/relationship_basement/seridia_best_friend_basement_4/init	The day is passing quickly, is it not, [Ari]?	La journée passe vite, n'est-ce pas, [Ari] ?	Как быстро проходит день, правда, [Ari]?	The day is passing quickly, is it not, [Ari]?
Conversations/Bank/Seridia/Relationship Lines/Basement/relationship_basement/seridia_best_friend_basement_5/init	Oh, [Ari]! Good afternoon.	Oh, [Ari] ! Bon après-midi.	О, [Ari]! Доброго дня.	Oh, [Ari]! Good afternoon.
Conversations/Bank/Seridia/Relationship Lines/Basement/relationship_basement/seridia_best_friend_basement_6/1	Come [Ari], let us discuss them.	Viens, [Ari], parlons-en ensemble.	Пойдём, [Ari], нам надо их обсудить.	Come [Ari], let us discuss them.
Conversations/Bank/Seridia/Relationship Lines/Basement/relationship_basement/seridia_best_friend_basement_6/init	There are interesting signs and portents today.	Les signes et les augures sont intéressants, aujourd'hui.	Сегодня встречаются весьма любопытные знамения.	There are interesting signs and portents today.
Conversations/Bank/Seridia/Relationship Lines/Basement/relationship_basement/seridia_best_friend_basement_7/1	By all means, you may confide in me.	Surtout, n'hésite pas à te confier à moi.	Со мной ты можешь поделиться без стеснения.	By all means, you may confide in me.
Conversations/Bank/Seridia/Relationship Lines/Basement/relationship_basement/seridia_best_friend_basement_7/init	[Ari], are your machinations proceeding well?	Tes intrigues avancent-elles bien, [Ari] ?	[Ari], как твои злокозненные успехи?	[Ari], are your machinations proceeding well?
Conversations/Bank/Seridia/Relationship Lines/Basement/relationship_basement/seridia_best_friend_basement_8/1	Would you not agree, [Ari]?	N'es-tu pas d'accord, [Ari] ?	Ты со мной <p>согласны</p><f>согласна</f><m>согласен</m><n>согласно</n>, [Ari]?	Would you not agree, [Ari]?
Conversations/Bank/Seridia/Relationship Lines/Basement/relationship_basement/seridia_best_friend_basement_8/init	There is something about nightfall that puts one at ease.	Il y a dans la tombée de la nuit quelque chose qui met à l'aise.	Приход ночи имеет особую успокоительную силу.	There is something about nightfall that puts one at ease.
Conversations/Bank/Seridia/Relationship Lines/Basement/relationship_basement/seridia_best_friend_basement_9/init	A pleasant evening to you, [Ari].	Bonne soirée à toi, [Ari].	Приятного тебе вечера, [Ari].	A pleasant evening to you, [Ari].
Conversations/Bank/Seridia/Relationship Lines/Basement/relationship_basement/seridia_romantic_basement_1/1	Are you busy today?	Es-tu <he>occupé</he><she>occupée</she><they>occupé·e</they>, aujourd'hui ?	Ты сегодня <p>заняты</p><f>занята</f><m>занят</m><n>занято</n>?	Are you busy today?
Conversations/Bank/Seridia/Relationship Lines/Basement/relationship_basement/seridia_romantic_basement_1/2	Do let me know if you have any interesting schemes planned.	Fais-moi savoir si tu as des stratagèmes intéressants prévus.	Сообщи, если у тебя появятся коварные планы.	Do let me know if you have any interesting schemes planned.
Conversations/Bank/Seridia/Relationship Lines/Basement/relationship_basement/seridia_romantic_basement_1/init	[Ari], good morning!	Bonjour, [Ari] !	[Ari], доброе утро!	[Ari], good morning!
Conversations/Bank/Seridia/Relationship Lines/Basement/relationship_basement/seridia_romantic_basement_2/1	Should you not be tending to your farm at this hour?	Ne devrais-tu pas t'occuper de ta ferme, à cette heure-ci ?	Разве в этот час ты не занимаешься своей фермой?	Should you not be tending to your farm at this hour?
Conversations/Bank/Seridia/Relationship Lines/Basement/relationship_basement/seridia_romantic_basement_2/2	Or is my company just that appealing?	Ou est-ce ma compagnie qui t'attire autant ?	Или тебя так сильно манит моё общество?	Or is my company just that appealing?
Conversations/Bank/Seridia/Relationship Lines/Basement/relationship_basement/seridia_romantic_basement_2/init	I was not expecting to see you so early in the day.	Je ne m'attendais pas à te voir si tôt dans la journée.	Не ожидала увидеть тебя так рано.	I was not expecting to see you so early in the day.
Conversations/Bank/Seridia/Relationship Lines/Basement/relationship_basement/seridia_romantic_basement_3/1	Whatever shall we get up to today?	Qu'allons-nous donc mijoter aujourd'hui ?	Чем нам заняться сегодня?	Whatever shall we get up to today?
Conversations/Bank/Seridia/Relationship Lines/Basement/relationship_basement/seridia_romantic_basement_3/init	You seem full of energy this morning, [Ari].	Tu sembles déborder d'énergie, ce matin, [Ari].	Ты с утра <p>полны</p><f>полна</f><m>полон</m><n>полно</n> энергии, [Ari].	You seem full of energy this morning, [Ari].
Conversations/Bank/Seridia/Relationship Lines/Basement/relationship_basement/seridia_romantic_basement_4/1	You have done well to spend a portion of it with me.	Tu as bien fait d'en passer une partie avec moi.	Уделить часть его мне — правильное решение.	You have done well to spend a portion of it with me.
Conversations/Bank/Seridia/Relationship Lines/Basement/relationship_basement/seridia_romantic_basement_4/init	The day is passing quickly, is it not, [Ari]?	La journée passe vite, n'est-ce pas, [Ari] ?	Как быстро проходит день, правда, [Ari]?	The day is passing quickly, is it not, [Ari]?
Conversations/Bank/Seridia/Relationship Lines/Basement/relationship_basement/seridia_romantic_basement_5/init	Oh, [Ari]! Good afternoon.	Oh, [Ari] ! Bon après-midi.	О, [Ari]! Доброго дня.	Oh, [Ari]! Good afternoon.
Conversations/Bank/Seridia/Relationship Lines/Basement/relationship_basement/seridia_romantic_basement_6/1	Come [Ari], let us discuss how best to make use of them.	Viens, [Ari], discutons ensemble de la meilleure façon d'en tirer profit.	Пойдём, [Ari], нам надо их обсудить.	Come [Ari], let us discuss how best to make use of them.
Conversations/Bank/Seridia/Relationship Lines/Basement/relationship_basement/seridia_romantic_basement_6/init	There are interesting signs and portents today.	Les signes et les augures sont intéressants, aujourd'hui.	Сегодня встречаются весьма любопытные знамения.	There are interesting signs and portents today.
Conversations/Bank/Seridia/Relationship Lines/Basement/relationship_basement/seridia_romantic_basement_7/1	By all means, you may confide in me.	Surtout, n'hésite pas à te confier à moi.	Со мной ты можешь поделиться без стеснения.	By all means, you may confide in me.
Conversations/Bank/Seridia/Relationship Lines/Basement/relationship_basement/seridia_romantic_basement_7/init	[Ari], are your machinations proceeding well?	Tes intrigues avancent-elles bien, [Ari] ?	[Ari], как твои злокозненные успехи?	[Ari], are your machinations proceeding well?
Conversations/Bank/Seridia/Relationship Lines/Basement/relationship_basement/seridia_romantic_basement_8/1	Would you not agree, [Ari]?	N'es-tu pas d'accord, [Ari] ?	Ты со мной <p>согласны</p><f>согласна</f><m>согласен</m><n>согласно</n>, [Ari]?	Would you not agree, [Ari]?
Conversations/Bank/Seridia/Relationship Lines/Basement/relationship_basement/seridia_romantic_basement_8/init	There is something about nightfall that puts one at ease.	Il y a dans la tombée de la nuit quelque chose qui met à l'aise.	Приход ночи имеет особую успокоительную силу.	There is something about nightfall that puts one at ease.
Conversations/Bank/Seridia/Relationship Lines/Basement/relationship_basement/seridia_romantic_basement_9/init	A pleasant evening to you, [Ari].	Bonne soirée à toi, [Ari].	Приятного тебе вечера, [Ari].	A pleasant evening to you, [Ari].
Conversations/Bank/Seridia/Relationship Lines/Child/baby_daily_dialogue/ari_holding_baby_0/1	Oh, what a perfect smile. I see you are enjoying yourself.	Oh, quel joli sourire ! Je vois que tu t'amuses bien.	Ах, эта превосходная улыбка. Вижу, твой день полон удовольствий.	Oh, what a perfect smile. I see you are enjoying yourself.
Conversations/Bank/Seridia/Relationship Lines/Child/baby_daily_dialogue/ari_holding_baby_0/init	Little [infant], how is today's adventure?	Jeune [child_0], comment se passe ton aventure du jour ?	Юная [child_0], как твои приключения?	Little [infant], how is today's adventure?
Conversations/Bank/Seridia/Relationship Lines/Child/baby_daily_dialogue/ari_holding_baby_1/1	I do hope you two are getting up to some exciting mischief.	J'espère que vous vous adonnez à d'exubérantes facéties.	Надеюсь, у вас уже запланированы увлекательные проделки.	I do hope you two are getting up to some exciting mischief.
Conversations/Bank/Seridia/Relationship Lines/Child/baby_daily_dialogue/ari_holding_baby_1/init	Here are my greatest treasures.	Voilà mes plus grands trésors.	Мои самые драгоценные сокровища!	Here are my greatest treasures.
Conversations/Bank/Seridia/Relationship Lines/Child/baby_daily_dialogue/ari_holding_baby_2/1	It frees me up to experiment with more... volatile magics.	Je peux ainsi tester des sorts plus... imprévisibles.	Я могу посвятить это время экспериментам с более... изменчивой магией.	It frees me up to experiment with more... volatile magics.
Conversations/Bank/Seridia/Relationship Lines/Child/baby_daily_dialogue/ari_holding_baby_2/init	It is helpful that you are watching [child_0], today...	Cela me rend bien service que tu surveilles [child_0], aujourd'hui...	Сегодня [child_0] у тебя, и это для меня большая услуга...	It is helpful that you are watching [child_0], today...
Conversations/Bank/Seridia/Relationship Lines/Child/baby_daily_dialogue/ari_holding_baby_3/1	The sight of it makes me smile.	Vous voir ainsi me donne le sourire.	Не могу сдержать улыбки, глядя на вас.	The sight of it makes me smile.
Conversations/Bank/Seridia/Relationship Lines/Child/baby_daily_dialogue/ari_holding_baby_3/2	I suppose... I have been smiling a lot of late.	Je crois que je souris plus qu'à l'accoutumée, ces temps-ci.	Пожалуй... Я стала чаще улыбаться в последнее время.	I suppose... I have been smiling a lot of late.
Conversations/Bank/Seridia/Relationship Lines/Child/baby_daily_dialogue/ari_holding_baby_3/init	Look at the two of you, romping around like a pair of dragons...	Regardez-vous en train de batifoler comme deux dragons !	Посмотрите на них: резвятся, словно парочка юных драконов...	Look at the two of you, romping around like a pair of dragons...
Conversations/Bank/Seridia/Relationship Lines/Child/baby_daily_dialogue/ari_holding_baby_4/1	Try as she might, she cannot tire me.	Elle aura beau essayer, elle n'arrivera pas à m'épuiser.	Ей меня не утомить, как бы ни старалась.	Try as she might, she cannot tire me.
Conversations/Bank/Seridia/Relationship Lines/Child/baby_daily_dialogue/ari_holding_baby_4/init	If you desire a respite from carrying duties, do not hesitate to give [child_0] to me.	Si porter [child_0] t'épuise, n'hésite pas à me la confier.	Сообщи, если тебе требуется отдых от переноски ребёнка. [child_0] может посидеть у меня.	If you desire a respite from carrying duties, do not hesitate to give [child_0] to me.
Conversations/Bank/Seridia/Relationship Lines/Child/baby_daily_dialogue/baby_0/1	That is well, for all you see is your domain.	C'est très bien, car tout ce que tu vois t'appartient.	И это уместно, ведь кругом простираются твои владения.	That is well, for all you see is your domain.
Conversations/Bank/Seridia/Relationship Lines/Child/baby_daily_dialogue/baby_0/init	That little laugh... [infant], I see you are in high spirits today!	Quel joli petit rire ! Je vois que tu es de bonne humeur aujourd'hui, [child_0].	Какая усмешка... Я вижу, [child_0], ты сегодня в хорошем расположении духа!	That little laugh... [infant], I see you are in high spirits today!
Conversations/Bank/Seridia/Relationship Lines/Child/baby_daily_dialogue/baby_1/1	Though if you wish to make her laugh, you must swing her around. She enjoys the wind on her face, as any dragon should.	Mais si tu veux la faire rire, fais-la voler dans les airs. Comme tout dragon, elle aime sentir le vent sur son visage.	А если желаешь услышать смех, её надо качать, чтобы ветер обдувал лицо. Она это любит, подобно всякому дракону.	Though if you wish to make her laugh, you must swing her around. She enjoys the wind on her face, as any dragon should.
Conversations/Bank/Seridia/Relationship Lines/Child/baby_daily_dialogue/baby_1/init	Have you seen, [Ari]? [child_0] is smiling at you.	Tu as vu, [Ari] ? [child_0] te sourit.	Ты <p>видели</p><f>видела</f><m>видел</m><n>видело</n>, [Ari]? [child_0] тебе улыбнулась.	Have you seen, [Ari]? [child_0] is smiling at you.
Conversations/Bank/Seridia/Relationship Lines/Child/baby_daily_dialogue/baby_2/1	She does begrudgingly enjoy the company of children, you know. In fact, I find her to be quite unskilled at concealing her true feelings in such matters.	Même si elle s'en défend, elle apprécie la compagnie des enfants. En réalité, je trouve qu'elle a bien du mal à dissimuler ses vrais sentiments à ce sujet.	Знаешь, несмотря на её возмущения, Джунипер нравится общение с детьми. Более того, я отмечаю, что в подобных вопросах она весьма неумело скрывает свои чувства.	She does begrudgingly enjoy the company of children, you know. In fact, I find her to be quite unskilled at concealing her true feelings in such matters.
Conversations/Bank/Seridia/Relationship Lines/Child/baby_daily_dialogue/baby_2/init	Though she will not admit it, Juniper wishes to dote on [child_0], so we are making a visit to the Bathhouse.	Bien qu'elle refuse de l'admettre, Juniper aimerait dorloter [child_0], nous allons donc aux bains.	Джунипер хочет понянчится с ребёнком, хотя и отказывается это признавать. Так что [child_0] отправится со мной в Купальню.	Though she will not admit it, Juniper wishes to dote on [child_0], so we are making a visit to the Bathhouse.
Conversations/Bank/Seridia/Relationship Lines/Child/baby_daily_dialogue/baby_3/1	She is becoming quite the little [Ari].	Elle ressemble de plus en plus à une version miniature de toi, [Ari].	Она всё больше напоминает маленькую версию [Ari].	She is becoming quite the little [Ari].
Conversations/Bank/Seridia/Relationship Lines/Child/baby_daily_dialogue/baby_3/init	As [child_0] ages, I am pleased to see your features mirrored in hers.	À mesure que je vois [child_0] grandir, j'aime retrouver certains de tes traits en elle.	[child_0] постепенно растёт, и в ней проявляются твои черты. Это радует мне глаз.	As [child_0] ages, I am pleased to see your features mirrored in hers.
Conversations/Bank/Seridia/Relationship Lines/Child/baby_daily_dialogue/baby_4/1	It pleases me that they are coming in so well.	Je suis heureuse de constater qu'elles poussent si bien.	Мне радостно видеть, как они тебе подходят.	It pleases me that they are coming in so well.
Conversations/Bank/Seridia/Relationship Lines/Child/baby_daily_dialogue/baby_4/init	Ah [infant], how fine and lustrous your horns have become!	Ah, [child_0], comme tes cornes ont grandi !	Ах, [child_0], как прекрасно блестят твои растущие рога!	Ah [infant], how fine and lustrous your horns have become!
Conversations/Bank/Seridia/Relationship Lines/Child/baby_daily_dialogue/baby_5/1	When one experiences all aspects of life countless times, its mundane troubles become charming...	Lorsqu'on a vécu tout ce qu'une vie peut offrir d'innombrables fois, les désagréments les plus banals ont leur charme...	Когда испытаешь все грани жизни по много раз, начинаешь находить очарование в повседневных заботах...	When one experiences all aspects of life countless times, its mundane troubles become charming...
Conversations/Bank/Seridia/Relationship Lines/Child/baby_daily_dialogue/baby_5/2	And one finds themselves more able to focus on the joys found within.	Et cela permet même de se focaliser sur les petits bonheurs qu'ils apportent.	И больше внимания уделяешь своим частным радостям.	And one finds themselves more able to focus on the joys found within.
Conversations/Bank/Seridia/Relationship Lines/Child/baby_daily_dialogue/baby_5/init	I do adore being a mother... even the parts that are tiring and slightly wet.	J'aime beaucoup ce rôle de mère, même ces moments pénibles où tout est trempé.	Я обожаю материнство... Даже изматывающие труды и мокрые пелёнки.	I do adore being a mother... even the parts that are tiring and slightly wet.
Conversations/Bank/Seridia/Relationship Lines/Child/baby_daily_dialogue/baby_6/1	Such a bond is special. I am glad to share it with you, [Ari].	C'est un lien très spécial. Et je suis heureuse de le partager avec toi, [Ari].	Это особая связь. И я счастлива, что делю её с тобой, [Ari].	Such a bond is special. I am glad to share it with you, [Ari].
Conversations/Bank/Seridia/Relationship Lines/Child/baby_daily_dialogue/baby_6/init	It is a joy to see you, myself, and [infant] tied together in the cycle of souls.	Je suis satisfaite de voir que le cycle des âmes nous unit, toi, moi et [child_0].	Радостно видеть, что я, ты и [child_0] соединены в круговороте душ.	It is a joy to see you, myself, and [infant] tied together in the cycle of souls.
Conversations/Bank/Seridia/Relationship Lines/Child/baby_daily_dialogue/baby_7/1	She is strong for her age, is she not?	Elle est plutôt forte pour son âge, non ?	Для своего возраста она весьма сильна, правда?	She is strong for her age, is she not?
Conversations/Bank/Seridia/Relationship Lines/Child/baby_daily_dialogue/baby_7/2	You are becoming such a fearsome dragon, [child_0]! Yes you are!	Tu es en train de devenir un redoutable dragon, [child_0] ! Cela ne fait aucun doute !	Ты у нас прямо грозный дракон, [child_0]! Да-да, очень грозный!	You are becoming such a fearsome dragon, [child_0]! Yes you are!
Conversations/Bank/Seridia/Relationship Lines/Child/baby_daily_dialogue/baby_7/init	[child_0], what a powerful grip you have!	[child_0], tu as une sacrée poigne !	Какая крепкая у тебя хватка, [child_0]!	[child_0], what a powerful grip you have!
Conversations/Bank/Seridia/Relationship Lines/Child/baby_daily_dialogue/baby_8/1	[Ari]. It seems our little princess is in need of a change of attire.	[Ari], je crois que notre petite princesse a besoin qu'on la change.	[Ari]. Кажется, нашей маленькой принцессе пора сменить наряд.	[Ari]. It seems our little princess is in need of a change of attire.
Conversations/Bank/Seridia/Relationship Lines/Child/baby_daily_dialogue/baby_8/1/prompts/0	Don't worry, I've got her!	Pas de souci, je m'en occupe !	Не волнуйся, я всё сделаю!	Don't worry, I've got her!
Conversations/Bank/Seridia/Relationship Lines/Child/baby_daily_dialogue/baby_8/1/prompts/1	Could you change her this time?	Je veux bien que tu la changes ?	Можешь в этот раз ты этим заняться?	Could you change her this time?
Conversations/Bank/Seridia/Relationship Lines/Child/baby_daily_dialogue/baby_8/2	Perfect.	Parfait.	Превосходно.	Perfect.
Conversations/Bank/Seridia/Relationship Lines/Child/baby_daily_dialogue/baby_8/3	While you are doing that, I will find her a change of clothes. Something... cute.	Pendant ce temps-là, je vais chercher des vêtements propres. Quelque chose de... mignon.	А пока ты <p>заняты</p><f>занята</f><m>занят</m><n>занято</n>, я подыщу другую одежду. Что-нибудь... симпатичное.	While you are doing that, I will find her a change of clothes. Something... cute.
Conversations/Bank/Seridia/Relationship Lines/Child/baby_daily_dialogue/baby_8/4	Of course. I have become quite adept at using magic to change [child_0]'s diapers.	Bien sûr, je suis devenue très douée dans l'usage de la magie pour changer la couche de notre chère [child_0].	Разумеется. Я весьма преуспела в искусстве смены подгузников с помощью магии.	Of course. I have become quite adept at using magic to change [child_0]'s diapers.
Conversations/Bank/Seridia/Relationship Lines/Child/baby_daily_dialogue/baby_8/5	It is a spell I have perfected over the ages, for an occasion such as this.	C'est un sort que j'ai perfectionné au fil des siècles pour une occasion comme celle-ci.	Это заклинание я оттачивала много веков, специально для подобного случая.	It is a spell I have perfected over the ages, for an occasion such as this.
Conversations/Bank/Seridia/Relationship Lines/Child/baby_daily_dialogue/baby_8/6	There you are, [child_0]. All done.	Et voilà, [child_0]. C'est fait.	Вот так, [child_0]. Теперь всё чисто.	There you are, [child_0]. All done.
Conversations/Bank/Seridia/Relationship Lines/Child/baby_daily_dialogue/baby_8/7	You look so adorable in your fresh clothes, I could gobble you up.	Tu es tellement adorable avec ces nouveaux vêtements que je pourrais t'avaler toute crue.	Ты прелестно выглядишь в этом новеньком наряде. Так бы тебя и съела!	You look so adorable in your fresh clothes, I could gobble you up.
Conversations/Bank/Seridia/Relationship Lines/Child/baby_daily_dialogue/baby_8/init	Ah. [child_0], you seem to be more damp than usual. Do you wish for this to be remedied?	Ah, [child_0], je crois que tu as la couche pleine. Souhaites-tu que nous remédiions à cela ?	Ай. [child_0], по-моему, ты стала мокрее, чем обычно. Наверное, ты желаешь это исправить?	Ah. [child_0], you seem to be more damp than usual. Do you wish for this to be remedied?
Conversations/Bank/Seridia/Relationship Lines/Child/baby_daily_dialogue/baby_9/1	Come, [child_0]. Let us feed you so you may grow big and strong.	Allez, [child_0]. Tu dois te nourrir pour devenir grande et forte.	Пойдём, [child_0]. Давай мы тебя покормим, чтобы ты росла большой и сильной.	Come, [child_0]. Let us feed you so you may grow big and strong.
Conversations/Bank/Seridia/Relationship Lines/Child/baby_daily_dialogue/baby_9/1/prompts/0	If you feed her, I'll make us a snack!	Si tu lui donnes à manger, je nous prépare quelque chose à grignoter.	Если ты её покормишь, я пока приготовлю нам что-нибудь перекусить!	If you feed her, I'll make us a snack!
Conversations/Bank/Seridia/Relationship Lines/Child/baby_daily_dialogue/baby_9/1/prompts/1	I'll feed her if you get us a snack!	Je m'en occupe si tu nous prépares quelque chose à grignoter.	Давай я покормлю, а ты пока приготовишь нам с тобой перекусить!	I'll feed her if you get us a snack!
Conversations/Bank/Seridia/Relationship Lines/Child/baby_daily_dialogue/baby_9/2	Yes, of course.	Oui, bien entendu.	Разумеется.	Yes, of course.
Conversations/Bank/Seridia/Relationship Lines/Child/baby_daily_dialogue/baby_9/3	I could summon a lavish meal for us... but I must admit that there is something special about home cooking.	Je pourrais matérialiser un festin pour nous deux... mais je dois admettre que cuisiner soi-même a quelque chose de spécial.	Я могла бы призвать роскошный стол... Но, признаюсь, у домашних блюд есть своё очарование.	I could summon a lavish meal for us... but I must admit that there is something special about home cooking.
Conversations/Bank/Seridia/Relationship Lines/Child/baby_daily_dialogue/baby_9/4	Yes, of course.	Oui, bien entendu.	Разумеется.	Yes, of course.
Conversations/Bank/Seridia/Relationship Lines/Child/baby_daily_dialogue/baby_9/5	Now let us see... perhaps this will do?	Alors, voyons... Cela fera peut-être l'affaire ?	Посмотрим... Вот так сойдёт?	Now let us see... perhaps this will do?
Conversations/Bank/Seridia/Relationship Lines/Child/baby_daily_dialogue/baby_9/6	How was that, [child_0]? Was it tasty?	Qu'en as-tu pensé, [child_0] ? Tu as aimé ?	Ну как тебе, [Ari]? Вкусно?	How was that, [child_0]? Was it tasty?
Conversations/Bank/Seridia/Relationship Lines/Child/baby_daily_dialogue/baby_9/init	[child_0] grows fussy. It is time for her to eat, is it not?	[child_0] commence à s'agiter. Il est l'heure de lui donner son repas, non ?	[child_0] начинает хныкать. Ей пора кушать, верно?	[child_0] grows fussy. It is time for her to eat, is it not?
Conversations/Bank/Seridia/Relationship Lines/Child/post_birth_lines/baby_born_seridia_caldarus_0/1	I am at your service if you are in need of draconic advice.	Si jamais tu as besoin de conseils en matière de dragons, je suis à ta disposition.	Я к вашим услугам, если вы нуждаетесь в советах по драконам.	I am at your service if you are in need of draconic advice.
Conversations/Bank/Seridia/Relationship Lines/Child/post_birth_lines/baby_born_seridia_caldarus_0/2	[child_0] may be of Seridia's blood, but that is no reason to have ill expectations of her nature. Such a thing is not inherited.	[child_0] a beau être la fille de Seridia, tu ne dois pas t'inquiéter quant à son tempérament. Cela ne se transmet pas.	Пускай [child_0] унаследовала кровь Серидии, но не следует ждать от неё зла. Характер не передаётся от родителей.	[child_0] may be of Seridia's blood, but that is no reason to have ill expectations of her nature. Such a thing is not inherited.
Conversations/Bank/Seridia/Relationship Lines/Child/post_birth_lines/baby_born_seridia_caldarus_0/3	Enough of such talk. Truly, I am excited for all three of you. A new dragon born in Mistria...	Mais assez parlé de cela. Je suis vraiment ravi pour vous trois. La naissance d'un nouveau dragon à Mistria...	Впрочем, довольно об этом. Я искренне радуюсь за вас троих. В Мистрии появился ещё один дракон...	Enough of such talk. Truly, I am excited for all three of you. A new dragon born in Mistria...
Conversations/Bank/Seridia/Relationship Lines/Child/post_birth_lines/baby_born_seridia_caldarus_0/4	It is truly something to celebrate.	C'est assurément quelque chose à célébrer.	Это поистине повод для праздника.	It is truly something to celebrate.
Conversations/Bank/Seridia/Relationship Lines/Child/post_birth_lines/baby_born_seridia_caldarus_0/init	A new dragon is born... what a joyous day. It is a blessing to see our kind return to the world.	Un nouveau dragon est né... Quel jour glorieux, quel bonheur de voir notre espèce renaître au monde !	Рождение нового дракона... Это радостный день. Возвращение нашего рода в этот мир — великое благо.	A new dragon is born... what a joyous day. It is a blessing to see our kind return to the world.
Conversations/Bank/Seridia/Relationship Lines/Child/post_birth_lines/baby_born_seridia_elsie_0/1	She really looks like Seridia, doesn't she? [child_0]'s going to be a mischievous little sprite when she gets older... Auntie Elsie can tell!	Elle ressemble beaucoup à Seridia, non ? Je suis sûre que ce sera une sacrée petite chipie... Tatie Elsie voit ces choses-là !	[child_0] выглядит совсем как Серидия, правда? Когда подрастёт, будет та ещё озорница... Тётушка Элси точно знает!	She really looks like Seridia, doesn't she? [child_0]'s going to be a mischievous little sprite when she gets older... Auntie Elsie can tell!
Conversations/Bank/Seridia/Relationship Lines/Child/post_birth_lines/baby_born_seridia_elsie_0/init	Oh my goodness, congratulations on the birth of sweet [child_0]!	Mes aïeux, félicitations pour votre adorable petite [child_0] !	Ох ты божечки, поздравляю вас с рождением сладенькой дочурки!	Oh my goodness, congratulations on the birth of sweet [child_0]!
Conversations/Bank/Seridia/Relationship Lines/Child/post_birth_lines/baby_born_seridia_juniper_0/1	I am certain such a child will have incredible magical talents...	Je suis sûre qu'une enfant comme elle sera très douée pour la magie...	Уверена, у такого ребёнка будет выдающийся талант к магии...	I am certain such a child will have incredible magical talents...
Conversations/Bank/Seridia/Relationship Lines/Child/post_birth_lines/baby_born_seridia_juniper_0/2	Well, if [child_0] needs a magic tutor when she gets older, don't hesitate to knock on my door.	En tout cas, si [child_0] a besoin d'une professeur de magie en grandissant, n'hésite pas à venir frapper à ma porte.	Что ж, если захотите найти преподавателя магии, когда [child_0] подрастёт, можете смело приходить ко мне.	Well, if [child_0] needs a magic tutor when she gets older, don't hesitate to knock on my door.
Conversations/Bank/Seridia/Relationship Lines/Child/post_birth_lines/baby_born_seridia_juniper_0/3	But no earlier than that... I'm not a babysitter!	Mais pas avant... Il n'y a pas écrit « baby-sitter » !	Но не ранее... Я не готова быть нянькой!	But no earlier than that... I'm not a babysitter!
Conversations/Bank/Seridia/Relationship Lines/Child/post_birth_lines/baby_born_seridia_juniper_0/init	Congratulations on the arrival of your bouncing baby dragon!	Félicitations pour la naissance d'un vigoureux bébé dragon !	Поздравляю с появлением вашей малышки-драконёнка!	Congratulations on the arrival of your bouncing baby dragon!
Conversations/Bank/Seridia/Relationship Lines/Child/post_birth_lines/post_birth_0/1	For the three of us to find each other, among all other souls in the world...	Dire que nos trois âmes ont réussi à se trouver parmi la multitude...	Среди всех душ этого мира мы втроём нашли друг друга...	For the three of us to find each other, among all other souls in the world...
Conversations/Bank/Seridia/Relationship Lines/Child/post_birth_lines/post_birth_0/2	It is an overwhelming feeling.	L'émotion me submerge.	Это поразительное чувство.	It is an overwhelming feeling.
Conversations/Bank/Seridia/Relationship Lines/Child/post_birth_lines/post_birth_0/3	Pardon me. I will be myself again in a moment.	Pardon. J'ai besoin de quelques instants pour reprendre mes esprits.	Прошу прощения. Дайте минутку, я приду в себя.	Pardon me. I will be myself again in a moment.
Conversations/Bank/Seridia/Relationship Lines/Child/post_birth_lines/post_birth_0/3/prompts/0	I feel the same way. She's perfect.	Je ressens la même chose. Elle est parfaite.	Я тоже это чувствую. Она само совершенство.	I feel the same way. She's perfect.
Conversations/Bank/Seridia/Relationship Lines/Child/post_birth_lines/post_birth_0/3/prompts/1	I'm so excited to be a family together!	C'est un bonheur de former une famille !	Я так <p>рады</p><f>рада</f><m>рад</m><n>радо</n>, что у нас будет своя семья!	I'm so excited to be a family together!
Conversations/Bank/Seridia/Relationship Lines/Child/post_birth_lines/post_birth_0/4	Yes...	En effet...	Да...	Yes...
Conversations/Bank/Seridia/Relationship Lines/Child/post_birth_lines/post_birth_0/5	Welcome, [child_0]. We have been awaiting your grand entrance.	Sois la bienvenue, [child_0]. Nous attendions ta venue avec impatience.	Добро пожаловать, [child_0]. Мы ожидали твоего прихода на этот свет.	Welcome, [child_0]. We have been awaiting your grand entrance.
Conversations/Bank/Seridia/Relationship Lines/Child/post_birth_lines/post_birth_0/6	Yes, a family...	Oui, une famille...	Да, семья...	Yes, a family...
Conversations/Bank/Seridia/Relationship Lines/Child/post_birth_lines/post_birth_0/7	Welcome, [child_0]. We have been awaiting your grand entrance.	Sois la bienvenue, [child_0]. Nous attendions ta venue avec impatience.	Добро пожаловать, [child_0]. Мы ожидали твоего прихода на этот свет.	Welcome, [child_0]. We have been awaiting your grand entrance.
Conversations/Bank/Seridia/Relationship Lines/Child/post_birth_lines/post_birth_0/init	[child_0] is as perfect as I dreamed.	[child_0] est parfaite. Elle est comme je l'avais imaginée.	[child_0] прекрасна, как в моих лучших мечтах.	[child_0] is as perfect as I dreamed.
Conversations/Bank/Seridia/Relationship Lines/Child/post_birth_lines/post_birth_1/1	Eiland thinks she will be a great scholar...	Eiland pense qu'elle deviendra une grande érudite...	Эйланд считает, что из неё выйдет прекрасный учёный...	Eiland thinks she will be a great scholar...
Conversations/Bank/Seridia/Relationship Lines/Child/post_birth_lines/post_birth_1/2	Olric says she will be strong, with many friends.	Olric dit qu'elle sera très forte et qu'elle aura beaucoup d'amis.	Ольрик говорит, что она будет сильная и с множеством друзей.	Olric says she will be strong, with many friends.
Conversations/Bank/Seridia/Relationship Lines/Child/post_birth_lines/post_birth_1/3	Juniper says she will be powerful in magic, the next coming of the Witch Queen...	Juniper affirme qu'elle fera une magicienne hors pair et qu'elle pourrait devenir une Reine-sorcière...	Джунипер говорит, что её ждёт могущество в магии. Новое воплощение Королевы-ведьмы...	Juniper says she will be powerful in magic, the next coming of the Witch Queen...
Conversations/Bank/Seridia/Relationship Lines/Child/post_birth_lines/post_birth_1/4	I do not wish to make any such prediction.	Je préfère ne pas faire de telles prédictions.	Я не хочу строить подобных догадок.	I do not wish to make any such prediction.
Conversations/Bank/Seridia/Relationship Lines/Child/post_birth_lines/post_birth_1/5	It would only put me in [child_0]'s way as she journeys to become herself...	Cela empêcherait [child_0] de s'épanouir et de devenir elle-même...	Иначе я лишь стану помехой, когда [child_0] будет искать свой путь в этом мире...	It would only put me in [child_0]'s way as she journeys to become herself...
Conversations/Bank/Seridia/Relationship Lines/Child/post_birth_lines/post_birth_1/6	All I wish is to be the mother who clears the road for her, when she asks it of me.	Je souhaite être une mère qui la guidera le long du chemin, si jamais elle le demande.	Всё, чего я желаю — это быть матерью, которая проложит ей путь, если она попросит.	All I wish is to be the mother who clears the road for her, when she asks it of me.
Conversations/Bank/Seridia/Relationship Lines/Child/post_birth_lines/post_birth_1/init	What do you suppose [child_0] will be like when she grows up?	À ton avis, que fera [child_0] lorsqu'elle sera adulte ?	Как ты думаешь, какой вырастет наша [child_0]?	What do you suppose [child_0] will be like when she grows up?
Conversations/Bank/Seridia/Relationship Lines/Child/post_birth_lines/post_birth_2/1	I have lived with severe families, lackadaisical families, absent families...	Certaines étaient sévères, d'autres indolentes, d'autres encore étaient absentes.	Я жила с суровыми родителями, беспечными родителями, безучастными родителями...	I have lived with severe families, lackadaisical families, absent families...
Conversations/Bank/Seridia/Relationship Lines/Child/post_birth_lines/post_birth_2/2	I would like to believe I have gleaned what kinds of behavior are best for raising children...	Je pense avoir bien saisi comment élever au mieux les enfants.	Хочется верить, что я усвоила, как лучше всего себя вести, когда воспитываешь ребёнка...	I would like to believe I have gleaned what kinds of behavior are best for raising children...
Conversations/Bank/Seridia/Relationship Lines/Child/post_birth_lines/post_birth_2/3	But truly, there is no single way to raise a child, is there? They will grow, regardless.	Mais, au fond, il n'y a pas qu'une façon d'élever un enfant, n'est-ce pas ? Ils grandissent quoi qu'il arrive.	Но правда в том, что единого верного пути не существует. Ребёнок вырастет, что бы мы ни делали.	But truly, there is no single way to raise a child, is there? They will grow, regardless.
Conversations/Bank/Seridia/Relationship Lines/Child/post_birth_lines/post_birth_2/init	Having lived countless lives, I have been born into myriad families with myriad dynamics.	J'ai vécu tant de vies, je suis née dans d'innombrables familles toutes différentes.	Я прожила бессчётное число жизней и рождалась заново в мириадах семей с самыми разными отношениями.	Having lived countless lives, I have been born into myriad families with myriad dynamics.
Conversations/Bank/Seridia/Relationship Lines/Child/post_birth_lines/post_birth_3/1	When I was set free, I pledged to give up my machinations.	Une fois revenue dans ce monde, j'avais fait le serment d'arrêter mes cabales.	Когда я оказалась на свободе, я поклялась прекратить свои козни.	When I was set free, I pledged to give up my machinations.
Conversations/Bank/Seridia/Relationship Lines/Child/post_birth_lines/post_birth_3/2	Then you opened your heart to me, and in doing so you showed me a new way to live.	Puis tu m'as ouvert ton cœur, et ce faisant, tu m'as montré une nouvelle façon de vivre.	Затем ты <p>открыли</p><f>открыла</f><m>открыл</m><n>открыло</n> мне своё сердце и <p>показала</p><f>показала</f><m>показал</m><n>показало</n> иной путь.	Then you opened your heart to me, and in doing so you showed me a new way to live.
Conversations/Bank/Seridia/Relationship Lines/Child/post_birth_lines/post_birth_3/3	And now, the three of us... how can my heart grow fuller still?	Et nous voilà à trois... Mon cœur peut-il s'épanouir encore davantage ?	А теперь, когда нас стало трое... Моё сердце полнится тёплыми чувствами.	And now, the three of us... how can my heart grow fuller still?
Conversations/Bank/Seridia/Relationship Lines/Child/post_birth_lines/post_birth_3/4	Perhaps it is a new kind of magic. Yes, that must be it.	C'est peut-être une magie d'un genre nouveau. Oui, c'est sûrement cela.	Быть может, это какой-то новый вид магии? Да, должно быть, в этом дело.	Perhaps it is a new kind of magic. Yes, that must be it.
Conversations/Bank/Seridia/Relationship Lines/Child/post_birth_lines/post_birth_3/init	Every day, my heart changes a little more.	Chaque jour, mon cœur se transforme un peu plus.	Каждый день приносит моему сердцу перемены.	Every day, my heart changes a little more.
Conversations/Bank/Seridia/Relationship Lines/Child/post_birth_lines/post_birth_4/1	Just recently, she attempted to claim Eiland's earrings, Celine's brooch, and little Luc's glasses.	Récemment, elle a essayé d'attraper les boucles d'oreille d'Eiland, la broche de Céline et les lunettes de Luc.	Накануне она пыталась захватить серьги Эйланда, брошь Селин и очки Люка.	Just recently, she attempted to claim Eiland's earrings, Celine's brooch, and little Luc's glasses.
Conversations/Bank/Seridia/Relationship Lines/Child/post_birth_lines/post_birth_4/2	I take this to mean that [child_0] will grow up to have impeccable taste...	J'en déduis que notre chère [child_0] aura très bon goût, en grandissant...	Полагаю, это знак, что у нашей дочери будет изысканный вкус...	I take this to mean that [child_0] will grow up to have impeccable taste...
Conversations/Bank/Seridia/Relationship Lines/Child/post_birth_lines/post_birth_4/3	As well as a fine hoard.	Et qu'elle accumulera un sacré butin.	А также богатая сокровищница.	As well as a fine hoard.
Conversations/Bank/Seridia/Relationship Lines/Child/post_birth_lines/post_birth_4/3/prompts/0	I'll smith her whatever treasure she wants!	Je lui fabriquerai tous les trésors qu'elle voudra !	Я выкую ей любые сокровища, что пожелает!	I'll smith her whatever treasure she wants!
Conversations/Bank/Seridia/Relationship Lines/Child/post_birth_lines/post_birth_4/3/prompts/1	She's growing up into a fine dragon.	Elle est en train de devenir un joli dragon.	Из неё выйдет прекрасный дракон.	She's growing up into a fine dragon.
Conversations/Bank/Seridia/Relationship Lines/Child/post_birth_lines/post_birth_4/4	Yes, splendid...	Oui, excellent...	Великолепно...	Yes, splendid...
Conversations/Bank/Seridia/Relationship Lines/Child/post_birth_lines/post_birth_4/5	With your workmanship, her hoard will become the envy of any dragon.	Grâce à ton savoir-faire, son butin fera envie à n'importe quel dragon.	Благодаря твоему мастерству её груде сокровищ будут завидовать все драконы.	With your workmanship, her hoard will become the envy of any dragon.
Conversations/Bank/Seridia/Relationship Lines/Child/post_birth_lines/post_birth_4/6	Undoubtedly.	Je n'en doute pas.	Несомненно.	Undoubtedly.
Conversations/Bank/Seridia/Relationship Lines/Child/post_birth_lines/post_birth_4/7	When she grows up, I will have much to teach her about hoard management and organization.	En grandissant, j'aurai beaucoup à lui apprendre en ce qui concerne la gestion et l'organisation de son butin.	Когда [child_0] вырастет, мне предстоит дать ей множество уроков по организации и уходу за грудой сокровищ.	When she grows up, I will have much to teach her about hoard management and organization.
Conversations/Bank/Seridia/Relationship Lines/Child/post_birth_lines/post_birth_4/init	As of late, I have noticed... [child_0] seems especially drawn to glittering jewelry.	Depuis peu, j'ai remarqué que notre petite [child_0] semblait très attirée par les bijoux brillants.	В последнее время я замечаю, что [child_0]... особенно увлекается блестящими драгоценностями.	As of late, I have noticed... [child_0] seems especially drawn to glittering jewelry.
Conversations/Bank/Seridia/Relationship Lines/Child/post_birth_lines/post_birth_5/1	Obviously, such a thing goes without saying. Our daughter will not be excluded from such revelry.	Bien entendu, c'est une évidence. Notre fille ne saurait être exclue de telles réjouissances.	Разумеется, тут не может быть сомнений. Нашей дочери нельзя отказать в таком веселье.	Obviously, such a thing goes without saying. Our daughter will not be excluded from such revelry.
Conversations/Bank/Seridia/Relationship Lines/Child/post_birth_lines/post_birth_5/2	Not to mention, I believe [child_0] will give Dell a run for her money. She has access to many more swords, after all.	Et je crois surtout que notre chère [child_0] saura remettre Dell à sa place. En plus, elle aura bien plus d'épées à sa disposition.	К тому же, я полагаю, что [child_0] в силах обскакать и саму Делл. Ведь у неё под рукой гораздо больше мечей.	Not to mention, I believe [child_0] will give Dell a run for her money. She has access to many more swords, after all.
Conversations/Bank/Seridia/Relationship Lines/Child/post_birth_lines/post_birth_5/init	Young Dell has been insisting that [child_0] join the Dragonguard once she comes of age.	La jeune Dell insiste pour que notre petite [child_0] rejoigne la Garde des dragons lorsqu'elle en aura l'âge.	Юная Делл настаивает, что [child_0] должна вступить в Драконью стражу, когда достигнет подобающего возраста.	Young Dell has been insisting that [child_0] join the Dragonguard once she comes of age.
Conversations/Bank/Seridia/Relationship Lines/Child/pregnancy/ari_pregnant_0/1	I believe that it is the most powerful, intimate magic that mortals know.	Je crois qu'il s'agit de la magie la plus puissante et la plus profonde que les mortels connaissent.	По моему мнению, это величайшая, самая сокровенная магия, известная смертным.	I believe that it is the most powerful, intimate magic that mortals know.
Conversations/Bank/Seridia/Relationship Lines/Child/pregnancy/ari_pregnant_0/2	I am so humbled and exhilarated by you.	En ta présence, je ressens une très grande humilité et une très grande exaltation.	Ты приводишь меня в восхищение и радость.	I am so humbled and exhilarated by you.
Conversations/Bank/Seridia/Relationship Lines/Child/pregnancy/ari_pregnant_0/3	And I cannot wait to meet our little one. She is eager to meet us, [Ari].	J'ai hâte de faire la connaissance de notre enfant. Elle aussi est impatiente de nous rencontrer, [Ari].	Я жду встречи с нашим чадом. А она ждёт встречи с нами, [Ari].	And I cannot wait to meet our little one. She is eager to meet us, [Ari].
Conversations/Bank/Seridia/Relationship Lines/Child/pregnancy/ari_pregnant_0/init	To be a vessel for the cycle of reincarnation, [Ari]...	[Ari], être le réceptacle du cycle de la réincarnation...	[Ari], стать сосудом для цикла перерождений...	To be a vessel for the cycle of reincarnation, [Ari]...
Conversations/Bank/Seridia/Relationship Lines/Child/pregnancy/ari_pregnant_1/1	Tell me what you desire, [Ari]. I will use my magic to bring it to you instantly.	Dis-moi ce qui te ferait plaisir, [Ari]. J'userai de ma magie pour matérialiser ce que tu désires en un instant.	Скажи, чего ты желаешь, [Ari]. С помощью магии я мгновенно принесу это тебе.	Tell me what you desire, [Ari]. I will use my magic to bring it to you instantly.
Conversations/Bank/Seridia/Relationship Lines/Child/pregnancy/ari_pregnant_1/1/prompts/0	I really want Chocolate Cake!	J'ai très envie d'un gâteau au chocolat !	Я очень хочу шоколадного торта!	I really want Chocolate Cake!
Conversations/Bank/Seridia/Relationship Lines/Child/pregnancy/ari_pregnant_1/1/prompts/1	I want Spicy Water Chestnuts sooo bad!	Je donnerais tout pour des châtaignes d'eau épicées !	Мне та-а-ак хочется острых водяных орешков!	I want Spicy Water Chestnuts sooo bad!
Conversations/Bank/Seridia/Relationship Lines/Child/pregnancy/ari_pregnant_1/1/prompts/2	A glass of Pomegranate Juice... for some reason...	Un verre de jus de grenade... Ne me demande pas pourquoi...	Стакан гранатового сока... Интересно, почему...	A glass of Pomegranate Juice... for some reason...
Conversations/Bank/Seridia/Relationship Lines/Child/pregnancy/ari_pregnant_1/2	It is done. Behold.	C'est comme si c'était fait. Regarde.	Да будет так. Узри!	It is done. Behold.
Conversations/Bank/Seridia/Relationship Lines/Child/pregnancy/ari_pregnant_1/3	Hm. Perhaps I should have procured a fork as well?	Mmm, tu aurais peut-être aussi voulu une fourchette, non ?	Хм. Возможно, мне следовало также раздобыть вилку?	Hm. Perhaps I should have procured a fork as well?
Conversations/Bank/Seridia/Relationship Lines/Child/pregnancy/ari_pregnant_1/4	It is done. Behold.	C'est comme si c'était fait. Regarde.	Да будет так. Узри!	It is done. Behold.
Conversations/Bank/Seridia/Relationship Lines/Child/pregnancy/ari_pregnant_1/5	Enjoy, and I will bring you a glass of water whenever you reach your threshold for spice.	Bon appétit ! Je t'apporterai un verre d'eau si ça devient trop piquant.	Вкушай, сколько пожелаешь. Я принесу стакан воды, когда для тебя станет слишком остро.	Enjoy, and I will bring you a glass of water whenever you reach your threshold for spice.
Conversations/Bank/Seridia/Relationship Lines/Child/pregnancy/ari_pregnant_1/6	You need no reason, save that you want it.	Tu n'as pas à te justifier, c'est juste ce dont tu as envie.	Важны не причины, а лишь твоё желание.	You need no reason, save that you want it.
Conversations/Bank/Seridia/Relationship Lines/Child/pregnancy/ari_pregnant_1/7	It is done. Behold.	C'est comme si c'était fait. Regarde.	Да будет так. Узри!	It is done. Behold.
Conversations/Bank/Seridia/Relationship Lines/Child/pregnancy/ari_pregnant_1/init	If memory serves, this is around the time you will have begun craving certain foods.	Si je me souviens bien, tu devrais avoir envie de manger des choses bien particulières tout au long de cette période.	Если мне не изменяет память, примерно в это время у тебя должна проявиться тяга к некоторым видам пищи.	If memory serves, this is around the time you will have begun craving certain foods.
Conversations/Bank/Seridia/Relationship Lines/Child/pregnancy/ari_pregnant_2/1	Carrying a child is a delicate thing, so wish that I may, I cannot use magic to draw away your discomfort.	Porter un enfant est une chose délicate et même si je le voulais, je ne pourrais pas utiliser ma magie pour te soulager.	Вынашивая ребёнка, следует проявлять осмотрительность. А потому, как бы мне ни хотелось, я не смогу улучшить твоё самочувствие с помощью магии.	Carrying a child is a delicate thing, so wish that I may, I cannot use magic to draw away your discomfort.
Conversations/Bank/Seridia/Relationship Lines/Child/pregnancy/ari_pregnant_2/2	Instead I sought out Doctor Valen, who recommended one of her syrups...	À la place, j'en ai parlé à la docteure Valen et elle m'a conseillé un de ses sirops...	Однако я разыскала доктора Вален, и она посоветовала один из её сиропов...	Instead I sought out Doctor Valen, who recommended one of her syrups...
Conversations/Bank/Seridia/Relationship Lines/Child/pregnancy/ari_pregnant_2/3	Here. She said it would be effective. And do not worry...	Tiens. Elle a dit que ce serait efficace. Et ne t'en fais pas...	Возьми. Она обещала, что он подействует. И можешь не переживать...	Here. She said it would be effective. And do not worry...
Conversations/Bank/Seridia/Relationship Lines/Child/pregnancy/ari_pregnant_2/4	If it is not, I will see that the doctor is punished.	Si ce n'est pas le cas, je m'assurerai qu'elle soit punie.	Если она солгала, её ждёт надлежащее наказание.	If it is not, I will see that the doctor is punished.
Conversations/Bank/Seridia/Relationship Lines/Child/pregnancy/ari_pregnant_2/init	You put on a brave face, but do not think I have not noticed your bouts of morning sickness.	Tu fais comme si de rien n'était, mais ne va pas croire que je n'ai pas remarqué tes nausées matinales.	Ты держишься храбро, но не думай, что я не заметила приступов утренней тошноты.	You put on a brave face, but do not think I have not noticed your bouts of morning sickness.
Conversations/Bank/Seridia/Relationship Lines/Child/pregnancy/ari_pregnant_3/1	Wonderful. That means it is all going well.	Parfait. Cela veut dire que tout se passe bien.	Чудесно. Значит, всё идёт как должно.	Wonderful. That means it is all going well.
Conversations/Bank/Seridia/Relationship Lines/Child/pregnancy/ari_pregnant_3/2	[Ari], I am excited. Soon, we will welcome this child into our lives...	[Ari], je suis si heureuse. Bientôt, notre enfant fera son entrée dans nos vies...	[Ari], я полна предвкушения. Скоро в нашей жизни появится это дитя...	[Ari], I am excited. Soon, we will welcome this child into our lives...
Conversations/Bank/Seridia/Relationship Lines/Child/pregnancy/ari_pregnant_3/3	It is a rare and beautiful thing.	C'est une chose rare et merveilleuse.	Это редкое и прекрасное событие.	It is a rare and beautiful thing.
Conversations/Bank/Seridia/Relationship Lines/Child/pregnancy/ari_pregnant_3/4	Hm... now that you have said it, I believe I can see it.	Hmm... Maintenant que tu le dis, je crois que je le remarque.	Хм... Когда ты это <p>сказали</p><f>сказала</f><m>сказал</m><n>сказало</n>, я тоже начала замечать.	Hm... now that you have said it, I believe I can see it.
Conversations/Bank/Seridia/Relationship Lines/Child/pregnancy/ari_pregnant_3/5	Do you remain comfortable? If you are not, I will scour my hoard for raiment worthy of you and our child.	Mais tu es toujours à ton aise ? Dans le cas contraire, j'irai chercher une tenue digne de toi et notre enfant dans mon trésor.	Тебе всё ещё комфортно? Если нет, я готова обыскать каждый уголок моей сокровищницы и добыть облачение, достойное тебя и нашего ребёнка.	Do you remain comfortable? If you are not, I will scour my hoard for raiment worthy of you and our child.
Conversations/Bank/Seridia/Relationship Lines/Child/pregnancy/ari_pregnant_3/6	Then I am feeling good as well.	Alors je me sens bien, moi aussi.	Значит и я довольна.	Then I am feeling good as well.
Conversations/Bank/Seridia/Relationship Lines/Child/pregnancy/ari_pregnant_3/7	But the moment you are not, do not hesitate to declare it. I will call upon every one of my powers to ensure that you are happy and content.	Mais si cela venait à changer, tu devrais me le dire. J'utiliserai tous mes pouvoirs pour que tu ailles bien et que tu ne manques de rien.	Но едва почувствуешь ухудшение, сообщай без утайки. Я сделаю всё, что в моей власти, чтобы обеспечить твоё благоденствие и уют.	But the moment you are not, do not hesitate to declare it. I will call upon every one of my powers to ensure that you are happy and content.
Conversations/Bank/Seridia/Relationship Lines/Child/pregnancy/ari_pregnant_3/init	Tell me, [Ari]... how do you feel today?	Dis-moi, [Ari]... Comment te sens-tu, aujourd'hui ?	Скажи мне, [Ari]... Как ты сегодня себя чувствуешь?	Tell me, [Ari]... how do you feel today?
Conversations/Bank/Seridia/Relationship Lines/Child/pregnancy/ari_pregnant_3/init/prompts/0	I think the baby is getting bigger!	Je crois que le bébé grandit !	По-моему, малыш растёт!	I think the baby is getting bigger!
Conversations/Bank/Seridia/Relationship Lines/Child/pregnancy/ari_pregnant_3/init/prompts/1	My clothes are tighter, I think.	J'ai l'impression que mes vêtements me serrent.	По-моему, моя одежда стала теснее...	My clothes are tighter, I think.
Conversations/Bank/Seridia/Relationship Lines/Child/pregnancy/ari_pregnant_3/init/prompts/2	I'm feeling good today.	Je me sens bien aujourd'hui.	Сегодня я чувствую себя хорошо.	I'm feeling good today.
Conversations/Bank/Seridia/Relationship Lines/Child/pregnancy/ari_pregnant_4/1	Aha. I feel it. The baby has strong legs...	Ha ha. Je le sens. Cette enfant a de la force dans les jambes...	А, я чувствую. Сильные ножки...	Aha. I feel it. The baby has strong legs...
Conversations/Bank/Seridia/Relationship Lines/Child/pregnancy/ari_pregnant_4/2	Unless that was a punch? We will have to ask her once she arrives.	À moins qu'il se soit agi d'un coup de poing ? Il faudra le lui demander à son arrivée.	Или это был кулак? Спросим у неё, когда она выползет.	Unless that was a punch? We will have to ask her once she arrives.
Conversations/Bank/Seridia/Relationship Lines/Child/pregnancy/ari_pregnant_4/init	Oh, is the baby kicking? May I?	Oh, le bébé donne des coups de pied ? Je peux ?	Ой, малыш пинается? Можно мне?	Oh, is the baby kicking? May I?
Conversations/Bank/Seridia/Relationship Lines/Child/pregnancy/ari_pregnant_5/1	$Brid$. It is a strong name, is it not?	$Brid$. C'est un prénom qui inspire la force, n'est-ce pas ?	$Брид$. Сильно звучит, правда?	$Brid$. It is a strong name, is it not?
Conversations/Bank/Seridia/Relationship Lines/Child/pregnancy/ari_pregnant_5/2	Ah, but it is your decision. Draconic tradition calls for the expecting parent to select a name.	Ah, mais la décision t'appartient. Selon les traditions draconiques, c'est le parent qui porte l'enfant qui choisit.	Но решение всё равно за тобой. Согласно драконьим традициям, имя выбирает беременный родитель.	Ah, but it is your decision. Draconic tradition calls for the expecting parent to select a name.
Conversations/Bank/Seridia/Relationship Lines/Child/pregnancy/ari_pregnant_5/3	I will be happy with whatever name you choose.	Qu'importe le nom que tu lui donneras, je serai heureuse.	Ты можешь выбрать любое имя, и я буду довольна.	I will be happy with whatever name you choose.
Conversations/Bank/Seridia/Relationship Lines/Child/pregnancy/ari_pregnant_5/init	The baby... in my dreams last night, she visited me, and shared a name that she likes.	Notre bébé m'a rendu visite en rêve, la nuit dernière. Elle m'a fait part d'un prénom qu'elle aime bien.	Наша малышка... Навестила меня ночью во сне и поведала, какое имя ей по нраву.	The baby... in my dreams last night, she visited me, and shared a name that she likes.
Conversations/Bank/Seridia/Relationship Lines/Child/pregnancy/ari_pregnant_6/1	I will stay close to home, in the coming days... that way I will be here when I am needed. We will welcome her together.	Je ne m'éloignerai pas dans les prochains jours. Ainsi, je serai présente lorsque tu auras besoin de moi. Nous l'accueillerons ensemble.	В ближайшие дни я не буду отдаляться от дома... Чтобы быть рядом, когда я нужна. Мы встретим её вместе.	I will stay close to home, in the coming days... that way I will be here when I am needed. We will welcome her together.
Conversations/Bank/Seridia/Relationship Lines/Child/pregnancy/ari_pregnant_6/init	My dreams of our baby have grown more vivid... she will arrive soon.	Les rêves que je fais de notre enfant sont de plus en plus nets... Elle arrivera bientôt.	Мои сны о ребёнке становятся всё яснее... она прибудет очень скоро.	My dreams of our baby have grown more vivid... she will arrive soon.
Conversations/Bank/Seridia/Relationship Lines/Child/pregnancy/pregnancy_seridia_caldarus_0/1	Despite her... disposition, Seridia is fiercely devoted to those she loves. You are obviously within that circle, and that now extends to your child.	Malgré son tempérament, Seridia est entièrement dévouée aux êtres qu'elle aime. Tu fais évidemment partie de ce cercle, tout comme votre enfant.	Несмотря на её... специфический нрав, Серидия горячо преданна тем, кого любит. Ты, безусловно входишь в этот круг. А теперь он включает и ваше дитя.	Despite her... disposition, Seridia is fiercely devoted to those she loves. You are obviously within that circle, and that now extends to your child.
Conversations/Bank/Seridia/Relationship Lines/Child/pregnancy/pregnancy_seridia_caldarus_0/2	They will find no stronger protector.	Personne n'est mieux placé qu'elle pour assurer sa protection.	Более могучего защитника для ребёнка не найти.	They will find no stronger protector.
Conversations/Bank/Seridia/Relationship Lines/Child/pregnancy/pregnancy_seridia_caldarus_0/3	And I will be sure to watch over them, as well.	Et moi aussi, je veillerai sur votre famille.	И я тоже буду за ним приглядывать.	And I will be sure to watch over them, as well.
Conversations/Bank/Seridia/Relationship Lines/Child/pregnancy/pregnancy_seridia_caldarus_0/init	I have heard it said that you and Seridia are expecting a child... this is wonderful news.	J'ai entendu dire que Seridia et toi attendiez un enfant. C'est une merveilleuse nouvelle.	До меня дошла весть, что вы с Серидией ждёте ребёнка... Это чудесное известие.	I have heard it said that you and Seridia are expecting a child... this is wonderful news.
Conversations/Bank/Seridia/Relationship Lines/Child/pregnancy/pregnancy_seridia_elsie_0/1	I'm so excited to be an auntie again. I'm everyone's honorary auntie, after all!	J'ai tellement hâte d'être à nouveau tatie. Je suis un peu la tatie de tout le monde, ici !	Я с радостью побуду тётушкой ещё раз. Знаешь, я весь всем тут почётная тётушка!	I'm so excited to be an auntie again. I'm everyone's honorary auntie, after all!
Conversations/Bank/Seridia/Relationship Lines/Child/pregnancy/pregnancy_seridia_elsie_0/init	I hear you and Seridia are expecting? What marvelous news!	Il paraît que vous attendez un enfant, Seridia et toi ? Quelle excellente nouvelle !	Я слышала, что вы с Серидией ждёте малыша? Какая восхитительная новость!	I hear you and Seridia are expecting? What marvelous news!
Conversations/Bank/Seridia/Relationship Lines/Child/pregnancy/pregnancy_seridia_maple_0/1	If Miss Seridia was a queen, that means your baby will be half queen, right?	Comme Seridia était reine, ça veut dire que votre bébé sera à moitié une princesse, non ?	Если мисс Серидия была королевой, это значит, что ребёнок полу-королева, так ведь?	If Miss Seridia was a queen, that means your baby will be half queen, right?
Conversations/Bank/Seridia/Relationship Lines/Child/pregnancy/pregnancy_seridia_maple_0/2	When they get older, I'll invite them to join my royal entourage! I can't wait!	Quand votre enfant sera assez grande, je l'accueillerai dans ma cour royale ! J'ai hâte !	Когда она подрастёт, я приглашу её в свою королевскую свиту! Уже хочу пригласить!	When they get older, I'll invite them to join my royal entourage! I can't wait!
Conversations/Bank/Seridia/Relationship Lines/Child/pregnancy/pregnancy_seridia_maple_0/init	I heard you and Miss Seridia are having a baby!	Il paraît que mademoiselle Seridia et toi allez avoir un bébé !	Я слышала, что у тебя и мисс Серидии будет малыш!	I heard you and Miss Seridia are having a baby!
Conversations/Bank/Seridia/Relationship Lines/Child/pregnancy/seridia_pregnancy_request_turn_in/1	Just what the baby wanted.	C'est exactement ce qu'espérait le bébé.	Именно это сейчас нужно малышу.	Just what the baby wanted.
Conversations/Bank/Seridia/Relationship Lines/Child/pregnancy/seridia_pregnancy_request_turn_in/2	Thank you, [Ari].	Merci, [Ari].	Спасибо, [Ari].	Thank you, [Ari].
Conversations/Bank/Seridia/Relationship Lines/Child/pregnancy/seridia_pregnancy_request_turn_in/init	Oh, yes! This is just what I... ahem.	Oui ! C'est juste que je... hum.	О, да! Именно этого мне... кхм.	Oh, yes! This is just what I... ahem.
Conversations/Bank/Seridia/Relationship Lines/Child/pregnancy/spouse_pregnant_0/1	To me, this is the most powerful, intimate magic that mortals know.	Pour moi, il s'agit de la magie la plus puissante et la plus profonde que les mortels connaissent.	По моему мнению, это величайшая, самая сокровенная магия, известная смертным.	To me, this is the most powerful, intimate magic that mortals know.
Conversations/Bank/Seridia/Relationship Lines/Child/pregnancy/spouse_pregnant_0/2	It is humbling, and exhilarating.	Je ressens une très grande humilité et une très grande exaltation.	Это поучительный и в то же время восхитительный опыт.	It is humbling, and exhilarating.
Conversations/Bank/Seridia/Relationship Lines/Child/pregnancy/spouse_pregnant_0/3	And I cannot wait to meet our little one. She is eager to meet us, [Ari].	J'ai hâte de faire la connaissance de notre enfant. Elle aussi est impatiente de nous rencontrer, [Ari].	Я жду встречи с нашим чадом. А она ждёт встречи с нами, [Ari].	And I cannot wait to meet our little one. She is eager to meet us, [Ari].
Conversations/Bank/Seridia/Relationship Lines/Child/pregnancy/spouse_pregnant_0/init	To be a vessel for the cycle of reincarnation...	Être le réceptacle du cycle de la réincarnation...	Cтать сосудом для цикла перерождений...	To be a vessel for the cycle of reincarnation...
Conversations/Bank/Seridia/Relationship Lines/Child/pregnancy/spouse_pregnant_1/1	The baby. She desires...	Notre bébé veut...	Наше дитя. Ей необходимо...	The baby. She desires...
Conversations/Bank/Seridia/Relationship Lines/Child/pregnancy/spouse_pregnant_1/2	An $Ice Cream Sundae$. Immediately.	Une $coupe de crème glacée$. Immédiatement.	Мороженое «сандей». Немедленно.	An $Ice Cream Sundae$. Immediately.
Conversations/Bank/Seridia/Relationship Lines/Child/pregnancy/spouse_pregnant_1/2/prompts/0	The baby does?	Tu es sûre que c'est notre bébé qui veut ça ?	Это точно для неё?	The baby does?
Conversations/Bank/Seridia/Relationship Lines/Child/pregnancy/spouse_pregnant_1/2/prompts/1	Anything for you!	Tes désirs sont des ordres !	Всё для тебя!	Anything for you!
Conversations/Bank/Seridia/Relationship Lines/Child/pregnancy/spouse_pregnant_1/3	I would never crave such a mundane, frivolous dessert.	Il n'est pas dans ma nature de désirer un dessert aussi banal et futile.	Мне ни к чему столь прозаичный и фривольный десерт.	I would never crave such a mundane, frivolous dessert.
Conversations/Bank/Seridia/Relationship Lines/Child/pregnancy/spouse_pregnant_1/4	So yes. Do not disappoint the baby, [Ari].	Tu ne vas quand même pas décevoir notre bébé, [Ari].	Так что да, для неё. Не расстраивай малыша, [Ari].	So yes. Do not disappoint the baby, [Ari].
Conversations/Bank/Seridia/Relationship Lines/Child/pregnancy/spouse_pregnant_1/5	Anything for the baby, you mean.	Non, les désirs de notre bébé sont des ordres.	Ты хочешь сказать: всё для малыша.	Anything for the baby, you mean.
Conversations/Bank/Seridia/Relationship Lines/Child/pregnancy/spouse_pregnant_1/6	Well, no matter. I... we will await your return, sundae in hand.	Enfin, peu importe. J'attendrai... Nous attendrons ton retour, coupe de crème glacée en main.	Впрочем, неважно. Я... Мы будем ждать твоего возвращения. И обязательно с мороженым.	Well, no matter. I... we will await your return, sundae in hand.
Conversations/Bank/Seridia/Relationship Lines/Child/pregnancy/spouse_pregnant_1/init	[Ari]. Listen to me very carefully.	[Ari], Écoute-moi attentivement.	[Ari]. Слушай меня внимательно.	[Ari]. Listen to me very carefully.
Conversations/Bank/Seridia/Relationship Lines/Child/pregnancy/spouse_pregnant_2/1	It is not unexpected. The child of a dragon and a mortal is bound to be powerful, and so pronounced effects on the pregnancy are to be expected.	Rien de surprenant à cela. L'enfant d'un dragon et d'un mortel est forcément puissant. Il est logique que les désagréments de la grossesse soient plus prononcés.	Этого следовало ожидать. Дитя дракона и смертного — могучее создание, так что резкие побочные эффекты при беременности естественны.	It is not unexpected. The child of a dragon and a mortal is bound to be powerful, and so pronounced effects on the pregnancy are to be expected.
Conversations/Bank/Seridia/Relationship Lines/Child/pregnancy/spouse_pregnant_2/2	In any other situation, I would use magic to remedy an illness... but the risks are not worth the relief.	Dans d'autres circonstances, j'aurais eu recours à la magie, mais il vaut mieux éviter tout risque pour si peu.	В иной ситуации я бы прибегла к помощи магии, чтобы исцелить недуг... Но сейчас я не буду рисковать ради мимолётного облегчения.	In any other situation, I would use magic to remedy an illness... but the risks are not worth the relief.
Conversations/Bank/Seridia/Relationship Lines/Child/pregnancy/spouse_pregnant_2/3	Fear not. I will prevail... I have faced greater trials and felled stronger foes.	Ne t'en fais pas. Je survivrai. J'ai traversé des épreuves bien pires et vaincu des adversaires bien plus redoutables.	Не бойся. Я всё вынесу... Я превзошла большие испытания и повергла более грозных врагов.	Fear not. I will prevail... I have faced greater trials and felled stronger foes.
Conversations/Bank/Seridia/Relationship Lines/Child/pregnancy/spouse_pregnant_2/4	...	...	...	...
Conversations/Bank/Seridia/Relationship Lines/Child/pregnancy/spouse_pregnant_2/5	Still. You must be extra nice to me today.	Ça ne doit pas t'empêcher d'être aux petits soins pour moi.	Но всё равно будь со мной понежнее.	Still. You must be extra nice to me today.
Conversations/Bank/Seridia/Relationship Lines/Child/pregnancy/spouse_pregnant_2/init	I am experiencing a particularly acute wave of morning sickness, [Ari].	Mes nausées matinales sont particulièrement fortes aujourd'hui, [Ari].	Я испытываю необычайно острый приступ утренней тошноты, [Ari].	I am experiencing a particularly acute wave of morning sickness, [Ari].
Conversations/Bank/Seridia/Relationship Lines/Child/pregnancy/spouse_pregnant_3/1	If this continues, I will need to commission new attire.	Si cela continue, je vais devoir m'en commander de nouveaux.	Если это будет продолжаться, мне придётся заказать новый наряд.	If this continues, I will need to commission new attire.
Conversations/Bank/Seridia/Relationship Lines/Child/pregnancy/spouse_pregnant_3/2	Tell me, can Louis work with monster bones?	Dis-moi, Louis sait-il utiliser les ossements de monstres ?	Скажи мне, умеет ли Луи работать с костями монстров?	Tell me, can Louis work with monster bones?
Conversations/Bank/Seridia/Relationship Lines/Child/pregnancy/spouse_pregnant_3/init	My clothes... have become tighter. Our baby grows.	Mes vêtements me serrent un peu. Notre bébé grandit.	Моя одежда... ощущается тесно. Наш малыш растёт.	My clothes... have become tighter. Our baby grows.
Conversations/Bank/Seridia/Relationship Lines/Child/pregnancy/spouse_pregnant_4/1	Come here, [Ari]. Place your hand on my stomach.	Approche, [Ari]. Pose ta main sur mon ventre.	Подойди, [Ari]. Положи руку мне на брюхо.	Come here, [Ari]. Place your hand on my stomach.
Conversations/Bank/Seridia/Relationship Lines/Child/pregnancy/spouse_pregnant_4/2	Do you feel it? She kicks powerfully... it is lucky I am strong enough to carry her.	Tu sens ? Elle a de la force dans les jambes... Heureusement que je suis assez résistante pour la porter.	Ты чувствуешь её мощные удары?.. Хорошо, что я достаточно сильна, чтобы её выносить.	Do you feel it? She kicks powerfully... it is lucky I am strong enough to carry her.
Conversations/Bank/Seridia/Relationship Lines/Child/pregnancy/spouse_pregnant_4/init	The baby kicks.	Le bébé donne des coups de pied.	Малыш пинается.	The baby kicks.
Conversations/Bank/Seridia/Relationship Lines/Child/pregnancy/spouse_pregnant_5/1	$Brid$. It is a strong name, is it not?	$Brid$. C'est un prénom qui inspire la force, n'est-ce pas ?	$Брид$. Сильно звучит, правда?	$Brid$. It is a strong name, is it not?
Conversations/Bank/Seridia/Relationship Lines/Child/pregnancy/spouse_pregnant_5/2	Ah, but do not worry. While it is draconic tradition for the expecting mother to choose a name, I am not beholden to convention.	Ah, mais ne t'inquiète pas. Selon les traditions draconiques, le choix du nom revient à la maman qui porte l'enfant, mais je m'en moque.	Но ты можешь не переживать. Согласно драконьим традициям, имя выбирает беременная мать, но я не связана обычаями.	Ah, but do not worry. While it is draconic tradition for the expecting mother to choose a name, I am not beholden to convention.
Conversations/Bank/Seridia/Relationship Lines/Child/pregnancy/spouse_pregnant_5/3	I will be happy with whatever name we decide upon together.	Qu'importe le prénom que nous choisirons ensemble, je serai satisfaite.	Мы можем вместе выбрать любое имя, и я буду довольна.	I will be happy with whatever name we decide upon together.
Conversations/Bank/Seridia/Relationship Lines/Child/pregnancy/spouse_pregnant_5/init	The baby... in my dreams last night, she shared with me a name she likes.	Notre bébé m'est apparu en rêve, la nuit dernière. Elle m'a fait part d'un prénom qu'elle aime bien.	Наша малышка... Навестила меня ночью во сне и поведала, какое имя ей по нраву.	The baby... in my dreams last night, she shared with me a name she likes.
Conversations/Bank/Seridia/Relationship Lines/Child/pregnancy/spouse_pregnant_6/1	Stay near, in the coming days... I would like to welcome her together.	Ne t'éloigne pas trop dans les jours à venir. J'aimerais que nous soyons ensemble pour l'accueillir.	Не отходи далеко в ближайшие дни... Я хочу, чтобы мы встретили её вместе.	Stay near, in the coming days... I would like to welcome her together.
Conversations/Bank/Seridia/Relationship Lines/Child/pregnancy/spouse_pregnant_6/init	My dreams of our baby have grown more vivid... she will be arriving soon.	Les rêves que je fais de notre enfant sont de plus en plus nets... Elle va bientôt arriver.	Мои сны о ребёнке становятся всё яснее... она прибудет очень скоро.	My dreams of our baby have grown more vivid... she will be arriving soon.
Conversations/Bank/Seridia/Relationship Lines/Child/pregnancy/stork_pregnant_0/1	To meet again a soul we surely journeyed with before... it is a powerful, intimate type of magic.	Recroiser une âme avec laquelle nous avons sans doute voyagé par le passé, c'est une magie puissante et profonde.	Вновь встретить душу, с которой бы без сомнения пересекались в прошлых жизнях... Это великая и сокровенная магия.	To meet again a soul we surely journeyed with before... it is a powerful, intimate type of magic.
Conversations/Bank/Seridia/Relationship Lines/Child/pregnancy/stork_pregnant_0/2	I cannot wait to meet our little one, and for us to be reunited once more.	J'ai tellement hâte de rencontrer notre enfant, nous serons de nouveau ensemble.	Я с нетерпением жду воссоединения с нашим малышом.	I cannot wait to meet our little one, and for us to be reunited once more.
Conversations/Bank/Seridia/Relationship Lines/Child/pregnancy/stork_pregnant_0/init	To participate in the cycle of reincarnation...	Faire ma part dans le grand cycle de la réincarnation...	Стать частью цикла перерождений...	To participate in the cycle of reincarnation...
Conversations/Bank/Seridia/Relationship Lines/Child/pregnancy/stork_pregnant_1/1	I hope you are not troubled by hand-me-downs. We will have plenty of time to spoil our child later, when she has grown...	J'espère que tu n'as rien contre les objets d'occasion. Nous aurons bien le temps de gâter notre enfant lorsqu'elle sera grande...	Надеюсь, тебя не смутит, если она будет донашивать вещи. У нас ещё будет возможность побаловать ребёнка, когда она подрастёт.	I hope you are not troubled by hand-me-downs. We will have plenty of time to spoil our child later, when she has grown...
Conversations/Bank/Seridia/Relationship Lines/Child/pregnancy/stork_pregnant_1/2	In the meantime, she must make do with this golden rattle and jewel-encrusted onesie.	D'ici là, elle devra se contenter de ce hochet doré et de cette grenouillère incrustée de pierres précieuses.	На первое время пускай довольствуется золотой погремушкой и комбинезоном с самоцветами.	In the meantime, she must make do with this golden rattle and jewel-encrusted onesie.
Conversations/Bank/Seridia/Relationship Lines/Child/pregnancy/stork_pregnant_1/init	I have been sifting through my hoard, gathering things in anticipation of the baby's arrival.	J'ai passé en revue mes trésors afin de mettre de côté certaines choses avant l'arrivée du bébé.	Я перебирала свои сокровища в поисках вещей, которые могут пригодиться ребёнку.	I have been sifting through my hoard, gathering things in anticipation of the baby's arrival.
Conversations/Bank/Seridia/Relationship Lines/Child/pregnancy/stork_pregnant_2/1	I have been a mother in past lives, and I am comfortable in motherhood.	J'ai déjà été mère dans des vies antérieures, et la maternité ne me pose aucun problème.	Я была матерью в прошлых жизнях, и материнство мне не чуждо.	I have been a mother in past lives, and I am comfortable in motherhood.
Conversations/Bank/Seridia/Relationship Lines/Child/pregnancy/stork_pregnant_2/10	And [Ari], for what it is worth...	Et [Ari], d'après moi...	И ещё, [Ari], я тоже тебе скажу...	And [Ari], for what it is worth...
Conversations/Bank/Seridia/Relationship Lines/Child/pregnancy/stork_pregnant_2/11	Our daughter will adore you. I am certain of that much.	Notre fille va t'adorer. J'en suis persuadée.	Наша дочь будет от тебя без ума. В этом я уверена точно.	Our daughter will adore you. I am certain of that much.
Conversations/Bank/Seridia/Relationship Lines/Child/pregnancy/stork_pregnant_2/12	Yes. You are here, and you ground me.	Oui. Tu es là et tu me permets de garder les pieds sur terre.	Да. Ведь ты рядом со мной и можешь меня успокоить.	Yes. You are here, and you ground me.
Conversations/Bank/Seridia/Relationship Lines/Child/pregnancy/stork_pregnant_2/13	Together, with you... I think we can make her very happy indeed.	Ensemble, je crois que nous pourrons la rendre très heureuse.	Вместе с тобой... Я верю, что мы сможем принести ей счастье.	Together, with you... I think we can make her very happy indeed.
Conversations/Bank/Seridia/Relationship Lines/Child/pregnancy/stork_pregnant_2/2	But I am far from a perfect being, and there is a thought that nags at me.	Mais je suis loin d'être un être parfait et quelque chose me turlupine.	Но я далека от совершенства, и одна мысль не даёт мне покоя.	But I am far from a perfect being, and there is a thought that nags at me.
Conversations/Bank/Seridia/Relationship Lines/Child/pregnancy/stork_pregnant_2/3	Will I be able to live up to her expectations? This child summoned to the world by our love?	Saurai-je me montrer à la hauteur de cette enfant appelée à naître dans ce monde grâce à notre amour ?	Смогу ли я соответствовать её ожиданиям? Ожиданиям ребёнка, призванного в этот мир силой нашей любви?	Will I be able to live up to her expectations? This child summoned to the world by our love?
Conversations/Bank/Seridia/Relationship Lines/Child/pregnancy/stork_pregnant_2/3/prompts/0	Of course.	Bien sûr.	Разумеется.	Of course.
Conversations/Bank/Seridia/Relationship Lines/Child/pregnancy/stork_pregnant_2/3/prompts/1	She's going to love having you as a mom.	Elle adorera t'avoir comme mère.	Она будет просто счастлива, что ты её мать.	She's going to love having you as a mom.
Conversations/Bank/Seridia/Relationship Lines/Child/pregnancy/stork_pregnant_2/3/prompts/2	I'll do everything I can to help you make it so.	Je ferai tout mon possible pour que ce soit le cas.	Я сделаю всё, что в моих силах, чтобы помочь тебе.	I'll do everything I can to help you make it so.
Conversations/Bank/Seridia/Relationship Lines/Child/pregnancy/stork_pregnant_2/4	You... did not hesitate.	Tu n'as pas hésité avant de me répondre.	Ты... даже не <p>сомневались</p><f>сомневалась</f><m>сомневался</m><n>сомневалось</n>.	You... did not hesitate.
Conversations/Bank/Seridia/Relationship Lines/Child/pregnancy/stork_pregnant_2/5	Thank you. I did not realize the question was making me so tense.	Merci. Je ne me rendais pas compte que cette question me rendait aussi nerveuse.	Спасибо. Я не сразу осознала, как сильно меня тревожил этот вопрос.	Thank you. I did not realize the question was making me so tense.
Conversations/Bank/Seridia/Relationship Lines/Child/pregnancy/stork_pregnant_2/6	I promise that I will listen to you, and to her.	Je te promets que je serai à ton écoute, comme pour elle.	Я обещаю слушать тебя и её.	I promise that I will listen to you, and to her.
Conversations/Bank/Seridia/Relationship Lines/Child/pregnancy/stork_pregnant_2/7	And together... we will have a happy life.	Et ensemble, nous aurons une vie heureuse.	Вместе... мы будем вести счастливую жизнь.	And together... we will have a happy life.
Conversations/Bank/Seridia/Relationship Lines/Child/pregnancy/stork_pregnant_2/8	Do you think so?	Tu crois ?	Ты так думаешь?	Do you think so?
Conversations/Bank/Seridia/Relationship Lines/Child/pregnancy/stork_pregnant_2/9	It is the pauldrons. They impress children easily.	Ce sont les épaulières. Elles impressionnent toujours les enfants.	Главное — наплечники. Лучший способ впечатлить ребёнка.	It is the pauldrons. They impress children easily.
Conversations/Bank/Seridia/Relationship Lines/Child/pregnancy/stork_pregnant_2/init	[Ari], I have been thinking...	[Ari], je réfléchissais...	[Ari], меня посетила мысль...	[Ari], I have been thinking...
Conversations/Bank/Seridia/Relationship Lines/Child/pregnancy/stork_pregnant_3/1	In the past, I have had strict notions regarding how best to raise a child...	Autrefois, j'avais des idées très arrêtées sur l'éducation des enfants.	В прошлом у меня были строгие понятия о том, как надлежит воспитывать ребёнка...	In the past, I have had strict notions regarding how best to raise a child...
Conversations/Bank/Seridia/Relationship Lines/Child/pregnancy/stork_pregnant_3/2	But this time seems... different. I am different.	Mais cette fois, c'est différent. Je suis différente.	Но в этот раз... всё по-другому. Я сама другая.	But this time seems... different. I am different.
Conversations/Bank/Seridia/Relationship Lines/Child/pregnancy/stork_pregnant_3/3	Then I received his wisdom...	J'ai appris de sa sagesse.	И вот мне снизошло его откровение...	Then I received his wisdom...
Conversations/Bank/Seridia/Relationship Lines/Child/pregnancy/stork_pregnant_3/4	"""You gotta go with the flow!"" "	« Il suffit de se laisser porter ! » 	«Делай как само пойдёт!».	"""You gotta go with the flow!"" "
Conversations/Bank/Seridia/Relationship Lines/Child/pregnancy/stork_pregnant_3/5	And I thought, yes. I will allow you and the child to guide me.	Et je me suis dit qu'il avait raison. Vous serez mes boussoles, notre enfant et toi.	И я подумала: верно. Я позволю тебе и ребёнку направлять меня.	And I thought, yes. I will allow you and the child to guide me.
Conversations/Bank/Seridia/Relationship Lines/Child/pregnancy/stork_pregnant_3/6	Sometimes fool's gold... is simply gold.	Parfois, les idées les plus simples sont les meilleures.	Иногда тупой гранит... полезней огранённого алмаза.	Sometimes fool's gold... is simply gold.
Conversations/Bank/Seridia/Relationship Lines/Child/pregnancy/stork_pregnant_3/init	I was speaking to Olric recently, about differing parenting methods.	Il y a peu, je discutais avec Olric des différentes méthodes d'éducation.	Недавно я обсуждала подходы к родительству с Ольриком.	I was speaking to Olric recently, about differing parenting methods.
Conversations/Bank/Seridia/Relationship Lines/Child/pregnancy/stork_pregnant_4/1	Do not fret if her appearance seems to mostly take after me, at first. A baby's features change over time... eye and hair color settle.	Si jamais il me ressemble plus au début, ne t'inquiète pas. Certains traits d'un bébé évoluent. La couleur de ses yeux et sa teinte de cheveux peuvent changer.	Не печалься, если сперва её облик будет больше напоминать мой. Со временем дети меняются... цвет волос и глаз принимает окончательную форму.	Do not fret if her appearance seems to mostly take after me, at first. A baby's features change over time... eye and hair color settle.
Conversations/Bank/Seridia/Relationship Lines/Child/pregnancy/stork_pregnant_4/2	I do hope that in the long run, she has your eyes... and hair... and smile.	J'espère qu'au final, elle aura tes yeux... tes cheveux... et ton sourire.	Я надеюсь, что в конце концов у неё будут твои глаза... и волосы... и улыбка.	I do hope that in the long run, she has your eyes... and hair... and smile.
Conversations/Bank/Seridia/Relationship Lines/Child/pregnancy/stork_pregnant_4/init	I wonder what draconic traits the baby will express? And what mortal traits.	Je me demande de quelles caractéristiques draconiques et de quelles caractéristiques mortelles héritera notre bébé.	Интересно, какие черты у нашего ребёнка будут от дракона, а какие от смертного?	I wonder what draconic traits the baby will express? And what mortal traits.
Conversations/Bank/Seridia/Relationship Lines/Child/pregnancy/stork_pregnant_5/1	$Brid$. It is a strong name, is it not?	$Brid$. C'est un prénom qui inspire la force, n'est-ce pas ?	$Брид$. Сильно звучит, правда?	$Brid$. It is a strong name, is it not?
Conversations/Bank/Seridia/Relationship Lines/Child/pregnancy/stork_pregnant_5/2	Ah, but I think... I would like to leave the final decision to you.	Ah, mais je crois que je te laisserai le dernier mot.	Но я всё же думаю... Пускай итоговое решение будет за тобой.	Ah, but I think... I would like to leave the final decision to you.
Conversations/Bank/Seridia/Relationship Lines/Child/pregnancy/stork_pregnant_5/3	I will be happy with whatever name you choose.	Qu'importe le nom que tu lui donneras, je serai heureuse.	Ты можешь выбрать любое имя, и я буду довольна.	I will be happy with whatever name you choose.
Conversations/Bank/Seridia/Relationship Lines/Child/pregnancy/stork_pregnant_5/init	The baby... in my dreams last night, she visited me, and shared a name that she likes.	Notre bébé m'a rendu visite en rêve, la nuit dernière. Elle m'a fait part d'un prénom qu'elle aime bien.	Наша малышка... Навестила меня ночью во сне и поведала, какое имя ей по нраву.	The baby... in my dreams last night, she visited me, and shared a name that she likes.
Conversations/Bank/Seridia/Relationship Lines/Child/pregnancy/stork_pregnant_6/1	I will stay close to home, in the coming days... that way I will be here when she arrives. We will welcome her together.	Je ne m'éloignerai pas dans les prochains jours. Ainsi, je serai présente à son arrivée. Nous l'accueillerons ensemble.	В ближайшие дни я не буду отдаляться от дома... Чтобы быть здесь, когда она появится. Мы встретим её вместе.	I will stay close to home, in the coming days... that way I will be here when she arrives. We will welcome her together.
Conversations/Bank/Seridia/Relationship Lines/Child/pregnancy/stork_pregnant_6/init	My dreams of our baby have grown more vivid... she will arrive soon.	Les rêves que je fais de notre enfant sont de plus en plus nets... Elle arrivera bientôt.	Мои сны о ребёнке становятся всё яснее... она прибудет очень скоро.	My dreams of our baby have grown more vivid... she will arrive soon.
Conversations/Bank/Seridia/Relationship Lines/Marriage/marriage_daily_dialogue/ari_plans_0/1	Tell me... what will you do with your time?	Dis-moi ! Que comptes-tu faire de ton temps libre ?	Поведай... что ты собираешься делать в это время?	Tell me... what will you do with your time?
Conversations/Bank/Seridia/Relationship Lines/Marriage/marriage_daily_dialogue/ari_plans_0/1/prompts/0	I'm going to go into the Mines!	J'ai bien envie de descendre dans la mine !	Я планирую пойти в шахты!	I'm going to go into the Mines!
Conversations/Bank/Seridia/Relationship Lines/Marriage/marriage_daily_dialogue/ari_plans_0/1/prompts/1	Maybe I'll go fishing.	J'irai peut-être pêcher.	Может, схожу на рыбалку.	Maybe I'll go fishing.
Conversations/Bank/Seridia/Relationship Lines/Marriage/marriage_daily_dialogue/ari_plans_0/1/prompts/2	I was thinking of doing some decorating...	Je pensais faire un peu de déco...	Думаю заняться художественным оформлением...	I was thinking of doing some decorating...
Conversations/Bank/Seridia/Relationship Lines/Marriage/marriage_daily_dialogue/ari_plans_0/2	This pleases me... my fine Dragonsworn, you are ever testing yourself.	J'en suis heureuse, noble paladin du dragon. Tu n'hésites pas à relever les défis qui se présentent à toi.	Мой Драконоверный неустанно ищет новых испытаний... Это мне по нраву.	This pleases me... my fine Dragonsworn, you are ever testing yourself.
Conversations/Bank/Seridia/Relationship Lines/Marriage/marriage_daily_dialogue/ari_plans_0/3	If you hunt any monster parts, do think of me. I enjoy receiving such tokens from you.	Si jamais tu trouves des restes de monstres, pense à moi. J'aime beaucoup ce genre de petites attentions.	Если добудешь останки монстров, не забудь показать мне. Мне нравится получать от тебя такие подарки.	If you hunt any monster parts, do think of me. I enjoy receiving such tokens from you.
Conversations/Bank/Seridia/Relationship Lines/Marriage/marriage_daily_dialogue/ari_plans_0/4	Yes, good. It is prudent to keep your hunting senses sharp.	C'est très bien. Il faut toujours développer son instinct de chasseur.	Да, мудрое решение. Охотничье чутьё важно поддерживать в форме.	Yes, good. It is prudent to keep your hunting senses sharp.
Conversations/Bank/Seridia/Relationship Lines/Marriage/marriage_daily_dialogue/ari_plans_0/5	Perhaps I will do the same... catching fish is a wonderful way to pass the time.	J'en ferai peut-être autant. Attraper des poissons est un moyen très agréable de passer le temps.	Возможно, я тоже этим займусь... Ловля рыбы — чудесный способ провести время.	Perhaps I will do the same... catching fish is a wonderful way to pass the time.
Conversations/Bank/Seridia/Relationship Lines/Marriage/marriage_daily_dialogue/ari_plans_0/6	This is a fine pastime.	C'est un bien beau hobby.	Это достойное занятие.	This is a fine pastime.
Conversations/Bank/Seridia/Relationship Lines/Marriage/marriage_daily_dialogue/ari_plans_0/7	I appreciate one who dedicates themselves to ensuring their home is a reflection of their interests.	J'apprécie de voir quelqu'un s'investir pour s'assurer que son intérieur reflète ses intérêts.	У тех, кто готов уделить этому время, дом отражает внутренний мир. Я такое ценю.	I appreciate one who dedicates themselves to ensuring their home is a reflection of their interests.
Conversations/Bank/Seridia/Relationship Lines/Marriage/marriage_daily_dialogue/ari_plans_0/8	Especially when there are skeletons involved.	Surtout si les squelettes sont de la partie.	Особенно когда в оформлении используются скелеты.	Especially when there are skeletons involved.
Conversations/Bank/Seridia/Relationship Lines/Marriage/marriage_daily_dialogue/ari_plans_0/init	I imagine we will part for the day, soon.	J'imagine que nous allons prendre congé pour la journée.	Полагаю, скоро мы расстанемся до вечера.	I imagine we will part for the day, soon.
Conversations/Bank/Seridia/Relationship Lines/Marriage/marriage_daily_dialogue/basement_0/1	Be sure to keep your energy up until then.	Garde un peu d'énergie d'ici là.	Сохрани для неё силы, не изматывай себя.	Be sure to keep your energy up until then.
Conversations/Bank/Seridia/Relationship Lines/Marriage/marriage_daily_dialogue/basement_0/init	The day finds you well, I hope. I am looking forward to seeing you at home tonight.	J'espère que ta journée se passe bien. J'ai hâte que nous nous retrouvions à la maison ce soir.	Надеюсь, твой день проходит хорошо. Я уже жду нашей вечерней встречи дома.	The day finds you well, I hope. I am looking forward to seeing you at home tonight.
Conversations/Bank/Seridia/Relationship Lines/Marriage/marriage_daily_dialogue/basement_1/1	In that case, shall I save us both a trip to the General Store and magic some groceries to our home?	Que dirais-tu si j'apportais des provisions chez nous par magie pour nous épargner un passage au magasin général ?	В таком случае я могу воспользоваться магией и доставить продукты из универмага прямо нам домой.	In that case, shall I save us both a trip to the General Store and magic some groceries to our home?
Conversations/Bank/Seridia/Relationship Lines/Marriage/marriage_daily_dialogue/basement_1/2	I promise I will leave a generous payment.	Je te promets que je leur laisserai une somme généreuse.	Просто сэкономить время на покупках. Обещаю оставить взамен щедрую оплату.	I promise I will leave a generous payment.
Conversations/Bank/Seridia/Relationship Lines/Marriage/marriage_daily_dialogue/basement_1/init	You are having a full day. I am glad.	Tu as une journée bien remplie. J'en suis heureuse.	Вижу, твой день наполнен событиями. Это меня радует.	You are having a full day. I am glad.
Conversations/Bank/Seridia/Relationship Lines/Marriage/marriage_daily_dialogue/basement_2/1	I will spend my afternoon hunting for fish, if you crave it.	Je compte passer mon après-midi à attraper du poisson si ça te dit.	Я могу провести весь день, охотясь на рыбу, если ты того желаешь.	I will spend my afternoon hunting for fish, if you crave it.
Conversations/Bank/Seridia/Relationship Lines/Marriage/marriage_daily_dialogue/basement_2/init	Is there anything you would desire for dinner?	Y a-t-il quelque chose qui te ferait plaisir pour dîner ?	Есть ли что-либо, чего тебе особенно хотелось бы на ужин?	Is there anything you would desire for dinner?
Conversations/Bank/Seridia/Relationship Lines/Marriage/marriage_daily_dialogue/basement_3/1	Such hands are meant for better things. Allow me to use magic to rectify such a banal chore.	Ces si jolies mains sont faites pour des choses plus gratifiantes. Laisse-moi utiliser la magie pour ce genre de tâche ménagère.	Твоим рукам найдётся лучшее применения. Позволь мне решить это тривиальную бытовую задачу с помощью магии.	Such hands are meant for better things. Allow me to use magic to rectify such a banal chore.
Conversations/Bank/Seridia/Relationship Lines/Marriage/marriage_daily_dialogue/basement_3/init	[Ari], I see that you continue to do laundry by hand.	[Ari], je constate que tu fais toujours ta lessive à la main.	[Ari], я замечаю, что ты продолжаешь стирать вручную.	[Ari], I see that you continue to do laundry by hand.
Conversations/Bank/Seridia/Relationship Lines/Marriage/marriage_daily_dialogue/basement_4/1	I was thinking about the sensation of your lips as they press to mine.	Je pensais à la sensation de tes lèvres sur les miennes.	Мне на память пришло ощущение от соприкосновения твоих губ с моими.	I was thinking about the sensation of your lips as they press to mine.
Conversations/Bank/Seridia/Relationship Lines/Marriage/marriage_daily_dialogue/basement_4/2	It would please me if I need not only imagine it.	Mais j'aimerais ne pas seulement avoir à y penser.	Мне было бы приятно испытать его не только в воображении.	It would please me if I need not only imagine it.
Conversations/Bank/Seridia/Relationship Lines/Marriage/marriage_daily_dialogue/basement_4/init	There you are, [Ari]. You know...	Te voilà, [Ari]. Tu sais...	Вот ты где, [Ari]. Знаешь...	There you are, [Ari]. You know...
Conversations/Bank/Seridia/Relationship Lines/Marriage/marriage_daily_dialogue/basement_5/1	The way I change as we become closer still... it surprises me every day.	La façon dont je change à mesure que nous nous rapprochons me surprend toujours.	Мы сближаемся, и оттого я меняюсь внутри... Это не перестаёт удивлять меня каждый день.	The way I change as we become closer still... it surprises me every day.
Conversations/Bank/Seridia/Relationship Lines/Marriage/marriage_daily_dialogue/basement_5/init	Being with you is a blessing, [Ari].	C'est une grande joie d'être à tes côtés, [Ari].	Быть рядом с тобой — настоящее блаженство, [Ari].	Being with you is a blessing, [Ari].
Conversations/Bank/Seridia/Relationship Lines/Marriage/marriage_daily_dialogue/basement_6/1	It pleases me, [Ari]. Next time, I will be the one to expend my time.	Cela me ravit, [Ari]. La prochaine fois, c'est moi qui emploierai mon temps à en faire de même.	Это доставляет мне удовольствие, [Ari]. В следующий раз я буду тратить своё время, чтобы прийти к тебе.	It pleases me, [Ari]. Next time, I will be the one to expend my time.
Conversations/Bank/Seridia/Relationship Lines/Marriage/marriage_daily_dialogue/basement_6/init	That you expend your limited hours seeking me out...	Dire que tu emploies ton temps limité d'être mortel à me chercher...	Ты тратишь драгоценные часы своей смертной жизни ради встречи со мной...	That you expend your limited hours seeking me out...
Conversations/Bank/Seridia/Relationship Lines/Marriage/marriage_daily_dialogue/domestic_flavor_0/1	However, if they are able to deceive us into receiving a second breakfast...	Toutefois, si jamais cette crapule arrivait à se jouer de nous pour obtenir un second petit-déjeuner...	Хотя, если сможет нас с тобой обхитрить и получить второй завтрак...	However, if they are able to deceive us into receiving a second breakfast...
Conversations/Bank/Seridia/Relationship Lines/Marriage/marriage_daily_dialogue/domestic_flavor_0/2	Then I would consider it well-earned. Such cunning deserves a reward.	Je considérerais cela comme bien mérité. Une telle ruse mériterait d'être récompensée.	Я посчитаю, что это справедливо. Такая хитрость заслуживает награды.	Then I would consider it well-earned. Such cunning deserves a reward.
Conversations/Bank/Seridia/Relationship Lines/Marriage/marriage_daily_dialogue/domestic_flavor_0/init	I have already given [pet_name] their daily sustenance.	J'ai déjà donné à [pet_name] sa pitance quotidienne.	[pet_name] больше не нуждается в пропитании на сегодня.	I have already given [pet_name] their daily sustenance.
Conversations/Bank/Seridia/Relationship Lines/Marriage/marriage_daily_dialogue/domestic_flavor_1/1	Intellectually, I know it to be an adaptation. And yet, it is difficult to resist such cuteness...	Je sais que c'est une interprétation de l'esprit. Il est pourtant difficile de résister à cette petite bouille si adorable...	Умом я понимаю, что это адаптация. И всё же, такой миловидности трудно противостоять...	Intellectually, I know it to be an adaptation. And yet, it is difficult to resist such cuteness...
Conversations/Bank/Seridia/Relationship Lines/Marriage/marriage_daily_dialogue/domestic_flavor_1/2	But I will remain strong.	Mais je saurai rester forte.	Но я буду стойкой.	But I will remain strong.
Conversations/Bank/Seridia/Relationship Lines/Marriage/marriage_daily_dialogue/domestic_flavor_1/init	[pet_name] has such a sweet, endearing face...	[pet_name] a un visage à croquer.	[pet_name] обладает невероятно милой и подкупающей физиономией...	[pet_name] has such a sweet, endearing face...
Conversations/Bank/Seridia/Relationship Lines/Marriage/marriage_daily_dialogue/domestic_flavor_2/1	I entered this marriage with the expectation we would share a bed...	J'ai accepté de me marier avec toi dans l'espoir de dormir à tes côtés.	Я вступила в этот брак, ожидая, что мы разделим ложе.	I entered this marriage with the expectation we would share a bed...
Conversations/Bank/Seridia/Relationship Lines/Marriage/marriage_daily_dialogue/domestic_flavor_2/2	Yet, I see you have not yet prepared your home with one big enough to hold us both.	Je constate pourtant qu'il n'y a pas de lit assez grand pour nous deux chez toi.	Однако я заметила, что ты до сих пор не <p>обустроили</p><f>обустроила</f><m>обустроил</m><n>обустроило</n> свой дом кроватью подобающего размера.	Yet, I see you have not yet prepared your home with one big enough to hold us both.
Conversations/Bank/Seridia/Relationship Lines/Marriage/marriage_daily_dialogue/domestic_flavor_2/3	I expect you to remedy this.	J'espère que tu y remédieras au plus vite.	Я рассчитываю, что ты исправишь это недоразумение.	I expect you to remedy this.
Conversations/Bank/Seridia/Relationship Lines/Marriage/marriage_daily_dialogue/domestic_flavor_2/init	[Ari].	[Ari].	[Ari].	[Ari].
Conversations/Bank/Seridia/Relationship Lines/Marriage/marriage_daily_dialogue/domestic_flavor_3/1	I enjoy seeing the tell-tale signs of our aesthetic tastes coming together.	J'aime la façon dont nos goûts communs sont toujours plus visibles.	Мне радует глаз, что наш вкус в предметах интерьера сходится.	I enjoy seeing the tell-tale signs of our aesthetic tastes coming together.
Conversations/Bank/Seridia/Relationship Lines/Marriage/marriage_daily_dialogue/domestic_flavor_3/init	Our little estate looks very fine these days.	Notre maison et nos terres sont vraiment très jolies, ces jours-ci.	Наше скромное поместье нынче выглядит превосходно.	Our little estate looks very fine these days.
Conversations/Bank/Seridia/Relationship Lines/Marriage/marriage_daily_dialogue/domestic_flavor_4/1	Do you believe I have been properly welcomed into your home? I, your wife?	Crois-tu que j'aie été accueillie dans ta maison comme il se doit ? Moi, ton épouse ?	Полагаешь ли ты, что достойно <p>приняли</p><f>приняла</f><m>принял</m><n>приняло</n> меня в своём доме? Меня, твою супругу?	Do you believe I have been properly welcomed into your home? I, your wife?
Conversations/Bank/Seridia/Relationship Lines/Marriage/marriage_daily_dialogue/domestic_flavor_4/2	There is little I need, but I do expect a place for me to conduct my experiments.	J'ai assez peu d'exigences, mais il me faut au moins un endroit où mener mes expériences.	Мне нужно немногое, однако я рассчитываю, что для моих магических опытов найдётся пространство.	There is little I need, but I do expect a place for me to conduct my experiments.
Conversations/Bank/Seridia/Relationship Lines/Marriage/marriage_daily_dialogue/domestic_flavor_4/3	Otherwise... I will be forced to find a less convenient place to test my magics.	Dans le cas contraire, je me verrai contrainte de tester mes sorts dans un endroit bien moins adapté.	Иначе... Я буду вынуждена искать менее удобное место для испытаний магии.	Otherwise... I will be forced to find a less convenient place to test my magics.
Conversations/Bank/Seridia/Relationship Lines/Marriage/marriage_daily_dialogue/domestic_flavor_4/init	[Ari]. Heed my words.	[Ari], écoute-moi bien.	[Ari]. Внемли моим словам.	[Ari]. Heed my words.
Conversations/Bank/Seridia/Relationship Lines/Marriage/marriage_daily_dialogue/dreams_0/1	I am a dragon, a queen, a beast on the hunt...	Je suis tour à tour un dragon, une reine, une bête en chasse...	Я дракон, я королева, я зверь на охоте...	I am a dragon, a queen, a beast on the hunt...
Conversations/Bank/Seridia/Relationship Lines/Marriage/marriage_daily_dialogue/dreams_0/2	But then I awaken next to you... and you bring me back to myself.	Mais alors, je me réveille à côté de toi et tu m'aides à redevenir moi-même.	Но затем я просыпаюсь рядом с тобой... И снова становлюсь собой.	But then I awaken next to you... and you bring me back to myself.
Conversations/Bank/Seridia/Relationship Lines/Marriage/marriage_daily_dialogue/dreams_0/init	When I sleep, my past lives tumble together inside of my dreams...	Lorsque je dors, mes vies passées me reviennent en rêve.	Пока я сплю, перед глазами смешиваются образы моих прошлых жизней...	When I sleep, my past lives tumble together inside of my dreams...
Conversations/Bank/Seridia/Relationship Lines/Marriage/marriage_daily_dialogue/evening_0/1	While I enjoy my nighttime machinations...	J'admets que j'aime beaucoup intriguer pendant la nuit.	Мне нравится плести интриги по ночам...	While I enjoy my nighttime machinations...
Conversations/Bank/Seridia/Relationship Lines/Marriage/marriage_daily_dialogue/evening_0/2	I enjoy sleeping next to you moreso.	Mais je préfère de loin dormir à tes côtés.	Но спать рядом с тобой мне нравится ещё больше.	I enjoy sleeping next to you moreso.
Conversations/Bank/Seridia/Relationship Lines/Marriage/marriage_daily_dialogue/evening_0/init	I see it will not be long before it is time to rest.	Je sais qu'il sera bientôt l'heure de se reposer.	Вижу, приближается время ночного отдыха.	I see it will not be long before it is time to rest.
Conversations/Bank/Seridia/Relationship Lines/Marriage/marriage_daily_dialogue/evening_1/1	There is time yet in the day, and much mischief left to do before we must turn in.	La journée n'est pas terminée et il nous reste du temps pour faire plein de bêtises avant d'aller au lit.	Этот день ещё не закончился, так что у нас хватит времени на множество проказ.	There is time yet in the day, and much mischief left to do before we must turn in.
Conversations/Bank/Seridia/Relationship Lines/Marriage/marriage_daily_dialogue/evening_1/init	Good evening, [Ari]. I do hope you are not drowsy yet.	Bonsoir, [Ari]. J'espère que tu n'as pas encore sommeil.	Добрый вечер, [Ari]. Надеюсь, тебя ещё не захватала сонливость.	Good evening, [Ari]. I do hope you are not drowsy yet.
Conversations/Bank/Seridia/Relationship Lines/Marriage/marriage_daily_dialogue/evening_2/1	Even if it was uneventful, I find your retellings enjoyable.	Même s'il ne s'est rien passé de notable, j'aime quand tu me racontes ce que tu as fait.	Даже когда событий немного, твои рассказы приносят мне удовольствие.	Even if it was uneventful, I find your retellings enjoyable.
Conversations/Bank/Seridia/Relationship Lines/Marriage/marriage_daily_dialogue/evening_2/init	I expect you to tell me of your day as we lounge in bed this evening, [Ari].	J'espère que tu me raconteras ta journée, lorsque nous serons au lit ce soir, [Ari].	Я ожидаю, что ты расскажешь мне про свой день, когда мы отойдём на вечерний отдых в постели, [Ari].	I expect you to tell me of your day as we lounge in bed this evening, [Ari].
Conversations/Bank/Seridia/Relationship Lines/Marriage/marriage_daily_dialogue/evening_3/1	How I adore you, [Ari]. A thousand hoards are naught but dust next to you.	Tu es ce qu'il y a de plus cher à mes yeux, [Ari]. Des milliers de trésors ne sont que vétilles à côté de toi.	Я преклоняюсь перед тобой, [Ari]. Пред твоим ногами тысячи сокровищ — пыль.	How I adore you, [Ari]. A thousand hoards are naught but dust next to you.
Conversations/Bank/Seridia/Relationship Lines/Marriage/marriage_daily_dialogue/evening_3/init	Ah, there you are...	Ah, te voilà...	Ах, это ты...	Ah, there you are...
Conversations/Bank/Seridia/Relationship Lines/Marriage/marriage_daily_dialogue/fall_evening_0/1	A shame that we cannot enjoy its many colors after night falls.	C'est dommage qu'on ne puisse pas apprécier ses myriades de couleurs une fois la nuit tombée.	Жаль, что мы не можем любоваться его красками после захода солнца.	A shame that we cannot enjoy its many colors after night falls.
Conversations/Bank/Seridia/Relationship Lines/Marriage/marriage_daily_dialogue/fall_evening_0/init	I adore this season of decay...	Comme j'aime cette saison qui marque le déclin...	Меня восхищает сезон увядания...	I adore this season of decay...
Conversations/Bank/Seridia/Relationship Lines/Marriage/marriage_daily_dialogue/fall_evening_1/1	Though... if such a thing is unpleasant to you...	Mais si cela ne te convient pas...	Хотя... Если подобные ощущения тебе не в радость...	Though... if such a thing is unpleasant to you...
Conversations/Bank/Seridia/Relationship Lines/Marriage/marriage_daily_dialogue/fall_evening_1/2	We can turn in early, and I will happily warm you in bed.	Nous pouvons aller nous coucher de bonne heure, je me ferai une joie de te réchauffer.	Мы можем закончить день пораньше, и я с удовольствием согрею тебя в постели.	We can turn in early, and I will happily warm you in bed.
Conversations/Bank/Seridia/Relationship Lines/Marriage/marriage_daily_dialogue/fall_evening_1/init	Mm, do you feel it? The evening air has acquired a bite.	Mmm, tu sens ? L'air commence à fraîchir le soir.	Мм, ты чувствуешь? По вечерам спускается колючая прохлада.	Mm, do you feel it? The evening air has acquired a bite.
Conversations/Bank/Seridia/Relationship Lines/Marriage/marriage_daily_dialogue/fall_morning_0/1	Otherwise I will be raking this farmstead all season!	Sans cela, je vais passer la saison entière à ratisser la ferme !	Иначе я буду грести этот двор до конца осени!	Otherwise I will be raking this farmstead all season!
Conversations/Bank/Seridia/Relationship Lines/Marriage/marriage_daily_dialogue/fall_morning_0/init	Perhaps it is time to devise a spell for gathering leaves...	Le temps est peut-être venu de mettre au point un sort pour ramasser les feuilles mortes...	Для сбора листвы, вероятно, пора изобрести заклинание...	Perhaps it is time to devise a spell for gathering leaves...
Conversations/Bank/Seridia/Relationship Lines/Marriage/marriage_daily_dialogue/fall_morning_1/1	Let us take a walk together, some time...	Nous devrions aller nous promener ensemble, un de ces jours.	Давай найдём время и прогуляемся вместе...	Let us take a walk together, some time...
Conversations/Bank/Seridia/Relationship Lines/Marriage/marriage_daily_dialogue/fall_morning_1/2	I would like to hear the leaves crunch beneath our feet.	J'aimerais entendre les feuilles qui craquent sous nos pieds.	Хочу ощутить, как листва сминается под ногами.	I would like to hear the leaves crunch beneath our feet.
Conversations/Bank/Seridia/Relationship Lines/Marriage/marriage_daily_dialogue/fall_morning_1/init	The air has grown crisp, as has the foliage.	L'air est plus vif et le feuillage se dessèche.	<p>Слышали</p><f>Слышала</f><m>Слышал</m><n>Слышало</n>, как хрустят сухие листья? А с ними будто и сам воздух.	The air has grown crisp, as has the foliage.
Conversations/Bank/Seridia/Relationship Lines/Marriage/marriage_daily_dialogue/morning_0/1	Let us give it an eyeful today, shall we?	Tâchons de lui offrir un spectacle digne de ce nom aujourd'hui !	Насладимся же красотой этого дня!	Let us give it an eyeful today, shall we?
Conversations/Bank/Seridia/Relationship Lines/Marriage/marriage_daily_dialogue/morning_0/init	Good morning, [Ari]. The sun is risen, watchful above us once more.	Bonjour, [Ari]. Le soleil est levé et nous observe à nouveau de là-haut.	Доброе утро, [Ari]. Солнце непреклонно продолжает свой восход.	Good morning, [Ari]. The sun is risen, watchful above us once more.
Conversations/Bank/Seridia/Relationship Lines/Marriage/marriage_daily_dialogue/morning_1/1	I would not let just anyone observe my unguarded, slumbering form.	Je ne laisserais pas le premier venu m'observer pendant que je dors, sans défense.	Не всякому я дозволяю смотреть на своё беззащитное спящее тело.	I would not let just anyone observe my unguarded, slumbering form.
Conversations/Bank/Seridia/Relationship Lines/Marriage/marriage_daily_dialogue/morning_1/2	So know that when we sleep together... it is because there is no one I trust more than you.	Alors, sache que si nous dormons ensemble, c'est parce que j'ai une confiance absolue en toi.	Знай: мы спим вместе лишь потому... что никому я так не доверяю, как тебе.	So know that when we sleep together... it is because there is no one I trust more than you.
Conversations/Bank/Seridia/Relationship Lines/Marriage/marriage_daily_dialogue/morning_1/3	Do not tell me if I snore, though. I could not bear it.	Si toutefois je ronflais, garde-le pour toi. Je ne le supporterais pas.	Только не говори, что я храплю. Я этого не вынесу.	Do not tell me if I snore, though. I could not bear it.
Conversations/Bank/Seridia/Relationship Lines/Marriage/marriage_daily_dialogue/morning_1/init	I thought of you as I awoke this morning.	Je pensais à toi, en me réveillant ce matin.	Сегодня, пробудившись ото сна, я подумала о тебе.	I thought of you as I awoke this morning.
Conversations/Bank/Seridia/Relationship Lines/Marriage/marriage_daily_dialogue/rainy_evening_0/1	Like you, I have spells to change the weather...	Comme toi, je dispose de sorts qui me permettent de contrôler le temps qu'il fait...	Я, как и ты, владею магией, позволяющей менять погоду...	Like you, I have spells to change the weather...
Conversations/Bank/Seridia/Relationship Lines/Marriage/marriage_daily_dialogue/rainy_evening_0/2	But it is a good lesson in humility for me, accepting the world as it is.	Mais accepter le monde comme il est constitue une leçon d'humilité.	И всё же пускай это будет для меня уроком смирения. Я учусь принимать мир таким, какой он есть.	But it is a good lesson in humility for me, accepting the world as it is.
Conversations/Bank/Seridia/Relationship Lines/Marriage/marriage_daily_dialogue/rainy_evening_0/3	Though, I would change the world for you... if you asked.	En revanche, si tu me le demandais, je changerais tout pour toi.	Но для тебя я готова его перевернуть... Если попросишь.	Though, I would change the world for you... if you asked.
Conversations/Bank/Seridia/Relationship Lines/Marriage/marriage_daily_dialogue/rainy_evening_0/init	The rain continues...	La pluie ne cesse pas...	Дождь не отступает...	The rain continues...
Conversations/Bank/Seridia/Relationship Lines/Marriage/marriage_daily_dialogue/rainy_morning_0/1	That is why I have cast a simple spell on your boots. Water will not penetrate them.	C'est pour cela que j'ai lancé un sort à tes bottes. Elles sont imperméables désormais.	Поэтому я наложила на твою обувь простое защитное заклятье. Вода в них не проникнет.	That is why I have cast a simple spell on your boots. Water will not penetrate them.
Conversations/Bank/Seridia/Relationship Lines/Marriage/marriage_daily_dialogue/rainy_morning_0/init	You are going out? The rain continues, unabated... but I know such weather is no barrier to you.	Tu sors ? Il pleut toujours autant, mais je sais que ce n'est pas ça qui t'arrête.	Ты собираешься выходить? Дождь не стихает... Но я знаю, что такая погода тебе не помеха.	You are going out? The rain continues, unabated... but I know such weather is no barrier to you.
Conversations/Bank/Seridia/Relationship Lines/Marriage/marriage_daily_dialogue/sleepy_0/1	Morning ought to arrive later. I wished to spoon in bed a little longer...	Le matin devrait arriver plus tard. J'aimerais que nous restions plus longtemps, l'un<she>e</she><he></he><they>·e</they> contre l'autre.	Я бы предпочла отложить утро, чтобы подольше полежать в твоих объятиях...	Morning ought to arrive later. I wished to spoon in bed a little longer...
Conversations/Bank/Seridia/Relationship Lines/Marriage/marriage_daily_dialogue/sleepy_0/init	The night... it is always too short.	La nuit est toujours trop courte.	Ночь... всегда так коротка.	The night... it is always too short.
Conversations/Bank/Seridia/Relationship Lines/Marriage/marriage_daily_dialogue/snowy_evening_0/1	Dragons do not slip easily, due to the extra balance their tails provide...	Les dragons ne glissent pas facilement, car leur queue leur permet de garder l'équilibre...	Драконы обычно не теряют равновесия, ведь у нас есть балансирующий хвост...	Dragons do not slip easily, due to the extra balance their tails provide...
Conversations/Bank/Seridia/Relationship Lines/Marriage/marriage_daily_dialogue/snowy_evening_0/2	But you do not have such a luxury.	Mais tu ne possèdes pas ce genre d'appendice.	А тебе без него приходится труднее.	But you do not have such a luxury.
Conversations/Bank/Seridia/Relationship Lines/Marriage/marriage_daily_dialogue/snowy_evening_0/3	Unless perhaps... a spell to give you a tail?	À moins que je te lance un sort pour y remédier ?	Может, ты хочешь... чтобы я наколдовала тебе хвост?	Unless perhaps... a spell to give you a tail?
Conversations/Bank/Seridia/Relationship Lines/Marriage/marriage_daily_dialogue/snowy_evening_0/init	Mind the ice when it grows dark, [Ari].	Le soir, fais attention aux plaques de glace, [Ari].	Осторожно, [Ari], в темноте не видно льда.	Mind the ice when it grows dark, [Ari].
Conversations/Bank/Seridia/Relationship Lines/Marriage/marriage_daily_dialogue/snowy_morning_0/1	I... am happy that we can see it together.	Je suis heureuse que nous en profitions ensemble.	Я... рада, что мы можешь наблюдать его вместе с тобой.	I... am happy that we can see it together.
Conversations/Bank/Seridia/Relationship Lines/Marriage/marriage_daily_dialogue/snowy_morning_0/init	It is snowing, [Ari]... a rare and beautiful sight that I wait the whole year to witness.	Il neige, [Ari]. C'est une vision rare et magnifique que j'espère toute l'année.	[Ari], там снегопад... Это редкое и прекрасное зрелище. Я дожидаюсь его весь год.	It is snowing, [Ari]... a rare and beautiful sight that I wait the whole year to witness.
Conversations/Bank/Seridia/Relationship Lines/Marriage/marriage_daily_dialogue/spouse_plans_0/1	Perhaps today I will run magical experiments...	Je vais peut-être me lancer dans des expériences magiques, aujourd'hui...	Может быть, сегодня я займусь магическими экспериментами...	Perhaps today I will run magical experiments...
Conversations/Bank/Seridia/Relationship Lines/Marriage/marriage_daily_dialogue/spouse_plans_0/2	Or perhaps I will laze about at the Bathhouse and theorize new spells instead.	Ou je vais flâner aux bains pour réfléchir à de nouveaux sorts.	Или буду прохлаждаться в купальне, выдумывая новые заклинания.	Or perhaps I will laze about at the Bathhouse and theorize new spells instead.
Conversations/Bank/Seridia/Relationship Lines/Marriage/marriage_daily_dialogue/spouse_plans_0/init	The day awaits us.	Nous avons la journée devant nous.	Нас ждёт новый день.	The day awaits us.
Conversations/Bank/Seridia/Relationship Lines/Marriage/marriage_daily_dialogue/spring_evening_0/1	But I wish there was not so much yellow fluff in the air. It makes my eyes itch.	Toutefois, j'aimerais qu'il y ait moins de poussière jaune dans l'air. Cela m'irrite les yeux.	Для меня в этом воздухе слишком много жёлтых пушинок. От них чешутся глаза.	But I wish there was not so much yellow fluff in the air. It makes my eyes itch.
Conversations/Bank/Seridia/Relationship Lines/Marriage/marriage_daily_dialogue/spring_evening_0/init	Spring is a fine season and all...	Le printemps est une saison agréable.	Весна — безусловно, красивое время года, но...	Spring is a fine season and all...
Conversations/Bank/Seridia/Relationship Lines/Marriage/marriage_daily_dialogue/spring_evening_1/init	I enjoy viewing the farm with you in spring, watching as the land embarks on the long process of being reborn.	J'aime observer les terres avec toi, au printemps, quand toutes les plantes entament ce long processus de retour à la vie.	Весной мне нравится обозревать ферму вместе с тобой. Смотреть, как земля начинает долгий процесс перерождения.	I enjoy viewing the farm with you in spring, watching as the land embarks on the long process of being reborn.
Conversations/Bank/Seridia/Relationship Lines/Marriage/marriage_daily_dialogue/spring_morning_0/1	No matter. It will return soon enough.	Mais qu'importe. Il reviendra bien assez tôt.	Но это пустяк. Вскоре она придёт вновь.	No matter. It will return soon enough.
Conversations/Bank/Seridia/Relationship Lines/Marriage/marriage_daily_dialogue/spring_morning_0/init	Spring is fine enough... but I do miss the depths of winter.	Même si le printemps est agréable, les affres de l'hiver me manquent.	Весна — хорошее время... Но я скучаю по глубокой зиме.	Spring is fine enough... but I do miss the depths of winter.
Conversations/Bank/Seridia/Relationship Lines/Marriage/marriage_daily_dialogue/spring_morning_1/1	The snows recede, revealing a new type of beauty altogether.	Quand la neige fond, une beauté d'un tout autre genre apparaît.	Из-под отходящего снега открывается новая, невиданная красота.	The snows recede, revealing a new type of beauty altogether.
Conversations/Bank/Seridia/Relationship Lines/Marriage/marriage_daily_dialogue/spring_morning_1/init	Spring is the best season for finding bones, you know.	Le printemps est la saison idéale pour trouver des ossements, tu sais.	Знаешь, весна — лучшее время для поиска костей.	Spring is the best season for finding bones, you know.
Conversations/Bank/Seridia/Relationship Lines/Marriage/marriage_daily_dialogue/summer_evening_0/1	It is too hot to even hold each other in bed!	Il fait même trop chaud pour que nous nous étreignions au lit !	Настолько жарко, что неудобно обнимать друг друга в постели!	It is too hot to even hold each other in bed!
Conversations/Bank/Seridia/Relationship Lines/Marriage/marriage_daily_dialogue/summer_evening_0/2	Not that it will stop me...	Mais ce n'est pas cela qui m'en empêchera...	Разумеется, меня это не остановит...	Not that it will stop me...
Conversations/Bank/Seridia/Relationship Lines/Marriage/marriage_daily_dialogue/summer_evening_0/init	The summer heat is simply too oppressive.	La chaleur de l'été est bien trop accablante.	Летняя жара совершенно невыносима.	The summer heat is simply too oppressive.
Conversations/Bank/Seridia/Relationship Lines/Marriage/marriage_daily_dialogue/summer_evening_1/1	Like us, they are little stars, dancing in the void of night.	Comme nous, ce sont de petites étoiles qui virevoltent dans l'obscurité de la nuit.	Как и мы с тобой, они подобны звёздам, танцующим во мраке ночи.	Like us, they are little stars, dancing in the void of night.
Conversations/Bank/Seridia/Relationship Lines/Marriage/marriage_daily_dialogue/summer_evening_1/init	Summer nights are beautiful when the fireflies come out.	Les nuits d'été sont magnifiques quand les lucioles sont de sortie.	Летние ночи так прекрасны, когда наружу вылетают светлячки.	Summer nights are beautiful when the fireflies come out.
Conversations/Bank/Seridia/Relationship Lines/Marriage/marriage_daily_dialogue/summer_morning_0/1	It is like a challenge.	C'est un défi qu'il me faut relever.	Будто бросают мне вызов.	It is like a challenge.
Conversations/Bank/Seridia/Relationship Lines/Marriage/marriage_daily_dialogue/summer_morning_0/init	It is not the heat of this season that bothers me, but the brightness of the sun. The temerity of it...	Ce n'est pas la chaleur qui me dérange à cette saison, mais la lumière si vive du soleil. Quelle impudence !	Мне досаждает не жара, а яркость летнего солнца. Его дерзкие лучи...	It is not the heat of this season that bothers me, but the brightness of the sun. The temerity of it...
Conversations/Bank/Seridia/Relationship Lines/Marriage/marriage_daily_dialogue/summer_morning_1/1	A pleasant feeling, to be sure.	C'est une sensation des plus agréables.	Это, безусловно, приятное чувство.	A pleasant feeling, to be sure.
Conversations/Bank/Seridia/Relationship Lines/Marriage/marriage_daily_dialogue/summer_morning_1/init	The heat of summer reminds me of smoldering dragon fire.	La chaleur de l'été me rappelle le souffle ardent d'un dragon.	Летняя жара напоминает мне палящее пламя дракона.	The heat of summer reminds me of smoldering dragon fire.
Conversations/Bank/Seridia/Relationship Lines/Marriage/marriage_daily_dialogue/winter_evening_0/1	It seems I am forbidden from teaching the children of this town any method for animating their snowmen.	Apparemment, je n'ai pas le droit d'enseigner aux enfants comment donner vie à leurs bonshommes de neige.	Как я поняла, мне запрещено обучать детей заклинаниям, оживляющим снеговиков.	It seems I am forbidden from teaching the children of this town any method for animating their snowmen.
Conversations/Bank/Seridia/Relationship Lines/Marriage/marriage_daily_dialogue/winter_evening_0/2	I do not understand. Animating an effigy is a basic spell all children should know.	Je ne comprends pas. C'est pourtant là un sort élémentaire que tout enfant devrait connaître.	Мне непонятен подобный запрет. Оживление куклы — базовое заклинание, его должен знать каждый ребёнок.	I do not understand. Animating an effigy is a basic spell all children should know.
Conversations/Bank/Seridia/Relationship Lines/Marriage/marriage_daily_dialogue/winter_evening_0/init	While I have no complaint about winter itself, coexisting with the townsfolk brings compromise.	Bien que je n'aie pas à me plaindre de l'hiver en lui-même, vivre au contact des habitants d'ici nécessite de faire des compromis.	На саму зиму я не жалуюсь. Но ради поддержания отношений с местными жителями приходится идти на уступки.	While I have no complaint about winter itself, coexisting with the townsfolk brings compromise.
Conversations/Bank/Seridia/Relationship Lines/Marriage/marriage_daily_dialogue/winter_evening_1/1	It is the season for dark, unseen magics...	C'est la saison de la magie noire et de l'occulte.	Это время для тёмной, скрытой магии...	It is the season for dark, unseen magics...
Conversations/Bank/Seridia/Relationship Lines/Marriage/marriage_daily_dialogue/winter_evening_1/2	And getting cozy in bed.	Mais aussi des lits douillets.	И для тёплой постели.	And getting cozy in bed.
Conversations/Bank/Seridia/Relationship Lines/Marriage/marriage_daily_dialogue/winter_evening_1/init	The long nights, the bitterly cold air... winter is invigorating.	Avec ses longues nuits, cet air froid et mordant, l'hiver a quelque chose de vivifiant.	Долгие ночи и пронизывающий мороз... Зима приносит мне бодрость.	The long nights, the bitterly cold air... winter is invigorating.
Conversations/Bank/Seridia/Relationship Lines/Marriage/marriage_daily_dialogue/winter_morning_0/1	But the effort of getting out of bed in winter is a challenge.	Malheureusement, sortir du lit en plein hiver demande un très grand effort.	Однако поднять себя с постели зимой стоит немалых усилий.	But the effort of getting out of bed in winter is a challenge.
Conversations/Bank/Seridia/Relationship Lines/Marriage/marriage_daily_dialogue/winter_morning_0/init	I know there is much to do...	Je sais que j'ai une journée chargée...	Я знаю, что нас ждёт много дел...	I know there is much to do...
Conversations/Bank/Seridia/Relationship Lines/Marriage/marriage_daily_dialogue/winter_morning_1/1	I am happy I will be able to see it with you for many years to come.	Je suis heureuse à l'idée de pouvoir l'admirer à tes côtés tout au long des années qui viennent.	Я рада, что смогу наслаждаться этим видом с тобой ещё долгие годы.	I am happy I will be able to see it with you for many years to come.
Conversations/Bank/Seridia/Relationship Lines/Marriage/marriage_daily_dialogue/winter_morning_1/init	[farm_name] is beautiful in winter...	[farm_name] est magnifique en hiver.	[farm_name] зимой выглядит великолепно...	[farm_name] is beautiful in winter...
Conversations/Bank/Seridia/Relationship Lines/Marriage/marriage_daily_dialogue/workstation_0/1	And super-condenses it... into a diamond...	Ensuite, je leur appliquerai une telle pression qu'ils finiraient par former un diamant.	И сжимающее его... в плотный алмаз...	And super-condenses it... into a diamond...
Conversations/Bank/Seridia/Relationship Lines/Marriage/marriage_daily_dialogue/workstation_0/init	Perhaps a spell... that collects all unnecessary debris from an area...	Peut-être un sort qui permettrait de rassembler tous les débris d'une zone...	Может, это будет заклинание... собирающее весь мусор в округе...	Perhaps a spell... that collects all unnecessary debris from an area...
Conversations/Bank/Seridia/Relationship Lines/Marriage/marriage_daily_dialogue/workstation_1/1	I must devise a spell to eradicate dark stains from textiles.	Je dois mettre au point un sort pour faire disparaître les taches tenaces sur les textiles.	Мне нужно разработать заклинание для очищения ткани от тёмных пятен.	I must devise a spell to eradicate dark stains from textiles.
Conversations/Bank/Seridia/Relationship Lines/Marriage/marriage_daily_dialogue/workstation_1/2	Stains such as... hm. Red wine. Rust. Cherry juice and tomato sauce. Surely only those things.	Comme des taches... mmm... de vin, de rouille, de jus de cerise ou de sauce tomate. Rien de plus méchant.	К примеру, от... Хм. Красного вина. Ржавчины. Вишнёвого сока и томатного кетчупа. Да, именно это меня волнует.	Stains such as... hm. Red wine. Rust. Cherry juice and tomato sauce. Surely only those things.
Conversations/Bank/Seridia/Relationship Lines/Marriage/marriage_daily_dialogue/workstation_1/init	Ah yes... I am reminded...	Ah oui... J'allais oublier.	Ах да... Я вспомнила...	Ah yes... I am reminded...
Conversations/Bank/Seridia/Relationship Lines/Marriage/marriage_daily_dialogue/workstation_2/1	But if I tweak it, like so... then it can be used to polish windows instead. Unless... that is the wrong modification?	Mais en le modifiant un peu, comme ça, il permet de nettoyer les vitres à la place. À moins que je me sois trompée ?	Но если его подкорректировать... его можно применять для очистки окон. Или... я ошиблась с модификатором?	But if I tweak it, like so... then it can be used to polish windows instead. Unless... that is the wrong modification?
Conversations/Bank/Seridia/Relationship Lines/Marriage/marriage_daily_dialogue/workstation_2/2	Hm. I ought to do some testing, lest we end up with an unwanted interdimensional neighbor...	Mmm, je vais faire quelques tests, sinon nous pourrions nous retrouver sans le voir avec une faille interdimensionnelle.	Хм. Надо провести больше тестов. Иначе у нам могут заглянуть наши межпространственные соседи...	Hm. I ought to do some testing, lest we end up with an unwanted interdimensional neighbor...
Conversations/Bank/Seridia/Relationship Lines/Marriage/marriage_daily_dialogue/workstation_2/init	This old spell turns a window into a looking glass that peers into a neighboring dimension.	Grâce à ce sort très ancien, n'importe quelle fenêtre devient un miroir ouvrant sur une autre dimension.	Эта древняя магия превращает окно в зеркало, отражающее соседнее измерение.	This old spell turns a window into a looking glass that peers into a neighboring dimension.
Conversations/Bank/Seridia/Relationship Lines/Marriage/marriage_daily_dialogue/workstation_3/1	Surely he will not miss them?	J'espère qu'ils ne lui manqueront pas.	Уверена, он не заметит их отсутствия.	Surely he will not miss them?
Conversations/Bank/Seridia/Relationship Lines/Marriage/marriage_daily_dialogue/workstation_3/init	Eiland's collection of books is quite impressive, so I have been appropriating them as they catch my attention.	Eiland a une collection de livres impressionnante, alors je m'approprie ceux qui m'intéressent.	Эйланд владеет впечатляющей коллекцией книг. Я время от времени конфискую те, что привлекают моё внимание.	Eiland's collection of books is quite impressive, so I have been appropriating them as they catch my attention.
Conversations/Bank/Seridia/Relationship Lines/Marriage/marriage_daily_dialogue/workstation_4/1	Much of this work is deeply in the abstract, quite theoretical... and very, very clever.	Ces travaux étaient pour la plupart théoriques et abstraits, mais irréfutablement perspicaces.	Большинство работ глубоко абстрактные, теоретические... и очень-очень умные.	Much of this work is deeply in the abstract, quite theoretical... and very, very clever.
Conversations/Bank/Seridia/Relationship Lines/Marriage/marriage_daily_dialogue/workstation_4/init	It has been curious, learning how the study of magic progressed in a time with no true magical wellspring.	J'ai été surprise d'apprendre combien l'étude de la magie a progressé à une époque où elle n'était pas pratiquée.	Любопытно наблюдать, как продвигалось изучение магии без настоящего источника силы.	It has been curious, learning how the study of magic progressed in a time with no true magical wellspring.
Conversations/Bank/Seridia/Relationship Lines/Marriage/marriage_daily_dialogue/workstation_5/1	Ah, such antics.	Ah, comme c'était drôle.	У них такие забавные козни.	Ah, such antics.
Conversations/Bank/Seridia/Relationship Lines/Marriage/marriage_daily_dialogue/workstation_5/init	I have enjoyed catching up on the history of the Caldosian Empire.	J'ai beaucoup aimé rattraper ce que j'avais loupé de l'histoire de l'empire caldosien.	Нагонять упущенную историю Кальдосийской империи оказалось увлекательным занятием.	I have enjoyed catching up on the history of the Caldosian Empire.
Conversations/Bank/Seridia/Relationship Lines/Marriage/marriage_daily_dialogue/workstation_6/init	(Seridia is delicately conducting a little parade of embers. Each spark dances to her silent rhythm.)	(Seridia dirige habilement une petite parade de flammèches. Chaque étincelle danse au gré de la mesure qu'elle bat en silence.)	(Серидия сосредоточенно дирижирует ансамблем угольков. Каждая искорка танцует под её неслышный ритм.)	(Seridia is delicately conducting a little parade of embers. Each spark dances to her silent rhythm.)
Conversations/Bank/Seridia/Relationship Lines/Marriage/marriage_daily_dialogue/workstation_7/init	(From the look of it, Seridia is collecting energy. The fire pulsates in response.)	(Apparemment, Seridia est en train d'accumuler de l'énergie. Les flammes palpitent en retour.)	(Судя по её виду, Серидия набирает энергию. Огонь пульсирует в ответ на её движения.)	(From the look of it, Seridia is collecting energy. The fire pulsates in response.)
Conversations/Bank/Seridia/Relationship Lines/Marriage/marriage_daily_dialogue/workstation_8/init	(Seridia seems to be testing a new spell. She will surely tell you about it later, as you are settling into bed for the night.)	(Seridia semble tester un nouveau sort. Elle vous en parlera sûrement après, au moment d'aller vous coucher.)	(Кажется, Серидия испытывает новое заклинание. Она обязательно расскажет вам про него позже, когда вы будете ложиться спать.)	(Seridia seems to be testing a new spell. She will surely tell you about it later, as you are settling into bed for the night.)
Conversations/Bank/Seridia/Relationship Lines/Marriage/marriage_festival_mornings/animal_festival/1	Our animals deserve first place in every regard.			Our animals deserve first place in every regard.
Conversations/Bank/Seridia/Relationship Lines/Marriage/marriage_festival_mornings/animal_festival/2	I am sure that the judges will agree.			I am sure that the judges will agree.
Conversations/Bank/Seridia/Relationship Lines/Marriage/marriage_festival_mornings/animal_festival/3	They better.			They better.
Conversations/Bank/Seridia/Relationship Lines/Marriage/marriage_festival_mornings/animal_festival/init	The day of the $Animal Festival$ has arrived.			The day of the $Animal Festival$ has arrived.
Conversations/Bank/Seridia/Relationship Lines/Marriage/marriage_festival_mornings/harvest_festival/1	It is time to dance and make merry...			It is time to dance and make merry...
Conversations/Bank/Seridia/Relationship Lines/Marriage/marriage_festival_mornings/harvest_festival/init	Today is the $Harvest Festival$, [Ari]. You know what that means, do you not?			Today is the $Harvest Festival$, [Ari]. You know what that means, do you not?
Conversations/Bank/Seridia/Relationship Lines/Marriage/marriage_festival_mornings/shooting_star_festival/1	It pleases me that the tradition endures.			It pleases me that the tradition endures.
Conversations/Bank/Seridia/Relationship Lines/Marriage/marriage_festival_mornings/shooting_star_festival/2	And it pleases me even more to enjoy it with you.			And it pleases me even more to enjoy it with you.
Conversations/Bank/Seridia/Relationship Lines/Marriage/marriage_festival_mornings/shooting_star_festival/init	This evening marks this year's $Shooting Star Festival$...			This evening marks this year's $Shooting Star Festival$...
Conversations/Bank/Seridia/Relationship Lines/Marriage/marriage_festival_mornings/spring_festival/1	Come, let us see what chaos this flower-picking tournament has brought upon the townsfolk.			Come, let us see what chaos this flower-picking tournament has brought upon the townsfolk.
Conversations/Bank/Seridia/Relationship Lines/Marriage/marriage_festival_mornings/spring_festival/init	The $Spring Festival$ is upon us...			The $Spring Festival$ is upon us...
Conversations/Bank/Seridia/Relationship Lines/Marriage/marriage_market_mornings/market_darcy/1	From where does Darcy conjure her coffees and cakes?			From where does Darcy conjure her coffees and cakes?
Conversations/Bank/Seridia/Relationship Lines/Marriage/marriage_market_mornings/market_darcy/2	Perhaps today she will tell me her secrets.			Perhaps today she will tell me her secrets.
Conversations/Bank/Seridia/Relationship Lines/Marriage/marriage_market_mornings/market_darcy/init	Saturday comes again... and with it, the Market.			Saturday comes again... and with it, the Market.
Conversations/Bank/Seridia/Relationship Lines/Marriage/marriage_market_mornings/market_louis/1	His taste is impeccable.			His taste is impeccable.
Conversations/Bank/Seridia/Relationship Lines/Marriage/marriage_market_mornings/market_louis/init	It is Market day. Today, I will visit Louis...			It is Market day. Today, I will visit Louis...
Conversations/Bank/Seridia/Relationship Lines/Marriage/marriage_market_mornings/market_merri/1	I think I will visit Merri's booth... she has many offerings suitable for adding to my hoard.			I think I will visit Merri's booth... she has many offerings suitable for adding to my hoard.
Conversations/Bank/Seridia/Relationship Lines/Marriage/marriage_market_mornings/market_merri/init	Saturday morning... so it is Market day again.			Saturday morning... so it is Market day again.
Conversations/Bank/Seridia/Relationship Lines/Marriage/marriage_market_mornings/market_stillwell/1	That Stillwell fellow claims to see the future...			That Stillwell fellow claims to see the future...
Conversations/Bank/Seridia/Relationship Lines/Marriage/marriage_market_mornings/market_stillwell/2	Well, he is not alone. Perhaps I will stop by his booth later and attempt to verify his skill for myself.			Well, he is not alone. Perhaps I will stop by his booth later and attempt to verify his skill for myself.
Conversations/Bank/Seridia/Relationship Lines/Marriage/marriage_market_mornings/market_stillwell/init	Good morning... it is Market day, is it not?			Good morning... it is Market day, is it not?
Conversations/Bank/Seridia/Relationship Lines/Marriage/marriage_market_mornings/market_taliferro/1	Perhaps I will go visit Taliferro and gaze at him disapprovingly.			Perhaps I will go visit Taliferro and gaze at him disapprovingly.
Conversations/Bank/Seridia/Relationship Lines/Marriage/marriage_market_mornings/market_taliferro/2	I enjoy watching him panic.			I enjoy watching him panic.
Conversations/Bank/Seridia/Relationship Lines/Marriage/marriage_market_mornings/market_taliferro/init	It is Saturday morning. I require amusement.			It is Saturday morning. I require amusement.
Conversations/Bank/Seridia/Relationship Lines/Marriage/marriage_market_mornings/market_vera/1	She is quite skilled... and quite fearless despite working in close proximity to my horns. I admire that.			She is quite skilled... and quite fearless despite working in close proximity to my horns. I admire that.
Conversations/Bank/Seridia/Relationship Lines/Marriage/marriage_market_mornings/market_vera/init	Good morning, [Ari]. I think I will visit Vera at the Market today.			Good morning, [Ari]. I think I will visit Vera at the Market today.
Conversations/Bank/Seridia/Relationship Lines/Marriage/marriage_market_mornings/market_wheedle/1	I threw it out immediately, of course.			I threw it out immediately, of course.
Conversations/Bank/Seridia/Relationship Lines/Marriage/marriage_market_mornings/market_wheedle/2	But I will visit him if I require amusement.			But I will visit him if I require amusement.
Conversations/Bank/Seridia/Relationship Lines/Marriage/marriage_market_mornings/market_wheedle/init	Good morning, [Ari]. I received a letter from Wheedle recently.			Good morning, [Ari]. I received a letter from Wheedle recently.
Conversations/Bank/Seridia/Relationship Lines/Marriage/marriage_market_mornings/market_zorel/1	That Zorel... her enterprise always intrigues me.			That Zorel... her enterprise always intrigues me.
Conversations/Bank/Seridia/Relationship Lines/Marriage/marriage_market_mornings/market_zorel/2	Few things have the power to move one so quickly as music.			Few things have the power to move one so quickly as music.
Conversations/Bank/Seridia/Relationship Lines/Marriage/marriage_market_mornings/market_zorel/3	She would have thrived at my court, in another life.			She would have thrived at my court, in another life.
Conversations/Bank/Seridia/Relationship Lines/Marriage/marriage_market_mornings/market_zorel/init	Another Saturday Market has arrived.			Another Saturday Market has arrived.
Conversations/Bank/Seridia/Relationship Lines/Marriage/post_wedding_lines/marriage_0/1	And now, we join those lives together. I will do the utmost to make this union joyful.	À présent, nos existences respectives se rejoignent. Je ferai tout mon possible pour que cette union soit heureuse.	А теперь наши жизни сплелись воедино. Я сделаю всё, что в моих силах, чтобы этот союз приносил только радость.	And now, we join those lives together. I will do the utmost to make this union joyful.
Conversations/Bank/Seridia/Relationship Lines/Marriage/post_wedding_lines/marriage_0/2	I am elated, and unbearably excited. Together, we will make something new.	Cette idée m'emplit de joie et d'enthousiasme. Ensemble, nous allons créer quelque chose de nouveau.	Я чувствую себя необычайно взволнованной, даже окрылённой. Вместе мы сотворим нечто совершенно новое.	I am elated, and unbearably excited. Together, we will make something new.
Conversations/Bank/Seridia/Relationship Lines/Marriage/post_wedding_lines/marriage_0/2/prompts/0	I can't wait.	Je n'en peux plus d'attendre.	Мне уже не терпится.	I can't wait.
Conversations/Bank/Seridia/Relationship Lines/Marriage/post_wedding_lines/marriage_0/2/prompts/1	I'm so excited for our life together.	J'ai hâte qu'on passe notre vie ensemble.	Я <p>рады</p><f>рада</f><m>рад</m><n>радо</n>, что мы начинаем совместную жизнь.	I'm so excited for our life together.
Conversations/Bank/Seridia/Relationship Lines/Marriage/post_wedding_lines/marriage_0/3	Nor I. And why should we?	Moi non plus. Alors, pourquoi remettre cela à plus tard ?	Как и мне. Да и чего мы ждём?	Nor I. And why should we?
Conversations/Bank/Seridia/Relationship Lines/Marriage/post_wedding_lines/marriage_0/4	We can begin today. Right here and now.	Commençons dès aujourd'hui. Ici et maintenant.	Мы можем начать сегодня же. Здесь и сейчас.	We can begin today. Right here and now.
Conversations/Bank/Seridia/Relationship Lines/Marriage/post_wedding_lines/marriage_0/5	Yes... I know already, this life will be an anchor. It will be good.	Oui... Je sais que cette vie sera un point d'ancrage. Ce sera épanouissant.	Да... Я знаю наперёд, что эта жизнь станет моим якорем. Это будет хорошая жизнь.	Yes... I know already, this life will be an anchor. It will be good.
Conversations/Bank/Seridia/Relationship Lines/Marriage/post_wedding_lines/marriage_0/6	And know this, [Ari]. Anything you desire, physical or spiritual... I will see it done.	Et sache une chose, [Ari]. Quels que soient tes désirs, qu'ils soient physiques ou spirituels, je ferai en sorte qu'ils deviennent réalité.	Знай, [Ari]. Какими бы ни были твои желания, материальные и духовные... Я их исполню.	And know this, [Ari]. Anything you desire, physical or spiritual... I will see it done.
Conversations/Bank/Seridia/Relationship Lines/Marriage/post_wedding_lines/marriage_0/init	[Ari]... you are the one who returned my life to me, from the bottom of an abyss...	[Ari], c'est toi qui m'as redonné vie et sortie du profond abîme où j'étais prisonnière...	[Ari]... Именно ты <p>возвратили</p><f>возвратила</f><m>возвратил</m><n>возвратило</n> меня к жизни из подземных глубин...	[Ari]... you are the one who returned my life to me, from the bottom of an abyss...
Conversations/Bank/Seridia/Relationship Lines/Marriage/post_wedding_lines/marriage_1/1	It is all very charming. The animals in particular are far cuter than they have any right to be.	C'est vraiment charmant. En particulier les animaux : ils ne devraient pas avoir le droit d'être aussi mignons.	Здесь очень мило устроено. И животные очаровательные до невозможности.	It is all very charming. The animals in particular are far cuter than they have any right to be.
Conversations/Bank/Seridia/Relationship Lines/Marriage/post_wedding_lines/marriage_1/2	However... Have you considered upgrading our little cottage into a castle? With towers? Ramparts? Fortifications?	Mais tu n'as jamais songé à transformer notre petite maisonnette en château ? Avec des tours, des remparts et des fortifications ?	И всё же... Ты не <p>думали</p><f>думала</f><m>думал</m><n>думало</n> улучшить наше обиталище до замка? С башнями, заставами, укреплениями?	However... Have you considered upgrading our little cottage into a castle? With towers? Ramparts? Fortifications?
Conversations/Bank/Seridia/Relationship Lines/Marriage/post_wedding_lines/marriage_1/3	It is important to be able to protect what is most important to one's self.	Il est très important de protéger ce qui compte le plus à nos yeux.	Важно уметь защитить то, что для тебя дорого.	It is important to be able to protect what is most important to one's self.
Conversations/Bank/Seridia/Relationship Lines/Marriage/post_wedding_lines/marriage_1/4	Not to mention, towers were quite popular during my reign. They give a home a sense of gravitas.	D'ailleurs, les tours étaient très en vogue durant mon règne. Elles apportent une touche de solennité à n'importe quelle propriété.	К тому же, во времена моего правления башни были в моде. Они придают дому значительности.	Not to mention, towers were quite popular during my reign. They give a home a sense of gravitas.
Conversations/Bank/Seridia/Relationship Lines/Marriage/post_wedding_lines/marriage_1/init	I have now taken full account of the farm.	Je connais désormais l'ensemble de la ferme.	Я завершила осмотр твой фермы.	I have now taken full account of the farm.
Conversations/Bank/Seridia/Relationship Lines/Marriage/post_wedding_lines/marriage_2/1	I take it that you have not seen any furniture moving of its own will recently? Dancing and prancing about?	Tu n'as vu aucun meuble se déplacer récemment ? Ou danser et sautiller de son propre chef ?	Как я понимаю, ты не <p>замечали</p><f>замечала</f><m>замечал</m><n>замечало</n>, чтобы наша мебель самовольно двигалась? Кружилась и танцевала по комнате?	I take it that you have not seen any furniture moving of its own will recently? Dancing and prancing about?
Conversations/Bank/Seridia/Relationship Lines/Marriage/post_wedding_lines/marriage_2/2	Yes, excellent. Then all is rectified and in proper order.	Bien, excellent. Ça veut dire que tout est redevenu normal.	Превосходно. Значит, всё в порядке, я всё исправила.	Yes, excellent. Then all is rectified and in proper order.
Conversations/Bank/Seridia/Relationship Lines/Marriage/post_wedding_lines/marriage_2/2/prompts/0	Wait, you... brought the furniture to life?	Comment ? Tu as donné vie à des meubles ?	Погоди-ка... Ты оживила нашу мебель?	Wait, you... brought the furniture to life?
Conversations/Bank/Seridia/Relationship Lines/Marriage/post_wedding_lines/marriage_2/2/prompts/1	Wait, you were cleaning?	Attends, tu as fait le ménage ?	Погоди, ты что, убиралась?	Wait, you were cleaning?
Conversations/Bank/Seridia/Relationship Lines/Marriage/post_wedding_lines/marriage_2/3	Hm? Oh yes.	Mmm ? Ah oui !	Хм? А, да	Hm? Oh yes.
Conversations/Bank/Seridia/Relationship Lines/Marriage/post_wedding_lines/marriage_2/4	It was just for a moment. Do not fret, it is an occasional side-effect of the spell I use to clean my lair. Perfectly normal.	Cela n'a pas duré longtemps. Ne t'en fais pas, c'est juste un effet secondaire du sort que j'utilise pour nettoyer mon antre. Rien de grave.	Лишь на мгновение. Не переживай, это побочный эффект заклинания, которое я использую для уборки в логове. Ничего сверхъестественного.	It was just for a moment. Do not fret, it is an occasional side-effect of the spell I use to clean my lair. Perfectly normal.
Conversations/Bank/Seridia/Relationship Lines/Marriage/post_wedding_lines/marriage_2/5	Very common, very mundane.	Ça arrive tout le temps.	Просто бытовая рутина.	Very common, very mundane.
Conversations/Bank/Seridia/Relationship Lines/Marriage/post_wedding_lines/marriage_2/6	I once reigned over everything, which makes all realms my domain.	Il fut un temps où je régnais sur toute chose. Tout m'appartenait.	Когда-то я правила всем светом, а значит, мне ничто не чуждо.	I once reigned over everything, which makes all realms my domain.
Conversations/Bank/Seridia/Relationship Lines/Marriage/post_wedding_lines/marriage_2/7	Which is to say, I may clean if the mood takes me. Or if it is of benefit to my beloved.	Cela veut dire que je fais le ménage si l'envie m'en prend. Ou si cela rend service à la personne que j'aime.	То есть, я могу иногда убираться, если будет настроение. Или если это порадует <p>моих возлюбленных</p><f>мою возлюбленную</f><m>моего возлюбленного</m><n>моё возлюбленное</n>.	Which is to say, I may clean if the mood takes me. Or if it is of benefit to my beloved.
Conversations/Bank/Seridia/Relationship Lines/Marriage/post_wedding_lines/marriage_2/init	[Ari]... I have a perfectly innocent, cleaning-related inquiry for you.	[Ari], j'ai une question parfaitement innocente à te poser concernant le ménage.	[Ari]... У меня к тебе совершенно безобидный вопрос касательно уборки.	[Ari]... I have a perfectly innocent, cleaning-related inquiry for you.
Conversations/Bank/Seridia/Relationship Lines/Marriage/post_wedding_lines/marriage_3/1	Worry not, I have mended all damaged furniture. As well as the puncture in the wall.	Mais ne t'en fais pas, j'ai réparé tout ce que j'avais abîmé. Et aussi les trous dans les murs.	Не волнуйся, я уже починила сломанную мебель. И заделала брешь в стене.	Worry not, I have mended all damaged furniture. As well as the puncture in the wall.
Conversations/Bank/Seridia/Relationship Lines/Marriage/post_wedding_lines/marriage_3/2	But as your wife, I do have a request. Please do not mention any of this to the neighbors.	Toutefois, en tant qu'épouse, tu me promets que tu ne diras rien de tout cela aux voisins ?	Но я хочу тебя кое-о-чём попросить как жена. Пожалуйста, не упоминай этот случай в разговорах с соседями.	But as your wife, I do have a request. Please do not mention any of this to the neighbors.
Conversations/Bank/Seridia/Relationship Lines/Marriage/post_wedding_lines/marriage_3/2/prompts/0	Oh no! Are you okay?	Oh non ! Tu ne t'es pas fait mal ?	О, нет! Ты в порядке?	Oh no! Are you okay?
Conversations/Bank/Seridia/Relationship Lines/Marriage/post_wedding_lines/marriage_3/2/prompts/1	I'm sorry, that's so funny...	Pardon, mais c'est trop drôle...	Прости, это слишком смешно...	I'm sorry, that's so funny...
Conversations/Bank/Seridia/Relationship Lines/Marriage/post_wedding_lines/marriage_3/3	Certainly. My tail is far more resilient than our furniture, after all.	Non, mes cornes sont bien plus résistantes que nos meubles.	Разумеется. Ведь мой хвост гораздо прочнее нашей мебели.	Certainly. My tail is far more resilient than our furniture, after all.
Conversations/Bank/Seridia/Relationship Lines/Marriage/post_wedding_lines/marriage_3/4	It is only my ego that is bruised.	Seul mon ego en a pris un coup.	Пострадало лишь моё самолюбие.	It is only my ego that is bruised.
Conversations/Bank/Seridia/Relationship Lines/Marriage/post_wedding_lines/marriage_3/5	You make merriment at my clumsiness?	Ma maladresse te fait rire ?	Моя неуклюжесть вызывает у тебя смех?	You make merriment at my clumsiness?
Conversations/Bank/Seridia/Relationship Lines/Marriage/post_wedding_lines/marriage_3/6	If you were anyone else, I would see you punished.	N'importe qui d'autre aurait été puni de ma main.	Если бы на твоём месте был кто-то ещё, он уже был бы сурово наказан.	If you were anyone else, I would see you punished.
Conversations/Bank/Seridia/Relationship Lines/Marriage/post_wedding_lines/marriage_3/7	But since it is you... I must admit, it was rather amusing.	Mais puisque c'est toi, je dois reconnaître que c'était plutôt amusant.	Но поскольку это ты... Я признаю, было весьма забавно.	But since it is you... I must admit, it was rather amusing.
Conversations/Bank/Seridia/Relationship Lines/Marriage/post_wedding_lines/marriage_3/init	Ah, [Ari]. I am once again reminded that mortal homes are not built with tails in mind.	Ah, [Ari]. Je remarque une nouvelle fois, à mon corps défendant, que les maisons des mortels ne sont pas adaptées aux cornes des dragons.	Ах, [Ari]. В очередной раз твой дом напомнил, что жилища смертных не рассчитаны на хвосты.	Ah, [Ari]. I am once again reminded that mortal homes are not built with tails in mind.
Conversations/Bank/Seridia/Relationship Lines/Marriage/post_wedding_lines/marriage_4/1	Court was full of unhappy arrangements for the sake of family and country.	À la cour, ce n'était qu'unions arrangées et tristes au nom de la famille et du royaume.	При дворе всегда полно несчастливых браков, заключённых на благо семьи или государства.	Court was full of unhappy arrangements for the sake of family and country.
Conversations/Bank/Seridia/Relationship Lines/Marriage/post_wedding_lines/marriage_4/2	I did once have a vizier who seemed deeply infatuated with his partner, despite their marriage being arranged...	Toutefois, j'ai eu pour chambellan un homme qui semblait malgré tout fou amoureux de sa femme.	Однажды был у меня визирь, без памяти влюблённый в своего партнёра. Пускай это и был брак по расчёту...	I did once have a vizier who seemed deeply infatuated with his partner, despite their marriage being arranged...
Conversations/Bank/Seridia/Relationship Lines/Marriage/post_wedding_lines/marriage_4/3	Though, he did try to poison me once. He was a complicated man.	Malheureusement, il a voulu m'empoisonner, un jour. C'était un homme assez complexe.	Хотя один раз он пытался меня отравить. Это был сложный человек.	Though, he did try to poison me once. He was a complicated man.
Conversations/Bank/Seridia/Relationship Lines/Marriage/post_wedding_lines/marriage_4/init	In my life, there have been precious few role models for a loving partnership...	Au cours de ma vie, personne ne m'a expliqué ce qu'était l'amour.	За свою жизнь я встречала крайне мало достойных примеров любви в отношениях...	In my life, there have been precious few role models for a loving partnership...
Conversations/Bank/Seridia/Relationship Lines/Marriage/post_wedding_lines/marriage_5/1	Will you adjust it for me?	Peux-tu les remettre droit ?	Можешь мне поправить?	Will you adjust it for me?
Conversations/Bank/Seridia/Relationship Lines/Marriage/post_wedding_lines/marriage_5/1/prompts/0	Of course!	Bien sûr !	Сейчас!	Of course!
Conversations/Bank/Seridia/Relationship Lines/Marriage/post_wedding_lines/marriage_5/1/prompts/1	Oh, it's a bit tangled.	Oh, ils se sont un peu emmêlés.	Ой, они немного запутались.	Oh, it's a bit tangled.
Conversations/Bank/Seridia/Relationship Lines/Marriage/post_wedding_lines/marriage_5/2	Thank you.	Merci.	Спасибо.	Thank you.
Conversations/Bank/Seridia/Relationship Lines/Marriage/post_wedding_lines/marriage_5/3	...	...	...	...
Conversations/Bank/Seridia/Relationship Lines/Marriage/post_wedding_lines/marriage_5/4	It is... good that I can ask you such things. In the past, to request assistance was to expose a fatal flaw.	Je suis heureuse de pouvoir te demander cela. Autrefois, demander de l'aide était un acte de faiblesse qui pouvait s'avérer fatal.	Мне... приятно, что к тебе можно обратиться за помощью. Раньше такая просьба означала бы признание уязвимости.	It is... good that I can ask you such things. In the past, to request assistance was to expose a fatal flaw.
Conversations/Bank/Seridia/Relationship Lines/Marriage/post_wedding_lines/marriage_5/5	Your hands feel nice, too. That is also good.	Et la sensation de tes mains est agréable. Cela me plaît aussi beaucoup.	И когда ты меня касаешься... Это тоже приятно.	Your hands feel nice, too. That is also good.
Conversations/Bank/Seridia/Relationship Lines/Marriage/post_wedding_lines/marriage_5/6	That explains it... thank you.	Ceci explique cela... Merci.	Так вот, в чём дело... Спасибо.	That explains it... thank you.
Conversations/Bank/Seridia/Relationship Lines/Marriage/post_wedding_lines/marriage_5/7	...	...	...	...
Conversations/Bank/Seridia/Relationship Lines/Marriage/post_wedding_lines/marriage_5/8	It is... good that I can ask you such things. In the past, to request assistance was to expose a fatal flaw.	Je suis heureuse de pouvoir te demander cela. Autrefois, demander de l'aide était un acte de faiblesse qui pouvait s'avérer fatal.	Мне... приятно, что к тебе можно обратиться за помощью. Раньше такая просьба означала бы признание уязвимости.	It is... good that I can ask you such things. In the past, to request assistance was to expose a fatal flaw.
Conversations/Bank/Seridia/Relationship Lines/Marriage/post_wedding_lines/marriage_5/9	Your hands feel nice, too. That is also good.	Et la sensation de tes mains est agréable. Cela me plaît aussi beaucoup.	И когда ты меня касаешься... Это тоже приятно.	Your hands feel nice, too. That is also good.
Conversations/Bank/Seridia/Relationship Lines/Marriage/post_wedding_lines/marriage_5/init	[Ari], my jewelry feels crooked.	[Ari], j'ai l'impression que ma parure est de travers.	[Ari] у меня, кажется, съехали украшения.	[Ari], my jewelry feels crooked.
Conversations/Bank/Seridia/Relationship Lines/Marriage/post_wedding_lines/marriage_6/1	I have learned of her many paramours, and her many near-marriages...	Elle m'a beaucoup parlé de ses innombrables amants et des nombreuses fois où elle a failli se marier.	Я узнала про её многочисленные пассии, едва не дошедшие до брака...	I have learned of her many paramours, and her many near-marriages...
Conversations/Bank/Seridia/Relationship Lines/Marriage/post_wedding_lines/marriage_6/2	And she understands herself well enough to know none of those would-be fiancees would have made her happy.	En plus, elle se connaît assez pour savoir qu'aucun de ses soupirants ne l'aurait rendue heureuse.	При этом она достаточно хорошо понимает себя и осознаёт, что никто из этих потенциальных супругов не смог бы принести ей счастья.	And she understands herself well enough to know none of those would-be fiancees would have made her happy.
Conversations/Bank/Seridia/Relationship Lines/Marriage/post_wedding_lines/marriage_6/3	I am not so self-assured as her. To have found someone who makes me so fulfilled... I celebrate it every day.	Je n'ai pas une telle confiance en moi. Je suis chaque jour reconnaissante d'avoir trouvé quelqu'un qui me comble à ce point.	Я не могу похвастаться подобной самоуверенностью. Я нашла человека, который наполняет меня радостью... и каждый день прославляю эту встречу.	I am not so self-assured as her. To have found someone who makes me so fulfilled... I celebrate it every day.
Conversations/Bank/Seridia/Relationship Lines/Marriage/post_wedding_lines/marriage_6/3/prompts/0	I'll always celebrate you, too!	Moi aussi, je suis reconnaissant<she>e</she><he></he><they>·e</they> !	Я тоже тебя прославляю!	I'll always celebrate you, too!
Conversations/Bank/Seridia/Relationship Lines/Marriage/post_wedding_lines/marriage_6/3/prompts/1	You celebrate me?	Je te comble ?	Ты меня прославляешь?	You celebrate me?
Conversations/Bank/Seridia/Relationship Lines/Marriage/post_wedding_lines/marriage_6/4	[Ari]...	[Ari]...	[Ari]...	[Ari]...
Conversations/Bank/Seridia/Relationship Lines/Marriage/post_wedding_lines/marriage_6/5	Yes. In my heart I have always known this.	Oui. Je l'ai toujours su au fond de mon cœur.	Верно. В душе я всегда это понимала.	Yes. In my heart I have always known this.
Conversations/Bank/Seridia/Relationship Lines/Marriage/post_wedding_lines/marriage_6/6	You need not even say it. You scoured the Mines endlessly to free me...	Tu n'as même pas à le dire. Tu as exploré les mines sans relâche pour me libérer...	Даже не обязательно было говорить. Ты <p>обрыскали</p><f>обрыскала</f><m>обрыскал</m><n>обрыскало</n> все шахты, чтобы освободить меня...	You need not even say it. You scoured the Mines endlessly to free me...
Conversations/Bank/Seridia/Relationship Lines/Marriage/post_wedding_lines/marriage_6/7	Know that I share your love, and will return your affections tenfold.	Sache que je partage ton amour et que je te rendrai ton affection au centuple.	Знай, что я разделяю твою любовь и воздам за заботу стократ.	Know that I share your love, and will return your affections tenfold.
Conversations/Bank/Seridia/Relationship Lines/Marriage/post_wedding_lines/marriage_6/8	Of course... it is not even a question!	Bien sûr... Il n'y a même pas à se poser la question !	Конечно... Это само собой разумеется!	Of course... it is not even a question!
Conversations/Bank/Seridia/Relationship Lines/Marriage/post_wedding_lines/marriage_6/9	Know that I share your love, and will return your affections tenfold.	Sache que je partage ton amour, et que je te rendrai ton affection au centuple.	Знай, что я разделяю твою любовь и воздам за заботу стократ.	Know that I share your love, and will return your affections tenfold.
Conversations/Bank/Seridia/Relationship Lines/Marriage/post_wedding_lines/marriage_6/init	Despite her mortal lifespan, Elsie has accumulated great insight on life and love.	Malgré son espérance de vie réduite, Elsie a accumulé beaucoup de connaissances sur l'existence et sur l'amour.	За свой смертный век Элси собрала немало премудростей — и о жизни, и о любви.	Despite her mortal lifespan, Elsie has accumulated great insight on life and love.
Conversations/Bank/Seridia/Relationship Lines/Marriage/post_wedding_lines/marriage_7/1	Living on this farm with you... it is precisely the opposite of what I endured for countless centuries.	La vie dans cette ferme, à tes côtés, c'est tout l'inverse de ce que j'ai enduré tout au long de ces innombrables siècles.	А теперь я живу с тобой на ферме... и здесь всё ровно наоборот.	Living on this farm with you... it is precisely the opposite of what I endured for countless centuries.
Conversations/Bank/Seridia/Relationship Lines/Marriage/post_wedding_lines/marriage_7/2	It is as though I suddenly find myself in paradise, overflowing with lush green and flowers and... you.	C'est comme si je me retrouvais soudainement au paradis en étant entourée de verdure, de fleurs, et... de toi.	Я как будто оказалась в райском саду. Меня окружают зелень, цветы и... ты.	It is as though I suddenly find myself in paradise, overflowing with lush green and flowers and... you.
Conversations/Bank/Seridia/Relationship Lines/Marriage/post_wedding_lines/marriage_7/3	You show me eternal paradise every day, [Ari].	Tu me montres que la vie est un paradis, [Ari].	С тобой каждый день как в раю, [Ari].	You show me eternal paradise every day, [Ari].
Conversations/Bank/Seridia/Relationship Lines/Marriage/post_wedding_lines/marriage_7/init	I have been ruminating on what I thought was my eternal imprisonment.	J'ai beaucoup réfléchi au long de ce que je pensais être un emprisonnement éternel.	Недавно я размышляла о своём заточении. Я была в плену много веков и думала, что это продлится вечность.	I have been ruminating on what I thought was my eternal imprisonment.
Conversations/Bank/Seridia/Relationship Lines/Marriage/post_wedding_lines/marriage_8/1	I felt you come near before I saw you. Your presence is like a gentle touch on my spine.	J'ai senti que tu approchais avant de te voir. Ta présence est comme une douce caresse le long de ma colonne vertébrale.	Я не успела тебя увидеть, но ощутила твоё приближение, словно нежное касание по спине.	I felt you come near before I saw you. Your presence is like a gentle touch on my spine.
Conversations/Bank/Seridia/Relationship Lines/Marriage/post_wedding_lines/marriage_8/10	Whisper it in my ear, so I might make a memory of it.	Murmure-le-moi à l'oreille, que cela reste gravé dans ma mémoire.	Шепни мне на ухо, чтобы я запомнила как следует.	Whisper it in my ear, so I might make a memory of it.
Conversations/Bank/Seridia/Relationship Lines/Marriage/post_wedding_lines/marriage_8/11	And tonight, or another night, I will remind you of what you've told me.	Et ce soir, ou un autre soir, je te rappellerai ce que tu m'as dit.	И сегодня или в другую ночь я припомню тебе эти слова.	And tonight, or another night, I will remind you of what you've told me.
Conversations/Bank/Seridia/Relationship Lines/Marriage/post_wedding_lines/marriage_8/2	The aura of your energy does something to me. In all my life, I have never felt anything like it...	L'aura de ton énergie me fait quelque chose. Jamais je n'avais ressenti cela...	Твоя энергетика необъяснимо на меня влияет. За всю жизнь я не испытывала ничего подобного...	The aura of your energy does something to me. In all my life, I have never felt anything like it...
Conversations/Bank/Seridia/Relationship Lines/Marriage/post_wedding_lines/marriage_8/3	And I am drawn to it like nothing else.	Et cette attirance à ton égard est une sensation nouvelle pour moi.	И это невероятно притягивает.	And I am drawn to it like nothing else.
Conversations/Bank/Seridia/Relationship Lines/Marriage/post_wedding_lines/marriage_8/3/prompts/0	Oh? What do you like about my magic?	Oh ? Qu'est-ce qui te plaît, dans ma magie ?	Ого! Чем тебя так привлекает моя магия?	Oh? What do you like about my magic?
Conversations/Bank/Seridia/Relationship Lines/Marriage/post_wedding_lines/marriage_8/3/prompts/1	I'm drawn to you, too, Seridia.	Moi aussi, j'ai de l'attirance pour toi, Seridia.	Ты так же притягательна для меня, Серидия.	I'm drawn to you, too, Seridia.
Conversations/Bank/Seridia/Relationship Lines/Marriage/post_wedding_lines/marriage_8/4	Such impertinence.	Quelle impertinence !	Как беззастенчиво!	Such impertinence.
Conversations/Bank/Seridia/Relationship Lines/Marriage/post_wedding_lines/marriage_8/5	I want to burn like a moth in your fire, [Ari].	Je veux brûler auprès de toi comme un papillon dans la flamme, [Ari].	Я хочу сгореть в твоём пламени, как мотылёк, [Ari].	I want to burn like a moth in your fire, [Ari].
Conversations/Bank/Seridia/Relationship Lines/Marriage/post_wedding_lines/marriage_8/6	To feel your flames singe my wings, before I am swallowed up in a moment of searing ecstasy...	Je veux sentir ton feu qui effleure mes ailes, avant qu'une extase ardente ne m'engloutisse totalement...	Ощутить, как огонь опаляет мне крылья и окутывает жгучим блаженством...	To feel your flames singe my wings, before I am swallowed up in a moment of searing ecstasy...
Conversations/Bank/Seridia/Relationship Lines/Marriage/post_wedding_lines/marriage_8/7	...	...	...	...
Conversations/Bank/Seridia/Relationship Lines/Marriage/post_wedding_lines/marriage_8/8	That is what I like about your magic, [Ari].	Voilà l'effet que me fait ta magie, [Ari].	Вот чем меня привлекает твоя магия, [Ari].	That is what I like about your magic, [Ari].
Conversations/Bank/Seridia/Relationship Lines/Marriage/post_wedding_lines/marriage_8/9	Come closer, then, and tell me how I make you feel.	Alors, approche, et dis-moi ce que je te fais ressentir.	Тогда подойди поближе и расскажи мне, что ты чувствуешь.	Come closer, then, and tell me how I make you feel.
Conversations/Bank/Seridia/Relationship Lines/Marriage/post_wedding_lines/marriage_8/init	[Ari]...	[Ari]...	[Ari]...	[Ari]...
Conversations/Bank/Seridia/Relationship Lines/Marriage/post_wedding_lines/marriage_9/1	That feels so far away, now. I am looking forward to a long, private romance with you, [Ari]...	Cela me paraît si loin désormais. Il me tarde de vivre une longue histoire d'amour avec toi, [Ari]...	А теперь всё это так далеко. Меня ждёт долгая и личная история любви с тобой, [Ari]...	That feels so far away, now. I am looking forward to a long, private romance with you, [Ari]...
Conversations/Bank/Seridia/Relationship Lines/Marriage/post_wedding_lines/marriage_9/2	A special, secret history that is ours alone, with its own epochs, each making our life fuller than the last.	Une relation spéciale et secrète, juste pour nous deux, avec différentes phases plus passionnantes les unes que les autres.	Наша особенная, не видимая миру история со своими эпохами. И каждая её глава будет радостней предыдущей.	A special, secret history that is ours alone, with its own epochs, each making our life fuller than the last.
Conversations/Bank/Seridia/Relationship Lines/Marriage/post_wedding_lines/marriage_9/3	I will savor every moment with you.	Je profiterai de chaque instant passé à tes côtés.	Я буду наслаждаться каждым мгновением рядом с тобой.	I will savor every moment with you.
Conversations/Bank/Seridia/Relationship Lines/Marriage/post_wedding_lines/marriage_9/init	I am used to having relationships in the public eye, played out in the court of public opinion.	J'étais habituée à ce que mes relations soient rendues publiques et que tout le monde me juge.	Я привыкла показывать отношения на публику, разыгрывать спектакль перед взыскательным обществом.	I am used to having relationships in the public eye, played out in the court of public opinion.
Conversations/Bank/Seridia/Relationship Lines/Relationship/post_8h_lines_best_friend/seridia_post_8h_best_friend_0/1	In you, I sense an ambition that holds a mirror to my own.	Je perçois en toi une ambition qui reflète la mienne.	Я чувствую, что твои устремления отражают и мои.	In you, I sense an ambition that holds a mirror to my own.
Conversations/Bank/Seridia/Relationship Lines/Relationship/post_8h_lines_best_friend/seridia_post_8h_best_friend_0/2	When I first came to this land, I had nothing but burning ambition to lift my wings.	Quand je suis arrivée pour la première fois sur ces terres, je n'avais rien d'autre que l'ambition brûlante de déployer mes ailes.	Когда я впервые прибыла в эти земли, я горела лишь одним желанием — расправить крылья.	When I first came to this land, I had nothing but burning ambition to lift my wings.
Conversations/Bank/Seridia/Relationship Lines/Relationship/post_8h_lines_best_friend/seridia_post_8h_best_friend_0/2/prompts/0	Where did you come from, originally?	D'où viens-tu, à l'origine ?	А откуда ты изначально?	Where did you come from, originally?
Conversations/Bank/Seridia/Relationship Lines/Relationship/post_8h_lines_best_friend/seridia_post_8h_best_friend_0/2/prompts/1	Why did you come here?	Pourquoi es-tu venue ici ?	А зачем ты пришла сюда?	Why did you come here?
Conversations/Bank/Seridia/Relationship Lines/Relationship/post_8h_lines_best_friend/seridia_post_8h_best_friend_0/3	What an interesting question. The same place we all come from, I suppose.	Quelle question intéressante ! De là d'où nous venons tous, j'imagine.	Какой занимательный вопрос. Пожалуй, из того же места, откуда все мы.	What an interesting question. The same place we all come from, I suppose.
Conversations/Bank/Seridia/Relationship Lines/Relationship/post_8h_lines_best_friend/seridia_post_8h_best_friend_0/4	But I was hatched in the $Magic Realm$ and later emerged from the $Gate Between Worlds$, if that is what you mean to ask.	Mais j'ai éclos dans le $royaume de la magie$ et j'ai plus tard franchi la $porte entre les mondes$ pour venir ici, si telle est ta question.	Но вылупилась я в $мире магии$, а затем прошла сквозь $врата между мирами$. Если твой вопрос был об этом.	But I was hatched in the $Magic Realm$ and later emerged from the $Gate Between Worlds$, if that is what you mean to ask.
Conversations/Bank/Seridia/Relationship Lines/Relationship/post_8h_lines_best_friend/seridia_post_8h_best_friend_0/5	How nostalgic. I have not thought on my first youth in many ages...	Que de souvenirs ! Je n'avais pas pensé à ma prime jeunesse depuis des lustres...	Ах, ностальгия. Я много веков не вспоминала свою раннюю юность...	How nostalgic. I have not thought on my first youth in many ages...
Conversations/Bank/Seridia/Relationship Lines/Relationship/post_8h_lines_best_friend/seridia_post_8h_best_friend_0/6	What an interesting question. Why, indeed?	Quelle question intéressante ! Pourquoi, en effet ?	Какой занимательный вопрос. В самом деле, зачем?	What an interesting question. Why, indeed?
Conversations/Bank/Seridia/Relationship Lines/Relationship/post_8h_lines_best_friend/seridia_post_8h_best_friend_0/7	I emerged from the $Gate Between Worlds$ as a harbinger and architect of $Magic$, if that is what you mean to ask.	J'ai franchi la $porte entre les mondes$ en tant que messagère et architecte de la $magie$, si tel est le sens de ta question.	Я прошла сквозь $врата между мирами$ как посланник и творец $магии$. Если твой вопрос был об этом.	I emerged from the $Gate Between Worlds$ as a harbinger and architect of $Magic$, if that is what you mean to ask.
Conversations/Bank/Seridia/Relationship Lines/Relationship/post_8h_lines_best_friend/seridia_post_8h_best_friend_0/8	How nostalgic. I have not thought on my first youth in many ages...	Que de souvenirs ! Je n'avais pas pensé à ma prime jeunesse depuis des lustres...	Ах, ностальгия. Я много веков не вспоминала свою раннюю юность...	How nostalgic. I have not thought on my first youth in many ages...
Conversations/Bank/Seridia/Relationship Lines/Relationship/post_8h_lines_best_friend/seridia_post_8h_best_friend_0/init	It is my understanding that you first came to Mistria seeking your fortune.	J'ai cru comprendre que tu étais arrivé<she>e</she><he></he><they>·e</they> à Mistria à la recherche de ta bonne fortune...	Как я понимаю, ты <p>прибыли</p><f>прибыла</f><m>прибыл</m><n>прибыло</n> в Мистрию в поисках счастья.	It is my understanding that you first came to Mistria seeking your fortune.
Conversations/Bank/Seridia/Relationship Lines/Relationship/post_8h_lines_best_friend/seridia_post_8h_best_friend_1/1	It is curious. I am older than the very ground they walk upon...	C'est curieux. Je suis plus âgée que le sol qu'ils foulent...	Занимательно. Ведь я старше самой земли, что у них под ногами...	It is curious. I am older than the very ground they walk upon...
Conversations/Bank/Seridia/Relationship Lines/Relationship/post_8h_lines_best_friend/seridia_post_8h_best_friend_1/2	And yet, they approach fearlessly, to speak of the weather and to ask after the simple happenings of my day.	Et pourtant, ils m'approchent sans crainte pour me parler du temps qu'il fait et pour s'enquérir des menus événements de ma journée.	Однако они без страха приходят обсудить погоду и мои повседневные свершения.	And yet, they approach fearlessly, to speak of the weather and to ask after the simple happenings of my day.
Conversations/Bank/Seridia/Relationship Lines/Relationship/post_8h_lines_best_friend/seridia_post_8h_best_friend_1/3	I am... surprised. A commoner's life does not have so bitter a taste.	J'en suis... surprise. La vie d'un roturier n'a pas un goût si amer, finalement.	Я... удивлена. Жизнь простолюдина оказалась не такой уже горькой на вкус.	I am... surprised. A commoner's life does not have so bitter a taste.
Conversations/Bank/Seridia/Relationship Lines/Relationship/post_8h_lines_best_friend/seridia_post_8h_best_friend_1/init	The denizens of Mistria treat me as they would any neighbor.	Les citoyens de Mistria me traitent comme n'importe quelle voisine.	Обитатели Мистрии относятся ко мне как к обычному соседу.	The denizens of Mistria treat me as they would any neighbor.
Conversations/Bank/Seridia/Relationship Lines/Relationship/post_8h_lines_best_friend/seridia_post_8h_best_friend_10/1	But then I thought it might raise questions for your neighbors, nosy as they are.	Mais j'ai ensuite réalisé que cela susciterait des questions de tes voisins, indiscrets comme ils sont.	Но потом подумала, что это может вызвать вопросы у твоих любознательных соседей.	But then I thought it might raise questions for your neighbors, nosy as they are.
Conversations/Bank/Seridia/Relationship Lines/Relationship/post_8h_lines_best_friend/seridia_post_8h_best_friend_10/2f	Do you see how the scales yet glisten? Here. Accept my prey, freshly hunted from Mistria's river.	Vois-tu comment ses écailles luisent encore ? Tiens. Accepte ma proie, fraîchement chassée dans la rivière de Mistria.	Видишь, как блестят чешуйки? Прими её. Это свежая добыча прямиком из мистрийской реки.	Do you see how the scales yet glisten? Here. Accept my prey, freshly hunted from Mistria's river.
Conversations/Bank/Seridia/Relationship Lines/Relationship/post_8h_lines_best_friend/seridia_post_8h_best_friend_10/2r	Do you see how the scales yet glisten? Here. Accept my prey, freshly hunted from Mistria's river.	Vois-tu comment ses écailles luisent encore ? Tiens. Accepte ma proie, fraîchement chassée dans la rivière de Mistria.	Видишь, как блестят чешуйки? Прими её. Это свежая добыча прямиком из мистрийской реки.	Do you see how the scales yet glisten? Here. Accept my prey, freshly hunted from Mistria's river.
Conversations/Bank/Seridia/Relationship Lines/Relationship/post_8h_lines_best_friend/seridia_post_8h_best_friend_10/init	I have something for you. At first, I thought to leave it on your doorstep...	J'ai quelque chose pour toi. J'avais d'abord envisagé le déposer à ta porte...	У меня для тебя кое-что есть, [Ari]. Вначале я хотела оставить у тебя на пороге...	I have something for you. At first, I thought to leave it on your doorstep...
Conversations/Bank/Seridia/Relationship Lines/Relationship/post_8h_lines_best_friend/seridia_post_8h_best_friend_11/1f	I discovered this one as it dined on smaller fish. It clearly did not expect a more fearsome predator to come along!	J'ai découvert celui-ci tandis que je mangeais un plus petit poisson. Je ne m'attendais pas à ce qu'un prédateur plus redoutable s'approche !	Этого я застала за поеданием более мелких рыб. Он явно не ожидал, что его настигнет хищник прокрупнее!	I discovered this one as it dined on smaller fish. It clearly did not expect a more fearsome predator to come along!
Conversations/Bank/Seridia/Relationship Lines/Relationship/post_8h_lines_best_friend/seridia_post_8h_best_friend_11/1r	I discovered this one as it dined on smaller fish. It clearly did not expect a more fearsome predator to come along!	J'ai découvert celui-ci tandis que je mangeais un plus petit poisson. Je ne m'attendais pas à ce qu'un prédateur plus redoutable s'approche !	Этого я застала за поеданием более мелких рыб. Он явно не ожидал, что его настигнет хищник прокрупнее!	I discovered this one as it dined on smaller fish. It clearly did not expect a more fearsome predator to come along!
Conversations/Bank/Seridia/Relationship Lines/Relationship/post_8h_lines_best_friend/seridia_post_8h_best_friend_11/init	In the waters of Mistria, there still live behemoths to rival the size of a youngling dragon.	Dans les eaux de Mistria vivent encore des animaux géants, qui rivalisent par leur taille avec un jeune dragon.	В водах Мистрии до сих пор живут чудовища, по размерам почти с юного дракона.	In the waters of Mistria, there still live behemoths to rival the size of a youngling dragon.
Conversations/Bank/Seridia/Relationship Lines/Relationship/post_8h_lines_best_friend/seridia_post_8h_best_friend_12/1f	I remain an undefeated victor. Gaze upon the vanquished, [Ari].	J'ai une nouvelle fois emporté la victoire. Admire le vaincu, [Ari].	До сих пор никому не удавалось меня победить. Узри моего поверженного врага, [Ari].	I remain an undefeated victor. Gaze upon the vanquished, [Ari].
Conversations/Bank/Seridia/Relationship Lines/Relationship/post_8h_lines_best_friend/seridia_post_8h_best_friend_12/1r	I remain an undefeated victor. Gaze upon the vanquished, [Ari].	J'ai une nouvelle fois emporté la victoire. Admire le vaincu, [Ari].	До сих пор никому не удавалось меня победить. Узри моего поверженного врага, [Ari].	I remain an undefeated victor. Gaze upon the vanquished, [Ari].
Conversations/Bank/Seridia/Relationship Lines/Relationship/post_8h_lines_best_friend/seridia_post_8h_best_friend_12/init	It gladdens me that there are still giants of the sea that will accept my challenge to one-on-one combat.	Cela me réjouit qu'il existe encore en mer des géants qui acceptent d'être défiés par moi en combat singulier.	Мне доставляет радость, что в море до сих пор водятся гиганты, способные принять мой вызов один на один.	It gladdens me that there are still giants of the sea that will accept my challenge to one-on-one combat.
Conversations/Bank/Seridia/Relationship Lines/Relationship/post_8h_lines_best_friend/seridia_post_8h_best_friend_13/1f	The fight was a reward in itself. And as my most devoted mortal... I bequeath to you the spoils.	Le combat a été une récompense en soi. Et puisque tu es l'être mortel qui m'est le plus dévoué... Je te lègue mon butin.	Эта битва и есть моя награда. А тебе как моему самому верному смертному... Я принесла трофеи.	The fight was a reward in itself. And as my most devoted mortal... I bequeath to you the spoils.
Conversations/Bank/Seridia/Relationship Lines/Relationship/post_8h_lines_best_friend/seridia_post_8h_best_friend_13/1r	The fight was a reward in itself. And as my most cherished mortal... I bequeath to you my spoils.	Le combat a été une récompense en soi. Et puisque tu es l'être mortel qui m'est le plus dévoué... Je te lègue mon butin.	Эта битва и есть моя награда. А тебе как моему самому близкому смертному... Я принесла трофеи.	The fight was a reward in itself. And as my most cherished mortal... I bequeath to you my spoils.
Conversations/Bank/Seridia/Relationship Lines/Relationship/post_8h_lines_best_friend/seridia_post_8h_best_friend_13/init	[Ari], I have returned from a magnificent battle, where I faced off against a creature of ferocious demeanor and many teeth.	Je reviens d'un combat magnifique, [Ari]. J'ai affronté une créature au comportement féroce et aux nombreuses dents.	[Ari], я вернулась с грандиозной битвы против твари со множеством зубов и свирепым нравом.	[Ari], I have returned from a magnificent battle, where I faced off against a creature of ferocious demeanor and many teeth.
Conversations/Bank/Seridia/Relationship Lines/Relationship/post_8h_lines_best_friend/seridia_post_8h_best_friend_14/1	Tell me, [Ari]. Do you recall any past lives?	Dis-moi, [Ari]. Te souviens-tu de tes précédentes existences ?	Скажи, [Ari], ты помнишь свои прошые жизни?	Tell me, [Ari]. Do you recall any past lives?
Conversations/Bank/Seridia/Relationship Lines/Relationship/post_8h_lines_best_friend/seridia_post_8h_best_friend_14/1/prompts/0	I do not...	Absolument pas...	Не помню...	I do not...
Conversations/Bank/Seridia/Relationship Lines/Relationship/post_8h_lines_best_friend/seridia_post_8h_best_friend_14/1/prompts/1	Sometimes I get flashes of something...	J'ai parfois des sortes de flashes...	Иногда у меня бывают проблески...	Sometimes I get flashes of something...
Conversations/Bank/Seridia/Relationship Lines/Relationship/post_8h_lines_best_friend/seridia_post_8h_best_friend_14/2	I see. That is not necessarily a bad thing.	Je vois. Ce n'est pas nécessairement une mauvaise chose.	Понятно. Но это не обязательно плохо.	I see. That is not necessarily a bad thing.
Conversations/Bank/Seridia/Relationship Lines/Relationship/post_8h_lines_best_friend/seridia_post_8h_best_friend_14/3	You are unencumbered by memories and knowledge that have become irrelevant.	Les souvenirs ne t'encombrent pas, pas plus que des connaissances devenues inutiles.	Ты не <p>обременены</p><f>обременена</f><m>обременён</m><n>обременено</n> знаниями и памятью, которые уже не нужны.	You are unencumbered by memories and knowledge that have become irrelevant.
Conversations/Bank/Seridia/Relationship Lines/Relationship/post_8h_lines_best_friend/seridia_post_8h_best_friend_14/4	That means you are free to write the story of your life to a blank page.	Cela signifie que tu es libre d'écrire l'histoire de ta vie sur une page blanche.	А значит, ты можешь писать историю своей жизни с чистого листа.	That means you are free to write the story of your life to a blank page.
Conversations/Bank/Seridia/Relationship Lines/Relationship/post_8h_lines_best_friend/seridia_post_8h_best_friend_14/5	I had sensed it.	Je l'avais perçu.	Я почуяла это в тебе.	I had sensed it.
Conversations/Bank/Seridia/Relationship Lines/Relationship/post_8h_lines_best_friend/seridia_post_8h_best_friend_14/6	Living many lives is a complicated thing.	Vivre plusieurs existences est une chose compliquée.	Жить множество жизней — сложное занятие.	Living many lives is a complicated thing.
Conversations/Bank/Seridia/Relationship Lines/Relationship/post_8h_lines_best_friend/seridia_post_8h_best_friend_14/7	It is easy to begin comparing your present to your past. One must be careful.	Il est facile de commencer à comparer son présent à son passé. Il faut faire attention.	Легко поддаться соблазну сравнивать настоящее с прошлым. Но это надо делать с осторожностью.	It is easy to begin comparing your present to your past. One must be careful.
Conversations/Bank/Seridia/Relationship Lines/Relationship/post_8h_lines_best_friend/seridia_post_8h_best_friend_14/8f	Glean wisdom, but remember that this life is yours to shape.	Glane un peu de sagesse, mais souviens-toi que c'est à toi de façonner ta vie actuelle.	Из прошлого можно почерпнуть мудрость, но помни: эту жизнь ты можешь прожить, как пожелаешь.	Glean wisdom, but remember that this life is yours to shape.
Conversations/Bank/Seridia/Relationship Lines/Relationship/post_8h_lines_best_friend/seridia_post_8h_best_friend_14/8r	Glean wisdom, but remember that this life is yours to shape.	Glane un peu de sagesse, mais souviens-toi que c'est à toi de façonner ta vie actuelle.	Из прошлого можно почерпнуть мудрость, но помни: эту жизнь ты можешь прожить, как пожелаешь.	Glean wisdom, but remember that this life is yours to shape.
Conversations/Bank/Seridia/Relationship Lines/Relationship/post_8h_lines_best_friend/seridia_post_8h_best_friend_14/init	I have been wondering, lately...	Je m'interroge, ces derniers temps...	Недавно я задумалась вот о чём...	I have been wondering, lately...
Conversations/Bank/Seridia/Relationship Lines/Relationship/post_8h_lines_best_friend/seridia_post_8h_best_friend_2/1	When I look at your farm, with your beasts and your familiar, I see that you both tithe and protect...	Quand j'observe ta ferme, avec tes bêtes et tes animaux domestiques, je vois que tu les protèges tout en prélevant une dîme.	Я смотрю на твою ферму, на твой скот и твоего фамильяра и вижу, что ты собираешь дань и даёшь защиту...	When I look at your farm, with your beasts and your familiar, I see that you both tithe and protect...
Conversations/Bank/Seridia/Relationship Lines/Relationship/post_8h_lines_best_friend/seridia_post_8h_best_friend_2/10	It would be foolish not to recognize your own potential, [Ari].	Il serait folie de ne pas admettre ton potentiel, [Ari].	Не признать свой потенциал было бы глупо, [Ari].	It would be foolish not to recognize your own potential, [Ari].
Conversations/Bank/Seridia/Relationship Lines/Relationship/post_8h_lines_best_friend/seridia_post_8h_best_friend_2/2	It is as though you have your own little fiefdom. Are you certain that you have no desire to rule?	C'est un peu comme si tu avais ton propre fief. N'as-tu vraiment aucun désir de régner ?	Как будто это твоя маленькая вотчина. Ты точно не испытываешь тяги к власти?	It is as though you have your own little fiefdom. Are you certain that you have no desire to rule?
Conversations/Bank/Seridia/Relationship Lines/Relationship/post_8h_lines_best_friend/seridia_post_8h_best_friend_2/2/prompts/0	I don't know that I'd call it a fiefdom...	Je ne sais pas si j'appellerais ça un fief...	Не <p>уверены</p><f>уверена</f><m>уверен</m><n>уверено</n>, что это можно назвать вотчиной...	I don't know that I'd call it a fiefdom...
Conversations/Bank/Seridia/Relationship Lines/Relationship/post_8h_lines_best_friend/seridia_post_8h_best_friend_2/2/prompts/1	Well if you put it like that...	Eh bien, présenté comme ça...	Ну, если взглянуть с такой стороны...	Well if you put it like that...
Conversations/Bank/Seridia/Relationship Lines/Relationship/post_8h_lines_best_friend/seridia_post_8h_best_friend_2/3	Is it not?	N'est-ce pas cela ?	А почему нет?	Is it not?
Conversations/Bank/Seridia/Relationship Lines/Relationship/post_8h_lines_best_friend/seridia_post_8h_best_friend_2/4	Do your animals not obey your decrees as though you are their sovereign?	Tes animaux n'obéissent-ils pas à tes décrets comme si tu étais leur souverain<she>e</she><he></he><they>·e</they> ?	Разве животные не подчиняются твоим приказам, как будто ты ими правишь?	Do your animals not obey your decrees as though you are their sovereign?
Conversations/Bank/Seridia/Relationship Lines/Relationship/post_8h_lines_best_friend/seridia_post_8h_best_friend_2/5	Do your fields not offer you tribute in abundance?	Tes champs ne t'offrent-ils pas de tribut en abondance ?	Разве поля не дают тебе обильных подаяний?	Do your fields not offer you tribute in abundance?
Conversations/Bank/Seridia/Relationship Lines/Relationship/post_8h_lines_best_friend/seridia_post_8h_best_friend_2/6	Perhaps you are simply not ready to recognize your potential, [Ari].	Peut-être n'es-tu tout simplement pas <he>prêt à </he><she>prête à </she><they>encore en mesure d'</they>admettre ton potentiel ?	Возможно, ты просто не <p>готовы</p><f>готова</f><m>готов</m><n>готово</n> признать свой потенциал, [Ari].	Perhaps you are simply not ready to recognize your potential, [Ari].
Conversations/Bank/Seridia/Relationship Lines/Relationship/post_8h_lines_best_friend/seridia_post_8h_best_friend_2/7	I knew it.	J'en étais sûre.	Я так и знала.	I knew it.
Conversations/Bank/Seridia/Relationship Lines/Relationship/post_8h_lines_best_friend/seridia_post_8h_best_friend_2/8	For your animals obey your decrees as though you are their sovereign.	Car tes animaux obéissent à tes décrets comme si tu étais leur souverain<she>e</she><he></he><they>·e</they>.	Ведь животные подчиняются твоим приказам, как будто ты ими правишь.	For your animals obey your decrees as though you are their sovereign.
Conversations/Bank/Seridia/Relationship Lines/Relationship/post_8h_lines_best_friend/seridia_post_8h_best_friend_2/9	And your fields seem to offer you tribute in abundance.	Et tes champs semblent t'offrir un tribut en abondance.	И поля дают тебе обильные подаяния.	And your fields seem to offer you tribute in abundance.
Conversations/Bank/Seridia/Relationship Lines/Relationship/post_8h_lines_best_friend/seridia_post_8h_best_friend_2/init	I find myself curious.	J'éprouve une certaine curiosité.	Меня охватывает любопытство.	I find myself curious.
Conversations/Bank/Seridia/Relationship Lines/Relationship/post_8h_lines_best_friend/seridia_post_8h_best_friend_3/1	In the past, those who sought my favor were motivated by a desire to gain power.	Par le passé, ceux qui cherchaient à gagner mes faveurs étaient motivés par la soif de pouvoir.	Раньше теми, кто добивался моей милости, двигала жажда власти.	In the past, those who sought my favor were motivated by a desire to gain power.
Conversations/Bank/Seridia/Relationship Lines/Relationship/post_8h_lines_best_friend/seridia_post_8h_best_friend_3/2f	But your desire is... true friendship.	Mais toi, tu aspires à... une amitié véritable.	Но тобой движет... искренняя дружба.	But your desire is... true friendship.
Conversations/Bank/Seridia/Relationship Lines/Relationship/post_8h_lines_best_friend/seridia_post_8h_best_friend_3/2r	But your desire is... true companionship.	Mais toi, tu aspires à... un compagnonnage véritable.	Но тобой движет... искренняя привязанность.	But your desire is... true companionship.
Conversations/Bank/Seridia/Relationship Lines/Relationship/post_8h_lines_best_friend/seridia_post_8h_best_friend_3/3	Across all my lives, in all my memories... you are singular in that trait.	Dans toutes mes vies, parmi tous mes souvenirs... Tu es en cela une personne singulière.	Во всей моей памяти всех моих жизней... в этом своём качестве ты <p>уникальны</p><f>уникальна</f><m>уникален</m><n>уникально</n>.	Across all my lives, in all my memories... you are singular in that trait.
Conversations/Bank/Seridia/Relationship Lines/Relationship/post_8h_lines_best_friend/seridia_post_8h_best_friend_3/init	You... perplex me, [Ari].	Tu me laisses... perplexe, [Ari].	[Ari]... Я от тебя в недоумении.	You... perplex me, [Ari].
Conversations/Bank/Seridia/Relationship Lines/Relationship/post_8h_lines_best_friend/seridia_post_8h_best_friend_4/1	"My scales are your shield; my flame your sword""."	« Mes écailles sont ton bouclier, ma flamme est ton épée. »	«Моя чешуя будет тебе щитом, моё пламя будет тебе мечом».	"My scales are your shield; my flame your sword""."
Conversations/Bank/Seridia/Relationship Lines/Relationship/post_8h_lines_best_friend/seridia_post_8h_best_friend_4/2	I have laid low many enemies with my dragon fire...	J'ai décimé bien des ennemis avec mon souffle enflammé de dragon...	Своим пламенем я повергла множество врагов...	I have laid low many enemies with my dragon fire...
Conversations/Bank/Seridia/Relationship Lines/Relationship/post_8h_lines_best_friend/seridia_post_8h_best_friend_4/3	Know that I will turn it on any enemy you desire, [Ari]. You need only ask.	Sache que je le dirigerai sur n'importe lequel de tes ennemis si tu le souhaites, [Ari]. Il te suffit de demander.	Знай, что я готова обратить его против любого, кто тебе неугоден, [Ari]. Лишь только ты попросишь.	Know that I will turn it on any enemy you desire, [Ari]. You need only ask.
Conversations/Bank/Seridia/Relationship Lines/Relationship/post_8h_lines_best_friend/seridia_post_8h_best_friend_4/init	Among dragon-human relationships, there is an old saying that expresses a close bond. It translates roughly to...	Dans les relations entre humains et dragons, il existe un vieil adage pour exprimer un lien fort. On peut le traduire approximativement, par...	Про отношения драконов и людей есть старинное выражение, означающее близкую связь. Перевод примерно такой:	Among dragon-human relationships, there is an old saying that expresses a close bond. It translates roughly to...
Conversations/Bank/Seridia/Relationship Lines/Relationship/post_8h_lines_best_friend/seridia_post_8h_best_friend_5/1	The repetition of war and conquest, multiplied by eons... it blurs together.	La répétition des guerres et des conquêtes, sur des siècles et des siècles... tout cela se mélange.	Войны и завоевания идут одна за другой, повторяясь из века в век... И сливаются в единое полотно.	The repetition of war and conquest, multiplied by eons... it blurs together.
Conversations/Bank/Seridia/Relationship Lines/Relationship/post_8h_lines_best_friend/seridia_post_8h_best_friend_5/2	By contrast, this life, in all its quietude... has proven noteworthy.	À l'inverse, cette vie, dans toute sa quiétude... s'est révélée digne d'intérêt.	На их фоне эта жизнь отличается... Она примечательна своей умиротворённостью.	By contrast, this life, in all its quietude... has proven noteworthy.
Conversations/Bank/Seridia/Relationship Lines/Relationship/post_8h_lines_best_friend/seridia_post_8h_best_friend_5/3f	I find that it suits me. More than I expected.	Il s'avère qu'elle me convient. Plus que je ne m'y attendais.	Я нахожу, что мне это по нраву. Более, чем я ожидала.	I find that it suits me. More than I expected.
Conversations/Bank/Seridia/Relationship Lines/Relationship/post_8h_lines_best_friend/seridia_post_8h_best_friend_5/3r	I find that it suits me. Or... perhaps it is you that suits me, [Ari].	Il s'avère qu'elle me convient. À moins que ce soit toi qui me conviennes, [Ari].	Я нахожу, что мне это по нраву. Или, возможно... Ты мне по нраву, [Ari].	I find that it suits me. Or... perhaps it is you that suits me, [Ari].
Conversations/Bank/Seridia/Relationship Lines/Relationship/post_8h_lines_best_friend/seridia_post_8h_best_friend_5/init	I have been thinking. Of the many lives I have lived, this one is unusual.	J'ai réfléchi. Des nombreuses vies que j'ai vécues, celle-ci est inhabituelle.	Я размышляла и пришла к выводу: эта жизнь отличается от всех, что я прожила.	I have been thinking. Of the many lives I have lived, this one is unusual.
Conversations/Bank/Seridia/Relationship Lines/Relationship/post_8h_lines_best_friend/seridia_post_8h_best_friend_6/1	It is strange how mortal authors are convinced an endless existence is one of sadness and tedium. How dull.	Il est étrange de voir que les auteurs mortels sont convaincus qu'une existence éternelle serait nécessairement triste et ennuyeuse. C'est insipide.	Мне странно убеждение смертных авторов, что вечная жизнь полна скуки и тоски. Как прозаично.	It is strange how mortal authors are convinced an endless existence is one of sadness and tedium. How dull.
Conversations/Bank/Seridia/Relationship Lines/Relationship/post_8h_lines_best_friend/seridia_post_8h_best_friend_6/2	Only the most unimaginative mind would find the eternal cycle to be boring.	Seuls des esprits dépourvus d'imagination peuvent trouver le cycle éternel ennuyeux.	Лишь очень ограниченные умы могут счесть вечный цикл жизни скучным.	Only the most unimaginative mind would find the eternal cycle to be boring.
Conversations/Bank/Seridia/Relationship Lines/Relationship/post_8h_lines_best_friend/seridia_post_8h_best_friend_6/3f	No... living is simply the most exciting thing there is.	Non... Vivre est simplement la chose la plus palpitante qui soit.	Нет уж... Жизнь — это самое увлекательное из всех занятий.	No... living is simply the most exciting thing there is.
Conversations/Bank/Seridia/Relationship Lines/Relationship/post_8h_lines_best_friend/seridia_post_8h_best_friend_6/3r	No... living is simply the most exciting thing there is.	Non... Vivre est simplement la chose la plus palpitante qui soit.	Нет уж... Жизнь — это самое увлекательное из всех занятий.	No... living is simply the most exciting thing there is.
Conversations/Bank/Seridia/Relationship Lines/Relationship/post_8h_lines_best_friend/seridia_post_8h_best_friend_6/init	Lady Elsie has been sharing her collection of novels with me. More specifically, books on the topic of immortal lovers.	Dame Elsie a partagé avec moi sa collection de romans. Plus précisément, ses ouvrages consacrés aux amours immortelles.	Леди Элси делится со мной романами из своей коллекции. А точнее, книгами на тему бессмертной любви.	Lady Elsie has been sharing her collection of novels with me. More specifically, books on the topic of immortal lovers.
Conversations/Bank/Seridia/Relationship Lines/Relationship/post_8h_lines_best_friend/seridia_post_8h_best_friend_7/1	In the past, I had access to many options when I desired entertainment.	Par le passé, de nombreuses options s'offraient à moi quand j'avais envie de divertissement.	В прошлом у меня был широкий выбор развлечений.	In the past, I had access to many options when I desired entertainment.
Conversations/Bank/Seridia/Relationship Lines/Relationship/post_8h_lines_best_friend/seridia_post_8h_best_friend_7/10	It is good to match one's skill and prowess against a variety of foes, and the water is an arena oft neglected.	Il est bon de mesurer ses compétences et son habileté contre différents ennemis et l'eau est une arène souvent négligée.	Полезно соотносить свою храбрость и свои таланты с разными противниками. А о такой арене битвы, как вода, нечасто вспоминают.	It is good to match one's skill and prowess against a variety of foes, and the water is an arena oft neglected.
Conversations/Bank/Seridia/Relationship Lines/Relationship/post_8h_lines_best_friend/seridia_post_8h_best_friend_7/11	That is not a bad idea.	Ce n'est pas une mauvaise idée.	Вполне неплохая идея.	That is not a bad idea.
Conversations/Bank/Seridia/Relationship Lines/Relationship/post_8h_lines_best_friend/seridia_post_8h_best_friend_7/12	Although objects from antiquity hold little interest for me, it seems there are also samples of modern flora and fauna on display...	Bien que les objets de l'antiquité n'aient que peu d'intérêt pour moi, il semble y avoir quelques exemplaires de la faune et de la flore moderne d'exposés...	Хотя предметы старины не вызывают у меня интереса, кажется, на витринах есть образцы современной флоры и фауны...	Although objects from antiquity hold little interest for me, it seems there are also samples of modern flora and fauna on display...
Conversations/Bank/Seridia/Relationship Lines/Relationship/post_8h_lines_best_friend/seridia_post_8h_best_friend_7/13	Familiarizing myself with both may prove to be quite interesting.	Me familiariser avec eux pourrait s'avérer intéressant.	Их изучение может быть весьма интересным занятием.	Familiarizing myself with both may prove to be quite interesting.
Conversations/Bank/Seridia/Relationship Lines/Relationship/post_8h_lines_best_friend/seridia_post_8h_best_friend_7/2	For instance, one could investigate who was on display at the pillory for the day...	Par exemple, il était possible d'aller voir qui était mis au pilori ce jour-là...	К примеру, можно было посмотреть, кого сегодня выставляют на позорном столбе...	For instance, one could investigate who was on display at the pillory for the day...
Conversations/Bank/Seridia/Relationship Lines/Relationship/post_8h_lines_best_friend/seridia_post_8h_best_friend_7/3	Or pay a visit to a gladiatorial arena, as either competitor or spectator.	Ou de se rendre à l'arène des gladiateurs, comme participant ou spectateur.	Или наведаться в гладиаторскую арену — и как участник, и как зритель.	Or pay a visit to a gladiatorial arena, as either competitor or spectator.
Conversations/Bank/Seridia/Relationship Lines/Relationship/post_8h_lines_best_friend/seridia_post_8h_best_friend_7/4	Tell me, what do the townspeople of this age do for entertainment?	Dis-moi, que font les habitants d'aujourd'hui pour se distraire ?	Скажи мне, чем развлекают себя местные жители в эту эпоху?	Tell me, what do the townspeople of this age do for entertainment?
Conversations/Bank/Seridia/Relationship Lines/Relationship/post_8h_lines_best_friend/seridia_post_8h_best_friend_7/4/prompts/0	You could play cards at the Inn...	Nous pourrions jouer aux cartes à l'auberge...	Можно поиграть в карты в трактире...	You could play cards at the Inn...
Conversations/Bank/Seridia/Relationship Lines/Relationship/post_8h_lines_best_friend/seridia_post_8h_best_friend_7/4/prompts/1	How about some fishing?	Que dirais-tu d'aller pêcher ?	Как насчёт рыбалки?	How about some fishing?
Conversations/Bank/Seridia/Relationship Lines/Relationship/post_8h_lines_best_friend/seridia_post_8h_best_friend_7/4/prompts/2	You could visit the Museum!	Tu pourrais visiter le musée !	Можно сходить в музей!	You could visit the Museum!
Conversations/Bank/Seridia/Relationship Lines/Relationship/post_8h_lines_best_friend/seridia_post_8h_best_friend_7/5	Intriguing! Is there betting involved?	Cela m'intrigue ! Est-il aussi possible de parier ?	Заманчивое предложение! Там принимаются ставки?	Intriguing! Is there betting involved?
Conversations/Bank/Seridia/Relationship Lines/Relationship/post_8h_lines_best_friend/seridia_post_8h_best_friend_7/6	Perhaps I will seek it out. Much can be learned by winning the cherished possessions of others.	Je vais peut-être découvrir cela. On peut apprendre beaucoup de choses en gagnant les précieuses possessions d'autrui.	Возможно, я попробую. Выигрывая себе чужие любимые вещи, можно узнать много нового.	Perhaps I will seek it out. Much can be learned by winning the cherished possessions of others.
Conversations/Bank/Seridia/Relationship Lines/Relationship/post_8h_lines_best_friend/seridia_post_8h_best_friend_7/7	You see, the worth of an object is measured by how badly one wishes to keep it. In that sense... my hoard is priceless.	Vois-tu, la valeur d'un objet se mesure à l'intensité avec laquelle on souhaite le conserver. En ce sens... mon trésor est inestimable.	Видишь ли, ценность предмета определяется тем, насколько обладатель готов с ним расстаться. И в этом смысле... мои сокровища бесценны.	You see, the worth of an object is measured by how badly one wishes to keep it. In that sense... my hoard is priceless.
Conversations/Bank/Seridia/Relationship Lines/Relationship/post_8h_lines_best_friend/seridia_post_8h_best_friend_7/8	Ah yes... water hunting.	Ah oui... La chasse aquatique	Ах, да... Охота в воде.	Ah yes... water hunting.
Conversations/Bank/Seridia/Relationship Lines/Relationship/post_8h_lines_best_friend/seridia_post_8h_best_friend_7/9	I approve of such a pastime.	J'approuve ce passe-temps.	Такой досуг я одобряю.	I approve of such a pastime.
Conversations/Bank/Seridia/Relationship Lines/Relationship/post_8h_lines_best_friend/seridia_post_8h_best_friend_7/init	I would enjoy a distraction today, [Ari]. It is good to step away from one's work now and then.	J'aimerais me distraire, aujourd'hui, [Ari]. Il est bon de s'éloigner un peu du travail, de temps à autre.	Сегодня я бы хотела отвлечься, [Ari]. Время от времени полезно отходить от работы.	I would enjoy a distraction today, [Ari]. It is good to step away from one's work now and then.
Conversations/Bank/Seridia/Relationship Lines/Relationship/post_8h_lines_best_friend/seridia_post_8h_best_friend_8/1	The children... They made an intriguing inquiry.	Les enfants... Ils m'ont posé une curieuse question.	Дети... Задались весьма интригующим вопросом.	The children... They made an intriguing inquiry.
Conversations/Bank/Seridia/Relationship Lines/Relationship/post_8h_lines_best_friend/seridia_post_8h_best_friend_8/10	I am his elder, therefore it is only sensible that I would be the larger dragon.	Je suis son aînée, il est donc logique que je sois le dragon le plus grand.	Я старше его, так что совершенно логично, что я являюсь и более крупным драконом.	I am his elder, therefore it is only sensible that I would be the larger dragon.
Conversations/Bank/Seridia/Relationship Lines/Relationship/post_8h_lines_best_friend/seridia_post_8h_best_friend_8/11	Surely you jest.	Tu es sûrement en train de plaisanter.	Ты, должно быть, шутишь.	Surely you jest.
Conversations/Bank/Seridia/Relationship Lines/Relationship/post_8h_lines_best_friend/seridia_post_8h_best_friend_8/2	They wanted to know who is taller: myself, or that fool Caldarus.	Ils voulaient savoir qui, de moi ou de cet imbécile de Caldarus, était le plus grand.	Они хотят узнать, кто выше: я или этот остолоп Кальдарус.	They wanted to know who is taller: myself, or that fool Caldarus.
Conversations/Bank/Seridia/Relationship Lines/Relationship/post_8h_lines_best_friend/seridia_post_8h_best_friend_8/2/prompts/0	You're definitely taller.	Tu es la plus grande, c'est certain.	Ты совершенно точно выше.	You're definitely taller.
Conversations/Bank/Seridia/Relationship Lines/Relationship/post_8h_lines_best_friend/seridia_post_8h_best_friend_8/2/prompts/1	Caldarus might be a hair taller than you...	Caldarus est peut-être plus grand que toi d'un cheveu...	Возможно, Кальдарус выше тебя на волосок...	Caldarus might be a hair taller than you...
Conversations/Bank/Seridia/Relationship Lines/Relationship/post_8h_lines_best_friend/seridia_post_8h_best_friend_8/2/prompts/2	It's hard to say!	C'est difficile à dire !	Трудно сказать!	It's hard to say!
Conversations/Bank/Seridia/Relationship Lines/Relationship/post_8h_lines_best_friend/seridia_post_8h_best_friend_8/3	Yes, of course.	Oui, évidemment.	Ну разумеется.	Yes, of course.
Conversations/Bank/Seridia/Relationship Lines/Relationship/post_8h_lines_best_friend/seridia_post_8h_best_friend_8/4	You would not lie to me, so it must be the truth.	Tu ne me mentirais pas, ce doit donc être la vérité.	Ты не станешь мне лгать, так что это определённо правда.	You would not lie to me, so it must be the truth.
Conversations/Bank/Seridia/Relationship Lines/Relationship/post_8h_lines_best_friend/seridia_post_8h_best_friend_8/5	I am his elder, therefore it is only sensible that I would be the larger dragon.	Je suis son aînée, il est donc logique que je sois le dragon le plus grand.	Я старше его, так что совершенно логично, что я являюсь и более крупным драконом.	I am his elder, therefore it is only sensible that I would be the larger dragon.
Conversations/Bank/Seridia/Relationship Lines/Relationship/post_8h_lines_best_friend/seridia_post_8h_best_friend_8/6	Still, to crush all doubt...	Néanmoins, pour qu'il ne subsiste pas le moindre doute...	И всё же, чтобы развеять сомнения...	Still, to crush all doubt...
Conversations/Bank/Seridia/Relationship Lines/Relationship/post_8h_lines_best_friend/seridia_post_8h_best_friend_8/7	I will speak with Juniper. She will instruct me in the dark arts of...	Je vais aller parler à Juniper. Elle m'enseignera les sombres arcanes des...	Я поговорю с Джунипер. Она должна просветить меня в тёмном искусстве...	I will speak with Juniper. She will instruct me in the dark arts of...
Conversations/Bank/Seridia/Relationship Lines/Relationship/post_8h_lines_best_friend/seridia_post_8h_best_friend_8/8	The platform heel.	Chaussures à talon.	Высоких каблуков.	The platform heel.
Conversations/Bank/Seridia/Relationship Lines/Relationship/post_8h_lines_best_friend/seridia_post_8h_best_friend_8/9	Such a thing is impossible.	Une telle chose est impossible.	Такого не может быть.	Such a thing is impossible.
Conversations/Bank/Seridia/Relationship Lines/Relationship/post_8h_lines_best_friend/seridia_post_8h_best_friend_8/init	One moment, [Ari]. There is a matter that I would like you to settle for me.	Un instant, [Ari]. Il y a un sujet que j'aimerais que tu tranches pour moi.	На минутку, [Ari]. Я попрошу тебя разрешить небольшой спор.	One moment, [Ari]. There is a matter that I would like you to settle for me.
Conversations/Bank/Seridia/Relationship Lines/Relationship/post_8h_lines_best_friend/seridia_post_8h_best_friend_9/1	Do you ever gaze into the endless night?	As-tu déjà contemplé l'infinité de la nuit ?	Ты часто всматриваешься в ночное небо?	Do you ever gaze into the endless night?
Conversations/Bank/Seridia/Relationship Lines/Relationship/post_8h_lines_best_friend/seridia_post_8h_best_friend_9/2	Through every one of my many lives... that vastness has been ever a companion, and my greatest source of power.	À travers chacune de mes nombreuses vies... cette immensité a toujours été une compagne, et ma plus grande source de pouvoir.	Через все мои жизни этот бескрайний океан сопровождает меня... в нём главный источник моей силы.	Through every one of my many lives... that vastness has been ever a companion, and my greatest source of power.
Conversations/Bank/Seridia/Relationship Lines/Relationship/post_8h_lines_best_friend/seridia_post_8h_best_friend_9/3f	Mark it upon your soul, [Ari]. If you are ever in true need... the night will guide you to me.	Imprime ceci dans ton âme, [Ari]. Si un jour tu en as réellement besoin... la nuit te guidera jusqu'à moi.	В душе своей знай, [Ari]: если придёт нужда... ночь приведёт тебя ко мне.	Mark it upon your soul, [Ari]. If you are ever in true need... the night will guide you to me.
Conversations/Bank/Seridia/Relationship Lines/Relationship/post_8h_lines_best_friend/seridia_post_8h_best_friend_9/3r	Mark it upon your soul, [Ari]. If you are ever in true need... the night will guide you to me.	Imprime ceci dans ton âme, [Ari]. Si un jour tu en as réellement besoin... la nuit te guidera jusqu'à moi.	В душе своей знай, [Ari]: если придёт нужда... ночь приведёт тебя ко мне.	Mark it upon your soul, [Ari]. If you are ever in true need... the night will guide you to me.
Conversations/Bank/Seridia/Relationship Lines/Relationship/post_8h_lines_best_friend/seridia_post_8h_best_friend_9/init	[Ari], come closer and look up.	Approche et regarde-moi, [Ari].	[Ari], подойди поближе и посмотри вверх.	[Ari], come closer and look up.
Conversations/Bank/Seridia/Relationship Lines/Relationship/post_8h_lines_romantic/seridia_post_8h_romantic_0/1	It seems to me that you are not intimidated by my presence, [Ari].	Ma présence ne semble pas t'intimider, [Ari].	Я замечаю, что тебя не пугает мой облик, [Ari].	It seems to me that you are not intimidated by my presence, [Ari].
Conversations/Bank/Seridia/Relationship Lines/Relationship/post_8h_lines_romantic/seridia_post_8h_romantic_0/10	"My tail... is ""cool""?"	Ma queue est... « sympa » ?	Мой хвост... выглядит «круто»?	"My tail... is ""cool""?"
Conversations/Bank/Seridia/Relationship Lines/Relationship/post_8h_lines_romantic/seridia_post_8h_romantic_0/11	I... see. You may touch it, if you like. However-	Je... Je vois. Tu peux la toucher, si tu le souhaites. Néanmoins...	Ясно... Можешь потрогать, если хочешь. Только...	I... see. You may touch it, if you like. However-
Conversations/Bank/Seridia/Relationship Lines/Relationship/post_8h_lines_romantic/seridia_post_8h_romantic_0/12	Mind your fingers near the barb... it is sharp.	Attention à tes doigts près du piquant... Il est très acéré.	Осторожнее возле шипа... Он у меня острый.	Mind your fingers near the barb... it is sharp.
Conversations/Bank/Seridia/Relationship Lines/Relationship/post_8h_lines_romantic/seridia_post_8h_romantic_0/13	Worry not. I shall not poison you.	Ne t'inquiète pas. Je ne t'empoisonnerai pas.	Не переживай. Я не стану тебя травить...	Worry not. I shall not poison you.
Conversations/Bank/Seridia/Relationship Lines/Relationship/post_8h_lines_romantic/seridia_post_8h_romantic_0/14	Unless you are curious...	Sauf pour satisfaire ta curiosité...	Если только ты не захочешь это испытать...	Unless you are curious...
Conversations/Bank/Seridia/Relationship Lines/Relationship/post_8h_lines_romantic/seridia_post_8h_romantic_0/2	Horns, sinew, tail, claws... I have honed all facets of my appearance to put fear in the heart of those who behold me.	Cornes, tendons, queue, griffes... J'ai affûté toutes les facettes de mon apparence pour insuffler la peur dans le cœur de ceux qui me regardent.	Рога, мышцы, хвост и когти... Я подбирала все аспекты своей внешности, чтобы вселять страх в тех, кто решится обратить на меня взгляд.	Horns, sinew, tail, claws... I have honed all facets of my appearance to put fear in the heart of those who behold me.
Conversations/Bank/Seridia/Relationship Lines/Relationship/post_8h_lines_romantic/seridia_post_8h_romantic_0/3	Yet... these aspects do not seem to prevent you from drawing close.	Et pourtant... rien de cela ne semble te dissuader de t'approcher de moi.	И тем не менее... Эти черты не мешают тебе со мной сближаться.	Yet... these aspects do not seem to prevent you from drawing close.
Conversations/Bank/Seridia/Relationship Lines/Relationship/post_8h_lines_romantic/seridia_post_8h_romantic_0/3/prompts/0	I think your claws are striking.	Je trouve tes griffes impressionnantes.	По-моему, у тебя поразительные когти.	I think your claws are striking.
Conversations/Bank/Seridia/Relationship Lines/Relationship/post_8h_lines_romantic/seridia_post_8h_romantic_0/3/prompts/1	I'm into it. Your tail is cool.	Ça me plaît. Ta queue est sympa.	Мне нравится. Хвост выглядит круто.	I'm into it. Your tail is cool.
Conversations/Bank/Seridia/Relationship Lines/Relationship/post_8h_lines_romantic/seridia_post_8h_romantic_0/4	Do you wish to see them more closely?	Veux-tu les observer de plus près ?	Хочешь посмотреть на них поближе?	Do you wish to see them more closely?
Conversations/Bank/Seridia/Relationship Lines/Relationship/post_8h_lines_romantic/seridia_post_8h_romantic_0/5	The red of my nails is a natural color...	Le rouge de mes ongles est une couleur naturelle...	Красный — это их естественный цвет...	The red of my nails is a natural color...
Conversations/Bank/Seridia/Relationship Lines/Relationship/post_8h_lines_romantic/seridia_post_8h_romantic_0/6	Once, my court sought to replicate the hue, but they found no material vibrant enough to match their natural luster.	Jadis, ma cour a cherché à en reproduire la teinte, mais nul n'a trouvé de matière assez vive pour égaler leur brillance naturelle.	Однажды мои придворные захотели повторить этот оттенок. Но не смогли найти материал с таким ярким блеском.	Once, my court sought to replicate the hue, but they found no material vibrant enough to match their natural luster.
Conversations/Bank/Seridia/Relationship Lines/Relationship/post_8h_lines_romantic/seridia_post_8h_romantic_0/7	...	...	...	...
Conversations/Bank/Seridia/Relationship Lines/Relationship/post_8h_lines_romantic/seridia_post_8h_romantic_0/8	You... have been looking a long time.	Tu... regardes depuis un bon moment.	Ты... уже долго на них смотришь.	You... have been looking a long time.
Conversations/Bank/Seridia/Relationship Lines/Relationship/post_8h_lines_romantic/seridia_post_8h_romantic_0/9	Tell me, [Ari]. Was this a cunning excuse to hold my hand?	Dis-moi, [Ari]. Était-ce là une ruse pour me tenir la main ?	Признайся, [Ari], это был хитроумный план, чтобы подержать меня за руку?	Tell me, [Ari]. Was this a cunning excuse to hold my hand?
Conversations/Bank/Seridia/Relationship Lines/Relationship/post_8h_lines_romantic/seridia_post_8h_romantic_0/init	Curious...	Voilà qui est curieux...	Любопытно...	Curious...
Conversations/Bank/Seridia/Relationship Lines/Relationship/post_8h_lines_romantic/seridia_post_8h_romantic_1/1	It is bold of you. And not unwelcome.	C'est audacieux de ta part. Et bien accueilli.	Это звучит очень смело. Мне такое по нраву.	It is bold of you. And not unwelcome.
Conversations/Bank/Seridia/Relationship Lines/Relationship/post_8h_lines_romantic/seridia_post_8h_romantic_1/init	The way in which you greet me... without title or formality...	La façon dont tu t'adresses à moi... sans titre ni formalisme...	Твоя манера обращения со мной... Без формальностей и без титулов...	The way in which you greet me... without title or formality...
Conversations/Bank/Seridia/Relationship Lines/Relationship/post_8h_lines_romantic/seridia_post_8h_romantic_10/1	Yet I have found that pursuing you soothes much of my thirst.	J'ai pourtant découvert que ma quête de ta présence apaisait l'essentiel de ma soif.	Однако я выяснила, что стремление к тебе утоляет часть моей жажды.	Yet I have found that pursuing you soothes much of my thirst.
Conversations/Bank/Seridia/Relationship Lines/Relationship/post_8h_lines_romantic/seridia_post_8h_romantic_10/init	It was difficult at first, refraining from certain pursuits in this life...	Il a été difficile, au départ, de réfréner certaines quêtes dans cette vie...	Вначале мне было трудно отказаться от некоторых стремлений в этой жизни...	It was difficult at first, refraining from certain pursuits in this life...
Conversations/Bank/Seridia/Relationship Lines/Relationship/post_8h_lines_romantic/seridia_post_8h_romantic_11/1	We are bonded by fate.	C'est la destinée qui nous lie.	Мы связаны самой судьбой.	We are bonded by fate.
Conversations/Bank/Seridia/Relationship Lines/Relationship/post_8h_lines_romantic/seridia_post_8h_romantic_11/2	You are free to embrace me as the whim takes you.	Tu es libre de m'étreindre quand l'envie t'en prend.	Ты можешь обнять меня, когда тебе заблагорассудится.	You are free to embrace me as the whim takes you.
Conversations/Bank/Seridia/Relationship Lines/Relationship/post_8h_lines_romantic/seridia_post_8h_romantic_11/init	Do not be concerned with propriety, [Ari].	Ne t'inquiète pas de la propriété, [Ari].	Пусть приличия тебя не смущают, [Ari].	Do not be concerned with propriety, [Ari].
Conversations/Bank/Seridia/Relationship Lines/Relationship/post_8h_lines_romantic/seridia_post_8h_romantic_12/1	I do not think I could demonstrate every one of them for you, even across the full span of a lifetime.	N'imagine pas que je pourrais te faire la démonstration de chacune, une vie entière n'y suffirait pas.	Не думаю, что смогу продемонстрировать каждый, даже за целую жизнь.	I do not think I could demonstrate every one of them for you, even across the full span of a lifetime.
Conversations/Bank/Seridia/Relationship Lines/Relationship/post_8h_lines_romantic/seridia_post_8h_romantic_12/2	However... it would please me to make the attempt.	Néanmoins... je serais ravie de le tenter.	И всё же... Мы было бы приятно попробовать.	However... it would please me to make the attempt.
Conversations/Bank/Seridia/Relationship Lines/Relationship/post_8h_lines_romantic/seridia_post_8h_romantic_12/init	After countless reincarnations I have accrued many skills, well beyond the capacity of your average mortal.	Après d'innombrables réincarnations, j'ai acquis de nombreuses compétences qui vont bien au-delà des capacités du commun des mortels.	После несчётных воплощений я обрела множество навыков, превосходящих возможности обычного смертного.	After countless reincarnations I have accrued many skills, well beyond the capacity of your average mortal.
Conversations/Bank/Seridia/Relationship Lines/Relationship/post_8h_lines_romantic/seridia_post_8h_romantic_13/1	It is refreshing to share in romance with you, [Ari].	Partager une idylle avec toi est rafraîchissant, [Ari].	Разделять с тобой чувства для меня — приятное разнообразие, [Ari].	It is refreshing to share in romance with you, [Ari].
Conversations/Bank/Seridia/Relationship Lines/Relationship/post_8h_lines_romantic/seridia_post_8h_romantic_13/10	Being with you is much more pleasant. You desire to know me, and to share in mutual companionship.	Être avec toi est bien plus plaisant. Tu souhaites me connaître et profiter d'une compagnie mutuelle.	С тобой мне гораздо приятнее. Ты желаешь узнать меня ближе и разделить переживания со мной.	Being with you is much more pleasant. You desire to know me, and to share in mutual companionship.
Conversations/Bank/Seridia/Relationship Lines/Relationship/post_8h_lines_romantic/seridia_post_8h_romantic_13/2	As a queen, it was expected I would make a match to strengthen political ties. And as a dragon, well...	En tant que reine, on attendait de moi des alliances destinées à renforcer des liens politiques. En tant que dragon, eh bien...	Поскольку я была королевой, ожидалось, что я найду пассию для укрепления политических связей. И будучи драконом, конечно же...	As a queen, it was expected I would make a match to strengthen political ties. And as a dragon, well...
Conversations/Bank/Seridia/Relationship Lines/Relationship/post_8h_lines_romantic/seridia_post_8h_romantic_13/2/prompts/0	What were your political matches like?	À quoi ressemblaient tes unions politiques ?	И какие были твои политические пассии?	What were your political matches like?
Conversations/Bank/Seridia/Relationship Lines/Relationship/post_8h_lines_romantic/seridia_post_8h_romantic_13/2/prompts/1	What is romance between dragons like?	À quoi ressemble une idylle entre dragons ?	А как устроена романтика у драконов?	What is romance between dragons like?
Conversations/Bank/Seridia/Relationship Lines/Relationship/post_8h_lines_romantic/seridia_post_8h_romantic_13/3	They were acceptable, but largely without passion.	Elles étaient acceptables, mais pour l'essentiel dépourvues de passion.	Приемлемы, но по большей части лишены страсти.	They were acceptable, but largely without passion.
Conversations/Bank/Seridia/Relationship Lines/Relationship/post_8h_lines_romantic/seridia_post_8h_romantic_13/4	Nothing more than pomp, ritual, and statecraft.	Rien de plus que l'apparat, le rituel et l'habileté politique.	Пышные официальные церемонии — и только.	Nothing more than pomp, ritual, and statecraft.
Conversations/Bank/Seridia/Relationship Lines/Relationship/post_8h_lines_romantic/seridia_post_8h_romantic_13/5	A political union is a transaction of power, not a vow of affection.	Une union politique est une transaction autour du pouvoir, pas un serment d'affection.	Политическая уния — это передача власти, а не признание в чувствах.	A political union is a transaction of power, not a vow of affection.
Conversations/Bank/Seridia/Relationship Lines/Relationship/post_8h_lines_romantic/seridia_post_8h_romantic_13/6	Being with you is... something new. You do not desire anything of me, other than myself.	Être avec toi est... quelque chose de nouveau. Tu ne désires rien de moi, hormis moi-même.	С тобой всё по-другому... Ты не желаешь от меня ничего, кроме меня самой.	Being with you is... something new. You do not desire anything of me, other than myself.
Conversations/Bank/Seridia/Relationship Lines/Relationship/post_8h_lines_romantic/seridia_post_8h_romantic_13/7	Such a thing is... very attractive.	C'est là une chose... très attirante.	Такое отношение... очень меня привлекает.	Such a thing is... very attractive.
Conversations/Bank/Seridia/Relationship Lines/Relationship/post_8h_lines_romantic/seridia_post_8h_romantic_13/8	I would describe it as fraught, as we are territorial creatures.	Je décrirais cela comme un risque, car nous sommes des créatures territoriales.	Я бы сказала, что тяжко. Ведь мы территориальные существа.	I would describe it as fraught, as we are territorial creatures.
Conversations/Bank/Seridia/Relationship Lines/Relationship/post_8h_lines_romantic/seridia_post_8h_romantic_13/9	We are not communal by nature. Dragons do not wish to stay overlong with their own kind once they reach adulthood.	Nous ne sommes pas naturellement communautaires. Une fois adultes, les dragons ne souhaitent pas rester très longtemps avec ceux de leur espèce.	По своей природе мы не социальны. Когда драконы достигают зрелости, они не любят задерживаться с роднёй подолгу.	We are not communal by nature. Dragons do not wish to stay overlong with their own kind once they reach adulthood.
Conversations/Bank/Seridia/Relationship Lines/Relationship/post_8h_lines_romantic/seridia_post_8h_romantic_13/init	I have been thinking of you, and of the past.	J'ai pensé à toi, et au passé.	Я размышляла о тебе и о прошлом.	I have been thinking of you, and of the past.
Conversations/Bank/Seridia/Relationship Lines/Relationship/post_8h_lines_romantic/seridia_post_8h_romantic_14/1	We restored that balance together, [Ari].	Nous avons rétabli l'équilibre ensemble, [Ari].	Мы восстановили равновесие вместе с тобой, [Ari].	We restored that balance together, [Ari].
Conversations/Bank/Seridia/Relationship Lines/Relationship/post_8h_lines_romantic/seridia_post_8h_romantic_14/10	Finishing each others' invocations...	En terminant mutuellement nos invocations...	Продолжать друг за другом мегические формулы...	Finishing each others' invocations...
Conversations/Bank/Seridia/Relationship Lines/Relationship/post_8h_lines_romantic/seridia_post_8h_romantic_14/11	Twining our fingers as the spell reaches its peak...	En faisant de nos doigts des gestes jumeaux quand le sort atteint son apogée...	Сплестись пальцами, когда заклинание достигает предела...	Twining our fingers as the spell reaches its peak...
Conversations/Bank/Seridia/Relationship Lines/Relationship/post_8h_lines_romantic/seridia_post_8h_romantic_14/12	Yes. I would enjoy doing that with you.	Oui. Cela me plairait de faire ça avec toi.	Да. Такое занятие вместе с тобой принесёт мне удовольствие.	Yes. I would enjoy doing that with you.
Conversations/Bank/Seridia/Relationship Lines/Relationship/post_8h_lines_romantic/seridia_post_8h_romantic_14/2	As a progenitor of sorcery, I recognize how adept you have become at wielding spells.	En tant que mère de la sorcellerie, je reconnais que tu sais désormais très bien manier les sorts.	Как прародительница чародейского искусства я отмечаю, насколько выросли твои навыки обращения с заклинаниями.	As a progenitor of sorcery, I recognize how adept you have become at wielding spells.
Conversations/Bank/Seridia/Relationship Lines/Relationship/post_8h_lines_romantic/seridia_post_8h_romantic_14/3	The way your power resonates with my own...	La façon dont ton pouvoir fait écho au mien...	Твоя сила резонирует с моей...	The way your power resonates with my own...
Conversations/Bank/Seridia/Relationship Lines/Relationship/post_8h_lines_romantic/seridia_post_8h_romantic_14/4	I find it... thrilling.	Je trouve cela... palpitant.	И это... воодушевляет.	I find it... thrilling.
Conversations/Bank/Seridia/Relationship Lines/Relationship/post_8h_lines_romantic/seridia_post_8h_romantic_14/4/prompts/0	Will you cast a spell for me some time?	Pourras-tu lancer un sort pour moi, à l'occasion ?	Покажешь мне какое-нибудь заклинание когда-нибудь	Will you cast a spell for me some time?
Conversations/Bank/Seridia/Relationship Lines/Relationship/post_8h_lines_romantic/seridia_post_8h_romantic_14/4/prompts/1	What if we... joined our spells together?	Et si nous... unissions nos sorts ?	А может, нам... объединить заклинания?	What if we... joined our spells together?
Conversations/Bank/Seridia/Relationship Lines/Relationship/post_8h_lines_romantic/seridia_post_8h_romantic_14/5	You wish to watch me... cast a spell?	Tu souhaites me voir... lancer un sort ?	Ты хочешь посмотреть... как я колдую?	You wish to watch me... cast a spell?
Conversations/Bank/Seridia/Relationship Lines/Relationship/post_8h_lines_romantic/seridia_post_8h_romantic_14/6	I see.	Je vois.	Понимаю.	I see.
Conversations/Bank/Seridia/Relationship Lines/Relationship/post_8h_lines_romantic/seridia_post_8h_romantic_14/7	If it would please you, you need only ask...	Si tel est ton plaisir, il te suffit de le demander...	Если тебе это принесёт удовольствие, можешь просить, когда захочешь...	If it would please you, you need only ask...
Conversations/Bank/Seridia/Relationship Lines/Relationship/post_8h_lines_romantic/seridia_post_8h_romantic_14/8	Together...?	Ensemble...?	Объединить?..	Together...?
Conversations/Bank/Seridia/Relationship Lines/Relationship/post_8h_lines_romantic/seridia_post_8h_romantic_14/9	Uniting our mana...	En unissant notre mana...	Соединить нашу ману...	Uniting our mana...
Conversations/Bank/Seridia/Relationship Lines/Relationship/post_8h_lines_romantic/seridia_post_8h_romantic_14/init	After a long slumber, the magic of this land has reawakened...	Après un long sommeil, la magie de cette terre s'est réveillée...	После долгого сна магия этой земли пробудилась...	After a long slumber, the magic of this land has reawakened...
Conversations/Bank/Seridia/Relationship Lines/Relationship/post_8h_lines_romantic/seridia_post_8h_romantic_15/1	You see, I am a firm believer that every being, mortal or otherwise, should have a hoard.	Vois-tu, je crois fermement que chaque être, qu'il soit mortel ou non, devrait posséder un trésor.	Видишь ли, я твёрдо верю, что каждое создание — не важно, смертное или нет — заслуживает своей груды сокровищ.	You see, I am a firm believer that every being, mortal or otherwise, should have a hoard.
Conversations/Bank/Seridia/Relationship Lines/Relationship/post_8h_lines_romantic/seridia_post_8h_romantic_15/10	Perhaps it was presumptuous of me to believe you needed guidance in this sphere.	Il était peut-être présomptueux de ma part de penser que tu avais besoin d'un guide en cette matière.	Возможно, я тебя недооценила, посчитав, что тебе нужен мой совет.	Perhaps it was presumptuous of me to believe you needed guidance in this sphere.
Conversations/Bank/Seridia/Relationship Lines/Relationship/post_8h_lines_romantic/seridia_post_8h_romantic_15/11	I appreciate that type of long-term planning. After all...	J'apprécie ce genre de vision à long terme. Après tout...	Мне нравится такое долгосрочное планирование. В конце концов...	I appreciate that type of long-term planning. After all...
Conversations/Bank/Seridia/Relationship Lines/Relationship/post_8h_lines_romantic/seridia_post_8h_romantic_15/12	There is a chance we may one day join our hoards together.	Il existe une chance que nous puissions un jour réunir nos trésors respectifs.	Возможно, наступит день, когда мы объединим наши сокровища.	There is a chance we may one day join our hoards together.
Conversations/Bank/Seridia/Relationship Lines/Relationship/post_8h_lines_romantic/seridia_post_8h_romantic_15/2	Therefore, I would like to help you begin a starter hoard.	Par conséquent, j'aimerais t'aider à commencer le tien.	А потому я хочу помочь тебе начать.	Therefore, I would like to help you begin a starter hoard.
Conversations/Bank/Seridia/Relationship Lines/Relationship/post_8h_lines_romantic/seridia_post_8h_romantic_15/3	Tell me... where do your hoarding interests lie?	Dis-moi... Où se porte ton intérêt si tu devais accumuler quelque chose ?	Поведай... Что тебе хочется собирать?	Tell me... where do your hoarding interests lie?
Conversations/Bank/Seridia/Relationship Lines/Relationship/post_8h_lines_romantic/seridia_post_8h_romantic_15/3/prompts/0	I like things that are ancient and valuable.	J'aime les choses anciennes et précieuses.	Мне нравятся старинные и ценные предметы.	I like things that are ancient and valuable.
Conversations/Bank/Seridia/Relationship Lines/Relationship/post_8h_lines_romantic/seridia_post_8h_romantic_15/3/prompts/1	Maybe... money?	Vers... l'argent, peut-être ?	Наверное... деньги?	Maybe... money?
Conversations/Bank/Seridia/Relationship Lines/Relationship/post_8h_lines_romantic/seridia_post_8h_romantic_15/4	How shrewd of you. Such items have great value and power, and they accrue further value over time.	Que c'est rusé de ta part ! De tels objets ont une grande valeur, beaucoup de pouvoir et leur préciosité s'accroît avec le temps.	Как прозорливо с твоей стороны. Такие вещи хранят большую силу и со временем приобретают всё большую ценность.	How shrewd of you. Such items have great value and power, and they accrue further value over time.
Conversations/Bank/Seridia/Relationship Lines/Relationship/post_8h_lines_romantic/seridia_post_8h_romantic_15/5	If you leave an item in your hoard long enough, it may become priceless.	Si tu conserves un objet assez longtemps dans ton trésor, il peut devenir inestimable.	Если достаточно долго держать предмет в своей сокровищнице, он может стать бесценным.	If you leave an item in your hoard long enough, it may become priceless.
Conversations/Bank/Seridia/Relationship Lines/Relationship/post_8h_lines_romantic/seridia_post_8h_romantic_15/6	Yes, I appreciate this type of forward-thinking. After all...	Oui, j'apprécie cette approche visionnaire. Après tout...	Да, я ценю твою дальновидность. В конце концов...	Yes, I appreciate this type of forward-thinking. After all...
Conversations/Bank/Seridia/Relationship Lines/Relationship/post_8h_lines_romantic/seridia_post_8h_romantic_15/7	There is a chance we may one day join our hoards together.	Il existe une chance que nous puissions un jour réunir nos trésors respectifs.	Возможно, наступит день, когда мы объединим наши сокровища.	There is a chance we may one day join our hoards together.
Conversations/Bank/Seridia/Relationship Lines/Relationship/post_8h_lines_romantic/seridia_post_8h_romantic_15/8	Your pragmatism pleases me.	Ton pragmatisme me plaît.	Мне нравится твой прагматизм.	Your pragmatism pleases me.
Conversations/Bank/Seridia/Relationship Lines/Relationship/post_8h_lines_romantic/seridia_post_8h_romantic_15/9	Indeed, you would not have made it this far without knowing how to accumulate tesserae.	En effet, tu n'aurais pas réussi à aller aussi loin sans savoir comment accumuler des tesserae.	Воистину, без понимания, как копить тессеры, ты бы не <p>зашли</p><f>зашла</f><m>зашёл</m><n>зашло</n> так далеко.	Indeed, you would not have made it this far without knowing how to accumulate tesserae.
Conversations/Bank/Seridia/Relationship Lines/Relationship/post_8h_lines_romantic/seridia_post_8h_romantic_15/init	There you are, [Ari]. Do you have a moment to speak? There is something I would like to discuss.	Te voici, [Ari]. Aurais-tu un moment pour moi ? J'aimerais parler de quelque chose avec toi.	Вот ты где, [Ari]. Уделишь мне немного своего времени? Я хочу кое-что обсудить.	There you are, [Ari]. Do you have a moment to speak? There is something I would like to discuss.
Conversations/Bank/Seridia/Relationship Lines/Relationship/post_8h_lines_romantic/seridia_post_8h_romantic_2/1	"Is this ""$Dating$"" a common practice among modern-day mortals, or simply a local curiosity?"	Les « $rendez-vous$ » sont-ils une pratique courante, chez les mortels de l'époque actuelle, ou est-ce une curiosité locale ?	Так называемые «$свидания$» — это повсеместная практика у нынешних смертных? Или это такой местный обычай?	"Is this ""$Dating$"" a common practice among modern-day mortals, or simply a local curiosity?"
Conversations/Bank/Seridia/Relationship Lines/Relationship/post_8h_lines_romantic/seridia_post_8h_romantic_2/2	"In all my previous lives, I cannot recall any custom wherein a couple does pleasant, unstructured activities for... ""fun."" "	Dans toutes mes vies précédentes, je ne me rappelle aucune coutume dans laquelle un couple fait des activités agréables, libres, pour... « s'amuser ». 	Ни в одной из прошлых жизней я не могу вспомнить традицию, чтобы пары без строгих правил занимались чем-то приятным... ради «развлечения».	"In all my previous lives, I cannot recall any custom wherein a couple does pleasant, unstructured activities for... ""fun."" "
Conversations/Bank/Seridia/Relationship Lines/Relationship/post_8h_lines_romantic/seridia_post_8h_romantic_2/2/prompts/0	You've never dated before?	Tu n'avais encore jamais été à un rendez-vous ?	У тебя никогда не было свиданий?	You've never dated before?
Conversations/Bank/Seridia/Relationship Lines/Relationship/post_8h_lines_romantic/seridia_post_8h_romantic_2/2/prompts/1	I'd say it's pretty common.	Je dirais que c'est assez ordinaire.	Я бы <p>сказали</p><f>сказала</f><m>сказал</m><n>сказало</n>, это весьма распространённая практика.	I'd say it's pretty common.
Conversations/Bank/Seridia/Relationship Lines/Relationship/post_8h_lines_romantic/seridia_post_8h_romantic_2/3	You need not phrase it that way! It is not as though I am an innocent youth.	Tu n'as pas besoin de formuler les choses de cette façon ! Ce n'est pas comme si j'étais une jeunette innocente.	Не надо так формулировать! Будто твои слова обращены к невинному юнцу.	You need not phrase it that way! It is not as though I am an innocent youth.
Conversations/Bank/Seridia/Relationship Lines/Relationship/post_8h_lines_romantic/seridia_post_8h_romantic_2/4	I have courted, of course. With the intent to create alliances and to consolidate power.	J'ai eu des fréquentations, bien sûr. Dans l'intention de créer des alliances et de consolider un pouvoir.	Разумеется, мне знакомы ухаживания. С целью создать союз или укрепить свою власть.	I have courted, of course. With the intent to create alliances and to consolidate power.
Conversations/Bank/Seridia/Relationship Lines/Relationship/post_8h_lines_romantic/seridia_post_8h_romantic_2/5	The pleasurable time I spend with you is very different, however.	Cependant, les moments agréables que je passe avec toi sont très différents.	Однако времяпрепровождение с тобой — приятное. И это сильное отличие.	The pleasurable time I spend with you is very different, however.
Conversations/Bank/Seridia/Relationship Lines/Relationship/post_8h_lines_romantic/seridia_post_8h_romantic_2/6	"I expect you to show me more of this... ""$Dating$""."	J'attends de toi que tu me montres d'autres de ces... « $rendez-vous$ ».	Я рассчитываю, что ты дашь мне больше практики... «$свиданий$».	"I expect you to show me more of this... ""$Dating$""."
Conversations/Bank/Seridia/Relationship Lines/Relationship/post_8h_lines_romantic/seridia_post_8h_romantic_2/7	I see. How interesting.	Je vois. C'est très intéressant.	Понятно. Как интересно.	I see. How interesting.
Conversations/Bank/Seridia/Relationship Lines/Relationship/post_8h_lines_romantic/seridia_post_8h_romantic_2/8	When I was queen, the purpose of courtship was to create alliances and to consolidate power.	Quand j'étais reine, le but d'une cour était de créer des alliances et de consolider un pouvoir.	Когда я была королевой, целью ухаживаний всегда были новые союзы и укрепление власти.	When I was queen, the purpose of courtship was to create alliances and to consolidate power.
Conversations/Bank/Seridia/Relationship Lines/Relationship/post_8h_lines_romantic/seridia_post_8h_romantic_2/9	The pleasurable time I spend with you is very different.	Les moments agréables que je passe avec toi sont très différents.	А времяпрепровождение с тобой — приятное. И это сильное отличие.	The pleasurable time I spend with you is very different.
Conversations/Bank/Seridia/Relationship Lines/Relationship/post_8h_lines_romantic/seridia_post_8h_romantic_2/init	[Ari]. I have a question I would like you to answer for me.	J'ai une question, [Ari], à laquelle j'aimerais que tu répondes pour moi.	[Ari]. У меня есть вопрос, на который я хочу получить ответ.	[Ari]. I have a question I would like you to answer for me.
Conversations/Bank/Seridia/Relationship Lines/Relationship/post_8h_lines_romantic/seridia_post_8h_romantic_3/1	And of my time trapped in the depths of the Ruins.	Et au temps que j'ai passé, piégée dans les profondeurs des ruines.	И о том времени, что я провела в заточении в руинах.	And of my time trapped in the depths of the Ruins.
Conversations/Bank/Seridia/Relationship Lines/Relationship/post_8h_lines_romantic/seridia_post_8h_romantic_3/2	My crystalline prison was suffocating.	Ma prison de cristal était étouffante.	В удушающе тесной кристальной тюрьме.	My crystalline prison was suffocating.
Conversations/Bank/Seridia/Relationship Lines/Relationship/post_8h_lines_romantic/seridia_post_8h_romantic_3/3	Every day, I longed to assume physical form... to take a breath under the night sky.	Chaque jour, j'aspirais ardemment à avoir une forme physique... afin de respirer sous le ciel nocturne.	Каждый день я мечтала обрести физическое воплощение... Вдохнуть воздух под ночным небом.	Every day, I longed to assume physical form... to take a breath under the night sky.
Conversations/Bank/Seridia/Relationship Lines/Relationship/post_8h_lines_romantic/seridia_post_8h_romantic_3/4	After you freed me, I did just that.	Après que tu m'as libérée, c'est précisément ce que j'ai fait.	Это первое, что я сделала, когда ты меня <p>освободили</p><f>освободила</f><m>освободил</m><n>освободило</n>.	After you freed me, I did just that.
Conversations/Bank/Seridia/Relationship Lines/Relationship/post_8h_lines_romantic/seridia_post_8h_romantic_3/5	Cold and sharp, almost painful in my chest...	Froid et vif, presque douloureux dans ma poitrine...	Морозный ночной воздух, почти обжигающий грудь...	Cold and sharp, almost painful in my chest...
Conversations/Bank/Seridia/Relationship Lines/Relationship/post_8h_lines_romantic/seridia_post_8h_romantic_3/6	That night air is what I think of when I see you, [Ari].	C'est à cet air nocturne que je pense quand je te vois, [Ari].	Я вспоминаю его каждый раз, когда смотрю на тебя, [Ari].	That night air is what I think of when I see you, [Ari].
Conversations/Bank/Seridia/Relationship Lines/Relationship/post_8h_lines_romantic/seridia_post_8h_romantic_3/init	I was thinking of you...	J'étais en train de penser à toi...	Я размышляла о тебе...	I was thinking of you...
Conversations/Bank/Seridia/Relationship Lines/Relationship/post_8h_lines_romantic/seridia_post_8h_romantic_4/1	Oh, I revel in it.	Oh, je m'en délecte.	О, я упиваюсь этим взглядом.	Oh, I revel in it.
Conversations/Bank/Seridia/Relationship Lines/Relationship/post_8h_lines_romantic/seridia_post_8h_romantic_4/init	When you look at me, with those eyes of adoration...	Quand tu me regardes avec ces yeux pleins d'adoration...	Когда ты смотришь на меня с таким обожанием...	When you look at me, with those eyes of adoration...
Conversations/Bank/Seridia/Relationship Lines/Relationship/post_8h_lines_romantic/seridia_post_8h_romantic_5/1	Here. A token.	Tiens. Un témoignage symbolique.	Вот, возьми.	Here. A token.
Conversations/Bank/Seridia/Relationship Lines/Relationship/post_8h_lines_romantic/seridia_post_8h_romantic_5/2	I hunted this beast with my own claws... thinking of you as I struck every blow.	J'ai chassé cette bête de mes propres griffes... en pensant à toi à chaque instant.	Я растерзала этого зверя своими когтями... И с каждым ударом я думала о тебе.	I hunted this beast with my own claws... thinking of you as I struck every blow.
Conversations/Bank/Seridia/Relationship Lines/Relationship/post_8h_lines_romantic/seridia_post_8h_romantic_5/init	As your mate, it is my duty to provide for you.	En tant que compagne, il est de mon devoir de subvenir à tes besoins.	Как твой партнёр я обязана обеспечивать тебе пропитание.	As your mate, it is my duty to provide for you.
Conversations/Bank/Seridia/Relationship Lines/Relationship/post_8h_lines_romantic/seridia_post_8h_romantic_6/1	I wonder if hearing yours in return does the same for you...	Je me demande si entendre le tien en retour te provoque le même effet...	Интересно, почувствуешь ли ты это, если я назову твоё в ответ...	I wonder if hearing yours in return does the same for you...
Conversations/Bank/Seridia/Relationship Lines/Relationship/post_8h_lines_romantic/seridia_post_8h_romantic_6/2	[Ari].	[Ari].	[Ari].	[Ari].
Conversations/Bank/Seridia/Relationship Lines/Relationship/post_8h_lines_romantic/seridia_post_8h_romantic_6/init	It does thrill me to hear you speak my name.	Cela me donne le frisson de t'entendre prononcer mon nom.	Меня пронимает дрожь, когда ты произносишь моё имя.	It does thrill me to hear you speak my name.
Conversations/Bank/Seridia/Relationship Lines/Relationship/post_8h_lines_romantic/seridia_post_8h_romantic_7/1	I began my existence as an immortal dragon, but chose to live a mortal life.	J'ai commencé mon existence sous la forme d'un dragon immortel, mais j'ai choisi de vivre une vie mortelle.	Я начала своё существование как бессмертный дракон, но предпочла жить в мире смертных.	I began my existence as an immortal dragon, but chose to live a mortal life.
Conversations/Bank/Seridia/Relationship Lines/Relationship/post_8h_lines_romantic/seridia_post_8h_romantic_7/2	While you are mortal... yet imbued with the power of immortal dragons.	Alors que tu es un être mortel... pourtant imprégné de la puissance des dragons immortels.	Ты же <p>рождены смертными</p><f>рождена смертной</f><m>рождён смертным</m><n>рождено смертным</n>... Но <p>получили</p><f>получила</f><m>получил</m><n>получило</n> силу вечных драконов.	While you are mortal... yet imbued with the power of immortal dragons.
Conversations/Bank/Seridia/Relationship Lines/Relationship/post_8h_lines_romantic/seridia_post_8h_romantic_7/3	You walk a line between the shapes of my soul.	Tu marches sur un fil qui sépare les différents aspects de mon âme.	Ты живёшь на грани двух частей моей души.	You walk a line between the shapes of my soul.
Conversations/Bank/Seridia/Relationship Lines/Relationship/post_8h_lines_romantic/seridia_post_8h_romantic_7/4	Which makes you perfectly attuned to myself... And my tastes.	Ce qui fait que tu es en parfait unisson avec moi... et avec mes goûts.	И потому ты идеально подходишь для меня... И для моих вкусов.	Which makes you perfectly attuned to myself... And my tastes.
Conversations/Bank/Seridia/Relationship Lines/Relationship/post_8h_lines_romantic/seridia_post_8h_romantic_7/init	I have noticed that there are some interesting parallels between us.	J'ai remarqué qu'il existe entre nous des parallèles intéressants.	Я заметила между нами интересные параллели.	I have noticed that there are some interesting parallels between us.
Conversations/Bank/Seridia/Relationship Lines/Relationship/post_8h_lines_romantic/seridia_post_8h_romantic_8/1	The most prized treasure of my hoard.	Le trésor le plus précieux parmi toutes mes richesses.	Ты — моё самое драгоценное сокровище.	The most prized treasure of my hoard.
Conversations/Bank/Seridia/Relationship Lines/Relationship/post_8h_lines_romantic/seridia_post_8h_romantic_8/init	There you are. You seem to be shining brightly today.	Te voilà. Tu sembles briller de mille feux, aujourd'hui.	Вот ты где. Сегодня ты будто сияешь ярче.	There you are. You seem to be shining brightly today.
Conversations/Bank/Seridia/Relationship Lines/Relationship/post_8h_lines_romantic/seridia_post_8h_romantic_9/1	For I am not a demanding paramour.	Car je ne suis pas exigeante, en amour.	Ведь я нетребовательная любовница...	For I am not a demanding paramour.
Conversations/Bank/Seridia/Relationship Lines/Relationship/post_8h_lines_romantic/seridia_post_8h_romantic_9/2	Though my taste in gifts may be lavish...	Quoique mes goûts soient parfois dispendieux en matière de présents...	Хотя я и предпочитаю роскошные подарки...	Though my taste in gifts may be lavish...
Conversations/Bank/Seridia/Relationship Lines/Relationship/post_8h_lines_romantic/seridia_post_8h_romantic_9/3	And I should like to spend time with you often...	Et que j'aimerais passer souvent du temps avec toi...	И я бы хотела проводить с тобой время чаще...	And I should like to spend time with you often...
Conversations/Bank/Seridia/Relationship Lines/Relationship/post_8h_lines_romantic/seridia_post_8h_romantic_9/4	That is my right.	J'en ai le droit.	Таково моё право.	That is my right.
Conversations/Bank/Seridia/Relationship Lines/Relationship/post_8h_lines_romantic/seridia_post_8h_romantic_9/init	You need not fear, [Ari]...	N'aie crainte, [Ari]...	Тебе нечего бояться, [Ari]...	You need not fear, [Ari]...
