key	english	french	russian	bulgarian
Conversations/Bank/Balor/Banked Lines/Sick/sick/init	ACHOO! Sniff...	ATCHOUM ! Sniff...	АПЧХИ! Шмыг...	ACHOO! Sniff...
Conversations/Bank/Balor/Banked Lines/adeline_was_suspicious/adeline_was_suspicious/init	Adeline was originally suspicious of me, but she let me stick around. Guess I have my uses!	Adeline se méfiait un peu de moi, au début, mais elle m'a laissé rester. Il faut croire que j'ai mon utilité !	Аделина сначала мне не доверяла, но потом разрешила остаться. Видимо, от меня таки есть польза.	Adeline was originally suspicious of me, but she let me stick around. Guess I have my uses!
Conversations/Bank/Balor/Banked Lines/artisinal_pinecones/artisinal_pinecones/init	"I just got a dozen crates of ""artisanal"" pinecones in... what am I supposed to do with all these pinecones? And what's so artisanal about a pinecone, anyway?"	Je viens de recevoir une douzaine de caisses de pommes de pin « artisanales »... Que suis-je censé faire de tout ça ? Et puis qu'y a-t-il d'artisanal dans une pomme de pin ?	Я только что получил дюжину ящиков «ремесленных» сосновых шишек... Что мне с ними делать? И что вообще может быть ремесленного в шишке?	"I just got a dozen crates of ""artisanal"" pinecones in... what am I supposed to do with all these pinecones? And what's so artisanal about a pinecone, anyway?"
Conversations/Bank/Balor/Banked Lines/at_your_service/at_your_service/init	At your service, [Ari].	À ton service, [Ari].	К твоим услугам, [Ari].	At your service, [Ari].
Conversations/Bank/Balor/Banked Lines/basement/basement_1/init	Nice seeing you.	Content de te voir.	Рад видеть тебя.	Nice seeing you.
Conversations/Bank/Balor/Banked Lines/bath_smelled_nice/bath_smelled_nice/1	Who do you suppose Juniper's =Jasmine= supplier is?	Chez qui Juniper se fournit-elle en =jasmin=, à ton avis ?	Как думаешь, кто поставляет Джунипер =жасмин= ?	Who do you suppose Juniper's =Jasmine= supplier is?
Conversations/Bank/Balor/Banked Lines/bath_smelled_nice/bath_smelled_nice/init	The baths smelled nice today...	Les bains sentaient bon, aujourd'hui...	Сегодня в купальне так приятно пахло...	The baths smelled nice today...
Conversations/Bank/Balor/Banked Lines/bathhouse/bathhouse/1	What a luxury!	C'est un vrai luxe !	Такая роскошь!	What a luxury!
Conversations/Bank/Balor/Banked Lines/bathhouse/bathhouse/init	No such thing as a perfumed bath on the road, so I come to the Bathhouse whenever I can.	Rien de tel qu'un bain parfumé quand on est sur les routes, c'est pour ça que je viens aux bains dès que j'en ai l'occasion.	В дороге ни о каких душистых ваннах и мечтать не приходится, так что я наведываюсь в купальню при любой возможности.	No such thing as a perfumed bath on the road, so I come to the Bathhouse whenever I can.
Conversations/Bank/Balor/Banked Lines/bathhouse/bathhouse_2/1	That and the heat reminds me of faraway market streets. It's a nice memory.	Ça plus la chaleur, ça me rappelle les rues de marchés lointains. C'est un souvenir agréable.	Это вместе с жарой напоминает мне рыночные улицы дальних стран. Хорошее воспоминание.	That and the heat reminds me of faraway market streets. It's a nice memory.
Conversations/Bank/Balor/Banked Lines/bathhouse/bathhouse_2/init	Juniper's got a peppery aroma going with today's bath.	Juniper a utilisé un arôme poivré pour parfumer le bain d'aujourd'hui.	У Джунипер в купальне сегодня перечный аромат.	Juniper's got a peppery aroma going with today's bath.
Conversations/Bank/Balor/Banked Lines/bathhouse/bathhouse_3/init	A visit to the Bathhouse is a perfect remedy for the winter chill.	Un petit tour aux bains est le remède idéal contre les frimas de l'hiver.	Горячая ванна — лучшее средство от зимних морозов.	A visit to the Bathhouse is a perfect remedy for the winter chill.
Conversations/Bank/Balor/Banked Lines/bathhouse/bathhouse_4/1	A merchant's hair ought to look luxurious... to convey a sense of prosperity.	La chevelure d'un marchand doit être impeccable... pour renvoyer une image de prospérité.	Волосы торговца должны выглядеть шикарно... Это производит впечатление достатка.	A merchant's hair ought to look luxurious... to convey a sense of prosperity.
Conversations/Bank/Balor/Banked Lines/bathhouse/bathhouse_4/2	What do you think? Is it working?	Qu'en penses-tu ? Ça marche ?	Что думаешь? У меня получается?	What do you think? Is it working?
Conversations/Bank/Balor/Banked Lines/bathhouse/bathhouse_4/init	I learned early in my career to take my time with washing my hair.	Dès le début de ma carrière, j'ai compris que je devais prendre soin de mes cheveux.	Я научился заботиться о своих волосах, когда только начинал своё дело.	I learned early in my career to take my time with washing my hair.
Conversations/Bank/Balor/Banked Lines/bathhouse_luxury/bathhouse_luxury/init	After all my time on the road, this bathhouse is a luxury I simply can't live without.	Après tout le temps que j'ai passé sur les routes, ces bains sont un luxe dont je ne peux plus me passer.	После стольких лет странствий купальня — такая роскошь, без которой я жить не смогу.	After all my time on the road, this bathhouse is a luxury I simply can't live without.
Conversations/Bank/Balor/Banked Lines/beach/beach/1	But in the end, there were things that kept my boots planted firmly on the ground.	Mais pour finir, certaines choses m'ont décidé à garder les pieds solidement ancrés sur la terre ferme.	Но в конце концов кое-что удержало мои сапоги на суше.	But in the end, there were things that kept my boots planted firmly on the ground.
Conversations/Bank/Balor/Banked Lines/beach/beach/init	I almost became a seafaring merchant, years ago.	J'ai failli me lancer dans le commerce maritime, il y a des années de cela.	Когда-то я чуть было не стал морским торговцем.	I almost became a seafaring merchant, years ago.
Conversations/Bank/Balor/Banked Lines/beach_business/beach_business/1	Have you ever tried getting a wagon across the sand? I can't recommend it.	Tu as déjà essayé d'avancer en chariot dans le sable ? Je te le déconseille.	<p>Пробовали</p><f>Пробовала</f><m>Пробовал</m><n>Пробовало</n> как-нибудь тянуть фургон по песку? Не советую.	Have you ever tried getting a wagon across the sand? I can't recommend it.
Conversations/Bank/Balor/Banked Lines/beach_business/beach_business/init	There's a reason I don't do business on the Beach.	Il y a une raison pour laquelle je ne m'installe pas sur la plage pour faire des affaires.	Есть причина, по которой я не торгую на пляже.	There's a reason I don't do business on the Beach.
Conversations/Bank/Balor/Banked Lines/beach_combing/beach_combing/init	I've been combing the beach, [Ari]. It's mostly debris that washes up, but you never know.	J'ai ratissé la plage, [Ari]. La mer y dépose surtout des débris, mais on ne sait jamais.	Я тут прочёсывал пляж, [Ari]. Прибоем в основном приносит только мусор, но никогда не знаешь, что может попасться.	I've been combing the beach, [Ari]. It's mostly debris that washes up, but you never know.
Conversations/Bank/Balor/Banked Lines/beach_treasure/beach_treasure/1	I wonder how much treasure is still sitting on the ocean floor...	Je me demande combien de trésors dorment toujours au fond de l'océan.	Интересно, сколько сокровищ до сих пор лежит на дне...	I wonder how much treasure is still sitting on the ocean floor...
Conversations/Bank/Balor/Banked Lines/beach_treasure/beach_treasure/init	According to Eiland, there's some pretty famous shipwrecks that led to the construction of that lighthouse.	Selon Eiland, c'est suite à des naufrages restés célèbres que ce phare a été construit.	Эйланд говорит, что кое-какие знаменитые кораблекрушения привели к строительству того маяка.	According to Eiland, there's some pretty famous shipwrecks that led to the construction of that lighthouse.
Conversations/Bank/Balor/Banked Lines/beach_treasure/beach_treasure_2/1	But all I've found is Seaweed, Seaweed and... you guessed it!	Mais moi, tout ce que je trouve, ce sont des algues, des algues et... je te laisse deviner...	Но пока я нашёл только водоросли, водоросли и... ну, можно было бы не продолжать, но...	But all I've found is Seaweed, Seaweed and... you guessed it!
Conversations/Bank/Balor/Banked Lines/beach_treasure/beach_treasure_2/2	More $Seaweed$!	Encore des $algues$ !	Ещё $водоросли$!	More $Seaweed$!
Conversations/Bank/Balor/Banked Lines/beach_treasure/beach_treasure_2/init	Terithia says that all sorts of treasures wash up along the shoreline...	Terithia dit que toutes sortes de trésors viennent s'échouer le long de la côte...	Теризия говорит, что на берег иногда выбрасывает всякие сокровища...	Terithia says that all sorts of treasures wash up along the shoreline...
Conversations/Bank/Balor/Banked Lines/boots/boots/1	I bought these from Louis many seasons back, and they've taken good care of me.	J'ai acheté celles-ci à Louis il y a des lustres et mes pieds n'ont pas eu à s'en plaindre, bien au contraire.	Эту пару я приобрёл у Луи много сезонов назад, и они до сих пор отлично мне служат.	I bought these from Louis many seasons back, and they've taken good care of me.
Conversations/Bank/Balor/Banked Lines/boots/boots/init	Nothing more important for a traveling merchant than a sturdy pair of boots.	Pour un marchand itinérant, il est essentiel d'avoir une paire de bottes bien résistantes.	Для бродячего торговца пара крепких ботинок важнее всего.	Nothing more important for a traveling merchant than a sturdy pair of boots.
Conversations/Bank/Balor/Banked Lines/breakfast/breakfast/init	Morning, [Ari]! Slow down, why don't you join me for breakfast?	Bonjour, [Ari] ! Attends un peu, si tu te joignais à moi pour le petit-déjeuner ?	Доброе утро, [Ari]! Не спеши, присоединяйся ко мне за завтраком!	Morning, [Ari]! Slow down, why don't you join me for breakfast?
Conversations/Bank/Balor/Banked Lines/breakfast/breakfast_2/1	Breakfast at the Sleeping Dragon Inn lands nicely in the middle.	Celui qui est servi à l'auberge du Dragon qui dort est un bon compromis entre ces deux extrêmes.	А вот завтрак в «Спящем драконе» — золотая середина.	Breakfast at the Sleeping Dragon Inn lands nicely in the middle.
Conversations/Bank/Balor/Banked Lines/breakfast/breakfast_2/init	Breakfast in the Capital can be a decadent affair, and breakfast on the road is a frugal one.	Le petit-déjeuner dans la capitale peut être gargantuesque, et celui qu'on prend sur la route est assez frugal.	Завтраки в столице — сплошное пиршество, а в дороге вынужденно скромные.	Breakfast in the Capital can be a decadent affair, and breakfast on the road is a frugal one.
Conversations/Bank/Balor/Banked Lines/bridge_repair/bridge_repair_0/1	"They're saying things like ""[Ari] is really something"" and ""<he>he's</he><she>she's</she><they>they're</they><it>it's</it><none>[Ari]'s</none> going to do big things in Mistria""!"	Ils disent des choses du genre : « [Ari] est vraiment quelqu'un d'exceptionnel, » ou « <he>il</he><she>elle</she><they>iel</they> va faire des choses merveilleuses pour Mistria ! » !	Они говорят: «[Ari] просто <p>необыкновенное</p><f>необыкновенная</f><m>необыкновенный</m><n>необыкновенное</n>» или «в Мистрии <p>их</p><f>её</f><m>его</m><n>его</n> ждёт большое будущее»!	"They're saying things like ""[Ari] is really something"" and ""<he>he's</he><she>she's</she><they>they're</they><it>it's</it><none>[Ari]'s</none> going to do big things in Mistria""!"
Conversations/Bank/Balor/Banked Lines/bridge_repair/bridge_repair_0/2	I'm one of them!	Je le pense aussi !	И я тоже так считаю!	I'm one of them!
Conversations/Bank/Balor/Banked Lines/bridge_repair/bridge_repair_0/init	I've got my ear to the ground around here, and folks saw how hard you worked getting the bridge fixed up.	Sache que j'ai toujours une oreille qui traîne et crois-moi quand je te dis que tout le monde a vu le mal que tu t'es donné pour réparer le pont.	Я всегда примечаю, что говорят местные. Они все заметили, как ты <p>старались</p><f>старалась</f><m>старался</m><n>старалось</n>, чтобы починить мост.	I've got my ear to the ground around here, and folks saw how hard you worked getting the bridge fixed up.
Conversations/Bank/Balor/Banked Lines/business_advice/business_advice/init	Lots of ways to make money around Mistria if you know where to look.	Il y a plein de façons de gagner de l'argent à Mistria si on sait où regarder.	В Мистрии полно способов заработать, если знаешь, где искать.	Lots of ways to make money around Mistria if you know where to look.
Conversations/Bank/Balor/Banked Lines/caldarus/balor_0_follow_up/1	"It took me a bit to figure out what ""wheat powder"" was. Why wouldn't you just write ""$Flour$""?"	Il m'a fallu un peu de temps pour comprendre ce qu'était la « poudre de blé ». Pourquoi ne pas écrire simplement « $farine$ » ?	Сначала я не понял, что такое «пшеничный порошок». Почему бы просто не написать «$мука$»?	"It took me a bit to figure out what ""wheat powder"" was. Why wouldn't you just write ""$Flour$""?"
Conversations/Bank/Balor/Banked Lines/caldarus/balor_0_follow_up/2	Pay is good enough that I don't ask questions, though. Those old coins are worth a lot, so I leave goods on the designated stump and get on with my day.	Mais c'est suffisamment bien payé pour que je ne pose pas de questions. Ces pièces anciennes valent très cher, alors je dépose les marchandises sur la souche demandée et je pars.	Но оплата достаточна хороша, чтобы не задавать лишних вопросов. Оставляю товар на пне — и иду своей дорогой.	Pay is good enough that I don't ask questions, though. Those old coins are worth a lot, so I leave goods on the designated stump and get on with my day.
Conversations/Bank/Balor/Banked Lines/caldarus/balor_0_follow_up/init	Lately, I've been getting mysterious orders left out by the Deep Woods stairs. They're written in a bit of an archaic hand, and sometimes items are described a bit strangely.	Ces derniers temps, on me laisse de mystérieuses commandes près des escaliers menant à Boissombre. L'écriture est un peu archaïque et les objets parfois décrits bizarrement.	В последнее время я нахожу странные заказы у лестницы в Глубокой чаще. Пишут старым почерком, описания тоже причудливые.	Lately, I've been getting mysterious orders left out by the Deep Woods stairs. They're written in a bit of an archaic hand, and sometimes items are described a bit strangely.
Conversations/Bank/Balor/Banked Lines/cheers/cheers/init	It's always a fine evening when you stop to say hi, [Ari]. Cheers!	C'est toujours une bonne soirée quand tu t'arrêtes pour me saluer, [Ari]. Santé !	Вечер становится лучше, когда ты заглядываешь, [Ari]. За тебя!	It's always a fine evening when you stop to say hi, [Ari]. Cheers!
Conversations/Bank/Balor/Banked Lines/cheers/cheers_2/init	A toast, to another beautiful day in Mistria.	Portons un toast à une autre belle journée à Mistria.	Тост: за ещё один прекрасный день в Мистрии.	A toast, to another beautiful day in Mistria.
Conversations/Bank/Balor/Banked Lines/come_in_from_cold/come_in_from_cold/init	Evening, [Ari]. Come in from the cold, have you?	Bonsoir, [Ari]. Ça faisait longtemps.	Добрый вечер, [Ari]. Прячешься от холода, да?	Evening, [Ari]. Come in from the cold, have you?
Conversations/Bank/Balor/Banked Lines/day_after_market/day_after_market/init	After the rush of market day, I like to relax.	Après l'intense activité du marché, j'aime me détendre un peu.	После суеты базарного дня я люблю расслабиться.	After the rush of market day, I like to relax.
Conversations/Bank/Balor/Banked Lines/desk_work/desk_work/1	If what I'm seeing here lines up, I might have found a forgotten trade route. And that means opportunity!	À moins que je comprenne mal ce que je vois, j'ai peut-être trouvé une route commerciale oubliée. Voilà qui ouvre de nouvelles opportunités !	Если я верно понял, что на них изображено, возможно, мне удалось открыть забытый торговый путь. А значит — новые возможности!	If what I'm seeing here lines up, I might have found a forgotten trade route. And that means opportunity!
Conversations/Bank/Balor/Banked Lines/desk_work/desk_work/init	Eiland pulled some old maps out of the Museum's archive, and I found myself intrigued.	Eiland a sorti de vieilles cartes des archives du musée, et certaines choses m'ont intrigué.	Меня заинтересовали старые карты, которые Эйланд достал из музейных архивов.	Eiland pulled some old maps out of the Museum's archive, and I found myself intrigued.
Conversations/Bank/Balor/Banked Lines/digsite_appreciation/digsite_appreciation/1	The archaeologists in the Capital could learn a thing or third from Eiland and Errol.	Les archéologues de la capitale auraient des choses à apprendre d'Eiland et d'Errol.	Археологам из столицы есть чему поучиться у Эйланда и Эррола.	The archaeologists in the Capital could learn a thing or third from Eiland and Errol.
Conversations/Bank/Balor/Banked Lines/digsite_appreciation/digsite_appreciation/init	I've been to dig sites before, and it's fair to say that Eiland's is the most organized I've ever seen.	J'ai déjà visité d'autres sites de fouilles et je dois reconnaître que celui d'Eiland est le plus organisé que j'aie jamais vu.	Я и раньше бывал на всяких раскопках, но у Эйланда — самые организованные, что я видел.	I've been to dig sites before, and it's fair to say that Eiland's is the most organized I've ever seen.
Conversations/Bank/Balor/Banked Lines/dnd_followup/dnd_followup/1	Still, what kind of name is Snicklefritz?	N'empêche, c'est quoi ce nom, « Tirelaine » ?	Но, имя, конечно, он ему придумал... Сниклефриц?	Still, what kind of name is Snicklefritz?
Conversations/Bank/Balor/Banked Lines/dnd_followup/dnd_followup/init	I kept trying to get out of Lord Eiland's little game, but he made me a character and everything.	J'ai essayé d'échapper au petit jeu de messire Eiland, mais il m'a quand même attribué un personnage, et tout.	Я пытался избежать участия в играх Эйланда, но он сам сделал мне персонажа и всё устроил.	I kept trying to get out of Lord Eiland's little game, but he made me a character and everything.
Conversations/Bank/Balor/Banked Lines/dnd_followup_2/dnd_followup_2/init	I was skeptical, but there may be something to this Dragons & Drama that Lord Eiland's so on about.	J'étais sceptique, mais ce jeu, Dangers & Dragons, dont messire Eiland nous rebat les oreilles, n'est finalement pas inintéressant.	Мне по-началу не было интересно, но всё-таки что-то в этих «Перепалках & Драконах» Эйланда есть.	I was skeptical, but there may be something to this Dragons & Drama that Lord Eiland's so on about.
Conversations/Bank/Balor/Banked Lines/duet/duet/init	Josephine and Elsie have quite a duet going.	Joséphine et Elsie forment un sacré duo.	У Джозефины и Элси прямо дуэт сложился.	Josephine and Elsie have quite a duet going.
Conversations/Bank/Balor/Banked Lines/early_friday/early_friday/init	Are you here for the Friday gathering? Grab a seat, folks will start trickling in soon enough!	Tu es là pour la soirée du vendredi ? Assieds-toi, les autres ne devraient pas tarder à arriver.	Ты <p>пришли</p><f>пришла</f><m>пришёл</m><n>пришло</n> на вечернюю встречу? Садись, скоро все подойдут!	Are you here for the Friday gathering? Grab a seat, folks will start trickling in soon enough!
Conversations/Bank/Balor/Banked Lines/eilands_a_great_customer/eiland_is_a_great_customer/init	Eiland's one of my best customers. If it's old and inscrutable he wants it, and he always pays on time.	Eiland est l'un de mes meilleurs clients. Si un objet est vieux et insondable, il le veut, et il paie toujours rubis sur l'ongle.	Эйланд — один из моих лучших покупателей. Всё загадочное старьё скупает и платит вовремя.	Eiland's one of my best customers. If it's old and inscrutable he wants it, and he always pays on time.
Conversations/Bank/Balor/Banked Lines/elsie_loves_the_capital/elsie_loves_the_capital/init	Elsie speaks fondly of the Capital, but that place only holds bad memories for me.	Elsie parle avec tendresse de la capitale, mais en ce qui me concerne, ce lieu n'évoque que de mauvais souvenirs.	Элси с ностальгией говорит о столице, но у меня с ней связаны только плохие воспоминания.	Elsie speaks fondly of the Capital, but that place only holds bad memories for me.
Conversations/Bank/Balor/Banked Lines/extra_lines/capital_market/1	I'd spend all day criss-crossing the same plaza...	Je passais la journée à quadriller la place...	Целый день ходил по одной и той же площади из конца в конец...	I'd spend all day criss-crossing the same plaza...
Conversations/Bank/Balor/Banked Lines/extra_lines/capital_market/2	Buying low and selling high.	J'achetais pas cher pour revendre à bon prix.	Покупал подешевле, продавал подороже.	Buying low and selling high.
Conversations/Bank/Balor/Banked Lines/extra_lines/capital_market/init	Did I ever tell you I spend some time working the Capital market?	Je t'ai déjà raconté que j'ai travaillé quelque temps sur le marché de la capitale ?	Я тебе рассказывал, как я зарабатывал на столичном рынке?	Did I ever tell you I spend some time working the Capital market?
Conversations/Bank/Balor/Banked Lines/extra_lines/flair/1	No one wants to work with a merchant who doesn't look prosperous.	Personne n'a envie de travailler avec un marchand qui semble ne pas avoir un sou devant lui.	С небогато одетым торговцем никто не захочет работать.	No one wants to work with a merchant who doesn't look prosperous.
Conversations/Bank/Balor/Banked Lines/extra_lines/flair/init	I always like an outfit with a bit of flair.	J'ai toujours aimé les tenues un peu élégantes.	Мне нравится, когда в костюме чувствуется вкус.	I always like an outfit with a bit of flair.
Conversations/Bank/Balor/Banked Lines/extra_lines/money/1	I'd like to find out for myself whether that's true or not.	J'aimerais avoir l'occasion de découvrir par moi-même si ce constat est vrai ou faux.	Но я намерен лично проверить, правда это или нет.	I'd like to find out for myself whether that's true or not.
Conversations/Bank/Balor/Banked Lines/extra_lines/money/init	They say money won't buy happiness, but...	On dit que l'argent ne fait pas le bonheur, mais...	Говорят, не в деньгах счастье...	They say money won't buy happiness, but...
Conversations/Bank/Balor/Banked Lines/extra_lines/moon/1	Silver? Diamonds?	En argent ? En diamant ?	Из серебра? Из алмазов?	Silver? Diamonds?
Conversations/Bank/Balor/Banked Lines/extra_lines/moon/init	What do you suppose the moon is made of, [Ari]?	En quoi est faite la lune, d'après toi, [Ari] ?	Как ты думаешь, [Ari], из чего сделана луна?	What do you suppose the moon is made of, [Ari]?
Conversations/Bank/Balor/Banked Lines/extra_lines/new_boots/1	Louis will be happy to hear it.	Louis sera ravi de l'apprendre.	Луи обрадуется, когда я ему расскажу.	Louis will be happy to hear it.
Conversations/Bank/Balor/Banked Lines/extra_lines/new_boots/init	My new boots broke in nicely!	Mes nouvelles bottes se sont bien faites !	Мои новые ботинки так легко разносились!	My new boots broke in nicely!
Conversations/Bank/Balor/Banked Lines/extra_lines/new_boots_2/1	Lucky for me, Louis always has a new pair ready just when I need it.	Heureusement pour moi, Louis en a toujours une nouvelle paire prête pile quand j'en ai besoin.	К счастью, когда мне нужны новые ботинки, у Луи они как раз наготове.	Lucky for me, Louis always has a new pair ready just when I need it.
Conversations/Bank/Balor/Banked Lines/extra_lines/new_boots_2/2	He practically has a sixth sense when it comes to matters of attire.	Il a quasiment un sixième sens en ce qui concerne l'habillement.	В вопросах одежды у него почти сверхъестествнное чутьё.	He practically has a sixth sense when it comes to matters of attire.
Conversations/Bank/Balor/Banked Lines/extra_lines/new_boots_2/init	With all the traveling I do, I wear out a lot of boots.	Avec tous ces voyages que je fais, j'use beaucoup de bottes.	Я много путешествую, так что мне часто приходится менять обувь.	With all the traveling I do, I wear out a lot of boots.
Conversations/Bank/Balor/Banked Lines/extra_lines/new_deal/1	By your leave, [Ari].	Si tu veux bien m'excuser, [Ari].	Прошу извинить, [Ari].	By your leave, [Ari].
Conversations/Bank/Balor/Banked Lines/extra_lines/new_deal/init	I've got a line on a new deal, but time is of the essence!	J'ai un plan pour une nouvelle affaire, mais je ne dois pas traîner !	Я нашёл выход на одну сделку, но надо поспешить!	I've got a line on a new deal, but time is of the essence!
Conversations/Bank/Balor/Banked Lines/extra_lines/on_your_way/1	I won't keep you, much as I'd like to.	Dans ce cas, je ne te retiens pas.	Не буду тебя задерживать, хотя мне и хочется.	I won't keep you, much as I'd like to.
Conversations/Bank/Balor/Banked Lines/extra_lines/on_your_way/init	On your way somewhere?	Tu vas quelque part ?	Куда-то спешишь?	On your way somewhere?
Conversations/Bank/Balor/Banked Lines/extra_lines/opportunities/1	I used to think she was a bit green to be town leader, but she's got big ideas and the work ethic to make them happen.	Je la trouvais autrefois un peu jeune pour administrer la ville, mais elle a de grandes idées et la conscience professionnelle nécessaire pour les réaliser.	Раньше я думал, что ей рановато заниматься управлением. Но она умеет мыслить масштабно и честно работать над воплощением своих планов.	I used to think she was a bit green to be town leader, but she's got big ideas and the work ethic to make them happen.
Conversations/Bank/Balor/Banked Lines/extra_lines/opportunities/init	The economic opportunities in Mistria have really opened up thanks to Adeline's initiatives.	Grâce aux initiatives d'Adeline, de nombreuses opportunités économiques s'ouvrent à Mistria.	Экономический потенциал Мистрии существенно вырос благодаря стараниям Аделины.	The economic opportunities in Mistria have really opened up thanks to Adeline's initiatives.
Conversations/Bank/Balor/Banked Lines/extra_lines/overnight/1	These are the deals I live for!	J'adore ce genre d'affaires !	Вот такие сделки мне интересны!	These are the deals I live for!
Conversations/Bank/Balor/Banked Lines/extra_lines/overnight/init	I'm getting ready for an overnight trade run...	Je me prépare à un trajet sur deux jours pour une transaction...	Я сейчас готовлю поставку к завтрашнему утру...	I'm getting ready for an overnight trade run...
Conversations/Bank/Balor/Banked Lines/extra_lines/pace/1	I'm glad Mistria's pace is a bit more relaxed.	Je suis content qu'il y ait moins de monde à Mistria.	Приятно, что в Мистрии посвободнее.	I'm glad Mistria's pace is a bit more relaxed.
Conversations/Bank/Balor/Banked Lines/extra_lines/pace/init	In the Capital, I always need to make deliveries early so I have time to elbow through the crowds.	Dans la capitale, je dois toujours effectuer mes livraisons très tôt si je veux pouvoir me frayer un chemin dans la foule.	В столице мне приходилось развозить поставки заранее, чтобы хватило времени пробиться через толпу.	In the Capital, I always need to make deliveries early so I have time to elbow through the crowds.
Conversations/Bank/Balor/Banked Lines/extra_lines/shipments/1	She really knows her stuff.	Elle maîtrise vraiment son domaine.	Она хорошо разбирается в деле.	She really knows her stuff.
Conversations/Bank/Balor/Banked Lines/extra_lines/shipments/init	Coordinating shipments with Nora always goes smoothly...	La coordination des expéditions avec Nora se passe toujours bien...	С Норой всегда легко согласовывать поставки...	Coordinating shipments with Nora always goes smoothly...
Conversations/Bank/Balor/Banked Lines/extra_lines/slow_down/1	I don't mind it...	Ça me convient...	И я не против...	I don't mind it...
Conversations/Bank/Balor/Banked Lines/extra_lines/slow_down/init	Mistria is the kind of place where you can slow down.	Mistria est ce genre d'endroit où on peut lever le pied.	Мистрия — место, где можно позволить себе замедлиться.	Mistria is the kind of place where you can slow down.
Conversations/Bank/Balor/Banked Lines/extra_lines/tesserae/init	There's no sound quite so pleasing as the jingling of tesserae in your pocket...	Aucun son ne me ravit plus que le tintement des tesserae dans ma poche...	Самый приятный звук — это звон тессер в кармане...	There's no sound quite so pleasing as the jingling of tesserae in your pocket...
Conversations/Bank/Balor/Banked Lines/extra_lines/valuable/1	I wonder what kind of mundane clutter of ours will be priceless in the future?	Je me demande quel bric-à-brac sans intérêt aujourd'hui aura une valeur inestimable à l'avenir.	Может, что-нибудь из нашей рухляди в будущем тоже станет драгоценным товаром?	I wonder what kind of mundane clutter of ours will be priceless in the future?
Conversations/Bank/Balor/Banked Lines/extra_lines/valuable/init	It's funny what sorts of old objects people find valuable these days.	C'est amusant de voir le genre d'objets anciens qui sont précieux aux yeux des gens, de nos jours.	Забавно, какие разные старые вещи люди сейчас считают ценными.	It's funny what sorts of old objects people find valuable these days.
Conversations/Bank/Balor/Banked Lines/extra_lines/winter_wagon/init	I'm used to spending winters sleeping in the back of my wagon, so having my own bed at the Inn has been a welcome change.	J'ai l'habitude de passer l'hiver à dormir à l'arrière de mon chariot, alors avoir mon propre lit à l'auberge est un changement bienvenu.	Я привык зимой ночевать в своём фургоне. Поэтому своя постель в трактире — приятное разнообразие.	I'm used to spending winters sleeping in the back of my wagon, so having my own bed at the Inn has been a welcome change.
Conversations/Bank/Balor/Banked Lines/favorite_customer/favorite_customer/1	Well, you're my REAL favorite.	Eh bien, pour toi, je le pense VRAIMENT.	Нет, ну в твоём случае это правда.	Well, you're my REAL favorite.
Conversations/Bank/Balor/Banked Lines/favorite_customer/favorite_customer/init	Ah, my favorite customer! I say that to every customer?	Ah, <he>mon client préféré</he><she>ma cliente préférée</she><they>ma personne préférée parmi tous mes clients</they> ! Je dis ça à tout le monde ?	А, мой любимый покупатель. Что? Я говорю это каждому покупателю?	Ah, my favorite customer! I say that to every customer?
Conversations/Bank/Balor/Banked Lines/foraging/foraging/1	To be honest... I have no idea what I'm doing.	Pour être franc, je n'ai pas la moindre idée de ce que je suis en train de faire.	Но, если честно, я понятия не имею, как и где.	To be honest... I have no idea what I'm doing.
Conversations/Bank/Balor/Banked Lines/foraging/foraging/2	I suppose we all need to start somewhere, eh?	Enfin, il faut bien commencer quelque part, hein ?	Ну, что ж, главное, наверное, хоть с чего-то начать, да?	I suppose we all need to start somewhere, eh?
Conversations/Bank/Balor/Banked Lines/foraging/foraging/init	Rare flowers do well in the Capital, and Celine said the foraging out here is good, but...	Les fleurs rares marchent bien dans la capitale, et Céline dit que la cueillette est bonne par ici, mais...	Редкие цветы хорошо уходят в столице, а Селин говорит, что здесь их можно насобирать...	Rare flowers do well in the Capital, and Celine said the foraging out here is good, but...
Conversations/Bank/Balor/Banked Lines/foraging/foraging_2/1	Maybe I'd best leave it to the experts before I poison myself.	Je devrais peut-être laisser ça aux spécialistes avant de m'empoisonner.	Возможно, лучше оставить это занятие экспертам, пока я не отравился.	Maybe I'd best leave it to the experts before I poison myself.
Conversations/Bank/Balor/Banked Lines/foraging/foraging_2/init	Celine and Juniper both said I might enjoy foraging, but I can never remember what's safe to pick.	Céline et Juniper me disent toutes les deux que la cueillette pourrait me plaire, mais je ne sais jamais ce qu'on peut ramasser sans risque.	Селин и Джунипер думают, мне понравится собирать цветы, но я никак не могу запомнить, что трогать безопасно, а что нет.	Celine and Juniper both said I might enjoy foraging, but I can never remember what's safe to pick.
Conversations/Bank/Balor/Banked Lines/gem_appreciation/gem_appreciation/1	Cleavage, fracture and luster! These are all things you learn to have an eye for when you trade in jewels.	Le clivage, la cassure et le lustre ! Voici autant de choses qu'il faut apprendre à identifier quand on fait commerce de joyaux.	Помимо размера, важно смотреть на сколы, форму и блеск. Когда торгуешь камнями, глаз сам набивается на эти вещи.	Cleavage, fracture and luster! These are all things you learn to have an eye for when you trade in jewels.
Conversations/Bank/Balor/Banked Lines/gem_appreciation/gem_appreciation/init	With gems, don't be fooled by size alone, [Ari].	En matière de pierres précieuses, la taille seule ne fait pas tout, [Ari].	Не дай размерам драгоценных камней обмануть себя, [Ari].	With gems, don't be fooled by size alone, [Ari].
Conversations/Bank/Balor/Banked Lines/general_store_shopping/general_store_shopping/1	Now if you'll excuse me, I've got to scrounge up the last few ingredients...	Si tu veux bien m'excuser, je dois grappiller les derniers ingrédients...	Что ж, прошу меня извинить. Мне нужно найти ещё парочку ингредиентов...	Now if you'll excuse me, I've got to scrounge up the last few ingredients...
Conversations/Bank/Balor/Banked Lines/general_store_shopping/general_store_shopping/init	I know what you're thinking. Curry is more of a winter dish, but I like it year round!	Je sais ce que tu penses. Le curry est plutôt un plat d'hiver, mais moi, je l'apprécie toute l'année !	Я знаю, о чём ты думаешь. Что карри — блюдо, больше подходящее для зимы. Но я люблю его круглый год.	I know what you're thinking. Curry is more of a winter dish, but I like it year round!
Conversations/Bank/Balor/Banked Lines/general_store_shopping/general_store_shopping_2/1	I guess it's a single turnip and wine kind of night.	Je crois que ce soir, ça va être un navet et du vin.	Видимо, сегодня я ужинаю вином и одинокой редькой.	I guess it's a single turnip and wine kind of night.
Conversations/Bank/Balor/Banked Lines/general_store_shopping/general_store_shopping_2/init	Why do I always think I can go shopping without a list...?	Pourquoi je crois toujours pouvoir me passer de liste quand je vais faire des courses...?	Почему я каждый раз думаю, что можно просто пойти в магазин без списка покупок?..	Why do I always think I can go shopping without a list...?
Conversations/Bank/Balor/Banked Lines/greeting_ari/greeting_ari/1	Make sure that you put $anything that you want to sell$ into the $Shipping Bin$ next to your house.	N'oublie pas de placer $tout ce que tu veux vendre$ dans la $boîte d'expédition$ à côté de chez toi.	Если ты $хочешь что-то продать$, положи это в $отгрузочный ящик$ рядом с твоим домом.	Make sure that you put $anything that you want to sell$ into the $Shipping Bin$ next to your house.
Conversations/Bank/Balor/Banked Lines/greeting_ari/greeting_ari/2	I'll pick up your shipments and leave your payment overnight.	Je récupérerai tes marchandises et te déposerai le règlement d'ici au lendemain matin.	Ночью я заберу всё, что там лежит, и оставлю плату.	I'll pick up your shipments and leave your payment overnight.
Conversations/Bank/Balor/Banked Lines/greeting_ari/greeting_ari/3	The shops in this town depend on the stock I procure for them, so we're all looking forward to your business.	Les magasins du village dépendent de moi pour leur approvisionnement, alors nous avons tous hâte que tes affaires marchent bien.	Здешние магазины рассчитывают на мои поставки. Так что мы все надеемся на твою помощь со снабжением.	The shops in this town depend on the stock I procure for them, so we're all looking forward to your business.
Conversations/Bank/Balor/Banked Lines/greeting_ari/greeting_ari/init	Hey! I'm glad I bumped into you. I'd forgotten to mention...	[Ari] ! Je suis content de te croiser. J'avais oublié de te dire...	Ой! Как здорово, что я тебя встретил. Совсем забыл сказать...	Hey! I'm glad I bumped into you. I'd forgotten to mention...
Conversations/Bank/Balor/Banked Lines/hard_to_sleep_at_inn/hard_to_sleep_at_inn/init	Sometimes it's hard to sleep at the Inn... but I always sleep well in my wagon. I must be used to the road.	J'ai parfois du mal à m'endormir à l'auberge... mais dans mon chariot, je dors toujours bien. Je dois être habitué à la route.	Иногда мне сложно заснуть в трактире... Но в своём фургоне я засыпаю всегда. Видимо, привычка.	Sometimes it's hard to sleep at the Inn... but I always sleep well in my wagon. I must be used to the road.
Conversations/Bank/Balor/Banked Lines/heading_to_haydens_for_dinner/heading_to_haydens_for_dinner/init	Meeting some friends for dinner. I never know what to bring! I suppose a bottle of wine never disappoints.	Je retrouve des amis pour le dîner. Je ne sais jamais quoi apporter ! J'imagine qu'une bouteille de vin est une valeur sûre.	Сегодня ужинаю с друзьями. Никогда не знаю, какой гостинец захватить. Но, думаю, бутылка вина всегда подойдёт.	Meeting some friends for dinner. I never know what to bring! I suppose a bottle of wine never disappoints.
Conversations/Bank/Balor/Banked Lines/heart_level_lines/four_to_five_0/1	I would have made it a point to meet you further up the road!	J'aurais mis un point d'honneur à aller à ta rencontre sur le chemin !	Я бы специально вышел заранее, чтобы встретить тебя на дороге чуть раньше.	I would have made it a point to meet you further up the road!
Conversations/Bank/Balor/Banked Lines/heart_level_lines/four_to_five_0/init	If you had told me one new farmer moving to Mistria was going to boost business this way...	Si on m'avait dit qu'une personne venue reprendre une ferme à Mistria ferait prospérer les affaires de la sorte...	Если бы мне сказали, что всего один новый фермер в Мистрии может настолько улучшить дела...	If you had told me one new farmer moving to Mistria was going to boost business this way...
Conversations/Bank/Balor/Banked Lines/heart_level_lines/two_to_three_0/1	I can particularly recommend the Inn, nothing quite like a cold drink after a long day.	Je te recommande tout particulièrement l'auberge : rien ne vaut une boisson fraîche après une longue journée.	Особенно рекомендую заглянуть в трактир. Нет ничего лучше холодненького напитка после долгого дня.	I can particularly recommend the Inn, nothing quite like a cold drink after a long day.
Conversations/Bank/Balor/Banked Lines/heart_level_lines/two_to_three_0/2	You should join me sometime!	Tu devrais m'y rejoindre, à l'occasion !	Присоединяйся как-нибудь!	You should join me sometime!
Conversations/Bank/Balor/Banked Lines/heart_level_lines/two_to_three_0/init	Have you been taking the time to relax and enjoy Mistria's charms?	As-tu pris le temps de te détendre et de profiter des atouts de Mistria ?	Как тебе удаётся найти время, чтобы насладиться злачными местами Мистрии?	Have you been taking the time to relax and enjoy Mistria's charms?
Conversations/Bank/Balor/Banked Lines/heart_level_lines/zero_to_one_0/1	I can assure you that they'll be lucrative for both of us.	Je peux t'assurer qu'on y trouvera notre compte tous les deux.	Уверяю, это сотрудничество будет выгодно нам обоим.	I can assure you that they'll be lucrative for both of us.
Conversations/Bank/Balor/Banked Lines/heart_level_lines/zero_to_one_0/init	Keep an eye on the request board, I occasionally post jobs that are more suited to an adventurer like yourself.	Garde un œil sur le panneau des requêtes. J'y dépose parfois des demandes adaptées aux aventuriers dans ton genre.	Посматривай иногда на доску прошений. Время от времени, я размещаю там задания, которые хорошо бы подошли приключенцам вроде тебя.	Keep an eye on the request board, I occasionally post jobs that are more suited to an adventurer like yourself.
Conversations/Bank/Balor/Banked Lines/hemlock_and_sleeping_dragon_appreciation/hemlock_appreciation/init	Hemlock takes real pride in what he serves... The Sleeping Dragon is the best inn around for a reason.	Hemlock est vraiment très fier de ce qu'il sert... Ce n'est pas pour rien que le Dragon qui dort est la meilleure auberge de la région.	Хемлок гордится своей кухней... «Спящий дракон» не просто так лучший трактир в округе.	Hemlock takes real pride in what he serves... The Sleeping Dragon is the best inn around for a reason.
Conversations/Bank/Balor/Banked Lines/hemlocks_a_friend/hemlock_friend_poker/init	Hemlock's been a real friend since I took up residence in Mistria, but I'm still not going to go easy on him when we play cards.	Avec Hemlock, on est amis depuis mon arrivée à Mistria, mais ce n'est pas pour autant que je lui fais des cadeaux quand on joue aux cartes.	Хемлок стал мне хорошим другом с тех пор, как я поселился в Мистрии, но это не значит, что я буду поддаваться ему в карты.	Hemlock's been a real friend since I took up residence in Mistria, but I'm still not going to go easy on him when we play cards.
Conversations/Bank/Balor/Banked Lines/hints/hints_0/1	But I've heard that it's a particularly lucrative crop in the spring.	Mais il paraît qu'il s'agit d'une culture particulièrement lucrative au printemps.	Но говорят, это особенно прибыльная весенняя культура.	But I've heard that it's a particularly lucrative crop in the spring.
Conversations/Bank/Balor/Banked Lines/hints/hints_0/init	$Pea$ seeds are a bit pricey...	Les semis de $petit pois$ coûtent un peu cher...	Семена $гороха$ слегка дороговаты...	$Pea$ seeds are a bit pricey...
Conversations/Bank/Balor/Banked Lines/hints/hints_1/1	Something to think about!	Ça mérite réflexion !	Стоит иметь в виду!	Something to think about!
Conversations/Bank/Balor/Banked Lines/hints/hints_1/init	I've heard that the margins on $Cabbage$ are quite good.	Il paraît que les marges sur le $chou$ sont très intéressantes.	Я слышал, что с $капусты$ можно получить неплохой доход.	I've heard that the margins on $Cabbage$ are quite good.
Conversations/Bank/Balor/Banked Lines/hints/hints_10/1	That makes them the most valuable.	Ce qui explique qu'ils aient le plus de valeur.	Именно поэтому он же и самый дорогой.	That makes them the most valuable.
Conversations/Bank/Balor/Banked Lines/hints/hints_10/init	Celine says that $Middlemists$ are the rarest thing you can forage in Mistria...	Céline dit que les $camélias vaporeux$ sont ce qu'on peut cueillir de plus rare à Mistria...	Селин говорит, что $миддлемист$ — самое редкое из диких растений в Мистрии...	Celine says that $Middlemists$ are the rarest thing you can forage in Mistria...
Conversations/Bank/Balor/Banked Lines/hints/hints_11/1	I suppose that feels right for a place as beautiful as this.	Cela n'est que justice pour un endroit aussi beau que celui-ci.	Впрочем, это и правильно, учитывая здешние красоты.	I suppose that feels right for a place as beautiful as this.
Conversations/Bank/Balor/Banked Lines/hints/hints_11/init	Foraging for flowers is a decent way to make money in these parts.	Cueillir des fleurs est un bon moyen de gagner de l'argent, par ici.	В этих краях можно неплохо заработать на сборе цветов.	Foraging for flowers is a decent way to make money in these parts.
Conversations/Bank/Balor/Banked Lines/hints/hints_12/1	According to Celine, you can find them by the Western Ruins after the leaves turn.	D'après Céline, on peut en trouver près des ruines de l'ouest, quand les feuilles prennent leur couleur d'automne.	Селин говорит, что они встречаются у Западных руин, когда желтеет листва.	According to Celine, you can find them by the Western Ruins after the leaves turn.
Conversations/Bank/Balor/Banked Lines/hints/hints_12/init	$Fog Orchids$ are unheard of in the Capital, so they'll ship for a pretty penny.	On ne connaît pas les $orchidées nébuleuses$ à la capitale, alors en expédier peut rapporter pas mal d'argent.	Для столицы $туманные орхидеи$ — нечто невероятное, так что их можно продать за неплохую сумму.	$Fog Orchids$ are unheard of in the Capital, so they'll ship for a pretty penny.
Conversations/Bank/Balor/Banked Lines/hints/hints_13/1	If you ship them, we'll both make a tidy profit.	Si tu en expédies, nous pourrions tous les deux en tirer un joli profit.	Если будешь их продавать, нам обоим выйдет неплохая прибыль.	If you ship them, we'll both make a tidy profit.
Conversations/Bank/Balor/Banked Lines/hints/hints_13/2	Celine says the Eastern Road is the best place to look, when the season turns to fall.	Céline dit que le meilleur endroit où les trouver, c'est la route de l'est, quand l'automne arrive.	Селин говорит, что проще всего эти цветы найти у Восточной дороги, когда наступает осень.	Celine says the Eastern Road is the best place to look, when the season turns to fall.
Conversations/Bank/Balor/Banked Lines/hints/hints_13/init	Pressed $Violas$ are popular with nobility...	Les nobles apprécient les $violettes$ séchées...	В дворянской среде часто делают гербарии из $фиалок$...	Pressed $Violas$ are popular with nobility...
Conversations/Bank/Balor/Banked Lines/hints/hints_14/1	I also love selling them for a tidy profit.	J'adore aussi les vendre pour faire un joli profit.	А ещё мне нравится, что они всегда продаются с прибылью.	I also love selling them for a tidy profit.
Conversations/Bank/Balor/Banked Lines/hints/hints_14/init	I always love watching the snow recede, revealing the first $Snowdrop Anemones$ of spring.	J'adore regarder la neige fondre et révéler les premiers $perce-neige$ du printemps.	Мне нравится смотреть, как отступает снег и выглядывают первые весенние $лесные анемоны$.	I always love watching the snow recede, revealing the first $Snowdrop Anemones$ of spring.
Conversations/Bank/Balor/Banked Lines/hints/hints_15/1	Those ship for a generous handful of tesserae, in case you were wondering.	Et au cas où tu te poserais la question, ils rapportent une généreuse poignée de tesserae quand on les expédie.	За них обычно щедро отсыпают тессер, если тебя это интересует.	Those ship for a generous handful of tesserae, in case you were wondering.
Conversations/Bank/Balor/Banked Lines/hints/hints_15/init	Summer brings $Marigolds$ out by the Western Ruins.	En été, des $soucis$ poussent à proximité des ruines de l'ouest.	Летом в Западных руинах появляются $бархатцы$.	Summer brings $Marigolds$ out by the Western Ruins.
Conversations/Bank/Balor/Banked Lines/hints/hints_16/1	You may be in a rush to get out of the snow, but they'll be worth your while once you ship them.	Même si tu as hâte de sortir de la neige, cet effort en vaudra largement la peine quand tu les auras expédiées.	Не хочется долго задерживаться на снегу. Но когда продашь их, увидишь, что это того стоит.	You may be in a rush to get out of the snow, but they'll be worth your while once you ship them.
Conversations/Bank/Balor/Banked Lines/hints/hints_16/init	Be sure to forage any $Snap Dragons$ you find out by the Western Ruins.	Surtout, cueille toutes les $gueules-de-loup$ que tu trouveras près des ruines de l'ouest.	Если будешь в Западных руинах, не забудь нарвать $львиного зева$.	Be sure to forage any $Snap Dragons$ you find out by the Western Ruins.
Conversations/Bank/Balor/Banked Lines/hints/hints_17/1	But I've walked all over and never once seen them.	Moi qui ai arpenté le territoire en tous sens, je n'en ai encore jamais vu.	Но я всё кругом обошёл и не увидел ни одного.	But I've walked all over and never once seen them.
Conversations/Bank/Balor/Banked Lines/hints/hints_17/2	Well, be sure to collect them if you find them.	Surtout, récoltes-en si tu en trouves.	Так что, если встретишь его, обязательно сорви.	Well, be sure to collect them if you find them.
Conversations/Bank/Balor/Banked Lines/hints/hints_17/3	A flower that ephemeral is sure to bring in some real tesserae.	Une fleur aussi éphémère rapporterait un joli paquet de tesserae.	За такой неуловимый цветок точно дадут хороших тессер.	A flower that ephemeral is sure to bring in some real tesserae.
Conversations/Bank/Balor/Banked Lines/hints/hints_17/init	I heard rumors of a $Shadow Flower$ growing in Mistria...	Selon certaines rumeurs, une fleur appelée $pénombranthe$ pousserait à Mistria...	До меня дошли слухи, что в Мистрии растёт некий $теневой цветок$...	I heard rumors of a $Shadow Flower$ growing in Mistria...
Conversations/Bank/Balor/Banked Lines/hints/hints_2/1	I hear $Tea$ is a particularly good summer crop.	On m'a dit que le $thé$ était une culture particulièrement intéressante en été.	$Чай$ — исключительно прибыльная летняя культура.	I hear $Tea$ is a particularly good summer crop.
Conversations/Bank/Balor/Banked Lines/hints/hints_2/init	For a seasoned farmer who can afford the buy-in...	Pour les fermiers aguerris qui peuvent se permettre l'investissement...	Я слышал, что для опытных фермеров, которые могут позволить себе такие вложения...	For a seasoned farmer who can afford the buy-in...
Conversations/Bank/Balor/Banked Lines/hints/hints_3/1	So make sure you grow plenty this year, alright?	Faites donc en sorte d'en faire pousser plein cette année, d'accord ?	Так что постарайся в этом году вырастить побольше, ладно?	So make sure you grow plenty this year, alright?
Conversations/Bank/Balor/Banked Lines/hints/hints_3/init	I've negotiated a nice premium on the $Tomatoes$ that you and Hayden ship.	J'ai négocié un très bon prix pour les $tomates$ qu'Hayden et toi expédiez.	Я сторговался на отличную цену на $помидоры$, которые вы с Хейденом выращиваете.	I've negotiated a nice premium on the $Tomatoes$ that you and Hayden ship.
Conversations/Bank/Balor/Banked Lines/hints/hints_4/1	Demand is always high when the weather gets this hot!	La demande est toujours importante quand les températures sont au plus haut !	В такую жаркую погоду спрос всегда на высоте!	Demand is always high when the weather gets this hot!
Conversations/Bank/Balor/Banked Lines/hints/hints_4/init	An early career farmer can't go wrong growing $Watermelons$ in the summer!	Un fermier débutant ne se trompera jamais en faisant pousser des $pastèques$ en été !	Начинающий фермер этим летом ни за что не прогадает с $арбузами$!	An early career farmer can't go wrong growing $Watermelons$ in the summer!
Conversations/Bank/Balor/Banked Lines/hints/hints_5/1	There's always a good price when I go to sell it.	J'en tire toujours un bon prix quand je vais le vendre.	Когда я её продаю, цены всегда хорошие.	There's always a good price when I go to sell it.
Conversations/Bank/Balor/Banked Lines/hints/hints_5/init	As summer crops go, $Corn$ is a moneymaker.	En matière de cultures d'été, le $maïs$ rapporte beaucoup d'argent.	Когда речь идёт о летних культурах, $кукуруза$ — надёжное вложение.	As summer crops go, $Corn$ is a moneymaker.
Conversations/Bank/Balor/Banked Lines/hints/hints_6/1	Besides, they can always use $Onions$ over at the Inn!	En plus, ils ont toujours besoin d'$oignons$, à l'auberge !	К тому же в трактире $лук$ тоже всегда нужен!	Besides, they can always use $Onions$ over at the Inn!
Conversations/Bank/Balor/Banked Lines/hints/hints_6/init	If you're a farmer looking to turn an autumn profit, I hear $Onions$ are the way to go.	Si tu fais partie de ces fermiers qui cherchent à gagner de l'argent en automne, il paraît que l'$oignon$ est une valeur sûre.	Говорят, лучший способ заработать осенью для фермеров — это $лук$.	If you're a farmer looking to turn an autumn profit, I hear $Onions$ are the way to go.
Conversations/Bank/Balor/Banked Lines/hints/hints_7/1	Is it really fall without $Pumpkins$?	Qu'est-ce que serait l'automne sans $citrouilles$ ?	Что за осень без $тыкв$?	Is it really fall without $Pumpkins$?
Conversations/Bank/Balor/Banked Lines/hints/hints_7/init	It's never a bad idea to grow $Pumpkins$ in the fall.	Ce n'est jamais une mauvaise idée de faire pousser des $citrouilles$ en automne.	Осенью сажать $тыквы$ — всегда хорошая идея.	It's never a bad idea to grow $Pumpkins$ in the fall.
Conversations/Bank/Balor/Banked Lines/hints/hints_8/1	Mistria's winter daikon is especially beloved for its sweetness.	Le radis blanc d'hiver de Mistria est particulièrement apprécié pour sa douceur.	Мистрийский зимний дайкон особенно ценится за свой сладкий вкус.	Mistria's winter daikon is especially beloved for its sweetness.
Conversations/Bank/Balor/Banked Lines/hints/hints_8/init	If you're looking to make the most out of your first winter in Mistria, might I suggest growing some $Daikon Radish$?	Si tu cherches à tirer le meilleur profit de ton premier hiver à Mistria, je te conseillerais volontiers de faire pousser du $radis blanc$.	Если хочешь как следует заработать в свою первую зиму в Мистрии, могу посоветовать сажать $дайкон$.	If you're looking to make the most out of your first winter in Mistria, might I suggest growing some $Daikon Radish$?
Conversations/Bank/Balor/Banked Lines/hints/hints_9/1	Oh, don't mind me... Just thinking out loud.	Oh ! Ne fais pas attention à moi... Je pense tout haut.	Ой, не обращай внимания... Просто мысли вслух.	Oh, don't mind me... Just thinking out loud.
Conversations/Bank/Balor/Banked Lines/hints/hints_9/init	Mistria's most profitable winter crop is probably $Snow Peas$.	La culture la plus profitable en hiver à Mistria est sans doute celle des $pois gourmands$.	Из мистрийских зимних культур самая прибыльная — это, наверное, $снежный горох$.	Mistria's most profitable winter crop is probably $Snow Peas$.
Conversations/Bank/Balor/Banked Lines/holt_bad_puns/holt_bad_puns/init	Holt's jokes aren't that bad... or that good...	Les blagues de Holt ne sont pas si mauvaises... et pas franchement drôles non plus...	Шутки Хольта не так уж и плохи... Хотя и не то чтобы хороши...	Holt's jokes aren't that bad... or that good...
Conversations/Bank/Balor/Banked Lines/hot_one/hot_one/init	It's another hot one!	Encore une chaude journée !	Добрый вечер, [Ari]. Прячешься от холода, да?	It's another hot one!
Conversations/Bank/Balor/Banked Lines/hot_toddy/hot_toddy/init	You'd think I'd be used to this cold after all the time I've spent on the road, but nothing compares to a warm hearth and a hot drink.	On pourrait se dire qu'après tout le temps que j'ai passé sur les routes, je suis habitué au froid, mais rien ne vaut un bon feu et une boisson chaude.	Можно подумать, что я привык к холодам после всех своих странствий, но я всё равно считаю, что нет ничего лучше теплого очага и горячего напитка.	You'd think I'd be used to this cold after all the time I've spent on the road, but nothing compares to a warm hearth and a hot drink.
Conversations/Bank/Balor/Banked Lines/inn_breakfast/inn_breakfast/init	Can't beat breakfast at the Sleeping Dragon Inn.	Le petit-déjeuner de l'auberge du Dragon est imbattable.	Завтраки в «Спящем драконе» ни с чем не сравнятся.	Can't beat breakfast at the Sleeping Dragon Inn.
Conversations/Bank/Balor/Banked Lines/inn_drink/inn_drink/init	Nothing like planning my next supply run over a cold drink.	Je n'aime rien tant qu'organiser mon prochain ravitaillement en sirotant une boisson fraîche.	Очень люблю планировать своё следующее путешествие, потягивая холодный напиток.	Nothing like planning my next supply run over a cold drink.
Conversations/Bank/Balor/Banked Lines/inn_drink/inn_drink_2/1	Cheers, [Ari].	Santé, [Ari].	Твоё здоровье, [Ari]!	Cheers, [Ari].
Conversations/Bank/Balor/Banked Lines/inn_drink/inn_drink_2/init	And so we find ourselves at the Inn, rewarded for another day of wicked deeds.	On se retrouve à l'auberge, récompense d'une journée de labeur acharné.	Очередной вечер в трактире — награда за наши дневные злоключения.	And so we find ourselves at the Inn, rewarded for another day of wicked deeds.
Conversations/Bank/Balor/Banked Lines/inn_family_perfect/inn_family_perfect/init	Hemlock and Josephine have a perfect family, don't they? Almost makes me want to settle down.	Hemlock et Joséphine ont une famille idéale, non ? Ça me donnerait presque envie de me caser.	Семья Хемлока и Джозефины выглядит идеальной. Смотрю на них — и самому хочется осесть.	Hemlock and Josephine have a perfect family, don't they? Almost makes me want to settle down.
Conversations/Bank/Balor/Banked Lines/inn_food/inn_food/1	Every meal unique, and a selection of drinks that would put the Capital to shame.	Chaque repas est unique et ils ont un choix de boissons à faire pâlir d'envie la capitale.	Каждое блюдо уникально, а выбор напитков соперничает со столичными барами.	Every meal unique, and a selection of drinks that would put the Capital to shame.
Conversations/Bank/Balor/Banked Lines/inn_food/inn_food/init	After you've been here a while, you start to realize just how impressive the Inn is.	Après un certain temps passé ici, on comprend à quel point l'auberge est incroyable.	Если живёшь здесь достаточно долго, начинаешь понимать, насколько, на самом деле, выделяется местный трактир.	After you've been here a while, you start to realize just how impressive the Inn is.
Conversations/Bank/Balor/Banked Lines/inn_lunch/inn_lunch/1	The quality for the price can't be beat.	Il est d'un rapport qualité prix imbattable.	И качество блюд, и их цена — ни с чем не сравнимы.	The quality for the price can't be beat.
Conversations/Bank/Balor/Banked Lines/inn_lunch/inn_lunch/init	Can't recommend lunch at the Inn enough.	Je te recommande vraiment le déjeuner de l'auberge.	Не могу не порекомендовать ланч в трактире.	Can't recommend lunch at the Inn enough.
Conversations/Bank/Balor/Banked Lines/inn_lunch/inn_lunch_2/init	I'd happily eat curry for every meal in the winter.	En hiver, je pourrais manger du curry à tous les repas.	Зимой я готов есть карри на завтрак, обед и ужин.	I'd happily eat curry for every meal in the winter.
Conversations/Bank/Balor/Banked Lines/inn_meals/inn_meals/init	You can get meals from all over the world at the Capital, but somehow nothing beats a hot meal at the Sleeping Dragon Inn.	Certes, à la capitale, on peut manger des plats du monde entier, mais rien ne vaut un repas chaud à l'auberge du Dragon qui dort.	В столице можно найти блюда со всех уголков мира, но всё равно горячая трапеза в «Спящем драконе» — лучше всего.	You can get meals from all over the world at the Capital, but somehow nothing beats a hot meal at the Sleeping Dragon Inn.
Conversations/Bank/Balor/Banked Lines/juniper_and_dozy_odd_couple/juniper_and_dozy/init	I wonder what a witchy woman like Juniper is doing with a big fluffy dog like Dozy. There's gotta be a story there.	Je me demande ce qu'une femme un peu sorcière comme Juniper fait avec un gros chien plein de poils comme Dozy. Il y a forcément une histoire là-dessous.	Интересно, как вышло, что у такой ведьмы, как Джунипер, такая пушистая собачка, как Дрёма. Тут явно какая-то история.	I wonder what a witchy woman like Juniper is doing with a big fluffy dog like Dozy. There's gotta be a story there.
Conversations/Bank/Balor/Banked Lines/just_passing_through/just_passing_through/1	Don't you think, [Ari]?	Tu ne trouves pas, [Ari] ?	Не думаешь, [Ari]?	Don't you think, [Ari]?
Conversations/Bank/Balor/Banked Lines/just_passing_through/just_passing_through/init	When I first arrived in Mistria I thought I'd be passing through, but this place has its charms.	Quand je suis arrivé pour la première fois à Mistria, je pensais n'y faire qu'un passage, mais cette petite ville a son charme.	Когда я впервые посетил Мистрию, я не думал, что останусь надолго. Но у этого места есть свой шарм.	When I first arrived in Mistria I thought I'd be passing through, but this place has its charms.
Conversations/Bank/Balor/Banked Lines/late_delivery/late_delivery/init	My delivery never showed. Did they run into trouble on the road? Just bad weather, I hope.	La livraison que j'attendais n'est jamais arrivée. Ils ont eu des problèmes en chemin ? J'espère que c'est seulement dû au mauvais temps.	Моя доставка ко мне так и не дошла. Видимо, какие-то проблемы возникли в пути. Надеюсь, это просто из-за плохой погоды.	My delivery never showed. Did they run into trouble on the road? Just bad weather, I hope.
Conversations/Bank/Balor/Banked Lines/latest/latest/init	Here to see the latest? Have a look.	Tu es là pour voir les nouveautés ? Jette un œil.	Хочешь посмотреть на мои новинки? Что ж, пожалуйста.	Here to see the latest? Have a look.
Conversations/Bank/Balor/Banked Lines/let_me_know_what_you_need/let_me_know_what_you_need/init	If you're looking for something a bit... off the beaten path, just let me know. I can ask around.	Si tu recherches quelque chose qui... sorte un peu des sentiers battus, fais-le-moi savoir. Je pourrai me renseigner.	Если ищешь что-нибудь... необычное, просто скажи. Я знаю, где спросить.	If you're looking for something a bit... off the beaten path, just let me know. I can ask around.
Conversations/Bank/Balor/Banked Lines/long_day/long_day/1	But at least it's honest work, eh?	Mais, au moins, c'est un travail honnête.	Но хоть работа честная.	But at least it's honest work, eh?
Conversations/Bank/Balor/Banked Lines/long_day/long_day/init	It's been a long day.	La journée a été longue.	Длинный был рабочий денёк.	It's been a long day.
Conversations/Bank/Balor/Banked Lines/love_the_inn/love_the_inn/init	I've grown fond of Mistria, and the Sleeping Dragon Inn. It's a funny feeling.	Je me suis attaché à Mistria et à l'auberge du Dragon qui dort. C'est une drôle d'impression.	Я как-то прикипел к Мистрии и «Спящему дракону». Интересное чувство.	I've grown fond of Mistria, and the Sleeping Dragon Inn. It's a funny feeling.
Conversations/Bank/Balor/Banked Lines/maples_smart/maples_smart/init	Maple's a clever kid so I taught her some sleight of hand, but Reina drew the line at knife tricks. I think she'd be a natural!	Maple est une fillette intelligente. Je lui ai appris quelques tours de passe-passe, mais Reina m'a interdit les tours avec des couteaux. Elle serait pourtant très douée !	Мэйпл умна не по годам, и я решил научить её парочке приёмов. Но когда учил её трюкам с ножом, вмешалась Рейна. Жаль: у Мэйпл бы хорошо вышло!	Maple's a clever kid so I taught her some sleight of hand, but Reina drew the line at knife tricks. I think she'd be a natural!
Conversations/Bank/Balor/Banked Lines/march_is_an_open_book/march_is_an_open_book/init	If you ever want an easy win, play March in cards. His face is an open book!	Si tu veux gagner facilement aux cartes, joue avec March. On lit sur son visage comme dans un livre ouvert !	Хочешь лёгкой победы, сыграй в карты с Мартом. У него на лице всё написано.	If you ever want an easy win, play March in cards. His face is an open book!
Conversations/Bank/Balor/Banked Lines/mistria_appreciation/mistria_appreciation/init	Mistria's pretty, isn't it? I can see why it's been attracting new residents. Like us!	Mistria est une jolie petite ville, non ? Je comprends pourquoi elle attire de nouveaux habitants. Comme nous !	Мистрия очень красива, не думаешь? Неудивительно, что она привлекает новых жителей. Вроде нас!	Mistria's pretty, isn't it? I can see why it's been attracting new residents. Like us!
Conversations/Bank/Balor/Banked Lines/museum_glitter/museum_glitter/init	My favorite exhibits at the Museum are the ones that glitter the most, naturally.	Mes expositions préférées au musée sont celles qui brillent le plus, naturellement.	Мои любимые экспонаты в музее — сверкающие ярче всего. Думаю, это очевидно.	My favorite exhibits at the Museum are the ones that glitter the most, naturally.
Conversations/Bank/Balor/Banked Lines/new_inventory/new_inventory/init	Nice to see you, [Ari]! I got some exciting new inventory in.	Content de te voir, [Ari] ! J'ai des nouveautés très intéressantes en stock.	Рад тебя видеть, [Ari]. У меня появилось несколько интересных новинок.	Nice to see you, [Ari]! I got some exciting new inventory in.
Conversations/Bank/Balor/Banked Lines/nice_seeing_you/nice_seeing_you/init	Nice seeing you, [Ari].	Content de te voir, [Ari].	Рад тебя видеть, [Ari]. 	Nice seeing you, [Ari].
Conversations/Bank/Balor/Banked Lines/no_luck/no_luck/init	Some days luck doesn't go your way, but there's always tomorrow.	Certains jours, la chance n'est pas au rendez-vous, mais demain est un autre jour.	Бывают дни, когда тебе попросту не везёт. Но завтра будет новый день.	Some days luck doesn't go your way, but there's always tomorrow.
Conversations/Bank/Balor/Banked Lines/nora_says_get_a_store/nora_says_get_a_store/init	Nora says I should open a brick and mortar store, but I'm not ready to put down roots just yet. You always have an exit strategy when your life is on wheels.	D'après Nora, je devrais ouvrir un magasin en dur, mais je ne suis pas encore prêt à me poser. Quand on vit sur les chemins, on se garde toujours une porte de sortie.	Нора считает, что мне следует открыть постоянную лавку. Но я пока не готов пустить корни. Когда ты на колёсах, у тебя всегда есть выход из любой передряги.	Nora says I should open a brick and mortar store, but I'm not ready to put down roots just yet. You always have an exit strategy when your life is on wheels.
Conversations/Bank/Balor/Banked Lines/not_a_fan_of_rain/not_a_fan_of_rain/init	Not a big fan of the rain. Hard to be a traveling merchant in this weather.	Je n'aime pas tellement la pluie. C'est difficile d'être un marchand itinérant par ce temps.	Я не любитель дождя. В такую погоду быть странствующим торговцем непросто.	Not a big fan of the rain. Hard to be a traveling merchant in this weather.
Conversations/Bank/Balor/Banked Lines/ocean/ocean/init	Nothing like a sweet breeze off the ocean.	Rien de tel que la douce brise de l'océan.	Нет ничего лучше приятного морского бриза.	Nothing like a sweet breeze off the ocean.
Conversations/Bank/Balor/Banked Lines/off_feet/off_feet/init	Nice to get off my feet for a little while.	C'est agréable de lever un peu le pied.	Иногда здорово дать ногам отдохнуть.	Nice to get off my feet for a little while.
Conversations/Bank/Balor/Banked Lines/outside/outside/init	Thought I'd get out of town and clear my head a bit. The stillness of the trees puts me at ease.	J'ai eu envie de sortir de la ville et de m'aérer un peu l'esprit. L'immobilité des arbres me rassure.	Мне захотелось выбраться из города и проветрить голову. Спокойствие деревьев и меня успокаивает.	Thought I'd get out of town and clear my head a bit. The stillness of the trees puts me at ease.
Conversations/Bank/Balor/Banked Lines/overnight_trip/overnight_trip/init	I try not to do too many overnight trips if I can help it. The longer the trip, the more potential for something to go off kilter with the deal...	J'essaie de ne pas voyager trop souvent sur deux jours, si je peux l'éviter. Plus le voyage est long, plus il y a des chances que l'affaire capote.	Я стараюсь не злоупотреблять многодневными походами. Чем длинее путь, тем больше шансов, что со сделкой что-то пойдёт не так...	I try not to do too many overnight trips if I can help it. The longer the trip, the more potential for something to go off kilter with the deal...
Conversations/Bank/Balor/Banked Lines/preserved_ruins/preserved_ruins/1	There may be a clue to a valuable cache elsewhere, don't you think?	Elles indiquent peut-être une cache précieuse, ailleurs, tu ne crois pas ?	Как думаешь, есть тут какие-нибудь подсказки, где искать сокровища?	There may be a clue to a valuable cache elsewhere, don't you think?
Conversations/Bank/Balor/Banked Lines/preserved_ruins/preserved_ruins/init	The ruins here are magnificent. I've seen these scattered around Aldaria, but nothing so well-preserved as these.	Ces ruines sont magnifiques. J'en ai vu d'autres, disséminées un peu partout à Aldaria, mais aucune aussi bien conservée que celles-ci.	Местные руины просто великолепны. Я много таких повидал по всей Альдарии, но нигде нет настолько хорошо сохранившихся. 	The ruins here are magnificent. I've seen these scattered around Aldaria, but nothing so well-preserved as these.
Conversations/Bank/Balor/Banked Lines/rain_compliment/rain_compliment/init	You're sunshine even in the rain, [Ari].	Tu es un rayon de soleil même sous la pluie, [Ari].	Даже в дождливый день ты — солнечный лучик, [Ari].	You're sunshine even in the rain, [Ari].
Conversations/Bank/Balor/Banked Lines/rainy_day_babysitter/rainy_day_babysitter/init	"Of all the things on my resume, ""rainy day babysitter"" might be the most unexpected."	De tout ce qui figure sur mon CV, « baby-sitter les jours de pluie » est sans doute la ligne la plus improbable.	В моем резюме много разных занятий, но «нянька на дождливый день« среди них всё равно выделяется.	"Of all the things on my resume, ""rainy day babysitter"" might be the most unexpected."
Conversations/Bank/Balor/Banked Lines/rare_mines/rare_mines/1	Strange means rare, and rare fetches a handsome sum.	Étrange signifie rare, et ce qui est rare rapporte un joli paquet.	Если что-то странное, значит, оно редкое, а редкое — значит, дорогое.	Strange means rare, and rare fetches a handsome sum.
Conversations/Bank/Balor/Banked Lines/rare_mines/rare_mines/init	They say strange things are found in the Mines.	On raconte qu'il est possible de trouver des choses étranges dans les mines.	Говорят, в шахтах можно найти много странного.	They say strange things are found in the Mines.
Conversations/Bank/Balor/Banked Lines/rarities/rarities/init	I've got some rarities for you today. Have a look.	J'ai quelques curiosités pour toi, aujourd'hui. Jettes-y un œil.	Сегодня у меня среди товаров есть парочка редкостей. Посмотришь?	I've got some rarities for you today. Have a look.
Conversations/Bank/Balor/Banked Lines/roof_over_head/roof_over_head/init	I've done enough traveling to appreciate having a roof over my head when the sky opens up.	J'ai suffisamment voyagé pour apprécier d'avoir un toit au-dessus de la tête quand il pleut à seaux.	Я достаточно путешествовал, чтобы ценить крышу над головой. Особенно, если небо разверзнется.	I've done enough traveling to appreciate having a roof over my head when the sky opens up.
Conversations/Bank/Balor/Banked Lines/room/room/1	Compared to my wagon, it almost feels too big.	Comparée à mon chariot, elle me paraît presque trop grande.	По сравнению с моим фургоном она порой кажется слишком уж большой.	Compared to my wagon, it almost feels too big.
Conversations/Bank/Balor/Banked Lines/room/room/init	It's nice to have my own room to stretch out in.	C'est agréable d'avoir ma propre chambre où m'étendre un peu.	Как хорошо иметь собственную комнату, да ещё и где можно вдоволь растянуться.	It's nice to have my own room to stretch out in.
Conversations/Bank/Balor/Banked Lines/sales_were_great/sales_were_great/init	Last month's sales were decent, but requests for special items were up.	Les ventes du mois dernier étaient correctes, mais les demandes pour des objets spéciaux ont augmenté.	Продажи в прошлом месяце были неплохие, но это потому что я получил много заказов на особые товары.	Last month's sales were decent, but requests for special items were up.
Conversations/Bank/Balor/Banked Lines/sauna_relaxing/bathhouse_relaxing/init	After a long week of hauling my goods around, this feels nice... real nice.	Après une longue semaine à transbahuter mes marchandises, ça fait du bien... vraiment du bien.	После недели мотаний туда-сюда с товарами такое занятие мне по душе... очень.	After a long week of hauling my goods around, this feels nice... real nice.
Conversations/Bank/Balor/Banked Lines/scar/scar/1	You'd like to know the story? Another time, perhaps.	Tu aimerais en connaître l'histoire ? Une autre fois, peut-être.	Хочешь услышать его историю? Ну, может быть, когда-нибудь и расскажу.	You'd like to know the story? Another time, perhaps.
Conversations/Bank/Balor/Banked Lines/scar/scar/init	You're staring, [Ari]. Is it the scar?	Tu me regardes fixement, [Ari]. C'est à cause de ma cicatrice ?	Ты взгляда не сводишь, [Ari]. Смотришь на шрам?	You're staring, [Ari]. Is it the scar?
Conversations/Bank/Balor/Banked Lines/social_drinker/social_drinker/init	I'd say I'm more of a social drinker. Don't have much use for a glass of wine or a pint on the road.	J'apprécie de boire modérément quand j'ai de la compagnie. Je n'ai pas besoin de vin ou de bière quand je suis sur les chemins.	Я в основном пью только в компании. В одиночестве, в дороге ни вино ни пиво не особо привлекают.	I'd say I'm more of a social drinker. Don't have much use for a glass of wine or a pint on the road.
Conversations/Bank/Balor/Banked Lines/soup/soup/init	Soup's nice and hearty today!	La soupe du jour est savoureuse et roborative !	Сегодняшний суп хорош. И очень сытный!	Soup's nice and hearty today!
Conversations/Bank/Balor/Banked Lines/sparkle_gem/sparkle_gem/init	There's nothing nicer than a finely cut gemstone. Do let me know if you come across any!	Il n'y a rien de plus beau qu'une pierre précieuse bien taillée. Surtout, préviens-moi si tu en trouves !	Нет ничего лучше драгоценного камня с красивыми гранями. Если найдёшь такой, непременно сообщи!	There's nothing nicer than a finely cut gemstone. Do let me know if you come across any!
Conversations/Bank/Balor/Banked Lines/stranger_to_elements/stranger_to_elements/init	No merchant worth his salt is a stranger to the elements.	Aucun marchand digne de ce nom n'est indifférent aux éléments.	Каждый стоящий торговец умеет справляться с разными погодными условиями.	No merchant worth his salt is a stranger to the elements.
Conversations/Bank/Balor/Banked Lines/summer_sunday/summer_sunday/init	I never knew the joys of an idle summer Sunday until I left the Capital behind.	Avant de quitter la capitale, je n'avais jamais connu la joie de paresser les dimanches d'été.	Я никогда раньше не понимал прикрас ленивого воскресенья, пока не покинул столицу.	I never knew the joys of an idle summer Sunday until I left the Capital behind.
Conversations/Bank/Balor/Banked Lines/surprises_me/surprises_me/1	Sometimes it surprises me too, come to think of it.	Quand j'y réfléchis, il arrive parfois que j'en sois le premier surpris, moi aussi.	Иногда я даже сам удивляюсь, если подумать.	Sometimes it surprises me too, come to think of it.
Conversations/Bank/Balor/Banked Lines/surprises_me/surprises_me/init	Have a look, [Ari]! You never know what I might have in stock today.	Jette un œil, [Ari] ! Qui sait ce que je pourrais avoir en stock, aujourd'hui ?	Глянешь мои товары, [Ari]? Кто знает, что особенного можно найти среди них сегодня.	Have a look, [Ari]! You never know what I might have in stock today.
Conversations/Bank/Balor/Banked Lines/take_your_time/take_your_time/init	Take your time, let me know if anything strikes your fancy.	Prends ton temps et dis-moi si quelque chose te tente.	Не торопись. Сообщи, если что-то приглянется.	Take your time, let me know if anything strikes your fancy.
Conversations/Bank/Balor/Banked Lines/toast/toast/init	A toast, [Ari]! To travelers who stopped a while because something caught their eye.	Portons un toast, [Ari] ! À tous les voyageurs qui se sont arrêtés un moment parce que quelque chose avait attiré leur attention.	Тост, [Ari]! За путешественников, что прервали путь, встретив что-то интересное.	A toast, [Ari]! To travelers who stopped a while because something caught their eye.
Conversations/Bank/Balor/Banked Lines/trash_or_treasure/trash_or_treasure/1	Though Eiland assures me it's all treasure.	Même si Eiland m'affirme que ce sont toujours des trésors.	Хотя Эйланд уверен, что всё что угодно — сокровище.	Though Eiland assures me it's all treasure.
Conversations/Bank/Balor/Banked Lines/trash_or_treasure/trash_or_treasure/init	Trash or treasure, you never know what you might dig up...	Pacotille ou trésor, on ne sait jamais ce qu'on pourrait dégoter...	Никогда не знаешь, что тебе попадётся. Может, мусор, а может, сокровище...	Trash or treasure, you never know what you might dig up...
Conversations/Bank/Balor/Banked Lines/travel/travel_0/1	Keep at it, [Ari]!	Continue comme ça, [Ari] !	Так держать, [Ari]!	Keep at it, [Ari]!
Conversations/Bank/Balor/Banked Lines/travel/travel_0/init	I always appreciate a good hustle.	J'aime quand il y a de l'animation.	Я уважаю усердный труд.	I always appreciate a good hustle.
Conversations/Bank/Balor/Banked Lines/travel_lazing_day_away/lazing_day_away/init	Oh, I may look like I'm lazing the day away, but I'm thinking up new business ventures the whole time... hahaha!	Oh, je donne peut-être l'impression de paresser, mais en réalité, je ne cesse de réfléchir à de nouvelles façons de faire des affaires... Ha ha ha !	Ах, может показаться, что я лениво провожу день, но на самом деле я постоянно думаю о новых деловых возможностях... Ха-ха-ха!	Oh, I may look like I'm lazing the day away, but I'm thinking up new business ventures the whole time... hahaha!
Conversations/Bank/Balor/Banked Lines/updating_ledger/updating_ledger/init	Updating the ledger is the most boring part of being a merchant, but if there's one thing I've learned from Nora, it's the value of keeping precise records.	Tenir son livre de comptes à jour est la partie la plus ennuyeuse du travail de commerçant, mais si j'ai appris une chose de Nora, c'est bien l'importance d'un suivi précis.	Самая скучная часть торговли — обновление учётной документации. Но если я чему и научился от Норы, так это тому, как полезно вести точные списки.	Updating the ledger is the most boring part of being a merchant, but if there's one thing I've learned from Nora, it's the value of keeping precise records.
Conversations/Bank/Balor/Banked Lines/valen_check_up/valen_check_up/init	It's important to stay on top of my health, and I trust Valen's advice. The road is no place to find out you're not in tip-top shape.	Je dois prendre soin de ma santé et je fais confiance aux conseils de Valen. Quand on est sur la route, mieux vaut être au mieux de sa forme.	Мне очень важно оставаться здоровым, и я доверяю советам Вален. В дороге ты точно не хочешь свалиться от какой-то болячки.	It's important to stay on top of my health, and I trust Valen's advice. The road is no place to find out you're not in tip-top shape.
Conversations/Bank/Balor/Banked Lines/valen_treats_you/valen_treats_you/init	What I like about Valen is she treats you, no questions asked.	Ce que j'apprécie, avec Valen, c'est qu'elle te soigne sans poser de questions.	Что мне нравится в Вален, так это то, что она вылечит тебя без лишних вопросов.	What I like about Valen is she treats you, no questions asked.
Conversations/Bank/Balor/Banked Lines/wagon/wagon/1	So be sure to have a look!	Surtout, ne rate pas l'occasion de venir jeter un œil !	Так что непременно взгляни!	So be sure to have a look!
Conversations/Bank/Balor/Banked Lines/wagon/wagon/init	Every day brings something new! In my shop, anyway.	Chaque jour apporte son lot de nouveautés ! Dans ma boutique, en tout cas.	Каждый день приносит что-то новое! В мой магазин, по крайней мере.	Every day brings something new! In my shop, anyway.
Conversations/Bank/Balor/Banked Lines/wagon/wagon_10/init	Do let me know if something in my shop catches your eye.	Si un article de ma boutique attire ton attention, n'hésite pas à me prévenir.	Если тебе приглянётся что-нибудь в моей лавке, обязательно скажи.	Do let me know if something in my shop catches your eye.
Conversations/Bank/Balor/Banked Lines/wagon/wagon_2/1	It's a nice time of year to be outside, don't you think?	C'est une période de l'année agréable pour être en extérieur, tu ne crois pas ?	Сейчас отличное время года для прогулок, не думаешь?	It's a nice time of year to be outside, don't you think?
Conversations/Bank/Balor/Banked Lines/wagon/wagon_2/init	Having a shop on wheels has its benefits.	Ça a des avantages d'avoir une boutique sur roues.	Когда твой магазин — на колёсах, в этом есть свои плюсы.	Having a shop on wheels has its benefits.
Conversations/Bank/Balor/Banked Lines/wagon/wagon_3/1	Sure was a pretty winter, though.	Mais on a eu un très bel hiver.	Но зима была красивой, этого не отнять.	Sure was a pretty winter, though.
Conversations/Bank/Balor/Banked Lines/wagon/wagon_3/init	It's more comfortable doing business out here now that the snow's melted.	Il est plus agréable de faire des affaires en extérieur maintenant que la neige a fondu.	Теперь, когда расстаял снег, вести дела стало намного удобнее.	It's more comfortable doing business out here now that the snow's melted.
Conversations/Bank/Balor/Banked Lines/wagon/wagon_4/init	I'm just counting tesserae, [Ari]. Let me know if I can be of aid.	Je suis juste en train de compter mes tesserae, [Ari]. Dis-moi si je peux t'aider.	Я просто считаю тессеры, [Ari]. Но если что-то нужно, обращайся.	I'm just counting tesserae, [Ari]. Let me know if I can be of aid.
Conversations/Bank/Balor/Banked Lines/wagon/wagon_5/1	Won it back, of course. I always do.	Je l'ai regagné, évidemment. J'y arrive toujours.	И снова выиграл назад, конечно же. Как всегда.	Won it back, of course. I always do.
Conversations/Bank/Balor/Banked Lines/wagon/wagon_5/init	I won my wagon in a card game. Lost it in another one.	J'ai gagné mon chariot lors d'une partie de cartes. Je l'ai perdu lors d'une autre.	Я выиграл свой фургон в карты. А потом проиграл.	I won my wagon in a card game. Lost it in another one.
Conversations/Bank/Balor/Banked Lines/wagon/wagon_6/init	If you make a purchase, you'll be covering my dinner. So please, pick up anything that catches your eye!	Si tu m'achètes quelque chose, cela paiera mon dîner. Alors choisis ce qui te plaira !	Если что-нибудь купишь, это оплатит мой ужин. Так что не стесняйся, покупай приглянувшееся!	If you make a purchase, you'll be covering my dinner. So please, pick up anything that catches your eye!
Conversations/Bank/Balor/Banked Lines/wagon/wagon_7/1	When the leaves change color, even places I've been a hundred times become somewhere new.	Quand les feuilles changent de couleur, même les lieux que j'ai déjà vus mille fois semblent nouveaux.	Когда листья сменяют цвет, даже места, где я уже бывал сотни раз, выглядят по-новому.	When the leaves change color, even places I've been a hundred times become somewhere new.
Conversations/Bank/Balor/Banked Lines/wagon/wagon_7/init	Autumn might be my favorite time for taking the wagon out.	L'automne est sans doute ma saison préférée pour sortir mon chariot.	Осень, наверное, моё любимое время года, чтобы вытащить фургон на дорогу.	Autumn might be my favorite time for taking the wagon out.
Conversations/Bank/Balor/Banked Lines/wagon/wagon_8/1	So much of a merchant's life is waiting.	En réalité, l'essentiel de la vie de commerçant consiste à patienter.	Когда ты торговец, ждать чего-то приходится очень часто.	So much of a merchant's life is waiting.
Conversations/Bank/Balor/Banked Lines/wagon/wagon_8/init	I've got a line on a good deal, but it requires the cost of textiles in the Capital to drop just a little lower.	J'ai une belle affaire en vue, mais il faudrait que le prix du textile à la capitale baisse encore un tout petit peu.	У меня есть наводка на одну хорошую сделку, но чтобы она прошла, цены на текстиль в столице должны немного упасть.	I've got a line on a good deal, but it requires the cost of textiles in the Capital to drop just a little lower.
Conversations/Bank/Balor/Banked Lines/wagon/wagon_9/init	Have a look at my wares! I spent the small hours of the morning curating this selection.	Regarde un peu mes marchandises ! J'ai mitonné cette sélection dès l'aube.	Взгляни на мои товары! Я сегодня с раннего утра выбираю, что выставить.	Have a look at my wares! I spent the small hours of the morning curating this selection.
Conversations/Bank/Balor/Banked Lines/wagon_axles/wagon_axles/1	No? Pity.	Non ? Dommage.	Нет? Как жаль.	No? Pity.
Conversations/Bank/Balor/Banked Lines/wagon_axles/wagon_axles/init	Well, hello there! Don't suppose you know anything about wagon axles?	Tiens, bonjour ! Tu ne t'y connaîtrais pas en essieux de chariot, par hasard ?	О, привет! Ты случайно ничего не знаешь про колёсные оси для фургонов?	Well, hello there! Don't suppose you know anything about wagon axles?
Conversations/Bank/Balor/Banked Lines/wander/wander/init	This season really puts the wanderlust in me. It's beautiful out here.	Cette saison me donne vraiment envie de voyager. La nature est magnifique.	Это время года манит меня в путь. Вокруг всё такое прекрасное.	This season really puts the wanderlust in me. It's beautiful out here.
Conversations/Bank/Balor/Banked Lines/wander/wander_2/init	I'm partial to the manor pond. Something about the placid water really puts me at ease.	J'aime bien l'étang du manoir. Il y a quelque chose qui m'apaise dans ses eaux calmes.	Я люблю пруд у особняка. Меня так успокаивает эта тихая водная гладь.	I'm partial to the manor pond. Something about the placid water really puts me at ease.
Conversations/Bank/Balor/Banked Lines/waves/waves/init	Work is for tomorrow's Balor. Today it's sand and waves!	Le travail attendra demain, Balor. Aujourd'hui, c'est sable et vagues !	Работа ждёт завтрашнего Балора. Сегодняшний наслаждается песком и волнами!	Work is for tomorrow's Balor. Today it's sand and waves!
Conversations/Bank/Balor/Banked Lines/week_one_pt_1/inn_drink_week_1/1	I'd prefer not to call in a favor, but...	Je préférerais ne pas avoir à demander de faveur, mais...	Не хочется просить об одолжении, но...	I'd prefer not to call in a favor, but...
Conversations/Bank/Balor/Banked Lines/week_one_pt_1/inn_drink_week_1/2	I suppose there'll be trouble with my supplier if-	Mon fournisseur risque de ne pas apprécier si...	Думаю, могут возникнуть неприятности с поставщиком, если...	I suppose there'll be trouble with my supplier if-
Conversations/Bank/Balor/Banked Lines/week_one_pt_1/inn_drink_week_1/3	Oh, [Ari]! I almost didn't see you there.	Oh, [Ari] ! J'ai failli ne pas te voir.	Ой, [Ari]! Я тебя не сразу заметил.	Oh, [Ari]! I almost didn't see you there.
Conversations/Bank/Balor/Banked Lines/week_one_pt_1/inn_drink_week_1/4	Sorry. Did you need something?	Excuse-moi. Tu avais besoin de quelque chose ?	Прости. Тебе что-то нужно?	Sorry. Did you need something?
Conversations/Bank/Balor/Banked Lines/week_one_pt_1/inn_drink_week_1/init	...	...	...	...
Conversations/Bank/Balor/Banked Lines/week_one_pt_1/week_one_pt_1/1	Hope the town's treating you well.	J'espère que tout va bien pour toi en ville.	Надеюсь, город хорошо тебя принял.	Hope the town's treating you well.
Conversations/Bank/Balor/Banked Lines/week_one_pt_1/week_one_pt_1/init	Aha, there's that fresh face.	Ah ha, voici notre nouvelle tête.	Ах, вот и <p>новенькие</p><f>новенькая</f><m>новенький</m><n>новенькое</n>.	Aha, there's that fresh face.
Conversations/Bank/Balor/Banked Lines/week_one_supplies/week_one_supplies/1	Everyone's doing the best they can with relatively little.	Tout le monde fait de son mieux avec pas grand-chose.	Все привыкли обходиться малым.	Everyone's doing the best they can with relatively little.
Conversations/Bank/Balor/Banked Lines/week_one_supplies/week_one_supplies/2	All the more reason to get this business off the ground.	Une raison de plus d'essayer de faire décoller un peu cette affaire.	А значит, в этом регионе особенно важно развивать коммерцию.	All the more reason to get this business off the ground.
Conversations/Bank/Balor/Banked Lines/week_one_supplies/week_one_supplies/3	You handle selling what you can via your $Shipping Bin$, and I'll take it from there!	Toi, tu t'occupes de vendre ce que tu peux en utilisant ta $boîte d'expédition$, et moi, je me charge du reste !	Ты можешь продавать свои товары с помощью $отгрузочного ящика$, а дальше я справлюсь!	You handle selling what you can via your $Shipping Bin$, and I'll take it from there!
Conversations/Bank/Balor/Banked Lines/week_one_supplies/week_one_supplies/init	It can be a challenge to get basic supplies out here in Mistria.	C'est parfois un vrai défi de mettre la main sur des denrées de base, ici, à Mistria.	Здесь, в Мистрии, бывает трудно добыть даже товары первой необходимости.	It can be a challenge to get basic supplies out here in Mistria.
Conversations/Bank/Balor/Banked Lines/western_ruins/western_ruins/init	I can see why Eiland spends so much time out here. These ruins are quite impressive.	Je comprends pourquoi Eiland passe autant de temps ici. Ces ruines sont très impressionnantes.	Понимаю, почему Эйланд так много времени здесь проводит. Эти руины действительно впечатляют.	I can see why Eiland spends so much time out here. These ruins are quite impressive.
Conversations/Bank/Balor/Banked Lines/winter_beer/winter_beer/init	I wasn't much for a winter beer, but it's grown on me thanks to Hemlock.	La bière d'hiver n'était pas dans mes habitudes, mais j'ai appris à l'apprécier grâce à Hemlock.	Раньше я не очень любил пить пиво зимой, но Хемлоку удалось перебить привычку.	I wasn't much for a winter beer, but it's grown on me thanks to Hemlock.
Conversations/Bank/Balor/Banked Lines/winter_chill/winter_chill/init	Nothing better than winding down at the Inn after spending a day in the winter chill.	Rien de tel qu'un moment de détente à l'auberge après avoir passé la journée dans les frimas de l'hiver.	Нет ничего лучше отдыха в трактире после долгого дня среди зимней изморози.	Nothing better than winding down at the Inn after spending a day in the winter chill.
Conversations/Bank/Balor/Banked Lines/wishing_well/wishing_well/1	I'd tell you what my wish is, but they say that's bad luck!	Je te dirais bien quel est mon vœu, mais on dit que ça porte malheur !	Я бы рассказал тебе своё желание, но, говорят, не сбудется!	I'd tell you what my wish is, but they say that's bad luck!
Conversations/Bank/Balor/Banked Lines/wishing_well/wishing_well/init	I heard a rumor that there's a wishing well hidden out here by the Eastern Road, so I thought I'd have a look around.	Une rumeur raconte qu'il existe un puits presque invisible, exauçant les souhaits près de la route de l'est. Je me suis dit que j'allais le chercher.	До меня дошёл слух, что где-то неподалёку от Восточной дороги скрывается колодец желаний. Так что я туда сходил.	I heard a rumor that there's a wishing well hidden out here by the Eastern Road, so I thought I'd have a look around.
Conversations/Bank/Balor/Date Lines/bathhouse/bathhouse_accept_1/1	Really?	Vraiment ?	Правда?	Really?
Conversations/Bank/Balor/Date Lines/bathhouse/bathhouse_accept_1/2	Of course I'll go with you!	Bien sûr que je vais t'accompagner !	Конечно я схожу с тобой!	Of course I'll go with you!
Conversations/Bank/Balor/Date Lines/bathhouse/bathhouse_accept_1/init	What's that? A bath... at the $Bathhouse$?	Comment ? Un bain... aux $bains$ ?	Что такое? Принять ванну... в $купальне$?	What's that? A bath... at the $Bathhouse$?
Conversations/Bank/Balor/Date Lines/bathhouse/bathhouse_accept_2/1	I thought we could use some alone time, just the two of us...	Je me disais qu'on pourrait passer un peu de temps ensemble, rien que nous deux...	Я подумал, нам с тобой не помешает побыть наедине...	I thought we could use some alone time, just the two of us...
Conversations/Bank/Balor/Date Lines/bathhouse/bathhouse_accept_2/init	Care to join me at the $Bathhouse$, [Ari]?	Ça te dirait de venir aux $bains$ avec moi, [Ari] ?	Не хочешь присоединиться ко мне в $купальне$, [Ari]?	Care to join me at the $Bathhouse$, [Ari]?
Conversations/Bank/Balor/Date Lines/bathhouse/bathhouse_follow_up_1/1	Thank you for suggesting it, [Ari]!	Merci de ta proposition, [Ari].	Спасибо, что <p>предложили</p><f>предложила</f><m>предложил</m><n>предложило</n>, [Ari].	Thank you for suggesting it, [Ari]!
Conversations/Bank/Balor/Date Lines/bathhouse/bathhouse_follow_up_1/2	I feel like a million tesserae!	Ça vaut tous les tesserae du monde !	Чувствую себя на миллион тессер!	I feel like a million tesserae!
Conversations/Bank/Balor/Date Lines/bathhouse/bathhouse_follow_up_1/init	Ahhh... what a nice bath.	Ahhh... Quel bain agréable !	Ах... какая приятная была ванна.	Ahhh... what a nice bath.
Conversations/Bank/Balor/Date Lines/bathhouse/bathhouse_follow_up_2/1	Going to the $Bathhouse$ with you is definitely the best way to unwind!	Aller aux $bains$ avec toi, c'est décidément le meilleur moyen de se détendre !	Поход в $купальню$ с тобой вдвоём — определённо лучший способ развеяться!	Going to the $Bathhouse$ with you is definitely the best way to unwind!
Conversations/Bank/Balor/Date Lines/bathhouse/bathhouse_follow_up_2/init	That was great, [Ari].	C'était fantastique, [Ari] !	Отлично сходили, [Ari].	That was great, [Ari].
Conversations/Bank/Balor/Date Lines/beach/beach_accept_1/1	Maybe down at the Beach?	Pourquoi pas sur la plage ?	На пляж, может быть?	Maybe down at the Beach?
Conversations/Bank/Balor/Date Lines/beach/beach_accept_1/2	Great, let's go!	Super, en route !	Отлично, пойдём!	Great, let's go!
Conversations/Bank/Balor/Date Lines/beach/beach_accept_1/init	Would you like to go for a walk, [Ari]?	Que dirais-tu d'aller faire une balade, [Ari] ?	Хочешь сходить на прогулку, [Ari]?	Would you like to go for a walk, [Ari]?
Conversations/Bank/Balor/Date Lines/beach/beach_accept_2/1	Here, take my arm. Let's go!	Tiens, prends mon bras. Allons-y !	Вот, возьми меня под руку. Пойдём!	Here, take my arm. Let's go!
Conversations/Bank/Balor/Date Lines/beach/beach_accept_2/init	Shall we go out to the Beach for a walk?	Si on allait se promener sur la plage ?	Не прогуляться ли нам с тобой по пляжу?	Shall we go out to the Beach for a walk?
Conversations/Bank/Balor/Date Lines/beach/beach_follow_up_1/1	The way you looked with the sun on your skin and the sea breeze in your hair...	L'allure que tu avais avec l'éclat du soleil sur ta peau et la brise marine dans tes cheveux...	Когда твоя кожа блестела на солнце, а волосы поднял морской бриз...	The way you looked with the sun on your skin and the sea breeze in your hair...
Conversations/Bank/Balor/Date Lines/beach/beach_follow_up_1/1/prompts/0	...?	...?	?..	...?
Conversations/Bank/Balor/Date Lines/beach/beach_follow_up_1/1/prompts/1	(Blush)	(Rougit)	(Краснеет)	(Blush)
Conversations/Bank/Balor/Date Lines/beach/beach_follow_up_1/2	Well, you looked stunning!	Eh bien, tu étais <he>époustouflant</he><she>époustouflante</she><they>à couper le souffle</they> !	Ты <p>выглядели</p><f>выглядела</f><m>выглядел</m><n>выглядело</n> просто потрясно!	Well, you looked stunning!
Conversations/Bank/Balor/Date Lines/beach/beach_follow_up_1/3	Well, I can't stop thinking about it!	Eh bien, je n'arrête pas d'y penser !	Ну, я не могу перестать об этом думать!	Well, I can't stop thinking about it!
Conversations/Bank/Balor/Date Lines/beach/beach_follow_up_1/init	Thanks for joining me at the Beach, [Ari].	Merci de m'avoir accompagné à la plage, [Ari].	Спасибо, что <p>сходили</p><f>сходила</f><m>сходил</m><n>сходило</n> со мной на пляж, [Ari].	Thanks for joining me at the Beach, [Ari].
Conversations/Bank/Balor/Date Lines/beach/beach_follow_up_2/1	Especially with you beside me.	Surtout quand tu es à mes côtés.	Особенно, когда ты рядом.	Especially with you beside me.
Conversations/Bank/Balor/Date Lines/beach/beach_follow_up_2/init	A walk on the Beach is beautiful any time of year.	Une balade sur la plage, c'est magnifique toute l'année.	Прогулка по пляжу прекрасна в любое время года.	A walk on the Beach is beautiful any time of year.
Conversations/Bank/Balor/Date Lines/deep_woods_picnic/deep_woods_picnic_accept_1/1	Hahaha!	Ha ha ha !	Ха-ха-ха!	Hahaha!
Conversations/Bank/Balor/Date Lines/deep_woods_picnic/deep_woods_picnic_accept_1/2	Sorry, sorry...	Pardon, pardon...	Прости, прости...	Sorry, sorry...
Conversations/Bank/Balor/Date Lines/deep_woods_picnic/deep_woods_picnic_accept_1/3	It's just... you're cute!	C'est juste que... C'est tellement mignon !	Просто... Ты <p>такие милые</p><f>такая милая</f><m>такой милый</m><n>такое милое</n>!	It's just... you're cute!
Conversations/Bank/Balor/Date Lines/deep_woods_picnic/deep_woods_picnic_accept_1/4	Of course I'll go with you.	Bien sûr que je vais t'accompagner.	Конечно, я с тобой пойду.	Of course I'll go with you.
Conversations/Bank/Balor/Date Lines/deep_woods_picnic/deep_woods_picnic_accept_1/init	A picnic? Out in the $Deep Woods$?	Un pique-nique ? À $Boissombre$ ?	Пикник? Прямо в $Глубокой чаще$?	A picnic? Out in the $Deep Woods$?
Conversations/Bank/Balor/Date Lines/deep_woods_picnic/deep_woods_picnic_accept_2/1	I had a really nice time on our last $Deep Woods$ picnic-	J'ai vraiment passé un bon moment lors de notre pique-nique à $Boissombre$...	В прошлый раз мы отлично провели время на пикнике в $Глубокой чаще$...	I had a really nice time on our last $Deep Woods$ picnic-
Conversations/Bank/Balor/Date Lines/deep_woods_picnic/deep_woods_picnic_accept_2/2	Would you like to go on another one?	Ça te dirait qu'on en fasse un autre ?	Хочешь устроить ещё один?	Would you like to go on another one?
Conversations/Bank/Balor/Date Lines/deep_woods_picnic/deep_woods_picnic_accept_2/3	I picked up some food from the Inn that we can share.	J'ai pris de quoi manger à l'auberge, on pourrait partager.	Я взял в трактире еды на нас двоих.	I picked up some food from the Inn that we can share.
Conversations/Bank/Balor/Date Lines/deep_woods_picnic/deep_woods_picnic_accept_2/init	Hey [Ari]. I was wondering...	Dis, [Ari]. Je me demandais...	Привет, [Ari]. Я тут подумал...	Hey [Ari]. I was wondering...
Conversations/Bank/Balor/Date Lines/deep_woods_picnic/deep_woods_picnic_accept_3/1	Would you like to go on another picnic?	Ça te dirait qu'on aille à nouveau pique-niquer ?	Хочешь ещё раз сходить на пикник?	Would you like to go on another picnic?
Conversations/Bank/Balor/Date Lines/deep_woods_picnic/deep_woods_picnic_accept_3/2	I prepared everything myself.	J'ai tout préparé moi-même.	Я сам всё приготовил.	I prepared everything myself.
Conversations/Bank/Balor/Date Lines/deep_woods_picnic/deep_woods_picnic_accept_3/init	[Ari]!	[Ari] !	[Ari]!	[Ari]!
Conversations/Bank/Balor/Date Lines/deep_woods_picnic/deep_woods_picnic_follow_up_1/1	Sorry for teasing you about it...	Pardon de ma taquinerie à ce propos...	Прости, что вначале посмеялся...	Sorry for teasing you about it...
Conversations/Bank/Balor/Date Lines/deep_woods_picnic/deep_woods_picnic_follow_up_1/2	Let's do it again soon, eh?	On refait ça très vite, d'accord ?	Давай в ближайшее время ещё раз сходим, а?	Let's do it again soon, eh?
Conversations/Bank/Balor/Date Lines/deep_woods_picnic/deep_woods_picnic_follow_up_1/init	You know? I really enjoyed that picnic, [Ari].	Tu sais, j'ai vraiment apprécié ce pique-nique, [Ari].	Знаешь, что? Мне очень понравился наш пикник, [Ari].	You know? I really enjoyed that picnic, [Ari].
Conversations/Bank/Balor/Date Lines/deep_woods_picnic/deep_woods_picnic_follow_up_2/1	I hope it was okay that I ordered the food instead of making it myself...	J'espère que ça ne te dérange pas que j'aie commandé le repas au lieu de le faire moi-même...	Надеюсь, ты не <p>расстроились</p><f>расстроилась</f><m>расстроился</m><n>расстроилось</n>, что я заказал еду, а не сам приготовил...	I hope it was okay that I ordered the food instead of making it myself...
Conversations/Bank/Balor/Date Lines/deep_woods_picnic/deep_woods_picnic_follow_up_2/1/prompts/0	I didn't mind at all!	Absolument pas !	Я совсем не против!	I didn't mind at all!
Conversations/Bank/Balor/Date Lines/deep_woods_picnic/deep_woods_picnic_follow_up_2/1/prompts/1	Well, now I want to try your version!	Disons que... maintenant j'ai envie de goûter à ce que tu prépares !	А теперь я хочу попробовать и твою стряпню!	Well, now I want to try your version!
Conversations/Bank/Balor/Date Lines/deep_woods_picnic/deep_woods_picnic_follow_up_2/2	Whew!	Pfiou !	Фух!	Whew!
Conversations/Bank/Balor/Date Lines/deep_woods_picnic/deep_woods_picnic_follow_up_2/3	Honestly, I don't really cook all that much.	Honnêtement, je ne cuisine pas beaucoup.	Честно, я почти никогда не готовлю.	Honestly, I don't really cook all that much.
Conversations/Bank/Balor/Date Lines/deep_woods_picnic/deep_woods_picnic_follow_up_2/4	But if you like, I can try making something for us next time.	Mais si tu veux, j'essaierai de nous préparer quelque chose la prochaine fois.	Но, если хочешь, могу в следующий раз что-нибудь приготовить нам.	But if you like, I can try making something for us next time.
Conversations/Bank/Balor/Date Lines/deep_woods_picnic/deep_woods_picnic_follow_up_2/5	Haha!	Ha ha !	Ха-ха!	Haha!
Conversations/Bank/Balor/Date Lines/deep_woods_picnic/deep_woods_picnic_follow_up_2/6	Well honestly, I don't really cook all that much.	Honnêtement, je ne cuisine pas beaucoup.	Честно, я почти никогда не готовлю.	Well honestly, I don't really cook all that much.
Conversations/Bank/Balor/Date Lines/deep_woods_picnic/deep_woods_picnic_follow_up_2/7	But if you like, I can try making something for us next time.	Mais si tu veux, j'essaierai de nous préparer quelque chose la prochaine fois.	Но, если хочешь, могу в следующий раз что-нибудь приготовить нам.	But if you like, I can try making something for us next time.
Conversations/Bank/Balor/Date Lines/deep_woods_picnic/deep_woods_picnic_follow_up_2/init	Thanks for coming with me on the picnic, [Ari].	Merci d'être <he>venu</he><she>venue</she><they>venu·e</they> pique-niquer avec moi, [Ari].	Спасибо, что <p>сходили</p><f>сходила</f><m>сходил</m><n>сходило</n> со мной на пикник, [Ari].	Thanks for coming with me on the picnic, [Ari].
Conversations/Bank/Balor/Date Lines/deep_woods_picnic/deep_woods_picnic_follow_up_3/1	I was glad to see you enjoyed the food!	Je suis content que la nourriture t'ait plu !	Приятно видеть, что тебе понравилась еда!	I was glad to see you enjoyed the food!
Conversations/Bank/Balor/Date Lines/deep_woods_picnic/deep_woods_picnic_follow_up_3/init	That was a nice picnic, wasn't it?	C'était un pique-nique agréable, n'est-ce pas ?	Хороший был пикник, да?	That was a nice picnic, wasn't it?
Conversations/Bank/Balor/Date Lines/gem_cutting/gem_cutting_accept_1/1	[Ari]...	[Ari]...	[Ari]...	[Ari]...
Conversations/Bank/Balor/Date Lines/gem_cutting/gem_cutting_accept_1/2	T-that sounds incredible!	Je... Ça paraît incroyable !	Звучит п-просто потрясающе!	T-that sounds incredible!
Conversations/Bank/Balor/Date Lines/gem_cutting/gem_cutting_accept_1/3	I would love to!	J'adorerais ça !	Пойду с удовольствием!	I would love to!
Conversations/Bank/Balor/Date Lines/gem_cutting/gem_cutting_accept_1/init	A $Gem Cutting Date$...?	Aller $tailler des gemmes$...?	$Свидание с огранкой$?..	A $Gem Cutting Date$...?
Conversations/Bank/Balor/Date Lines/gem_cutting/gem_cutting_accept_2/1	Would you want to do some $Gem Cutting$ together?	Ça te dirait qu'on aille $tailler des gemmes$ ?	Хочешь сходить со мной на $свидание с огранкой$?	Would you want to do some $Gem Cutting$ together?
Conversations/Bank/Balor/Date Lines/gem_cutting/gem_cutting_accept_2/2	Yeah? Alright!	Oui ? Super !	Да? Отлично!	Yeah? Alright!
Conversations/Bank/Balor/Date Lines/gem_cutting/gem_cutting_accept_2/init	So um. If you're not too busy...	Dis, hum. Si tu as un peu de temps pour toi...	Так, эм... Если ты не <p>заняты</p><f>занята</f><m>занят</m><n>занято</n>...	So um. If you're not too busy...
Conversations/Bank/Balor/Date Lines/gem_cutting/gem_cutting_follow_up_1/1	I don't know what inspired you to propose $Gem Cutting$ as a date...	Je ne sais pas ce qui t'a donné l'idée de proposer la $taille de gemmes$ pour un rendez-vous...	Не знаю, что тебя вдохновило на $свидание с огранкой$...	I don't know what inspired you to propose $Gem Cutting$ as a date...
Conversations/Bank/Balor/Date Lines/gem_cutting/gem_cutting_follow_up_1/2	But I loved every minute of it, [Ari].	Mais j'ai adoré ça du début à la fin, [Ari].	Но мне понравилась каждое мгновение, [Ari]!	But I loved every minute of it, [Ari].
Conversations/Bank/Balor/Date Lines/gem_cutting/gem_cutting_follow_up_1/init	I can't believe I got to cut and polish my own gem!	Je n'en reviens pas d'avoir pu tailler et polir ma propre pierre !	Даже не верится, что я сам резал и шлифовал камень!	I can't believe I got to cut and polish my own gem!
Conversations/Bank/Balor/Date Lines/gem_cutting/gem_cutting_follow_up_2/1	Thank you for showing me how to do it, [Ari].	Merci de m'avoir montré comment on fait, [Ari].	Спасибо, что <p>показали</p><f>показала</f><m>показал</m><n>показало</n>, как это делается, [Ari].	Thank you for showing me how to do it, [Ari].
Conversations/Bank/Balor/Date Lines/gem_cutting/gem_cutting_follow_up_2/2	It's been fun to work on a new skill!	Ça a été amusant de travailler une nouvelle compétence !	Приятно осваивать новый навык!	It's been fun to work on a new skill!
Conversations/Bank/Balor/Date Lines/gem_cutting/gem_cutting_follow_up_2/init	I feel like our gems turned out really good this time!	J'ai l'impression que nos pierres sont vraiment réussies, cette fois !	По-моему, в этот раз у нас получились отличые камни!	I feel like our gems turned out really good this time!
Conversations/Bank/Balor/Date Lines/inn_meal/inn_meal_accept_1/1	Of course! Fingers crossed there won't be any interruptions this time.	Bien sûr ! Je croise les doigts pour qu'on ne nous interrompe pas, cette fois.	Ну конечно! Если повезёт, нас в этот раз, наконец, не прервут.	Of course! Fingers crossed there won't be any interruptions this time.
Conversations/Bank/Balor/Date Lines/inn_meal/inn_meal_accept_1/init	Oh? You want to get something to eat?	Oh ? Tu veux qu'on prenne quelque chose à manger ?	Ого, ты хочешь вместе сходить поесть?	Oh? You want to get something to eat?
Conversations/Bank/Balor/Date Lines/inn_meal/inn_meal_accept_2/1	My treat, this time!	C'est moi qui t'invite, cette fois !	В этот раз я угощаю!	My treat, this time!
Conversations/Bank/Balor/Date Lines/inn_meal/inn_meal_accept_2/init	Want to join me for a meal, [Ari]?	Tu veux venir manger avec moi, [Ari] ?	Хочешь сходить поесть вместе, [Ari]?	Want to join me for a meal, [Ari]?
Conversations/Bank/Balor/Date Lines/inn_meal/inn_meal_accept_3/1	I've got a table reserved with our names on it!	J'ai réservé une table à nos deux noms !	Я заразервировал столик на наши имена!	I've got a table reserved with our names on it!
Conversations/Bank/Balor/Date Lines/inn_meal/inn_meal_accept_3/init	Care to join me for a bite?	Ça te dirait de manger un morceau avec moi ?	Не сходишь со мной подкрепиться?	Care to join me for a bite?
Conversations/Bank/Balor/Date Lines/inn_meal/inn_meal_follow_up_1/1	I wasn't expecting you to keep me talking like that. Next time, I want to hear more about your time in the capital!	Je ne m'attendais pas à ce que tu me fasses autant parler. La prochaine fois, je veux t'entendre me raconter ta vie dans la capitale !	Не ожидал, что ты столько будешь меня расспрашивать. В следующий раз я хочу послушать про твои годы в столице.	I wasn't expecting you to keep me talking like that. Next time, I want to hear more about your time in the capital!
Conversations/Bank/Balor/Date Lines/inn_meal/inn_meal_follow_up_1/2	Let's plan on doing it again soon.	Il faut qu'on prévoie de refaire ça très vite !	Давай ещё сходим в ближайшее время.	Let's plan on doing it again soon.
Conversations/Bank/Balor/Date Lines/inn_meal/inn_meal_follow_up_1/init	That was fun, [Ari]...	Quel bon moment, [Ari] !	Мне понравилось, [Ari]...	That was fun, [Ari]...
Conversations/Bank/Balor/Date Lines/inn_meal/inn_meal_follow_up_2/1	It's fun, getting to know more about you.	C'est agréable d'avoir l'occasion d'en apprendre un peu plus sur toi.	Приятно узнавать о тебе новое.	It's fun, getting to know more about you.
Conversations/Bank/Balor/Date Lines/inn_meal/inn_meal_follow_up_2/2	Turns out, the more I learn the more I like!	Et pour être honnête, plus j'en apprends, plus ça me plaît !	Оказывается, чем больше я узнаю, тем больше мне нравится!	Turns out, the more I learn the more I like!
Conversations/Bank/Balor/Date Lines/inn_meal/inn_meal_follow_up_2/init	Thanks for letting me take you out for a meal.	Merci d'avoir accepté mon invitation.	Спасибо, что <p>согласились</p><f>согласилась</f><m>согласился</m><n>согласилось</n> на моё приглашение.	Thanks for letting me take you out for a meal.
Conversations/Bank/Balor/Date Lines/inn_meal/inn_meal_follow_up_3/1	I'll reserve us the same spot next time!	Je nous réserverai la même table la prochaine fois !	В следующий раз зарезервирую то же место!	I'll reserve us the same spot next time!
Conversations/Bank/Balor/Date Lines/inn_meal/inn_meal_follow_up_3/init	I had a great time with you, [Ari].	J'ai passé un excellent moment avec toi, [Ari].	Хорошо провели с тобой время, [Ari].	I had a great time with you, [Ari].
Conversations/Bank/Balor/Date Lines/park/park_accept_1/1	Well... how about the $Park$? It's a great spot to relax.	Eh bien... Que dirais-tu du $parc$ ? C'est un endroit idéal pour se détendre.	Ну... как насчёт $парка$? Отличное место для отдыха.	Well... how about the $Park$? It's a great spot to relax.
Conversations/Bank/Balor/Date Lines/park/park_accept_1/2	I think you'll quite like it.	Je crois que ça te plaira beaucoup.	Думаю, тебе должно понравиться.	I think you'll quite like it.
Conversations/Bank/Balor/Date Lines/park/park_accept_1/init	What's that? You want to go somewhere with me?	Comment ? Tu aimerais qu'on aille quelque part ensemble ?	Что такое? Ты хочешь со мной куда-то сходить?	What's that? You want to go somewhere with me?
Conversations/Bank/Balor/Date Lines/park/park_accept_2/1	Of course I would!	Bien sûr que oui !	Ну конечно хочу!	Of course I would!
Conversations/Bank/Balor/Date Lines/park/park_accept_2/init	Would I like to go to the $Park$ with you?	Si j'aimerais aller au $parc$ avec toi ?	Хочу ли я пойти с тобой в $парк$?	Would I like to go to the $Park$ with you?
Conversations/Bank/Balor/Date Lines/park/park_follow_up_1/1	Thanks for making the day special, [Ari].	Merci d'avoir rendu cette journée spéciale, [Ari].	Спасибо, что <p>устроили</p><f>устроила</f><m>устроил</m><n>устроило</n> нам особенный день, [Ari].	Thanks for making the day special, [Ari].
Conversations/Bank/Balor/Date Lines/park/park_follow_up_1/init	The $Park$ was fun, wasn't it?	On a passé un bon moment au $parc$, hein ?	В $парке$ было хорошо, да?	The $Park$ was fun, wasn't it?
Conversations/Bank/Balor/Date Lines/park/park_follow_up_2/1	Let's go again soon!	Refaisons ça très vite !	Давай в ближайшее время ещё раз сходим!	Let's go again soon!
Conversations/Bank/Balor/Date Lines/park/park_follow_up_2/init	I had a great time with you at the $Park$.	J'ai passé un excellent moment avec toi au $parc$.	Мы с тобой отлично провели время в $парке$.	I had a great time with you at the $Park$.
Conversations/Bank/Balor/Date Lines/post_baby/post_baby_date_accept/1	Let's just drop off [child_0] with Jo first.			Let's just drop off [child_0] with Jo first.
Conversations/Bank/Balor/Date Lines/post_baby/post_baby_date_accept/2	I'm sure they'll have a great time together.			I'm sure they'll have a great time together.
Conversations/Bank/Balor/Date Lines/post_baby/post_baby_date_accept/init	A date? You read my mind.			A date? You read my mind.
Conversations/Bank/Balor/Date Lines/post_baby/post_baby_date_follow_up/1	It was nice to have a little alone time together.			It was nice to have a little alone time together.
Conversations/Bank/Balor/Date Lines/post_baby/post_baby_date_follow_up/2	And I can tell [child_0] enjoyed his time with Jo, too!			And I can tell [child_0] enjoyed his time with Jo, too!
Conversations/Bank/Balor/Date Lines/post_baby/post_baby_date_follow_up/init	That was a wonderful date, [Ari].			That was a wonderful date, [Ari].
Conversations/Bank/Balor/Gift Lines/gift_lines/alda_gem_bracelet/1	And would you look at that, it even fits me! Thank you.	Et regarde ça, il est même à ma taille ! Merci.	Смотрите-ка, ещё и подходит мне по размеру! Спасибо.	And would you look at that, it even fits me! Thank you.
Conversations/Bank/Balor/Gift Lines/gift_lines/alda_gem_bracelet/init	Goodness, a genuine =Alda Gem Bracelet= isn't something you come across every day.	Ça alors... Ce n'est pas tous les jours qu'on peut admirer un authentique =bracelet précieux d'Alda=.	Ничего себе, нечасто видишь настоящий =альдийский драгоценный браслет=.	Goodness, a genuine =Alda Gem Bracelet= isn't something you come across every day.
Conversations/Bank/Balor/Gift Lines/gift_lines/ant/1	Are you trying to disrupt my business, [Ari]?	Tu essaies de semer le bazar dans mes affaires, [Ari] ?	Ты <p>пытаетесь</p><f>пытаешься</f><m>пытаешься</m><n>пытаешься</n> разрушить мой бизнес, [Ari]?	Are you trying to disrupt my business, [Ari]?
Conversations/Bank/Balor/Gift Lines/gift_lines/ant/init	An $Ant$! You wouldn't believe how quickly they can ruin a merchant's stock.	Les $fourmis$ ! Tu n'imagines pas à quelle vitesse elles peuvent détruire tout le stock d'un commerçant.	$Муравей$! Ты не представляешь, как быстро они могут испортить товар купца.	An $Ant$! You wouldn't believe how quickly they can ruin a merchant's stock.
Conversations/Bank/Balor/Gift Lines/gift_lines/apple_honey_curry/1	Thank you, [Ari].	Merci, [Ari].	Спасибо, [Ari].	Thank you, [Ari].
Conversations/Bank/Balor/Gift Lines/gift_lines/apple_honey_curry/init	=Apple Honey Curry=! Made with especially delicious local apples and honey, no doubt.	Un =curry aux pommes et au miel= ! Préparé avec de belles pommes et du miel délicieux d'ici, je n'en doute pas.	=Яблочно-медовое карри=! И наверняка из местных отборных яблок и мёда.	=Apple Honey Curry=! Made with especially delicious local apples and honey, no doubt.
Conversations/Bank/Balor/Gift Lines/gift_lines/birthday_gift/1	I'll still take it though. Thank you!	Mais je le prends quand même. Merci !	Но я всё равно приму. Спасибо!	I'll still take it though. Thank you!
Conversations/Bank/Balor/Gift Lines/gift_lines/birthday_gift/init	A birthday gift? You shouldn't have!	Un cadeau d'anniversaire ? Il ne fallait pas !	Подарок на день рождения? Ну, не стоило!	A birthday gift? You shouldn't have!
Conversations/Bank/Balor/Gift Lines/gift_lines/cauliflower_curry/1	Thanks, [Ari].	Merci, [Ari] !	Спасибо, [Ari].	Thanks, [Ari].
Conversations/Bank/Balor/Gift Lines/gift_lines/cauliflower_curry/init	=Cauliflower Curry=! I never get tired of it.	Un =curry de chou-fleur= ! Je ne m'en lasse jamais.	=Карри из цветной капусты= мне никогда не надоест!	=Cauliflower Curry=! I never get tired of it.
Conversations/Bank/Balor/Gift Lines/gift_lines/chickpea_curry/1	Thanks, [Ari].	Merci, [Ari] !	Спасибо, [Ari].	Thanks, [Ari].
Conversations/Bank/Balor/Gift Lines/gift_lines/chickpea_curry/init	=Chickpea Curry= is good, hearty food. Just the thing for a merchant like me!	Le =curry de pois chiches= est un plat savoureux et roboratif. C'est parfait pour un marchand comme moi !	=Карри из нута= — здоровая и сытная пища. Для меня как торговца это то что нужно.	=Chickpea Curry= is good, hearty food. Just the thing for a merchant like me!
Conversations/Bank/Balor/Gift Lines/gift_lines/chili_coconut_curry/1	Just how I like it!	Exactement comme j'aime !	Всё как я люблю!	Just how I like it!
Conversations/Bank/Balor/Gift Lines/gift_lines/chili_coconut_curry/init	What a handsome =Chili Coconut Curry=! Thank you, this looks exceptionally spicy.	Quel splendide =curry pimenté à la noix de coco= ! Merci, il a l'air particulièrement relevé.	Как красиво смотрится этот =карри с кокосом и чили=! С виду невероятно остро, спасибо.	What a handsome =Chili Coconut Curry=! Thank you, this looks exceptionally spicy.
Conversations/Bank/Balor/Gift Lines/gift_lines/crystal_rose/1	How splendid, thank you [Ari].	C'est splendide, merci, [Ari].	Потрясающе, спасибо, [Ari].	How splendid, thank you [Ari].
Conversations/Bank/Balor/Gift Lines/gift_lines/crystal_rose/init	Look how this =Crystal Rose= glitters!	Regarde comme cette =rose de cristal= scintille !	Как сверкает эта =кристальная роза=!	Look how this =Crystal Rose= glitters!
Conversations/Bank/Balor/Gift Lines/gift_lines/deluxe_curry/init	=D-Deluxe Curry=! This is perfection! Thank you, [Ari]!	Un =c-curry royal= ! C'est absolument parfait ! Merci, [Ari] !	=К-карри-делюкс=! Это совершенство! Спасибо, [Ari]!	=D-Deluxe Curry=! This is perfection! Thank you, [Ari]!
Conversations/Bank/Balor/Gift Lines/gift_lines/deluxe_curry_2/1	And =Deluxe Curry= is the finest of them all!	Et le =curry royal= est le meilleur de tous !	А =карри-делюкс= — лучший образец карри!	And =Deluxe Curry= is the finest of them all!
Conversations/Bank/Balor/Gift Lines/gift_lines/deluxe_curry_2/2	Thank you, [Ari].	Merci, [Ari].	Спасибо, [Ari].	Thank you, [Ari].
Conversations/Bank/Balor/Gift Lines/gift_lines/deluxe_curry_2/init	Don't you think that curry is the perfect expression of my trade? The fine taste of different spices, traveling and mingling together.	Ne trouves-tu pas que le curry traduit parfaitement mon métier ? Le goût raffiné de différentes épices, qui voyagent et se mélangent.	Карри — отличная метафора для моего образа жизни, тебе так не кажется? Деликатные вкусы разных пряностей путешествуют и перемешиваются в дороге.	Don't you think that curry is the perfect expression of my trade? The fine taste of different spices, traveling and mingling together.
Conversations/Bank/Balor/Gift Lines/gift_lines/diamond/1	Then again, who isn't!	Comme tout le monde, je crois !	Хотя кто их не любит?	Then again, who isn't!
Conversations/Bank/Balor/Gift Lines/gift_lines/diamond/init	How generous of you, [Ari]! I'm quite partial to =Diamonds=.	Quelle générosité de ta part, [Ari] ! J'ai un gros faible pour les =diamants=.	Какая щедрость, [Ari]! Я весьма неравнодушен к =алмазам=.	How generous of you, [Ari]! I'm quite partial to =Diamonds=.
Conversations/Bank/Balor/Gift Lines/gift_lines/disliked_gift/init	Hm... I don't know what to do with this...	Hm... Je ne sais pas quoi faire de ça...	Хм... Не знаю, что с этим делать...	Hm... I don't know what to do with this...
Conversations/Bank/Balor/Gift Lines/gift_lines/emerald/1	Marvelous. Thank you, [Ari].	C'est merveilleux. Merci, [Ari].	Бесподобно. Спасибо, [Ari].	Marvelous. Thank you, [Ari].
Conversations/Bank/Balor/Gift Lines/gift_lines/emerald/init	There's nothing quite like an =Emerald=, is there?	Rien n'égale une =émeraude=, n'est-ce pas ?	У =изумрудов= свой особенный шарм, правда?	There's nothing quite like an =Emerald=, is there?
Conversations/Bank/Balor/Gift Lines/gift_lines/family_crest_pendant/1	There's a special place in my heart for reminders of home you can carry with you. Thanks, [Ari].	Les souvenirs d'un chez-soi qui nous accompagne tiennent une place à part dans mon cœur. Merci, [Ari].	Всё, что напоминает о доме и можно взять с собой, для меня особенно ценно. Спасибо, [Ari].	There's a special place in my heart for reminders of home you can carry with you. Thanks, [Ari].
Conversations/Bank/Balor/Gift Lines/gift_lines/family_crest_pendant/init	A =Family Crest Pendant=! It was an Aldarian tradition to hang these around the neck of family leaving home for the first time.	Un =pendentif aux armes familiales= ! À Aldaria, il était de tradition de le passer au cou d'un membre de la famille qui quittait le foyer pour la première fois.	=Кулон с фамильным гербом=! По старой альдарийской традиции их вешали на шею членам семьи, впервые покидающим дом.	A =Family Crest Pendant=! It was an Aldarian tradition to hang these around the neck of family leaving home for the first time.
Conversations/Bank/Balor/Gift Lines/gift_lines/fog_orchid/1	Thanks, [Ari].	Merci, [Ari] !	Спасибо, [Ari].	Thanks, [Ari].
Conversations/Bank/Balor/Gift Lines/gift_lines/fog_orchid/init	What a rare beauty the =Fog Orchid= is.	L'=orchidée nébuleuse= est d'une beauté rare.	Как неуловимо красива =туманная орхидея=!	What a rare beauty the =Fog Orchid= is.
Conversations/Bank/Balor/Gift Lines/gift_lines/frost_lily/1	I suppose that's why I like them. Thank you!	Ce doit être pour ça que je l'apprécie. Merci !	Поэтому они мне и нравятся. Спасибо!	I suppose that's why I like them. Thank you!
Conversations/Bank/Balor/Gift Lines/gift_lines/frost_lily/init	The =Frost Lily= is a true wonder!	Le =lys de givre= est une véritable merveille !	=Снежные лилии= — просто чудо!	The =Frost Lily= is a true wonder!
Conversations/Bank/Balor/Gift Lines/gift_lines/gold_ingot/1	That's terribly generous of you, [Ari]. Thank you!	C'est extrêmement généreux de ta part, [Ari]. Je te remercie !	Очень щедро с твоей стороны, [Ari]. Спасибо!	That's terribly generous of you, [Ari]. Thank you!
Conversations/Bank/Balor/Gift Lines/gift_lines/gold_ingot/init	A =Gold Ingot=?	Un =lingot d'or= ?	Это =слиток золота=?	A =Gold Ingot=?
Conversations/Bank/Balor/Gift Lines/gift_lines/gold_ore/1	Thanks, [Ari].	Merci, [Ari] !	Спасибо, [Ari].	Thanks, [Ari].
Conversations/Bank/Balor/Gift Lines/gift_lines/gold_ore/init	=Gold Ore=! The possibilities for it are endless, aren't they?	Du =minerai d'or= ! Il offre des possibilités infinies, n'est-ce pas ?	=Золотая руда= хранит безграничный потенциал.	=Gold Ore=! The possibilities for it are endless, aren't they?
Conversations/Bank/Balor/Gift Lines/gift_lines/golden_cheesecake/1	You're spoiling me, [Ari].	Tu me gâtes, [Ari].	Ты меня разбалуешь, [Ari].	You're spoiling me, [Ari].
Conversations/Bank/Balor/Gift Lines/gift_lines/golden_cheesecake/init	=Golden Cheescake=!	Du =cheese-cake doré= !	Это же =золотой чизкейк=!	=Golden Cheescake=!
Conversations/Bank/Balor/Gift Lines/gift_lines/golden_cookies/1	Thank you, [Ari]. These will be gone before the day is out, mark my words.	Merci, [Ari]. Il n'en restera plus un seul d'ici la fin de la journée, crois-moi.	Спасибо, [Ari]. До завтра оно не доживёт, обещаю тебе.	Thank you, [Ari]. These will be gone before the day is out, mark my words.
Conversations/Bank/Balor/Gift Lines/gift_lines/golden_cookies/init	=Golden Cookies=, what a treat!	Des =cookies dorés=, quel régal !	=Золотое печенье= — вот это лакомство!	=Golden Cookies=, what a treat!
Conversations/Bank/Balor/Gift Lines/gift_lines/honey_curry/1	I tried it on my last trip to the Capital... way too sweet, if you ask me.	J'y ai goûté lors de mon dernier voyage à la capitale... il était bien trop sucré, à mon avis.	Я пробовал его во время последней поездки в столицу... по мне, слишком уж сладко.	I tried it on my last trip to the Capital... way too sweet, if you ask me.
Conversations/Bank/Balor/Gift Lines/gift_lines/honey_curry/init	Is this $Honey Curry$...?	Est-ce que c'est un $curry au miel$...?	Это $медовое карри$...?	Is this $Honey Curry$...?
Conversations/Bank/Balor/Gift Lines/gift_lines/jasmine/1	Sometimes I'll hang a sprig of it in my wagon to freshen it up a bit.	Parfois, j'en accroche un rameau dans mon chariot pour le parfumer un peu.	Иногда я вешаю в фургоне веточку для аромата.	Sometimes I'll hang a sprig of it in my wagon to freshen it up a bit.
Conversations/Bank/Balor/Gift Lines/gift_lines/jasmine/init	Oh! Thank you for the =Jasmine=, [Ari].	Oh, merci pour le =jasmin=, [Ari].	Ой! Спасибо за =жасмин=, [Ari].	Oh! Thank you for the =Jasmine=, [Ari].
Conversations/Bank/Balor/Gift Lines/gift_lines/liked_gift/init	Why [Ari], what a thoughtful gift!	Ça alors, [Ari], quel cadeau très attentionné !	Ох, [Ari], какой заботливый подарок!	Why [Ari], what a thoughtful gift!
Conversations/Bank/Balor/Gift Lines/gift_lines/liked_gift_2/init	This is just the thing! Thanks, [Ari].	C'est pile ce qu'il me faut ! Merci, [Ari].	Это именно то что нужно! Спасибо, [Ari].	This is just the thing! Thanks, [Ari].
Conversations/Bank/Balor/Gift Lines/gift_lines/liked_gift_3/init	Your generosity is something else. Thanks, [Ari].	Tu fais vraiment preuve d'une grande générosité. Merci, [Ari].	Твоя щедрость — нечто особенное. Спасибо, [Ari].	Your generosity is something else. Thanks, [Ari].
Conversations/Bank/Balor/Gift Lines/gift_lines/liked_gift_gems/init	Lovely! I can't resist anything with a little sparkle.	Ravissant ! Je ne résiste pas à tout ce qui brille.	Прелестно! Я не могу устоять перед блестящими вещицами.	Lovely! I can't resist anything with a little sparkle.
Conversations/Bank/Balor/Gift Lines/gift_lines/loved_gift/init	As a merchant, I can be a bit choosy, but there's no faulting a gift as grand as this. Thank you, [Ari].	En tant que commerçant, je suis parfois un peu difficile, mais je ne trouve rien à redire à un cadeau aussi exceptionnel. Merci, [Ari].	Я купец и могу быть привередлив, но к такому подарку не придерёшься. Спасибо, [Ari].	As a merchant, I can be a bit choosy, but there's no faulting a gift as grand as this. Thank you, [Ari].
Conversations/Bank/Balor/Gift Lines/gift_lines/loved_gift_2/init	You share my eye for the finer things, don't you? I won't forget this, [Ari].	Je ne suis pas le seul à avoir l'œil pour les belles choses, hein ? Je n'oublierai pas ton geste, [Ari].	У нас с тобой схожий взгляд на прекрасное, правда, [Ari]? Я это не забуду.	You share my eye for the finer things, don't you? I won't forget this, [Ari].
Conversations/Bank/Balor/Gift Lines/gift_lines/loved_gift_3/init	I'm not used to getting something so fine without strings attached, [Ari]. Thank you.	Je n'ai pas l'habitude qu'on me donne quelque chose d'aussi beau sans qu'il y ait un loup, [Ari]. Merci.	Я не привык получать такие вещи просто так, [Ari]. Спасибо.	I'm not used to getting something so fine without strings attached, [Ari]. Thank you.
Conversations/Bank/Balor/Gift Lines/gift_lines/loved_gift_edible/init	I can't resist a curry... The flavor! The depth! The heat! Thank you, [Ari]!	Je ne résiste pas à un bon curry... Ce goût ! Cette saveur ! Cette chaleur ! Merci, [Ari] !	Я не могу устоять перед карри... Вкус! Глубина! Острота! Спасибо, [Ari]!	I can't resist a curry... The flavor! The depth! The heat! Thank you, [Ari]!
Conversations/Bank/Balor/Gift Lines/gift_lines/loved_gift_gems/init	You have me at a loss, [Ari]. This is one-of-a-kind! It's going right into my private collection.	Je ne sais pas quoi dire, [Ari]. C'est absolument unique ! Je vais le mettre tout de suite dans ma collection personnelle.	Вот это неожиданность, [Ari]. Это самый особенный подарок! Теперь он часть моей личной коллекции.	You have me at a loss, [Ari]. This is one-of-a-kind! It's going right into my private collection.
Conversations/Bank/Balor/Gift Lines/gift_lines/neutral_gift/init	Oh! Well, thanks.	Oh ! Eh bien, merci.	О! Ну, спасибо.	Oh! Well, thanks.
Conversations/Bank/Balor/Gift Lines/gift_lines/perfect_diamond/1	Thank you, [Ari]. You're undoubtedly also one-of-a-kind.	Tu es sûr<she></she><he>e</he><they>·e</they> d'avoir choisi la bonne vocation ? Tu sembles avoir l'instinct du marchand pour savoir ce que les gens aiment.	Ты точно <p>выбрали</p><f>выбрала</f><m>выбрал</m><n>выбрало</n> правильную профессию? Похоже, у тебя купеческое чутьё: знаешь, что кому понравится.	Thank you, [Ari]. You're undoubtedly also one-of-a-kind.
Conversations/Bank/Balor/Gift Lines/gift_lines/perfect_diamond/init	A =Perfect Diamond=, a rarity among rarities!	Un =diamant pur= ! Merci, [Ari].	=Идеальный алмаз=! Спасибо, [Ari].	A =Perfect Diamond=, a rarity among rarities!
Conversations/Bank/Balor/Gift Lines/gift_lines/perfect_diamond_2/1	Are you sure you're in the right line of work? Seems you have a merchant's sense for knowing just what a person likes.		Ты точно <p>выбрали</p><f>выбрала</f><m>выбрал</m><n>выбрало</n> правильную профессию? Похоже, у тебя купеческое чутьё: знаешь, что кому понравится.	<he>Сигурен ли си, че си избрал</he><she>Сигурна ли си, че си избрала</she><they>Сигурни ли сте, че сте избрали</they> правилната професия? Май имаш търговски усет: знаеш какво ще се хареса на всеки.
Conversations/Bank/Balor/Gift Lines/gift_lines/perfect_diamond_2/init	A =Perfect Diamond=! Thank you, [Ari].		=Идеальный алмаз=! Спасибо, [Ari].	=Перфектен диамант=! Благодаря, [Ari].
Conversations/Bank/Balor/Gift Lines/gift_lines/perfect_emerald/1	Thank you!	Merci !	Спасибо!	Thank you!
Conversations/Bank/Balor/Gift Lines/gift_lines/perfect_emerald/init	Would you look at that, a =Perfect Emerald=! This green rivals even the deepest verdure of a forest.	Regarde-moi un peu ça, une =émeraude pure= ! Son vert rivalise avec la couleur profonde des forêts.	Это =идеальный изумруд=! Зеленее листвы в глубоких лесах.	Would you look at that, a =Perfect Emerald=! This green rivals even the deepest verdure of a forest.
Conversations/Bank/Balor/Gift Lines/gift_lines/perfect_gold_ore/1	Thanks, [Ari]!	Merci, [Ari] !	Спасибо, [Ari]!	Thanks, [Ari]!
Conversations/Bank/Balor/Gift Lines/gift_lines/perfect_gold_ore/init	Would you look at that =Perfect Gold Ore=!	Regarde un peu ce =minerai d'or pur= !	До чего прекрасная =идеальная золотая руда=!	Would you look at that =Perfect Gold Ore=!
Conversations/Bank/Balor/Gift Lines/gift_lines/perfect_pink_diamond/1	Thank you, [Ari]!	Merci, [Ari] !	Спасибо, [Ari]!	Thank you, [Ari]!
Conversations/Bank/Balor/Gift Lines/gift_lines/perfect_pink_diamond/init	Look at the light refract off this =Perfect Pink Diamond=! The luster is truly unmatched.	Admire un peu la façon dont la lumière est réfractée par ce =diamant rose pur= ! Son lustre est incomparable.	Только посмотри, как отражается свет в этом =идеальном розовом алмазе=! Поистине непревзойдённый блеск.	Look at the light refract off this =Perfect Pink Diamond=! The luster is truly unmatched.
Conversations/Bank/Balor/Gift Lines/gift_lines/perfect_ruby/1	I'll treasure this, [Ari]!	Je vais le garder précieusement, [Ari] !	Я буду бережно его хранить, [Ari]!	I'll treasure this, [Ari]!
Conversations/Bank/Balor/Gift Lines/gift_lines/perfect_ruby/init	The deep red of a =Perfect Ruby= is certainly intense, isn't it?	Le rouge d'un =rubis pur= est une profondeur intense, tu ne trouves pas ?	У =идеального рубина= такой насыщенный красный цвет.	The deep red of a =Perfect Ruby= is certainly intense, isn't it?
Conversations/Bank/Balor/Gift Lines/gift_lines/perfect_sapphire/1	Maybe I'll have it set into a ring so I can lose myself in its depths whenever I want.	Je vais peut-être le faire monter en bague pour me perdre à l'envi dans ses profondeurs.	Может, попрошу сделать с ним кольцо. И буду любоваться этой глубиной, когда захочу.	Maybe I'll have it set into a ring so I can lose myself in its depths whenever I want.
Conversations/Bank/Balor/Gift Lines/gift_lines/perfect_sapphire/2	Thank you!	Merci !	Спасибо!	Thank you!
Conversations/Bank/Balor/Gift Lines/gift_lines/perfect_sapphire/init	The blue of this =Perfect Sapphire= is fathomless!	Ce =saphir pur= est d'un bleu insondable !	Синева этого =идеальнго сапфира= не сравнится ни с чем!	The blue of this =Perfect Sapphire= is fathomless!
Conversations/Bank/Balor/Gift Lines/gift_lines/pink_diamond/1	Thank you for this, [Ari].	Merci pour ce cadeau, [Ari].	Спасибо тебе, [Ari].	Thank you for this, [Ari].
Conversations/Bank/Balor/Gift Lines/gift_lines/pink_diamond/init	A =Pink Diamond=! What a remarkable stone.	Un =diamant rose= ! Quelle pierre remarquable !	=Розовый алмаз=! Поистине необыкновенный камень.	A =Pink Diamond=! What a remarkable stone.
Conversations/Bank/Balor/Gift Lines/gift_lines/rose/1	Thank you, [Ari].	Merci, [Ari].	Спасибо, [Ari].	Thank you, [Ari].
Conversations/Bank/Balor/Gift Lines/gift_lines/rose/init	There's nothing so classically beautiful as a rose, is there?	Rien n'égale la classique beauté des roses, tu ne trouves pas ?	Нет более классического образца красоты, чем роза.	There's nothing so classically beautiful as a rose, is there?
Conversations/Bank/Balor/Gift Lines/gift_lines/ruby/1	Very nice, [Ari]. Thank you.	C'est très gentil, [Ari]. Merci.	Он прекрасен, [Ari]. Спасибо.	Very nice, [Ari]. Thank you.
Conversations/Bank/Balor/Gift Lines/gift_lines/ruby/init	A =Ruby=! See how it glitters!	Un =rubis= ! Regarde comme il scintille !	Какой =рубин=! Как он сверкает!	A =Ruby=! See how it glitters!
Conversations/Bank/Balor/Gift Lines/gift_lines/rusted_treasure_chest/1	Hopefully it's watertight! Thank you.	Espérons qu'il est étanche ! Merci.	Надеюсь, что он водонепроницаемый! Спасибо.	Hopefully it's watertight! Thank you.
Conversations/Bank/Balor/Gift Lines/gift_lines/rusted_treasure_chest/init	I wonder what lies inside this =Rusted Treasure Chest=?	Je me demande ce qui se cache dans ce =coffre au trésor rouillé=.	Интересно, что внутри этого =ржавого сундука=?	I wonder what lies inside this =Rusted Treasure Chest=?
Conversations/Bank/Balor/Gift Lines/gift_lines/sapphire/1	I'm happy to accept this, thanks [Ari].	Je suis heureux d'accepter ce présent, merci [Ari].	С радостью приму его в подарок. Спасибо, [Ari].	I'm happy to accept this, thanks [Ari].
Conversations/Bank/Balor/Gift Lines/gift_lines/sapphire/init	This =Sapphire= shimmers like the ocean, doesn't it?	Le scintillement de ce =saphir= est pareil à celui de l'océan, tu ne trouves pas ?	Этот =сапфир= мерцает, как океан.	This =Sapphire= shimmers like the ocean, doesn't it?
Conversations/Bank/Balor/Gift Lines/gift_lines/sapphire_betta/1	Thank you.	Merci.	Спасибо.	Thank you.
Conversations/Bank/Balor/Gift Lines/gift_lines/sapphire_betta/init	A =Sapphire Betta=! Look how those scales sparkle!	Un =combattant saphir= ! Regarde comme ses écailles brillent !	Это же =сапфировый петушок=! Смотри, как сверкают чешуйки!	A =Sapphire Betta=! Look how those scales sparkle!
Conversations/Bank/Balor/Gift Lines/gift_lines/snowdrop_anemone/init	Thank you for the lovely =Snowdrop Anemones=, [Ari].	Merci pour ces ravissants =perce-neige=, [Ari].	Спасибо за очаровательные =лесные анемоны=, [Ari].	Thank you for the lovely =Snowdrop Anemones=, [Ari].
Conversations/Bank/Balor/Market Lines/market_darcy/market_darcy_1/init	I like to let Darcy pick a drink for me, keeps things interesting.	J'aime bien laisser Darcy choisir une boisson pour moi. Je me laisse surprendre.	Люблю, когда Дарси сама выбирает для меня напиток: так интереснее.	I like to let Darcy pick a drink for me, keeps things interesting.
Conversations/Bank/Balor/Market Lines/market_darcy/market_darcy_2/init	Darcy's got quite the memory for her regulars. She's able to recall orders just by seeing someone's face!	Darcy se souvient très bien de ses clients réguliers. Elle est capable de se rappeler leurs commandes rien qu'en les voyant !	Дарси прекрасно запоминает своих постояльцев. Ей стоит лишь увидеть лицо, и она уже знает заказ!	Darcy's got quite the memory for her regulars. She's able to recall orders just by seeing someone's face!
Conversations/Bank/Balor/Market Lines/market_darcy/market_darcy_3/init	Darcy called me a regular! Funny feeling, being a traveling merchant and getting called a regular anywhere.	Darcy a dit que j'étais un habitué ! Ça fait drôle, pour un marchand itinérant, d'être désigné ainsi.	Дарси назвала меня постояльцем! Странное чувство для странствующего торговца вроде меня. Быть постояльцем хоть где-то.	Darcy called me a regular! Funny feeling, being a traveling merchant and getting called a regular anywhere.
Conversations/Bank/Balor/Market Lines/market_darcy/market_darcy_4/init	If I see something new on Darcy's menu, I order it! Simple as that.	Si je vois une nouveauté à la carte de Darcy, je la commande ! Ça ne fait pas de pli.	Если у Дарси появляется что-то новое в меню — я это заказываю. Всё просто.	If I see something new on Darcy's menu, I order it! Simple as that.
Conversations/Bank/Balor/Market Lines/market_louis/market_louis_1/init	As a man who enjoys the finer things, a visit to Louis's booth is always a treat.	En tant qu'amateur de belles choses, une visite sur le stand de Louis est toujours un régal.	Как человек, ценящий прекрасное, я всегда с удовольствием наведываюсь к Луи.	As a man who enjoys the finer things, a visit to Louis's booth is always a treat.
Conversations/Bank/Balor/Market Lines/market_louis/market_louis_2/init	I spend quite a bit of money at Louis's booth when he comes through the Saturday Market.	Je dépense toujours pas mal d'argent sur le stand de Louis quand il est présent au marché du samedi.	Я оставляю немало монет в лавке Луи, когда он бывает на Субботнем базаре.	I spend quite a bit of money at Louis's booth when he comes through the Saturday Market.
Conversations/Bank/Balor/Market Lines/market_louis/market_louis_3/init	If Louis has a garment you like, I suggest you act quickly! I might just snap it up myself.	Si tu vois chez Louis un vêtement qui te plaît, je te conseille de faire vite ! Je pourrais être plus rapide que toi.	Если у Луи появится вещь, которая тебе приглянется, — советую не тянуть! Я и сам могу её утащить.	If Louis has a garment you like, I suggest you act quickly! I might just snap it up myself.
Conversations/Bank/Balor/Market Lines/market_louis/market_louis_4/init	Don't be fooled by how fashionable Louis's wares are, [Ari]. With as much traveling as I do, I can attest that the quality of his work holds up.	Les vêtements de Louis suivent la mode, mais ne t'y trompe pas, [Ari]. Je voyage beaucoup et je t'assure que la qualité est au rendez-vous.	Товары Луи выглядят очень трендовыми, но не думай, что они при этом плохого качества. Я много путешествую и могу ручаться, что у него всё на высшем уровне.	Don't be fooled by how fashionable Louis's wares are, [Ari]. With as much traveling as I do, I can attest that the quality of his work holds up.
Conversations/Bank/Balor/Market Lines/market_merri/market_merri_1/init	Merri's margins seem good, and I imagine there's something rewarding about breathing new life into antiques.	Merri semble faire des marges raisonnables et je suppose qu'il y a une forme de satisfaction à redonner vie à des meubles anciens.	У Мэрри разумная наценка. И, полагаю, ей приятно давать вторую жизнь старым вещам.	Merri's margins seem good, and I imagine there's something rewarding about breathing new life into antiques.
Conversations/Bank/Balor/Market Lines/market_merri/market_merri_2/init	If you were wondering, Merri's prices are as fair as my own. Always nice to see in a fellow merchant!	Si jamais tu te posais la question, les prix demandés par Merri sont aussi raisonnables que les miens. C'est toujours agréable d'accueillir de nouveaux collègues commerçants !	Если интересно, цены у Мэрри такие же честные, как и у меня. Приятно видеть такое в коллегах-торговцах.	If you were wondering, Merri's prices are as fair as my own. Always nice to see in a fellow merchant!
Conversations/Bank/Balor/Market Lines/market_merri/market_merri_3/init	I wonder if Merri's got any furniture small enough to fit into the back of my wagon? It's nice to have creature comforts on the road.	Je me demande si Merri aurait des meubles assez petits pour tenir à l'arrière de mon chariot. Un peu de confort sur la route, c'est appréciable.	Интересно, есть ли у Мэрри мебель, которая поместится в мой фургон? Хорошо иметь комфорт даже в дороге.	I wonder if Merri's got any furniture small enough to fit into the back of my wagon? It's nice to have creature comforts on the road.
Conversations/Bank/Balor/Market Lines/market_merri/market_merri_4/init	I'm dying to know Merri's sources. Some of the furniture she digs up and restores... well, I've never seen anything quite like it!	Je meurs d'envie de savoir où se fournit Merri. Certains des meubles qu'elle déniche pour les restaurer... Eh bien, je n'en avais encore jamais vu de pareils !	Мне ужасно любопытно узнать источники Мэрри. Некоторые вещи, что она находит и восстанавливает... я таких не встречал!	I'm dying to know Merri's sources. Some of the furniture she digs up and restores... well, I've never seen anything quite like it!
Conversations/Bank/Balor/Market Lines/market_taliferro/market_taliferro_1/1	Me? Oh no, I'm sitting out. I'm just here to watch the mayhem!	Moi ? Oh non, je ne participe pas. Je suis juste là pour assister au cirque !	Я? О, нет, я пас. Я пришёл полюбоваться на эту суету!	Me? Oh no, I'm sitting out. I'm just here to watch the mayhem!
Conversations/Bank/Balor/Market Lines/market_taliferro/market_taliferro_1/init	Oh, [Ari]! Are you here to participate in the $Cooking Challenge$?	Oh, [Ari] ! Tu es là pour participer au $défi gastronomique$ ?	О, [Ari]! Ты <p>пришли</p><f>пришла</f><m>пришёл</m><n>пришло</n> поучаствовать в $смотре блюд$?	Oh, [Ari]! Are you here to participate in the $Cooking Challenge$?
Conversations/Bank/Balor/Market Lines/market_taliferro/market_taliferro_2/1	Every time she hands him a new pie, his face discovers a new shade of red!	Chaque fois qu'elle lui présente une nouvelle tarte, le visage de Taliferro révèle une nouvelle nuance de rouge !	Когда она даёт ему эти пирожки, его лицо каждый раз будто изобретает новый оттенок красного!	Every time she hands him a new pie, his face discovers a new shade of red!
Conversations/Bank/Balor/Market Lines/market_taliferro/market_taliferro_2/init	Do you think Dell will make another mud pie for Taliferro's $Cooking Challenge$ this week?	Tu crois que Dell refera une tarte à la boue pour le $défi gastronomique$ de Taliferro, cette semaine ?	Как думаешь, на этой неделе Делл снова приготовит на $смотр блюд$ Талиферро пирожок из грязи?	Do you think Dell will make another mud pie for Taliferro's $Cooking Challenge$ this week?
Conversations/Bank/Balor/Market Lines/market_taliferro/market_taliferro_3/1	It could be extremely profitable... and much more pleasant than the one we have now.	Cela pourrait être extrêmement rentable... et bien plus agréable que celui auquel on a droit.	Могло бы быть прибыльное дело... И куда более приятное, чем то, что у нас сейчас.	It could be extremely profitable... and much more pleasant than the one we have now.
Conversations/Bank/Balor/Market Lines/market_taliferro/market_taliferro_3/init	You don't suppose Reina wants to make her own $Cooking Challenge$ franchise, do you?	Tu crois que Reina aurait envie de créer sa marque de $défi gastronomique$, par hasard ?	Как думаешь, Рейна не захочет открыть свои собственные $смотры блюд$?	You don't suppose Reina wants to make her own $Cooking Challenge$ franchise, do you?
Conversations/Bank/Balor/Market Lines/market_taliferro/market_taliferro_4/1	Good thing we're not in the Capital!	Heureusement que nous ne sommes pas dans la capitale !	Хорошо, что мы сейчас не в столице!	Good thing we're not in the Capital!
Conversations/Bank/Balor/Market Lines/market_taliferro/market_taliferro_4/init	In the Capital, it's expected that nobles like Taliferro be revered just because of their family ties.	Dans la capitale, souvent, les nobles comme Taliferro sont respectés, juste parce qu'ils viennent de telle ou telle famille.	В столице дворянам вроде Талиферро полагается выражать почтение из-за их семейных связей.	In the Capital, it's expected that nobles like Taliferro be revered just because of their family ties.
Conversations/Bank/Balor/Market Lines/market_vera/market_vera_1/1	That's what a life on the road will do to you!	Voilà ce qui arrive, quand on passe sa vie sur les chemins !	Вот что значит жизнь в дороге!	That's what a life on the road will do to you!
Conversations/Bank/Balor/Market Lines/market_vera/market_vera_1/init	The first time I sat down with Vera, she couldn't believe the condition my hair was in.	La première fois que je suis allé voir Vera, elle n'en revenait pas de l'état de mes cheveux.	Первый раз, когда я сел в кресло к Вере, она не могла поверить, в каком состоянии были мои волосы.	The first time I sat down with Vera, she couldn't believe the condition my hair was in.
Conversations/Bank/Balor/Market Lines/market_vera/market_vera_2/init	A merchant's appearance can't be neglected if he wants to be successful! Vera's advice has been invaluable.	Pour réussir dans le commerce, il ne faut pas négliger son apparence ! Les conseils de Vera me sont très précieux.	Внешность для купца — немаловажна! Советы Веры мне очень помогли.	A merchant's appearance can't be neglected if he wants to be successful! Vera's advice has been invaluable.
Conversations/Bank/Balor/Market Lines/market_vera/market_vera_3/init	I like to keep my hair a bit long, and thankfully Vera has a light touch with the scissors.	J'aime mes cheveux un peu longs et Dieu merci, Vera a la main légère avec les ciseaux.	Я люблю носить волосы чуть длиннее обычного. К счастью, у Веры лёгкая рука с ножницами.	I like to keep my hair a bit long, and thankfully Vera has a light touch with the scissors.
Conversations/Bank/Balor/Market Lines/market_vera/market_vera_4/init	Vera's always trying to talk me into dyeing my hair, but it's not for me.	Vera essaie toujours de me convaincre de me teindre les cheveux, mais très peu pour moi.	Вера постоянно уговаривает меня покрасить волосы, но это точно не для меня.	Vera's always trying to talk me into dyeing my hair, but it's not for me.
Conversations/Bank/Balor/Market Lines/market_wheedle/market_wheedle_1/1	I wouldn't say it was a good name, though.	Pas forcément la bonne, d'ailleurs.	Хотя не скажу, что это было доброе имя.	I wouldn't say it was a good name, though.
Conversations/Bank/Balor/Market Lines/market_wheedle/market_wheedle_1/init	By the time I began doing business in the Capital, Wheedle had already made a name for himself.	Quand j'ai commencé à faire des affaires dans la capitale, Wheedle s'était déjà fait une réputation.	Когда я только начинал торговать в столице, Хлюст уже давно сделал себе имя.	By the time I began doing business in the Capital, Wheedle had already made a name for himself.
Conversations/Bank/Balor/Market Lines/market_wheedle/market_wheedle_2/1	When I told him as much, he tried to sell me a catapult!	Quand je le lui ai dit, il a essayé de me vendre un remède contre les maladies mortelles !	Когда я ему это высказал, он захотел продать мне катапульту!	When I told him as much, he tried to sell me a catapult!
Conversations/Bank/Balor/Market Lines/market_wheedle/market_wheedle_2/init	I trust Wheedle about as far as I can throw him.	Je me méfie de Wheedle comme de la peste.	Я начну ему доверять, только когда заброшу его подальше!	I trust Wheedle about as far as I can throw him.
Conversations/Bank/Balor/Market Lines/market_wheedle/market_wheedle_3/1	He's swindled many of them, usually in a manner so embarrassing that public accusation would make oneself look foolish.	Il a escroqué bon nombre d'entre eux, souvent de façon si embarrassante qu'en l'accusant publiquement, ils passeraient pour des imbéciles.	Он многих облапошил, и обычно таким постыдным образом, что, если обвинить его публично, выставишь себя дураком.	He's swindled many of them, usually in a manner so embarrassing that public accusation would make oneself look foolish.
Conversations/Bank/Balor/Market Lines/market_wheedle/market_wheedle_3/2	But nobles do gossip, so word gets around.	Mais les nobles parlent entre eux, alors la rumeur circule.	Но слухи живут и у дворян, так что о нём узнают.	But nobles do gossip, so word gets around.
Conversations/Bank/Balor/Market Lines/market_wheedle/market_wheedle_3/init	Wheedle is a bit of a menace to nobility in the Capital.	Wheedle représente une certaine menace pour la noblesse, à la capitale.	Хлюст — почти что гроза столичной знати.	Wheedle is a bit of a menace to nobility in the Capital.
Conversations/Bank/Balor/Market Lines/market_wheedle/market_wheedle_4/1	Nothing's scarier to him than rules and regulations.	Rien ne l'effraie plus que les lois et les règlements.	Для него нет ничего страшнее правил и стандартов.	Nothing's scarier to him than rules and regulations.
Conversations/Bank/Balor/Market Lines/market_wheedle/market_wheedle_4/init	Between you and me, Wheedle's a bit jumpy around Adeline.	De toi à moi, Wheedle est assez nerveux en présence d'Adeline.	Замечу между нами: Хлюст перед Аделиной ужасно елозит.	Between you and me, Wheedle's a bit jumpy around Adeline.
Conversations/Bank/Balor/Market Lines/market_zorel/market_zorel_1/1	These $Song Crystals$ could be huge, worldwide!	Ces $cristaux musicaux$ pourraient faire un tabac dans le monde entier !	На её $поющие кристаллы$ найдётся спрос по всему свету!	These $Song Crystals$ could be huge, worldwide!
Conversations/Bank/Balor/Market Lines/market_zorel/market_zorel_1/init	I wonder if Zorel would be open to a business partnership.	Je me demande si Zorel serait ouverte à un partenariat commercial.	Интересно, Зорель ещё не думала найти себе делового партнёра?	I wonder if Zorel would be open to a business partnership.
Conversations/Bank/Balor/Market Lines/screw_wheedle/screw_wheedle/init	I've done business with a lot of shady characters in my time. But even I won't cut a deal with Wheedle.	À une époque, j'ai traité avec pas mal de types louches. Mais même moi, je n'irais pas faire affaire avec Wheedle.	Я многих мутных личностей повстречал за свою жизнь. Но даже я не стал бы заключать сделку с Хлюстом.	I've done business with a lot of shady characters in my time. But even I won't cut a deal with Wheedle.
Conversations/Bank/Balor/Museum Lines/alda_gem_bracelet/alda_gem_bracelet/1	I've never seen some of those gems before. I'm beguiled. Did they come from across the ocean? Where? I must know!	Je n'avais encore jamais vu certaines de ces pierres et j'en suis ébloui. Est-ce qu'elles viennent de l'autre côté de l'océan ? Mais d'où ? Il faut que je le sache !	Некоторых самоцветов на нем я никогда не видел. Я заинтригован. Откуда они взялись? Из-за океана? Я должен знать!	I've never seen some of those gems before. I'm beguiled. Did they come from across the ocean? Where? I must know!
Conversations/Bank/Balor/Museum Lines/alda_gem_bracelet/alda_gem_bracelet/init	I tried to buy that =Alda Gem Bracelet= from the Museum, but Eiland and Errol absolutely refused.	J'ai voulu acheter le =bracelet précieux d'Alda= du musée, mais Eiland et Errol ont refusé tout net.	Я хотел выкупить =альдийский драгоценный браслет= из музея, но Эйланд и Эррол напрочь отказали.	I tried to buy that =Alda Gem Bracelet= from the Museum, but Eiland and Errol absolutely refused.
Conversations/Bank/Balor/Museum Lines/amberjack/amberjack/1	It's a shame that they're so rare in Mistria's waters.	Quel dommage qu'elles soient si rares dans les eaux de Mistria.	Жаль, что они нечастые гости в мистрийских водах.	It's a shame that they're so rare in Mistria's waters.
Conversations/Bank/Balor/Museum Lines/amberjack/amberjack/2	Still... I wonder if Terithia would ever want to run a little charter fishing operation?	Il n'empêche... Je me demande si Terithia aurait un jour envie de monter une affaire de sorties en mer.	Но я всё-таки думаю... Может, Теризия согласится проводить небольшие рыболовные туры?	Still... I wonder if Terithia would ever want to run a little charter fishing operation?
Conversations/Bank/Balor/Museum Lines/amberjack/amberjack/3	Could be lucrative.	Ça pourrait rapporter gros.	Тут может выйти прибыльное дело.	Could be lucrative.
Conversations/Bank/Balor/Museum Lines/amberjack/amberjack/init	Did you catch the $Amberjack$ that's at the Museum? Congrats!	C'est toi qui as attrapé la $sériole$ qui se trouve au musée ? Félicitations !	Я видел в музее $желтохвоста$. Это ты <p>поймали</p><f>поймала</f><m>поймал</m><n>поймало</n>? Поздравляю!	Did you catch the $Amberjack$ that's at the Museum? Congrats!
Conversations/Bank/Balor/Museum Lines/diamond_beetle/diamond_beetle/1	That $Diamond Beetle$ at the Museum. What a beauty!	Ce $coléoptère diamantaire$, au musée, quelle beauté !	Как этот $алмазный жук$ в музее. Какой красавец!	That $Diamond Beetle$ at the Museum. What a beauty!
Conversations/Bank/Balor/Museum Lines/diamond_beetle/diamond_beetle/init	Luc has finally convinced me. Insects can be pretty cool!	Luc m'a finalement convaincu. Les petites bêtes peuvent être assez sympas !	Люку удалось меня убедить. Бывают очень крутые насекомые!	Luc has finally convinced me. Insects can be pretty cool!
Conversations/Bank/Balor/Museum Lines/family_crest_pendant/family_crest_pendant/1	It's a pretty antique. Aldarians know their jewelry, eh?	Il est assez ancien. Les Aldariens s'y connaissent en bijoux, hein ?	Антикварная вещица. Альдарийцы знают толк в самоцветах, а?	It's a pretty antique. Aldarians know their jewelry, eh?
Conversations/Bank/Balor/Museum Lines/family_crest_pendant/family_crest_pendant/init	That =Family Crest Pendant= on display at the Museum! Your doing, no doubt.	Oh, ce =pendentif aux armes familiales= exposé au musée ! C'est à toi qu'on le doit, j'en suis sûr.	Тот =Кулон с фамильным гербом= в музее — твоих рук дело, не иначе.	That =Family Crest Pendant= on display at the Museum! Your doing, no doubt.
Conversations/Bank/Balor/Museum Lines/giant_jellyfish/giant_jellyfish/1	The color, the translucence... like a beautiful, striated gem.	Colorée, translucide... on aurait dit une magnifique pierre précieuse nervurée.	Какой цвет, какая прозрачность... Она похожа на чудный самоцвет с прожилками.	The color, the translucence... like a beautiful, striated gem.
Conversations/Bank/Balor/Museum Lines/giant_jellyfish/giant_jellyfish/init	Oh, I adored that $Giant Jellyfish$ at the Museum.	Oh, j'ai adoré la $méduse géante$, au musée.	Ох, я в восторге от $гигантской медузы$ в музее.	Oh, I adored that $Giant Jellyfish$ at the Museum.
Conversations/Bank/Balor/Museum Lines/luminescent_crab/luminescent_crab/1	I like it!	Il me plaît bien !	Мне очень нравится!	I like it!
Conversations/Bank/Balor/Museum Lines/luminescent_crab/luminescent_crab/init	That $Luminscent Crab$ in the Ruins collection... it's a bit of a show-off, isn't it? With the pink shell and the glowing and all...	Le $crabe luminescent$, dans la collection des ruines... Il est un peu tape-à-l'œil, non ? Avec sa carapace rose qui scintille...	$Люминесцентный краб$ в коллекции из Руин... напоминает светского щёголя. Панцирь розовый, да ещё и светится...	That $Luminscent Crab$ in the Ruins collection... it's a bit of a show-off, isn't it? With the pink shell and the glowing and all...
Conversations/Bank/Balor/Museum Lines/perfect_emerald/perfect_emerald/1	It's simply magnificent!	Elle est tout simplement magnifique !	Он просто великолепен!	It's simply magnificent!
Conversations/Bank/Balor/Museum Lines/perfect_emerald/perfect_emerald/init	I've never seen an emerald as flawless as that =Perfect Emerald= on show at the Museum.	Je n'avais jamais d'émeraude aussi parfaite que l'=émeraude pure= exposée au musée.	Никогда раньше не видел изумруд такой же прекрасный, как музейный =идеальный изумруд=.	I've never seen an emerald as flawless as that =Perfect Emerald= on show at the Museum.
Conversations/Bank/Balor/Museum Lines/perfect_ruby/perfect_ruby/1	I'm all for archiving the world! I'd just love to archive that ruby right into my pocket.	Je suis tout à fait pour que l’on constitue des archives du monde ! Simplement, j'adorerais archiver ce rubis-là dans ma poche.	Я только «за» сохранить для потомков хоть весь мир. Просто именно этот изумруд я бы хотел сохранить в своем кармане.	I'm all for archiving the world! I'd just love to archive that ruby right into my pocket.
Conversations/Bank/Balor/Museum Lines/perfect_ruby/perfect_ruby/init	I asked Errol if he'd part with that =Perfect Ruby= at the Museum, but he declined. Actually, he seemed a bit huffy about it.	J'ai demandé à Errol s'il accepterait de se séparer du =rubis pur= du musée, mais il a refusé. Il a même semblé un peu vexé par ma requête.	Я спросил Эррола, готов ли он расстаться с =идеальным рубином= из музея, но он отказался. Причём как-то раздражённо.	I asked Errol if he'd part with that =Perfect Ruby= at the Museum, but he declined. Actually, he seemed a bit huffy about it.
Conversations/Bank/Balor/Museum Lines/perfect_sapphire/perfect_sapphire/1	Errol won't give me a permit for the Mines, but at least I can see every sparkling thing that comes out of it.	Errol me refuse l'accès aux mines, mais je peux au moins admirer tous les objets scintillants qu'on y extrait.	Эррол не дает мне разрешения спускаться в шахты, но хотя бы так я могу посмотреть на все те блестяшки, что там находят.	Errol won't give me a permit for the Mines, but at least I can see every sparkling thing that comes out of it.
Conversations/Bank/Balor/Museum Lines/perfect_sapphire/perfect_sapphire/init	The =Perfect Sapphire= that was recently added to the Museum's collection! How enchanting.	Le =saphir pur= qui est récemment venu enrichir les collections du musée est un véritable enchantement !	Тот =идеальный сапфир=, который недавно появился в музее, — просто очарование!	The =Perfect Sapphire= that was recently added to the Museum's collection! How enchanting.
Conversations/Bank/Balor/Museum Lines/ritual_beads/ritual_beads/init	Those $Ritual Beads$ in the Museum's collection are nice, aren't they? It's not my job to know what the ritual was, but I do appreciate a pretty thing.	Les $perles rituelles$ des collections du musée sont jolies, non ? N'étant pas spécialiste, j'ignore quel était ce rituel, mais j'apprécie les beaux objets.	Те $ритуальные чётки$ из музейной коллекции хороши, правда? Мне не обязательно знать, для какого они ритуала, я просто люблю красивые вещи.	Those $Ritual Beads$ in the Museum's collection are nice, aren't they? It's not my job to know what the ritual was, but I do appreciate a pretty thing.
Conversations/Bank/Balor/Museum Lines/rusted_treasure_chest/rusted_treasure_chest/1	I thought Errol and Eiland would be more driven by scholarly curiosity. Me? I'm hoping for treasure.	J'aurais cru Errol et Eiland davantage poussés par la curiosité scientifique. Moi ? J'espère qu'il contient un trésor.	Я думал, Эррол с Эйландом будут более любознательными. Я вот надеюсь на сокровища.	I thought Errol and Eiland would be more driven by scholarly curiosity. Me? I'm hoping for treasure.
Conversations/Bank/Balor/Museum Lines/rusted_treasure_chest/rusted_treasure_chest/init	Say, [Ari], could you have a word with Errol? He put that =Rusted Treasure Chest= out on the Museum floor, without even trying to open it!	Dis-moi, [Ari], tu pourrais glisser un mot à Errol ? Il a posé un =coffre au trésor rouillé= sur le sol du musée sans même chercher à l'ouvrir !	Слушай, [Ari], можешь поговорить с Эрролом? Он выставил =ржавый сундук= прямо в музей, даже не попытался открыть!	Say, [Ari], could you have a word with Errol? He put that =Rusted Treasure Chest= out on the Museum floor, without even trying to open it!
Conversations/Bank/Balor/Museum Lines/sapphire_betta/sapphire_betta/1	Brilliant blue and a little showy. My kind of fish!	D'un bleu brillant un peu tape-à-l'œil, c'est tout à fait mon style !	Ярко-синяя и немного хвастливая. В самый раз для меня!	Brilliant blue and a little showy. My kind of fish!
Conversations/Bank/Balor/Museum Lines/sapphire_betta/sapphire_betta/init	My favorite fish are the ones that look like gemstones, like that =Sapphire Betta= at the Museum.	Mes poissons préférés sont ceux qui ressemblent à des pierres précieuses, comme ce =combattant saphir=, au musée.	Мои любимые рыбы — те, что похожи на драгоценности. Как тот =сапфировый петушок= в музее.	My favorite fish are the ones that look like gemstones, like that =Sapphire Betta= at the Museum.
Conversations/Bank/Balor/Museum Lines/shardfin/shardfin/init	That $Shardfin$ over at the Museum... it's a pretty thing, isn't it? Makes you think of fine jewelry.	Ce $guppy irisé$, là-bas au musée... il est joli, n'est-ce pas ? On dirait un bijou précieux.	Этот $осколочник$ в музее... он ведь красивый, правда? Прямо как изысканное украшение.	That $Shardfin$ over at the Museum... it's a pretty thing, isn't it? Makes you think of fine jewelry.
Conversations/Bank/Balor/Relationship Lines/Basement/relationship_basement/balor_best_friend_basement_1/1	Let's make sure it's a profitable one, eh?	Faisons en sorte qu'elle rapporte bien à tous les deux, hein ?	Пускай оно у нас будет прибыльным!	Let's make sure it's a profitable one, eh?
Conversations/Bank/Balor/Relationship Lines/Basement/relationship_basement/balor_best_friend_basement_1/init	A very good morning to you, [Ari].	Une belle bien journée à toi, [Ari].	Добрейшего тебе утра, [Ari].	A very good morning to you, [Ari].
Conversations/Bank/Balor/Relationship Lines/Basement/relationship_basement/balor_best_friend_basement_2/1	It certainly brightens my day!	Tes visites égaient ma journée !	Мой день сразу становится лучше!	It certainly brightens my day!
Conversations/Bank/Balor/Relationship Lines/Basement/relationship_basement/balor_best_friend_basement_2/init	I appreciate how you always check in to see how I'm doing, [Ari].	Ça me fait plaisir que tu passes souvent voir si tout va bien, [Ari].	Спасибо тебе, что всегда интересуешься, как у меня дела, [Ari].	I appreciate how you always check in to see how I'm doing, [Ari].
Conversations/Bank/Balor/Relationship Lines/Basement/relationship_basement/balor_best_friend_basement_3/1	I suppose that's part of its charm.	J'imagine que ça fait partie de son charme.	Впрочем, в этом и есть часть её шарма.	I suppose that's part of its charm.
Conversations/Bank/Balor/Relationship Lines/Basement/relationship_basement/balor_best_friend_basement_3/init	Mistria is always bustling, isn't it?	Il y a toujours de l'animation à Mistria, hein ?	Мистрия всегда такая оживлённая, да?	Mistria is always bustling, isn't it?
Conversations/Bank/Balor/Relationship Lines/Basement/relationship_basement/balor_best_friend_basement_4/1	I hope your day is going as well as mine is.	J'espère que ta journée se passe aussi bien que la mienne.	Надеюсь, у тебя день проходит не хуже, чем у меня.	I hope your day is going as well as mine is.
Conversations/Bank/Balor/Relationship Lines/Basement/relationship_basement/balor_best_friend_basement_4/init	Hey, [Ari]!	Hé, [Ari] !	Привет, [Ari]!	Hey, [Ari]!
Conversations/Bank/Balor/Relationship Lines/Basement/relationship_basement/balor_best_friend_basement_5/init	Let's keep the momentum up, [Ari]!	Ne perdons pas la cadence, [Ari] !	Не будем сбавляем обороты, [Ari]!	Let's keep the momentum up, [Ari]!
Conversations/Bank/Balor/Relationship Lines/Basement/relationship_basement/balor_best_friend_basement_6/1	Plenty of daylight left to make the most of.	Profitons bien du reste de la journée.	Многое можно успеть, пока солнце ещё высоко.	Plenty of daylight left to make the most of.
Conversations/Bank/Balor/Relationship Lines/Basement/relationship_basement/balor_best_friend_basement_6/init	[Ari], good afternoon!	[Ari], bon après-midi !	[Ari], доброго тебе дня!	[Ari], good afternoon!
Conversations/Bank/Balor/Relationship Lines/Basement/relationship_basement/balor_best_friend_basement_7/1	Something to look forward to for tomorrow!	Ça me motive pour la journée suivante !	Поэтому мне всегда есть что делать завтра!	Something to look forward to for tomorrow!
Conversations/Bank/Balor/Relationship Lines/Basement/relationship_basement/balor_best_friend_basement_7/init	It seems like the moment I have some downtime, I suddenly think of an exciting new business venture.	Dès que j'ai un peu le temps de me reposer, il me vient toujours des idées d'affaires à faire.	Кажется, всегда, когда у меня находится свободное время, в голову приходит новая увлекательная бизнес-схема.	It seems like the moment I have some downtime, I suddenly think of an exciting new business venture.
Conversations/Bank/Balor/Relationship Lines/Basement/relationship_basement/balor_best_friend_basement_8/1	Funny how things worked out.	C'est drôle ce que la vie nous réserve parfois.	Забавно сложилась жизнь.	Funny how things worked out.
Conversations/Bank/Balor/Relationship Lines/Basement/relationship_basement/balor_best_friend_basement_8/init	I didn't think spending time getting to know my clients would result in so many friendships.	Je n'imaginais pas que tous ces clients que je rencontre deviendraient des amis pour une bonne partie.	Не ожидал, что знакомясь с клиентами, я заведу так много хороших друзей.	I didn't think spending time getting to know my clients would result in so many friendships.
Conversations/Bank/Balor/Relationship Lines/Basement/relationship_basement/balor_best_friend_basement_9/1	And if not, let's spend some time together and I'll see if I can't lift your mood!	Si ça n'est pas le cas, passons un peu de temps ensemble, j'essaierai de te mettre de bonne humeur !	А если нет, то побудь со мной немного. Посмотрим, может, я смогу поднять тебе настроение!	And if not, let's spend some time together and I'll see if I can't lift your mood!
Conversations/Bank/Balor/Relationship Lines/Basement/relationship_basement/balor_best_friend_basement_9/init	Ah, [Ari]! Have a pleasant day, I hope?	Ah, [Ari] ! J'espère que tu passes une journée agréable ?	А, [Ari]! Надеюсь, у тебя хороший день?	Ah, [Ari]! Have a pleasant day, I hope?
Conversations/Bank/Balor/Relationship Lines/Basement/relationship_basement/balor_romantic_basement_1/init	A very good morning to you, [Ari].	Une belle bien journée à toi, [Ari].	Добрейшего тебе утра, [Ari].	A very good morning to you, [Ari].
Conversations/Bank/Balor/Relationship Lines/Basement/relationship_basement/balor_romantic_basement_2/1	It certainly brightens my day!	Tes visites égaient ma journée !	Мой день сразу становится лучше!	It certainly brightens my day!
Conversations/Bank/Balor/Relationship Lines/Basement/relationship_basement/balor_romantic_basement_2/init	I appreciate how you always check in to see how I'm doing, [Ari].	Ça me fait plaisir que tu passes souvent voir si tout va bien, [Ari].	Спасибо тебе, что всегда интересуешься, как у меня дела, [Ari].	I appreciate how you always check in to see how I'm doing, [Ari].
Conversations/Bank/Balor/Relationship Lines/Basement/relationship_basement/balor_romantic_basement_3/1	I suppose that's part of its charm.	J'imagine que ça fait partie de son charme.	Впрочем, в этом и есть часть её шарма.	I suppose that's part of its charm.
Conversations/Bank/Balor/Relationship Lines/Basement/relationship_basement/balor_romantic_basement_3/2	In fact, I'd say it's part of your charm as well, [Ari].	D'ailleurs, ça fait aussi partie de ton charme, [Ari].	И, кстати, часть твоего шарма тоже, [Ari].	In fact, I'd say it's part of your charm as well, [Ari].
Conversations/Bank/Balor/Relationship Lines/Basement/relationship_basement/balor_romantic_basement_3/init	Mistria is always bustling, isn't it?	Il y a toujours de l'animation à Mistria, hein ?	Мистрия всегда такая оживлённая, да?	Mistria is always bustling, isn't it?
Conversations/Bank/Balor/Relationship Lines/Basement/relationship_basement/balor_romantic_basement_4/1	I hope your day is going as well as mine is.	J'espère que ta journée se passe aussi bien que la mienne.	Надеюсь, у тебя день проходит не хуже, чем у меня.	I hope your day is going as well as mine is.
Conversations/Bank/Balor/Relationship Lines/Basement/relationship_basement/balor_romantic_basement_4/init	Hey, [Ari]!	Hé, [Ari] !	Привет, [Ari]!	Hey, [Ari]!
Conversations/Bank/Balor/Relationship Lines/Basement/relationship_basement/balor_romantic_basement_5/init	If you have some free time, I'd love to take you on a date some time soon.	Si jamais tu as un peu de temps libre, j'aimerais bien qu'on fasse quelque chose ensemble, un de ces jours.	Я бы хотел пригласить тебя на свидание на днях, если у тебя будет время.	If you have some free time, I'd love to take you on a date some time soon.
Conversations/Bank/Balor/Relationship Lines/Basement/relationship_basement/balor_romantic_basement_6/init	[Ari], good afternoon!	[Ari], bon après-midi !	[Ari], доброго тебе дня!	[Ari], good afternoon!
Conversations/Bank/Balor/Relationship Lines/Basement/relationship_basement/balor_romantic_basement_7/1	But I look forward to every moment I can share with you.	Mais j'adore chaque instant passé avec toi.	Но я ценю каждую минутку, которую удаётся провести с тобой.	But I look forward to every moment I can share with you.
Conversations/Bank/Balor/Relationship Lines/Basement/relationship_basement/balor_romantic_basement_7/init	I know neither of us has much downtime...	Je sais qui ni toi ni moi n'avons beaucoup de temps...	Я знаю, что у нас обоих свободного времени немного...	I know neither of us has much downtime...
Conversations/Bank/Balor/Relationship Lines/Basement/relationship_basement/balor_romantic_basement_8/1	As always, I'm at your service.	Comme d'habitude, je suis à ton service.	Я к твоим услугам, как всегда.	As always, I'm at your service.
Conversations/Bank/Balor/Relationship Lines/Basement/relationship_basement/balor_romantic_basement_8/init	Ah, [Ari].	Ah, [Ari].	А, [Ari].	Ah, [Ari].
Conversations/Bank/Balor/Relationship Lines/Basement/relationship_basement/balor_romantic_basement_9/1	And if not, let's spend some time together and I'll see if I can't lift your mood!	Si ça n'est pas le cas, passons un peu de temps ensemble, j'essaierai de te mettre de bonne humeur !	А если нет, то побудь со мной немного. Посмотрим, может, я смогу поднять тебе настроение!	And if not, let's spend some time together and I'll see if I can't lift your mood!
Conversations/Bank/Balor/Relationship Lines/Basement/relationship_basement/balor_romantic_basement_9/init	Ah, [Ari]! Have a pleasant day, I hope?	Ah, [Ari] ! J'espère que tu passes une journée agréable ?	А, [Ari]! Надеюсь, у тебя хороший день?	Ah, [Ari]! Have a pleasant day, I hope?
Conversations/Bank/Balor/Relationship Lines/Child/baby_daily_dialogue/ari_holding_baby_0/1	I understand the feeling, I feel the same way when I'm spending time with you!	Je le comprends, je ressens la même chose quand je passe du temps en ta compagnie !	И я его понимаю. Рядом с тобой я тоже наполняюсь счастьем!	I understand the feeling, I feel the same way when I'm spending time with you!
Conversations/Bank/Balor/Relationship Lines/Child/baby_daily_dialogue/ari_holding_baby_0/init	[child_0] always looks like he's having the best time when he's with you, [Ari].	Quand il est avec toi, [child_0] donne toujours l'impression de passer un très bon moment, [Ari].	Когда [child_0] с тобой, он выглядит таким счастливым, [Ari].	[child_0] always looks like he's having the best time when he's with you, [Ari].
Conversations/Bank/Balor/Relationship Lines/Child/baby_daily_dialogue/ari_holding_baby_1/1	What adventures are you two up to today?	Quelles aventures vous mijotez, tous les deux, aujourd'hui ?	Что у вас за приключения сегодня?	What adventures are you two up to today?
Conversations/Bank/Balor/Relationship Lines/Child/baby_daily_dialogue/ari_holding_baby_1/init	And here's my little family!	Et voilà ma petite famille !	А вот и моя семейка!	And here's my little family!
Conversations/Bank/Balor/Relationship Lines/Child/baby_daily_dialogue/ari_holding_baby_2/1	I love spending time with him, but I don't think he finds some aspects of merchant life as interesting as I do!	J'adore passer du temps avec lui, mais certains aspects de la vie de commerçant n'ont pas l'air de l'intéresser autant qu'ils m'intéressent !	Я очень люблю с ним сидеть, но, думаю, повседневные заботы торговца ему не так интересны, как мне.	I love spending time with him, but I don't think he finds some aspects of merchant life as interesting as I do!
Conversations/Bank/Balor/Relationship Lines/Child/baby_daily_dialogue/ari_holding_baby_2/init	Thank you for watching [child_0], [Ari].	Merci d'avoir veillé sur [child_0], [Ari].	Спасибо, что [child_0] под твоим присмотром, [Ari].	Thank you for watching [child_0], [Ari].
Conversations/Bank/Balor/Relationship Lines/Child/baby_daily_dialogue/ari_holding_baby_3/1	It warms my heart.	Cela me réchauffe le cœur.	На сердце становится тепло.	It warms my heart.
Conversations/Bank/Balor/Relationship Lines/Child/baby_daily_dialogue/ari_holding_baby_3/init	Seeing you and [child_held_by_ari] running around together...	Vous voir, toi et [child_held_by_ari], courir partout ensemble...	Когда смотрю, как ты и [child_held_by_ari] всюду носитесь...	Seeing you and [child_held_by_ari] running around together...
Conversations/Bank/Balor/Relationship Lines/Child/baby_daily_dialogue/ari_holding_baby_4/1	I know how rambunctious our boy can be!	Je sais que notre petit garçon peut être remuant !	Я-то знаю, какой у нас неугомонный мальчуган!	I know how rambunctious our boy can be!
Conversations/Bank/Balor/Relationship Lines/Child/baby_daily_dialogue/ari_holding_baby_4/init	Remember [Ari], if you need a break I'm happy to watch [child_0] for a while.	Souviens-toi, [Ari], si tu as besoin d'une pause, je serai heureux de veiller sur [child_0] un moment !	Не забывай, [Ari]: если захочешь отдохнуть, [child_0] может посидеть со мной.	Remember [Ari], if you need a break I'm happy to watch [child_0] for a while.
Conversations/Bank/Balor/Relationship Lines/Child/baby_daily_dialogue/baby_0/1	It makes the rest of the day more enjoyable, somehow.	Cela permet d'apprécier d'autant plus le reste de la journée.	И непостижимым образом весь мой день стал радостнее.	It makes the rest of the day more enjoyable, somehow.
Conversations/Bank/Balor/Relationship Lines/Child/baby_daily_dialogue/baby_0/init	[infant] is in a fine mood today!	[infant] est de bonne humeur, aujourd'hui !	[infant] сегодня в хорошем настроении!	[infant] is in a fine mood today!
Conversations/Bank/Balor/Relationship Lines/Child/baby_daily_dialogue/baby_1/1	I could learn a thing or two from his technique!	Je devrais m'inspirer de sa technique !	Мне стоит у него поучиться!	I could learn a thing or two from his technique!
Conversations/Bank/Balor/Relationship Lines/Child/baby_daily_dialogue/baby_1/init	Doesn't [child_0] have the most endearing smile? It lights up the whole room.	Vraiment, [child_0] a un sourire charmant, tu ne trouves pas ? Il illumine toute la pièce.	[child_0] невероятно обаятельно улыбается, правда? Просто сияет!	Doesn't [child_0] have the most endearing smile? It lights up the whole room.
Conversations/Bank/Balor/Relationship Lines/Child/baby_daily_dialogue/baby_2/1	I'll try to swing by the Inn with him sometime soon.	Je vais essayer de passer avec lui à l'auberge, d'ici peu.	Я найду время и заскочу с ним в трактир.	I'll try to swing by the Inn with him sometime soon.
Conversations/Bank/Balor/Relationship Lines/Child/baby_daily_dialogue/baby_2/init	It seems half the town has been asking to see [child_0].	On dirait que la moitié de la ville demande à voir [child_0].	Кажется, уже полгорода хочет увидеться с нашим мальчиком.	It seems half the town has been asking to see [child_0].
Conversations/Bank/Balor/Relationship Lines/Child/baby_daily_dialogue/baby_3/1	But he also seems to share your boundless energy!	Mais il partage aussi avec toi une énergie sans limites !	Но и по нескончаемой энергичности!	But he also seems to share your boundless energy!
Conversations/Bank/Balor/Relationship Lines/Child/baby_daily_dialogue/baby_3/init	You know, not only does [child_0] bear a striking resemblance to you...	Tu sais, non seulement [child_0] te ressemble de manière frappante...	Знаешь, [child_0] поразительно напоминает тебя не только по внешности...	You know, not only does [child_0] bear a striking resemblance to you...
Conversations/Bank/Balor/Relationship Lines/Child/baby_daily_dialogue/baby_4/1	I wonder if it's because I looked like him as a baby!	Je me demande si c'est parce que je lui ressemblais, quand j'étais bébé !	Может, потому что я так же выглядел в его возрасте?	I wonder if it's because I looked like him as a baby!
Conversations/Bank/Balor/Relationship Lines/Child/baby_daily_dialogue/baby_4/init	It's funny how... familiar [child_0] looks to me sometimes.	C'est amusant comme [child_0] a un air... familier.	Забавно... Иногда [child_0] кажется мне таким знакомым на вид.	It's funny how... familiar [child_0] looks to me sometimes.
Conversations/Bank/Balor/Relationship Lines/Child/baby_daily_dialogue/baby_5/1	[child_0] is always up to something, it's clear he needs me around. And wants me around!	[child_0] a toujours envie de faire des choses et il a besoin que je sois là. Il veut que je sois là !	[child_0] вечно что-нибудь придумывает, так что мне нужно быть рядом. И ему это нравится!	[child_0] is always up to something, it's clear he needs me around. And wants me around!
Conversations/Bank/Balor/Relationship Lines/Child/baby_daily_dialogue/baby_5/2	I couldn't be happier.	Je ne pourrais être plus heureux.	Я просто счастлив.	I couldn't be happier.
Conversations/Bank/Balor/Relationship Lines/Child/baby_daily_dialogue/baby_5/init	It's been such a joy, becoming a father.	C'est une telle joie d'être devenu père.	Быть отцом для меня такая невероятная радость.	It's been such a joy, becoming a father.
Conversations/Bank/Balor/Relationship Lines/Child/baby_daily_dialogue/baby_6/1	And not just because [infant] is such a handful!	Et pas seulement parce que notre [infant] a de l'énergie à revendre !	И не только потому, что [infant] требует много внимания!	And not just because [infant] is such a handful!
Conversations/Bank/Balor/Relationship Lines/Child/baby_daily_dialogue/baby_6/2	It's just such a wonderful feeling being united as a family.	C'est un sentiment tellement merveilleux de sentir que l'on forme une famille.	С тобой я испытал чудесное чувство семейного единства.	It's just such a wonderful feeling being united as a family.
Conversations/Bank/Balor/Relationship Lines/Child/baby_daily_dialogue/baby_6/init	I'm so glad we get to be parents together, [Ari].	Je suis tellement content que nous soyons parents ensemble, [Ari].	Как я рад, что мы завели ребёнка с тобой, [Ari].	I'm so glad we get to be parents together, [Ari].
Conversations/Bank/Balor/Relationship Lines/Child/baby_daily_dialogue/baby_7/1	You wouldn't think a baby his age could get into much trouble, but it seems like he does the moment I turn my head.	On imagine pas qu'un bébé de cet âge-là puisse faire des bêtises, mais j'ai l'impression que c'est le cas dès que j'ai la tête tournée.	Мне в голову не приходило, что в его возрасте можно найти столько неприятностей. Но [child_0] их находит, стоит мне только отвернуться!	You wouldn't think a baby his age could get into much trouble, but it seems like he does the moment I turn my head.
Conversations/Bank/Balor/Relationship Lines/Child/baby_daily_dialogue/baby_7/2	I'll have to talk to Nora, I'm sure she's got plenty of great tips from raising Dell.	Je vais devoir discuter avec Nora. Je suis sûre qu'elle aura plein de conseils à me donner, après avoir élevé Dell.	Надо будет поговорить с Норой. Наверняка после воспитания Делл у неё осталась масса полезных советов.	I'll have to talk to Nora, I'm sure she's got plenty of great tips from raising Dell.
Conversations/Bank/Balor/Relationship Lines/Child/baby_daily_dialogue/baby_7/init	Is it just me, or is [child_0] quite the handful?	C'est moi ou [child_0] est assez turbulent ?	Мне кажется, или с нашим мальчиком как-то особенно много возни?	Is it just me, or is [child_0] quite the handful?
Conversations/Bank/Balor/Relationship Lines/Child/baby_daily_dialogue/baby_8/1	I can take care of it this time, [Ari]!	Je peux m'en occuper cette fois, [Ari] !	Сейчас я всё сделаю, [Ari]!	I can take care of it this time, [Ari]!
Conversations/Bank/Balor/Relationship Lines/Child/baby_daily_dialogue/baby_8/2	Thank you, [Ari]!	Merci, [Ari] !	Спасибо, [Ari]!	Thank you, [Ari]!
Conversations/Bank/Balor/Relationship Lines/Child/baby_daily_dialogue/baby_8/3	There, isn't that much better, [infant]?	Là, c'est beaucoup mieux, [infant], non ?	Так-то лучше, правда, [infant]?	There, isn't that much better, [infant]?
Conversations/Bank/Balor/Relationship Lines/Child/baby_daily_dialogue/baby_8/init	I'm starting to suspect that [infant] might need a diaper change...	Allons bon, [infant] aurait besoin qu'on change sa couche, il me semble...	По-моему, ребёнку пора менять подгузник...	I'm starting to suspect that [infant] might need a diaper change...
Conversations/Bank/Balor/Relationship Lines/Child/baby_daily_dialogue/baby_8/init/prompts/0	I think you might be right...	Je crois que tu as raison...	Кажется, ты прав...	I think you might be right...
Conversations/Bank/Balor/Relationship Lines/Child/baby_daily_dialogue/baby_8/init/prompts/1	Let me handle it!	Laisse-moi m'en charger !	Сейчас поменяю!	Let me handle it!
Conversations/Bank/Balor/Relationship Lines/Child/baby_daily_dialogue/baby_9/1	Now that you mention it, I am too.	Maintenant qu'on en parle, moi aussi.	Хорошо, что ты <p>вспомнили</p><f>вспомнила</f><m>вспомнил</m><n>вспомнило</n>. Да, я тоже.	Now that you mention it, I am too.
Conversations/Bank/Balor/Relationship Lines/Child/baby_daily_dialogue/baby_9/2	Why don't we all take a break and have a bite to eat then?	Dans ce cas, si nous faisions nous aussi une petite pause pour manger un morceau ?	Давай пока отложим дела и пойдём поедим?	Why don't we all take a break and have a bite to eat then?
Conversations/Bank/Balor/Relationship Lines/Child/baby_daily_dialogue/baby_9/3	Honestly, I'm a little hungry too...	Sincèrement, j'ai un peu faim, moi aussi...	Честно, я и сам проголодался.	Honestly, I'm a little hungry too...
Conversations/Bank/Balor/Relationship Lines/Child/baby_daily_dialogue/baby_9/4	Well, why don't we all take a break and have a bite to eat?	Si nous aussi nous faisions une petite pause pour manger un morceau ?	Что ж, давай пока отложим дела и пойдём поедим!	Well, why don't we all take a break and have a bite to eat?
Conversations/Bank/Balor/Relationship Lines/Child/baby_daily_dialogue/baby_9/5	[child_0] really enjoyed that. And so did I!	Ça a vraiment plu à [child_0]. Et à moi aussi !	Смотри, [child_0] обрадовался! И я теперь тоже!	[child_0] really enjoyed that. And so did I!
Conversations/Bank/Balor/Relationship Lines/Child/baby_daily_dialogue/baby_9/init	[child_0] is getting a bit fussy. Do you think he's getting hungry?	[child_0] s'agite un peu. Il commence peut-être à avoir faim ?	[child_0] что-то хнычет. Как думаешь, он проголодался?	[child_0] is getting a bit fussy. Do you think he's getting hungry?
Conversations/Bank/Balor/Relationship Lines/Child/baby_daily_dialogue/baby_9/init/prompts/0	I'm getting hungry myself.	J'ai moi-même un creux.	Я уже и <p>сами голодные</p><f>сама голодная</f><m>сам голодный</m><n>само голодное</n>.	I'm getting hungry myself.
Conversations/Bank/Balor/Relationship Lines/Child/baby_daily_dialogue/baby_9/init/prompts/1	It seems like it. How are you feeling?	On dirait bien. Et toi, comment te sens-tu ?	Наверное, да. А ты?	It seems like it. How are you feeling?
Conversations/Bank/Balor/Relationship Lines/Child/post_birth_lines/baby_born_balor_hemlock_0/1	I can already tell that [child_0] is going to be a little charmer!	[child_0] sera un petit charmeur, je peux déjà te l'assurer !	Уже сейчас видно, что [child_0] растёт симпатягой!	I can already tell that [child_0] is going to be a little charmer!
Conversations/Bank/Balor/Relationship Lines/Child/post_birth_lines/baby_born_balor_hemlock_0/init	Congratulations on the new baby, [Ari]!	Félicitations pour le bébé, [Ari] !	Поздравляю с рождением ребёнка, [Ari]!	Congratulations on the new baby, [Ari]!
Conversations/Bank/Balor/Relationship Lines/Child/post_birth_lines/baby_born_balor_josephine_0/1	You ever need a babysitter, just keep me in mind. I'm considering myself an honorary Aunt!	Si vous avez besoin d'une baby-sitter, pensez à moi. Je me considère déjà comme une tante officieuse !	Если нужна будет нянька, имей меня в виду. Я считаю, что я заслуженная тётушка!	You ever need a babysitter, just keep me in mind. I'm considering myself an honorary Aunt!
Conversations/Bank/Balor/Relationship Lines/Child/post_birth_lines/baby_born_balor_josephine_0/init	[Ari], congrats to you and Balor! [child_0] is so precious!	Félicitations à Balor et toi, [Ari] ! [child_0] est tellement mignon !	[Ari], поздравляю вас с Балором! [child_0] совершенно прелестный!	[Ari], congrats to you and Balor! [child_0] is so precious!
Conversations/Bank/Balor/Relationship Lines/Child/post_birth_lines/baby_born_balor_maple_0/1	I've never thought about what everyone looked like as a baby before.	Je n'avais encore jamais réfléchi à quoi les gens ressemblaient, quand ils étaient bébés.	Я раньше не задумывалась, как люди выглядели маленькие.	I've never thought about what everyone looked like as a baby before.
Conversations/Bank/Balor/Relationship Lines/Child/post_birth_lines/baby_born_balor_maple_0/2	Do you think Errol was ever a baby? I can't picture it.	Tu crois qu'Errol a été bébé, un jour ? Je n'arrive pas à me le représenter.	Неужели Эррол тоже был малышом? Даже представить не могу.	Do you think Errol was ever a baby? I can't picture it.
Conversations/Bank/Balor/Relationship Lines/Child/post_birth_lines/baby_born_balor_maple_0/init	Little [child_0] looks so much like Balor!	Le petit [child_0] ressemble tellement à Balor !	Маленький [child_0] так похож на Балора!	Little [child_0] looks so much like Balor!
Conversations/Bank/Balor/Relationship Lines/Child/post_birth_lines/post_birth_0/1	It suddenly feels like there's nothing in the world I wouldn't do for [child_0]. Is it normal for a parent to feel this way?	Tout d'un coup, c'est comme si j'étais prêt à tout pour [child_0]. Est-ce normal d'éprouver cela quand on est parent ?	Сейчас я чувствую, что готов на всё ради своего мальчонки. Это нормально для родителя, да?	It suddenly feels like there's nothing in the world I wouldn't do for [child_0]. Is it normal for a parent to feel this way?
Conversations/Bank/Balor/Relationship Lines/Child/post_birth_lines/post_birth_0/2	It's a... wonderful feeling.	C'est... un sentiment merveilleux.	Это... прекрасное чувство.	It's a... wonderful feeling.
Conversations/Bank/Balor/Relationship Lines/Child/post_birth_lines/post_birth_0/3	Our little family. I love you, [Ari].	Notre petite famille. Je t'aime, [Ari].	Своя семейка. Я люблю тебя, [Ari].	Our little family. I love you, [Ari].
Conversations/Bank/Balor/Relationship Lines/Child/post_birth_lines/post_birth_0/init	Isn't he precious? Our own sweet little boy.	N'est-il pas craquant ? Notre mignon petit garçon.	Наш маленький [child_0] просто прелесть!	Isn't he precious? Our own sweet little boy.
Conversations/Bank/Balor/Relationship Lines/Child/post_birth_lines/post_birth_1/1	I'd like to give him every opportunity we can as he gets older.	J'aimerais que nous lui offrions un maximum de chances, quand il grandira.	Хочу, чтобы ему были открыты все пути, когда вырастет.	I'd like to give him every opportunity we can as he gets older.
Conversations/Bank/Balor/Relationship Lines/Child/post_birth_lines/post_birth_1/2	Of course, it'd be easier if he wants to be a merchant or a farmer.	Bien sûr, ce sera plus simple s'il veut devenir marchand ou fermier.	Конечно, будет проще, если он захочет стать торговцем или фермером.	Of course, it'd be easier if he wants to be a merchant or a farmer.
Conversations/Bank/Balor/Relationship Lines/Child/post_birth_lines/post_birth_1/3	Still, even in Mistria I think we can help him pursue whatever he wants to do.	Mais il n'empêche, même à Mistria, je crois que nous pourrons l'aider à réaliser ce dont il aura envie.	Но я думаю, даже в Мистрии мы сможем помочь ему, какое бы дело он ни выбрал.	Still, even in Mistria I think we can help him pursue whatever he wants to do.
Conversations/Bank/Balor/Relationship Lines/Child/post_birth_lines/post_birth_1/init	Growing up, I didn't have a lot of choices... I'd like things to be better for [child_0]. A lot better.	Quand j'étais enfant, j'ai eu bien peu de choix... J'espère que tout se passera mieux pour [child_0]. Beaucoup mieux.	Мне в детстве выбирать не приходилось... НО [child_0] будет жить по-другому. Гораздо лучше.	Growing up, I didn't have a lot of choices... I'd like things to be better for [child_0]. A lot better.
Conversations/Bank/Balor/Relationship Lines/Child/post_birth_lines/post_birth_2/1	Well, my parents never made me feel like they wanted me around.	... Mes parents ne m'ont jamais donné l'impression d'être désiré.	Скажем так: родители дали понять, что я им не очень нужен.	Well, my parents never made me feel like they wanted me around.
Conversations/Bank/Balor/Relationship Lines/Child/post_birth_lines/post_birth_2/2	I never want [child_0] to feel like that. I want him to know that his parents are always going to be there for him.	Je ne veux pas ça pour [child_0], jamais. Je veux qu'il sache que ses parents seront toujours là pour lui.	Я хочу, чтобы наш [child_0] не проходил через такое. Пускай он знает, что его родители всегда рядом и заботятся о нём.	I never want [child_0] to feel like that. I want him to know that his parents are always going to be there for him.
Conversations/Bank/Balor/Relationship Lines/Child/post_birth_lines/post_birth_2/3	Let's give it our all, okay?	Faisons tout notre possible, d'accord ?	Будем стараться вместе. Ради него.	Let's give it our all, okay?
Conversations/Bank/Balor/Relationship Lines/Child/post_birth_lines/post_birth_2/init	I don't know how it was for you growing up, [Ari], but when I was a kid...	Je ne sais pas pour toi, [Ari], mais moi, quand j'étais enfant...	Не знаю, какое у тебя было детство, [Ari], но когда я был маленький...	I don't know how it was for you growing up, [Ari], but when I was a kid...
Conversations/Bank/Balor/Relationship Lines/Child/post_birth_lines/post_birth_3/1	I'm proud of us, [Ari]. We're really making this whole thing work.	Je suis fier de nous, [Ari]. On fait tout pour que ça fonctionne.	Мы с тобой отлично справляемся, [Ari]. Я горжусь нами.	I'm proud of us, [Ari]. We're really making this whole thing work.
Conversations/Bank/Balor/Relationship Lines/Child/post_birth_lines/post_birth_3/2	I love you.	Je t'aime.	Люблю тебя.	I love you.
Conversations/Bank/Balor/Relationship Lines/Child/post_birth_lines/post_birth_3/init	I never realized how much work it takes to manage your own life, be a good spouse, and a good dad...	Je n'avais jamais réalisé le travail que cela représentait de gérer sa propre vie, d'être un bon conjoint et un bon père...	Раньше я и представить не мог, как трудно одновременно следить за своей жизнью, быть хорошим супругом и хорошим отцом...	I never realized how much work it takes to manage your own life, be a good spouse, and a good dad...
Conversations/Bank/Balor/Relationship Lines/Child/post_birth_lines/post_birth_4/1	And [child_0] wouldn't take it! You should have seen the look on Wheedle's face!	Et [child_0] n'en a pas voulu ! Tu aurais dû voir la tête de Wheedle !	А [child_0] её не взял! Ты бы <p>видели</p><f>видела</f><m>видел</m><n>видело</n> лицо Хлюста!	And [child_0] wouldn't take it! You should have seen the look on Wheedle's face!
Conversations/Bank/Balor/Relationship Lines/Child/post_birth_lines/post_birth_4/2	I'm so proud of our son. So young, but such a good judge of character already.	Je suis tellement fier de notre fils. Si jeune, il sait déjà parfaitement jauger le caractère des gens.	Горжусь нашим сыном. Такой маленький, а уже видит людей насквозь.	I'm so proud of our son. So young, but such a good judge of character already.
Conversations/Bank/Balor/Relationship Lines/Child/post_birth_lines/post_birth_4/init	I unfortunately had some business with Wheedle. When he saw [child_0], he offered him a piece of candy.	J'ai malheureusement dû traiter avec Wheedle pour le travail. Quand il a vu [child_0], il lui a offert un bonbon.	К несчастью, мне пришлось торговаться с Хлюстом, когда [child_0] был со мной. Хлюст его увидел и предложил конфетку.	I unfortunately had some business with Wheedle. When he saw [child_0], he offered him a piece of candy.
Conversations/Bank/Balor/Relationship Lines/Child/post_birth_lines/post_birth_5/1	And asking to get a discount from me on bulk candy purchases.	Et elle cherche à obtenir de moi une réduction pour l'achat groupé de bonbons.	И хочет выбить скидку на крупные партии конфет.	And asking to get a discount from me on bulk candy purchases.
Conversations/Bank/Balor/Relationship Lines/Child/post_birth_lines/post_birth_5/2	Well, maybe when he's older. It'll be nice for him to have a group of other kids to run around with.	Peut-être quand il sera un peu plus grand, ce sera bien pour lui d'avoir un groupe d'enfants avec qui s'amuser ?	Что ж, может, когда он подрастёт. Будет бегать с другими ребятами — вот и славно.	Well, maybe when he's older. It'll be nice for him to have a group of other kids to run around with.
Conversations/Bank/Balor/Relationship Lines/Child/post_birth_lines/post_birth_5/init	Maple keeps trying to recruit [child_0] for the Dragonguard...	Maple essaie d'enrôler [child_0] dans la Garde des dragons...	Мэйпл добивается, чтобы [child_0] вступил в Драконью стражу...	Maple keeps trying to recruit [child_0] for the Dragonguard...
Conversations/Bank/Balor/Relationship Lines/Child/pregnancy/ari_pregnant_0/1	I never really pictured myself as the father type...	Je ne me suis jamais imaginé en père de famille...	Раньше я никогда не представлял себя отцом...	I never really pictured myself as the father type...
Conversations/Bank/Balor/Relationship Lines/Child/pregnancy/ari_pregnant_0/2	But now... for you and our baby... I want to be the best father in Aldaria.	Mais à présent... pour toi et notre bébé... je veux être le meilleur père de tout Aldaria.	А теперь... ради тебя и ради нашего малыша... я хочу стать лучшим отцом во всей Альдарии.	But now... for you and our baby... I want to be the best father in Aldaria.
Conversations/Bank/Balor/Relationship Lines/Child/pregnancy/ari_pregnant_0/init	It's such an indescribable feeling, knowing that we're going to have a child.	Savoir que nous allons avoir un enfant, c'est un sentiment indescriptible.	Знать, что у нас с тобой будет ребёнок, — просто невероятно.	It's such an indescribable feeling, knowing that we're going to have a child.
Conversations/Bank/Balor/Relationship Lines/Child/pregnancy/ari_pregnant_1/1	Apparently it's very common when you're pregnant.	Apparemment, c'est très fréquent quand on attend un bébé.	Оказывается, это часто бывает при беременности.	Apparently it's very common when you're pregnant.
Conversations/Bank/Balor/Relationship Lines/Child/pregnancy/ari_pregnant_1/1/prompts/0	I really want... fresh Golden Cookies!	J'ai très envie de... cookies dorés tout frais !	Я очень хочу... свежего золотого печенья!	I really want... fresh Golden Cookies!
Conversations/Bank/Balor/Relationship Lines/Child/pregnancy/ari_pregnant_1/1/prompts/1	I'm craving Apple Honey Curry!	Je meurs d'envie d'un curry aux pommes et au miel !	Тянет на яблочно-медовое карри!	I'm craving Apple Honey Curry!
Conversations/Bank/Balor/Relationship Lines/Child/pregnancy/ari_pregnant_1/1/prompts/2	A glass of Lemonade would be wonderful.	Un verre de citronnade, ce serait fantastique.	Стакан лимонада будет очень кстати.	A glass of Lemonade would be wonderful.
Conversations/Bank/Balor/Relationship Lines/Child/pregnancy/ari_pregnant_1/2	Hard to find a better dessert then =Golden Cookies=!	Difficile de trouver meilleur dessert que des =cookies dorés= !	Трудно сыскать десерт изысканнее =золотого печенья=!	Hard to find a better dessert then =Golden Cookies=!
Conversations/Bank/Balor/Relationship Lines/Child/pregnancy/ari_pregnant_1/3	I actually already picked some up, I thought it'd be nice to have them in the house.	J'en avais fait provision, je me suis dit que ce serait bien d'en avoir quelques-uns à la maison.	Я как раз его уже купил. Подумал, в нашем доме это будет не лишнее.	I actually already picked some up, I thought it'd be nice to have them in the house.
Conversations/Bank/Balor/Relationship Lines/Child/pregnancy/ari_pregnant_1/4	What a coincidence!	Quelle coïncidence !	Вот это совпадение!	What a coincidence!
Conversations/Bank/Balor/Relationship Lines/Child/pregnancy/ari_pregnant_1/5	I've got a fresh hot plate of =Apple Honey Curry= right here. Here you are!	J'ai une assiette de =curry aux pommes et au miel= tout juste cuisinée. Tiens !	У меня тут как раз полная тарелка свежего =яблочно-медового карри=. Держи!	I've got a fresh hot plate of =Apple Honey Curry= right here. Here you are!
Conversations/Bank/Balor/Relationship Lines/Child/pregnancy/ari_pregnant_1/6	That does sound refreshing.	C'est vrai que c'est très rafraîchissant.	Звучит и правда освежающе.	That does sound refreshing.
Conversations/Bank/Balor/Relationship Lines/Child/pregnancy/ari_pregnant_1/7	I happen to have picked some up earlier, here you are!	J'en avais pris il y a peu, tiens !	Так сложилось, что я как раз недавно за ним заходил. Угощайся!	I happen to have picked some up earlier, here you are!
Conversations/Bank/Balor/Relationship Lines/Child/pregnancy/ari_pregnant_1/init	[Ari], have you noticed you're craving any food in particular?	[Ari], tu as des envies de nourriture en particulier ?	[Ari], ты не <p>замечали</p><f>замечала</f><m>замечал</m><n>замечало</n> за собой тяги к какой-то конкретной еде?	[Ari], have you noticed you're craving any food in particular?
Conversations/Bank/Balor/Relationship Lines/Child/pregnancy/ari_pregnant_2/1	I know you prefer to tough things out, but I talked to Valen and she says this syrup would help.	Je sais que tu préfères serrer les dents, mais j'ai discuté avec Valen qui m'a dit que ce sirop devrait t'aider.	Знаю, что тебе трудности не помеха, но я всё-таки посоветовался с Вален. Она дала мне этот сироп. Сказала, поможет.	I know you prefer to tough things out, but I talked to Valen and she says this syrup would help.
Conversations/Bank/Balor/Relationship Lines/Child/pregnancy/ari_pregnant_2/2	You do what you think is best, but your husband would appreciate it if you had it on you, okay?	Fais ce qui te semble être le mieux, mais ton mari apprécierait que tu gardes ce sirop sur toi, d'accord ?	Поступай как считаешь нужным. Но твоему мужу будет спокойнее, если это будет у тебя.	You do what you think is best, but your husband would appreciate it if you had it on you, okay?
Conversations/Bank/Balor/Relationship Lines/Child/pregnancy/ari_pregnant_2/init	I've noticed that you've been having a hard time in the mornings since you got pregnant.	J'ai remarqué que c'était difficile pour toi le matin, depuis le début de ta grossesse.	Я заметил, что с начала беременности тебе нездоровится по утрам.	I've noticed that you've been having a hard time in the mornings since you got pregnant.
Conversations/Bank/Balor/Relationship Lines/Child/pregnancy/ari_pregnant_3/1	That's so exciting!	C'est tellement fantastique !	Это же замечательно!	That's so exciting!
Conversations/Bank/Balor/Relationship Lines/Child/pregnancy/ari_pregnant_3/2	It feels like it's happening so fast.	J'ai l'impression que tout se passe si vite.	Как это всё быстро происходит!	It feels like it's happening so fast.
Conversations/Bank/Balor/Relationship Lines/Child/pregnancy/ari_pregnant_3/3	I can't wait to finally hold our baby!	J'ai tellement hâte de tenir enfin notre bébé dans mes bras !	Я уже так хочу подержать нашего ребёночка.	I can't wait to finally hold our baby!
Conversations/Bank/Balor/Relationship Lines/Child/pregnancy/ari_pregnant_3/4	You're not uncomfortable, are you?	Tu es à l'aise, tout va bien ?	Тебе неудобно, да?	You're not uncomfortable, are you?
Conversations/Bank/Balor/Relationship Lines/Child/pregnancy/ari_pregnant_3/5	Next time Louis is in town I'll have a talk with him about letting out a few of your outfits.	Au prochain passage de Louis en ville, j'irai lui demander d'élargir quelques-unes de tes tenues.	В следующий раз, когда Луи заедет, попрошу его припустить некоторые твои вещи.	Next time Louis is in town I'll have a talk with him about letting out a few of your outfits.
Conversations/Bank/Balor/Relationship Lines/Child/pregnancy/ari_pregnant_3/6	I'm relieved to hear that.	Je suis soulagé de l'entendre !	Значит, я спокоен.	I'm relieved to hear that.
Conversations/Bank/Balor/Relationship Lines/Child/pregnancy/ari_pregnant_3/7	Still, let me know if you need anything!	Il n'empêche, dis-moi si tu as besoin de quoi que ce soit !	Всё равно скажи мне, если что-нибудь понадобится!	Still, let me know if you need anything!
Conversations/Bank/Balor/Relationship Lines/Child/pregnancy/ari_pregnant_3/init	How are you feeling today, [Ari]?	Comment te sens-tu, aujourd'hui, [Ari] ?	Как ты себя чувствуешь, [Ari]?	How are you feeling today, [Ari]?
Conversations/Bank/Balor/Relationship Lines/Child/pregnancy/ari_pregnant_3/init/prompts/0	It feels like the baby is getting bigger!	J'ai l'impression que le bébé grossit.	Кажется, малыш растёт!	It feels like the baby is getting bigger!
Conversations/Bank/Balor/Relationship Lines/Child/pregnancy/ari_pregnant_3/init/prompts/1	It feels like my clothes are getting tighter!	J'ai l'impression que mes vêtements rétrécissent.	Одежда как будто стала теснее!	It feels like my clothes are getting tighter!
Conversations/Bank/Balor/Relationship Lines/Child/pregnancy/ari_pregnant_3/init/prompts/2	I feel fine!	Je me sens bien !	Отлично!	I feel fine!
Conversations/Bank/Balor/Relationship Lines/Child/pregnancy/ari_pregnant_4/1	Ah!	Ah !	Ой!	Ah!
Conversations/Bank/Balor/Relationship Lines/Child/pregnancy/ari_pregnant_4/2	I... I felt the baby kick!	Je... J'ai senti le bébé donner un coup de pied !	Я... Я чувствую, как малыш пинается!	I... I felt the baby kick!
Conversations/Bank/Balor/Relationship Lines/Child/pregnancy/ari_pregnant_4/3	How wonderful!	C'est merveilleux !	Как замечательно!	How wonderful!
Conversations/Bank/Balor/Relationship Lines/Child/pregnancy/ari_pregnant_4/init	What is it, [Ari]? You want me to put my hand on your belly?	Comment, [Ari] ? Tu veux que je pose ma main sur ton ventre ?	Что такое, [Ari]? Мне положить руку тебе на животик?	What is it, [Ari]? You want me to put my hand on your belly?
Conversations/Bank/Balor/Relationship Lines/Child/pregnancy/ari_pregnant_5/1	A good, trustworthy name.	C'est un prénom sérieux, qui inspire confiance.	Солидное имя, вызывает доверие.	A good, trustworthy name.
Conversations/Bank/Balor/Relationship Lines/Child/pregnancy/ari_pregnant_5/2	How about you, [Ari]? Any names you've been thinking of?	Et toi, [Ari] ? Tu as des prénoms en tête ?	А ты что думаешь, [Ari]? Может, у тебя тоже есть идеи для имени?	How about you, [Ari]? Any names you've been thinking of?
Conversations/Bank/Balor/Relationship Lines/Child/pregnancy/ari_pregnant_5/init	"I've been thinking about baby names... how do you feel about ""$Sterling$"" if it's a boy?"	J'ai réfléchi à des prénoms... Que dirais-tu de « $Sterling$ » si c'est un garçon ?	Я перебирал в голове имена для нашего малыша... Если будет мальчик, может, назовём его $Стерлинг$?	"I've been thinking about baby names... how do you feel about ""$Sterling$"" if it's a boy?"
Conversations/Bank/Balor/Relationship Lines/Child/pregnancy/ari_pregnant_6/1	Don't you worry [Ari]. I'll be right there by your side.	Ne t'en fais pas, [Ari]. Je serai là, à tes côtés.	Не волнуйся, [Ari]. Я буду рядом с тобой.	Don't you worry [Ari]. I'll be right there by your side.
Conversations/Bank/Balor/Relationship Lines/Child/pregnancy/ari_pregnant_6/init	I can't believe it's almost time for the baby to arrive.	Je n'arrive pas à réaliser que le bébé va bientôt arriver.	Даже не верится, что наш малыш скоро появится на свет.	I can't believe it's almost time for the baby to arrive.
Conversations/Bank/Balor/Relationship Lines/Child/pregnancy/pregnancy_balor_hemlock_0/1	If you want any parenting advice when the time comes, just ask.	Si tu as besoin de conseils d'un autre parent, quand le moment viendra, demande-moi.	Если когда-нибудь понадобятся советы по воспитанию, обращайся.	If you want any parenting advice when the time comes, just ask.
Conversations/Bank/Balor/Relationship Lines/Child/pregnancy/pregnancy_balor_hemlock_0/init	Heeey [Ari]! Congrats on the big news!	Saluuut, [Ari] ! Félicitations pour cette grande nouvelle !	Э-эй, [Ari]! Принимай поздравления!	Heeey [Ari]! Congrats on the big news!
Conversations/Bank/Balor/Relationship Lines/Child/pregnancy/pregnancy_balor_josephine_0/1	If you two need anything, anything at all, come and talk to Hemlock or myself.	Si vous avez besoin de quoi que ce soit, Balor et toi, venez nous parler, à Hemlock ou moi.	Если вам что-нибудь понадобится — что угодно, — спросите у Хемлока или у меня.	If you two need anything, anything at all, come and talk to Hemlock or myself.
Conversations/Bank/Balor/Relationship Lines/Child/pregnancy/pregnancy_balor_josephine_0/2	You're like family to us!	Pour nous, vous faites partie de la famille !	Вы для нас как родные!	You're like family to us!
Conversations/Bank/Balor/Relationship Lines/Child/pregnancy/pregnancy_balor_josephine_0/init	Congratulations to you and Balor on the upcoming bundle of joy!	Félicitations à Balor et toi pour le futur bout de chou !	Поздравляю вас с Балором с вашим маленьким комочком радости!	Congratulations to you and Balor on the upcoming bundle of joy!
Conversations/Bank/Balor/Relationship Lines/Child/pregnancy/pregnancy_balor_luc_0/1	...	...	...	...
Conversations/Bank/Balor/Relationship Lines/Child/pregnancy/pregnancy_balor_luc_0/2	Is the position of Uncle available? I can put together my references.	La place de tonton est disponible ? Je peux fournir des références.	Роль дядюшки пока свободна? Могу предоставить свои рекомендации.	Is the position of Uncle available? I can put together my references.
Conversations/Bank/Balor/Relationship Lines/Child/pregnancy/pregnancy_balor_luc_0/init	I heard you and Mister Balor are gonna have a baby! That's so cool!	J'ai entendu dire qu'avec monsieur Balor, vous alliez avoir un bébé ! C'est vraiment super !	Я слышал, что у вас с мистером Балором будет малыш! Круто!	I heard you and Mister Balor are gonna have a baby! That's so cool!
Conversations/Bank/Balor/Relationship Lines/Child/pregnancy/stork_pregnant_0/1	I never really pictured myself as the father type...	Je ne me suis jamais imaginé en père de famille...	Раньше я никогда не представлял себя отцом...	I never really pictured myself as the father type...
Conversations/Bank/Balor/Relationship Lines/Child/pregnancy/stork_pregnant_0/2	But now... for you and our baby... I want to be the best father in Aldaria.	Mais à présent... pour toi et notre bébé... je veux être le meilleur père de tout Aldaria.	А теперь... ради тебя и ради нашего малыша... я хочу стать лучшим отцом во всей Альдарии.	But now... for you and our baby... I want to be the best father in Aldaria.
Conversations/Bank/Balor/Relationship Lines/Child/pregnancy/stork_pregnant_0/init	It's such an indescribable feeling, knowing that we're going to have a child.	Savoir que nous allons avoir un enfant, c'est un sentiment indescriptible.	Знать, что у нас с тобой будет ребёнок, — просто невероятно.	It's such an indescribable feeling, knowing that we're going to have a child.
Conversations/Bank/Balor/Relationship Lines/Child/pregnancy/stork_pregnant_1/1	...	...	...	...
Conversations/Bank/Balor/Relationship Lines/Child/pregnancy/stork_pregnant_1/2	This may simply be a clever trick to help pad out the General Store's sales, but for the sake of our baby, I can't take that chance.	C'est peut-être une façon de gonfler les ventes du magasin général, mais pour le bien de notre enfant, je préfère ne prendre aucun risque.	Возможно, это хитрая уловка, чтобы поднять продажи универмага. Но я не стану рисковать благом нашего малыша.	This may simply be a clever trick to help pad out the General Store's sales, but for the sake of our baby, I can't take that chance.
Conversations/Bank/Balor/Relationship Lines/Child/pregnancy/stork_pregnant_1/init	I've been assured by Nora that we'll be so frazzled after the baby arrives that it helps to make a list of everything we'll need... and then buy it.	Nora m'a assuré que nous serions si éreintés après l'arrivée du bébé, que ça nous aiderait de faire la liste de tout ce qu'il nous faut... et de l'acheter.	Нора меня убедила, что когда малыш появится, мы будем валиться с ног. Поэтому лучше составить список всего необходимого... и сразу купить.	I've been assured by Nora that we'll be so frazzled after the baby arrives that it helps to make a list of everything we'll need... and then buy it.
Conversations/Bank/Balor/Relationship Lines/Child/pregnancy/stork_pregnant_2/1	......	......	......	......
Conversations/Bank/Balor/Relationship Lines/Child/pregnancy/stork_pregnant_2/1/prompts/0	What's on your mind?	À quoi penses-tu ?	О чём думаешь?	What's on your mind?
Conversations/Bank/Balor/Relationship Lines/Child/pregnancy/stork_pregnant_2/1/prompts/1	Something wrong?	Quelque chose ne va pas ?	Что-то случилось?	Something wrong?
Conversations/Bank/Balor/Relationship Lines/Child/pregnancy/stork_pregnant_2/2	All this preparation for the baby...	Tous ces préparatifs pour le bébé...	Мы так готовимся к ребёнку...	All this preparation for the baby...
Conversations/Bank/Balor/Relationship Lines/Child/pregnancy/stork_pregnant_2/3	It brings up... unpleasant memories from my own childhood.	Ça fait remonter de mauvais souvenirs de ma propre enfance.	Это навевает... неприятные воспоминания о моём детстве.	It brings up... unpleasant memories from my own childhood.
Conversations/Bank/Balor/Relationship Lines/Child/pregnancy/stork_pregnant_2/4	I want to be a better parent to our child than my parents were to me. A much better one.	Je veux être pour notre enfant un meilleur parent que ne l'ont été les miens pour moi. Bien meilleur.	Я хочу быть хорошим родителем для нашего ребёнка. Гораздо лучше, чем мои собственные родители.	I want to be a better parent to our child than my parents were to me. A much better one.
Conversations/Bank/Balor/Relationship Lines/Child/pregnancy/stork_pregnant_2/5	But what if I can't? What if I'm going to end up being just as lousy at it as my parents were?	Mais si je n'y arrivais pas ? Si je finissais par être aussi mauvais qu'eux l'ont été ?	Но что, если я не смогу? Что, если у меня получится так же паршиво, как у них?	But what if I can't? What if I'm going to end up being just as lousy at it as my parents were?
Conversations/Bank/Balor/Relationship Lines/Child/pregnancy/stork_pregnant_2/5/prompts/0	That you're worried about it at all means you'll be a great dad.	Le simple fait que cela t'inquiète signifie que tu seras un super papa.	Раз тебя это так беспокоит, значит, ты уже отличный отец.	That you're worried about it at all means you'll be a great dad.
Conversations/Bank/Balor/Relationship Lines/Child/pregnancy/stork_pregnant_2/5/prompts/1	We'll figure it out together.	Nous y arriverons ensemble.	Мы справимся вместе.	We'll figure it out together.
Conversations/Bank/Balor/Relationship Lines/Child/pregnancy/stork_pregnant_2/6	Oh!	Oh !	О!	Oh!
Conversations/Bank/Balor/Relationship Lines/Child/pregnancy/stork_pregnant_2/7	I... I hadn't thought about it like that. It's a fair point.	Je... Je n'avais pas vu les choses sous cet angle. Tu n'as pas tort.	Я... Я не думал об этом с такой стороны. Логично.	I... I hadn't thought about it like that. It's a fair point.
Conversations/Bank/Balor/Relationship Lines/Child/pregnancy/stork_pregnant_2/8	Yeah... knowing that helps a lot.	C'est vrai... Le savoir me réconforte énormément.	Да... Это ободряет.	Yeah... knowing that helps a lot.
Conversations/Bank/Balor/Relationship Lines/Child/pregnancy/stork_pregnant_2/9	Thanks, [Ari]. I love you.	Merci, [Ari]. Je t'aime.	Спасибо, [Ari]. Я люблю тебя.	Thanks, [Ari]. I love you.
Conversations/Bank/Balor/Relationship Lines/Child/pregnancy/stork_pregnant_2/init	...	...	...	...
Conversations/Bank/Balor/Relationship Lines/Child/pregnancy/stork_pregnant_3/1	Also I'm pretty sure he's been undercharging me for drinks at the bar.	Et je suis sûr qu'il ne m'a pas fait payer toutes mes consommations, au bar.	А ещё я уверен, что он стал занижать для меня цены на баре.	Also I'm pretty sure he's been undercharging me for drinks at the bar.
Conversations/Bank/Balor/Relationship Lines/Child/pregnancy/stork_pregnant_3/init	Hemlock has been kind enough to give me an enormous amount of advice on being a father.	Hemlock a eu la gentillesse de me donner une incroyable quantité de conseils sur la paternité.	Хемлок надавал мне прорву советов, как быть хорошим отцом. Я ему благодарен.	Hemlock has been kind enough to give me an enormous amount of advice on being a father.
Conversations/Bank/Balor/Relationship Lines/Child/pregnancy/stork_pregnant_4/1	While it would be fun to teach them all I know about business...	Même si ce serait amusant de lui enseigner tout ce que je sais sur les affaires...	Я был бы рад передать все свои знания о торговле, но...	While it would be fun to teach them all I know about business...
Conversations/Bank/Balor/Relationship Lines/Child/pregnancy/stork_pregnant_4/2	Personally, I hope they take after you.	En ce qui me concerne, j'espère qu'il te ressemblera.	Лично я больше хочу, чтобы ребёнок был похож на тебя.	Personally, I hope they take after you.
Conversations/Bank/Balor/Relationship Lines/Child/pregnancy/stork_pregnant_4/init	Jo and I were speculating over who the baby will end up taking after.	Avec Jo, on s'est demandé de qui tiendrait le bébé.	Мы с Джо размышляли, в кого у нас вырастет ребёнок.	Jo and I were speculating over who the baby will end up taking after.
Conversations/Bank/Balor/Relationship Lines/Child/pregnancy/stork_pregnant_5/1	A good, trustworthy name.	C'est un prénom sérieux, qui inspire confiance.	Солидное имя, вызывает доверие.	A good, trustworthy name.
Conversations/Bank/Balor/Relationship Lines/Child/pregnancy/stork_pregnant_5/2	How about you, [Ari]? Any names you've been thinking of?	Et toi, [Ari] ? Tu as des prénoms en tête ?	А ты что думаешь, [Ari]? Может, у тебя тоже есть идеи для имени?	How about you, [Ari]? Any names you've been thinking of?
Conversations/Bank/Balor/Relationship Lines/Child/pregnancy/stork_pregnant_5/init	"I've been thinking about baby names... how do you feel about ""$Sterling$"" if it's a boy?"	J'ai réfléchi à des prénoms... Que dirais-tu de « $Sterling$ » si c'est un garçon ?	Я перебирал в голове имена для нашего малыша... Если будет мальчик, может, назовём его $Стерлинг$?	"I've been thinking about baby names... how do you feel about ""$Sterling$"" if it's a boy?"
Conversations/Bank/Balor/Relationship Lines/Child/pregnancy/stork_pregnant_6/1	Don't you worry [Ari]. Whatever comes next, we're in it together.	Ne t'inquiète pas, [Ari]. Quoi qu'il se passe ensuite, nous l'affronterons ensemble.	Не переживай, [Ari]. Что бы ни случилось, мы переживём это вместе.	Don't you worry [Ari]. Whatever comes next, we're in it together.
Conversations/Bank/Balor/Relationship Lines/Child/pregnancy/stork_pregnant_6/init	It seems like it's almost time for the baby to arrive.	On dirait que le moment est presque venu pour l'arrivée du bébé.	Кажется, наш малыш уже скоро появится.	It seems like it's almost time for the baby to arrive.
Conversations/Bank/Balor/Relationship Lines/Marriage/marriage_daily_dialogue/ari_plans_0/1	What are your plans for the day, [Ari]?	Qu'as-tu de prévu aujourd'hui, [Ari] ?	Какие планы на день, [Ari]?	What are your plans for the day, [Ari]?
Conversations/Bank/Balor/Relationship Lines/Marriage/marriage_daily_dialogue/ari_plans_0/1/prompts/0	I'm going to get some work done on the farm!	Je vais travailler un peu sur la ferme !	Я собираюсь немного поработать на ферме!	I'm going to get some work done on the farm!
Conversations/Bank/Balor/Relationship Lines/Marriage/marriage_daily_dialogue/ari_plans_0/1/prompts/1	I was thinking of heading to the Mines...	J'envisageais de me rendre dans les mines...	Я <p>подумывали</p><f>подумывала</f><m>подумывал</m><n>подумывало</n> сходить в шахты...	I was thinking of heading to the Mines...
Conversations/Bank/Balor/Relationship Lines/Marriage/marriage_daily_dialogue/ari_plans_0/1/prompts/2	Today feels like a good day for fishing.	J'ai l'impression que c'est une belle journée pour pêcher.	По-моему, сегодня отличный день для рыбалки.	Today feels like a good day for fishing.
Conversations/Bank/Balor/Relationship Lines/Marriage/marriage_daily_dialogue/ari_plans_0/2	It's wonderful how bountiful the land is.	La terre est d'une telle générosité, c'est merveilleux.	Местная земля необычайно плодородна.	It's wonderful how bountiful the land is.
Conversations/Bank/Balor/Relationship Lines/Marriage/marriage_daily_dialogue/ari_plans_0/3	Just let me know if you need a hand tending it!	Surtout, dis-moi si tu as besoin d'un coup de main pour t'en occuper !	Скажи, если нужна помощь с работами!	Just let me know if you need a hand tending it!
Conversations/Bank/Balor/Relationship Lines/Marriage/marriage_daily_dialogue/ari_plans_0/4	Sounds exciting!	Ça a l'air palpitant !	Увлекательное занятие!	Sounds exciting!
Conversations/Bank/Balor/Relationship Lines/Marriage/marriage_daily_dialogue/ari_plans_0/5	Make sure your blade is sharp and your wits sharper, I want you back safe.	Veille à ce que ta lame soit aussi affûtée que ton esprit, je veux que tu reviennes en un seul morceau.	Пусть твой ум будет остёр, как и твой меч. Хочу, чтобы ты <p>вернулись</p><f>вернулась</f><m>вернулся</m><n>вернулось</n> в целости.	Make sure your blade is sharp and your wits sharper, I want you back safe.
Conversations/Bank/Balor/Relationship Lines/Marriage/marriage_daily_dialogue/ari_plans_0/6	That sounds relaxing.	Ça a l'air reposant.	Звучит как хороший отдых.	That sounds relaxing.
Conversations/Bank/Balor/Relationship Lines/Marriage/marriage_daily_dialogue/ari_plans_0/7	If I wrap up my work early, perhaps I'll join you.	Si je termine mon travail assez tôt, peut-être que je te rejoindrai.	Возможно, я к тебе присоединюсь, если закончу с работой пораньше.	If I wrap up my work early, perhaps I'll join you.
Conversations/Bank/Balor/Relationship Lines/Marriage/marriage_daily_dialogue/ari_plans_0/init	Good morning!	Bonjour !	Доброе утро!	Good morning!
Conversations/Bank/Balor/Relationship Lines/Marriage/marriage_daily_dialogue/basement_0/1	I can't wait to hear all about it tonight at home.	J'ai hâte que tu me racontes tout ce soir, à la maison.	Расскажешь поподробнее вечером, когда будем дома?	I can't wait to hear all about it tonight at home.
Conversations/Bank/Balor/Relationship Lines/Marriage/marriage_daily_dialogue/basement_0/init	Having a good day?	Tu passes une bonne journée ?	Как проходит твой день?	Having a good day?
Conversations/Bank/Balor/Relationship Lines/Marriage/marriage_daily_dialogue/basement_1/1	And if they don't have it, I can special order it!	Et s'ils n'ont pas ce qu'il te faut, je pourrai passer une commande spéciale !	А если там не найдётся, сделаю особый заказ!	And if they don't have it, I can special order it!
Conversations/Bank/Balor/Relationship Lines/Marriage/marriage_daily_dialogue/basement_1/init	Let me know if we need anything for the house, I need to stop at the General Store at some point today anyway.	Dis-moi si tu as besoin de quoi que ce soit pour la maison, je dois passer au magasin général, aujourd'hui.	Скажи, если нам домой надо что-то купить. Мне всё равно сегодня надо зайти в универмаг.	Let me know if we need anything for the house, I need to stop at the General Store at some point today anyway.
Conversations/Bank/Balor/Relationship Lines/Marriage/marriage_daily_dialogue/basement_2/1	I'll even take care of the dishes!	Je ferai même la vaisselle !	Я даже готов помыть посуду!	I'll even take care of the dishes!
Conversations/Bank/Balor/Relationship Lines/Marriage/marriage_daily_dialogue/basement_2/init	If you don't already have something in mind, I hear the Inn's special tonight is particularly good.	Si tu n'as rien de prévu pour le dîner de ce soir, on m'a dit que le plat du jour à l'auberge était particulièrement savoureux.	Говорят, в трактире сегодня особенно хорошее блюдо дня. Если у тебя нет других планов.	If you don't already have something in mind, I hear the Inn's special tonight is particularly good.
Conversations/Bank/Balor/Relationship Lines/Marriage/marriage_daily_dialogue/basement_3/1	Travel sounds romantic, but nobody mentions the mud.	Voyager, ça peut paraître romantique, mais personne n'évoque jamais la boue.	Все говорят про романтику дороги, а про грязь никто не вспоминает.	Travel sounds romantic, but nobody mentions the mud.
Conversations/Bank/Balor/Relationship Lines/Marriage/marriage_daily_dialogue/basement_3/2	I wonder if I could talk Adeline into putting up a Request for a laundry service in town...	Je me demande si j'arriverais à convaincre Adeline de déposer une requête pour avoir un service de blanchisserie en ville...	Интересно, смогу ли я уговорить Аделину опубликовать заказ на городскую прачечную...	I wonder if I could talk Adeline into putting up a Request for a laundry service in town...
Conversations/Bank/Balor/Relationship Lines/Marriage/marriage_daily_dialogue/basement_3/init	My laundry is piling up again...	Mon linge s'empile à nouveau...	У меня опять скопилось нестираное бельё...	My laundry is piling up again...
Conversations/Bank/Balor/Relationship Lines/Marriage/marriage_daily_dialogue/basement_4/init	Here for a kiss? I think I've got those in stock!	Tu es là pour un baiser ? Je crois que j'en ai en stock !	<p>Зашли</p><f>Зашла</f><m>Зашёл</m><n>Зашло</n> за поцелуем? У меня всегда в наличии!	Here for a kiss? I think I've got those in stock!
Conversations/Bank/Balor/Relationship Lines/Marriage/marriage_daily_dialogue/basement_5/1	I hope you know that, but I wanted you to hear it.	J'espère que tu le sais, mais je tenais à ce que tu l'entendes.	Ты, надеюсь, и так знаешь, но я всё равно хотел тебе это сказать.	I hope you know that, but I wanted you to hear it.
Conversations/Bank/Balor/Relationship Lines/Marriage/marriage_daily_dialogue/basement_5/init	Every time I see you, I'm shocked at how lucky I am to be with you.	Chaque fois que je te vois, je n'en reviens pas de la chance que j'ai d'être avec toi.	Каждый раз при виде тебя поражаюсь, как мне с тобой повезло.	Every time I see you, I'm shocked at how lucky I am to be with you.
Conversations/Bank/Balor/Relationship Lines/Marriage/marriage_daily_dialogue/basement_6/1	It always lifts my spirits when you make time for me during the day.	Ça me donne toujours le moral quand tu prends un moment pour moi dans la journée.	Когда ты находишь для меня время в течение дня, у меня всегда поднимается настроение.	It always lifts my spirits when you make time for me during the day.
Conversations/Bank/Balor/Relationship Lines/Marriage/marriage_daily_dialogue/basement_6/init	Ah, [Ari].	Ah, [Ari].	Ах, [Ari].	Ah, [Ari].
Conversations/Bank/Balor/Relationship Lines/Marriage/marriage_daily_dialogue/domestic_flavor_0/1	With that big-eyed look of theirs, they'd certainly make a good merchant. Even I can't say no!	Ses grands yeux attendrissants en feraient un commerçant hors pair. Même moi, je n'arrive pas à lui dire non !	С такими широченными глазами точно надо в торговцы. Никто не сможет отказать!	With that big-eyed look of theirs, they'd certainly make a good merchant. Even I can't say no!
Conversations/Bank/Balor/Relationship Lines/Marriage/marriage_daily_dialogue/domestic_flavor_0/init	[pet_name] was looking hungry, so I've already fed them.	[pet_name] semblait avoir faim, alors je lui ai déjà donné à manger.	[pet_name] принимает такой голодный вид... Я просто не смог не дать еды.	[pet_name] was looking hungry, so I've already fed them.
Conversations/Bank/Balor/Relationship Lines/Marriage/marriage_daily_dialogue/domestic_flavor_1/1	They're quite the hard worker, aren't they? And so smart!	Mais c'est un animal qui travaille dur, n'est-ce pas ? Et d'une grande intelligence !	Но [pet_name] так усердно и разумно работает! Возможно, я изменю своё мнение.	They're quite the hard worker, aren't they? And so smart!
Conversations/Bank/Balor/Relationship Lines/Marriage/marriage_daily_dialogue/domestic_flavor_1/init	I admit, I've never had a high opinion of pets before I met [pet_name].	Je dois avouer que je n'avais jamais tenu les animaux de compagnie en grande estime avant de rencontrer [pet_name].	Признаюсь, я никогда не питал любви к домашним питомцам.	I admit, I've never had a high opinion of pets before I met [pet_name].
Conversations/Bank/Balor/Relationship Lines/Marriage/marriage_daily_dialogue/domestic_flavor_2/1	I'd prefer not to sleep in my wagon, but this tiny bed doesn't have enough room for both of us.	Je préférerais ne pas dormir dans mon chariot, mais ce lit minuscule ne peut vraiment pas nous accueillir tous les deux.	Мне бы не хотелось спать в фургоне, но эта кроватка слишком тесна для двоих.	I'd prefer not to sleep in my wagon, but this tiny bed doesn't have enough room for both of us.
Conversations/Bank/Balor/Relationship Lines/Marriage/marriage_daily_dialogue/domestic_flavor_2/init	[Ari]... we need a bigger bed.	[Ari]... ll nous faut un plus grand lit.	[Ari]... Нам нужна кровать пошире.	[Ari]... we need a bigger bed.
Conversations/Bank/Balor/Relationship Lines/Marriage/marriage_daily_dialogue/domestic_flavor_3/1	Seeing my things and yours combined... it's very cozy.	Tes affaires et les miennes mélangées... c'est très accueillant.	Мои вещи вперемешку с твоими... создают чувство уюта.	Seeing my things and yours combined... it's very cozy.
Conversations/Bank/Balor/Relationship Lines/Marriage/marriage_daily_dialogue/domestic_flavor_3/init	Isn't the house looking nice?	Est-ce que la maison n'a pas fière allure ?	Хорошо у нас дома, да?	Isn't the house looking nice?
Conversations/Bank/Balor/Relationship Lines/Marriage/marriage_daily_dialogue/domestic_flavor_4/1	I don't mean to be pushy, but I don't think it's a lot to ask either...	Je ne veux pas paraître insistant, mais ça devrait pouvoir se faire facilement...	Не хочу тебе надоедать, но, по-моему, это небольшая просьба...	I don't mean to be pushy, but I don't think it's a lot to ask either...
Conversations/Bank/Balor/Relationship Lines/Marriage/marriage_daily_dialogue/domestic_flavor_4/init	Do you think we could make some room for my furniture somewhere in the house?	Crois-tu qu'on pourrait faire un peu de place pour mes meubles dans un coin de la maison ?	Может, у нас получится найти в доме место для моей мебели?	Do you think we could make some room for my furniture somewhere in the house?
Conversations/Bank/Balor/Relationship Lines/Marriage/marriage_daily_dialogue/dreams_0/1	Time to make that dream a reality, eh?	Le moment est venu de faire de ce rêve une réalité, non ?	Пора вставать и воплощать сон в реальность!	Time to make that dream a reality, eh?
Conversations/Bank/Balor/Relationship Lines/Marriage/marriage_daily_dialogue/dreams_0/init	I had a dream that I had so much coin in the bank, I had to open another account to hold all of it.	J'ai rêvé que j'avais tellement d'argent en banque que je devais ouvrir un deuxième compte pour que tout y tienne.	Мне приснилось, что у меня было столько денег в банке, что пришлось открывать второй счёт, чтобы всё влезло.	I had a dream that I had so much coin in the bank, I had to open another account to hold all of it.
Conversations/Bank/Balor/Relationship Lines/Marriage/marriage_daily_dialogue/evening_0/1	I'm looking forward to a relaxing night, how about you?	J'ai hâte de passer une soirée tranquille, et toi ?	Я надеюсь сегодня вечером отдохнуть. А ты?	I'm looking forward to a relaxing night, how about you?
Conversations/Bank/Balor/Relationship Lines/Marriage/marriage_daily_dialogue/evening_0/init	Good evening, [Ari]!	Bonsoir, [Ari] !	Доброго вечера, [Ari]!	Good evening, [Ari]!
Conversations/Bank/Balor/Relationship Lines/Marriage/marriage_daily_dialogue/evening_1/1	Come here, I've been looking forward to holding you in my arms all day.	Approche, j'ai attendu toute la journée de pouvoir te serrer dans mes bras.	Иди сюда, я весь день хочу тебя обнять.	Come here, I've been looking forward to holding you in my arms all day.
Conversations/Bank/Balor/Relationship Lines/Marriage/marriage_daily_dialogue/evening_1/init	There you are, [Ari].	Te voilà, [Ari].	Вот ты где, [Ari].	There you are, [Ari].
Conversations/Bank/Balor/Relationship Lines/Marriage/marriage_daily_dialogue/evening_2/1	You look like you've had an interesting day, I can't wait to hear all about it!	J'ai l'impression que tu as passé une journée intéressante, j'ai hâte que tu me racontes tout !	По тебе видно, что день прошёл интересно. Жду твоего рассказа!	You look like you've had an interesting day, I can't wait to hear all about it!
Conversations/Bank/Balor/Relationship Lines/Marriage/marriage_daily_dialogue/evening_2/init	Welcome home, [Ari].	Bienvenue à la maison, [Ari].	С возвращением, [Ari].	Welcome home, [Ari].
Conversations/Bank/Balor/Relationship Lines/Marriage/marriage_daily_dialogue/evening_3/1	I love you, [Ari].	Je t'aime, [Ari].	Люблю тебя, [Ari].	I love you, [Ari].
Conversations/Bank/Balor/Relationship Lines/Marriage/marriage_daily_dialogue/evening_3/init	Ah, there's the light of my life.	Ah, voici la lumière de mes jours.	Ах, луч света в моей жизни!	Ah, there's the light of my life.
Conversations/Bank/Balor/Relationship Lines/Marriage/marriage_daily_dialogue/fall_evening_0/1	Maybe I can talk to Reina about making a snack out of whatever I have the most produce on hand to help entice picky folk.	Je devrais peut-être convaincre Reina de mettre au point un encas avec les produits de saison que j'ai en quantité, pour appâter les clients difficiles.	Может, мне попросить Рейну готовить блюда из продуктов, которых у меня больше всего. Чтобы угодить разборчивым покупателям.	Maybe I can talk to Reina about making a snack out of whatever I have the most produce on hand to help entice picky folk.
Conversations/Bank/Balor/Relationship Lines/Marriage/marriage_daily_dialogue/fall_evening_0/init	I pride myself on anticipating a customer's needs, but you'd be surprised at how many ask for fresh spring vegetables in the middle of fall.	Je me targue d'anticiper les besoins de mes clients, mais tu n'as pas idée du nombre de gens qui veulent des légumes de printemps en plein automne.	Я умею предугадывать желания клиентов и горжусь этим. Но ты удивишься, как много народу хотят свежих весенних овощей посреди осени.	I pride myself on anticipating a customer's needs, but you'd be surprised at how many ask for fresh spring vegetables in the middle of fall.
Conversations/Bank/Balor/Relationship Lines/Marriage/marriage_daily_dialogue/fall_evening_1/1	In the fall, there's deals everywhere you look if you're savvy.	En automne, il y a de bonnes affaires partout pour qui sait s'y prendre.	Осенью для смекалистого торговца найти хорошую сделку не составит труда.	In the fall, there's deals everywhere you look if you're savvy.
Conversations/Bank/Balor/Relationship Lines/Marriage/marriage_daily_dialogue/fall_evening_1/init	Made some excellent deals today.	Les affaires ont très bien marché, aujourd'hui.	Я сегодня заключил несколько превосходных сделок.	Made some excellent deals today.
Conversations/Bank/Balor/Relationship Lines/Marriage/marriage_daily_dialogue/fall_morning_0/init	Got to get a hustle on, there's all this fresh fall produce and only so many days to sell it!	Je dois m'activer, il y a plein de produits de saison tout frais, et pas énormément de temps pour les écouler !	Мне надо спешить: столько свежих осенних продуктов, а дней на продажу осталось совсем немного!	Got to get a hustle on, there's all this fresh fall produce and only so many days to sell it!
Conversations/Bank/Balor/Relationship Lines/Marriage/marriage_daily_dialogue/fall_morning_1/1	You don't get days nearly as pretty in the Capital.	On n'a jamais d'aussi belles journées dans la capitale.	В столице таких прелестных деньков просто не бывает.	You don't get days nearly as pretty in the Capital.
Conversations/Bank/Balor/Relationship Lines/Marriage/marriage_daily_dialogue/fall_morning_1/init	I feel like fall is when I first fell in love with Mistria.	Je crois que c'est en automne que je suis tombé amoureux de Mistria.	По-моему, именно осенью я впервые влюбился в Мистрию.	I feel like fall is when I first fell in love with Mistria.
Conversations/Bank/Balor/Relationship Lines/Marriage/marriage_daily_dialogue/morning_0/1	The day just feels full of possibilities, doesn't it?	La journée semble regorger de possibles, tu ne trouves pas ?	Новый день полон возможностей, так ведь?	The day just feels full of possibilities, doesn't it?
Conversations/Bank/Balor/Relationship Lines/Marriage/marriage_daily_dialogue/morning_0/init	[Ari], good morning!	Bonjour, [Ari] !	[Ari], доброе утро!	[Ari], good morning!
Conversations/Bank/Balor/Relationship Lines/Marriage/marriage_daily_dialogue/morning_1/1	It always feels like it's going to be a good day when I wake up with you next to me.	Je me dis toujours que la journée sera bonne quand je me réveille à tes côtés.	Когда я просыпаюсь рядом с тобой, всегда чувствую, что день будет хороший.	It always feels like it's going to be a good day when I wake up with you next to me.
Conversations/Bank/Balor/Relationship Lines/Marriage/marriage_daily_dialogue/morning_1/init	Good morning.	Bonjour.	Доброе утро.	Good morning.
Conversations/Bank/Balor/Relationship Lines/Marriage/marriage_daily_dialogue/rainy_evening_0/1	At least we can get warmed up together.	Au moins, nous pourrons nous réchauffer ensemble.	Зато согреться можем вдвоём.	At least we can get warmed up together.
Conversations/Bank/Balor/Relationship Lines/Marriage/marriage_daily_dialogue/rainy_evening_0/init	I'm soaked through from the rain, and I can see you're faring no better.	La pluie m'a trempé jusqu'aux os, et je vois que ce n'est pas mieux pour toi.	Я весь вымок под дождём. Вижу, у тебя ситуация не лучше.	I'm soaked through from the rain, and I can see you're faring no better.
Conversations/Bank/Balor/Relationship Lines/Marriage/marriage_daily_dialogue/rainy_morning_0/1	Now it just means I've got more time to spend with you!	Désormais, ça veut dire que je passe plus de temps avec toi !	Теперь я знаю, что могу подольше побыть с тобой!	Now it just means I've got more time to spend with you!
Conversations/Bank/Balor/Relationship Lines/Marriage/marriage_daily_dialogue/rainy_morning_0/init	Rain usually means a slow sales day. I used to mind more, but...	Quand il pleut, je ne vends généralement pas grand-chose. Ça m'ennuyait davantage, autrefois, mais...	В дождливый день торговля обычно идёт не так бойко. Раньше меня это беспокоило, а теперь...	Rain usually means a slow sales day. I used to mind more, but...
Conversations/Bank/Balor/Relationship Lines/Marriage/marriage_daily_dialogue/sleepy_0/1	Let's plan to head to bed early tonight, what do you say?	Allons nous coucher tôt, ce soir, qu'en dis-tu ?	Давай сегодня ляжем спать пораньше. Как тебе идея?	Let's plan to head to bed early tonight, what do you say?
Conversations/Bank/Balor/Relationship Lines/Marriage/marriage_daily_dialogue/sleepy_0/init	I've been overdoing it lately, seems it's finally caught up with me.	J'en ai fait un peu trop, ces derniers temps, je crois que la fatigue a fini par me rattraper.	Я в последние дни засиживаюсь за работой. Кажется, усталость меня настигла.	I've been overdoing it lately, seems it's finally caught up with me.
Conversations/Bank/Balor/Relationship Lines/Marriage/marriage_daily_dialogue/snowy_evening_0/1	Let's hibernate until spring.	Hibernons jusqu'au printemps.	Давай устроим спячку до весны.	Let's hibernate until spring.
Conversations/Bank/Balor/Relationship Lines/Marriage/marriage_daily_dialogue/snowy_evening_0/init	The only reason I could trudge through all that snow today was knowing that I was coming home to you.	La seule raison qui m'a permis de progresser péniblement dans toute cette neige, c'est de savoir que j'allais rentrer auprès de toi à la maison.	Ты единственная причина, по которой я пробрался домой сквозь снег.	The only reason I could trudge through all that snow today was knowing that I was coming home to you.
Conversations/Bank/Balor/Relationship Lines/Marriage/marriage_daily_dialogue/snowy_morning_0/1	I suppose we'd best head back to bed.	Je crois qu'on ferait mieux de retourner se coucher.	Думаю, мы можем лечь обратно в постель.	I suppose we'd best head back to bed.
Conversations/Bank/Balor/Relationship Lines/Marriage/marriage_daily_dialogue/snowy_morning_0/init	Plenty of snow fell in the night, and I don't think it's lightening up today...	Il a beaucoup neigé cette nuit, et je n'ai pas l'impression que ça va ralentir aujourd'hui...	Ночью нападало много снега, и, кажется, он не думает останавливаться...	Plenty of snow fell in the night, and I don't think it's lightening up today...
Conversations/Bank/Balor/Relationship Lines/Marriage/marriage_daily_dialogue/spouse_plans_0/1	Here's hoping it works out.	J'espère qu'elle va se concrétiser.	Надеюсь, всё пройдёт гладко.	Here's hoping it works out.
Conversations/Bank/Balor/Relationship Lines/Marriage/marriage_daily_dialogue/spouse_plans_0/init	I'm expecting an interesting business offer today.	J'attends une proposition intéressante, aujourd'hui.	Сегодня я должен получить интересное деловое предложение.	I'm expecting an interesting business offer today.
Conversations/Bank/Balor/Relationship Lines/Marriage/marriage_daily_dialogue/spring_evening_0/1	Probably being held up by all that rain up north, spring thunderstorms are no joke.	Il a sans doute été retardé par toute la pluie qui est tombée, au nord. Les tempêtes de printemps sont redoutables.	Наверное, задержался из-за дождей на севере. Весенние грозы — дело серьёзное.	Probably being held up by all that rain up north, spring thunderstorms are no joke.
Conversations/Bank/Balor/Relationship Lines/Marriage/marriage_daily_dialogue/spring_evening_0/init	Still no word of the cargo ship I'm expecting to arrive at the Capital.	Toujours aucune nouvelle du navire de marchandises qui doit arriver à la capitale.	Я жду, когда в столицу прибудет грузовой корабль, но до сих пор никаких вестей.	Still no word of the cargo ship I'm expecting to arrive at the Capital.
Conversations/Bank/Balor/Relationship Lines/Marriage/marriage_daily_dialogue/spring_evening_1/1	Makes my job as a merchant that much easier, everyone has looser purse strings.	Cela simplifie beaucoup mon travail de commerçant, tout le monde délie plus facilement les cordons de sa bourse.	Мне как торговцу это упрощает работу: кошельки раскрываются с лёгким сердцем.	Makes my job as a merchant that much easier, everyone has looser purse strings.
Conversations/Bank/Balor/Relationship Lines/Marriage/marriage_daily_dialogue/spring_evening_1/init	Everyone is in such a good mood in the spring.	Tout le monde est de si bonne humeur, au printemps.	Весной все в приподнятом настроении.	Everyone is in such a good mood in the spring.
Conversations/Bank/Balor/Relationship Lines/Marriage/marriage_daily_dialogue/spring_morning_0/1	And mucky roads lead to late shipments.	Et qui dit routes boueuses, dit expéditions retardées.	А размытая дорога означает задержки в поставках.	And mucky roads lead to late shipments.
Conversations/Bank/Balor/Relationship Lines/Marriage/marriage_daily_dialogue/spring_morning_0/init	Spring rains make for mucky roads.	Les pluies de printemps rendent les routes boueuses.	Весенний дождь означает размытую дорогу.	Spring rains make for mucky roads.
Conversations/Bank/Balor/Relationship Lines/Marriage/marriage_daily_dialogue/spring_morning_1/1	I couldn't be happier!	Je ne pourrais pas être plus heureux !	Как же я счастлив!	I couldn't be happier!
Conversations/Bank/Balor/Relationship Lines/Marriage/marriage_daily_dialogue/spring_morning_1/init	A beautiful spring day with you by my side.	Quelle magnifique journée de printemps à tes côtés !	Ещё один прекрасный весенний день рядом с тобой.	A beautiful spring day with you by my side.
Conversations/Bank/Balor/Relationship Lines/Marriage/marriage_daily_dialogue/summer_evening_0/1	Everyone wants ice in the summer, but nobody wants to pay what it costs to transport.	En été, tout le monde veut de la glace, mais personne ne veut payer le prix de son transport.	Летом всем нужен лёд, но никто не хочет платить за доставку.	Everyone wants ice in the summer, but nobody wants to pay what it costs to transport.
Conversations/Bank/Balor/Relationship Lines/Marriage/marriage_daily_dialogue/summer_evening_0/init	What a day.	Quelle journée !	Ну и денёк!	What a day.
Conversations/Bank/Balor/Relationship Lines/Marriage/marriage_daily_dialogue/summer_evening_1/1	We'll sleep well tonight!	Nous allons bien dormir, ce soir !	Сегодня хорошо поспим!	We'll sleep well tonight!
Conversations/Bank/Balor/Relationship Lines/Marriage/marriage_daily_dialogue/summer_evening_1/init	It's finally cooling down.	Ça se rafraîchit enfin.	Наконец-то прохлада.	It's finally cooling down.
Conversations/Bank/Balor/Relationship Lines/Marriage/marriage_daily_dialogue/summer_morning_0/1	I really need to put an awning on my wagon one of these days.	Il faudrait vraiment que j'installe un auvent sur mon chariot, un de ces jours.	Давно пора приделать к моему фургону козырёк.	I really need to put an awning on my wagon one of these days.
Conversations/Bank/Balor/Relationship Lines/Marriage/marriage_daily_dialogue/summer_morning_0/init	Looks like it's going to be another hot one...	On dirait que nous allons encore avoir une chaude journée...	Кажется, день снова будет жаркий...	Looks like it's going to be another hot one...
Conversations/Bank/Balor/Relationship Lines/Marriage/marriage_daily_dialogue/summer_morning_1/1	If we have the chance, let's try to sneak out to the Beach together.	Si nous en avons l'occasion, essayons d'aller faire un tour à la plage ensemble.	Давай выкроим время и выберемся вместе на пляж.	If we have the chance, let's try to sneak out to the Beach together.
Conversations/Bank/Balor/Relationship Lines/Marriage/marriage_daily_dialogue/summer_morning_1/init	This summer weather has been much too fine lately.	Cette météo estivale est vraiment trop agréable.	В последнее время погода нас слишком балует.	This summer weather has been much too fine lately.
Conversations/Bank/Balor/Relationship Lines/Marriage/marriage_daily_dialogue/winter_evening_0/init	I need to get a thicker coat for these extra cold days...	Je dois trouver un manteau plus épais pour les journées particulièrement froides comme celle-ci...	Мне надо прикупить тёплое пальто для таких морозных деньков...	I need to get a thicker coat for these extra cold days...
Conversations/Bank/Balor/Relationship Lines/Marriage/marriage_daily_dialogue/winter_evening_1/init	Nothing like a cozy house and a loving spouse after a long day out in the cold!	Rien de tel qu'une maison confortable et <he>un compagnon aimant</he><she>une compagne aimante</she><they>un·e partenaire aimant·e</they> après une longue journée passée dehors, dans le froid !	Когда проведёшь день на морозе, так приятно, что дома уют и тебя всегда ждут!	Nothing like a cozy house and a loving spouse after a long day out in the cold!
Conversations/Bank/Balor/Relationship Lines/Marriage/marriage_daily_dialogue/winter_morning_0/1	They're a trial to take the wagon on in the winter, let me tell you.	C'est une véritable épreuve d'y déplacer le chariot en hiver, crois-moi.	Фургон по ней тащить зимой — настоящее испытание, скажу я тебе.	They're a trial to take the wagon on in the winter, let me tell you.
Conversations/Bank/Balor/Relationship Lines/Marriage/marriage_daily_dialogue/winter_morning_0/init	I wish the road to the Capital was as well maintained as the ones here in Mistria.	Si seulement la route vers la capitale était aussi bien entretenue que celles que nous avons à Mistria.	Вот бы дорога в столицу была такая жу ухоженнная, как в Мистрии!	I wish the road to the Capital was as well maintained as the ones here in Mistria.
Conversations/Bank/Balor/Relationship Lines/Marriage/marriage_daily_dialogue/winter_morning_1/1	In the Capital it'd already be gray slush by now!	À la capitale, elle se serait déjà transformée en boue grisâtre !	В столице он бы уже давно превратился в серую слякоть!	In the Capital it'd already be gray slush by now!
Conversations/Bank/Balor/Relationship Lines/Marriage/marriage_daily_dialogue/winter_morning_1/2	Glad I'm out here with you instead.	Je suis content d'être ici avec toi, à la place.	Хорошо, что я не там, а здесь, рядом с тобой.	Glad I'm out here with you instead.
Conversations/Bank/Balor/Relationship Lines/Marriage/marriage_daily_dialogue/winter_morning_1/init	Have you ever seen such pristine snow?	As-tu déjà vu une neige aussi immaculée ?	Ты когда-нибудь <p>видели</p><f>видела</f><m>видел</m><n>видело</n> такой безупречный снег?	Have you ever seen such pristine snow?
Conversations/Bank/Balor/Relationship Lines/Marriage/marriage_daily_dialogue/workstation_0/1	It's so satisfying looking at the years of progress all neatly lined up.	C'est tellement satisfaisant de regarder toutes ces années de progression si nettement alignées.	Приятно с годами замечать прогресс в аккуратных столбцах цифр.	It's so satisfying looking at the years of progress all neatly lined up.
Conversations/Bank/Balor/Relationship Lines/Marriage/marriage_daily_dialogue/workstation_0/init	Just reviewing my books.	Je parcours simplement mes livres de comptes.	Просто перечитываю свои журналы.	Just reviewing my books.
Conversations/Bank/Balor/Relationship Lines/Marriage/marriage_daily_dialogue/workstation_1/1	Who knows if we'll end up playing it, but it's fun to write!	Je ne sais pas si nous aurons l'occasion d'y jouer, mais c'est amusant à écrire !	Не знаю, будем ли мы в неё играть, но мне нравится сочинять сюжет!	Who knows if we'll end up playing it, but it's fun to write!
Conversations/Bank/Balor/Relationship Lines/Marriage/marriage_daily_dialogue/workstation_1/init	I had an idea for a Dungeon & Drama one-off.	J'ai eu une idée pour une soirée Dangers & Dragons exceptionnelle.	У меня появилась идея на одноразовую встречу в «Перепалки & Драконы».	I had an idea for a Dungeon & Drama one-off.
Conversations/Bank/Balor/Relationship Lines/Marriage/marriage_daily_dialogue/workstation_2/1	just to keep my business senses sharp.	Tu n'imagines pas la concurrence féroce qui règne au sein de l'union aldarienne des marionnettistes !	Так вот: ты даже не представляешь, какая в альдарийском союзе кукольников беспощадная конкуренция!	just to keep my business senses sharp.
Conversations/Bank/Balor/Relationship Lines/Marriage/marriage_daily_dialogue/workstation_2/2	Best I keep to what I know best, eh?	Mieux vaut rester dans un domaine que je maîtrise, hein ?	Лучше уж я займусь тем, что знаю.	Best I keep to what I know best, eh?
Conversations/Bank/Balor/Relationship Lines/Marriage/marriage_daily_dialogue/workstation_2/init	I like to look into other lines of business now and then...	J'aime regarder de temps à autre ce qui se fait dans d'autres branches du commerce, juste pour rester à l'affût.	Я люблю иногда заглядывать в незнакомые ниши, чтобы не ослаблять деловую хватку.	I like to look into other lines of business now and then...
Conversations/Bank/Balor/Relationship Lines/Marriage/marriage_daily_dialogue/workstation_3/1	I ought to get a chair like this for my wagon!	Je devrais installer un fauteuil comme ça, dans mon chariot !	Надо бы завести такое кресло у меня в фургоне!	I ought to get a chair like this for my wagon!
Conversations/Bank/Balor/Relationship Lines/Marriage/marriage_daily_dialogue/workstation_3/init	It feels great to be off my feet.	Que c'est agréable de se poser un peu !	Приятно, что можно наконец присесть.	It feels great to be off my feet.
Conversations/Bank/Balor/Relationship Lines/Marriage/marriage_daily_dialogue/workstation_4/1	I thought I'd give it a read first, but apparently the author insisted that it be printed in a language he handcrafted for the series.	J'avais pensé la lire d'abord, mais apparemment, l'auteur a insisté pour qu'elle soit imprimée dans une langue qu'il a lui-même créée spécialement.	Я хотел сперва сам почитать, но, оказывается, автор настаивает, чтобы они печатались только на его специально придуманном языке.	I thought I'd give it a read first, but apparently the author insisted that it be printed in a language he handcrafted for the series.
Conversations/Bank/Balor/Relationship Lines/Marriage/marriage_daily_dialogue/workstation_4/2	I'll keep picking away at it, a good merchant needs to understand his merchandise.	Je vais continuer à la lire par petits bouts, un marchand doit comprendre les produits qu'il vend.	Иногда я возобновляю попытки. Хороший торговец должен понимать, что у него за товар.	I'll keep picking away at it, a good merchant needs to understand his merchandise.
Conversations/Bank/Balor/Relationship Lines/Marriage/marriage_daily_dialogue/workstation_4/3	In this case, literally.	Dans ce cas particulier, c'est à prendre au sens littéral.	А я буквально не понимаю.	In this case, literally.
Conversations/Bank/Balor/Relationship Lines/Marriage/marriage_daily_dialogue/workstation_4/init	"There's a popular new book series from the Caldosian Empire called ""Master of the Bracelets""."	Il y a une nouvelle série de livres venus de l'Empire caldosien intitulée : « Le Maître des bracelets ».	Сейчас появилась популярная серия книг из Кальдосийской империи, называется «Властитель браслетов».	"There's a popular new book series from the Caldosian Empire called ""Master of the Bracelets""."
Conversations/Bank/Balor/Relationship Lines/Marriage/marriage_daily_dialogue/workstation_5/1	You'd be surprised how often Mistria gets mentioned these days!	Tu n'imagines pas le nombre de mentions de Mistria qu'on y trouve, désormais !	Ты удивишься, но там теперь часто упоминают Мистрию!	You'd be surprised how often Mistria gets mentioned these days!
Conversations/Bank/Balor/Relationship Lines/Marriage/marriage_daily_dialogue/workstation_5/init	The newest issue of the Aldarian Business Review is out.	La dernière édition de la Revue des affaires aldariennes est sortie.	Недавно вышел новый «Обзор коммерции Альдарии».	The newest issue of the Aldarian Business Review is out.
Conversations/Bank/Balor/Relationship Lines/Marriage/marriage_daily_dialogue/workstation_6/1	Works of art, every one.	Chacune d'elles est une véritable œuvre d'art.	Каждый из них — настоящее произведение искусства.	Works of art, every one.
Conversations/Bank/Balor/Relationship Lines/Marriage/marriage_daily_dialogue/workstation_6/init	How do you like these gems?	Comment trouves-tu ces pierres précieuses ?	Красивые камни, правда?	How do you like these gems?
Conversations/Bank/Balor/Relationship Lines/Marriage/marriage_daily_dialogue/workstation_7/1	Taking something already so beautiful and turning it into a priceless heirloom must feel wonderful.	Transformer quelque chose de déjà magnifique en un héritage inestimable, ce doit être une sensation merveilleuse.	Сырьё и так прекрасно само по себе. А превратить его в фамильную драгоценность — наверное, потрясающее чувство.	Taking something already so beautiful and turning it into a priceless heirloom must feel wonderful.
Conversations/Bank/Balor/Relationship Lines/Marriage/marriage_daily_dialogue/workstation_7/init	I feel like if I hadn't become a merchant, I might have become a jeweler.	Je crois que si je n'étais pas devenu marchand, j'aurais pu être joaillier.	Мне кажется, если бы я не стал торговцем, я бы пошёл в ювелиры.	I feel like if I hadn't become a merchant, I might have become a jeweler.
Conversations/Bank/Balor/Relationship Lines/Marriage/marriage_daily_dialogue/workstation_8/1	Seeing the world with you, adding to my gem collection... just thinking about it makes my heart soar.	Voir le monde avec toi, enrichir ma collection de joyaux... À cette seule idée, mon cœur bondit de joie.	Вместе повидать мир, пополнить мою коллекцию драгоценных камней... Когда воображаю, сердце радуется.	Seeing the world with you, adding to my gem collection... just thinking about it makes my heart soar.
Conversations/Bank/Balor/Relationship Lines/Marriage/marriage_daily_dialogue/workstation_8/init	One of these days, you and I should do some traveling.	Il faudrait que l'on parte en voyage, toi et moi, un de ces jours.	Когда-нибудь нам надо отправиться в путешествие вдвоём.	One of these days, you and I should do some traveling.
Conversations/Bank/Balor/Relationship Lines/Marriage/marriage_festival_mornings/animal_festival/1	But I also know our animals are top quality...			But I also know our animals are top quality...
Conversations/Bank/Balor/Relationship Lines/Marriage/marriage_festival_mornings/animal_festival/2	If we don't bring home a blue ribbon, I'll be very suspicious of the judges!			If we don't bring home a blue ribbon, I'll be very suspicious of the judges!
Conversations/Bank/Balor/Relationship Lines/Marriage/marriage_festival_mornings/animal_festival/init	I know the $Animal Festival$ isn't all about winning...			I know the $Animal Festival$ isn't all about winning...
Conversations/Bank/Balor/Relationship Lines/Marriage/marriage_festival_mornings/harvest_festival/1	I'd love to sneak an early dance and dance with you...			I'd love to sneak an early dance and dance with you...
Conversations/Bank/Balor/Relationship Lines/Marriage/marriage_festival_mornings/harvest_festival/init	Today's the $Harvest Festival$, isn't it?			Today's the $Harvest Festival$, isn't it?
Conversations/Bank/Balor/Relationship Lines/Marriage/marriage_festival_mornings/shooting_star_festival/1	I'm... really excited to spend the evening up on the summit with you.			I'm... really excited to spend the evening up on the summit with you.
Conversations/Bank/Balor/Relationship Lines/Marriage/marriage_festival_mornings/shooting_star_festival/init	Morning, [Ari]... tonight's the $Shooting Star Festival$.			Morning, [Ari]... tonight's the $Shooting Star Festival$.
Conversations/Bank/Balor/Relationship Lines/Marriage/marriage_festival_mornings/spring_festival/1	So now you and I can enjoy the festival to our heart's content!			So now you and I can enjoy the festival to our heart's content!
Conversations/Bank/Balor/Relationship Lines/Marriage/marriage_festival_mornings/spring_festival/init	Nora was happy that I got all the supplies for the $Spring Festival$ in early...			Nora was happy that I got all the supplies for the $Spring Festival$ in early...
Conversations/Bank/Balor/Relationship Lines/Marriage/marriage_market_mornings/market_darcy/1	I want to take a peek at whatever $Coffee$ Darcy's selling...			I want to take a peek at whatever $Coffee$ Darcy's selling...
Conversations/Bank/Balor/Relationship Lines/Marriage/marriage_market_mornings/market_darcy/2	I've been hoping to figure out where she sources her beans from.			I've been hoping to figure out where she sources her beans from.
Conversations/Bank/Balor/Relationship Lines/Marriage/marriage_market_mornings/market_darcy/init	Today's the Saturday Market, isn't it?			Today's the Saturday Market, isn't it?
Conversations/Bank/Balor/Relationship Lines/Marriage/marriage_market_mornings/market_louis/1	I'm going to swing by Louis' booth today... he's always got something new.			I'm going to swing by Louis' booth today... he's always got something new.
Conversations/Bank/Balor/Relationship Lines/Marriage/marriage_market_mornings/market_louis/init	It's Saturday Market day!			It's Saturday Market day!
Conversations/Bank/Balor/Relationship Lines/Marriage/marriage_market_mornings/market_merri/1	Wouldn't mind a new storage chest for my wagon.			Wouldn't mind a new storage chest for my wagon.
Conversations/Bank/Balor/Relationship Lines/Marriage/marriage_market_mornings/market_merri/init	I want to take a look at what Merri's offering at the Market today...			I want to take a look at what Merri's offering at the Market today...
Conversations/Bank/Balor/Relationship Lines/Marriage/marriage_market_mornings/market_stillwell/1	He's a bit of a dramatic fellow, isn't he?			He's a bit of a dramatic fellow, isn't he?
Conversations/Bank/Balor/Relationship Lines/Marriage/marriage_market_mornings/market_stillwell/init	Stillwell insisted I stop by his booth first thing... something about life and death.			Stillwell insisted I stop by his booth first thing... something about life and death.
Conversations/Bank/Balor/Relationship Lines/Marriage/marriage_market_mornings/market_taliferro/1	Maybe I'll skip his booth this time. I'm not in a particularly competitive mood.			Maybe I'll skip his booth this time. I'm not in a particularly competitive mood.
Conversations/Bank/Balor/Relationship Lines/Marriage/marriage_market_mornings/market_taliferro/init	Ah, Taliferro will be at the Market today...			Ah, Taliferro will be at the Market today...
Conversations/Bank/Balor/Relationship Lines/Marriage/marriage_market_mornings/market_vera/1	Good thing it's Saturday. I'll pay Vera's booth a visit.			Good thing it's Saturday. I'll pay Vera's booth a visit.
Conversations/Bank/Balor/Relationship Lines/Marriage/marriage_market_mornings/market_vera/init	What do you think, [Ari]? Time to get my hair trimmed?			What do you think, [Ari]? Time to get my hair trimmed?
Conversations/Bank/Balor/Relationship Lines/Marriage/marriage_market_mornings/market_wheedle/1	So I'll avoid it, naturally.			So I'll avoid it, naturally.
Conversations/Bank/Balor/Relationship Lines/Marriage/marriage_market_mornings/market_wheedle/init	Saturday Market's today... Wheedle said I should drop by his booth.			Saturday Market's today... Wheedle said I should drop by his booth.
Conversations/Bank/Balor/Relationship Lines/Marriage/marriage_market_mornings/market_zorel/1	I can't invite you to dance in the kitchen if I don't refresh the song once in a while.			I can't invite you to dance in the kitchen if I don't refresh the song once in a while.
Conversations/Bank/Balor/Relationship Lines/Marriage/marriage_market_mornings/market_zorel/init	Morning, [Ari]. I was thinking of stopping by Zorel's booth today.			Morning, [Ari]. I was thinking of stopping by Zorel's booth today.
Conversations/Bank/Balor/Relationship Lines/Marriage/post_wedding_lines/marriage_0/1	Yesterday exceeded even my wildest imagination!	La journée d'hier a surpassé mes rêves les plus fous !	Вчерашний день превзошёл все мои ожидания!	Yesterday exceeded even my wildest imagination!
Conversations/Bank/Balor/Relationship Lines/Marriage/post_wedding_lines/marriage_0/2	Somehow I never expected the whole town to turn out for us.	Je crois que je n'avais jamais imaginé que toute la ville serait là pour nous deux.	Я почему-то не ожидал, что к нам на свадьбу придёт весь город.	Somehow I never expected the whole town to turn out for us.
Conversations/Bank/Balor/Relationship Lines/Marriage/post_wedding_lines/marriage_0/3	In some ways it feels like my life, my real life, is just getting started.	Par certains aspects, j'ai le sentiment que ma vie, ma véritable vie, vient seulement de commencer.	В некотором смысле моя настоящая жизнь только начинается.	In some ways it feels like my life, my real life, is just getting started.
Conversations/Bank/Balor/Relationship Lines/Marriage/post_wedding_lines/marriage_0/4	I love you, [Ari].	Je t'aime, [Ari].	Я люблю тебя, [Ari].	I love you, [Ari].
Conversations/Bank/Balor/Relationship Lines/Marriage/post_wedding_lines/marriage_0/init	Good morning, [Ari].	Bonjour, [Ari].	Доброе утро, [Ari].	Good morning, [Ari].
Conversations/Bank/Balor/Relationship Lines/Marriage/post_wedding_lines/marriage_1/1	Doing my daily pick ups for your shipping bin, I got to see [farm_name] grow, bit by bit.	Quand je passe chaque jour récupérer le contenu de ta boîte d'expédition, je vois [farm_name] grandir, petit à petit.	Я каждый день забирал поставки из твоего отгрузочного ящика и наблюдал, как «[farm_name]» постепенно растёт.	Doing my daily pick ups for your shipping bin, I got to see [farm_name] grow, bit by bit.
Conversations/Bank/Balor/Relationship Lines/Marriage/post_wedding_lines/marriage_1/2	I'm very much looking forward to seeing where it grows from here!	J'ai vraiment hâte d'être aux premières loges pour assister à sa croissance !	И не терпится увидеть, как будет расти дальше!	I'm very much looking forward to seeing where it grows from here!
Conversations/Bank/Balor/Relationship Lines/Marriage/post_wedding_lines/marriage_1/init	It's funny...	C'est amusant...	Забавно...	It's funny...
Conversations/Bank/Balor/Relationship Lines/Marriage/post_wedding_lines/marriage_2/1	......	......	......	......
Conversations/Bank/Balor/Relationship Lines/Marriage/post_wedding_lines/marriage_2/1/prompts/0	What's up?	Que se passe-t-il ?	Что такое?	What's up?
Conversations/Bank/Balor/Relationship Lines/Marriage/post_wedding_lines/marriage_2/1/prompts/1	Is something the matter?	Il y a un problème ?	Что-то случилось?	Is something the matter?
Conversations/Bank/Balor/Relationship Lines/Marriage/post_wedding_lines/marriage_2/2	Ah. Sorry, I made a bit of a business blunder.	Ah. Pardon, j'ai fait une erreur d'appréciation pour mes affaires.	А. Прости, у меня тут вышла деловая ошибка.	Ah. Sorry, I made a bit of a business blunder.
Conversations/Bank/Balor/Relationship Lines/Marriage/post_wedding_lines/marriage_2/3	I enjoy =Deluxe Curry= so much that I thought it'd be a sure fire seller, so I had Reina whip up a cauldron full, but it seems I've miscalculated.	J'aime tellement le =curry royal= que j'ai cru qu'il se vendrait très bien, alors j'ai demandé à Reina de m'en préparer un plein chaudron. Mauvais calcul.	Я обожаю =карри-делюкс= и решил, что это будет хит продаж. Так что я попросил Рейну наварить целый котёл. Кажется, я просчитался.	I enjoy =Deluxe Curry= so much that I thought it'd be a sure fire seller, so I had Reina whip up a cauldron full, but it seems I've miscalculated.
Conversations/Bank/Balor/Relationship Lines/Marriage/post_wedding_lines/marriage_2/4	It turns out my preferred level of spice isn't to everyone's palate.	Il s'avère que tout le monde n'a pas la même tolérance aux épices que moi.	Оказывается, не всем по вкусу моя привычная острота.	It turns out my preferred level of spice isn't to everyone's palate.
Conversations/Bank/Balor/Relationship Lines/Marriage/post_wedding_lines/marriage_2/5	At least we can both enjoy my miscalculation, eh?	Au moins, nous pouvons profiter de cette erreur d'appréciation, hein ?	Зато мы с тобой можем вкусить плоды моего просчёта!	At least we can both enjoy my miscalculation, eh?
Conversations/Bank/Balor/Relationship Lines/Marriage/post_wedding_lines/marriage_2/init	...	...	...	...
Conversations/Bank/Balor/Relationship Lines/Marriage/post_wedding_lines/marriage_3/1	It can be exhausting. I'm so glad I can just be myself when I'm with you.	C'est parfois épuisant. Je suis tellement content de pouvoir être moi-même quand je suis avec toi.	Иногда это выматывает. Я рад, что с тобой могу быть самим собой.	It can be exhausting. I'm so glad I can just be myself when I'm with you.
Conversations/Bank/Balor/Relationship Lines/Marriage/post_wedding_lines/marriage_3/1/prompts/0	I'd say that's your best side.	C'est justement celui-là, ton bon côté.	По-моему, это и есть твоя хорошая сторона.	I'd say that's your best side.
Conversations/Bank/Balor/Relationship Lines/Marriage/post_wedding_lines/marriage_3/1/prompts/1	Be yourself, you don't need people like that as a customer.	Sois toi-même, tu n'as pas besoin de clients comme ceux-là.	Лучше будь собой. Зачем тебе клиенты, которые тебя раздражают?	Be yourself, you don't need people like that as a customer.
Conversations/Bank/Balor/Relationship Lines/Marriage/post_wedding_lines/marriage_3/2	You charmer!	Quel numéro de charme !	Какие сладкие слова!	You charmer!
Conversations/Bank/Balor/Relationship Lines/Marriage/post_wedding_lines/marriage_3/3	I'm lucky you didn't become a merchant, I'd have been run out of business!	Heureusement pour moi que tu n'es pas dans le commerce, tu me prendrais toute ma clientèle !	Мне повезло, что ты не занимаешься торговлей: я бы не выдержал конкуренции!	I'm lucky you didn't become a merchant, I'd have been run out of business!
Conversations/Bank/Balor/Relationship Lines/Marriage/post_wedding_lines/marriage_3/4	I'm happy to hear you say that.	Je suis heureux de te l'entendre dire.	Спасибо, мне приятно это слышать.	I'm happy to hear you say that.
Conversations/Bank/Balor/Relationship Lines/Marriage/post_wedding_lines/marriage_3/5	Still, it's probably best if I look at it as just another challenge.	Malgré tout, c'est sans doute mieux si je vois ça comme un défi à relever.	И всё же пускай это будет для меня небольшим испытанием.	Still, it's probably best if I look at it as just another challenge.
Conversations/Bank/Balor/Relationship Lines/Marriage/post_wedding_lines/marriage_3/init	It's vital for a merchant to only share his best side with potential customers, no matter how much they bother me.	Il est crucial, pour un marchand, de ne montrer que ses bons côtés à ses clients potentiels, même s'ils m'agacent.	Для торговца жизненно важно показывать потенциальным клиентам только хорошую сторону. Даже если человек меня раздражает.	It's vital for a merchant to only share his best side with potential customers, no matter how much they bother me.
Conversations/Bank/Balor/Relationship Lines/Marriage/post_wedding_lines/marriage_4/1	To be frank, I still don't know how they ended up together.	Pour être honnête, je ne sais même pas comment ils ont fini ensemble.	Честно говоря, до сих пор не понимаю, как они сошлись вместе.	To be frank, I still don't know how they ended up together.
Conversations/Bank/Balor/Relationship Lines/Marriage/post_wedding_lines/marriage_4/2	It makes me grateful every day that I married someone as wonderful as you.	J'en suis d'autant plus reconnaissant d'avoir épousé quelqu'un d'aussi merveilleux que toi.	Поэтому я каждый день радуюсь, что у меня есть такой чудесный человек, как ты.	It makes me grateful every day that I married someone as wonderful as you.
Conversations/Bank/Balor/Relationship Lines/Marriage/post_wedding_lines/marriage_4/3	But at the same time... let me know if I'm living up to my end of the bargain, won't you? It worries me sometimes.	Et dans le même temps... dis-moi si de mon côté, je suis à la hauteur, d'accord ? Parfois, cela me tracasse.	И в то же время... Скажи, у меня получается быть хорошим супругом? Иногда я переживаю на это счёт.	But at the same time... let me know if I'm living up to my end of the bargain, won't you? It worries me sometimes.
Conversations/Bank/Balor/Relationship Lines/Marriage/post_wedding_lines/marriage_4/3/prompts/0	You're doing great.	Tu t'en sors très bien.	У тебя отлично получается.	You're doing great.
Conversations/Bank/Balor/Relationship Lines/Marriage/post_wedding_lines/marriage_4/3/prompts/1	You're doing your best, and that's all I ask.	Tu fais de ton mieux, et c'est là tout ce que je demande.	Ты стараешься как можешь, а большего мне и не надо.	You're doing your best, and that's all I ask.
Conversations/Bank/Balor/Relationship Lines/Marriage/post_wedding_lines/marriage_4/3/prompts/2	More kisses, please.	Embrasse-moi encore, s'il te plaît.	Требую больше поцелуев.	More kisses, please.
Conversations/Bank/Balor/Relationship Lines/Marriage/post_wedding_lines/marriage_4/4	It means a lot that you think so. I'm certainly trying!	Cela signifie beaucoup pour moi que tu le penses. Je fais tout ce que je peux !	Мне правда важно, что ты так считаешь. Я стараюсь как могу!	It means a lot that you think so. I'm certainly trying!
Conversations/Bank/Balor/Relationship Lines/Marriage/post_wedding_lines/marriage_4/5	I'm glad you've noticed, but still don't hesitate to let me know how I can do better!	Je suis content que tu l'aies remarqué, mais n'hésite surtout pas à me dire comment je pourrais m'améliorer !	Рад, что ты замечаешь мои старания, но всё-таки сообщи, если я могу сделать что-то ещё!	I'm glad you've noticed, but still don't hesitate to let me know how I can do better!
Conversations/Bank/Balor/Relationship Lines/Marriage/post_wedding_lines/marriage_4/6	Ah! At once, my love.	Ah ! Tout de suite, mon amour.	А! Сейчас, <p>любимые</p><f>любимая</f><m>любимый</m><n>любимое</n>.	Ah! At once, my love.
Conversations/Bank/Balor/Relationship Lines/Marriage/post_wedding_lines/marriage_4/init	I don't really like to talk about it, but my parents weren't exactly... the best role models.	Je n'aime pas tellement en parler, mais mes parents n'ont pas vraiment été... des modèles à suivre.	Не очень хочется поднимать эту тему, но... Мои родители — так себе образец для подражания.	I don't really like to talk about it, but my parents weren't exactly... the best role models.
Conversations/Bank/Balor/Relationship Lines/Marriage/post_wedding_lines/marriage_5/1	I sure am!	Et je le suis !	Ещё бы!	I sure am!
Conversations/Bank/Balor/Relationship Lines/Marriage/post_wedding_lines/marriage_5/2	You're going to love this.	Tu vas adorer ça.	О, тебе понравится.	You're going to love this.
Conversations/Bank/Balor/Relationship Lines/Marriage/post_wedding_lines/marriage_5/3	A major bridge building project in the Capital that's been mired for years in red tape was suddenly approved.	Un important projet de construction de pont dans la capitale qui était au point mort depuis des années a subitement été approuvé.	Крупный проект одного столичного моста годами лежал на согласовании в администрации и вдруг получил зелёный свет.	A major bridge building project in the Capital that's been mired for years in red tape was suddenly approved.
Conversations/Bank/Balor/Relationship Lines/Marriage/post_wedding_lines/marriage_5/4	Prices for stone briefly skyrocketed. And guess who had more stone than he knew what to do with?	Le prix d'achat de la pierre a brièvement atteint des sommets. Et devine qui avait en stock des pierres à ne plus savoir qu'en faire.	Цены на камень резко скакнули вверх. А знаешь, у кого тут камней хоть завались?	Prices for stone briefly skyrocketed. And guess who had more stone than he knew what to do with?
Conversations/Bank/Balor/Relationship Lines/Marriage/post_wedding_lines/marriage_5/5	Here you are [Ari], I want you to share in my good fortune.	Tiens, [Ari]. Je veux partager ma chance avec toi.	Держи, [Ari]. Хочу поделиться с тобой новообретёнными богатствами.	Here you are [Ari], I want you to share in my good fortune.
Conversations/Bank/Balor/Relationship Lines/Marriage/post_wedding_lines/marriage_5/init	What a deal! What a score!	Quelle super affaire ! Quel résultat !	Вот это удача! Вот это успех!	What a deal! What a score!
Conversations/Bank/Balor/Relationship Lines/Marriage/post_wedding_lines/marriage_5/init/prompts/0	You seem happy.	Tu as l'air heureux.	Выглядишь довольным.	You seem happy.
Conversations/Bank/Balor/Relationship Lines/Marriage/post_wedding_lines/marriage_5/init/prompts/1	What happened?	Que s'est-il passé ?	Что случилось?	What happened?
Conversations/Bank/Balor/Relationship Lines/Marriage/post_wedding_lines/marriage_6/1	They seem to think I'm sort of a... gallivanting rogue!	J'ai l'impression qu'ils me prennent pour une espèce de... séducteur de grand chemin !	Они, видимо, думали, что я какой-то... бродячий ловелас!	They seem to think I'm sort of a... gallivanting rogue!
Conversations/Bank/Balor/Relationship Lines/Marriage/post_wedding_lines/marriage_6/1/prompts/0	They sound jealous.	Ils sont surtout jaloux, j'ai l'impression.	По-моему, это зависть.	They sound jealous.
Conversations/Bank/Balor/Relationship Lines/Marriage/post_wedding_lines/marriage_6/1/prompts/1	Roguishly handsome, maybe.	Un séduisant séducteur, alors.	Украл моё сердечко.	Roguishly handsome, maybe.
Conversations/Bank/Balor/Relationship Lines/Marriage/post_wedding_lines/marriage_6/2	That's it! They're just jealous!	C'est exactement ça ! Ils m'envient, c'est tout !	Точно! Они просто завидуют!	That's it! They're just jealous!
Conversations/Bank/Balor/Relationship Lines/Marriage/post_wedding_lines/marriage_6/3	Well, you can be sure that I'm going to rub it in their faces about how cute and lovey-dovey we are!	Crois-moi, je vais bien insister sur le fait qu'on roucoule comme des tourtereaux, toi et moi, ça leur fera les pieds !	Тогда я им нарочно буду хвастаться, какая у нас сладкая любовь-морковь!	Well, you can be sure that I'm going to rub it in their faces about how cute and lovey-dovey we are!
Conversations/Bank/Balor/Relationship Lines/Marriage/post_wedding_lines/marriage_6/4	Haha! I'm glad that the person I care most about can appreciate my charm.	Ha ha ! Je suis content que la personne que j'aime le plus au monde apprécie mon charme.	Ха-ха! Я рад, что мой шарм <p>оценили те</p><f>оценила та</f><m>оценил тот</m><n>оценило то</n>, кто мне дороже всего.	Haha! I'm glad that the person I care most about can appreciate my charm.
Conversations/Bank/Balor/Relationship Lines/Marriage/post_wedding_lines/marriage_6/init	Some business associates were shocked when I told them I got married.	Certains de mes partenaires commerciaux ont été très surpris quand je leur ai annoncé que je m'étais marié.	Некоторые партнёры по бизнесу страшно удивились, когда узнали, что я женился.	Some business associates were shocked when I told them I got married.
Conversations/Bank/Balor/Relationship Lines/Marriage/post_wedding_lines/marriage_7/1	Well, I just want you to know that I'd rather be spending my time with you.	Eh bien, je tiens juste à ce que tu saches que mon temps, c'est avec toi que je préfère le passer.	Но я хочу, чтобы ты <p>знали</p><f>знала</f><m>знал</m><n>знало</n>: мне гораздо приятнее проводить время с тобой.	Well, I just want you to know that I'd rather be spending my time with you.
Conversations/Bank/Balor/Relationship Lines/Marriage/post_wedding_lines/marriage_7/2	I love you, [Ari].	Je t'aime, [Ari].	Я люблю тебя, 	I love you, [Ari].
Conversations/Bank/Balor/Relationship Lines/Marriage/post_wedding_lines/marriage_7/init	They say time is money but...	On dit que le temps, c'est de l'argent, mais...	Говорят, что время — деньги...	They say time is money but...
Conversations/Bank/Balor/Relationship Lines/Marriage/post_wedding_lines/marriage_8/1	[Ari]! You startled me.	[Ari] ! Tu m'as fait sursauter.	[Ari]! Ты меня <p>напугали</p><f>напугала</f><m>напугал</m><n>напугало</n>.	[Ari]! You startled me.
Conversations/Bank/Balor/Relationship Lines/Marriage/post_wedding_lines/marriage_8/1/prompts/0	What's got you distracted?	À quoi rêvais-tu ?	Чем занята твоя голова?	What's got you distracted?
Conversations/Bank/Balor/Relationship Lines/Marriage/post_wedding_lines/marriage_8/1/prompts/1	What were you thinking about?	À quoi pensais-tu ?	О чём ты раздумывал?	What were you thinking about?
Conversations/Bank/Balor/Relationship Lines/Marriage/post_wedding_lines/marriage_8/2	Oh, just thinking about last night.	Oh, je repensais simplement à hier soir.	А, я думал про вчерашнюю ночь.	Oh, just thinking about last night.
Conversations/Bank/Balor/Relationship Lines/Marriage/post_wedding_lines/marriage_8/3	You always have that effect on me.	Tu réussis toujours à... m'impressionner.	Ты, как всегда, <p>оставили</p><f>оставила</f><m>оставил</m><n>оставило</n> меня... под впечатлением.	You always have that effect on me.
Conversations/Bank/Balor/Relationship Lines/Marriage/post_wedding_lines/marriage_8/init	......	......	......	......
Conversations/Bank/Balor/Relationship Lines/Marriage/post_wedding_lines/marriage_9/1	It feels like just yesterday I was guiding you to your new farm.	J'ai l'impression que c'était hier que je te guidais jusqu'à ta nouvelle ferme.	Кажется, ещё вчера я провожал тебя на твою новую ферму.	It feels like just yesterday I was guiding you to your new farm.
Conversations/Bank/Balor/Relationship Lines/Marriage/post_wedding_lines/marriage_9/2	Who would have guessed that taking a rest by the bridge would turn out to be one of the best decisions of my life.	Qui aurait pu deviner que faire une pause à côté du pont se révélerait être une des meilleures décisions de ma vie.	Кто бы мог подумать, что отдохнуть тогда у моста было лучшим решением в моей жизни.	Who would have guessed that taking a rest by the bridge would turn out to be one of the best decisions of my life.
Conversations/Bank/Balor/Relationship Lines/Marriage/post_wedding_lines/marriage_9/3	I'm looking forward to what's next for us!	J'ai hâte de savoir ce que l'avenir nous réserve !	Я вижу у нас с тобой светлое будущее!	I'm looking forward to what's next for us!
Conversations/Bank/Balor/Relationship Lines/Marriage/post_wedding_lines/marriage_9/init	Time always seems to be racing by, doesn't it?	On dirait toujours que le temps file à toute vitesse, tu ne trouves pas ?	Время так быстро бежит, правда?	Time always seems to be racing by, doesn't it?
Conversations/Bank/Balor/Relationship Lines/Relationship/post_8h_lines_best_friend/balor_post_8h_best_friend_0/1	It's starting to look more like a bedroom and less like a warehouse.	Elle commence à ressembler davantage à une chambre à coucher et un peu moins à un entrepôt.	Теперь она чуть больше похожа на спальню, а не на склад.	It's starting to look more like a bedroom and less like a warehouse.
Conversations/Bank/Balor/Relationship Lines/Relationship/post_8h_lines_best_friend/balor_post_8h_best_friend_0/2	Though it's still a work in progress.	Même s'il y a encore du travail.	Но работа ещё в процессе.	Though it's still a work in progress.
Conversations/Bank/Balor/Relationship Lines/Relationship/post_8h_lines_best_friend/balor_post_8h_best_friend_0/init	I've been doing some reorganizing to my room at the Inn lately.	J'ai un peu réorganisé ma chambre à l'auberge, récemment.	Я недавно затеял перестановку в своей комнате в трактире.	I've been doing some reorganizing to my room at the Inn lately.
Conversations/Bank/Balor/Relationship Lines/Relationship/post_8h_lines_best_friend/balor_post_8h_best_friend_1/1	It's not much, but here... the fruits of my labor.	Ce n'est pas grand-chose, mais tiens... Voici le fruit de mon travail.	Здесь немного, но... Вот плоды моего труда.	It's not much, but here... the fruits of my labor.
Conversations/Bank/Balor/Relationship Lines/Relationship/post_8h_lines_best_friend/balor_post_8h_best_friend_1/init	Jo let me have a go at the kitchen again! Figured I could do better than a campfire-burnt potato.	Jo me laisse à nouveau sa cuisine ! Je dois pouvoir faire mieux que des patates au feu de camp.	Джо снова дала мне воспользоваться кухней! Я подумал, сделаю что-то получше, чем пережжённый картофель из костра.	Jo let me have a go at the kitchen again! Figured I could do better than a campfire-burnt potato.
Conversations/Bank/Balor/Relationship Lines/Relationship/post_8h_lines_best_friend/balor_post_8h_best_friend_2/1	Never thought I'd have a true place to rest my head.	Je n'aurais jamais imaginé avoir un véritable lieu où poser mes bagages.	Никогда бы не подумал, что мне правдо захочется где-то остановиться.	Never thought I'd have a true place to rest my head.
Conversations/Bank/Balor/Relationship Lines/Relationship/post_8h_lines_best_friend/balor_post_8h_best_friend_2/2	It's nice to have a place to call home, isn't it?	C'est agréable d'avoir un chez-soi, n'est-ce pas ?	Приятно иметь место, которое можно называть домом!	It's nice to have a place to call home, isn't it?
Conversations/Bank/Balor/Relationship Lines/Relationship/post_8h_lines_best_friend/balor_post_8h_best_friend_2/init	I used to think I'd be on the road till the day I died...	Autrefois, je pensais passer ma vie sur les routes jusqu'à mon dernier jour...	Раньше я думал, что я буду в дороге до конца своих дней...	I used to think I'd be on the road till the day I died...
Conversations/Bank/Balor/Relationship Lines/Relationship/post_8h_lines_best_friend/balor_post_8h_best_friend_3/1	But be sure to tell me all about it later. Preferably over a drink!	Reviens m'en parler ensuite. De préférence autour d'un verre !	Но потом обязательно мне расскажи. Желательно за столом с выпивкой!	But be sure to tell me all about it later. Preferably over a drink!
Conversations/Bank/Balor/Relationship Lines/Relationship/post_8h_lines_best_friend/balor_post_8h_best_friend_3/init	Out conquering the world today? Don't let me get in your way!	Encore en train de conquérir le monde ? Je m'écarte pour ne pas te ralentir !	Идёшь покорять мир? Ладно, не буду стоять на твоём пути!	Out conquering the world today? Don't let me get in your way!
Conversations/Bank/Balor/Relationship Lines/Relationship/post_8h_lines_best_friend/balor_post_8h_best_friend_4/1	That's new.	C'est une nouveauté.	Это что-то новое.	That's new.
Conversations/Bank/Balor/Relationship Lines/Relationship/post_8h_lines_best_friend/balor_post_8h_best_friend_4/init	I learned from an early age how to thrive in chaos... but thriving in stability?	Dès mon plus jeune âge, j'ai appris à m'épanouir dans le chaos... Mais m'épanouir dans la stabilité ?	Я с детства научился преуспевать среди хаоса... но в стабильности?	I learned from an early age how to thrive in chaos... but thriving in stability?
Conversations/Bank/Balor/Relationship Lines/Relationship/post_8h_lines_best_friend/balor_post_8h_best_friend_5/1	Too bad you're one of a kind.	Dommage qu'il n'existe qu'une seule personne comme toi.	Жаль, что ты <p>такие одни</p><f>такая одна</f><m>такой один</m><n>такое одно</n>.	Too bad you're one of a kind.
Conversations/Bank/Balor/Relationship Lines/Relationship/post_8h_lines_best_friend/balor_post_8h_best_friend_5/init	If I could bottle your tenacity, I could make us both very rich.	Si j'arrivais à mettre ta ténacité en bouteille, on pourrait se faire un paquet d'argent.	Если бы я мог продавать твою стойкость в бутылочках, мы бы оба озолотились.	If I could bottle your tenacity, I could make us both very rich.
Conversations/Bank/Balor/Relationship Lines/Relationship/post_8h_lines_best_friend/balor_post_8h_best_friend_6/1	Let me buy you a round and you can catch me up on your day.	Laisse-moi t'offrir un verre pendant que tu me racontes ta journée.	Давай-ка я угощу тебя выпивкой, а ты мне расскажешь, как прошёл день.	Let me buy you a round and you can catch me up on your day.
Conversations/Bank/Balor/Relationship Lines/Relationship/post_8h_lines_best_friend/balor_post_8h_best_friend_6/init	There you are, [Ari]! Pull up a seat!	Te voilà, [Ari] ! Prends un siège.	Вот ты где, [Ari]! Подсаживайся!	There you are, [Ari]! Pull up a seat!
Conversations/Bank/Balor/Relationship Lines/Relationship/post_8h_lines_best_friend/balor_post_8h_best_friend_7/1	I hope you're staying out of trouble...	J'espère que tu te tiens loin des ennuis.	Надеюсь, ты не ввязываешься в неприятности...	I hope you're staying out of trouble...
Conversations/Bank/Balor/Relationship Lines/Relationship/post_8h_lines_best_friend/balor_post_8h_best_friend_7/2	Unless it's the fun kind of trouble. Then I hope I'm invited!	Sauf s'il s'agit d'ennuis divertissants. Dans ce cas, j'espère bien être invité !	Если только это не интересные неприятности. Тогда, надеюсь, ты меня пригласишь!	Unless it's the fun kind of trouble. Then I hope I'm invited!
Conversations/Bank/Balor/Relationship Lines/Relationship/post_8h_lines_best_friend/balor_post_8h_best_friend_7/init	[Ari]! My day always gets better when I see you coming up the road.	[Ari] ! Ma journée prend une meilleure tournure dès que je te vois arriver au loin.	[Ari]! Вижу, как ты идёшь по дороге, и день сразу становится лучше.	[Ari]! My day always gets better when I see you coming up the road.
Conversations/Bank/Balor/Relationship Lines/Relationship/post_8h_lines_best_friend/balor_post_8h_best_friend_8/1	Didn't know how much fun an eccentric uncle could be until I accidentally became one!	Je n'imaginais pas ce qu'il y avait d'amusant au statut d'oncle excentrique, jusqu'à ce que j'en devienne un moi-même, par hasard !	Не думал, что эксцентричный дядюшка — это так весело, пока сам случайно не попал на эту роль!	Didn't know how much fun an eccentric uncle could be until I accidentally became one!
Conversations/Bank/Balor/Relationship Lines/Relationship/post_8h_lines_best_friend/balor_post_8h_best_friend_8/init	Between you and me, I'm touched that Jo and Hemlock's family have always treated me more like a relative than a guest.	Entre nous, cela me touche que la famille de Jo et Hemlock me traite toujours comme un proche, plutôt que comme un invité.	Между нами говоря, меня так растрогало, что Джо с Хемлоком принимают меня, почти как родственника в своей семье, а не как гостя.	Between you and me, I'm touched that Jo and Hemlock's family have always treated me more like a relative than a guest.
Conversations/Bank/Balor/Relationship Lines/Relationship/post_8h_lines_best_friend/balor_post_8h_best_friend_question_0/1	All for the benefit of someone else's purse. It's how I survived.	Tout cela pour enrichir d'autres que moi. Ça a été un moyen de survivre.	И всё, чтобы набить чей-то чужой кошелёк. Это был мой хлеб.	All for the benefit of someone else's purse. It's how I survived.
Conversations/Bank/Balor/Relationship Lines/Relationship/post_8h_lines_best_friend/balor_post_8h_best_friend_question_0/2	Maybe you can relate, coming from the Adventurer's Guild?	Peut-être que cela te parle, toi qui viens de la guilde des aventuriers ?	Наверное, ты, с твоим прошлым в гильдии приключенцев, можешь меня понять?	Maybe you can relate, coming from the Adventurer's Guild?
Conversations/Bank/Balor/Relationship Lines/Relationship/post_8h_lines_best_friend/balor_post_8h_best_friend_question_0/2/prompts/0	Yeah, I did an unsavory job or two.	Oui, j'ai fait un ou deux sales boulots.	Да, у меня тоже бывала нечистая работа.	Yeah, I did an unsavory job or two.
Conversations/Bank/Balor/Relationship Lines/Relationship/post_8h_lines_best_friend/balor_post_8h_best_friend_question_0/2/prompts/1	No, I was lucky. I managed to avoid any shady business.	Non, j'ai eu de la chance. J'ai réussi à éviter les affaires louches.	Да нет, мне посчастливилось не ввязаться в тёмные делишки.	No, I was lucky. I managed to avoid any shady business.
Conversations/Bank/Balor/Relationship Lines/Relationship/post_8h_lines_best_friend/balor_post_8h_best_friend_question_0/3	You don't always get a say in who you're working for when it comes to that line of work, eh?	On n'a pas toujours la possibilité de choisir ses clients, dans ce type de travail, hein ?	С такой профессией не всегда выходит выбирать, на кого работаешь, да?	You don't always get a say in who you're working for when it comes to that line of work, eh?
Conversations/Bank/Balor/Relationship Lines/Relationship/post_8h_lines_best_friend/balor_post_8h_best_friend_question_0/4	Glad there's a place where folks like us can get a second chance.	Heureusement qu'il existe un endroit où les gens comme nous peuvent avoir une seconde chance.	Хорошо, что есть место, где таким, как мы, дают второй шанс.	Glad there's a place where folks like us can get a second chance.
Conversations/Bank/Balor/Relationship Lines/Relationship/post_8h_lines_best_friend/balor_post_8h_best_friend_question_0/5	That's admirable! I'm glad you never had to get your hands dirty.	C'est remarquable ! Je suis content que tu n'aies jamais eu à te salir les mains.	Это похвально! Я рад, что тебе не пришлось марать руки.	That's admirable! I'm glad you never had to get your hands dirty.
Conversations/Bank/Balor/Relationship Lines/Relationship/post_8h_lines_best_friend/balor_post_8h_best_friend_question_0/6	I won't say it's been easy moving all my business aboveboard, but it's been worth it.	Certes, ça n'a pas été simple de rendre toutes mes activités licites, mais ça en valait la peine.	Выводить бизнес из серой зоны было далеко не просто, я скажу. Но это того стоило.	I won't say it's been easy moving all my business aboveboard, but it's been worth it.
Conversations/Bank/Balor/Relationship Lines/Relationship/post_8h_lines_best_friend/balor_post_8h_best_friend_question_0/7	I feel... lighter.	Je me sens... plus léger.	Я чувствую... облегчение.	I feel... lighter.
Conversations/Bank/Balor/Relationship Lines/Relationship/post_8h_lines_best_friend/balor_post_8h_best_friend_question_0/init	In my old life, I did a few things I'm not proud of. A bit of theft here, a bit of espionage there...	Dans mon ancienne vie, j'ai fait une ou deux choses dont je ne suis pas fier. Un peu de vol par-ci, un peu d'espionnage par-là...	В прошлой жизни я делал многие вещи, которыми не похвастаешь. Где-то кража, где-то шпионаж...	In my old life, I did a few things I'm not proud of. A bit of theft here, a bit of espionage there...
Conversations/Bank/Balor/Relationship Lines/Relationship/post_8h_lines_best_friend/balor_post_8h_best_friend_question_1/1	You've brought that patch of land a long way. Is it easier these days?	Tu partais de loin avec ce lopin de terre. C'est plus facile aujourd'hui ?	Ты так <p>облагородили</p><m>облагородил</m><f>облагородила</f><n>облагородило</n> этот участок. Сейчас стало проще?	You've brought that patch of land a long way. Is it easier these days?
Conversations/Bank/Balor/Relationship Lines/Relationship/post_8h_lines_best_friend/balor_post_8h_best_friend_question_1/1/prompts/0	Much easier.	Beaucoup plus facile.	Намного проще.	Much easier.
Conversations/Bank/Balor/Relationship Lines/Relationship/post_8h_lines_best_friend/balor_post_8h_best_friend_question_1/1/prompts/1	Farming's hard work.	L'agriculture est un travail difficile.	Работать в поле всегда тяжело.	Farming's hard work.
Conversations/Bank/Balor/Relationship Lines/Relationship/post_8h_lines_best_friend/balor_post_8h_best_friend_question_1/2	Maybe it's just my mercantile eye, but I've gotten the feeling that your farm's become more efficient over time.	Peut-être que c'est juste mon regard de commerçant, mais j'ai l'impression que ta ferme a gagné en efficacité.	Может, у меня меркантильный взгляд, но мне кажется, что твоя ферма со временем становится более эффективной.	Maybe it's just my mercantile eye, but I've gotten the feeling that your farm's become more efficient over time.
Conversations/Bank/Balor/Relationship Lines/Relationship/post_8h_lines_best_friend/balor_post_8h_best_friend_question_1/3	I'd wager you'd do well at just about anything you set your mind to.	Je parie que dès que tu décides de te lancer dans quelque chose, ça te réussit.	Готов поспорить, что ты вытянешь любое дело, если захочешь как следует.	I'd wager you'd do well at just about anything you set your mind to.
Conversations/Bank/Balor/Relationship Lines/Relationship/post_8h_lines_best_friend/balor_post_8h_best_friend_question_1/4	Ah, but you're no stranger to that, are you?	Ah, mais tu n'y es pas pour rien, n'est-ce pas ?	Но тебе это не чуждо, так ведь?	Ah, but you're no stranger to that, are you?
Conversations/Bank/Balor/Relationship Lines/Relationship/post_8h_lines_best_friend/balor_post_8h_best_friend_question_1/5	It's one of the many things I admire about you.	C'est l'une des nombreuses choses que j'admire chez toi.	Это одно из твоих качеств, которыми я восхищаюсь.	It's one of the many things I admire about you.
Conversations/Bank/Balor/Relationship Lines/Relationship/post_8h_lines_best_friend/balor_post_8h_best_friend_question_1/init	I cleared out your shipping bin the other night, and I had to stop and admire your farm.	J'ai vidé ce qu'il y avait dans ta boîte d'expédition l'autre soir, et j'ai dû m'arrêter pour admirer ta ferme.	Я вчера заходил к тебе забрать товары из отгрузочного ящика и не мог не полюбоваться на твою ферму.	I cleared out your shipping bin the other night, and I had to stop and admire your farm.
Conversations/Bank/Balor/Relationship Lines/Relationship/post_8h_lines_best_friend/balor_post_8h_best_friend_question_2/1	Did you spend a lot of time in the Capital before you came to Mistria?	As-tu passé beaucoup de temps dans la capitale avant de venir à Mistria ?	Ты много времени <p>проводили</p><f>проводила</f><m>проводил</m><n>проводило</n> в столице, пока не <p>приехали</p><f>приехала</f><m>приехал</m><n>приехало</n> в Мистрию?	Did you spend a lot of time in the Capital before you came to Mistria?
Conversations/Bank/Balor/Relationship Lines/Relationship/post_8h_lines_best_friend/balor_post_8h_best_friend_question_2/1/prompts/0	I was in the Capital a long time.	J'y ai vécu longtemps.	Я долго <p>пробыли</p><f>пробыла</f><m>пробыл</m><n>пробыло</n> в столице.	I was in the Capital a long time.
Conversations/Bank/Balor/Relationship Lines/Relationship/post_8h_lines_best_friend/balor_post_8h_best_friend_question_2/1/prompts/1	Not really, I was just passing through.	Pas vraiment, je n'ai fait qu'y passer.	Не очень, я там <p>бывали</p><f>бывала</f><m>бывал</m><n>бывало</n> проездом.	Not really, I was just passing through.
Conversations/Bank/Balor/Relationship Lines/Relationship/post_8h_lines_best_friend/balor_post_8h_best_friend_question_2/2	I suppose we were like boats passing in the night, then.	Nous sommes un peu comme ces bateaux qui passent dans la nuit, je crois.	Выходит, мы с тобой разошлись, как в море корабли.	I suppose we were like boats passing in the night, then.
Conversations/Bank/Balor/Relationship Lines/Relationship/post_8h_lines_best_friend/balor_post_8h_best_friend_question_2/3	I'm grateful that we managed to meet in Mistria's safe harbor.	C'est une chance que nous ayons réussi à nous croiser et à nous amarrer à Mistria.	Как же приятно, что судьба свела нас в тихой мистрийской гавани.	I'm grateful that we managed to meet in Mistria's safe harbor.
Conversations/Bank/Balor/Relationship Lines/Relationship/post_8h_lines_best_friend/balor_post_8h_best_friend_question_2/4	Funny to think how a series of chances can add up.	C'est drôle, parfois, les coïncidences.	Забавно, как складывается цепочка случайностей.	Funny to think how a series of chances can add up.
Conversations/Bank/Balor/Relationship Lines/Relationship/post_8h_lines_best_friend/balor_post_8h_best_friend_question_2/5	I'm glad fate brought you here, [Ari].	Je suis content que le destin t'ait <he>amené</he><she>amenée</she><they>amené·e</they> jusqu'ici, [Ari].	Я рад, что судьба привела тебя сюда, [Ari].	I'm glad fate brought you here, [Ari].
Conversations/Bank/Balor/Relationship Lines/Relationship/post_8h_lines_best_friend/balor_post_8h_best_friend_question_2/init	I've always wondered, [Ari]...	Je me suis toujours demandé, [Ari]....	Меня всегда интересовало, [Ari]...	I've always wondered, [Ari]...
Conversations/Bank/Balor/Relationship Lines/Relationship/post_8h_lines_best_friend/balor_post_8h_best_friend_question_3/1	My childhood was a little more... complicated.	Ma propre enfance a été un peu plus... compliquée.	Моё детство было более... сложным.	My childhood was a little more... complicated.
Conversations/Bank/Balor/Relationship Lines/Relationship/post_8h_lines_best_friend/balor_post_8h_best_friend_question_3/2	What about yours, [Ari]?	Et la tienne, [Ari] ?	А какое у тебя было детство, [Ari]?	What about yours, [Ari]?
Conversations/Bank/Balor/Relationship Lines/Relationship/post_8h_lines_best_friend/balor_post_8h_best_friend_question_3/2/prompts/0	My childhood was pretty happy!	J'ai eu une enfance assez heureuse !	У меня было счастливое детство!	My childhood was pretty happy!
Conversations/Bank/Balor/Relationship Lines/Relationship/post_8h_lines_best_friend/balor_post_8h_best_friend_question_3/2/prompts/1	"I'd say ""complicated"" about covers it."	Disons que « compliquée » résume bien les choses.	Я бы <p>сказали</p><f>сказала</f><m>сказал</m><n>сказало</n>, «сложное» — подходящее слово.	"I'd say ""complicated"" about covers it."
Conversations/Bank/Balor/Relationship Lines/Relationship/post_8h_lines_best_friend/balor_post_8h_best_friend_question_3/3	I'm glad to hear that, [Ari] really.	Je suis content de l'entendre, [Ari], sincèrement.	Очень рад слышать, [Ari], правда.	I'm glad to hear that, [Ari] really.
Conversations/Bank/Balor/Relationship Lines/Relationship/post_8h_lines_best_friend/balor_post_8h_best_friend_question_3/4	Maybe that's how you came to be such a kind person.	C'est peut-être pour ça qu'on sent cette gentillesse en toi.	Может, поэтому ты <p>выросли</p><f>выросла</f><m>вырос</m><n>выросло</n> таким добрым человеком.	Maybe that's how you came to be such a kind person.
Conversations/Bank/Balor/Relationship Lines/Relationship/post_8h_lines_best_friend/balor_post_8h_best_friend_question_3/5	Yeah...	Ouais...	Да...	Yeah...
Conversations/Bank/Balor/Relationship Lines/Relationship/post_8h_lines_best_friend/balor_post_8h_best_friend_question_3/6	I get you.	Je vois ce que tu veux dire.	Понимаю.	I get you.
Conversations/Bank/Balor/Relationship Lines/Relationship/post_8h_lines_best_friend/balor_post_8h_best_friend_question_3/init	It's nice to see the kids here living carefree lives.	Quel plaisir de voir que les enfants mènent une vie insouciante ici !	Так приятно видеть, что дети здесь живут без забот.	It's nice to see the kids here living carefree lives.
Conversations/Bank/Balor/Relationship Lines/Relationship/post_8h_lines_romantic/balor_post_8h_romantic_0/1	Someone that you're looking forward to coming back to.	Quelqu'un auprès de qui on a hâte de revenir.	К которому не терпится вернуться.	Someone that you're looking forward to coming back to.
Conversations/Bank/Balor/Relationship Lines/Relationship/post_8h_lines_romantic/balor_post_8h_romantic_0/init	Leaving for a supply run feels different when you've got someone-	C'est différent de partir pour aller chercher du ravitaillement quand on a quelqu'un...	Поездка за продовольствием воспринимается по-другому, когда есть человек...	Leaving for a supply run feels different when you've got someone-
Conversations/Bank/Balor/Relationship Lines/Relationship/post_8h_lines_romantic/balor_post_8h_romantic_1/1	I find myself lost for words when it comes to you.	Quand il s'agit de toi, je perds mes mots.	Когда говорю с тобой, я не могу подобрать слова.	I find myself lost for words when it comes to you.
Conversations/Bank/Balor/Relationship Lines/Relationship/post_8h_lines_romantic/balor_post_8h_romantic_1/2	I want you to know how I really feel, but it's not always easy to say it.	J'aimerais que tu saches ce que je ressens vraiment, mais ce n'est pas toujours facile de le dire.	Я хочу, чтобы ты <p>знали</p><f>знала</f><m>знал</m><n>знало</n> о моих чувствах, но это не всегда просто выразить.	I want you to know how I really feel, but it's not always easy to say it.
Conversations/Bank/Balor/Relationship Lines/Relationship/post_8h_lines_romantic/balor_post_8h_romantic_1/3	All that to say... ah...	Tout ça pour dire... euh...	И это всё к тому, что... эм...	All that to say... ah...
Conversations/Bank/Balor/Relationship Lines/Relationship/post_8h_lines_romantic/balor_post_8h_romantic_1/4	You look... really nice today, [Ari].	Tu es... splendide, aujourd'hui, [Ari].	Ты очень... хорошо сегодня выглядишь, [Ari].	You look... really nice today, [Ari].
Conversations/Bank/Balor/Relationship Lines/Relationship/post_8h_lines_romantic/balor_post_8h_romantic_1/init	For all that my line of work requires a level of skill in the art of flattery...	Bien que dans mon domaine d'activité, il faille être assez compétent dans l'art de la flatterie...	Лесть — необходимое искусство в моей профессии, и всё же...	For all that my line of work requires a level of skill in the art of flattery...
Conversations/Bank/Balor/Relationship Lines/Relationship/post_8h_lines_romantic/balor_post_8h_romantic_10/1	Gently pushing me towards better things.	Qui me pousse doucement vers des choses meilleures.	Нежно подталкиваешь меня на правильный путь.	Gently pushing me towards better things.
Conversations/Bank/Balor/Relationship Lines/Relationship/post_8h_lines_romantic/balor_post_8h_romantic_10/init	You're the wind at my back, [Ari].	Tu es le vent dans mon dos, [Ari].	Ты — ветер в моих парусах, [Ari].	You're the wind at my back, [Ari].
Conversations/Bank/Balor/Relationship Lines/Relationship/post_8h_lines_romantic/balor_post_8h_romantic_11/1	Life is too, I suppose.	Il en va de même pour la vie aussi, je suppose.	И жизнь, кажется, тоже.	Life is too, I suppose.
Conversations/Bank/Balor/Relationship Lines/Relationship/post_8h_lines_romantic/balor_post_8h_romantic_11/init	Business is easier when you have a partner...	Les affaires sont plus faciles quand on a un ou une partenaire...	Дела идут легко, когда у тебя хороший партнёр...	Business is easier when you have a partner...
Conversations/Bank/Balor/Relationship Lines/Relationship/post_8h_lines_romantic/balor_post_8h_romantic_12/1	Never thought I'd stay somewhere long enough to keep one alive.	Je n'aurais jamais cru rester assez longtemps quelque part pour réussir à en garder une en vie.	Никогда не думал, что я где-то задержусь достаточно долго, чтобы зелень не умерла.	Never thought I'd stay somewhere long enough to keep one alive.
Conversations/Bank/Balor/Relationship Lines/Relationship/post_8h_lines_romantic/balor_post_8h_romantic_12/2	It feels good to feel like I'm becoming the kind of person that someone-	C'est agréable, j'ai l'impression de devenir le genre de personne sur qui quelqu'un...	Приятно чувствовать, что я становлюсь человеком, который может кого-то содержать...	It feels good to feel like I'm becoming the kind of person that someone-
Conversations/Bank/Balor/Relationship Lines/Relationship/post_8h_lines_romantic/balor_post_8h_romantic_12/3	Er, that something can depend on.	Euh... quelque chose peut compter.	То есть, эээ, что-то содержать.	Er, that something can depend on.
Conversations/Bank/Balor/Relationship Lines/Relationship/post_8h_lines_romantic/balor_post_8h_romantic_12/init	I recently got my first houseplant.	Depuis peu, j'ai ma première plante d'intérieur.	Недавно я впервые обзавёлся комнатным растением.	I recently got my first houseplant.
Conversations/Bank/Balor/Relationship Lines/Relationship/post_8h_lines_romantic/balor_post_8h_romantic_2/1	But be safe, okay?	Mais fais attention à toi, d'accord ?	И всё же будь <p>осторожны</p><f>осторожна</f><m>осторожен</m><n>осторожно</n>, ладно?	But be safe, okay?
Conversations/Bank/Balor/Relationship Lines/Relationship/post_8h_lines_romantic/balor_post_8h_romantic_2/2	You're more precious than any jewel.	Tu <he>es plus précieux</he><she>es plus précieuse</she><they>as plus de valeur</they> que n'importe quel trésor.	Ты важнее любых драгоценностей.	You're more precious than any jewel.
Conversations/Bank/Balor/Relationship Lines/Relationship/post_8h_lines_romantic/balor_post_8h_romantic_2/init	I know you're the only one who can go down into the Mines and ferry up its treasures...	Je sais qu'il n'y a que toi qui peux descendre dans les mines et rapporter ses trésors...	Я знаю, что, кроме тебя, за сокровищами в шахты спускаться некому...	I know you're the only one who can go down into the Mines and ferry up its treasures...
Conversations/Bank/Balor/Relationship Lines/Relationship/post_8h_lines_romantic/balor_post_8h_romantic_3/1	This is the first time a person's managed it.	C'est la première fois qu'une personne me fait le même effet.	Впервые это происходит из-за человека.	This is the first time a person's managed it.
Conversations/Bank/Balor/Relationship Lines/Relationship/post_8h_lines_romantic/balor_post_8h_romantic_3/init	It's funny... Seeing a beautiful =Diamond= or =Ruby= always manages to make my heart skip a beat.	C'est drôle... À la vue d'un =diamant= ou d'un =rubis= magnifique, j'ai toujours un coup au cœur.	Забавно... Обычно у меня сердце трепещет при виде прекрасного =алмаза= или =рубина=.	It's funny... Seeing a beautiful =Diamond= or =Ruby= always manages to make my heart skip a beat.
Conversations/Bank/Balor/Relationship Lines/Relationship/post_8h_lines_romantic/balor_post_8h_romantic_4/1	But I'm always tempted to knock and say hello.	Mais je suis toujours tenté d'aller frapper à ta porte pour te saluer.	Но меня всегда тянет постучать и поздороваться.	But I'm always tempted to knock and say hello.
Conversations/Bank/Balor/Relationship Lines/Relationship/post_8h_lines_romantic/balor_post_8h_romantic_4/init	You know, I try to be as quiet as possible when I'm clearing out your shipping bin overnight...	Tu sais, j'essaie d'être le plus discret possible quand je vide ta boîte d'expédition pendant la nuit...	Знаешь, я страюсь быть потише, когда забираю вещи из отгрузочного ящика...	You know, I try to be as quiet as possible when I'm clearing out your shipping bin overnight...
Conversations/Bank/Balor/Relationship Lines/Relationship/post_8h_lines_romantic/balor_post_8h_romantic_5/1	I asked myself if it was the start of something special, and then I flipped a coin.	Je me suis demandé si c'était le début de quelque chose de spécial, et j'ai lancé une pièce à pile ou face.	Я спросил себя, не происходит ли что-то особенное, и подбросил монету.	I asked myself if it was the start of something special, and then I flipped a coin.
Conversations/Bank/Balor/Relationship Lines/Relationship/post_8h_lines_romantic/balor_post_8h_romantic_5/2	I just wanted you to know... I keep that coin in a safe place.	Je voulais juste que tu saches que... je conserve précieusement cette pièce à l'abri.	Хочу, чтобы ты <p>знали</p><f>знала</f><m>знал</m><n>знало</n>... Эту монету я храню в надёжном месте.	I just wanted you to know... I keep that coin in a safe place.
Conversations/Bank/Balor/Relationship Lines/Relationship/post_8h_lines_romantic/balor_post_8h_romantic_5/init	You know, that first day, when I saw you across the collapsed bridge...	Tu sais, le premier jour, quand je t'ai <he>aperçu</he><she>aperçues</she><they>aperçu·e</they> de l'autre côté du pont effondré...	Знаешь, в самый первый день, когда я только увидел тебя за разрушенным мостом...	You know, that first day, when I saw you across the collapsed bridge...
Conversations/Bank/Balor/Relationship Lines/Relationship/post_8h_lines_romantic/balor_post_8h_romantic_6/1	Not that I need advice.	Même si je n'ai pas besoin de conseils.	Не то чтобы мне нужен совет.	Not that I need advice.
Conversations/Bank/Balor/Relationship Lines/Relationship/post_8h_lines_romantic/balor_post_8h_romantic_6/2	Not that I was asking!	Même si je ne lui avais rien demandé !	И не то чтобы я спрашивал!	Not that I was asking!
Conversations/Bank/Balor/Relationship Lines/Relationship/post_8h_lines_romantic/balor_post_8h_romantic_6/init	Hemlock has a real knack for relationship advice.	Hemlock sait y faire pour donner des conseils en matière de relations.	У Хемлока настоящий талант давать советы по отношениям.	Hemlock has a real knack for relationship advice.
Conversations/Bank/Balor/Relationship Lines/Relationship/post_8h_lines_romantic/balor_post_8h_romantic_7/1	It takes practice...	Cela demande un peu d'entraînement...	Для этого нужна практика...	It takes practice...
Conversations/Bank/Balor/Relationship Lines/Relationship/post_8h_lines_romantic/balor_post_8h_romantic_7/2	We can practice right now, if you want.	On peut s'entraîner tout de suite, si tu veux.	Можем сейчас попрактиковаться, если хочешь.	We can practice right now, if you want.
Conversations/Bank/Balor/Relationship Lines/Relationship/post_8h_lines_romantic/balor_post_8h_romantic_7/init	I know the work is never done, but I hope you're taking time to sit back and enjoy the little things.	Je sais qu'il y a toujours à faire, mais j'espère que tu prends le temps de te poser et de profiter des petites choses.	Я знаю, что работа есть всегда, но надеюсь, ты находишь время расслабиться и насладиться мелочами.	I know the work is never done, but I hope you're taking time to sit back and enjoy the little things.
Conversations/Bank/Balor/Relationship Lines/Relationship/post_8h_lines_romantic/balor_post_8h_romantic_8/1	Don't worry... I'll be home before you know it!	Ne t'inquiète pas... Je serai revenu en un rien de temps !	Не волнуйся... Глазом не моргнёшь, как я вернусь!	Don't worry... I'll be home before you know it!
Conversations/Bank/Balor/Relationship Lines/Relationship/post_8h_lines_romantic/balor_post_8h_romantic_8/init	It's hard leaving for the city when you're here with me...	C'est difficile de partir pour la ville quand tu es là, avec moi...	Так не хочется уезжать в город, когда ты тут со мной...	It's hard leaving for the city when you're here with me...
Conversations/Bank/Balor/Relationship Lines/Relationship/post_8h_lines_romantic/balor_post_8h_romantic_9/1	Warmer, these days.	Encore plus chaleureux, depuis quelque temps.	Сейчас стало теплее.	Warmer, these days.
Conversations/Bank/Balor/Relationship Lines/Relationship/post_8h_lines_romantic/balor_post_8h_romantic_9/init	The Capital always felt cold to me, but Mistria is... warm.	La capitale m'a toujours paru froide, mais Mistria c'est... chaleureux.	Столица всегда казалась мне холодной, а в Мистрии... тепло.	The Capital always felt cold to me, but Mistria is... warm.
Conversations/Bank/Balor/Relationship Lines/Relationship/post_8h_lines_romantic/balor_post_8h_romantic_question_0/1	Those things Wheedle said, about my past... they don't bother you, do they?	Toutes les choses que Wheedle a racontées, sur mon passé... ça ne te pose pas de problème, dis-moi ?	То, что Хлюст говорил про моё прошлое... Тебе ведь это не важно?	Those things Wheedle said, about my past... they don't bother you, do they?
Conversations/Bank/Balor/Relationship Lines/Relationship/post_8h_lines_romantic/balor_post_8h_romantic_question_0/1/prompts/0	Not at all! But I am curious.	Absolument pas ! Mais cela attise ma curiosité.	Вовсе нет! Но мне любопытно.	Not at all! But I am curious.
Conversations/Bank/Balor/Relationship Lines/Relationship/post_8h_lines_romantic/balor_post_8h_romantic_question_0/1/prompts/1	I believe in you! You can tell me when you're ready.	Je crois en toi ! Tu me diras tout quand tu seras prêt.	Я в тебя верю! Ты можешь рассказать мне, когда будешь готов.	I believe in you! You can tell me when you're ready.
Conversations/Bank/Balor/Relationship Lines/Relationship/post_8h_lines_romantic/balor_post_8h_romantic_question_0/2	There was a bit of theft, a bit of espionage...	Il y a eu un peu de vols, un peu d'espionnage...	Иногда были кражи, иногда шпионаж...	There was a bit of theft, a bit of espionage...
Conversations/Bank/Balor/Relationship Lines/Relationship/post_8h_lines_romantic/balor_post_8h_romantic_question_0/3	I thought I was maintaining some kind of moral code at first, but the deeper you get, the grayer it all becomes.	Au début, je me disais que je conservais une forme de code d'honneur, mais plus on s'enfonce, plus les zones grises sont nombreuses.	Вначале я думал, что соблюдаю какие-то принципы, но чем глубже закапываешься, тем они серее.	I thought I was maintaining some kind of moral code at first, but the deeper you get, the grayer it all becomes.
Conversations/Bank/Balor/Relationship Lines/Relationship/post_8h_lines_romantic/balor_post_8h_romantic_question_0/4	I'm happy to have left that world behind.	Je suis heureux d'avoir laissé ce monde-là derrière moi.	Я рад, что оставил этот мир позади.	I'm happy to have left that world behind.
Conversations/Bank/Balor/Relationship Lines/Relationship/post_8h_lines_romantic/balor_post_8h_romantic_question_0/5	I'm happier still that I'm here now, with you.	Et encore plus heureux d'être ici, désormais, avec toi.	И я счастлив, что теперь я здесь, с тобой.	I'm happier still that I'm here now, with you.
Conversations/Bank/Balor/Relationship Lines/Relationship/post_8h_lines_romantic/balor_post_8h_romantic_question_0/6	Thank you, [Ari]. One of these days, I'll sit you down and tell you all about it.	Merci, [Ari]. Un de ces jours, je t'inviterai à t'asseoir et je te raconterai tout.	Спасибо, [Ari]. В один прекрасный день я сяду и всё тебе расскажу.	Thank you, [Ari]. One of these days, I'll sit you down and tell you all about it.
Conversations/Bank/Balor/Relationship Lines/Relationship/post_8h_lines_romantic/balor_post_8h_romantic_question_0/7	And maybe you can tell me all about your past, too.	Et peut-être que tu pourras me parler de ton passé, toi aussi.	А может, и ты поведаешь мне о своём прошлом.	And maybe you can tell me all about your past, too.
Conversations/Bank/Balor/Relationship Lines/Relationship/post_8h_lines_romantic/balor_post_8h_romantic_question_0/init	I've been wondering, [Ari]...	Je me demandais, [Ari]....	Меня кое-что беспокоит, [Ari]...	I've been wondering, [Ari]...
Conversations/Bank/Balor/Relationship Lines/Relationship/post_8h_lines_romantic/balor_post_8h_romantic_question_1/1	How do you go about making a place feel like a home?	Comment on fait pour qu'un lieu devienne vraiment son chez-soi ?	Что нужно сделать, чтобы место ощущалось как дом?	How do you go about making a place feel like a home?
Conversations/Bank/Balor/Relationship Lines/Relationship/post_8h_lines_romantic/balor_post_8h_romantic_question_1/1/prompts/0	Add some touches that reflect your interests!	Ajoute quelques touches qui reflètent tes centres d'intérêt !	Добавь что-то, что отражает твои увлечения!	Add some touches that reflect your interests!
Conversations/Bank/Balor/Relationship Lines/Relationship/post_8h_lines_romantic/balor_post_8h_romantic_question_1/1/prompts/1	Add something that makes you feel happy!	Ajoute quelque chose qui te rend heureux !	Добавь что-то, что приносит радость!	Add something that makes you feel happy!
Conversations/Bank/Balor/Relationship Lines/Relationship/post_8h_lines_romantic/balor_post_8h_romantic_question_1/2	Perhaps a wine rack? A gemstone case?	Un casier à bouteilles, peut-être ? Une boîte à pierres précieuses ?	Может, полку с винами? Или витрину с драгоценностями?	Perhaps a wine rack? A gemstone case?
Conversations/Bank/Balor/Relationship Lines/Relationship/post_8h_lines_romantic/balor_post_8h_romantic_question_1/3	Hmmm... I'm not sure.	Mmm... Je ne sais pas trop.	Хммм... не уверен.	Hmmm... I'm not sure.
Conversations/Bank/Balor/Relationship Lines/Relationship/post_8h_lines_romantic/balor_post_8h_romantic_question_1/4	Maybe you can come over some time and help me decide?	Peut-être que tu pourrais passer, à l'occasion, pour m'aider à choisir ?	Может, ты как-нибудь зайдёшь и поможешь мне выбрать?	Maybe you can come over some time and help me decide?
Conversations/Bank/Balor/Relationship Lines/Relationship/post_8h_lines_romantic/balor_post_8h_romantic_question_1/5	Something that makes me feel happy...?	Quelque chose qui me rend heureux...?	Что приносит мне радость?..	Something that makes me feel happy...?
Conversations/Bank/Balor/Relationship Lines/Relationship/post_8h_lines_romantic/balor_post_8h_romantic_question_1/6	Well in that case... Maybe you can come over some time?	Eh bien, dans ce cas... Peut-être que tu pourrais passer, à l'occasion ?	Что ж, в таком случае... Может, ты как-нибудь зайдёшь?	Well in that case... Maybe you can come over some time?
Conversations/Bank/Balor/Relationship Lines/Relationship/post_8h_lines_romantic/balor_post_8h_romantic_question_1/init	I've been trying to make my room at the Inn feel more welcoming... the kind of place you'd want to visit.	J'essaie de rendre ma chambre à l'auberge un peu plus accueillante... Que ce soit un endroit où on aime se rendre.	Я стараюсь добавить уюта в свою комнату в трактире... чтобы туда хотелось приходить.	I've been trying to make my room at the Inn feel more welcoming... the kind of place you'd want to visit.
Conversations/Bank/Balor/Relationship Lines/Relationship/post_8h_lines_romantic/balor_post_8h_romantic_question_2/1	For so much of my life, it felt safer to keep others at arm's length.	Pendant une grande partie de ma vie, cela m'a semblé plus sûr de tenir les autres à distance.	Почти всю мою жизнь я чувствовал себя безопаснее, когда держал людей на расстоянии.	For so much of my life, it felt safer to keep others at arm's length.
Conversations/Bank/Balor/Relationship Lines/Relationship/post_8h_lines_romantic/balor_post_8h_romantic_question_2/2	Sometimes I feel out of sorts if I'm not putting on my merchant's charm.	Je me sens parfois mal à l'aise si je ne joue pas mon rôle de marchand charmeur.	Иногда я чувствую себя будто не в своей тарелке, когда отбрасываю повадки торговца.	Sometimes I feel out of sorts if I'm not putting on my merchant's charm.
Conversations/Bank/Balor/Relationship Lines/Relationship/post_8h_lines_romantic/balor_post_8h_romantic_question_2/3	I hope you'll forgive me if it still slips through now and then.	J'espère que tu me pardonneras si ce personnage réapparaît de temps à autre.	Надеюсь, ты меня простишь, если они иногда всё же проскользнут.	I hope you'll forgive me if it still slips through now and then.
Conversations/Bank/Balor/Relationship Lines/Relationship/post_8h_lines_romantic/balor_post_8h_romantic_question_2/3/prompts/0	I don't mind, I think it's cute!	Ce n'est pas grave, je trouve ça charmant !	Я не против. По-моему, это мило!	I don't mind, I think it's cute!
Conversations/Bank/Balor/Relationship Lines/Relationship/post_8h_lines_romantic/balor_post_8h_romantic_question_2/3/prompts/1	I'm enjoying this new side of you!	J'aime beaucoup ce nouvel aspect de ta personnalité !	Мне нравится узнавать тебя с новой стороны!	I'm enjoying this new side of you!
Conversations/Bank/Balor/Relationship Lines/Relationship/post_8h_lines_romantic/balor_post_8h_romantic_question_2/4	Oh! Y-you do?	Oh ! V-Vraiment ?	Ой! П-правда?	Oh! Y-you do?
Conversations/Bank/Balor/Relationship Lines/Relationship/post_8h_lines_romantic/balor_post_8h_romantic_question_2/5	Thank you, [Ari].	Merci, [Ari].	Спасибо, [Ari].	Thank you, [Ari].
Conversations/Bank/Balor/Relationship Lines/Relationship/post_8h_lines_romantic/balor_post_8h_romantic_question_2/6	I'm glad you feel that way.	Ça me fait plaisir que tu ressentes ça.	Я рад, что ты так считаешь.	I'm glad you feel that way.
Conversations/Bank/Balor/Relationship Lines/Relationship/post_8h_lines_romantic/balor_post_8h_romantic_question_2/7	It's hard work sometimes, I won't lie.	Je ne vais pas te mentir, ça me demande parfois beaucoup d'efforts.	Лгать не буду, иногда бывает тяжело.	It's hard work sometimes, I won't lie.
Conversations/Bank/Balor/Relationship Lines/Relationship/post_8h_lines_romantic/balor_post_8h_romantic_question_2/8	But, well... I suppose neither of us are strangers to hard work.	Mais bon... J'imagine que les efforts, on connaît ça, toi et moi.	Но вообще-то... Мы с тобой ведь не боимся тяжёлой работы.	But, well... I suppose neither of us are strangers to hard work.
Conversations/Bank/Balor/Relationship Lines/Relationship/post_8h_lines_romantic/balor_post_8h_romantic_question_2/init	It's a strange feeling... really opening up to another person.	C'est un sentiment étrange... de s'ouvrir réellement à quelqu'un d'autre.	Такое странное чувство... Открывать душу другому человеку.	It's a strange feeling... really opening up to another person.
Conversations/Bank/Balor/Relationship Lines/Relationship/post_8h_lines_romantic/balor_post_8h_romantic_question_3/1	This morning he asked if I'd ever consider becoming a farmer!	Ce matin, il m'a demandé si j'avais déjà envisagé de devenir fermier !	Сегодня утром он спросил, не думал ли я стать фермером!	This morning he asked if I'd ever consider becoming a farmer!
Conversations/Bank/Balor/Relationship Lines/Relationship/post_8h_lines_romantic/balor_post_8h_romantic_question_3/2	What do you think, [Ari]? Do I have what it takes?	Qu'en penses-tu, [Ari] ? Tu crois que j'en serais capable ?	Как думаешь, [Ari]? У меня бы получилось?	What do you think, [Ari]? Do I have what it takes?
Conversations/Bank/Balor/Relationship Lines/Relationship/post_8h_lines_romantic/balor_post_8h_romantic_question_3/2/prompts/0	Do you want to be a farmer?	As-tu envie de travailler dans une ferme ?	А ты сам хочешь быть фермером?	Do you want to be a farmer?
Conversations/Bank/Balor/Relationship Lines/Relationship/post_8h_lines_romantic/balor_post_8h_romantic_question_3/2/prompts/1	You're better off dating a farmer than becoming one yourself.	Mieux vaut sortir avec quelqu'un qui a une ferme qu'y travailler soi-même.	Лучше пускай у тебя будет партнёр-фермер.	You're better off dating a farmer than becoming one yourself.
Conversations/Bank/Balor/Relationship Lines/Relationship/post_8h_lines_romantic/balor_post_8h_romantic_question_3/3	Oh, I don't know...	Oh, je ne sais pas...	Ой, я не знаю...	Oh, I don't know...
Conversations/Bank/Balor/Relationship Lines/Relationship/post_8h_lines_romantic/balor_post_8h_romantic_question_3/4	Toiling side by side, sweating and laughing under the hot sun...	Trimer côte à côte, transpirer et rire sous la chaleur du soleil...	Трудиться вместе с тобой, работать в поту и смеяться под палящим солнцем...	Toiling side by side, sweating and laughing under the hot sun...
Conversations/Bank/Balor/Relationship Lines/Relationship/post_8h_lines_romantic/balor_post_8h_romantic_question_3/5	There is something romantic about the idea.	L'idée a quelque chose de romantique.	В этом есть что-то романтичное.	There is something romantic about the idea.
Conversations/Bank/Balor/Relationship Lines/Relationship/post_8h_lines_romantic/balor_post_8h_romantic_question_3/6	Just, um... don't tell Hemlock I said that, okay?	Seulement, hum... Ne va pas raconter ça à Hemlock, d'accord ?	Только, эмм... не говори Хемлоку, что я это сказал, ладно?	Just, um... don't tell Hemlock I said that, okay?
Conversations/Bank/Balor/Relationship Lines/Relationship/post_8h_lines_romantic/balor_post_8h_romantic_question_3/7	Hmmm... you don't say.	Mmm... Je ne te le fais pas dire.	Хммм... Неужели?	Hmmm... you don't say.
Conversations/Bank/Balor/Relationship Lines/Relationship/post_8h_lines_romantic/balor_post_8h_romantic_question_3/8	Yeah, I guess that does sound more my speed.	Oui, je crois que ça me convient mieux.	Да, наверное, это мне больше по плечу.	Yeah, I guess that does sound more my speed.
Conversations/Bank/Balor/Relationship Lines/Relationship/post_8h_lines_romantic/balor_post_8h_romantic_question_3/init	You know, Hemlock's started teasing me a bit lately.	Tu sais, Hemlock s'est mis à se moquer un peu de moi, dernièrement.	Знаешь, недавно Хемлок стал меня дразнить.	You know, Hemlock's started teasing me a bit lately.
