key	english	french	russian	bulgarian
Conversations/Bank/Caldarus/Banked Lines/basement/basement/init	You're quite social, aren't you? How charming.	Tu aimes avoir de la compagnie, n'est-ce pas ? C'est charmant.	Ты общительное создание, как я погляжу. Очаровательно.	You're quite social, aren't you? How charming.
Conversations/Bank/Caldarus/Banked Lines/bathhouse/bathhouse_0/1	Whether it be whimsy or vanity... I cannot help but find it flattering.	Que ce soit par fantaisie ou par vanité... je ne puis m'empêcher de trouver cela flatteur.	Возможно, во мне говорит тщеславие... но это не может не льстить.	Whether it be whimsy or vanity... I cannot help but find it flattering.
Conversations/Bank/Caldarus/Banked Lines/bathhouse/bathhouse_0/init	The stone font in the bath looks to be a statue of... me.	La fontaine de pierre, dans les bains, semble être une statue de... moi.	Фонтанная статуя в купальне, по-видимому, изображает... меня.	The stone font in the bath looks to be a statue of... me.
Conversations/Bank/Caldarus/Banked Lines/bathhouse/bathhouse_1/init	The waters of this bathhouse are quite special...	L'eau de ces bains est très particulière...	В этой купальне крайне необычная вода...	The waters of this bathhouse are quite special...
Conversations/Bank/Caldarus/Banked Lines/bathhouse/bathhouse_2/1	Most scents are simple to the keen nose of a dragon, but the steamy bouquet here is quite complex.	La plupart des odeurs sont très simples, pour l'odorat aiguisé d'un dragon, mais les vapeurs parfumées de ce lieu sont fort complexes.	Для чуткого нюха дракона большинство запахов звучат незатейливо. Но здешний букет ароматов весьма изысканный.	Most scents are simple to the keen nose of a dragon, but the steamy bouquet here is quite complex.
Conversations/Bank/Caldarus/Banked Lines/bathhouse/bathhouse_2/init	The mistress of this bathhouse is very skilled at developing bath oils.	La maîtresse de cette maison de bains a un réel talent pour créer des huiles de bain.	Хозяйка купальни — настоящая мастерица в маслах для ванн.	The mistress of this bathhouse is very skilled at developing bath oils.
Conversations/Bank/Caldarus/Banked Lines/bathhouse/bathhouse_3/1	It fits into this hot springs bath, for one.	Notamment celui de pouvoir entrer dans ce bain de sources chaudes.	Например, оно хорошо помещается в эту горячую ванну.	It fits into this hot springs bath, for one.
Conversations/Bank/Caldarus/Banked Lines/bathhouse/bathhouse_3/init	This mortal form has its advantages...	Cette forme mortelle a certains avantages...	У смертного обличья есть свои преимущества...	This mortal form has its advantages...
Conversations/Bank/Caldarus/Banked Lines/beach/beach_0/1	As with all things, the natural world is constantly evolving.	Comme toute chose, le monde naturel est en perpétuelle évolution.	Природа непрерывно изменяется, как и всё в этом мире.	As with all things, the natural world is constantly evolving.
Conversations/Bank/Caldarus/Banked Lines/beach/beach_0/2	I find this impermanence quite beautiful.	Je trouve cette fugacité magnifique.	И в этом непостоянстве я вижу красоту.	I find this impermanence quite beautiful.
Conversations/Bank/Caldarus/Banked Lines/beach/beach_0/init	The shoreline of Mistria has undergone many changes since the first time I first laid eyes upon it...	Le trait de côte de Mistria a connu bien des transformations depuis la première fois où j'ai posé les yeux dessus...	Очертания мистрийского берега неоднократно менялись с той поры, когда я его впервые увидел...	The shoreline of Mistria has undergone many changes since the first time I first laid eyes upon it...
Conversations/Bank/Caldarus/Banked Lines/beach/beach_1/1	Though if one is not careful, one risks being lulled to sleep.	Si l'on n'y prend garde, il peut nous bercer jusqu'au sommeil.	Он так убаюкивает, что под него можно незаметно заснуть.	Though if one is not careful, one risks being lulled to sleep.
Conversations/Bank/Caldarus/Banked Lines/beach/beach_1/init	The rhythm of the ocean is like music, and quite meditative...	Le rythme de l'océan est semblable à une musique et invite à la méditation...	Ритм океана подобен музыке. Такой медитативный...	The rhythm of the ocean is like music, and quite meditative...
Conversations/Bank/Caldarus/Banked Lines/beach/beach_2/1	I began to wonder if it would live up to my memories.	J'avais commencé à me demander s'il serait à la hauteur de mes souvenirs.	Я стал переживать, действительно ли он так хорош, как я его помню.	I began to wonder if it would live up to my memories.
Conversations/Bank/Caldarus/Banked Lines/beach/beach_2/2	I was wrong to worry. It is more beautiful than I remember.	J'avais tort de m'inquiéter. Il est plus beau encore que dans ma mémoire.	Но я волновался напрасно. Океан красивее всех моих ожиданий.	I was wrong to worry. It is more beautiful than I remember.
Conversations/Bank/Caldarus/Banked Lines/beach/beach_2/init	Whilst convalescing in the Deep Woods, my mind wandered often to thoughts of the ocean.	Pendant ma convalescence à Boissombre, mon esprit vagabondait souvent en pensant à l'océan.	Когда я выздоравливал в Глубокой чаще, мой разум часто посещали мысли об океане.	Whilst convalescing in the Deep Woods, my mind wandered often to thoughts of the ocean.
Conversations/Bank/Caldarus/Banked Lines/beach/beach_3/1	Yes... the Beach is full of pleasant dichotomies.	Oui... la plage est si pleine d'agréables dichotomies.	Да уж... На пляже много занимательных контрастов.	Yes... the Beach is full of pleasant dichotomies.
Conversations/Bank/Caldarus/Banked Lines/beach/beach_3/init	I enjoy watching the cool waters of the ocean meet the hot sand of the shore.	J'aime regarder les eaux froides de l'océan venir à la rencontre du sable chaud de la rive.	Я люблю смотреть, как холодные океанские воды сталкиваются с горячим песком на берегу.	I enjoy watching the cool waters of the ocean meet the hot sand of the shore.
Conversations/Bank/Caldarus/Banked Lines/beach/beach_4/1	The long walk to the Beach is a small thing compared to the promise of its warm sands.	La longue marche jusqu'à la plage est peu de chose comparée à la promesse de son sable chaud.	Долгий путь к пляжу — это ничтожная плата за его тёплый песок.	The long walk to the Beach is a small thing compared to the promise of its warm sands.
Conversations/Bank/Caldarus/Banked Lines/beach/beach_4/init	I find that I thrive in the summer heat.	Je trouve que tout me convient avec la chaleur de l'été.	Я обнаружил, что отлично себя чувствую в летнюю жару.	I find that I thrive in the summer heat.
Conversations/Bank/Caldarus/Banked Lines/cooking/cooking_0/1	I am finding it quite enjoyable.	Je trouve cela très plaisant.	Это доставляет мне удовольствие.	I am finding it quite enjoyable.
Conversations/Bank/Caldarus/Banked Lines/cooking/cooking_0/init	In this form, my mouth is much smaller. I am able to take more delicate bites, and savor a meal a little at a time.	Sous cette forme, ma bouche est bien plus petite. Je peux prendre des bouchées délicates et savourer un repas petit à petit.	В этом обличии мои уста намного меньше. Я могу вкушать еду медленно, лучше наслаждаться её вкусом. 	In this form, my mouth is much smaller. I am able to take more delicate bites, and savor a meal a little at a time.
Conversations/Bank/Caldarus/Banked Lines/cooking/cooking_1/1	Which is to say, today I learned that char does not taste quite as good in this form.	Pour le dire autrement, j'ai découvert aujourd'hui que sous ma forme actuelle, le goût de l'omble n'est pas aussi plaisant.	Например, сегодня я узнал, что гарь не так вкусна для этого обличия.	Which is to say, today I learned that char does not taste quite as good in this form.
Conversations/Bank/Caldarus/Banked Lines/cooking/cooking_1/init	Of all the challenges I face today, cooking may be the greatest. Every day brings a humbling new lesson.	La cuisine est sûrement le plus grand de tous les défis que je dois désormais relever. Chaque jour est l'occasion d'une nouvelle leçon d'humilité.	Из всех испытаний, что стоят передо мной на сегодняшний день, самое сложное — готовка. Каждый день преподносит мне новый урок скромности.	Of all the challenges I face today, cooking may be the greatest. Every day brings a humbling new lesson.
Conversations/Bank/Caldarus/Banked Lines/cooking/cooking_10/1	Did I always do this? It is difficult to remember.	Ai-je toujours fait cela ? Il m'est difficile de m'en souvenir.	Делал ли я это раньше? Тяжело вспомнить.	Did I always do this? It is difficult to remember.
Conversations/Bank/Caldarus/Banked Lines/cooking/cooking_10/init	I give thanks every time I enjoy the bounty of nature.	Je remercie la nature chaque fois que je profite de ses bienfaits.	Я благодарю природу за каждый её дар.	I give thanks every time I enjoy the bounty of nature.
Conversations/Bank/Caldarus/Banked Lines/cooking/cooking_10_alt/1	I have always made a point to do so.	J'en ai toujours fait un point d'honneur.	И я знаю, что делал так всегда.	I have always made a point to do so.
Conversations/Bank/Caldarus/Banked Lines/cooking/cooking_10_alt/init	I like to give thanks when I enjoy the bounty of nature.	J'aime remercier la nature chaque fois que je profite de ses bienfaits.	Мне нравится благодарить природу за каждый её дар.	I like to give thanks when I enjoy the bounty of nature.
Conversations/Bank/Caldarus/Banked Lines/cooking/cooking_11/1	Is that not funny?	N'est-ce pas amusant ?	Разве это не потешно?	Is that not funny?
Conversations/Bank/Caldarus/Banked Lines/cooking/cooking_11/2	Ah, so it is not. I understand.	Ah, ça ne l'est pas. Je comprends.	Ах. Видимо, нет. Я понял.	Ah, so it is not. I understand.
Conversations/Bank/Caldarus/Banked Lines/cooking/cooking_11/init	The berries in these woods are sometimes sweet, sometimes tart.	Les baies que l'on trouve dans ces bois sont parfois sucrées, parfois acides.	Найденные в лесу ягоды на вкус иногда сладкие, а временами кислые.	The berries in these woods are sometimes sweet, sometimes tart.
Conversations/Bank/Caldarus/Banked Lines/cooking/cooking_12/1	I have been grinding everything I find in my mortar and pestle, and sampling the results.	Je mouds tout ce que je trouve grâce à mon pilon et à mon mortier et je goûte le résultat.	Я перетираю всё, что нахожу, в ступке — и пробую результат.	I have been grinding everything I find in my mortar and pestle, and sampling the results.
Conversations/Bank/Caldarus/Banked Lines/cooking/cooking_12/2	No success yet, but the good news is that my spice cabinet is filling up.	En vain, pour l'instant, mais la bonne nouvelle, c'est que mon meuble à épices se remplit à vue d'œil.	Пока безуспешно, но радостно видеть, как заполняется полка с приправами.	No success yet, but the good news is that my spice cabinet is filling up.
Conversations/Bank/Caldarus/Banked Lines/cooking/cooking_12/init	They say taste can jog the memory, and the tongue of a dragon is particularly keen.	On dit qu'un goût peut réactiver un souvenir, et les dragons ont la langue particulièrement sensible.	Говорят, вкусы могут навевать воспоминания. А язык дракона особенно к ним чувствителен.	They say taste can jog the memory, and the tongue of a dragon is particularly keen.
Conversations/Bank/Caldarus/Banked Lines/cooking/cooking_12_alt/1	I have been grinding everything I find in my mortar and pestle, and sampling the results.	Je mouds tout ce que je trouve grâce à mon pilon et à mon mortier et je goûte le résultat.	Я перетираю всё, что нахожу, в ступке — и пробую результат.	I have been grinding everything I find in my mortar and pestle, and sampling the results.
Conversations/Bank/Caldarus/Banked Lines/cooking/cooking_12_alt/2	I have found that certain tastes seem to jog old memories that were previously unavailable to me.	J'ai réalisé que certaines saveurs semblent réactiver d'anciens souvenirs restés jusqu'alors inaccessibles.	Я обнаружил, что некоторые вкусы навевают воспоминания, ранее мне недоступные.	I have found that certain tastes seem to jog old memories that were previously unavailable to me.
Conversations/Bank/Caldarus/Banked Lines/cooking/cooking_12_alt/init	The tongue of a dragon is particularly keen...	Les dragons ont la langue particulièrement sensible...	Язык дракона особенно чувствителен ко вкусам...	The tongue of a dragon is particularly keen...
Conversations/Bank/Caldarus/Banked Lines/cooking/cooking_13/1	The passage of time brings new cultures, and new cultures bring new food.	Au fil du temps, de nouvelles cultures apparaissent et avec elles, une nourriture différente.	С течением времени появляются новые культуры, а вместе с ними — новая еда.	The passage of time brings new cultures, and new cultures bring new food.
Conversations/Bank/Caldarus/Banked Lines/cooking/cooking_13/init	I am mostly eating simple fare while I acclimate to this form... but I am curious how cuisine has changed while I slept.	Tant que je m'habitue encore à cette nouvelle forme, je consomme des aliments simples... Mais je suis curieux de savoir comment la cuisine a évolué pendant mon sommeil.	Сейчас я питаюсь простой едой, привыкая к этой форме... но любопытно, как изменилась кухня за время моего сна.	I am mostly eating simple fare while I acclimate to this form... but I am curious how cuisine has changed while I slept.
Conversations/Bank/Caldarus/Banked Lines/cooking/cooking_14/1	Fire comes easily to a dragon, so I found it to be a humbling experience.	Il est si facile pour un dragon d'avoir du feu... Cette expérience est une leçon d'humilité.	Для дракона огонь — дело простое, потому я почувствовал себя... смиренно.	Fire comes easily to a dragon, so I found it to be a humbling experience.
Conversations/Bank/Caldarus/Banked Lines/cooking/cooking_14/init	I was preparing to cook, but could not light the fire pit without a struggle.	Je m'apprêtais à cuisiner, mais j'ai lutté pour réussir à allumer le foyer.	Я собирался готовить, но с трудом зажёг очаг.	I was preparing to cook, but could not light the fire pit without a struggle.
Conversations/Bank/Caldarus/Banked Lines/cooking/cooking_15/1	These days, however, I find myself wishing to sample the cooking methods that the modern world offers.	Désormais, j'éprouve l'envie d'essayer les méthodes de cuisson qu'offre le monde moderne.	Теперь же я ловлю себя на желании попробовать современные способы приготовления.	These days, however, I find myself wishing to sample the cooking methods that the modern world offers.
Conversations/Bank/Caldarus/Banked Lines/cooking/cooking_15/init	I recall the thrill of eating freshly caught fish, with no desire to prepare it.	Je me souviens du frisson que j'éprouvais en mangeant un poisson fraîchement attrapé, sans avoir nul désir de le préparer.	Я помню, как увлекательно было поедать свежевыловленную рыбу — без всякой готовки.	I recall the thrill of eating freshly caught fish, with no desire to prepare it.
Conversations/Bank/Caldarus/Banked Lines/cooking/cooking_16/1	If that were the case, I would not have so many troubles.	Si c'était le cas, je n'aurais pas tant de difficultés.	Если бы это было так, у меня не возникло бы столько проблем.	If that were the case, I would not have so many troubles.
Conversations/Bank/Caldarus/Banked Lines/cooking/cooking_16/init	Alas, it is a shame that cooking is not instinctual.	Hélas, quel dommage que savoir cuisiner ne soit pas inné !	Увы, жаль, что готовка не заложена в инстинктах.	Alas, it is a shame that cooking is not instinctual.
Conversations/Bank/Caldarus/Banked Lines/cooking/cooking_17/1	It has taken some adjustment to get used to the... washing of dishes.	Il m'a fallu un temps d'adaptation pour m'habituer à... faire la vaisselle.	В этой форме мне пришлось привыкать к... мытью посуды.	It has taken some adjustment to get used to the... washing of dishes.
Conversations/Bank/Caldarus/Banked Lines/cooking/cooking_17/init	A meal to a dragon is simply food and flame.	Pour un dragon, un repas c'est de la nourriture et du feu.	Дракону хватает лишь своего пламени и сырых продуктов, чтобы приступить к трапезе.	A meal to a dragon is simply food and flame.
Conversations/Bank/Caldarus/Banked Lines/cooking/cooking_18/1	It is my hope that this practice will stir some of the memories I have lost.	J'ai l'espoir que cette pratique réveille certains de mes souvenirs perdus.	Надеюсь, эта практика поможет пробудить утраченные воспоминания.	It is my hope that this practice will stir some of the memories I have lost.
Conversations/Bank/Caldarus/Banked Lines/cooking/cooking_18/init	I enjoy meditating on the flame in my hearth.	J'aime méditer en contemplant la flamme de l'âtre.	Мне нравится медитировать, глядя на пламя в очаге.	I enjoy meditating on the flame in my hearth.
Conversations/Bank/Caldarus/Banked Lines/cooking/cooking_19/1	Perhaps another foraging excursion is in order...	Peut-être qu'une nouvelle expédition de récolte s'impose...	Возможно, стоит снова отправиться на поиски съестного...	Perhaps another foraging excursion is in order...
Conversations/Bank/Caldarus/Banked Lines/cooking/cooking_19/init	Welcome, [Ari]. I am pleased to have you as a guest, though I regret that I cannot offer you much in the way of sustenance.	Bienvenue, [Ari]. Je suis ravi de te recevoir, bien que je regrette de n'avoir pas grand-chose à t'offrir pour te sustenter.	Добро пожаловать, [Ari]. Рад видеть тебя у себя в гостях, хоть и сожалею, что не могу предложить угощение.	Welcome, [Ari]. I am pleased to have you as a guest, though I regret that I cannot offer you much in the way of sustenance.
Conversations/Bank/Caldarus/Banked Lines/cooking/cooking_2/1	In the past, I could rely entirely on my teeth and talons for such work.	Par le passé, je pouvais compter sur mes crocs et mes griffes pour ce type de tâche.	Раньше для всех целей мне хватало клыков и когтей.	In the past, I could rely entirely on my teeth and talons for such work.
Conversations/Bank/Caldarus/Banked Lines/cooking/cooking_2/init	I have never had need of kitchenware such as a knife or cutting board before.	Je n'avais autrefois jamais besoin d'ustensiles de cuisine tels qu'un couteau ou une planche à découper.	Я никогда не испытывал необходимости в кухонной утвари вроде ножей или доски для резки.	I have never had need of kitchenware such as a knife or cutting board before.
Conversations/Bank/Caldarus/Banked Lines/cooking/cooking_3/1	For some reason, my attempts at cake simply will not rise.	J'ignore pourquoi, mais mes gâteaux ne lèvent pas.	По неясной мне причине мои пироги не поднимаются.	For some reason, my attempts at cake simply will not rise.
Conversations/Bank/Caldarus/Banked Lines/cooking/cooking_3/init	[Ari], ah... I was wondering if you could give me some cooking tips.	[Ari], euh... Je me demandais si tu pourrais me donner quelques conseils pour cuisiner.	[Ari], ах... Я хотел спросить, сможешь ли ты дать мне несколько советов по готовке.	[Ari], ah... I was wondering if you could give me some cooking tips.
Conversations/Bank/Caldarus/Banked Lines/cooking/cooking_4/1	Perhaps in the far future...	Peut-être que dans un avenir lointain...	Возможно, в делёком будущем...	Perhaps in the far future...
Conversations/Bank/Caldarus/Banked Lines/cooking/cooking_4/2	I may even be able to write a cookbook!	Je serai même capable d'écrire un livre de recettes !	Я смогу написать кулинарную книгу!	I may even be able to write a cookbook!
Conversations/Bank/Caldarus/Banked Lines/cooking/cooking_4/init	The dishes I am experimenting with are not yet fit to share with company, but I am improving.	Les plats que je m'entraîne à préparer ne sont pas encore dignes d'être partagés avec d'autres personnes, mais je progresse.	Блюда, над которыми я экспериментирую, пока не подходят, чтобы разделить их с компанией. Но я делаю успехи.	The dishes I am experimenting with are not yet fit to share with company, but I am improving.
Conversations/Bank/Caldarus/Banked Lines/cooking/cooking_5/1	I would offer you a bite of the dish I made, but truly... it is my burden to shoulder.	J'aimerais te proposer une part de ce que j'ai cuisiné, mais en vérité... C'est à moi d'assumer ce fardeau.	Я бы предложил тебе вкусить блюдо, которое я изготовил, но... это испытание лучше пройти мне самому.	I would offer you a bite of the dish I made, but truly... it is my burden to shoulder.
Conversations/Bank/Caldarus/Banked Lines/cooking/cooking_5/init	Today I learned that there is such a thing as too much salt.	Aujourd'hui, j'ai compris qu'il était possible de trop saler un plat.	Сегодня мне стало известно, что соли может быть слишком много.	Today I learned that there is such a thing as too much salt.
Conversations/Bank/Caldarus/Banked Lines/cooking/cooking_6/1	To be so accomplished at such a young age is impressive.	Il est impressionnant de voir un tel talent chez une personne aussi jeune.	Такие достижения в столь юном возрасте по-настоящему восхищают.	To be so accomplished at such a young age is impressive.
Conversations/Bank/Caldarus/Banked Lines/cooking/cooking_6/init	The cook at the Inn... Reina. I have a new appreciation for her skill with a pot and pan.	Reina, la cuisinière de l'auberge... Je mesure mieux à présent combien elle est douée aux fourneaux.	Рейна, трактирская повариха... Теперь мне представилась возможность должным образом оценить её навыки.	The cook at the Inn... Reina. I have a new appreciation for her skill with a pot and pan.
Conversations/Bank/Caldarus/Banked Lines/cooking/cooking_7/1	"It seems some wild plants are not ""edible"" in my current form."	Apparemment, certaines plantes sauvages ne sont pas comestibles sous ma forme actuelle.	Как оказалось, некоторые растения для моего текущего обличия не совсем съедобны.	"It seems some wild plants are not ""edible"" in my current form."
Conversations/Bank/Caldarus/Banked Lines/cooking/cooking_7/2	I will need to proceed with more caution going forward.	À partir de maintenant, je vais devoir être plus prudent.	В будущем мне предстоит соблюдать больше осторожности.	I will need to proceed with more caution going forward.
Conversations/Bank/Caldarus/Banked Lines/cooking/cooking_7/init	A word of advice, [Ari].	Un petit conseil, [Ari].	Дам небольшой совет, [Ari].	A word of advice, [Ari].
Conversations/Bank/Caldarus/Banked Lines/cooking/cooking_8/1	It seems that when I am not actively eating food to sustain myself...	Lorsque je ne suis pas en train de consommer de la nourriture pour m'alimenter...	Даже когда я не вкушаю еду, чтобы поддерживать своё тело...	It seems that when I am not actively eating food to sustain myself...
Conversations/Bank/Caldarus/Banked Lines/cooking/cooking_8/2	I am either gathering it, cooking it, or cleaning it up.	Je suis soit en train de la récolter, soit en train de la cuisiner, soit en train de nettoyer.	Я всё равно её либо готовлю, либо убираюсь после трапезы.	I am either gathering it, cooking it, or cleaning it up.
Conversations/Bank/Caldarus/Banked Lines/cooking/cooking_8/init	Living in this form has certainly been an adjustment.	L'existence sous cette forme nécessite un grand effort d'adaptation.	Бытие в этом обличии требует адаптации.	Living in this form has certainly been an adjustment.
Conversations/Bank/Caldarus/Banked Lines/cooking/cooking_9/1	It seems that one must plan their meals in advance.	Il semblerait qu'il faille prévoir ses repas à l'avance.	Видимо, трапезы необходимо планировать заранее.	It seems that one must plan their meals in advance.
Conversations/Bank/Caldarus/Banked Lines/cooking/cooking_9/init	I waited until I was hungry to go foraging, and found myself fatigued before I was able to gather enough to eat.	J'ai attendu d'avoir faim pour me mettre en quête de nourriture et j'ai éprouvé de la fatigue avant d'avoir pu récolter assez à manger.	Я подождал момента, когда проголодаюсь, чтобы пойти собирать плоды. Но я почувствовал усталость прежде, чем собрал достаточно.	I waited until I was hungry to go foraging, and found myself fatigued before I was able to gather enough to eat.
Conversations/Bank/Caldarus/Banked Lines/cutscene_follow_up/caldarus_recovery_follow_up/1	I believe it is possible to teleport between them, though I unfortunately do not have the power to do so myself...	Je crois qu'il est possible de se téléporter de l'une à l'autre, bien que je n'aie malheureusement pas le pouvoir de le faire moi-même...	Думаю, между ними можно перемещаться... хоть у меня самого такой силы, увы, нет.	Смятам, че е възможно да се телепортираш между тях, но за съжаление аз самият нямам силата да го направя...
Conversations/Bank/Caldarus/Banked Lines/cutscene_follow_up/caldarus_recovery_follow_up/2	But perhaps you will find it useful, when you have time to visit.	Mais tu trouveras peut-être cela utile, quand tu auras le temps de t'y rendre.	Но, быть может, ты найдёшь в этом пользу, если решишь навестить.	Но може да ти е полезно, когато имаш време да ме посетиш.
Conversations/Bank/Caldarus/Banked Lines/cutscene_follow_up/caldarus_recovery_follow_up/init	It seems that there is a connection between the statue in my temple and the one on your farm.	Il semblerait qu'une connexion existe entre la statue de mon temple et celle de ta ferme.	Похоже, что статуя в моём храме как-то связана со статуей на твоей ферме.	Изглежда, че има връзка между статуята в храма ми и тази във фермата ти.
Conversations/Bank/Caldarus/Banked Lines/fish_out_of_water/fish_out_of_water_0/1	"It seems that some wild plants are not ""edible"" in my current form."	Il semble que certaines plantes sauvages ne soient pas comestibles sous ma forme actuelle.	Как оказалось, некоторые растения для моего текущего обличия не совсем съедобны.	"It seems that some wild plants are not ""edible"" in my current form."
Conversations/Bank/Caldarus/Banked Lines/fish_out_of_water/fish_out_of_water_0/2	I will need to proceed with more caution going forward.	À partir de maintenant, je vais devoir être plus prudent.	В будущем мне предстоит соблюдать больше осторожности.	I will need to proceed with more caution going forward.
Conversations/Bank/Caldarus/Banked Lines/fish_out_of_water/fish_out_of_water_0/init	A word of advice, [Ari].	Un petit conseil, [Ari].	Дам небольшой совет, [Ari].	A word of advice, [Ari].
Conversations/Bank/Caldarus/Banked Lines/fish_out_of_water/fish_out_of_water_1/1	Having now experienced it firsthand, I can confirm that it is rather unpleasant.	Après en avoir fait directement l'expérience, je puis confirmer que c'est assez désagréable.	Теперь, испытав это сам, могу подтвердить: весьма неприятно.	Having now experienced it firsthand, I can confirm that it is rather unpleasant.
Conversations/Bank/Caldarus/Banked Lines/fish_out_of_water/fish_out_of_water_1/init	"I had heard tales of humans ""stubbing a toe""..."	J'ai entendu des humains qui parlaient de « se cogner l'orteil »...	Я слышал истории о том, как люди иногда «ударяются мизинцем»...	"I had heard tales of humans ""stubbing a toe""..."
Conversations/Bank/Caldarus/Banked Lines/fish_out_of_water/fish_out_of_water_10/1	More than anything, I enjoy the ingenuity of human textiles. They are most pleasing to the senses.	Plus que tout, j'aime l'ingéniosité des tissus humains. Ils sont fort plaisants pour les sens.	Больше всего в человеческих тканях мне нравится находчивость. Настоящая услада чувств.	More than anything, I enjoy the ingenuity of human textiles. They are most pleasing to the senses.
Conversations/Bank/Caldarus/Banked Lines/fish_out_of_water/fish_out_of_water_10/init	This temple was carved directly from stone, and creature comforts were added according to my taste.	Ce temple a été sculpté dans la roche, et ses commodités ajoutées selon mes goûts.	Этот храм высечен прямо в скале, а внутреннее обустройство создано по моему вкусу.	This temple was carved directly from stone, and creature comforts were added according to my taste.
Conversations/Bank/Caldarus/Banked Lines/fish_out_of_water/fish_out_of_water_11/1	But as it turns out, a hot drink on a cold day is quite revivifying.	Mais il s'avère qu'une boisson chaude quand il fait froid est tout à fait vivifiante.	Но, как оказалось, горячий напиток в холодный день весьма бодрит.	But as it turns out, a hot drink on a cold day is quite revivifying.
Conversations/Bank/Caldarus/Banked Lines/fish_out_of_water/fish_out_of_water_11/init	I once wondered what purpose humans had in boiling leaves.	Je me demandais autrefois à quoi il servait aux humains de faire bouillir des feuilles.	Раньше я удивлялся: зачем люди заваривают листья?	I once wondered what purpose humans had in boiling leaves.
Conversations/Bank/Caldarus/Banked Lines/fish_out_of_water/fish_out_of_water_12/1	Ah, good. That is a relief.	Ah, très bien. C'est un soulagement.	Ах, хорошо. Вызывает облегчение.	Ah, good. That is a relief.
Conversations/Bank/Caldarus/Banked Lines/fish_out_of_water/fish_out_of_water_12/init	It has been a long time since I have visited the ocean. Is it still salty? Bitterly so?	Cela fait bien longtemps que je n'ai pas été dans l'océan. Est-il toujours salé ? Au point d'en être amer ?	Прошло много времени с тех пор, как я бывал у океана. Он всё ещё необычайно солёный?	It has been a long time since I have visited the ocean. Is it still salty? Bitterly so?
Conversations/Bank/Caldarus/Banked Lines/fish_out_of_water/fish_out_of_water_12_alt/1	The salty air, the gentle crashing of the waves... It has been a relief to find them unchanged.	L'air iodé, le doux bruit des vagues qui s'écrasent... C'est un soulagement de constater qu'ils n'ont pas changé.	Солёный воздух и плавно накатывающие волны... Какое облегчение, что эти вещи не меняются!	The salty air, the gentle crashing of the waves... It has been a relief to find them unchanged.
Conversations/Bank/Caldarus/Banked Lines/fish_out_of_water/fish_out_of_water_12_alt/init	It is a joy to be able to visit the ocean once more.	C'est une joie de pouvoir me rendre à nouveau près de l'océan.	Я так рад, что снова могу побывать у океана.	It is a joy to be able to visit the ocean once more.
Conversations/Bank/Caldarus/Banked Lines/fish_out_of_water/fish_out_of_water_13/init	Is it not marvelous how heat improves a meal?	N'est-ce pas merveilleux de voir combien la chaleur améliore un repas ?	Разве не удивительно, как тепло улучшает вкус пищи?	Is it not marvelous how heat improves a meal?
Conversations/Bank/Caldarus/Banked Lines/fish_out_of_water/fish_out_of_water_14/1	Is there a meaning to the paper? Or perhaps the box?	Y a-t-il une signification à ce papier ? Ou à cette boîte, peut-être ?	Несёт ли бумага какой-то особенный смысл? Или дело в коробке?	Is there a meaning to the paper? Or perhaps the box?
Conversations/Bank/Caldarus/Banked Lines/fish_out_of_water/fish_out_of_water_14/init	When I was watching over the townsfolk, I saw someone receive a box covered in paper as congratulations for their day of birth. Is this common practice in this era?	Alors que je surveillais les villageois, j'ai vu quelqu'un recevoir une boîte recouverte de papier pour fêter le jour de sa naissance. Est-ce une pratique courante dans la région ?	Наблюдая за горожанами, я увидел, как одному вручили завёрнутую в бумагу коробку. В качестве поздравления с днём рождения. Это какой-то распространённый нынче обычай?	When I was watching over the townsfolk, I saw someone receive a box covered in paper as congratulations for their day of birth. Is this common practice in this era?
Conversations/Bank/Caldarus/Banked Lines/fish_out_of_water/fish_out_of_water_14_alt/1	Is there a meaning to the paper? Or perhaps the box?	Y a-t-il une signification à ce papier ? Ou à la boîte, peut-être ?	Несёт ли бумага какой-то особенный смысл? Или дело в коробке?	Is there a meaning to the paper? Or perhaps the box?
Conversations/Bank/Caldarus/Banked Lines/fish_out_of_water/fish_out_of_water_14_alt/init	I notice that the villagers will sometimes receive a box covered in paper as congratulations for their day of birth. Is this common practice in this era?	J'ai noté que les villageois recevaient parfois une boîte couverte de papier pour fêter le jour de leur naissance. Est-ce une pratique propre à cette époque ?	Иногда я замечаю, как кому-то из горожан вручают завёрнутую в бумагу коробку. В качестве поздравления с днём рождения. Это какой-то распространённый нынче обычай?	I notice that the villagers will sometimes receive a box covered in paper as congratulations for their day of birth. Is this common practice in this era?
Conversations/Bank/Caldarus/Banked Lines/fish_out_of_water/fish_out_of_water_15/init	While a dragon must have horns, it is a shame that they make it impossible to wear any of your delightful human hats.	Certes, un dragon doit avoir des cornes, mais il est dommage que cela rende impossible le port de vos ravissants chapeaux humains.	Дракону пристало иметь рога, но, увы, они мешают носить прекрасные человеческие шляпы.	While a dragon must have horns, it is a shame that they make it impossible to wear any of your delightful human hats.
Conversations/Bank/Caldarus/Banked Lines/fish_out_of_water/fish_out_of_water_16/init	I rather enjoy foraging for wild ingredients in the Deep Woods, but I never have enough pockets to store them all.	Je trouve assez plaisant de récolter des ingrédients à Boissombre, mais je n'ai jamais assez de poches pour les contenir tous.	Мне по душе собирать дикие ингредиенты в Глубокой чаще, но мне не хватает карманов, чтобы все их унести.	I rather enjoy foraging for wild ingredients in the Deep Woods, but I never have enough pockets to store them all.
Conversations/Bank/Caldarus/Banked Lines/fish_out_of_water/fish_out_of_water_17/1	Thankfully, I rather enjoy decorating my home with lights.	Heureusement, cela me plaît assez de décorer ma maison avec des lumières.	К счастью, мне нравится украшать дом огнями.	Thankfully, I rather enjoy decorating my home with lights.
Conversations/Bank/Caldarus/Banked Lines/fish_out_of_water/fish_out_of_water_17/init	I must admit, I am unused to the way my eyes perceive darkness as of late.	Je dois avouer que je ne suis pas habitué à la façon dont mes yeux perçoivent l'obscurité, depuis quelque temps.	Признаюсь, я до сих пор не привык к тому, как мои глаза воспринимают тьму.	I must admit, I am unused to the way my eyes perceive darkness as of late.
Conversations/Bank/Caldarus/Banked Lines/fish_out_of_water/fish_out_of_water_2/1	I have recently begun using a pine branch instead of my claws. It is much faster!	J'utilise depuis peu une branche de pin plutôt que mes griffes. C'est beaucoup plus rapide !	Недавно я стал использовать сосновую ветку вместо когтей — выходит куда быстрее!	I have recently begun using a pine branch instead of my claws. It is much faster!
Conversations/Bank/Caldarus/Banked Lines/fish_out_of_water/fish_out_of_water_2/2	It smells nice, too.	Et puis ça sent bon.	И пахнет приятно.	It smells nice, too.
Conversations/Bank/Caldarus/Banked Lines/fish_out_of_water/fish_out_of_water_2/init	Brushing one's hair takes a surprisingly long time.	Se brosser les cheveux prend un temps étonnamment long.	Расчёсывание волос отнимает удивительно много времени.	Brushing one's hair takes a surprisingly long time.
Conversations/Bank/Caldarus/Banked Lines/fish_out_of_water/fish_out_of_water_20/1	Having admired your various ensembles, I have become curious about contemporary attire.	En admirant tes différentes tenues, je suis devenu curieux des vêtements contemporains.	Насмотревшись на твои наряды, я начал испытывать любопытство насчёт современной моды.	Having admired your various ensembles, I have become curious about contemporary attire.
Conversations/Bank/Caldarus/Banked Lines/fish_out_of_water/fish_out_of_water_20/init	Someday I should like to walk around this Saturday Market you have spoken of.	Un jour, j'aimerais me promener dans ce marché du samedi dont tu m'as parlé.	Однажды я хотел бы прогуляться по Субботнему базару, о котором ты <p>рассказывали</p><f>рассказывала</f><m>рассказывал</m><n>рассказывало</n>.	Someday I should like to walk around this Saturday Market you have spoken of.
Conversations/Bank/Caldarus/Banked Lines/fish_out_of_water/fish_out_of_water_20_alt/1	It is quite enjoyable, leisurely browsing each booth.	Il est très agréable de contempler à loisir chaque étal.	Неторопливо осматривать разные лавки — весьма приятное занятие.	It is quite enjoyable, leisurely browsing each booth.
Conversations/Bank/Caldarus/Banked Lines/fish_out_of_water/fish_out_of_water_20_alt/init	I should like to walk around the Saturday Market next week.	J'aimerais me promener dans le marché du samedi, la semaine prochaine.	На следующей неделе я бы хотел прогуляться по Субботнему базару.	I should like to walk around the Saturday Market next week.
Conversations/Bank/Caldarus/Banked Lines/fish_out_of_water/fish_out_of_water_21/init	Despite my foggy memory, I am thankful my fingers remember how to play the lute.	En dépit des brumes de ma mémoire, mes doigts se rappellent heureusement comment jouer du luth.	Несмотря на туман в памяти, к счастью, мои пальцы помнят, как играть на лютне.	Despite my foggy memory, I am thankful my fingers remember how to play the lute.
Conversations/Bank/Caldarus/Banked Lines/fish_out_of_water/fish_out_of_water_22/1	I cannot help but miss the living fire of my draconic form. In this earthly form, I am always at the mercy of the elements.	Je ne puis m'empêcher de regretter le feu brûlant de mon existence de dragon. Sous cette forme terrestre, je suis toujours à la merci des éléments.	Я скучаю по живому пламени моего истинного облика. В теле человека я всегда завишу от капризов природы.	I cannot help but miss the living fire of my draconic form. In this earthly form, I am always at the mercy of the elements.
Conversations/Bank/Caldarus/Banked Lines/fish_out_of_water/fish_out_of_water_22/init	Are you not chilled, [Ari]?	N'as-tu pas un peu froid, [Ari] ?	Тебе не холодно, [Ari]?	Are you not chilled, [Ari]?
Conversations/Bank/Caldarus/Banked Lines/fish_out_of_water/fish_out_of_water_23/1	Worry not. Beneath these many layers, I am quite comfortable.	Mais ne t'inquiète pas, sous ces nombreuses épaisseurs, je me sens à mon aise.	Но не стоит страшиться. Под этими слоями ткани мне достаточно комфортно.	Worry not. Beneath these many layers, I am quite comfortable.
Conversations/Bank/Caldarus/Banked Lines/fish_out_of_water/fish_out_of_water_23/init	I was unprepared for the reality of the elements in a physical form. Now, I must work harder to keep warm.	Je n'étais pas préparé à la réalité des éléments sous ma nouvelle forme physique. Désormais, avoir chaud me demande plus de travail.	Я не ожидал, насколько суровы стихии для физической формы. Теперь мне приходится стараться, чтобы согреться.	I was unprepared for the reality of the elements in a physical form. Now, I must work harder to keep warm.
Conversations/Bank/Caldarus/Banked Lines/fish_out_of_water/fish_out_of_water_24/1	In this new shape, I find myself desiring the warmth of company as well.	Sous cette nouvelle forme, j'aspire moi-même à la présence chaleureuse de compagnons.	В этой новой форме я желаю теплоты других намного больше.	In this new shape, I find myself desiring the warmth of company as well.
Conversations/Bank/Caldarus/Banked Lines/fish_out_of_water/fish_out_of_water_24/init	Dragons are solitary creatures. Perhaps they would seek company as often as humans do if they were as sensitive to the elements.	Les dragons sont des créatures solitaires. Peut-être chercheraient-ils, comme les humains, de la compagnie s'ils étaient aussi sensibles qu'eux aux éléments.	Драконы — одиночки. Вероятно, если бы они были уязвимы к природе так же, как люди, они бы охотнее искали товарищества.	Dragons are solitary creatures. Perhaps they would seek company as often as humans do if they were as sensitive to the elements.
Conversations/Bank/Caldarus/Banked Lines/fish_out_of_water/fish_out_of_water_24_alt/1	Since taking mortal form, I find myself enjoying the warmth of company.	Depuis que j'ai pris une forme mortelle, il s'avère que j'apprécie la chaleur d'une compagnie.	Приняв смертное обличье, я нахожу, что стал больше наслаждаться тёплой компанией.	Since taking mortal form, I find myself enjoying the warmth of company.
Conversations/Bank/Caldarus/Banked Lines/fish_out_of_water/fish_out_of_water_24_alt/init	Dragons are typically solitary creatures. However...	Les dragons sont généralement des créatures solitaires. Cependant...	Обычно драконы — одиночки. Однако...	Dragons are typically solitary creatures. However...
Conversations/Bank/Caldarus/Banked Lines/fish_out_of_water/fish_out_of_water_25/1	But perhaps they would make it difficult to sleep in my bed.	Mais cela serait sans doute plus compliqué pour moi de dormir dans un lit.	Впрочем, они бы мешали мне спать на кровати.	But perhaps they would make it difficult to sleep in my bed.
Conversations/Bank/Caldarus/Banked Lines/fish_out_of_water/fish_out_of_water_25/init	I sometimes wonder if I should have kept my wings in this form...	Je me demande parfois si j'aurais dû conserver mes ailes sous cette forme...	Иногда я размышляю, что в этой форме мне стоило сохранить свои крылья...	I sometimes wonder if I should have kept my wings in this form...
Conversations/Bank/Caldarus/Banked Lines/fish_out_of_water/fish_out_of_water_26/1	In my opinion, one can never have enough rugs or blankets.	De mon point de vue, on n'a jamais trop de tapis ou de couvertures.	Я считаю, одеял и пледов никогда не может быть слишком много.	In my opinion, one can never have enough rugs or blankets.
Conversations/Bank/Caldarus/Banked Lines/fish_out_of_water/fish_out_of_water_26/init	Of the many and varied human inventions, weaving is one of my favorites. Such meticulous work, and such beautiful results.	Des multiples et diverses inventions humaines, le tissage est ma préférée. C'est un travail très méticuleux qui donne de magnifiques résultats.	Из множества изобретений человечества, одно из моих любимых — пряжа. Такая кропотливая работа, но приносит такие прекрасные результаты.	Of the many and varied human inventions, weaving is one of my favorites. Such meticulous work, and such beautiful results.
Conversations/Bank/Caldarus/Banked Lines/fish_out_of_water/fish_out_of_water_27/1	How many rugs is too many?	À partir de combien de tapis peut-on dire que l'on en a trop ?	В какой момент пледов становится слишком много? 	How many rugs is too many?
Conversations/Bank/Caldarus/Banked Lines/fish_out_of_water/fish_out_of_water_27/init	Looking around my home, one cannot help but wonder...	Quand je regarde mon intérieur, une question me vient...	Иногда, осматривая своё жилище, я задумываюсь...	Looking around my home, one cannot help but wonder...
Conversations/Bank/Caldarus/Banked Lines/fish_out_of_water/fish_out_of_water_28/1	Unfortunately, if I were to try them on myself, my talons would certainly rend them to ribbons.	Malheureusement, si je devais en passer, elles finiraient sans doute en lambeau à cause de mes griffes.	К сожалению, я не могу испытать этот опыт на себе. Мои когти непременно разорвут их в клочья.	Unfortunately, if I were to try them on myself, my talons would certainly rend them to ribbons.
Conversations/Bank/Caldarus/Banked Lines/fish_out_of_water/fish_out_of_water_28/init	I have always found myself curious about the uniquely human practice of wearing socks.	J'ai toujours été intrigué par l'habitude propre aux humains de porter des chaussettes.	Мне всегда было крайне любопытно одно уникальное человеческое свойство — ношение носков.	I have always found myself curious about the uniquely human practice of wearing socks.
Conversations/Bank/Caldarus/Banked Lines/fish_out_of_water/fish_out_of_water_29/1	Perhaps someday, I will try my hand at this... ranching.	Peut-être qu'un jour je m'essaierai à cet... élevage.	Возможно, когда-нибудь и мне доведётся попробовать это ваше... животноводство.	Perhaps someday, I will try my hand at this... ranching.
Conversations/Bank/Caldarus/Banked Lines/fish_out_of_water/fish_out_of_water_29/init	The practice of domestication is fascinating. Tying one's future to the beasts of the earth, and vice versa.	La pratique de la domestication est fascinante. Il s'agit de lier son destin aux créatures terrestres, et inversement.	Человеческая практика одомашнивания животных впечатляет меня. Есть что-то в этом связывании своей судьбы с другими земными существами.	The practice of domestication is fascinating. Tying one's future to the beasts of the earth, and vice versa.
Conversations/Bank/Caldarus/Banked Lines/fish_out_of_water/fish_out_of_water_3/1	But now, those types of little details seem important.	Mais ce genre de petits détails semble désormais important.	А теперь такие мелочи кажутся важными.	But now, those types of little details seem important.
Conversations/Bank/Caldarus/Banked Lines/fish_out_of_water/fish_out_of_water_3/init	In the past, I was never concerned with trimming my claws.	Autrefois, je ne me souciais jamais de tailler mes griffes.	Раньше я не задумывался о подрезании когтей.	In the past, I was never concerned with trimming my claws.
Conversations/Bank/Caldarus/Banked Lines/fish_out_of_water/fish_out_of_water_30/1	Yes, it is indeed quite different than mine. It is soft. And warm.	Oui, elle est en effet très différente de la mienne. Elle est douce et chaude.	Да уж, она действительно сильно отличается от моей. Такая мягкая. И теплая.	Yes, it is indeed quite different than mine. It is soft. And warm.
Conversations/Bank/Caldarus/Banked Lines/fish_out_of_water/fish_out_of_water_30/init	[Ari]. A matter of curiosity, I would like to see your hand if you would not mind.	[Ari]. Par pure curiosité, j'aimerais regarder ta main, si cela ne t'ennuie pas.	[Ari], позволь мне утолить любопытсво. Покажи свою руку, если тебя это не затруднит.	[Ari]. A matter of curiosity, I would like to see your hand if you would not mind.
Conversations/Bank/Caldarus/Banked Lines/fish_out_of_water/fish_out_of_water_31/1	I hope my stature does not trouble you.	J'espère que ma stature ne te dérange pas.	Надеюсь, мой рост не доставляет тебе неудобств.	I hope my stature does not trouble you.
Conversations/Bank/Caldarus/Banked Lines/fish_out_of_water/fish_out_of_water_31/init	I did not intend to become notably taller than the average human when I transformed.	Quand je me suis transformé, il n'était pas dans mon intention de devenir beaucoup plus grand que la plupart des êtres humains.	Я не преследовал цели стать заметно выше других людей, когда принимал эту форму.	I did not intend to become notably taller than the average human when I transformed.
Conversations/Bank/Caldarus/Banked Lines/fish_out_of_water/fish_out_of_water_32/init	What is the experience of wearing shoes like? Do you wear them for protection, or for self-expression?	Qu'éprouve-t-on lorsque l'on porte des chaussures ? Le fait-on pour se protéger ou est-ce un moyen d'exprimer qui l'on est ?	Каково это — носить обувь? Вы, люди, носите её для защиты ног или просто для самовыражения?	What is the experience of wearing shoes like? Do you wear them for protection, or for self-expression?
Conversations/Bank/Caldarus/Banked Lines/fish_out_of_water/fish_out_of_water_4/1	And so, humans perplex me. Is it not difficult to move around without one?	Par conséquent, les humains me laissent perplexe. N'est-il pas difficile de se déplacer sans cela ?	Потому я не понимаю, как люди обходятся без него. Разве это не трудно?	And so, humans perplex me. Is it not difficult to move around without one?
Conversations/Bank/Caldarus/Banked Lines/fish_out_of_water/fish_out_of_water_4/init	I have always considered a tail essential for balance.	J'ai toujours considéré qu'avoir une queue était indispensable à l'équilibre.	Хвост всегда казался мне необходимым для равновесия.	I have always considered a tail essential for balance.
Conversations/Bank/Caldarus/Banked Lines/fish_out_of_water/fish_out_of_water_5/1	The anticipation of a meal nearly ready to eat. The anticipation of unfurling a scroll. The anticipation of your next visit.	L'impatience devant un repas presque prêt à manger. L'impatience de dérouler un parchemin. L'impatience de ta prochaine visite.	Предвкушение трапезы, когда блюдо почти готово. Приятное ожидание, когда разворачиваешь свиток. Предвкушение твоего визита.	The anticipation of a meal nearly ready to eat. The anticipation of unfurling a scroll. The anticipation of your next visit.
Conversations/Bank/Caldarus/Banked Lines/fish_out_of_water/fish_out_of_water_5/2	It is new to me.	Tout cela est nouveau pour moi.	Для меня всё это в новинку.	It is new to me.
Conversations/Bank/Caldarus/Banked Lines/fish_out_of_water/fish_out_of_water_5/init	Somehow, feelings are sharper and more pronounced lately.	Curieusement, j'éprouve des sentiments plus nets et plus forts depuis quelque temps.	В последнее время чувства стали острее и ярче.	Somehow, feelings are sharper and more pronounced lately.
Conversations/Bank/Caldarus/Banked Lines/fish_out_of_water/fish_out_of_water_6/1	I thought that the priestesses looked so elegant with their tresses. And they made it look so easy...	Je trouvais les prêtresses si élégantes avec leurs tresses. Et cela avait l'air si simple à faire...	Жрицы с пышными косами казались мне такими изящными. Будто это им давалось так легко...	I thought that the priestesses looked so elegant with their tresses. And they made it look so easy...
Conversations/Bank/Caldarus/Banked Lines/fish_out_of_water/fish_out_of_water_6/2	They never came to the temple with leaves caught in a tangle.	Jamais elles ne venaient au temple avec des feuilles coincées dans une tignasse emmêlée.	Они никогда не приходили в храм с листьями, запутавшимися в прядях.	They never came to the temple with leaves caught in a tangle.
Conversations/Bank/Caldarus/Banked Lines/fish_out_of_water/fish_out_of_water_6/init	When I chose this form, I did not realize just how much one must care for hair. Dragons need not worry about such things.	Quand j'ai choisi cette forme, je n'ai pas réalisé combien il fallait prendre soin de sa chevelure. Les dragons n'ont nul besoin de s'inquiéter de telles choses.	Выбирая эту форму, я не осознавал, сколько забот доставляют волосы. Драконам не приходится о таком думать.	When I chose this form, I did not realize just how much one must care for hair. Dragons need not worry about such things.
Conversations/Bank/Caldarus/Banked Lines/fish_out_of_water/fish_out_of_water_7/1	It would be nice to experience the bathhouse, one day. A hot bath now holds a great deal of appeal.	J'apprécierais d'essayer les bains, un jour. L'idée de me plonger dans une eau chauffée me semble désormais très attrayante.	Хотелось бы однажды попробовать купальню. Горячая ванна теперь кажется очень заманчивой.	It would be nice to experience the bathhouse, one day. A hot bath now holds a great deal of appeal.
Conversations/Bank/Caldarus/Banked Lines/fish_out_of_water/fish_out_of_water_7/init	Bathing in a stream is natural for a dragon, but the water is colder than I remember.	Se baigner dans un cours d'eau est naturel pour un dragon, mais l'eau est plus froide que dans mon souvenir.	Купание в ручье — естественно для дракона, но вода оказалась холоднее, чем я помнил.	Bathing in a stream is natural for a dragon, but the water is colder than I remember.
Conversations/Bank/Caldarus/Banked Lines/fish_out_of_water/fish_out_of_water_7_alt/1	A hot bath holds a great deal more appeal. I am thankful that I may now visit the bathhouse as I please.	Un bain chaud a beaucoup plus d'attraits. Je suis reconnaissant de pouvoir désormais me rendre aux bains comme bon me semble.	Горячая ванна гораздо привлекательнее. Благодарю тебя за то, что теперь могу посещать купальню, когда пожелаю.	A hot bath holds a great deal more appeal. I am thankful that I may now visit the bathhouse as I please.
Conversations/Bank/Caldarus/Banked Lines/fish_out_of_water/fish_out_of_water_7_alt/init	Bathing in a stream is natural for a dragon, but the water is rather cold...	Se baigner dans un cours d'eau est naturel pour un dragon, mais l'eau est plutôt froide...	Купание в ручье — естественно для дракона, но вода довольно холодная...	Bathing in a stream is natural for a dragon, but the water is rather cold...
Conversations/Bank/Caldarus/Banked Lines/fish_out_of_water/fish_out_of_water_8/1_eog	I was able to purchase a packet of grounds, which I brewed this morning.			I was able to purchase a packet of grounds, which I brewed this morning.
Conversations/Bank/Caldarus/Banked Lines/fish_out_of_water/fish_out_of_water_8/1_n	An anonymous request of Balor secured me a packet of grounds, which I brewed this morning.	Grâce à une demande anonyme auprès de Balor, j'ai pu en obtenir un paquet moulu, que j'ai fait infuser ce matin.	По анонимной просьбе Балор доставил мне пакет молотых зёрен. Я заварил его сегодня утром.	An anonymous request of Balor secured me a packet of grounds, which I brewed this morning.
Conversations/Bank/Caldarus/Banked Lines/fish_out_of_water/fish_out_of_water_8/2	However, I believe my measurements may have been off. Unless, the room seems to be vibrating to you as well...?	Il me semble cependant que mon dosage était inapproprié. Sauf s'il te semble, à toi aussi, que la pièce tremble...?	Однако, подозреваю, я переборщил с дозировкой. Или для тебя эта комната тоже ходит ходуном?...	However, I believe my measurements may have been off. Unless, the room seems to be vibrating to you as well...?
Conversations/Bank/Caldarus/Banked Lines/fish_out_of_water/fish_out_of_water_8/init	Since awakening, I have observed many in Mistria drinking a beverage extracted from fire-darkened beans. They called it... $Coffee$.	Depuis que je me suis réveillé, j'ai constaté que beaucoup de personnes à Mistria consommaient un breuvage extrait de fèves noircies au feu. Elles appellent cela... café.	Со времени моего пробуждения я заметил, что в Мистрии пьют напиток из обжаренных зёрен. Его называют... кофе.	Since awakening, I have observed many in Mistria drinking a beverage extracted from fire-darkened beans. They called it... $Coffee$.
Conversations/Bank/Caldarus/Banked Lines/fish_out_of_water/fish_out_of_water_9/1	But now, I must admit... it is pleasing to express oneself through clothing.	Mais désormais, je dois l'avouer... Il est agréable de s'exprimer par l'habillement.	Но теперь, признаю... приятно выражать себя с помощью одежды.	But now, I must admit... it is pleasing to express oneself through clothing.
Conversations/Bank/Caldarus/Banked Lines/fish_out_of_water/fish_out_of_water_9/init	As a dragon, I did not wear any adornments save the ceremonial necessities.	Sous ma forme de dragon, je ne portais aucune parure, hormis pour les obligations cérémonielles.	Будучи драконом, я не носил никаких украшений, кроме церемониальных.	As a dragon, I did not wear any adornments save the ceremonial necessities.
Conversations/Bank/Caldarus/Banked Lines/gardening/gardening_0/1	It has inspired me to grow my own garden as well.	Cela m'a motivé à faire moi aussi mon propre jardin.	...Я и сам вдохновился на выращивание собственного сада.	It has inspired me to grow my own garden as well.
Conversations/Bank/Caldarus/Banked Lines/gardening/gardening_0/init	All that time, watching the plants grow so happily on your farm...	Tout ce temps passé à regarder les plantes pousser avec tant de bonheur sur ta ferme...	За всё время наблюдения, как счастливо растения сосуществуют на твоей ферме...	All that time, watching the plants grow so happily on your farm...
Conversations/Bank/Caldarus/Banked Lines/gardening/gardening_1/1	They are growing up well.	Ils poussent bien.	Они хорошо растут.	They are growing up well.
Conversations/Bank/Caldarus/Banked Lines/gardening/gardening_1/init	Greetings, [Ari]. I was just conversing with the little ones here.	Félicitations, [Ari]. J'étais en train de converser avec ces petits plants.	Приветствую, [Ari]. Я всего лишь общался с этими малютками.	Greetings, [Ari]. I was just conversing with the little ones here.
Conversations/Bank/Caldarus/Banked Lines/gardening/gardening_2/1	I understand you a little more, I think.	Je crois que je te comprends un peu mieux.	Кажется, я стал понимать тебя чуточку лучше.	I understand you a little more, I think.
Conversations/Bank/Caldarus/Banked Lines/gardening/gardening_2/init	Turning the earth over with my own hands, readying it for planting...	Retourner la terre de mes mains, la préparer pour les semis...	Собственными руками пахая землю и подготавливая её к посадке растений...	Turning the earth over with my own hands, readying it for planting...
Conversations/Bank/Caldarus/Banked Lines/gardening/gardening_3/init	It is a blessing that the soil gifts us with crops, no matter the season.	C'est une bénédiction que le sol nous fasse cadeau de ses récoltes, quelle que soit la saison.	Как благословенно, что земля может одарить нас урожаем независимо от времени года.	It is a blessing that the soil gifts us with crops, no matter the season.
Conversations/Bank/Caldarus/Banked Lines/gardening/gardening_4/1	It is much better than using my claws.	C'est bien mieux que d'utiliser mes griffes.	Использовать её намного удобнее, чем собственные когти.	It is much better than using my claws.
Conversations/Bank/Caldarus/Banked Lines/gardening/gardening_4/init	I am thankful that Balor was able to procure a spade in one of my orders.	Je suis reconnaissant à Balor d'avoir pu se procurer la bêche que j'avais demandée dans l'une de mes commandes.	Я благодарен Балору, что он смог доставить мне мотыгу по моему заказу.	I am thankful that Balor was able to procure a spade in one of my orders.
Conversations/Bank/Caldarus/Banked Lines/gardening/gardening_5/1	Rather, the plants tell me what they need as they need it.	Ce sont plutôt les plantes qui me disent au fur et à mesure ce dont elles ont besoin.	Они сами сообщают мне, что и когда им необходимо.	Rather, the plants tell me what they need as they need it.
Conversations/Bank/Caldarus/Banked Lines/gardening/gardening_5/init	I do not keep a regular schedule of watering the way that you do.	Je ne tiens pas, comme toi, un calendrier régulier des arrosages.	В отличие от тебя, я не придерживаюсь регулярного расписания, когда поливаю растения.	I do not keep a regular schedule of watering the way that you do.
Conversations/Bank/Caldarus/Banked Lines/gardening/gardening_6/1	It makes gardening in the Deep Woods a challenge. And yet, it is an enjoyable one.	Cela fait du jardinage à Boissombre un défi, néanmoins plaisant.	По этой причине садоводство в Глубокой чаще не из лёгких. Но трудности делают это лишь интереснее.	It makes gardening in the Deep Woods a challenge. And yet, it is an enjoyable one.
Conversations/Bank/Caldarus/Banked Lines/gardening/gardening_6/init	The elder trees here have first claim of nutrients in the soil, as well as sunlight.	Les arbres les plus anciens ont été les premiers à prétendre aux nutriments du sol et à la lumière du soleil.	Старинные деревья в этом лесу по праву первыми питаются от земли и солнца.	The elder trees here have first claim of nutrients in the soil, as well as sunlight.
Conversations/Bank/Caldarus/Banked Lines/gardening/gardening_7/1	Maybe someday I will have the opportunity to do some planting there.	Peut-être aurai-je un jour l'opportunité d'y faire quelques plantations.	Возможно, придёт день, когда мне представится возможность посадить что-нибудь и там.	Maybe someday I will have the opportunity to do some planting there.
Conversations/Bank/Caldarus/Banked Lines/gardening/gardening_7/2	Near the statue bearing my likeness, perhaps.	Pourquoi pas près de la statue qui me ressemble ?	Возможно, рядом со статуей по моему образу.	Near the statue bearing my likeness, perhaps.
Conversations/Bank/Caldarus/Banked Lines/gardening/gardening_7/init	I would be curious to see how the soil in the Deep Woods differs from your farm, [Ari].	Je serais curieux de voir ce qui distingue le sol de Boissombre de celui de ta ferme, [Ari].	Мне было бы интересно узнать, чем почва Глубокой чащи отличается от твоей, [Ari], на ферме.	I would be curious to see how the soil in the Deep Woods differs from your farm, [Ari].
Conversations/Bank/Caldarus/Banked Lines/general_store/general_store_0/1	I wish to replicate it, but the letters are worn from age and water damage.	J'aimerais la reproduire, mais les caractères sont difficiles à lire, décolorés par l'humidité et l'ancienneté.	Я бы хотел его воспроизвести, но буквы затёрлись от времени и влаги.	I wish to replicate it, but the letters are worn from age and water damage.
Conversations/Bank/Caldarus/Banked Lines/general_store/general_store_0/2	Do you suppose it calls for two scoops of sugar, or two bags?	D'après toi, a-t-on besoin de deux cuillères ou de deux sacs de sucre ?	Как ты полагаешь, там требуется две ложки сахара или два мешка?	Do you suppose it calls for two scoops of sugar, or two bags?
Conversations/Bank/Caldarus/Banked Lines/general_store/general_store_0/3	I will use two bags, just to be certain.	Je vais en mettre deux sacs, par sécurité.	Лучше положу два мешка. На всякий случай.	I will use two bags, just to be certain.
Conversations/Bank/Caldarus/Banked Lines/general_store/general_store_0/init	I came across a curious recipe in an old tome...	J'ai découvert une curieuse recette dans un vieil ouvrage...	Я нашёл в одном старом фолианте любопытный рецепт...	I came across a curious recipe in an old tome...
Conversations/Bank/Caldarus/Banked Lines/general_store/general_store_1/1	However, when speaking with Reina about cooking, she says it is a creative endeavor with no wrong answers.	Néanmoins, quand je parle de cuisine avec Reina, elle affirme qu'il s'agit d'un processus créatif où il n'y a jamais de mauvaise réponse.	А когда я говорю про готовку с Рейной, она говорит, что это творческий процесс, где нет неправильных ответов.	However, when speaking with Reina about cooking, she says it is a creative endeavor with no wrong answers.
Conversations/Bank/Caldarus/Banked Lines/general_store/general_store_1/2	They are not unlike philosophers from different schools of thought. I will endeavor to learn from them both.	Ils m'évoquent deux philosophes suivant des écoles de pensée différentes. Je vais m'efforcer d'apprendre de chacun d'eux.	В этом они напоминают мне философов разных школ. И я буду стремиться усвоить уроки от них обоих.	They are not unlike philosophers from different schools of thought. I will endeavor to learn from them both.
Conversations/Bank/Caldarus/Banked Lines/general_store/general_store_1/init	When I converse with Ryis about baking, he describes it as a precise science with specific measurements, temperatures, and timing.	Quand je discute avec Ryis de la cuisson, il en parle comme d'une science exacte, avec des mesures, des températures et une durée précises.	Когда я обсуждаю выпечку с Ризом, он описывает её как строгую науку с точными измерениями, температурой и отсчётом времени.	When I converse with Ryis about baking, he describes it as a precise science with specific measurements, temperatures, and timing.
Conversations/Bank/Caldarus/Banked Lines/general_store/general_store_2/1	I have great appreciation and admiration for Balor... he fulfilled my orders while I was confined to the Deep Woods...	J'apprécie Balor et je l'admire beaucoup... Il a honoré mes commandes lorsque j'étais confiné à Boissombre...	Я высоко ценю и уважаю Балора... Он выполнял мои заказы, когда я был заперт в Глубокой чаще...	I have great appreciation and admiration for Balor... he fulfilled my orders while I was confined to the Deep Woods...
Conversations/Bank/Caldarus/Banked Lines/general_store/general_store_2/2	But if one desires to make cookies today, one needs $Chocolate$ with great urgency.	Mais pour préparer des cookies aujourd'hui, du $chocolat$ va m'être nécessaire de toute urgence.	Но если вдруг захочется сегодня же сделать печенье, $шоколад$ необходимо добыть немедленно.	But if one desires to make cookies today, one needs $Chocolate$ with great urgency.
Conversations/Bank/Caldarus/Banked Lines/general_store/general_store_2/init	It is wonderful, being able to walk to a grocery store to buy what I need right away.	Il est merveilleux de pouvoir se rendre à pied jusqu'à une épicerie pour acheter immédiatement ce dont j'ai besoin.	Как же чудесно иметь возможность зайти в магазин и сразу купить всё, что мне нужно.	It is wonderful, being able to walk to a grocery store to buy what I need right away.
Conversations/Bank/Caldarus/Banked Lines/grove_of_rest/grove_of_rest_0/1	As the years pass, the tree lifts the marker skyward.	Au fil des ans, la tablette s'élève à mesure que l'arbre pousse.	Год за годом дерево поднимает плиту наверх.	As the years pass, the tree lifts the marker skyward.
Conversations/Bank/Caldarus/Banked Lines/grove_of_rest/grove_of_rest_0/2	Over time, the headstone becomes too high for the average person to read, as is the case with the grave of Doctor Valen's father.	Petit à petit, la stèle devient trop haute pour être lue par la plupart des gens, comme c'est le cas pour la sépulture du père de la docteure Valen.	Со временем она оказывается так высоко, что обычный человек уже не может её прочитать. Так случилось с погребальной плитой отца Вален.	Over time, the headstone becomes too high for the average person to read, as is the case with the grave of Doctor Valen's father.
Conversations/Bank/Caldarus/Banked Lines/grove_of_rest/grove_of_rest_0/3	Soon, even I will not be able to read its epitaph.	Bientôt, même moi je ne pourrai plus lire son épitaphe.	Скоро даже я не смогу прочитать эпитафию.	Soon, even I will not be able to read its epitaph.
Conversations/Bank/Caldarus/Banked Lines/grove_of_rest/grove_of_rest_0/init	Mistrians have long held the tradition of attaching burial markers to young saplings.	Les Mistriens ont pour tradition, depuis longtemps, d'attacher des tablettes funéraires à des arbrisseaux.	У мистрийцев есть древняя традиция прицеплять к молодым росткам погребальные плиты.	Mistrians have long held the tradition of attaching burial markers to young saplings.
Conversations/Bank/Caldarus/Banked Lines/grove_of_rest/grove_of_rest_1/1	It is curious to know so much of her, despite never having the opportunity to meet her.	Il est curieux de connaître d'elle tant de choses sans jamais avoir eu l'occasion de la rencontrer.	Занимательно, как много я о ней знаю, хотя ни разу её не видел.	It is curious to know so much of her, despite never having the opportunity to meet her.
Conversations/Bank/Caldarus/Banked Lines/grove_of_rest/grove_of_rest_1/2	Yet, she is ever-present. In Hayden's home, and his mannerisms, and his person.	Pourtant, elle est toujours présente. Dans la maison d'Hayden, dans ses habitudes, dans sa gestuelle.	Тем не менее она незримо присутствует с нами. В доме Хейдена, в его повадках и в его характере.	Yet, she is ever-present. In Hayden's home, and his mannerisms, and his person.
Conversations/Bank/Caldarus/Banked Lines/grove_of_rest/grove_of_rest_1/init	Hayden's storied grandmother is laid to rest in this grove.	La légendaire grand-mère d'Hayden repose dans ce bosquet.	В этой роще покоится бабушка Хейдена — героиня многих историй.	Hayden's storied grandmother is laid to rest in this grove.
Conversations/Bank/Caldarus/Banked Lines/grove_of_rest/grove_of_rest_2/1	But in the winter, the snow hushes all sound...	Mais en hiver, la neige étouffe tous les sons...	А зимой снег приглушает все звуки...	But in the winter, the snow hushes all sound...
Conversations/Bank/Caldarus/Banked Lines/grove_of_rest/grove_of_rest_2/2	And that quiet becomes deeper, and enveloping.	Et le calme s'approfondit encore, devient plus enveloppant.	И тишина становится ещё более глубокой и всепроникающей.	And that quiet becomes deeper, and enveloping.
Conversations/Bank/Caldarus/Banked Lines/grove_of_rest/grove_of_rest_2/3	Almost like a touch.	Presque palpable.	В такие моменты она кажется почти осязаемой.	Almost like a touch.
Conversations/Bank/Caldarus/Banked Lines/grove_of_rest/grove_of_rest_2/init	The Grove of Rest is always a place of quiet contemplation.	Le bosquet du repos est toujours un lieu de contemplation paisible.	Роща упокоения — это всегда место для размышлений в тишине.	The Grove of Rest is always a place of quiet contemplation.
Conversations/Bank/Caldarus/Banked Lines/grove_of_rest/grove_of_rest_3/1	The towering pines are singularly beautiful when capped in snow.	Ces immenses pins sont d'une singulière beauté lorsque la neige les coiffe.	Эти величавые сосны необыкновенно прекрасны в своих снежных шапках.	The towering pines are singularly beautiful when capped in snow.
Conversations/Bank/Caldarus/Banked Lines/grove_of_rest/grove_of_rest_3/init	Ah, [Ari]... Have you also come to appreciate the grove's winter raiment?	Ah, [Ari]... Es-tu là pour savourer la parure hivernale de ces bois ?	А, [Ari]... Ты тоже <p>пришли</p><f>пришла</f><m>пришёл</m><n>пришло</n> полюбоваться зимним одеянием рощи?	Ah, [Ari]... Have you also come to appreciate the grove's winter raiment?
Conversations/Bank/Caldarus/Banked Lines/hayden_chores/hayden_chores_0/1	Observing Henrietta... I am reminded of these stories.	Et regarder Henrietta... me rappelle ces contes.	Когда я наблюдаю за Генриеттой... Я вспоминаю эти рассказы.	Observing Henrietta... I am reminded of these stories.
Conversations/Bank/Caldarus/Banked Lines/hayden_chores/hayden_chores_0/init	There were tales I was told as a hatchling, of prehistoric terrorbirds so great and fierce they could overtake an unsuspecting young dragon.	Quand j'étais tout petit, on m'a raconté des histoires d'oiseaux préhistoriques terrifiants, si grands et redoutables qu'ils pouvaient emporter un jeune dragon.	Когда я только вылупился, мне рассказывали легенды о грозных доисторических птицах. Они были такие огромные и свирепые, что могли сразить зазевавшегося молодого дракона.	There were tales I was told as a hatchling, of prehistoric terrorbirds so great and fierce they could overtake an unsuspecting young dragon.
Conversations/Bank/Caldarus/Banked Lines/hayden_chores/hayden_chores_1/1	Her sense of humor is quite cutting, however. I hope she will learn to temper her wit as she matures.	Mais elle a un sens de l'humour assez incisif. J'espère qu'elle apprendra à modérer ses traits d'esprit quand elle gagnera en maturité.	Однако у неё весьма едкое чувство юмора. Надеюсь, с возрастом она научится сдерживать свои остроты.	Her sense of humor is quite cutting, however. I hope she will learn to temper her wit as she matures.
Conversations/Bank/Caldarus/Banked Lines/hayden_chores/hayden_chores_1/init	Hayden's chicken, Henrietta, seems more clever than the rest of her flock...	Henrietta, la poule d'Hayden, semble plus maligne que ses congénères...	Генриетта, курица Хейдена, кажется умнее своих собратьев...	Hayden's chicken, Henrietta, seems more clever than the rest of her flock...
Conversations/Bank/Caldarus/Banked Lines/hayden_chores/hayden_chores_2/1	It resonates with those who hold the affections of their animals.	Elle entre en résonance avec les personnes pour qui leurs animaux ont de l'affection.	Она откликается тем, кто с любовью относится к животным.	It resonates with those who hold the affections of their animals.
Conversations/Bank/Caldarus/Banked Lines/hayden_chores/hayden_chores_2/2	Love is an old and enduring magic, indeed.	L'amour est bien une forme de magie ancienne et durable.	Ведь любовь — это магия, не увядающая с самых древних времён.	Love is an old and enduring magic, indeed.
Conversations/Bank/Caldarus/Banked Lines/hayden_chores/hayden_chores_2/init	There is old magic flowing through the statue south of this farm...	Une magie ancienne émane de la statue située au sud de cette ferme...	Статуя к югу от этой фермы хранит древнюю магию...	There is old magic flowing through the statue south of this farm...
Conversations/Bank/Caldarus/Banked Lines/hayden_chores/hayden_chores_3/1	Watching him tend to the animals is quite calming, and he never fails to send me off with a homecooked meal.	Le regarder s'occuper de ses animaux est très apaisant et je repars toujours chez moi avec un repas maison.	Я наполняюсь спокойствием, когда вижу, как он ухаживает за животными. И он всегда даёт мне домашней еды в дорогу.	Watching him tend to the animals is quite calming, and he never fails to send me off with a homecooked meal.
Conversations/Bank/Caldarus/Banked Lines/hayden_chores/hayden_chores_3/2	I wonder if he considers me another beast to mind...	Je me demande s'il me considère comme une créature sur laquelle il doit veiller...	Мне пришло в голову: может, он заботится обо мне, как о ещё одном чудном звере...	I wonder if he considers me another beast to mind...
Conversations/Bank/Caldarus/Banked Lines/hayden_chores/hayden_chores_3/init	Hayden has welcomed my visits to his farm most graciously.	Hayden accueille de bonne grâce mes visites dans sa ferme.	Хейден всегда крайне любезно принимает меня в гостях.	Hayden has welcomed my visits to his farm most graciously.
Conversations/Bank/Caldarus/Banked Lines/items/bell_berry_0/1	They are quite sweet, if you are partial to sweetness.	Elles sont très sucrées, pour qui est friand de ce goût.	Если тебе нравятся сладости, то вкус этих ягод придётся тебе по нраву.	They are quite sweet, if you are partial to sweetness.
Conversations/Bank/Caldarus/Banked Lines/items/bell_berry_0/init	Have you seen the $Bell Berries$ growing around the Deep Woods?	As-tu vu les $clocherelles$ qui poussent un peu partout à Boissombre ?	Представлялось ли тебе видать в сей Глубокой чаще $колокольник$?	Have you seen the $Bell Berries$ growing around the Deep Woods?
Conversations/Bank/Caldarus/Banked Lines/items/dragon_horn_beetle_0/1	Do not be confused. They are not true dragons.	Ne laisse pas leur nom t'embrouiller : leurs cornes sont minuscules.	Не стоит путать их с настоящими драконами. 	Do not be confused. They are not true dragons.
Conversations/Bank/Caldarus/Banked Lines/items/dragon_horn_beetle_0/init	The $Dragon Horn Beetle$ can occasionally be found in these woods.	On trouve parfois dans ces bois des $corneléoptère$.	Иногда в этих лесах можно встретить $жука-драконорога$.	The $Dragon Horn Beetle$ can occasionally be found in these woods.
Conversations/Bank/Caldarus/Banked Lines/items/mote_firefly_0/init	Have you seen the $Mote Firefly$? There is a legend that they appear in great times of need, when a lost traveler must be guided from the woods.	As-tu déjà vu une $luciole des bois$ ? La légende veut qu'elles apparaissent dans les moments de grande détresse, pour guider hors des bois les voyageurs perdus.	Доводилось ли тебе встречать $светлячка-крошку$? По легенде, эти создания объявляются во время великой нужды, чтобы вывести потерявшегося путника из леса.	Have you seen the $Mote Firefly$? There is a legend that they appear in great times of need, when a lost traveler must be guided from the woods.
Conversations/Bank/Caldarus/Banked Lines/items/singing_katydid_0/1	One never knows when the opportunity for a duet might arise.	On ne sait jamais quand pourrait se présenter l'occasion d'un duo.	Никогда не знаешь, когда тебе может представиться возможность сыграть дуэтом.	One never knows when the opportunity for a duet might arise.
Conversations/Bank/Caldarus/Banked Lines/items/singing_katydid_0/init	It is rare to hear the $Singing Katydid$ in these woods, but I like to keep my lute close at hand just in case.	Il est rare d'entendre la $locuste chantante$ dans ces bois, mais j'aime garder mon luth à portée de main, au cas où.	Услышать $певчего длинноуса$ в этих лесах — возможность редкая. Но я предпочитаю держать лютню при себе. На всякий случай.	It is rare to hear the $Singing Katydid$ in these woods, but I like to keep my lute close at hand just in case.
Conversations/Bank/Caldarus/Banked Lines/items/spirit_mushroom_0/1	They are beautiful, and make a pleasant =Spirit Mushroom Tea=.	Ils sont magnifiques et permettent de préparer un =thé aux cérébolets= délicieux.	Они красиво выглядят, а =чай из призрачных грибов= приятен на вкус.	They are beautiful, and make a pleasant =Spirit Mushroom Tea=.
Conversations/Bank/Caldarus/Banked Lines/items/spirit_mushroom_0/init	Have you foraged any $Spirit Mushrooms$ yet?	As-tu déjà récolté des $cérébolets$ ?	Попадались ли тебе $призрачные грибы$?	Have you foraged any $Spirit Mushrooms$ yet?
Conversations/Bank/Caldarus/Banked Lines/items/temple_flower_0/1	I am pleased to see they have lasted through the ages.	Je suis ravi qu'ils aient survécu au fil des époques.	Меня радует, что даже спустя века они всё ещё цветут.	I am pleased to see they have lasted through the ages.
Conversations/Bank/Caldarus/Banked Lines/items/temple_flower_0/init	The Priestesses loved the $Temple Flowers$ that grew in the Deep Woods, and planted them around the temple grounds.	Les prêtresses adoraient les $plumeria$ qui poussaient à Boissombre et en ont planté partout autour du temple.	Жрицы очень любили $храмовые цветы$, что росли в Глубокой чаще, и рассадили их вокруг территории храма.	The Priestesses loved the $Temple Flowers$ that grew in the Deep Woods, and planted them around the temple grounds.
Conversations/Bank/Caldarus/Banked Lines/items/thorn_vine_0/init	You must be careful when harvesting $Thorn Vines$, [Ari]. Their barbs are difficult to navigate, even if one has claws.	Fais bien attention quand tu récoltes des $ronces$, [Ari]. Il est difficile d'éviter leurs épines, même quand on a des griffes.	Тебе следует соблюдать осторожность, собирая $шипастые лозы$, [Ari]. Даже для когтей их шипы доставляют много неудобств.	You must be careful when harvesting $Thorn Vines$, [Ari]. Their barbs are difficult to navigate, even if one has claws.
Conversations/Bank/Caldarus/Banked Lines/items/walnut_0/1	If you need help cracking them open, I am happy to oblige.	Si tu as besoin d'aide pour les casser et les ouvrir, je te rendrai ce service avec plaisir.	Если тебе понадобится помощь в их колке, я буду рад её оказать.	If you need help cracking them open, I am happy to oblige.
Conversations/Bank/Caldarus/Banked Lines/items/walnut_0/init	$Walnuts$ grow quite plentifully in the Deep Woods.	Il y a énormément de $noix$ à Boissombre.	В Глубокой чаще растёт много $грецких орехов$.	$Walnuts$ grow quite plentifully in the Deep Woods.
Conversations/Bank/Caldarus/Banked Lines/lore/grove_of_rest/1	It is an ancient custom, to plant a tree when a human passes on.	C'est une coutume très ancienne de planter un arbre quand un humain trépasse.	По древней традиции, когда человек уходит из этого мира, в этой роще сажается дерево.	It is an ancient custom, to plant a tree when a human passes on.
Conversations/Bank/Caldarus/Banked Lines/lore/grove_of_rest/2	A stone marker is attached to the sapling at the burial site, allowing the stone to integrate and grow upward with the tree over time...	Sur le lieu de la sépulture, on fixe une tablette de pierre sur la jeune pousse. Cette tablette fait corps avec l'arbre et s'élève lorsque celui-ci grandit...	На месте погребения к ростку дерева прикрепляется каменная плита, и когда дерево вырастает, плита поднимается ввысь вместе с ним.	A stone marker is attached to the sapling at the burial site, allowing the stone to integrate and grow upward with the tree over time...
Conversations/Bank/Caldarus/Banked Lines/lore/grove_of_rest/3	It represents the ascension of the spirit into its next life.	Cela représente l'ascension de l'esprit vers sa prochaine vie.	Это символизирует восхождение духа в новую жизнь.	It represents the ascension of the spirit into its next life.
Conversations/Bank/Caldarus/Banked Lines/lore/grove_of_rest/init	The $Grove of Rest$ lies to the west of here.	Le $bosquet du repos$ se trouve à l'ouest d'ici.	К западу отсюда лежит $Роща упокоения$.	The $Grove of Rest$ lies to the west of here.
Conversations/Bank/Caldarus/Banked Lines/lore/lore_0/1_eog	The Dragon Priestesses truly were diligent record keepers.			The Dragon Priestesses truly were diligent record keepers.
Conversations/Bank/Caldarus/Banked Lines/lore/lore_0/1_n	It seems that the Dragon Priestesses were diligent record keepers.	On dirait que les prêtresses dragon étaient des archivistes minutieuses.	По видимому, жрицы прилежно вели записи.	It seems that the Dragon Priestesses were diligent record keepers.
Conversations/Bank/Caldarus/Banked Lines/lore/lore_0/2_eog	I am grateful. Reading these has helped me to piece together events that occurred while I slept.			I am grateful. Reading these has helped me to piece together events that occurred while I slept.
Conversations/Bank/Caldarus/Banked Lines/lore/lore_0/2_n	I am grateful. I hope that by reading these, I can piece together the gaps in my memory.	Je leur en suis reconnaissant. J'espère qu'en les lisant, je pourrai combler les lacunes de ma mémoire.	Я благодарен им за это. Надеюсь, прочитав эти записи, я смогу восполнить пробелы в воспоминаниях.	I am grateful. I hope that by reading these, I can piece together the gaps in my memory.
Conversations/Bank/Caldarus/Banked Lines/lore/lore_0/init	All of these old scrolls...	Tous ces vieux parchemins...	Сколько здесь древних свитков...	All of these old scrolls...
Conversations/Bank/Caldarus/Banked Lines/lore/lore_1/1	"""A civilization predating the Alda constructed the exterior areas prior to the Dark Ages, but the cave itself existed long before that."""	« Une civilisation antérieure à Alda a édifié les parties extérieures avant les âges obscurs, mais la grotte elle-même existait bien avant cela. »	«Цивилизация, что старше Альды, возвела внешние стены храма до наступления Тёмных веков, но внутренняя пещера существует ещё дольше».	"""A civilization predating the Alda constructed the exterior areas prior to the Dark Ages, but the cave itself existed long before that."""
Conversations/Bank/Caldarus/Banked Lines/lore/lore_1/2_eog	"I understand now that the ""Dark Ages"" described were triggered by my decision to seal Seridia."			"I understand now that the ""Dark Ages"" described were triggered by my decision to seal Seridia."
Conversations/Bank/Caldarus/Banked Lines/lore/lore_1/2_n	"I am not familiar with the ""Dark Ages"" mentioned."	Je ne sais pas ce que sont les « âges obscurs » qui sont mentionnés.	Термин «Тёмные века» мне не знаком. 	"I am not familiar with the ""Dark Ages"" mentioned."
Conversations/Bank/Caldarus/Banked Lines/lore/lore_1/3	Perhaps I missed it...?	Peut-être les ai-je manqués... ?	Вероятно, я их пропустил...	Perhaps I missed it...?
Conversations/Bank/Caldarus/Banked Lines/lore/lore_1/3_eog	It is not pleasant reading, but there is future benefit to understanding the unintended ramifications of one's actions...			It is not pleasant reading, but there is future benefit to understanding the unintended ramifications of one's actions...
Conversations/Bank/Caldarus/Banked Lines/lore/lore_1/3_n	Perhaps I missed it...?	Peut-être les ai-je manqués...?		Perhaps I missed it...?
Conversations/Bank/Caldarus/Banked Lines/lore/lore_1/init	I am currently reading a scroll about the history of this temple.	Je lis actuellement un parchemin sur l'histoire de ce temple.	Я в процессе чтения свитка об истории этого храма.	I am currently reading a scroll about the history of this temple.
Conversations/Bank/Caldarus/Banked Lines/lore/lore_2/1	"It seems that the ""Alda civilization"" mentioned was formed from fragmented tribes at the end of the Dark Ages."	Il semblerait que la « civilisation d'Alda » qu'ils évoquent ait été constituée de tribus éparpillées à la fin des âges obscurs.	Судя по прочитанному, упомянутая «Альдийская цивилизация» сформировалась в конце Тёмных веков из разрозненных племён.	"It seems that the ""Alda civilization"" mentioned was formed from fragmented tribes at the end of the Dark Ages."
Conversations/Bank/Caldarus/Banked Lines/lore/lore_2/2	Strangely, I can find no records that they had queens, kings, or any nobility at all.	Bizarrement, je n'ai trouvé aucune trace de l'existence de reines, de rois ou de nobles.	Это странно, но я не смог найти никаких записей про их правителей, королев или вообще о какой-нибудь знати.	Strangely, I can find no records that they had queens, kings, or any nobility at all.
Conversations/Bank/Caldarus/Banked Lines/lore/lore_2/3	I vaguely recall that queens ruled the human tribes at one time. How mysterious...	Je me souviens vaguement qu'à une époque, des reines dirigeaient les tribus humaines. C'est très mystérieux...	Смутно, но я припоминаю: было время, когда человеческими племенами правили королевы. Как загадочно...	I vaguely recall that queens ruled the human tribes at one time. How mysterious...
Conversations/Bank/Caldarus/Banked Lines/lore/lore_2/init	I have been recovering much information from these old scrolls.	Ces vieux parchemins m'ont fourni beaucoup d'informations.	Я узнаю очень много информации из здешных свитков.	I have been recovering much information from these old scrolls.
Conversations/Bank/Caldarus/Banked Lines/lore/lore_2_alt/1	"I understand that the ""Alda civilization"" was formed from fragmented tribes at the end of the Dark Ages."			"I understand that the ""Alda civilization"" was formed from fragmented tribes at the end of the Dark Ages."
Conversations/Bank/Caldarus/Banked Lines/lore/lore_2_alt/2	Those fragmented tribes consisted of commoners once ruled by Seridia, before she was sealed.			Those fragmented tribes consisted of commoners once ruled by Seridia, before she was sealed.
Conversations/Bank/Caldarus/Banked Lines/lore/lore_2_alt/3	When $Magic$ disappeared, noble society collapsed. Seridia's court fled east in search of me, hoping to form a new dragon pact to restore their power.			When $Magic$ disappeared, noble society collapsed. Seridia's court fled east in search of me, hoping to form a new dragon pact to restore their power.
Conversations/Bank/Caldarus/Banked Lines/lore/lore_2_alt/4	Perhaps that is why the lands to the east became known as the $Caldosian Empire$.			Perhaps that is why the lands to the east became known as the $Caldosian Empire$.
Conversations/Bank/Caldarus/Banked Lines/lore/lore_2_alt/5	Somehow, that raises more questions than it answers.			Somehow, that raises more questions than it answers.
Conversations/Bank/Caldarus/Banked Lines/lore/lore_2_alt/init	I have been learning much from these old scrolls.			I have been learning much from these old scrolls.
Conversations/Bank/Caldarus/Banked Lines/lore/lore_3/1	Finally, a scroll referencing the queens that ruled the human tribes prior to the Dark Ages.	Enfin, un rouleau de parchemin fait référence aux reines qui dirigeaient les tribus humaines avant les âges obscurs.	Я наконец нашёл свиток, в котором упоминаются королевы, правивщие человеческими племенами до наступления Тёмных веков.	Finally, a scroll referencing the queens that ruled the human tribes prior to the Dark Ages.
Conversations/Bank/Caldarus/Banked Lines/lore/lore_3/2	The timeline surrounding my long slumber is starting to slot into place but...	La chronologie entourant mon long sommeil commence à se mettre en place, mais...	Я начинаю понимать, как шло время пока я был погружен в глубокий сон, но...	The timeline surrounding my long slumber is starting to slot into place but...
Conversations/Bank/Caldarus/Banked Lines/lore/lore_3/3	What happened, I wonder?	Je me demande ce qu'il s'est passé.	Что же всё-таки произошло? 	What happened, I wonder?
Conversations/Bank/Caldarus/Banked Lines/lore/lore_3/4	I wish that I could remember more. I must continue my research.	Si seulement je me souvenais de plus de choses. Je dois poursuivre mes recherches.	Мне хотелось бы вспомнить больше. Необходимо продолжать исследования.	I wish that I could remember more. I must continue my research.
Conversations/Bank/Caldarus/Banked Lines/lore/lore_3/init	[Ari]! I have uncovered something most interesting.	[Ari] ! J'ai découvert quelque chose de très intéressant.	[Ari]! Я разузнал кое-что крайне интересное.	[Ari]! I have uncovered something most interesting.
Conversations/Bank/Caldarus/Banked Lines/lore/lore_4/1	"""The Caldosians and the Aldarians are known to share a common ancestral origin."""	« On sait que les Caldosiens et les Aldariens partagent une origine commune. »	«Кальдосийцы и альдарийцы имеют общих предков».	"""The Caldosians and the Aldarians are known to share a common ancestral origin."""
Conversations/Bank/Caldarus/Banked Lines/lore/lore_4/2	Caldosians... and the Aldarians.	Les Caldosiens... et les Aldariens.	Кальдосийцы... и альдарийцы.	Caldosians... and the Aldarians.
Conversations/Bank/Caldarus/Banked Lines/lore/lore_4/3	Descendants of those who lived and worshiped here during my time, I am sure of it.	Les descendants de ceux qui ont vécu et m'ont adoré en ce lieu à mon époque, j'en suis convaincu.	Это потомки тех, кто молился в этом месте в моё время. Я уверен.	Descendants of those who lived and worshiped here during my time, I am sure of it.
Conversations/Bank/Caldarus/Banked Lines/lore/lore_4/4	And yet, those who would become the Caldosians sailed east to form their empire while the Alda remained to found Aldaria. Why...?	Pourtant, ceux qui allaient devenir les Caldosiens ont navigué vers l'est pour constituer leur empire, tandis que ceux d'Alda restaient pour fonder Aldaria. Pourquoi...?	И всё же, по какой-то причине кальдосийцы отправились на восток, чтобы основать собственную империю, в то время как альдийцы остались и основали Альдарию. Почему?...	And yet, those who would become the Caldosians sailed east to form their empire while the Alda remained to found Aldaria. Why...?
Conversations/Bank/Caldarus/Banked Lines/lore/lore_4/5	Ah, my head is beginning to hurt. Perhaps that is enough reading for today.	Ah, je commence à avoir mal à la tête. J'ai peut-être assez lu pour aujourd'hui.	Ах, моя голова начинает болеть. Кажется, достаточно чтения на сегодня.	Ah, my head is beginning to hurt. Perhaps that is enough reading for today.
Conversations/Bank/Caldarus/Banked Lines/lore/lore_4/init	Fascinating...	C'est fascinant...	Поразительно...	Fascinating...
Conversations/Bank/Caldarus/Banked Lines/lore/lore_4_alt/1	"""The Caldosians and the Aldarians are known to share a common ancestral origin."""			"""The Caldosians and the Aldarians are known to share a common ancestral origin."""
Conversations/Bank/Caldarus/Banked Lines/lore/lore_4_alt/2	Caldosians... and the Aldarians.			Caldosians... and the Aldarians.
Conversations/Bank/Caldarus/Banked Lines/lore/lore_4_alt/3	Descendants of those who lived and worshiped here during Seridia's reign.			Descendants of those who lived and worshiped here during Seridia's reign.
Conversations/Bank/Caldarus/Banked Lines/lore/lore_4_alt/4	The common people remained in this land, eventually forming Aldaria. Seridia's nobility sailed east and became the Caldosian Empire.			The common people remained in this land, eventually forming Aldaria. Seridia's nobility sailed east and became the Caldosian Empire.
Conversations/Bank/Caldarus/Banked Lines/lore/lore_4_alt/5	One can only wonder how those nobles managed to survive such a journey, having been completely dependent on $Magic$ up until that point.			One can only wonder how those nobles managed to survive such a journey, having been completely dependent on $Magic$ up until that point.
Conversations/Bank/Caldarus/Banked Lines/lore/lore_4_alt/6	Ah, my head is beginning to hurt. Perhaps that is enough reading for today.			Ah, my head is beginning to hurt. Perhaps that is enough reading for today.
Conversations/Bank/Caldarus/Banked Lines/lore/lore_4_alt/init	All the pieces are coming together...			All the pieces are coming together...
Conversations/Bank/Caldarus/Banked Lines/lore/lore_5/1	I thought that I remembered something last night.	J'ai cru m'être souvenu de quelque chose, la nuit dernière.	Прошлой ночью мне показалось, что я что-то вспомнил.	I thought that I remembered something last night.
Conversations/Bank/Caldarus/Banked Lines/lore/lore_5/2	A vision of sorts. Red flames, red eyes...	Une sorte de vision. Des flammes rouges, des yeux rouges...	Мне пришло что-то вроде видения. Красное пламя, красные глаза...	A vision of sorts. Red flames, red eyes...
Conversations/Bank/Caldarus/Banked Lines/lore/lore_5/3	Perhaps it was just a dream.	Ce n'était peut-être qu'un rêve.	Возможно, это был лишь сон.	Perhaps it was just a dream.
Conversations/Bank/Caldarus/Banked Lines/lore/lore_5/init	Ah, [Ari]. It is hard to concentrate today.	Ah, [Ari]. J'ai du mal à me concentrer aujourd'hui.	Ах, [Ari]. Сегодня мне сложно сосредоточиться.	Ah, [Ari]. It is hard to concentrate today.
Conversations/Bank/Caldarus/Banked Lines/lute/lute_0/init	(Caldarus seems engrossed in his music. You probably shouldn't disturb him.)	(Caldarus semble plongé dans sa musique. Mieux vaut éviter de le déranger.)	(Кальдарус увлечён музыкой. Вероятно, его не стоит беспокоить.)	(Caldarus seems engrossed in his music. You probably shouldn't disturb him.)
Conversations/Bank/Caldarus/Banked Lines/lute/lute_1/init	(Caldarus' claws play delicately along the strings of his lute. It's mesmerizing.)	(Caldarus joue délicatement des cordes de son luth avec ses griffes. C'est hypnotisant.)	(Когти Кальдаруса осторожно скользят по струнам лютни. Это завораживает.)	(Caldarus' claws play delicately along the strings of his lute. It's mesmerizing.)
Conversations/Bank/Caldarus/Banked Lines/lute/lute_2/init	(You don't recognize the song Caldarus plays. It's unlike anything you've ever heard.)	(Vous ne reconnaissez pas la musique que joue Caldarus. Elle ne ressemble à rien de ce que vous avez déjà entendu.)	(Мелодия, которую Кальдарус играет, не известна вам. Она не похожа ни на что прежде вами слышанное.)	(You don't recognize the song Caldarus plays. It's unlike anything you've ever heard.)
Conversations/Bank/Caldarus/Banked Lines/lute/lute_3/init	(Caldarus plays a lovingly preserved lute. It's a different design than Hemlock's, and made from a wood you don't recognize.)	(Caldarus joue d'un luth dont il a pris grand soin. Il n'a pas la même forme que ceux d'Hemlock et il est fabriqué dans un bois que vous ne reconnaissez pas.)	(Кальдарус играет на прекрасно сохранившейся лютне. Её дизайн отличается от лютни Хемлока, она сделана из не знакомой вам древесины.)	(Caldarus plays a lovingly preserved lute. It's a different design than Hemlock's, and made from a wood you don't recognize.)
Conversations/Bank/Caldarus/Banked Lines/lute/lute_4/init	(There's an impenetrable melancholy to the way Caldarus is playing his lute. It's hard to find the right moment to get his attention...)	(Il y a dans la façon dont Caldarus joue du luth une insondable mélancolie. Difficile de trouver le bon moment pour attirer son attention...)	(В игре Кальдаруса чувствуется непроницаемая меланхолия. Сложно подобрать момент, чтобы привлечь его внимание...)	(There's an impenetrable melancholy to the way Caldarus is playing his lute. It's hard to find the right moment to get his attention...)
Conversations/Bank/Caldarus/Banked Lines/lute/lute_5/init	(Caldarus plucks light, happy notes from his lute. He seems to be enjoying himself... probably better not to bother him for the time being.)	(Caldarus tire de son luth des notes joyeuses et légères. Il semble s'amuser... Sans doute vaut-il mieux éviter de le déranger pour le moment.)	(Кальдарус играет на лютне лёгкие, радостные ноты. Кажется, ему доставляет это удовольствие... Возможно, не стоит его пока отвлекать.)	(Caldarus plucks light, happy notes from his lute. He seems to be enjoying himself... probably better not to bother him for the time being.)
Conversations/Bank/Caldarus/Banked Lines/lute/lute_6/init	(Caldarus studies his lute with lidded eyes. His gaze follows his claws as they move along the strings.)	(Caldarus examine son luth, les yeux mi-clos. Il suit du regard ses griffes qui bougent sur les cordes.)	(Кальдарус тщательно изучает лютню в своих руках. Его прикрытые глаза следуют за его когтями, скользящими по струнам.)	(Caldarus studies his lute with lidded eyes. His gaze follows his claws as they move along the strings.)
Conversations/Bank/Caldarus/Banked Lines/manor_garden/manor_garden_0/1	It took but a glance to know that Celine is the keeper of these grounds.	Il ne m'a fallu qu'un coup d'œil pour savoir que Céline entretenait ces jardins.	Я с первого взгляда понял, что этот сад — дело рук Селин.	It took but a glance to know that Celine is the keeper of these grounds.
Conversations/Bank/Caldarus/Banked Lines/manor_garden/manor_garden_0/init	Those who tend plants leave their signature behind...	Ceux qui s'occupent des plantes laissent une trace de leur passage...	У каждого, кто ухаживает за растениями, есть собственный почерк...	Those who tend plants leave their signature behind...
Conversations/Bank/Caldarus/Banked Lines/manor_garden/manor_garden_1/1	Perhaps I can help Celine care for them in the coming seasons.	Peut-être pourrais-je aider Céline à s'en occuper dans les saisons à venir.	Возможно, в будущем я смогу помочь Селин за ним ухаживать.	Perhaps I can help Celine care for them in the coming seasons.
Conversations/Bank/Caldarus/Banked Lines/manor_garden/manor_garden_1/init	While I favor nature's wilder state, I must concede that these gardens are very beautiful.	Bien que j'aie une préférence pour une nature plus sauvage, je dois admettre qu'ils sont très beaux.	Я предпочитаю более дикую природу, однако не могу не отметить красоту этого сада.	While I favor nature's wilder state, I must concede that these gardens are very beautiful.
Conversations/Bank/Caldarus/Banked Lines/manor_garden/manor_garden_2/1	You could fit at least two dragons inside of it. Comfortably, even.	Elle pourrait abriter au moins deux dragons. Confortablement, de surcroît.	В нём можно расположить по меньшей мере двух драконов. И даже не будет тесно.	You could fit at least two dragons inside of it. Comfortably, even.
Conversations/Bank/Caldarus/Banked Lines/manor_garden/manor_garden_2/init	This is an impressive house.	Cette maison est impressionnante.	Какой величественный дом.	This is an impressive house.
Conversations/Bank/Caldarus/Banked Lines/mines_hint/mines_hint_0/1	Your $Watering Can$ should be useful for $traversing pools of magma$.	Ton $arrosoir$ devrait t'être utile pour $franchir les bassins de lave$.	Твоя $лейка$ может помочь $пройти по озёрам лавы$.	Your $Watering Can$ should be useful for $traversing pools of magma$.
Conversations/Bank/Caldarus/Banked Lines/mines_hint/mines_hint_0/2	Of course, you could also use the $Summon Rain$ spell I bestowed to you as well!	Bien sûr, tu pourrais également utiliser le sort $Danse de la pluie$ que je t'ai octroyé !	Конечно, ты также можешь использовать заклинание $Призыв дождя$, которое я тебе даровал!	Of course, you could also use the $Summon Rain$ spell I bestowed to you as well!
Conversations/Bank/Caldarus/Banked Lines/mines_hint/mines_hint_0/init	The $Lava Caves$ in the Mines...	Les $Grottes de laves$, dans les mines...	Насчёт $лавовых пещер$ в шахтах...	The $Lava Caves$ in the Mines...
Conversations/Bank/Caldarus/Banked Lines/misc/misc_0/1	Still, it is a pleasure to be able to look my best. Especially after all that time as an old statue!	Il n'empêche, c'est un plaisir de soigner mon apparence. Surtout après tout ce temps passé sous forme d'une vieille statue !	И всё же для меня выглядеть красиво — большое удовольствие. Особенно после стольких лет в обличье статуи!	Still, it is a pleasure to be able to look my best. Especially after all that time as an old statue!
Conversations/Bank/Caldarus/Banked Lines/misc/misc_0/init	My morning talons, tail, and horns routine has become quite lengthy.	Ma routine matinale pour soigner mes griffes, ma queue et mes cornes me prend pas mal de temps.	Мой утренний уход за когтями, хвостом и рогами в последнее время занимает много времени.	My morning talons, tail, and horns routine has become quite lengthy.
Conversations/Bank/Caldarus/Banked Lines/museum_wander/museum_wander_0/1	In some ways, it is... difficult.	Par certains aspects, cela m'est... difficile.	Это в некотором роде... непросто.	In some ways, it is... difficult.
Conversations/Bank/Caldarus/Banked Lines/museum_wander/museum_wander_0/init	Walking these halls, it highlights how much time passed as I slept...	Parcourir ces salles souligne tout le temps qui s'est écoulé durant mon sommeil...	Обходя музейные залы, я отмечаю, как много времени прошло, пока я спал...	Walking these halls, it highlights how much time passed as I slept...
Conversations/Bank/Caldarus/Banked Lines/museum_wander/museum_wander_1/1	Their cleverness always delights me, but never surprises me.	Leur ingéniosité me ravit toujours, sans toutefois me surprendre.	Я всегда впечатляюсь их находчивости, хотя никогда не удивляюсь.	Their cleverness always delights me, but never surprises me.
Conversations/Bank/Caldarus/Banked Lines/museum_wander/museum_wander_1/2	They are capable of greatness in many ways.	Ils sont, de bien des façons, capables de grandeur.	Они способны на самые разные великие дела.	They are capable of greatness in many ways.
Conversations/Bank/Caldarus/Banked Lines/museum_wander/museum_wander_1/init	Mortals accomplished much while I slept.	Les mortels ont accompli tant de choses pendant que je dormais.	За время моего сна смертные достигли очень многого.	Mortals accomplished much while I slept.
Conversations/Bank/Caldarus/Banked Lines/museum_wander/museum_wander_2/1	At a glance it is not so different from Seridia's hoard...	À première vue, cela n'est guère différent de l'accumulation de richesses de Seridia...	На первый взгляд она может напоминать сокровища Серидиии...	At a glance it is not so different from Seridia's hoard...
Conversations/Bank/Caldarus/Banked Lines/museum_wander/museum_wander_2/2	But their intention colors this treasure trove quite differently.	Mais l'intention qui est la leur donne à ce trésor une couleur bien différente.	Однако, учитывая их намерения, эти ценности предстают в ином свете.	But their intention colors this treasure trove quite differently.
Conversations/Bank/Caldarus/Banked Lines/museum_wander/museum_wander_2/init	Eiland and Errol have amassed an impressive collection for their museum.	Eiland et Errol ont accumulé une collection impressionnante pour leur musée.	Эйланд и Эррол собрали в музее впечатляющую коллекцию.	Eiland and Errol have amassed an impressive collection for their museum.
Conversations/Bank/Caldarus/Banked Lines/nature/nature_0/1	It is a joy to study its many forms.	C'est une joie d'en étudier les nombreuses formes.	Мне приятно изучать её множественные воплощения.	It is a joy to study its many forms.
Conversations/Bank/Caldarus/Banked Lines/nature/nature_0/init	The forest teems with life...	La forêt grouille de vie...	Этот лес полон жизни...	The forest teems with life...
Conversations/Bank/Caldarus/Banked Lines/nature/nature_1/init	The quality of light here is beautiful, is it not?	La lumière n'est-elle pas magnifique ici ?	Свет здесь по-настоящему прекрасен, не так ли?	The quality of light here is beautiful, is it not?
Conversations/Bank/Caldarus/Banked Lines/nature/nature_10/1	It is the sound of home.	C'est là le chant du foyer.	Звучит, как дом.	It is the sound of home.
Conversations/Bank/Caldarus/Banked Lines/nature/nature_10/init	The night songs of these forest insects...	Le chant nocturne de ces insectes forestiers...	Ночное пение лесных насекомых...	The night songs of these forest insects...
Conversations/Bank/Caldarus/Banked Lines/nature/nature_11/1	Perhaps some foraging is in order.	Peut-être devrais-je aller faire une cueillette.	Кажется, сегодня стоит отправиться на сборы.	Perhaps some foraging is in order.
Conversations/Bank/Caldarus/Banked Lines/nature/nature_11/init	There is an herbaceous scent in the air today. Something that smells like it would make a nice seasoning.	Il y a dans l'air un parfum herbacé, aujourd'hui. Quelque chose qui, à l'odeur, ferait un assaisonnement agréable.	Сегодня я чувствую вокруг необычный травяной запах. Такой, что источают хорошие приправы.	There is an herbaceous scent in the air today. Something that smells like it would make a nice seasoning.
Conversations/Bank/Caldarus/Banked Lines/nature/nature_12/1	When I am further recovered, I will inquire with the young carpenter for their contemporary names.	Quand je serai davantage remis, je m'enquerrai de leur dénomination actuelle auprès du jeune menuisier.	Когда я достаточно оправлюсь, я непременно расспрошу молодого плотника об их современных именах.	When I am further recovered, I will inquire with the young carpenter for their contemporary names.
Conversations/Bank/Caldarus/Banked Lines/nature/nature_12/init	There are quite a variety of birds that inhabit these woods. I am certain I knew their names, once.	Une grande diversité d'oiseaux vit dans ces bois. Je suis certain que je connaissais leurs noms, autrefois.	В сих лесах живёт множество разнообразных птиц. Уверен, когда-то я знал названия их всех.	There are quite a variety of birds that inhabit these woods. I am certain I knew their names, once.
Conversations/Bank/Caldarus/Banked Lines/nature/nature_12_alt/1	I will need to inquire with young Ryis to learn more of their contemporary names.	Il me faudra m'enquérir auprès du jeune Ryis de leur dénomination actuelle.	Надо будет расспросить Риза, чтобы узнать их современные имена.	I will need to inquire with young Ryis to learn more of their contemporary names.
Conversations/Bank/Caldarus/Banked Lines/nature/nature_12_alt/init	There are quite a variety of birds that inhabit these woods. I know many by their ancient names.	Une grande diversité d'oiseaux vit dans ces bois. Je connais beaucoup d'entre eux par leur ancien nom.	В этих лесах живёт множество разнообразных птиц. Многих из них я знаю по древним названиям.	There are quite a variety of birds that inhabit these woods. I know many by their ancient names.
Conversations/Bank/Caldarus/Banked Lines/nature/nature_13/init	Have you taken the time to forage in the Deep Woods? There is much here that cannot be found elsewhere in Mistria.	As-tu pris le temps de faire un peu de cueillette et de ramassage à Boissombre ? Il y a beaucoup de choses ici que l'on ne trouve nulle part ailleurs à Mistria.	Доводилось ли тебе заниматься собирательством в Глубокой чаще? В сих лесах можно найти множество плодов, каких нет больше нигде в Мистрии.	Have you taken the time to forage in the Deep Woods? There is much here that cannot be found elsewhere in Mistria.
Conversations/Bank/Caldarus/Banked Lines/nature/nature_2/1	I wonder what they would think if I played it back to them.	Je me demande ce qu'ils se diraient si je jouais pour eux en retour.	Интересно, что они подумали бы, сыграй я им мелодию в ответ.	I wonder what they would think if I played it back to them.
Conversations/Bank/Caldarus/Banked Lines/nature/nature_2/init	It is always pleasant to listen to birdsong.	Il est toujours agréable d'écouter des chants d'oiseaux.	Мне всегда доставляет удовольствие пение птиц.	It is always pleasant to listen to birdsong.
Conversations/Bank/Caldarus/Banked Lines/nature/nature_3/1	When it falls early, every part sustains the one who felled it. And when it falls late, it nourishes the life that comes after.	Quand il tombe tôt, chaque partie de son être aide celui qui l'a fait tomber. Et quand il tombe tard, il nourrit la vie qui vient après lui.	Если оно падает рано — каждая его часть питает того, кто его срубил. Если поздно — оно питает жизнь, что приходит следом.	When it falls early, every part sustains the one who felled it. And when it falls late, it nourishes the life that comes after.
Conversations/Bank/Caldarus/Banked Lines/nature/nature_3/init	A tree is a magnificent thing. It grows quietly, humbly, until it towers above all of creation.	Un arbre est une chose splendide. Il pousse sans bruit, humblement, jusqu'à dépasser de sa taille tout le reste de la création.	Дерево — величественное создание. Оно растёт тихо, смиренно, пока не вознесётся над всем мирозданием.	A tree is a magnificent thing. It grows quietly, humbly, until it towers above all of creation.
Conversations/Bank/Caldarus/Banked Lines/nature/nature_4/init	It is natural to fear decay, but decay, too, is natural. Everything grows from the body that came before.	La peur de dépérir est naturelle, mais le dépérissement lui aussi est naturel. Toute chose croît à partir du corps qui l'a précédé.	Страх разложения естественнен, но естественно и само разложение. Всё вокруг произрастает на останках былого.	It is natural to fear decay, but decay, too, is natural. Everything grows from the body that came before.
Conversations/Bank/Caldarus/Banked Lines/nature/nature_5/1	It is very beautiful.	C'est splendide.	Это прекрасное зрелище.	It is very beautiful.
Conversations/Bank/Caldarus/Banked Lines/nature/nature_5/init	Have you ever seen a sunrise from above the clouds?	As-tu déjà observé un lever de soleil en étant au-dessus des nuages ?	Доводилось ли тебе наблюдать рассвет с высоты облаков?	Have you ever seen a sunrise from above the clouds?
Conversations/Bank/Caldarus/Banked Lines/nature/nature_6/1	Strange to find them such a comfort.	Comme c'est étrange de puiser en eux un tel réconfort.	Они приносят мне необыкновенное утешение.	Strange to find them such a comfort.
Conversations/Bank/Caldarus/Banked Lines/nature/nature_6/init	I have forgotten much, and yet these pines are familiar to me.	J'ai oublié beaucoup de choses, pourtant ces pins me sont familiers.	Я многое забыл, но эти сосны мне знакомы.	I have forgotten much, and yet these pines are familiar to me.
Conversations/Bank/Caldarus/Banked Lines/nature/nature_6_alt/1	It may sound strange, but I found them such a comfort in those times.	Cela peut sembler étrange, mais je puisais en eux un grand réconfort, à l'époque.	Возможно, прозвучит странно, но они приносят мне необыкновенное утешение.	It may sound strange, but I found them such a comfort in those times.
Conversations/Bank/Caldarus/Banked Lines/nature/nature_6_alt/init	Even when my memory lagged, these pines remained familiar to me.	Même quand ma mémoire me faisait défaut, ces pins m'étaient familiers.	Когда у меня были трудности с памятью, эти сосны всё равно оставались знакомы.	Even when my memory lagged, these pines remained familiar to me.
Conversations/Bank/Caldarus/Banked Lines/nature/nature_7/1	Could it be captured with music?	Pourrait-elle être capturée en musique ?	Возможно ли выразить его с помощью музыки?	Could it be captured with music?
Conversations/Bank/Caldarus/Banked Lines/nature/nature_7/init	That breeze, whispering through the branches...	Cette brise qui murmure entre les branches...	Ветер, шепчущий сквозь ветви деревьев...	That breeze, whispering through the branches...
Conversations/Bank/Caldarus/Banked Lines/nature/nature_8/1	It always does.	Il en est toujours ainsi.	Всегда.	It always does.
Conversations/Bank/Caldarus/Banked Lines/nature/nature_8/init	So deep in the wood, the canopy weaves together. It seems impenetrable, and yet the sun breaks through.	Dans une forêt si profonde, la canopée tisse ses branches entre elles. Elle semble impénétrable, pourtant le soleil la transperce.	В глубине леса кроны деревьев кажутся непроницаемыми, но солнечный свет всё-равно находит путь.	So deep in the wood, the canopy weaves together. It seems impenetrable, and yet the sun breaks through.
Conversations/Bank/Caldarus/Banked Lines/nature/nature_9/1	Thank you for visiting.	Merci de me rendre visite.	Спасибо за твои визиты.	Thank you for visiting.
Conversations/Bank/Caldarus/Banked Lines/nature/nature_9/init	Talking to you anchors me to this time and place.	En parlant avec toi, je m'ancre dans ce lieu et cette époque.	Разговоры с тобой удерживают меня в этом времени и месте. 	Talking to you anchors me to this time and place.
Conversations/Bank/Caldarus/Banked Lines/new_neighbors/new_neighbors_0/1	Despite my... unique appearance, they seem quite adept at acclimating to a new status quo.	En dépit de mon aspect... unique, ils semblent prêts à s'adapter à ce nouvel équilibre.	Несмотря на мою... необычную внешность, они легко свыклись с новым положением вещей.	Despite my... unique appearance, they seem quite adept at acclimating to a new status quo.
Conversations/Bank/Caldarus/Banked Lines/new_neighbors/new_neighbors_0/2	Perhaps a dragon's presence is unremarkable because they already sensed it somewhat while I slept.	Peut-être la présence d'un dragon ne les surprend guère, car ils l'avaient déjà perçue durant mon sommeil.	Возможно, близость дракона их не смущает, потому что они уже слегка ощущали её, пока я спал.	Perhaps a dragon's presence is unremarkable because they already sensed it somewhat while I slept.
Conversations/Bank/Caldarus/Banked Lines/new_neighbors/new_neighbors_0/init	Coming to know the townsfolk of Mistria has been easier than I anticipated.	Apprendre à connaître les villageois de Mistria a été plus facile que je l'imaginais.	Знакомство с жителями Мистрии оказалось проще, чем я ожидал.	Coming to know the townsfolk of Mistria has been easier than I anticipated.
Conversations/Bank/Caldarus/Banked Lines/new_neighbors/new_neighbors_1/1	But now that I may leave by choice and enjoy time with others...	Mais puisque j'ai désormais la possibilité d'en partir et de passer du temps avec d'autres...	Но теперь, когда я имею возможность выходить и проводить время в компании...	But now that I may leave by choice and enjoy time with others...
Conversations/Bank/Caldarus/Banked Lines/new_neighbors/new_neighbors_1/2	Time to myself has become sweeter and more meaningful.	Le temps seul m'est encore plus doux et important.	Время, проведённое наедине с собой, стало более приятным и осмысленным.	Time to myself has become sweeter and more meaningful.
Conversations/Bank/Caldarus/Banked Lines/new_neighbors/new_neighbors_1/init	Due to the circumstances of my waking, I became accustomed to the solitude of the Deep Woods.	Les circonstances entourant mon réveil m'ont habitué à la solitude de Boissombre.	Ввиду обстоятельств моего пробуждения я привык находиться один в Глубокой чаще.	Due to the circumstances of my waking, I became accustomed to the solitude of the Deep Woods.
Conversations/Bank/Caldarus/Banked Lines/new_neighbors/new_neighbors_2/1	Their hospitality is a gift I will not soon forget...	Leur hospitalité est un cadeau que je n'oublierai pas de sitôt...	Я нескоро забуду их милостивое гостеприимство...	Their hospitality is a gift I will not soon forget...
Conversations/Bank/Caldarus/Banked Lines/new_neighbors/new_neighbors_2/2	Not to mention the gift of not having to eat my own cooking.	Et ne pas avoir à manger ma propre cuisine est un véritable cadeau.	Не говоря уже о том, что они избавили меня от необходимости есть еду, которую я приготовил.	Not to mention the gift of not having to eat my own cooking.
Conversations/Bank/Caldarus/Banked Lines/new_neighbors/new_neighbors_2/init	So many of my new neighbors have graciously invited me into their homes. They have even insisted on setting a place for me at their tables.	Parmi mes nouveaux voisins, beaucoup m'ont gracieusement invité chez eux. Ils ont même insisté pour me faire une place à leur table.	Множество моих новых соседей любезно приглашали меня в свои дома. Они даже настаивали, чтобы я присоединился к ним за столом.	So many of my new neighbors have graciously invited me into their homes. They have even insisted on setting a place for me at their tables.
Conversations/Bank/Caldarus/Banked Lines/philosophy/philosophy_0/1	It reconnects you with the life around and within you.	Elle permet de se reconnecter avec la vie, autour de soi et en soi.	Помогает воссоединять своё внутреннее начало с окружающей жизнью.	It reconnects you with the life around and within you.
Conversations/Bank/Caldarus/Banked Lines/philosophy/philosophy_0/init	A walk in nature yields many benefits.	Une marche dans la nature apporte de nombreux bénéfices.	Прогулка на природе приносит большую пользу.	A walk in nature yields many benefits.
Conversations/Bank/Caldarus/Banked Lines/philosophy/philosophy_1/1	The fruit and vegetables you have lovingly nurtured would surely like to return the favor.	Les fruits et les légumes que tu as fait pousser avec amour voudraient sans doute te rendre la pareille.	Фрукты и овощи, которые ты взращиваешь с любовью, несомненно хотели бы вернуть долг.	The fruit and vegetables you have lovingly nurtured would surely like to return the favor.
Conversations/Bank/Caldarus/Banked Lines/philosophy/philosophy_1/init	Are you eating well, [Ari]?	Te nourris-tu bien, [Ari] ?	Ты хорошо питаешься, [Ari]?	Are you eating well, [Ari]?
Conversations/Bank/Caldarus/Banked Lines/philosophy/philosophy_2/init	Have you greeted your fellows today? It is important to cultivate bonds with the ones who are important to you.	As-tu salué tes compagnons aujourd'hui ? Il est important de cultiver des liens avec les personnes qui comptent pour toi.	<p>Общались</p><f>Общалась</f><m>Общался</m><n>Общалось</n> ли ты сегодня со своими товарищами? Поддержание связей с тем, кто тебе дорог, — важное дело.	Have you greeted your fellows today? It is important to cultivate bonds with the ones who are important to you.
Conversations/Bank/Caldarus/Banked Lines/philosophy/philosophy_3/init	Even a dragon must mind the changing of the seasons. There are some things bigger than all of us.	Même un dragon doit se préoccuper du changement des saisons. Certaines choses dépassent chacun de nous.	Даже дракону приходится следить за сменой сезонов. Некоторые вещи в этом мире значительнее любого из нас.	Even a dragon must mind the changing of the seasons. There are some things bigger than all of us.
Conversations/Bank/Caldarus/Banked Lines/philosophy/philosophy_4/1	It may be of no concern now, but as civilizations grow they can exceed the ability of nature to replenish itself.	Cela ne nous concerne peut-être pas pour l'instant, mais à mesure que les civilisations croissent, elles peuvent dépasser les capacités de la nature à se reconstituer.	Возможно, сейчас это не кажется важным, но цивилизация, развиваясь, может обогнать способность природы к самовосполнению.	It may be of no concern now, but as civilizations grow they can exceed the ability of nature to replenish itself.
Conversations/Bank/Caldarus/Banked Lines/philosophy/philosophy_4/init	When we take from nature, we must be mindful to return in kind.	Nous devons être attentifs à rendre à la nature autant que ce que nous lui prenons.	Когда мы что-то забираем у природы, нам следует равноценно восполнить взятое.	When we take from nature, we must be mindful to return in kind.
Conversations/Bank/Caldarus/Banked Lines/philosophy/philosophy_5/1	I am trying to internalize that lesson, myself.	J'essaie personnellement de faire mien cet enseignement.	Я и сам стараюсь усвоить сей урок.	I am trying to internalize that lesson, myself.
Conversations/Bank/Caldarus/Banked Lines/philosophy/philosophy_5/init	Nature teaches us many lessons, such as resilience in the face of hardship.	La nature nous enseigne beaucoup de choses, comme la capacité de résister à l'adversité.	Природа может многому нас научить. Например, устойчивости к невзгодам.	Nature teaches us many lessons, such as resilience in the face of hardship.
Conversations/Bank/Caldarus/Banked Lines/philosophy/philosophy_6/init	There is something beautiful about the act of cultivating the earth.	Il y a quelque chose de magnifique dans l'acte de cultiver la terre.	В возделывании земли есть что-то поистине прекрасное.	There is something beautiful about the act of cultivating the earth.
Conversations/Bank/Caldarus/Banked Lines/philosophy/philosophy_7/1	Time changes all things.	Le temps fait évoluer toute chose.	Время меняет всё.	Time changes all things.
Conversations/Bank/Caldarus/Banked Lines/philosophy/philosophy_7/init	One must be mindful not to take every ancient pearl of wisdom at face value.	Il faut veiller à ne pas prendre chaque sage parole de jadis au pied de la lettre.	Не всякую древнюю мудрость следует воспринимать буквально. Каждую стоит подвергать критике.	One must be mindful not to take every ancient pearl of wisdom at face value.
Conversations/Bank/Caldarus/Banked Lines/reading/reading_0/1	At the time I did not understand such a need. The memory of a dragon is quite long.	À l'époque, je ne comprenais pas quel besoin il y avait à cela. Les dragons ont une mémoire très longue.	В то время я не придавал этому значения, ведь память дракона очень объёмна.	At the time I did not understand such a need. The memory of a dragon is quite long.
Conversations/Bank/Caldarus/Banked Lines/reading/reading_0/2	But now, I am grateful for it.	Mais à présent, je leur en suis reconnaissant.	Но теперь я благодарен им за это.	But now, I am grateful for it.
Conversations/Bank/Caldarus/Banked Lines/reading/reading_0/init	Long ago, the Dragon Priestesses labored to formulate a parchment that would last through the ages.	Il y a bien longtemps, les prêtresses dragon ont appris à fabriquer un parchemin capable de traverser les âges.	Давным-давно жрицы дракона много работали, чтобы создать пергамент, способный продержаться сквозь века.	Long ago, the Dragon Priestesses labored to formulate a parchment that would last through the ages.
Conversations/Bank/Caldarus/Banked Lines/reading/reading_1/init	One must handle a scroll carefully when one has claws.	Il faut manipuler les parchemins avec beaucoup de soin quand on a des griffes.	Когда на твоих руках когти, со свитками приходится обращаться крайне осторожно.	One must handle a scroll carefully when one has claws.
Conversations/Bank/Caldarus/Banked Lines/reading/reading_2/1	If only there was a way to show you... the drawings are quite amusing.	Si seulement il existait un moyen pour que je te les montre... Les dessins sont très amusants.	Как бы мне хотелось найти способ показать их тебе... эти рисунки достаточно занимательны.	If only there was a way to show you... the drawings are quite amusing.
Conversations/Bank/Caldarus/Banked Lines/reading/reading_2/init	Many of these scrolls have illustrations in the margin. The ink is only visible to the eye of a dragon, though.	Les marges de bon nombre de ces rouleaux sont illustrées. L'encre n'est en revanche visible qu'aux yeux des dragons.	На краях многих из этих свитков есть иллюстрации. Но они нарисованы чернилами, которые может увидеть лишь драконий глаз.	Many of these scrolls have illustrations in the margin. The ink is only visible to the eye of a dragon, though.
Conversations/Bank/Caldarus/Banked Lines/reading/reading_3/1	They would surely scold me if they saw the haphazard manner in which I have been shelving them.	Elles me gronderaient sans doute si elles voyaient de quelle manière désordonnée je les ai disposés sur mes étagères.	Если бы они увидели, с каким пренебрежением к системе я раскладываю свитки по разным полкам, они бы меня непременно отчитали.	They would surely scold me if they saw the haphazard manner in which I have been shelving them.
Conversations/Bank/Caldarus/Banked Lines/reading/reading_3/init	I imagine the Dragon Priestesses must have been in charge of keeping this library of scrolls organized, because I am hopeless at it.	Je suppose que les prêtresses dragon étaient chargées de veiller à l'organisation de cette bibliothèque de parchemins, car j'en suis, pour ma part, bien incapable.	Надо думать, организацией этой библиотеки свитков занимались жрицы дракона. Самому мне это даётся с трудом.	I imagine the Dragon Priestesses must have been in charge of keeping this library of scrolls organized, because I am hopeless at it.
Conversations/Bank/Caldarus/Banked Lines/reading/reading_4/1	Someday, I should like to pay a visit to your museum's archive.	J'aimerais un jour me rendre dans les archives de votre musée.	Однажды мне хотелось бы посетить архив вашего музея.	Someday, I should like to pay a visit to your museum's archive.
Conversations/Bank/Caldarus/Banked Lines/reading/reading_4/1_eog	Perhaps I will pay another visit to the Museum's archive.	Je me rendrai peut-être à nouveau aux archives du musée.	Возможно, я ещё загляну в музейные архивы.	Perhaps I will pay another visit to the Museum's archive.
Conversations/Bank/Caldarus/Banked Lines/reading/reading_4/1_n	Someday, I should like to pay a visit to your museum's archive.	J'aimerais un jour me parcourir les archives de votre musée.	Когда-нибудь мне бы хотелось заглянуть в музейные архивы.	Someday, I should like to pay a visit to your museum's archive.
Conversations/Bank/Caldarus/Banked Lines/reading/reading_4/init	There is much recorded in these scrolls. It has made me curious to learn more about what transpired during the years I was asleep.	Il y a beaucoup d'informations consignées dans ces rouleaux. Cela m'a donné envie d'en apprendre plus sur ce qu'il s'est produit pendant mes années de sommeil.	В этих свитках описано многое. Читая их, я испытываю любопытство. Что же произошло за все те годы моего сна?	There is much recorded in these scrolls. It has made me curious to learn more about what transpired during the years I was asleep.
Conversations/Bank/Caldarus/Banked Lines/reading/reading_5/1	Scrolls are simply quite difficult to organize.	Simplement, il est très difficile de ranger des rouleaux.	Просто эти свитки особенно тяжело упорядочить.	Scrolls are simply quite difficult to organize.
Conversations/Bank/Caldarus/Banked Lines/reading/reading_5/init	I assure you, I am not a messy person.	Je ne suis pas quelqu'un de désordonné, je t'assure.	Я не испытываю проблем с порядком.	I assure you, I am not a messy person.
Conversations/Bank/Caldarus/Banked Lines/reading/reading_6/1	One day, I must make the time to read something more contemporary.	Un jour, il faudrait que je prenne le temps de lire des récits plus contemporains.	Когда-нибудь мне следует прочитать что-нибудь более современное.	One day, I must make the time to read something more contemporary.
Conversations/Bank/Caldarus/Banked Lines/reading/reading_6/init	I spend most of my reading time pouring over the historical accounts in these scrolls.	Je passe l'essentiel de mon temps de lecture à parcourir les témoignages historiques contenus dans ces parchemins.	Большую часть моего чтения составляют исторические сводки из этих свитков.	I spend most of my reading time pouring over the historical accounts in these scrolls.
Conversations/Bank/Caldarus/Banked Lines/relationship_basement/caldarus_best_friend_basement_1/1	I was hoping to see you today. Are you well?			I was hoping to see you today. Are you well?
Conversations/Bank/Caldarus/Banked Lines/relationship_basement/caldarus_best_friend_basement_1/init	[Ari]!			[Ari]!
Conversations/Bank/Caldarus/Banked Lines/relationship_basement/caldarus_best_friend_basement_2/init	I have continued to practice my cooking, if you are ever interested in another home cooked meal.			I have continued to practice my cooking, if you are ever interested in another home cooked meal.
Conversations/Bank/Caldarus/Banked Lines/relationship_basement/caldarus_best_friend_basement_3/1	Do you have time to, er...			Do you have time to, er...
Conversations/Bank/Caldarus/Banked Lines/relationship_basement/caldarus_best_friend_basement_3/2	"""Hang out"" I believe is the term?"			"""Hang out"" I believe is the term?"
Conversations/Bank/Caldarus/Banked Lines/relationship_basement/caldarus_best_friend_basement_3/init	[Ari], good morning.			[Ari], good morning.
Conversations/Bank/Caldarus/Banked Lines/relationship_basement/caldarus_best_friend_basement_4/init	Let us take a moment to appreciate the day, [Ari].			Let us take a moment to appreciate the day, [Ari].
Conversations/Bank/Caldarus/Banked Lines/relationship_basement/caldarus_best_friend_basement_5/init	Ah, [Ari]! Good afternoon.			Ah, [Ari]! Good afternoon.
Conversations/Bank/Caldarus/Banked Lines/relationship_basement/caldarus_best_friend_basement_6/init	It is good to see you, [Ari]! How has your day been thus far?			It is good to see you, [Ari]! How has your day been thus far?
Conversations/Bank/Caldarus/Banked Lines/relationship_basement/caldarus_best_friend_basement_7/1	I would quite like to hear about it.			I would quite like to hear about it.
Conversations/Bank/Caldarus/Banked Lines/relationship_basement/caldarus_best_friend_basement_7/init	[Ari], did you have a pleasant day?			[Ari], did you have a pleasant day?
Conversations/Bank/Caldarus/Banked Lines/relationship_basement/caldarus_best_friend_basement_8/init	Ah, [Ari]! Another peaceful evening is ahead of us to enjoy.			Ah, [Ari]! Another peaceful evening is ahead of us to enjoy.
Conversations/Bank/Caldarus/Banked Lines/relationship_basement/caldarus_best_friend_basement_9/init	Good evening, [Ari].			Good evening, [Ari].
Conversations/Bank/Caldarus/Banked Lines/relationship_basement/caldarus_romantic_basement_1/1	I was hoping to see you today. Are you well?			I was hoping to see you today. Are you well?
Conversations/Bank/Caldarus/Banked Lines/relationship_basement/caldarus_romantic_basement_1/init	[Ari]!			[Ari]!
Conversations/Bank/Caldarus/Banked Lines/relationship_basement/caldarus_romantic_basement_2/init	I have continued to practice my cooking, if you are ever interested in another home cooked meal.			I have continued to practice my cooking, if you are ever interested in another home cooked meal.
Conversations/Bank/Caldarus/Banked Lines/relationship_basement/caldarus_romantic_basement_3/1	I understand that you have many responsibilities on the farm...			I understand that you have many responsibilities on the farm...
Conversations/Bank/Caldarus/Banked Lines/relationship_basement/caldarus_romantic_basement_3/2	So I appreciate that you would make time to visit me so early in the day.			So I appreciate that you would make time to visit me so early in the day.
Conversations/Bank/Caldarus/Banked Lines/relationship_basement/caldarus_romantic_basement_3/init	[Ari], good morning.			[Ari], good morning.
Conversations/Bank/Caldarus/Banked Lines/relationship_basement/caldarus_romantic_basement_4/init	Let us take a moment to appreciate the day, [Ari].			Let us take a moment to appreciate the day, [Ari].
Conversations/Bank/Caldarus/Banked Lines/relationship_basement/caldarus_romantic_basement_5/init	Ah, [Ari]! Good afternoon.			Ah, [Ari]! Good afternoon.
Conversations/Bank/Caldarus/Banked Lines/relationship_basement/caldarus_romantic_basement_6/init	[Ari], there is something about you today that is quite... intriguing.			[Ari], there is something about you today that is quite... intriguing.
Conversations/Bank/Caldarus/Banked Lines/relationship_basement/caldarus_romantic_basement_7/1	I would quite like to hear about it.			I would quite like to hear about it.
Conversations/Bank/Caldarus/Banked Lines/relationship_basement/caldarus_romantic_basement_7/init	[Ari], did you have a pleasant day?			[Ari], did you have a pleasant day?
Conversations/Bank/Caldarus/Banked Lines/relationship_basement/caldarus_romantic_basement_8/init	Ah, [Ari]! Another peaceful evening is ahead of us to enjoy.			Ah, [Ari]! Another peaceful evening is ahead of us to enjoy.
Conversations/Bank/Caldarus/Banked Lines/relationship_basement/caldarus_romantic_basement_9/init	Good evening, [Ari].			Good evening, [Ari].
Conversations/Bank/Caldarus/Banked Lines/seasons/fall_0/1	Please do not catch a chill out here on my account.	Surtout, ne prends pas froid en restant ici à cause de moi.	Не стоит рисковать простудой ради меня.	Please do not catch a chill out here on my account.
Conversations/Bank/Caldarus/Banked Lines/seasons/fall_0/init	Are you warm enough, [Ari]?	As-tu assez chaud, [Ari] ?	Тебе достаточно тепло, [Ari]?	Are you warm enough, [Ari]?
Conversations/Bank/Caldarus/Banked Lines/seasons/fall_1/init	The red and orange of autumn leaves brings dragonfire to mind.	Le rouge et l'orange des feuilles d'automne me font penser au feu des dragons.	Красные и оранжевые осенние листья напоминают мне драконье пламя.	The red and orange of autumn leaves brings dragonfire to mind.
Conversations/Bank/Caldarus/Banked Lines/seasons/fall_2/1	I hope you are enjoying the spectacle as much as I am.	J'espère que tu apprécies ce spectacle autant que moi.	Надеюсь, это зрелище доставляет тебе не меньше удовольствия, чем мне.	I hope you are enjoying the spectacle as much as I am.
Conversations/Bank/Caldarus/Banked Lines/seasons/fall_2/init	The world is putting on new colors before settling down to sleep.	Le monde se pare de nouvelles couleurs avant de s'assoupir.	Мир облачается новыми красками перед тем, как отойти ко сну.	The world is putting on new colors before settling down to sleep.
Conversations/Bank/Caldarus/Banked Lines/seasons/fall_3/1	Perhaps I will make some tea.	Je vais peut-être préparer du thé.	Возможно, стоит заварить чай.	Perhaps I will make some tea.
Conversations/Bank/Caldarus/Banked Lines/seasons/fall_3/init	The cooler weather makes one desire a hot beverage.	Avec le temps qui fraîchit vient l'envie d'une boisson chaude.	Холодная погода заставляет желать тёплого напитка.	The cooler weather makes one desire a hot beverage.
Conversations/Bank/Caldarus/Banked Lines/seasons/spring_0/1	Is there anything better?	Qu'y a-t-il de mieux ?	Существует ли что-нибудь прекраснее?	Is there anything better?
Conversations/Bank/Caldarus/Banked Lines/seasons/spring_0/init	A spring breeze rustling through the trees...	Une brise printanière qui fait doucement frémir les arbres...	Весенний ветерок, колышащий ветви деревьев...	A spring breeze rustling through the trees...
Conversations/Bank/Caldarus/Banked Lines/seasons/spring_1/1	Perhaps I will start reading that monograph I have been putting off.	Peut-être vais-je commencer la lecture de cette monographie que je repoussais.	Думаю, начну читать монографию, которую откладывал.	Perhaps I will start reading that monograph I have been putting off.
Conversations/Bank/Caldarus/Banked Lines/seasons/spring_1/init	Spring is the time of new beginnings.	Le printemps est la saison des nouveaux débuts.	Весна — это время новых начал.	Spring is the time of new beginnings.
Conversations/Bank/Caldarus/Banked Lines/seasons/spring_2/init	The verdure of spring is refreshing after a long winter. I always look forward to it.	La verdure printanière est revigorante après un long hiver. Je l'attends toujours avec impatience.	После долгой зимы весеннее озеленение — приятное изменение. Я всегда ожидаю его с нетерпением.	The verdure of spring is refreshing after a long winter. I always look forward to it.
Conversations/Bank/Caldarus/Banked Lines/seasons/spring_3/init	I am always partial to the emerging warmth of spring. It was the season I was born, you see.	J'ai toujours un faible pour la douceur naissante du printemps. C'est à cette saison que je suis né, vois-tu.	Мне всегда особенно нравилась восходящая весной теплота. Всё-таки именно в это время года был рождён я.	I am always partial to the emerging warmth of spring. It was the season I was born, you see.
Conversations/Bank/Caldarus/Banked Lines/seasons/summer_0/1	Perhaps tomorrow will be milder.	Peut-être fera-t-il plus doux demain.	Но, возможно, завтра будет свежее.	Perhaps tomorrow will be milder.
Conversations/Bank/Caldarus/Banked Lines/seasons/summer_0/init	It is quite hot and humid today...	Quelle journée chaude et humide !	Сегодня довольно жарко и влажно...	It is quite hot and humid today...
Conversations/Bank/Caldarus/Banked Lines/seasons/summer_1/1	You are welcome to visit any time you need a break from the summer heat.	Viens me rendre visite quand tu le souhaites si tu as besoin de fuir un moment la chaleur de l'été.	Ты всегда можешь укрыться здесь от летней жары.	You are welcome to visit any time you need a break from the summer heat.
Conversations/Bank/Caldarus/Banked Lines/seasons/summer_1/init	It is cooler here in the forest with all this shade.	Il fait plus frais ici, dans la forêt, avec toute cette ombre.	В этом лесу, под тенью деревьев, намного прохладнее, чем за его пределами.	It is cooler here in the forest with all this shade.
Conversations/Bank/Caldarus/Banked Lines/seasons/summer_2/1	Such heat can become intense for a dragon as well.	Une telle chaleur peut s'avérer intense pour un dragon aussi.	Даже дракона такой жар может угнетать.	Such heat can become intense for a dragon as well.
Conversations/Bank/Caldarus/Banked Lines/seasons/summer_2/init	The sun's rays have become quite strong, have they not?	Les rayons du soleil sont devenus très forts, n'est-ce pas ?	Солнечный свет стал довольно сильно греть, не так ли?	The sun's rays have become quite strong, have they not?
Conversations/Bank/Caldarus/Banked Lines/seasons/summer_3/1	They must all be enjoying these warm nights.	Tous apprécient sans doute la douceur des nuits.	Всем им, должно быть, по нраву нынешние тёплые ночи.	They must all be enjoying these warm nights.
Conversations/Bank/Caldarus/Banked Lines/seasons/summer_3/init	The insects become quite talkative this time of year. Almost as much as the plants.	Les insectes deviennent très bavards à cette période de l'année, presque autant que les plantes.	В это время года насекомые разговорились почти так же сильно, как и растения.	The insects become quite talkative this time of year. Almost as much as the plants.
Conversations/Bank/Caldarus/Banked Lines/seasons/winter_0/1	But now that you are here, please, warm up by the fire and make yourself at home.	Mais puisque tu es là, je t'en prie, réchauffe-toi près du feu et fais comme chez toi.	Но раз уж ты здесь, пожалуйста, отогрейся у моего огня. Чувствуй себя как дома.	But now that you are here, please, warm up by the fire and make yourself at home.
Conversations/Bank/Caldarus/Banked Lines/seasons/winter_0/init	It is cold today, [Ari]. I hope you did not force yourself to come all the way out here for my sake...	Il fait froid aujourd'hui, [Ari]. J'espère que tu <he>ne t'es pas forcé à</he><she>ne t'es pas forcée à</she><they>n'as pas fait l'effort de</they> faire tout ce chemin rien que pour moi...	Сегодня прохладно, [Ari]. Надеюсь, тебе не пришлось заставлять себя идти сюда ради одного лишь меня...	It is cold today, [Ari]. I hope you did not force yourself to come all the way out here for my sake...
Conversations/Bank/Caldarus/Banked Lines/seasons/winter_1/1	I suppose you could say I find the atmosphere comforting.	D'une certaine manière, je trouve cette atmosphère rassurante.	Можно сказать, что я нахожу такую атмосферу угодной.	I suppose you could say I find the atmosphere comforting.
Conversations/Bank/Caldarus/Banked Lines/seasons/winter_1/init	The snow makes the Deep Woods look ethereal...	La neige donne à Boissombre un aspect irréel...	Снег придаёт Глубокой чаще очень воздушный вид...	The snow makes the Deep Woods look ethereal...
Conversations/Bank/Caldarus/Banked Lines/seasons/winter_2/1	Make certain that you do not become lost while exploring it.	Fais bien attention à ne pas t'égarer lorsque tu l'explores.	Соблюдай осторожность, чтобы не потеряться, исследуя его.	Make certain that you do not become lost while exploring it.
Conversations/Bank/Caldarus/Banked Lines/seasons/winter_2/init	The Deep Woods become another world when it is covered in snow.	Boissombre devient un tout autre monde quand la forêt se couvre de neige.	Осыпанная снегом, Глубокая чаща становится похожа на какой-то другой мир.	The Deep Woods become another world when it is covered in snow.
Conversations/Bank/Caldarus/Banked Lines/seasons/winter_3/init	Is your home warm enough in the winter? You are welcome inside mine any time you would like shelter from the elements.	Ta maison est-elle assez chaude durant l'hiver ? Je t'accueille avec plaisir dans la mienne à tout moment si tu as besoin de t'abriter des éléments.	Достаточно ли тепло в твоём жилище в зимнюю пору? Я всегда рад принять тебя в своём, если тебе понадобится убежище от холодов.	Is your home warm enough in the winter? You are welcome inside mine any time you would like shelter from the elements.
Conversations/Bank/Caldarus/Banked Lines/seasons/winter_3_alt/init	Are you warm enough [Ari]? You are welcome inside my temple any time you would like shelter from the elements.	As-tu assez chaud, [Ari] ? Je t'accueille avec plaisir dans mon temple à chaque fois qu'il te faut t'abriter des éléments.	Тебе достаточно тепло, [Ari]? Я всегда рад принять тебя в своём храме, если тебе понадобится убежище от холодов.	Are you warm enough [Ari]? You are welcome inside my temple any time you would like shelter from the elements.
Conversations/Bank/Caldarus/Banked Lines/statue_cleaning/statue_cleaning_0/1	And so, it is my turn to carry on with their work.	C'est maintenant à mon tour de poursuivre leur tâche.	Теперь настал мой черёд продолжать их работу.	And so, it is my turn to carry on with their work.
Conversations/Bank/Caldarus/Banked Lines/statue_cleaning/statue_cleaning_0/init	It appears that the Dragon Priestesses cleaned and polished this statue regularly, even as I slept.	Apparemment, les prêtresses dragon nettoyaient et faisaient briller cette statue régulièrement, même pendant mon sommeil.	Похоже, даже пока я спал, жрицы дракона чистили и шлифовали эту статую.	It appears that the Dragon Priestesses cleaned and polished this statue regularly, even as I slept.
Conversations/Bank/Caldarus/Banked Lines/statue_cleaning/statue_cleaning_1/init	It always pleases me to drape a fresh garland on this statue.	Cela me fait toujours plaisir d'enrouler une guirlande fraîche autour de cette statue.	Мне всегда отрадно украшать эту статую свежими венками.	It always pleases me to drape a fresh garland on this statue.
Conversations/Bank/Caldarus/Banked Lines/statue_cleaning/statue_cleaning_2/1	As such, I adhere to a strict cleaning schedule.	Par conséquent, je m'astreins à un calendrier de nettoyage rigoureux.	Чтобы избежать этого впредь, я придерживаюсь строгого распорядка уборки.	As such, I adhere to a strict cleaning schedule.
Conversations/Bank/Caldarus/Banked Lines/statue_cleaning/statue_cleaning_2/init	When I awoke, this temple was very dusty.	Quand je me suis éveillé, ce temple était très poussiéreux.	Когда я пробудился, этот храм был погребён под слоями пыли.	When I awoke, this temple was very dusty.
Conversations/Bank/Caldarus/Banked Lines/statue_cleaning/statue_cleaning_3/1	Successive generations of priestesses took turns shaping it into my likeness.	Tour à tour, plusieurs générations de prêtresses successives l'ont façonné pour lui donner mon image.	Поколениями жрицы вытачивали из камня мой образ.	Successive generations of priestesses took turns shaping it into my likeness.
Conversations/Bank/Caldarus/Banked Lines/statue_cleaning/statue_cleaning_3/2	And so, it is very special to me.	C'est pour cela qu'elle m'est très chère.	Вот почему эта статуя много для меня значит.	And so, it is very special to me.
Conversations/Bank/Caldarus/Banked Lines/statue_cleaning/statue_cleaning_3/init	This statue was once a dragon-shaped boulder found by a Dragon Priestess.	Cette statue était jadis un rocher en forme de dragon découvert par une prêtresse dragon.	Когда жрицы дракона обнаружили её, эта статуя была обычным булыжников, напоминающим по форме дракона.	This statue was once a dragon-shaped boulder found by a Dragon Priestess.
Conversations/Bank/Caldarus/Banked Lines/statue_cleaning/statue_cleaning_4/1	I like to save them, until I have enough to make incense.	J'aime les conserver jusqu'à en avoir assez pour fabriquer de l'encens.	Мне нравится сохранять их, чтобы при случае сделать из них благовония.	I like to save them, until I have enough to make incense.
Conversations/Bank/Caldarus/Banked Lines/statue_cleaning/statue_cleaning_4/init	I am pruning some of the wilted petals from this garland.	Je retire certains des pétales fanés de cette guirlande.	Я выбираю из венка увядшие цветы.	I am pruning some of the wilted petals from this garland.
Conversations/Bank/Caldarus/Banked Lines/town/friday_0/1	Someday, I would enjoy participating in such a get-together. It sounds like a lively event.	Un jour, j'aimerais participer à ce type de rassemblement. L'événement a l'air animé.	Когда-нибудь я бы с удовольствием присоединился к сему собранию. Звучит, как оживлённое мероприятие.	Someday, I would enjoy participating in such a get-together. It sounds like a lively event.
Conversations/Bank/Caldarus/Banked Lines/town/friday_0/init	Are you intending to meet with your neighbors at the Inn this eve?	As-tu l'intention de retrouver tes voisins à l'auberge, ce soir ?	Собираешься ли ты встретиться со своими соседями в трактире этим вечером? 	Are you intending to meet with your neighbors at the Inn this eve?
Conversations/Bank/Caldarus/Banked Lines/villagers/balor_0/1	Though unconventional, he seems perfectly willing to take orders I have been leaving out near the stairs to town.	Quoique cela soit peu conventionnel, il semble tout à fait d'accord pour prendre les commandes que je lui laisse près des escaliers menant à la ville.	Может быть, это и не очень обычно, но он, кажется, не против выполнять мои заказы, какие я оставляю рядом с лестницей в город.	Though unconventional, he seems perfectly willing to take orders I have been leaving out near the stairs to town.
Conversations/Bank/Caldarus/Banked Lines/villagers/balor_0/2	That is good news for my dwindling pantry.	C'est là une bonne nouvelle pour mon garde-manger qui se vide.	Моей не отличающейся разнообразием запасов кладовой это идёт на пользу.	That is good news for my dwindling pantry.
Conversations/Bank/Caldarus/Banked Lines/villagers/balor_0/init	I admire that merchant, Balor. He is quite discreet, and respects discretion in kind.	J'admire Balor, le marchand. Il est très discret et respecte, en retour, la discrétion des autres.	Мне по душе этот торговец, Балор. Он не афиширует свои дела и ценит, когда другие тоже соблюдают осторожность.	I admire that merchant, Balor. He is quite discreet, and respects discretion in kind.
Conversations/Bank/Caldarus/Banked Lines/villagers/celine_0/1	I could not help but intervene with a wind spell when she nearly fell in...	Quand elle a failli tomber dans l'eau, je n'ai pas pu m'empêcher d'intervenir avec un sort de vent.	Я не мог не вмешаться, когда она чуть не упала, и использовал заклинание ветра...	I could not help but intervene with a wind spell when she nearly fell in...
Conversations/Bank/Caldarus/Banked Lines/villagers/celine_0/init	I noticed Celine foraging by the pond earlier.	J'ai remarqué Céline qui faisait de la cueillette près de l'étang, tout à l'heure.	Чуть ранее я заметил Селин за сбором плодов рядом с прудом.	I noticed Celine foraging by the pond earlier.
Conversations/Bank/Caldarus/Banked Lines/villagers/dell_0/1	She is also convinced that a headless knight, a gryphon, and a mermaid reside here too.	Elle est aussi convaincue qu'ils abritent aussi un chevalier sans tête, un griffon et une sirène.	А ещё, что тут живут безголовый всадник, грифон и русалка.	She is also convinced that a headless knight, a gryphon, and a mermaid reside here too.
Conversations/Bank/Caldarus/Banked Lines/villagers/dell_0/2	I will have to keep an eye out.	Je vais devoir ouvrir l'œil.	Возможно, мне стоит быть начеку.	I will have to keep an eye out.
Conversations/Bank/Caldarus/Banked Lines/villagers/dell_0/init	That child, Dell, is quite amusing. She is convinced a dragon lives in these woods.	La petite Dell est très amusante. Elle est persuadée qu'un dragon vit dans ces bois.	Это дитё, Делл — она довольно занимательная. Она убеждена, что в этом лесу живёт дракон.	That child, Dell, is quite amusing. She is convinced a dragon lives in these woods.
Conversations/Bank/Caldarus/Banked Lines/villagers/eiland_0/1	I am curious to see his reaction when he discovers that one lives alongside him.	Je serais curieux de voir sa réaction quand il découvrira qu'un dragon vit à ses côtés.	Будет занимательно наблюдать его реакцию, когда он узнает, что один из них живёт рядом.	I am curious to see his reaction when he discovers that one lives alongside him.
Conversations/Bank/Caldarus/Banked Lines/villagers/eiland_0/init	The young Lord Eiland seems to be quite invested in the history of the Dragonsworn.	Le jeune messire Eiland semble s'investir énormément dans l'histoire du paladin du dragon.	Молодой лорд Эйланд испытывает крайний интерес к истории драконоверных.	The young Lord Eiland seems to be quite invested in the history of the Dragonsworn.
Conversations/Bank/Caldarus/Banked Lines/villagers/elsie_0/1	Someday I would like to explore such a collection of knowledge. I am sure I would learn much.	J'aimerais un jour explorer une telle collection de savoir. Je suis certain que j'apprendrais beaucoup.	Я бы хотел когда-нибудь изучить её коллекцию знаний. Уверен, я узнаю много нового.	Someday I would like to explore such a collection of knowledge. I am sure I would learn much.
Conversations/Bank/Caldarus/Banked Lines/villagers/elsie_0/init	I have heard tell of Lady Elsie and her vast library.	J'ai entendu parler de dame Elsie et de son immense bibliothèque.	Я слышал истории о большой библиотеке леди Элси.	I have heard tell of Lady Elsie and her vast library.
Conversations/Bank/Caldarus/Banked Lines/villagers/henrietta_0/init	Henrietta sounds to be a proud and noble creature. I would like to meet her some day.	Henrietta semble être une créature noble et fière. Il me plairait de la rencontrer un jour.	По описаниям, Генриетта — гордое и благородное создание. Я бы хотел когда-нибудь познакомиться с ней.	Henrietta sounds to be a proud and noble creature. I would like to meet her some day.
Conversations/Bank/Caldarus/Banked Lines/villagers/juniper_0/1	It seems that Juniper followed a leyline into the Deep Woods.	Juniper semblait suivre une ligne de force tellurique qui s'enfonçait dans Boissombre.	Судя по всему, Джунипер проследовала в Глубокую чащу по следу магической жилы.	It seems that Juniper followed a leyline into the Deep Woods.
Conversations/Bank/Caldarus/Banked Lines/villagers/juniper_0/2	She lost track of it, so I gave her a hint before I could help myself.	Elle en a perdu la trace, et je n'ai pas pu m'empêcher de lui donner un indice.	Но в какой-то момент она потеряла след. Я не смог ничего с собой поделать и дал ей подсказку.	She lost track of it, so I gave her a hint before I could help myself.
Conversations/Bank/Caldarus/Banked Lines/villagers/juniper_0/3	I was hidden, though, so I must have given her a fright. Her scream disturbed every bird in the Deep Woods.	Mais comme j'étais caché, j'ai dû lui faire une jolie frayeur. Son hurlement a affolé tous les oiseaux de Boissombre.	Я не показался ей на глаза, и она, видимо, переволновалась. Её вопль перепугал всех птиц в лесу.	I was hidden, though, so I must have given her a fright. Her scream disturbed every bird in the Deep Woods.
Conversations/Bank/Caldarus/Banked Lines/villagers/juniper_0/4	Every bird, and one dragon.	Tous les oiseaux et un dragon.	Всех птиц и одного дракона.	Every bird, and one dragon.
Conversations/Bank/Caldarus/Banked Lines/villagers/juniper_0/init	I had an interesting encounter the other day.	J'ai fait une rencontre intéressante l'autre jour.	Недавно у меня случилась интересная встреча.	I had an interesting encounter the other day.
Conversations/Bank/Caldarus/Banked Lines/villagers/ryis_0/1	He seems quite at ease in the depths of the forest, and quite taken with the birds. He is able to feed them seed right out of his hand.	Il semble très à l'aise dans la forêt et donne l'impression d'aimer beaucoup les oiseaux. Il arrive à les nourrir en leur donnant des graines dans le creux de sa main.	Мне показалось, что в глубине леса ему необычайно легко. Его любят птицы. Он кормит их семенами прямо с руки.	He seems quite at ease in the depths of the forest, and quite taken with the birds. He is able to feed them seed right out of his hand.
Conversations/Bank/Caldarus/Banked Lines/villagers/ryis_0/2	I have begun leaving him bundles of timber, so that he might have more freedom to enjoy his time among the trees.	J'ai commencé à lui laisser des fagots de bois, afin qu'il ait tout loisir de profiter du temps qu'il passe parmi les arbres.	Я стал оставлять ему собранную древесину, чтобы у него было побольше времени насладиться прогулкой по лесу.	I have begun leaving him bundles of timber, so that he might have more freedom to enjoy his time among the trees.
Conversations/Bank/Caldarus/Banked Lines/villagers/ryis_0/init	That young carpenter, Ryis, recently ventured into the Deep Woods to gather fallen branches.	Ryis, le jeune menuisier, s'est récemment aventuré à Boissombre pour ramasser des branches sèches.	Молодой плотник, Риз, недавно заходил в Глубокую чащу, чтобы набрать опавших ветвей.	That young carpenter, Ryis, recently ventured into the Deep Woods to gather fallen branches.
Conversations/Bank/Caldarus/Banked Lines/villagers/vera_0/1	How do you think I would look with a different hair style?	À quoi ressemblerais-je, d'après toi, avec une autre coiffure ?	Как думаешь, как бы я выглядел с новой причёской?	How do you think I would look with a different hair style?
Conversations/Bank/Caldarus/Banked Lines/villagers/vera_0/init	I am curious about the Saturday Market's hair stylist, Vera.	Vera, la coiffeuse du marché du samedi, m'intrigue.	Меня заинтересовала стилистка с Субботнего базара, Вера.	I am curious about the Saturday Market's hair stylist, Vera.
Conversations/Bank/Caldarus/Banked Lines/weather/cherry_petals_0/init	This springtime flight of petals... it feels magical, does it not?	Cet envol de pétales, au printemps... Cela paraît magique, tu ne trouves pas ?	Весенний лёт лепестков... Волшебное зрелище, не так ли?	This springtime flight of petals... it feels magical, does it not?
Conversations/Bank/Caldarus/Banked Lines/weather/cherry_petals_1/1	I wonder if the poets of today are also moved by the sight.	Je me demande si les poètes d'aujourd'hui sont eux aussi émus par ce spectacle.	Интересно, разделяют ли современные поэты их чувства?	I wonder if the poets of today are also moved by the sight.
Conversations/Bank/Caldarus/Banked Lines/weather/cherry_petals_1/init	The poets of old occasionally wrote of the dancing cherry blossoms.	Les poètes de jadis écrivaient parfois sur la danse des fleurs de cerisiers.	В старинные времена поэты писали о танцующих в воздухе лепестках цветущей вишни.	The poets of old occasionally wrote of the dancing cherry blossoms.
Conversations/Bank/Caldarus/Banked Lines/weather/cherry_petals_2/init	Springtime in Mistria is captivating. I must be certain not to take such beauty for granted.	Le printemps est captivant, à Mistria. Je dois néanmoins veiller à ne pas prendre cette beauté pour acquise.	Весенняя пора в Мистрии завораживает. Мне не стоит воспринимать такую красоту как должное.	Springtime in Mistria is captivating. I must be certain not to take such beauty for granted.
Conversations/Bank/Caldarus/Banked Lines/weather/pleasant_0/init	I enjoy watching the play of light through the trees on sunny days such as this.	J'aime contempler la lumière qui joue entre les feuilles des arbres les jours de beau temps comme aujourd'hui.	В солнечные деньки вроде сегодняшнего мне нравится наблюдать за игрой света в кронах деревьев.	I enjoy watching the play of light through the trees on sunny days such as this.
Conversations/Bank/Caldarus/Banked Lines/weather/pleasant_1/1	It is tempting...	C'est tentant...	Моё искушение сильно...	It is tempting...
Conversations/Bank/Caldarus/Banked Lines/weather/pleasant_1/init	Do pleasant days such as this also compel you to nap?	Les belles journées comme celle-ci t'invitent-elles aussi à la sieste ?	Скажи, в такие приятные дни, как сегодняшний, тебя тоже тянет вздремнуть?	Do pleasant days such as this also compel you to nap?
Conversations/Bank/Caldarus/Banked Lines/weather/pleasant_2/init	Good weather has a way of lifting one's spirits.	Le beau temps met toujours de bonne humeur.	Хорошая погода легко поднимает настроение.	Good weather has a way of lifting one's spirits.
Conversations/Bank/Caldarus/Banked Lines/weather/pleasant_3/init	The clear sky is beautiful today, is it not?	Le ciel clair est magnifique aujourd'hui, n'est-ce pas ?	Сегодняшнее чистое небо прекрасно, не находишь? 	The clear sky is beautiful today, is it not?
Conversations/Bank/Caldarus/Banked Lines/weather/rainy_0/1	I quite like it.	J'aime beaucoup cela.	Очень приятный.	I quite like it.
Conversations/Bank/Caldarus/Banked Lines/weather/rainy_0/init	The rain makes everything smell so green...	Avec la pluie, tout prend un parfum végétal...	Дождь придаёт всему вокруг такой свежий запах...	The rain makes everything smell so green...
Conversations/Bank/Caldarus/Banked Lines/weather/rainy_1/1	How soothing.	Que c'est apaisant !	Он успокаивает меня.	How soothing.
Conversations/Bank/Caldarus/Banked Lines/weather/rainy_1/init	The sound of the rain on the treetops...	Le bruit de la pluie sur la cime des arbres...	Звук капель дождя, бьющихся о верхушки деревьев...	The sound of the rain on the treetops...
Conversations/Bank/Caldarus/Banked Lines/weather/rainy_2/init	A good rain renews the earth.	Une bonne pluie régénère la terre.	Добротный дождь восполняет жизненную силу земли.	A good rain renews the earth.
Conversations/Bank/Caldarus/Banked Lines/weather/snowy_0/1	As I am now, I would not care to accumulate a snowdrift atop my head.	Tel que je suis aujourd'hui, je ne crains pas de me retrouver avec une congère au sommet du crâne.	В моём нынешнем обличии мне можно не переживать о сугробах на моей голове.	As I am now, I would not care to accumulate a snowdrift atop my head.
Conversations/Bank/Caldarus/Banked Lines/weather/snowy_0/init	I am grateful to no longer be a statue in weather such as this.	Par un temps pareil, je suis bien aise de ne plus être une statue.	Как благодарен я больше не быть статуей в такую прекрасную погоду.	I am grateful to no longer be a statue in weather such as this.
Conversations/Bank/Caldarus/Banked Lines/weather/snowy_1/1	However, they tend to melt whenever you attempt to study them.	Malheureusement, ils ont tendance à fondre quand on tente de les examiner.	Но стоит попытаться изучить её, она тотчас тает.	However, they tend to melt whenever you attempt to study them.
Conversations/Bank/Caldarus/Banked Lines/weather/snowy_1/init	Every flake of snow seems to be unique in shape and design.	Chaque flocon de neige semble avoir une forme et une structure unique.	Каждая снежинка кажется уникальной в своей форме.	Every flake of snow seems to be unique in shape and design.
Conversations/Bank/Caldarus/Banked Lines/weather/snowy_2/1	For some reason, it compels me to build a facsimile of a dragon out of snow.	J'ignore pourquoi, mais cela me pousse à édifier une représentation de dragon à partir de neige.	Не знаю, почему, но он вызывает у меня желание слепить подобие дракона из снега.	For some reason, it compels me to build a facsimile of a dragon out of snow.
Conversations/Bank/Caldarus/Banked Lines/weather/snowy_2/init	This snowfall is quite beautiful.	Voilà un enneigement magnifique.	Снегопад выглядит прекрасно.	This snowfall is quite beautiful.
Conversations/Bank/Caldarus/Banked Lines/weather/stormy_0/1	Mortal bodies are fragile, you must take care of yours.	Les corps mortels sont fragiles, tu dois prendre soin du tien.	Тела смертных хрупки и требуют особой заботы.	Mortal bodies are fragile, you must take care of yours.
Conversations/Bank/Caldarus/Banked Lines/weather/stormy_0/init	Do not stay out in this storm too long, [Ari].	Ne reste pas trop longtemps sous l'orage, [Ari].	Не проводи слишком много времени на улице во время грозы, [Ari].	Do not stay out in this storm too long, [Ari].
Conversations/Bank/Caldarus/Banked Lines/weather/stormy_1/1	Though I suppose that is a greater concern for a dragon in flight...	Même si ce sont surtout les dragons en vol qui doivent s'en soucier...	Хотя, надо думать, эта проблема более атктуальна для летящего в небе дракона...	Though I suppose that is a greater concern for a dragon in flight...
Conversations/Bank/Caldarus/Banked Lines/weather/stormy_1/init	Do be mindful of lightning in a storm such as this.	Méfie-toi de la foudre lors d'un orage tel que celui-ci.	С молниями в такие грозы следует соблюдать осторожность.	Do be mindful of lightning in a storm such as this.
Conversations/Bank/Caldarus/Banked Lines/weather/stormy_2/init	This storm... the sky bares her fangs today.	Quel orage...! Le ciel montre les crocs aujourd'hui.	Гроза... Сегодня небо решило обнажить клыки.	This storm... the sky bares her fangs today.
Conversations/Bank/Caldarus/Banked Lines/weather/stormy_3/1	Do be careful returning home, the rain shows no sign of stopping.	Fais bien attention en rentrant chez toi, la pluie ne semble pas vouloir s'arrêter.	Осторожнее на пути домой. Дождь не собирается прекращаться.	Do be careful returning home, the rain shows no sign of stopping.
Conversations/Bank/Caldarus/Banked Lines/weather/stormy_3/init	Thank you for visiting me in such tempestuous weather.	Merci de me rendre visite en dépit d'un temps si agité.	Благодарю тебя за визит в такую грозную погоду.	Thank you for visiting me in such tempestuous weather.
Conversations/Bank/Caldarus/Date Lines/bathhouse/bathhouse_accept_1/1	Although I cannot join you at the $Bathhouse$...	Bien que je ne puisse pas me joindre à toi à la maison des $bains$...	Я не могу пойти с тобой в $купальню$, но...	Although I cannot join you at the $Bathhouse$...
Conversations/Bank/Caldarus/Date Lines/bathhouse/bathhouse_accept_1/2	Perhaps I can improvise by heating one of the springs here.	Je peux peut-être en improviser un ici en chauffant l'une des sources.	Возможно, я смогу нагреть один из здешних источников.	Perhaps I can improvise by heating one of the springs here.
Conversations/Bank/Caldarus/Date Lines/bathhouse/bathhouse_accept_1/3	Would that be sufficient?	Cela te suffirait-il ?	Этого будет достаточно?	Would that be sufficient?
Conversations/Bank/Caldarus/Date Lines/bathhouse/bathhouse_accept_1/init	You wish to share... a bath?	Tu souhaiterais que nous partagions... un bain ?	Ты хочешь вместе... принять ванну?	You wish to share... a bath?
Conversations/Bank/Caldarus/Date Lines/bathhouse/bathhouse_accept_2/1	Well... I will need to heat it first, of course.	Enfin... Il faut auparavant que je la chauffe, bien sûr.	Конечно... сначала мне надо будет его нагреть.	Well... I will need to heat it first, of course.
Conversations/Bank/Caldarus/Date Lines/bathhouse/bathhouse_accept_2/init	Would you like to join me for a soak in the hot spring?	Aimerais-tu te plonger avec moi dans une source chaude ?	Не желаешь ли вместе искупаться в горячем источнике?	Would you like to join me for a soak in the hot spring?
Conversations/Bank/Caldarus/Date Lines/bathhouse/bathhouse_accept_eog_1/1	Certainly. I would enjoy a bath that I do not have to heat myself.	Certainement. J'apprécierais un bain que je n'ai pas à chauffer moi-même.	Непременно. Я с радостью искупаюсь, если мне не нужно греть воду самому.	Certainly. I would enjoy a bath that I do not have to heat myself.
Conversations/Bank/Caldarus/Date Lines/bathhouse/bathhouse_accept_eog_1/2	And I have heard the Bathhouse waters are quite recuperative.	Et l'on m'a dit que les eaux des bains étaient très revigorantes.	К тому же я наслышан о целительном эффекте вод в купальне.	And I have heard the Bathhouse waters are quite recuperative.
Conversations/Bank/Caldarus/Date Lines/bathhouse/bathhouse_accept_eog_1/3	After you, [Ari].	Je te suis, [Ari].	После вас, [Ari].	After you, [Ari].
Conversations/Bank/Caldarus/Date Lines/bathhouse/bathhouse_accept_eog_1/init	You wish to share a bath?	Tu souhaiterais que nous partagions un bain ?	Ты хочешь вместе принять ванну?	You wish to share a bath?
Conversations/Bank/Caldarus/Date Lines/bathhouse/bathhouse_accept_eog_2/1	You live an active life. It is necessary to release the tensions of the week.	Tu es quelqu'un de très actif. Il est nécessaire de dénouer les tensions de la semaine.	У тебя такой активный образ жизни. Хоть раз в неделю надо снимать напряжение.	You live an active life. It is necessary to release the tensions of the week.
Conversations/Bank/Caldarus/Date Lines/bathhouse/bathhouse_accept_eog_2/init	Would you join me at the Bathhouse, [Ari]?	Accepterais-tu de venir aux bains avec moi, [Ari] ?	Не желаешь ли вместе сходить в купальню, [Ari]?	Would you join me at the Bathhouse, [Ari]?
Conversations/Bank/Caldarus/Date Lines/bathhouse/bathhouse_follow_up_1/1	I still feel somewhat... overheated.	Je me sens malgré tout un peu... en surchauffe.	Я всё ещё чувствую себя слегка... перегретым.	I still feel somewhat... overheated.
Conversations/Bank/Caldarus/Date Lines/bathhouse/bathhouse_follow_up_1/2	I hope that one day we may visit Juniper's $Bathhouse$ together, as well.	J'espère qu'un jour nous pourrons aussi visiter les $bains$ de Juniper ensemble.	Надеюсь, однажды нам вдвоём также удастся посетить $купальню$ Джунипер.	I hope that one day we may visit Juniper's $Bathhouse$ together, as well.
Conversations/Bank/Caldarus/Date Lines/bathhouse/bathhouse_follow_up_1/2/prompts/0	I would like that very much...	Cela me plairait beaucoup...	Мне бы так этого хотелось...	I would like that very much...
Conversations/Bank/Caldarus/Date Lines/bathhouse/bathhouse_follow_up_1/2/prompts/1	The spring here was great too!	La source était très bien aussi !	Источник получился тоже очень хороший!	The spring here was great too!
Conversations/Bank/Caldarus/Date Lines/bathhouse/bathhouse_follow_up_1/3	As would I, [Ari]...	Tout comme moi, [Ari]...	Как и мне, [Ari]...	As would I, [Ari]...
Conversations/Bank/Caldarus/Date Lines/bathhouse/bathhouse_follow_up_1/4	It is something we can look forward to, then.	Voilà donc quelque chose à attendre avec impatience.	А значит, у нас есть, к чему стремиться в будущем.	It is something we can look forward to, then.
Conversations/Bank/Caldarus/Date Lines/bathhouse/bathhouse_follow_up_1/5	[Ari]... I am glad.	[Ari]... Je suis content.	[Ari]... Я рад.	[Ari]... I am glad.
Conversations/Bank/Caldarus/Date Lines/bathhouse/bathhouse_follow_up_1/6	I would be happy to heat it up for us any time.	Je serais heureux de la chauffer pour nous à tout moment.	Я с удовольствием готов разогреть его ещё раз, когда захочешь.	I would be happy to heat it up for us any time.
Conversations/Bank/Caldarus/Date Lines/bathhouse/bathhouse_follow_up_1/init	That was most relaxing, [Ari].	C'était fort relaxant, [Ari].	Это поистине расслабляет, [Ari].	That was most relaxing, [Ari].
Conversations/Bank/Caldarus/Date Lines/bathhouse/bathhouse_follow_up_2/1	Both my heart and my body feel light.	Mon cœur et mon corps se sentent tous deux légers.	И в теле и на сердце моём легко.	Both my heart and my body feel light.
Conversations/Bank/Caldarus/Date Lines/bathhouse/bathhouse_follow_up_2/init	I hope that you enjoyed our time in the spring together, [Ari].	J'espère que tu as apprécié le moment que nous avons passé ensemble dans la source, [Ari].	Надеюсь, тебе понравилось купание в источнике, [Ari].	I hope that you enjoyed our time in the spring together, [Ari].
Conversations/Bank/Caldarus/Date Lines/bathhouse/bathhouse_follow_up_eog_1/1	I... enjoyed sharing that experience with you, [Ari].	J'ai... beaucoup aimé partager cette expérience avec toi, [Ari].	Мне было... приятно разделить этот опыт с тобой, [Ari].	I... enjoyed sharing that experience with you, [Ari].
Conversations/Bank/Caldarus/Date Lines/bathhouse/bathhouse_follow_up_eog_1/1/prompts/0	I enjoyed it, too.	Moi aussi, ça m'a plu.	Мне тоже.	I enjoyed it, too.
Conversations/Bank/Caldarus/Date Lines/bathhouse/bathhouse_follow_up_eog_1/1/prompts/1	I feel a little overheated...	J'ai eu un petit peu trop chaud...	Я как будто слегка <p>перегрелись</p><f>перегрелась</f><m>перегрелся</m><n>перегрелось</n>...	I feel a little overheated...
Conversations/Bank/Caldarus/Date Lines/bathhouse/bathhouse_follow_up_eog_1/2	I am happy to hear it.	Je suis heureux de l'entendre.	Рад это слышать.	I am happy to hear it.
Conversations/Bank/Caldarus/Date Lines/bathhouse/bathhouse_follow_up_eog_1/3	Purifying your body with your chosen one... it is an intimate thing.	Purifier son corps avec la personne que l'on a élue... est quelque chose d'intime.	Очищать тело в компании своего избранного... весьма интимное занятие.	Purifying your body with your chosen one... it is an intimate thing.
Conversations/Bank/Caldarus/Date Lines/bathhouse/bathhouse_follow_up_eog_1/4	I am already looking forward to our next visit.	J'attends déjà notre prochaine visite avec impatience.	Я уже жду нашего следующего купания.	I am already looking forward to our next visit.
Conversations/Bank/Caldarus/Date Lines/bathhouse/bathhouse_follow_up_eog_1/5	I feel the same.	J'éprouve la même chose.	Я тоже.	I feel the same.
Conversations/Bank/Caldarus/Date Lines/bathhouse/bathhouse_follow_up_eog_1/6	Purifying your body with your chosen one... it is an intimate thing.	Purifier son corps avec la personne que l'on a élue... est quelque chose d'intime.	Очищать тело в компании своего избранного... весьма интимное занятие.	Purifying your body with your chosen one... it is an intimate thing.
Conversations/Bank/Caldarus/Date Lines/bathhouse/bathhouse_follow_up_eog_1/7	I am already looking forward to our next visit.	J'attends déjà notre prochaine visite avec impatience.	Я уже жду нашего следующего купания.	I am already looking forward to our next visit.
Conversations/Bank/Caldarus/Date Lines/bathhouse/bathhouse_follow_up_eog_1/init	I cannot recall the last time I felt so relaxed.	Il y a fort longtemps que je ne m'étais pas senti aussi détendu.	Даже не помню, когда я в последний раз так расслаблялся.	I cannot recall the last time I felt so relaxed.
Conversations/Bank/Caldarus/Date Lines/bathhouse/bathhouse_follow_up_eog_2/1	Both my heart and my body feel light.	Mon cœur et mon corps se sentent tous deux légers.	И в теле и на сердце моём легко.	Both my heart and my body feel light.
Conversations/Bank/Caldarus/Date Lines/bathhouse/bathhouse_follow_up_eog_2/init	I... enjoyed sharing a bath with you, [Ari].	J'ai... beaucoup aimé partager ce bain avec toi, [Ari].	Мне было... приятно разделить с тобой ванну, [Ari].	I... enjoyed sharing a bath with you, [Ari].
Conversations/Bank/Caldarus/Date Lines/beach/beach_accept_1/1	While that does sound nice...	Quoique cette perspective soit agréable...	Это правда звучит приятно...	While that does sound nice...
Conversations/Bank/Caldarus/Date Lines/beach/beach_accept_1/2	I am afraid that I cannot stray so far from the $Deep Woods$.	Je ne peux malheureusement pas m'aventurer aussi loin de $Boissombre$.	Но, боюсь, я не могу так далеко выходить из $Глубокой чащи$.	I am afraid that I cannot stray so far from the $Deep Woods$.
Conversations/Bank/Caldarus/Date Lines/beach/beach_accept_1/3	Would you perhaps-	Accepterais-tu peut-être...	Может быть, хочешь вместо этого...	Would you perhaps-
Conversations/Bank/Caldarus/Date Lines/beach/beach_accept_1/4	Join me for a walk by the waterfall, instead?	De m'accompagner pour une balade près de la cascade, à la place ?	Прогуляться со мной у водопада?	Join me for a walk by the waterfall, instead?
Conversations/Bank/Caldarus/Date Lines/beach/beach_accept_1/5	Really? You do not mind? I am glad, [Ari].	Vraiment ? Cela ne te dérange pas ? Je suis content, [Ari].	Правда? Ты не против? Как я рад, [Ari].	Really? You do not mind? I am glad, [Ari].
Conversations/Bank/Caldarus/Date Lines/beach/beach_accept_1/init	A walk? On the Beach?	Une promenade ? Sur la plage ?	Прогулка по пляжу?	A walk? On the Beach?
Conversations/Bank/Caldarus/Date Lines/beach/beach_accept_2/1	I would like that very much, [Ari].	J'aimerais beaucoup cela, [Ari].	Я с радостью присоединюсь, [Ari].	I would like that very much, [Ari].
Conversations/Bank/Caldarus/Date Lines/beach/beach_accept_2/init	A walk by the waterfall?	Une promenade près de la cascade ?	Прогулка у водопада?	A walk by the waterfall?
Conversations/Bank/Caldarus/Date Lines/beach/beach_accept_eog_1/1	I was hoping that you would ask. I am fond of the Beach.	J'espérais que tu le proposerais. J'aime beaucoup la plage.	Я ждал этого предложения. Мне весьма нравится пляж.	I was hoping that you would ask. I am fond of the Beach.
Conversations/Bank/Caldarus/Date Lines/beach/beach_accept_eog_1/2	I especially enjoy the feeling of sand beneath my talons.	J'apprécie particulièrement la sensation du sable sous mes griffes.	Особенно приятно чувствовать песок под когтями.	I especially enjoy the feeling of sand beneath my talons.
Conversations/Bank/Caldarus/Date Lines/beach/beach_accept_eog_1/3	Lead the way, [Ari].	Ouvre le chemin, [Ari].	Веди же меня, [Ari].	Lead the way, [Ari].
Conversations/Bank/Caldarus/Date Lines/beach/beach_accept_eog_1/init	A promenade along the coast?	Une promenade le long du littoral ?	Променад вдоль побережья?	A promenade along the coast?
Conversations/Bank/Caldarus/Date Lines/beach/beach_accept_eog_2/1	I wish for that as well.	Je le souhaite également.	И я желаю того же.	I wish for that as well.
Conversations/Bank/Caldarus/Date Lines/beach/beach_accept_eog_2/2	Let us waste no time, then.	Dans ce cas, ne perdons pas de temps.	Не будем же тратить времени.	Let us waste no time, then.
Conversations/Bank/Caldarus/Date Lines/beach/beach_accept_eog_2/init	You wish to walk along the shore together?	Tu souhaites que nous marchions ensemble sur la plage ?	Ты желаешь прогуляться вместе вдоль берега?	You wish to walk along the shore together?
Conversations/Bank/Caldarus/Date Lines/beach/beach_follow_up_1/1	I understand that you had hoped to go to the Beach...	Je sais que tu espérais aller à la plage...	Я понимаю, что ты <p>надеялись</p><f>надеялась</f><m>надеялся</m><n>надеялось</n> посетить пляж...	I understand that you had hoped to go to the Beach...
Conversations/Bank/Caldarus/Date Lines/beach/beach_follow_up_1/2	And yet, you were willing to compromise, for the sake of my comfort.	Pourtant, tu as accepté de faire un compromis, pour mon bien-être.	И всё же ты <p>пошли</p><f>пошла</f><m>пошёл</m><n>пошло</n> на компромисс ради моего удобства.	And yet, you were willing to compromise, for the sake of my comfort.
Conversations/Bank/Caldarus/Date Lines/beach/beach_follow_up_1/2/prompts/0	The waterfall was magical! Even better than the Beach!	La cascade était magique ! Mieux encore que la plage !	Водопад был просто волшебный! Ещё лучше, чем пляж!	The waterfall was magical! Even better than the Beach!
Conversations/Bank/Caldarus/Date Lines/beach/beach_follow_up_1/2/prompts/1	It's not about the location, it's about being with you.	Peu importe le lieu, l'essentiel est d'être avec toi.	Место не главное, главное — побыть с тобой.	It's not about the location, it's about being with you.
Conversations/Bank/Caldarus/Date Lines/beach/beach_follow_up_1/3	[Ari]...	[Ari]...	[Ari]...	[Ari]...
Conversations/Bank/Caldarus/Date Lines/beach/beach_follow_up_1/4	I am glad to hear so.	Cela me fait plaisir de l'entendre.	Я рад это слышать.	I am glad to hear so.
Conversations/Bank/Caldarus/Date Lines/beach/beach_follow_up_1/5	Perhaps someday, I may join you at the Beach and experience it for myself.	Peut-être qu'un jour, je pourrai te rejoindre à la plage et la découvrir par moi-même.	Возможно, когда-нибудь я смогу присоединиться к тебе на пляже и сравнить сам.	Perhaps someday, I may join you at the Beach and experience it for myself.
Conversations/Bank/Caldarus/Date Lines/beach/beach_follow_up_1/6	[Ari]...	[Ari]...	[Ari]...	[Ari]...
Conversations/Bank/Caldarus/Date Lines/beach/beach_follow_up_1/7	I am glad to hear so.	Cela me fait plaisir de l'entendre.	Я рад это слышать.	I am glad to hear so.
Conversations/Bank/Caldarus/Date Lines/beach/beach_follow_up_1/8	Perhaps someday, I may join you at the Beach and experience it for myself.	Peut-être qu'un jour, je pourrai te rejoindre à la plage et la découvrir par moi-même.	Возможно, когда-нибудь я смогу присоединиться к тебе на пляже и сравнить сам.	Perhaps someday, I may join you at the Beach and experience it for myself.
Conversations/Bank/Caldarus/Date Lines/beach/beach_follow_up_1/init	I am grateful for our time together at the waterfall, [Ari].	Je me sens plein de reconnaissance pour le moment que nous avons passé ensemble à la cascade, [Ari].	Благодарю тебя за нашу прогулку у водопада, [Ari].	I am grateful for our time together at the waterfall, [Ari].
Conversations/Bank/Caldarus/Date Lines/beach/beach_follow_up_2/1	The beauty of the waterfall always stirs my heart...	La beauté de la cascade m'émeut toujours...	Красота этого водопада взволновала моё сердце...	The beauty of the waterfall always stirs my heart...
Conversations/Bank/Caldarus/Date Lines/beach/beach_follow_up_2/2	As does your own.	Comme la tienne.	Равно как и твоя красота.	As does your own.
Conversations/Bank/Caldarus/Date Lines/beach/beach_follow_up_2/init	Thank you for joining me on that walk, [Ari].	Merci de m'avoir accompagné dans cette promenade, [Ari].	Спасибо, что <p>разделили</p><f>разделила</f><m>разделил</m><n>разделило</n> со мной эту прогулку, [Ari].	Thank you for joining me on that walk, [Ari].
Conversations/Bank/Caldarus/Date Lines/beach/beach_follow_up_eog_1/1	Something about the ocean air is invigorating.	Il y a quelque chose de revigorant dans l'air iodé.	Есть в океанском воздухе что-то, наполняющее силами.	Something about the ocean air is invigorating.
Conversations/Bank/Caldarus/Date Lines/beach/beach_follow_up_eog_1/2	Or perhaps it is your presence.	À moins que cela soit dû à ta présence.	А может, это что-то в тебе.	Or perhaps it is your presence.
Conversations/Bank/Caldarus/Date Lines/beach/beach_follow_up_eog_1/2/prompts/0	I love the Beach!	J'adore la plage !	Я так люблю пляж!	I love the Beach!
Conversations/Bank/Caldarus/Date Lines/beach/beach_follow_up_eog_1/2/prompts/1	I love being with you.	J'adore être avec toi.	Я так люблю проводить время с тобой.	I love being with you.
Conversations/Bank/Caldarus/Date Lines/beach/beach_follow_up_eog_1/3	Being serenaded by the cry of shorebirds, our footsteps washing away behind us...	Entendre les oiseaux du rivage nous chanter la sérénade, voir l'eau effacer nos traces dans le sable...	Серенады прибрежных птиц и волны, уносящие наши следы...	Being serenaded by the cry of shorebirds, our footsteps washing away behind us...
Conversations/Bank/Caldarus/Date Lines/beach/beach_follow_up_eog_1/4	It is etched in my mind.	Tout cela est gravé dans mon esprit.	Я запечатал их в своей памяти.	It is etched in my mind.
Conversations/Bank/Caldarus/Date Lines/beach/beach_follow_up_eog_1/5	Thank you for showing me an unforgettable time.	Merci de m'avoir fait passer un moment inoubliable.	Благодарю, что <p>подарили</p><f>подарила</f><m>подарил</m><n>подарило</n> мне незабываемый опыт.	Thank you for showing me an unforgettable time.
Conversations/Bank/Caldarus/Date Lines/beach/beach_follow_up_eog_1/6	I feel the same way.	J'éprouve la même chose.	Я тоже люблю пляж.	I feel the same way.
Conversations/Bank/Caldarus/Date Lines/beach/beach_follow_up_eog_1/7	The sight of you, with the vast, glittering ocean behind you...	Te voir, et derrière toi, l'immensité scintillante de l'océan...	Твоё лицо на фоне безграничного океана, сверкающего на солнце...	The sight of you, with the vast, glittering ocean behind you...
Conversations/Bank/Caldarus/Date Lines/beach/beach_follow_up_eog_1/8	I have etched it in my mind.	J'ai gravé cela dans mon esprit.	Я запечатал его в своей памяти.	I have etched it in my mind.
Conversations/Bank/Caldarus/Date Lines/beach/beach_follow_up_eog_1/9	Thank you for showing me an unforgettable time.	Merci de m'avoir fait passer un moment inoubliable.	Благодарю, что <p>подарили</p><f>подарила</f><m>подарил</m><n>подарило</n> мне незабываемый опыт.	Thank you for showing me an unforgettable time.
Conversations/Bank/Caldarus/Date Lines/beach/beach_follow_up_eog_1/init	I enjoyed walking along the Beach with you, [Ari].	J'ai beaucoup aimé marcher sur la plage avec toi, [Ari].	Мне понравилась наша прогулка на пляже, [Ari].	I enjoyed walking along the Beach with you, [Ari].
Conversations/Bank/Caldarus/Date Lines/beach/beach_follow_up_eog_2/1	There is something special about that place...	Cet endroit a quelque chose de particulier...	Пляж — это необыкновенное место...	There is something special about that place...
Conversations/Bank/Caldarus/Date Lines/beach/beach_follow_up_eog_2/2	And about you.	Tout comme toi.	Как и ты.	And about you.
Conversations/Bank/Caldarus/Date Lines/beach/beach_follow_up_eog_2/init	I enjoyed our time at the shore together.	J'ai apprécié le moment que nous avons passé ensemble à la plage.	Мне понравилось быть с тобой вместе на пляже.	I enjoyed our time at the shore together.
Conversations/Bank/Caldarus/Date Lines/deep_woods_picnic/deep_woods_picnic_accept_1/1	I am afraid that I am not familiar with the term.	Ce terme ne m'est pas familier, j'en ai peur.	Боюсь, что мне не знакомо это слово.	I am afraid that I am not familiar with the term.
Conversations/Bank/Caldarus/Date Lines/deep_woods_picnic/deep_woods_picnic_accept_1/10	I should like that very much!	J'aimerais beaucoup cela !	Уверен, мне это понравится!	I should like that very much!
Conversations/Bank/Caldarus/Date Lines/deep_woods_picnic/deep_woods_picnic_accept_1/2	Oh? A meal shared out in nature?	Oh ? Un repas partagé dans la nature ?	Что? Совместная трапеза на природе?	Oh? A meal shared out in nature?
Conversations/Bank/Caldarus/Date Lines/deep_woods_picnic/deep_woods_picnic_accept_1/3	That you prepared in advance? And brought here in that little basket?	Que tu prépares à l'avance ? Et que tu apportes avec toi dans ce petit panier ?	Которую ты готовишь заранее? И приносишь в корзинке?	That you prepared in advance? And brought here in that little basket?
Conversations/Bank/Caldarus/Date Lines/deep_woods_picnic/deep_woods_picnic_accept_1/4	...	...	...	...
Conversations/Bank/Caldarus/Date Lines/deep_woods_picnic/deep_woods_picnic_accept_1/5	W-what is this feeling?	Que... Qu'est-ce que ce sentiment ?	Ч-что за странное чувство?	W-what is this feeling?
Conversations/Bank/Caldarus/Date Lines/deep_woods_picnic/deep_woods_picnic_accept_1/6	How unbearably charming.	C'est plus charmant que je ne saurais le dire.	Как необыкновенно очаровательно.	How unbearably charming.
Conversations/Bank/Caldarus/Date Lines/deep_woods_picnic/deep_woods_picnic_accept_1/7	I feel a strange urge to just... pick you up and hold you.	Je ressens une envie irrépressible de... te soulever et te serrer contre moi.	Я испытываю странное желание... поднять тебя и просто держать.	I feel a strange urge to just... pick you up and hold you.
Conversations/Bank/Caldarus/Date Lines/deep_woods_picnic/deep_woods_picnic_accept_1/8	Ah, but... perhaps that would not be appropriate.	Ah, mais... cela serait peut-être inapproprié.	Ах, но, наверное... Это будет неподобающе.	Ah, but... perhaps that would not be appropriate.
Conversations/Bank/Caldarus/Date Lines/deep_woods_picnic/deep_woods_picnic_accept_1/9	"So. Er. Let us go on this ""picnic"" you describe."	Alors. Euh. Allons faire ce « pique-nique » que tu décris.	Тогда, эм... Давай пойдём на этот «пикник», про который ты говоришь.	"So. Er. Let us go on this ""picnic"" you describe."
Conversations/Bank/Caldarus/Date Lines/deep_woods_picnic/deep_woods_picnic_accept_1/init	A... picnic?	Un... pique-nique ?	На пикник?..	A... picnic?
Conversations/Bank/Caldarus/Date Lines/deep_woods_picnic/deep_woods_picnic_accept_2/1	We could share another picnic?	Nous pourrions partager un autre pique-nique ?	Разделить со мной ещё один пикник?	We could share another picnic?
Conversations/Bank/Caldarus/Date Lines/deep_woods_picnic/deep_woods_picnic_accept_2/2	I prepared a basket for us, this time.	J'ai préparé un panier pour nous, cette fois.	В этот раз я собрал корзинку.	I prepared a basket for us, this time.
Conversations/Bank/Caldarus/Date Lines/deep_woods_picnic/deep_woods_picnic_accept_2/init	Perhaps, if you have the time...	Peut-être que si tu en avais le temps...	Возможно, у тебя найдётся время...	Perhaps, if you have the time...
Conversations/Bank/Caldarus/Date Lines/deep_woods_picnic/deep_woods_picnic_accept_3/1	Of course. I would love to join you, [Ari].	Bien sûr. J'adorerais me joindre à toi, [Ari].	Разумеется. Я с радостью пойду с тобой, [Ari].	Of course. I would love to join you, [Ari].
Conversations/Bank/Caldarus/Date Lines/deep_woods_picnic/deep_woods_picnic_accept_3/2	Thank you for the invitation.	Merci de ton invitation.	Спасибо за приглашение.	Thank you for the invitation.
Conversations/Bank/Caldarus/Date Lines/deep_woods_picnic/deep_woods_picnic_accept_3/init	Ah, a picnic?	Ah, un pique-nique ?	А, пикник?	Ah, a picnic?
Conversations/Bank/Caldarus/Date Lines/deep_woods_picnic/deep_woods_picnic_follow_up_1/1	You were correct, it is very pleasant to share a meal out in nature together.	Tu avais raison, il est très agréable de partager un repas dans la nature.	Ты <p>были правы</p><f>была права</f><m>был прав</m><n>было право</n>, разделить трапезу на природе — очень приятно.	You were correct, it is very pleasant to share a meal out in nature together.
Conversations/Bank/Caldarus/Date Lines/deep_woods_picnic/deep_woods_picnic_follow_up_1/2	Perhaps I will prepare something for next time.	Je pourrai peut-être préparer quelque chose pour la prochaine fois.	Возможно, в следующий раз я что-нибудь приготовлю.	Perhaps I will prepare something for next time.
Conversations/Bank/Caldarus/Date Lines/deep_woods_picnic/deep_woods_picnic_follow_up_1/init	I had a most wonderful time on our picnic, [Ari].	J'ai passé un moment merveilleux lors de notre pique-nique, [Ari].	Я чудесно провёл время с тобой на пикнике, [Ari].	I had a most wonderful time on our picnic, [Ari].
Conversations/Bank/Caldarus/Date Lines/deep_woods_picnic/deep_woods_picnic_follow_up_2/1	My apologies that the meal I prepared triggered your coughing fit...	Excuse-moi si le repas que j'ai préparé t'a causé cette quinte de toux...	Приношу свои извинения, что моя еда вызвала приступ кашля...	My apologies that the meal I prepared triggered your coughing fit...
Conversations/Bank/Caldarus/Date Lines/deep_woods_picnic/deep_woods_picnic_follow_up_2/1/prompts/0	Not at all! It was just, uh... the pollen.	Pas du tout ! C'était seulement, euh... le pollen !	Ничего страшного! Это просто, эээ... из-за пыльцы.	Not at all! It was just, uh... the pollen.
Conversations/Bank/Caldarus/Date Lines/deep_woods_picnic/deep_woods_picnic_follow_up_2/1/prompts/1	How much black pepper did you use?	Quelle quantité de poivre as-tu utilisée ?	Сколько чёрного перца ты добавил?	How much black pepper did you use?
Conversations/Bank/Caldarus/Date Lines/deep_woods_picnic/deep_woods_picnic_follow_up_2/2	Oh, good. I was worried that perhaps I did not use enough black pepper.	Oh, tant mieux. Je m'inquiétais de n'avoir pas suffisamment utilisé de poivre noir.	А, хорошо. Я боялся, что, возможно, добавил недостаточно чёрного перца.	Oh, good. I was worried that perhaps I did not use enough black pepper.
Conversations/Bank/Caldarus/Date Lines/deep_woods_picnic/deep_woods_picnic_follow_up_2/3	I did think that the container it came in was rather small.	J'ai vraiment trouvé le récipient qui le contenait assez petit.	У меня даже были сомнения, не маловато ли в той пачке.	I did think that the container it came in was rather small.
Conversations/Bank/Caldarus/Date Lines/deep_woods_picnic/deep_woods_picnic_follow_up_2/4	I hope that you had a good time, regardless!	J'espère que tu as malgré tout passé un bon moment !	Надеюсь, пикник тебе всё равно понравился!	I hope that you had a good time, regardless!
Conversations/Bank/Caldarus/Date Lines/deep_woods_picnic/deep_woods_picnic_follow_up_2/5	The normal amount, I assure you.	La quantité normale, je t'assure.	Уверяю тебя, не больше обычного.	The normal amount, I assure you.
Conversations/Bank/Caldarus/Date Lines/deep_woods_picnic/deep_woods_picnic_follow_up_2/6	Though I did think the container it came in was rather small.	Même si j'ai vraiment trouvé le récipient qui le contenait assez petit.	Хотя у меня были сомнения, не маловато ли в той пачке.	Though I did think the container it came in was rather small.
Conversations/Bank/Caldarus/Date Lines/deep_woods_picnic/deep_woods_picnic_follow_up_2/7	I hope that you had a good time regardless!	J'espère que tu as malgré tout passé un bon moment !	Надеюсь, пикник тебе всё равно понравился!	I hope that you had a good time regardless!
Conversations/Bank/Caldarus/Date Lines/deep_woods_picnic/deep_woods_picnic_follow_up_2/init	Thank you for joining me, [Ari].	Merci de m'avoir rejoint, [Ari].	Спасибо, что <p>присоединились</p><f>присоединилась</f><m>присоединился</m><n>присоединилось</n>, [Ari].	Thank you for joining me, [Ari].
Conversations/Bank/Caldarus/Date Lines/deep_woods_picnic/deep_woods_picnic_follow_up_3/1	Let us make plans to do it again soon.	Prévoyons d'en refaire un très vite.	Предлагаю повторить.	Let us make plans to do it again soon.
Conversations/Bank/Caldarus/Date Lines/deep_woods_picnic/deep_woods_picnic_follow_up_3/init	I truly enjoyed our picnic together, [Ari].	J'ai vraiment apprécié notre pique-nique, [Ari].	Мне очень понравился наш с тобой пикник, [Ari].	I truly enjoyed our picnic together, [Ari].
Conversations/Bank/Caldarus/Date Lines/gem_cutting/gem_cutting_accept_1/1	That does sound intriguing!	Voilà qui pique ma curiosité !	Звучит весьма интригующе!	That does sound intriguing!
Conversations/Bank/Caldarus/Date Lines/gem_cutting/gem_cutting_accept_1/2	I am not sure that I have suitable equipment out here in the woods...	Je ne suis pas sûr d'avoir le matériel adéquat ici, dans les bois...	Я не уверен, что смогу найти в лесу подходящие инструменты...	I am not sure that I have suitable equipment out here in the woods...
Conversations/Bank/Caldarus/Date Lines/gem_cutting/gem_cutting_accept_1/3	But... shall we give it a try anyway?	Mais... Pourquoi ne pas essayer quand même ?	Впрочем... мы можем попробовать!	But... shall we give it a try anyway?
Conversations/Bank/Caldarus/Date Lines/gem_cutting/gem_cutting_accept_1/init	You would like to go on a $Gem Cutting Date$?	Tu aimerais que nous allions $tailler des gemmes$ ?	Ты приглашаешь меня на $свидание с огранкой$?	You would like to go on a $Gem Cutting Date$?
Conversations/Bank/Caldarus/Date Lines/gem_cutting/gem_cutting_accept_2/1	I think that I have improved somewhat since last time!	Je crois que j'ai un peu progressé depuis la dernière fois !	Я думаю, с прошлого раза я слегка отточил навык!	I think that I have improved somewhat since last time!
Conversations/Bank/Caldarus/Date Lines/gem_cutting/gem_cutting_accept_2/init	Would you like to join me for some $Gem Cutting$?	Aimerais-tu te joindre à moi pour $tailler des gemmes$ ?	Хочешь составить мне компанию на $свидании с огранкой$?	Would you like to join me for some $Gem Cutting$?
Conversations/Bank/Caldarus/Date Lines/gem_cutting/gem_cutting_accept_eog_1/1	I know you to be a skilled blacksmith, so I am happy to be in your capable hands.	Je connais tes talents dans l'art de la forge, je suis donc ravi de me laisser guider par toi.	Я знаю о твоих кузнечных навыках. Поэтому я с удовольствием доверяюсь в твои надёжные руки.	I know you to be a skilled blacksmith, so I am happy to be in your capable hands.
Conversations/Bank/Caldarus/Date Lines/gem_cutting/gem_cutting_accept_eog_1/2	Do not hesitate to correct my form.	N'hésite pas à corriger ce que je fabrique.	Не стесняйся поправлять мою форму.	Do not hesitate to correct my form.
Conversations/Bank/Caldarus/Date Lines/gem_cutting/gem_cutting_accept_eog_1/3	In fact, I encourage it.	En réalité, je t'y invite, même.	Это мне будет даже приятнее.	In fact, I encourage it.
Conversations/Bank/Caldarus/Date Lines/gem_cutting/gem_cutting_accept_eog_1/init	Oh! A $Gem Cutting Date$?	Oh ! Un rendez-vous pour faire de la $taille de gemmes$ ?	Ого! $Свидание с огранкой$?	Oh! A $Gem Cutting Date$?
Conversations/Bank/Caldarus/Date Lines/gem_cutting/gem_cutting_accept_eog_2/1	Perhaps next time I can show you how much I have improved.	Peut-être que la prochaine fois, je pourrai te montrer à quel point j'ai progressé.	Быть может, в следующий раз я покажу тебе, как отточил свой навык.	Perhaps next time I can show you how much I have improved.
Conversations/Bank/Caldarus/Date Lines/gem_cutting/gem_cutting_accept_eog_2/init	I have found another rough gemstone that we could cut together, [Ari].	J'ai trouvé un autre joyau brut que nous pourrions tailler ensemble, [Ari].	Я нашёл ещё один неогранённый камень, которым мы можем заняться, [Ari].	I have found another rough gemstone that we could cut together, [Ari].
Conversations/Bank/Caldarus/Date Lines/gem_cutting/gem_cutting_follow_up_1/1	Although I am not yet adept at such delicate work...	Quoique je n'excelle pas encore dans ce travail si délicat...	Столь деликатная работа пока даётся мне с трудом...	Although I am not yet adept at such delicate work...
Conversations/Bank/Caldarus/Date Lines/gem_cutting/gem_cutting_follow_up_1/2	I found the experience quite enjoyable.	J'ai trouvé l'expérience très agréable.	Однако мне всё равно понравился этот опыт.	I found the experience quite enjoyable.
Conversations/Bank/Caldarus/Date Lines/gem_cutting/gem_cutting_follow_up_1/init	I am glad that we were able to improvise a workstation for $Gem Cutting$, [Ari]!	Je suis content que nous ayons réussi à improviser un établi pour la $taille de gemmes$, [Ari] !	Я рад, что у нас получилось сделать импровизированный верстак для $огранки$, [Ari]!	I am glad that we were able to improvise a workstation for $Gem Cutting$, [Ari]!
Conversations/Bank/Caldarus/Date Lines/gem_cutting/gem_cutting_follow_up_2/1	Truthfully, I am not too concerned with improving my skill...	En vérité, améliorer mes compétences en la matière ne me préoccupe guère...	Искренне говоря, мне не так важен этот навык...	Truthfully, I am not too concerned with improving my skill...
Conversations/Bank/Caldarus/Date Lines/gem_cutting/gem_cutting_follow_up_2/2	I find it captivating just to watch you work.	Mais je trouve cela captivant de te regarder travailler.	Но меня завораживает наблюдать, как ты работаешь.	I find it captivating just to watch you work.
Conversations/Bank/Caldarus/Date Lines/gem_cutting/gem_cutting_follow_up_2/init	Thank you for $Gem Cutting$ with me, [Ari].	Merci de m'avoir accompagné dans la $taille de gemmes$, [Ari].	Спасибо, что <p>занялись</p><f>занялась</f><m>занялся</m><n>занялось</n> со мной $огранкой$, [Ari].	Thank you for $Gem Cutting$ with me, [Ari].
Conversations/Bank/Caldarus/Date Lines/gem_cutting/gem_cutting_follow_up_eog_1/1	It was illuminating to see you do such skilled work up close.	Il était très éclairant de te voir de près faire un travail si minutieux.	Близкое наблюдение за столь деликатной работой было для меня поучительным.	It was illuminating to see you do such skilled work up close.
Conversations/Bank/Caldarus/Date Lines/gem_cutting/gem_cutting_follow_up_eog_1/2	And it was a valuable experience to be your student.	Et cela a été une expérience précieuse d'être ton élève.	И быть твоим учеником для меня — ценный опыт.	And it was a valuable experience to be your student.
Conversations/Bank/Caldarus/Date Lines/gem_cutting/gem_cutting_follow_up_eog_1/3	I'll be in your care the next time as well, [Ari].	C'est toi qui veilleras sur moi la prochaine fois aussi, [Ari].	Я готов довериться тебе в следующий раз, [Ari].	I'll be in your care the next time as well, [Ari].
Conversations/Bank/Caldarus/Date Lines/gem_cutting/gem_cutting_follow_up_eog_1/init	I enjoyed our time $Gem Cutting$, [Ari].	J'ai apprécié le moment que nous avons passé ensemble à $tailler des gemmes$, [Ari].	Мне понравилось наше $свидание с огранкой$, [Ari].	I enjoyed our time $Gem Cutting$, [Ari].
Conversations/Bank/Caldarus/Date Lines/gem_cutting/gem_cutting_follow_up_eog_2/1	I enjoy seeing your hands at work.	J'aime regarder tes mains à l'ouvrage.	Мне нравится наблюдать за твоими руками, когда ты работаешь.	I enjoy seeing your hands at work.
Conversations/Bank/Caldarus/Date Lines/gem_cutting/gem_cutting_follow_up_eog_2/init	$Gem Cutting$ with you is a mesmerizing experience, [Ari].	$Tailler des gemmes$ avec toi est une expérience fascinante, [Ari].	$Огранка$ с тобой вдвоём просто завораживает, [Ari].	$Gem Cutting$ with you is a mesmerizing experience, [Ari].
Conversations/Bank/Caldarus/Date Lines/inn_meal/inn_meal_accept_1/1	Oh, [Ari]...	Oh ! [Ari]...	Ох, [Ari]...	Oh, [Ari]...
Conversations/Bank/Caldarus/Date Lines/inn_meal/inn_meal_accept_1/2	I would like nothing more. However...	Rien ne me ferait plus plaisir. Néanmoins...	Я бы хотел этого больше всего на свете. Однако...	I would like nothing more. However...
Conversations/Bank/Caldarus/Date Lines/inn_meal/inn_meal_accept_1/3	I should not leave the protection of the $Deep Woods$ in my current state.	Je ne dois pas quitter l'abri que représente $Boissombre$, dans mon état actuel.	В моей нынешней форме мне не следует отходить от защиты $Глубокой чащи$.	I should not leave the protection of the $Deep Woods$ in my current state.
Conversations/Bank/Caldarus/Date Lines/inn_meal/inn_meal_accept_1/4	Would you like to join me for a meal here, instead?	Aimerais-tu te joindre à moi pour manger ici, à la place ?	Ты не против вместо этого устроить совместную трапезу здесь?	Would you like to join me for a meal here, instead?
Conversations/Bank/Caldarus/Date Lines/inn_meal/inn_meal_accept_1/5	Yes? Ah, wonderful! I will get the fire going, and make us something nice!	Oui ? Ah, fantastique ! Je vais allumer le feu et nous préparer quelque chose de bon !	Нет? Ах, чудесно! Тогда я разведу огонь и сделаю нам что-нибудь вкусненькое!	Yes? Ah, wonderful! I will get the fire going, and make us something nice!
Conversations/Bank/Caldarus/Date Lines/inn_meal/inn_meal_accept_1/init	You would like me to join you... for a meal at the Inn?	Tu aimerais que je vienne avec toi... manger à l'auberge ?	Ты хочешь, чтобы я пошёл с тобой... поесть в трактир?	You would like me to join you... for a meal at the Inn?
Conversations/Bank/Caldarus/Date Lines/inn_meal/inn_meal_accept_2/1	I have been practicing, and I think you might like this dish...	Je me suis entraîné, et je crois que ce plat pourrait te plaire...	Я практиковался в кулинарии. Думаю, это блюдо тебе понравится.	I have been practicing, and I think you might like this dish...
Conversations/Bank/Caldarus/Date Lines/inn_meal/inn_meal_accept_2/2	Come, have a seat!	Viens, assieds-toi !	Подходи, садись!	Come, have a seat!
Conversations/Bank/Caldarus/Date Lines/inn_meal/inn_meal_accept_2/init	Have you had anything to eat yet, [Ari]?	As-tu déjà mangé, [Ari] ?	<p>Успели</p><f>Успела</f><m>Успел</m><n>Успело</n> проголодаться, [Ari]?	Have you had anything to eat yet, [Ari]?
Conversations/Bank/Caldarus/Date Lines/inn_meal/inn_meal_accept_3/1	You would like to cook something for me, [Ari]?	Tu aimerais me cuisiner quelque chose, [Ari] ?	Ты хочешь приготовить что-то для меня, [Ari]?	You would like to cook something for me, [Ari]?
Conversations/Bank/Caldarus/Date Lines/inn_meal/inn_meal_accept_3/2	That sounds wonderful! How kind!	Quelle merveilleuse idée ! C'est très gentil !	Звучит чудесно! Как мило с твоей стороны!	That sounds wonderful! How kind!
Conversations/Bank/Caldarus/Date Lines/inn_meal/inn_meal_accept_3/init	Oh?	Oh ?	Ого!	Oh?
Conversations/Bank/Caldarus/Date Lines/inn_meal/inn_meal_accept_eog_1/1	I would like that very much.	Cela me plairait beaucoup.	С премногим удовольствием.	I would like that very much.
Conversations/Bank/Caldarus/Date Lines/inn_meal/inn_meal_accept_eog_1/2	If I do not have to cook, my mind will be more free to enjoy your company.	Si je n'ai pas à cuisiner, j'aurai toute liberté pour apprécier ta compagnie.	Поскольку мне не придётся занимать разум готовкой, я волен наслаждаться твоей компанией.	If I do not have to cook, my mind will be more free to enjoy your company.
Conversations/Bank/Caldarus/Date Lines/inn_meal/inn_meal_accept_eog_1/3	And the food will certainly taste better...	Et la nourriture aura sans doute meilleur goût...	И еда определённо будет более приятна на вкус.	And the food will certainly taste better...
Conversations/Bank/Caldarus/Date Lines/inn_meal/inn_meal_accept_eog_1/4	Yes, this is a wonderful idea.	Oui, c'est une merveilleuse idée.	Да, это замечательная идея.	Yes, this is a wonderful idea.
Conversations/Bank/Caldarus/Date Lines/inn_meal/inn_meal_accept_eog_1/init	An invitation to the Sleeping Dragon? To share in a meal with you?	Une invitation au Dragon qui dort ? Pour partager un repas avec toi ?	Ты приглашаешь меня в «Спящего дракона»? Чтобы разделить с тобой трапезу?	An invitation to the Sleeping Dragon? To share in a meal with you?
Conversations/Bank/Caldarus/Date Lines/inn_meal/inn_meal_accept_eog_2/1	I thought we might get a table at the Sleeping Dragon Inn.	J'ai pensé que nous pourrions réserver une table à l'auberge du Dragon qui dort.	Я подумал, нам стоит заказать столик в «Спящем драконе».	I thought we might get a table at the Sleeping Dragon Inn.
Conversations/Bank/Caldarus/Date Lines/inn_meal/inn_meal_accept_eog_2/2	Last time we ate together I saw many delicious things on the menu. I would like to indulge in all of them...	La dernière fois que nous avons mangé ensemble, j'ai vu plein de mets délicieux sur le menu. J'aimerais tous les goûter...	В прошлый раз, когда мы ели вместе, я увидел в меню столько вкусных вещей. Мне хочется попробовать их все...	Last time we ate together I saw many delicious things on the menu. I would like to indulge in all of them...
Conversations/Bank/Caldarus/Date Lines/inn_meal/inn_meal_accept_eog_2/3	And in your company, as well.	En ta compagnie, de surcroît.	И обязательно в твоей компании.	And in your company, as well.
Conversations/Bank/Caldarus/Date Lines/inn_meal/inn_meal_accept_eog_2/init	Have you recently eaten, [Ari]?	As-tu mangé, récemment, [Ari] ?	Когда ты в последний раз <p>ели</p><f>ела</f><m>ел</m><n>ело</n>, [Ari]?	Have you recently eaten, [Ari]?
Conversations/Bank/Caldarus/Date Lines/inn_meal/inn_meal_accept_eog_3/1	I am enjoying the unique experience of becoming... a regular.	Je savoure l'expérience inédite de devenir... un habitué.	Мне нравится необычное ощущение, что я становлюсь... постоянным гостем.	I am enjoying the unique experience of becoming... a regular.
Conversations/Bank/Caldarus/Date Lines/inn_meal/inn_meal_accept_eog_3/init	[Ari]... do you think we might share a meal at the Inn again?	[Ari]... Penses-tu que nous pourrions partager à nouveau un repas à l'auberge ?	[Ari]... Как ты думаешь, мы можем ещё раз сходить в трактир?	[Ari]... do you think we might share a meal at the Inn again?
Conversations/Bank/Caldarus/Date Lines/inn_meal/inn_meal_follow_up_1/1	I apologize that I burned the food somewhat...	Je m'excuse d'avoir quelque peu brûlé la nourriture...	Прошу прощения, что я слегка подпалил еду...	I apologize that I burned the food somewhat...
Conversations/Bank/Caldarus/Date Lines/inn_meal/inn_meal_follow_up_1/2	A dragon is accustomed to burning things, you see.	Les dragons sont habitués à brûler les choses, vois-tu.	Когда ты дракон, сложно отучиться всё сжигать.	A dragon is accustomed to burning things, you see.
Conversations/Bank/Caldarus/Date Lines/inn_meal/inn_meal_follow_up_1/3	But I am slowly improving, I assure you.	Mais je progresse tout doucement, je t'assure.	Но уверяю тебя, я постепенно исправляюсь.	But I am slowly improving, I assure you.
Conversations/Bank/Caldarus/Date Lines/inn_meal/inn_meal_follow_up_1/init	Thank you for spending this time with me, [Ari].	Merci d'avoir passé du temps avec moi, [Ari].	Спасибо, что <p>провели</p><f>провела</f><m>провёл</m><n>провело</n> со мной время, [Ari].	Thank you for spending this time with me, [Ari].
Conversations/Bank/Caldarus/Date Lines/inn_meal/inn_meal_follow_up_2/1	Really?	Vraiment ?	Правда?	Really?
Conversations/Bank/Caldarus/Date Lines/inn_meal/inn_meal_follow_up_2/2	I was careful to scrape off the charred parts before serving it, this time.	J'ai fait bien attention à gratter toutes les parties carbonisées avant de servir, cette fois.	На этот раз я постарался и отскрёб подгоревшие кусочки перед подачей.	I was careful to scrape off the charred parts before serving it, this time.
Conversations/Bank/Caldarus/Date Lines/inn_meal/inn_meal_follow_up_2/3	I am glad that it helped.	Je suis content que cela ait amélioré les choses.	Рад, что это помогло.	I am glad that it helped.
Conversations/Bank/Caldarus/Date Lines/inn_meal/inn_meal_follow_up_2/4	Really?	Vraiment ?	Правда?	Really?
Conversations/Bank/Caldarus/Date Lines/inn_meal/inn_meal_follow_up_2/5	I did as well.	Moi aussi.	Мне тоже.	I did as well.
Conversations/Bank/Caldarus/Date Lines/inn_meal/inn_meal_follow_up_2/6	I hope you will join me again soon.	J'espère que tu te joindras bientôt à nouveau à moi.	Надеюсь, ты скоро зайдёшь ко мне снова.	I hope you will join me again soon.
Conversations/Bank/Caldarus/Date Lines/inn_meal/inn_meal_follow_up_2/init	How was it, [Ari]? Did you have a nice time?	Alors, [Ari] ? As-tu passé un bon moment ?	Ну как, [Ari]? Тебе понравилось?	How was it, [Ari]? Did you have a nice time?
Conversations/Bank/Caldarus/Date Lines/inn_meal/inn_meal_follow_up_2/init/prompts/0	Wow, your cooking really is improving!	Waouh, tu progresses vraiment en cuisine !	Ух ты, ты стал гораздо лучше готовить!	Wow, your cooking really is improving!
Conversations/Bank/Caldarus/Date Lines/inn_meal/inn_meal_follow_up_2/init/prompts/1	I had a great time!	J'ai passé un excellent moment !	Да, было отлично!	I had a great time!
Conversations/Bank/Caldarus/Date Lines/inn_meal/inn_meal_follow_up_3/1	It is consistently beyond my expectations.	Elle surpasse à chaque fois toutes mes espérances.	Неизменно превосходят мои ожидания.	It is consistently beyond my expectations.
Conversations/Bank/Caldarus/Date Lines/inn_meal/inn_meal_follow_up_3/2	I could eat it every day.	Je pourrais la manger tous les jours.	Я мог бы питаться ими каждый день.	I could eat it every day.
Conversations/Bank/Caldarus/Date Lines/inn_meal/inn_meal_follow_up_3/init	Your cooking, [Ari]...	Ta cuisine, [Ari]...	[Ari], твои блюда...	Your cooking, [Ari]...
Conversations/Bank/Caldarus/Date Lines/inn_meal/inn_meal_follow_up_eog_1/1	I had a wonderful time. In fact, I feel famished simply thinking of it.	J'ai passé un moment merveilleux. Je sens la faim me reprendre rien qu'en y pensant.	Я чудесно провёл время. Мне даже хочется поесть, когда я вспоминаю.	I had a wonderful time. In fact, I feel famished simply thinking of it.
Conversations/Bank/Caldarus/Date Lines/inn_meal/inn_meal_follow_up_eog_1/2	Perhaps we can petition for the name to be changed to the Hungry Dragon Inn...	Nous pourrions peut-être lancer une pétition pour changer son nom en auberge du Dragon affamé...	Быть может, стоит отправить им предложение переименоваться в «Голодного дракона»...	Perhaps we can petition for the name to be changed to the Hungry Dragon Inn...
Conversations/Bank/Caldarus/Date Lines/inn_meal/inn_meal_follow_up_eog_1/3	Yes. Let us discuss that over our next meal.	Oui. Discutons-en lors de notre prochain dîner.	Да. Давай обсудим это за столом в следующий раз.	Yes. Let us discuss that over our next meal.
Conversations/Bank/Caldarus/Date Lines/inn_meal/inn_meal_follow_up_eog_1/init	I... hope you enjoyed our meal together, [Ari].	Je... J'espère que tu as apprécié notre repas ensemble, [Ari].	Я... надеюсь, тебе понравилась наша совместная трапеза.	I... hope you enjoyed our meal together, [Ari].
Conversations/Bank/Caldarus/Date Lines/inn_meal/inn_meal_follow_up_eog_2/1	It was, was it not?	Tout à fait !	И мне тоже было хорошо.	It was, was it not?
Conversations/Bank/Caldarus/Date Lines/inn_meal/inn_meal_follow_up_eog_2/2	The food was quite delicious. I enjoyed sharing it with you.	La nourriture était délicieuse. Ce moment de partage avec toi m'a plu.	Еда была весьма вкусная. Мне понравилось делить трапезу с тобой.	The food was quite delicious. I enjoyed sharing it with you.
Conversations/Bank/Caldarus/Date Lines/inn_meal/inn_meal_follow_up_eog_2/3	And I... would do it again some time, if you are amenable.	Et je... J'aimerais le refaire, si tu es disponible.	И я... хотел бы повторить этот опыт, с твоего дозволения.	And I... would do it again some time, if you are amenable.
Conversations/Bank/Caldarus/Date Lines/inn_meal/inn_meal_follow_up_eog_2/4	I... suppose I was relaxed.	Je... J'imagine que j'étais détendu.	Я... думаю, я и правда расслабился.	I... suppose I was relaxed.
Conversations/Bank/Caldarus/Date Lines/inn_meal/inn_meal_follow_up_eog_2/5	You have that effect on me.	Tu as cet effet-là sur moi.	Это ты на меня так влияешь.	You have that effect on me.
Conversations/Bank/Caldarus/Date Lines/inn_meal/inn_meal_follow_up_eog_2/6	Thank you for the respite, [Ari].	Merci pour ce moment de répit, [Ari].	Спасибо, что <p>предоставили</p><f>предоставила</f><m>предоставил</m><n>предоставило</n> мне эту возможность отдохнуть, [Ari].	Thank you for the respite, [Ari].
Conversations/Bank/Caldarus/Date Lines/inn_meal/inn_meal_follow_up_eog_2/init	I hope that our shared meal pleased you, [Ari]...	J'espère que ce repas partagé t'a plu, [Ari]...	Я надеюсь, наша совместная трапеза тебе понравилась, [Ari]...	I hope that our shared meal pleased you, [Ari]...
Conversations/Bank/Caldarus/Date Lines/inn_meal/inn_meal_follow_up_eog_2/init/prompts/0	It was a nice time.	C'était un moment agréable.	Было хорошо.	It was a nice time.
Conversations/Bank/Caldarus/Date Lines/inn_meal/inn_meal_follow_up_eog_2/init/prompts/1	I like seeing you so relaxed	J'aime te voir aussi détendu.	Мне нравится, когда ты не так напряжён.	I like seeing you so relaxed
Conversations/Bank/Caldarus/Date Lines/inn_meal/inn_meal_follow_up_eog_3/1	We shall need to do it again soon.	Nous devrions refaire cela très vite.	Нам следует собраться вновь в ближайшее время.	We shall need to do it again soon.
Conversations/Bank/Caldarus/Date Lines/inn_meal/inn_meal_follow_up_eog_3/init	I have been enjoying our meals at the Inn, just the two of us...	J'aime nos repas à l'auberge, quand nous ne sommes que tous les deux...	Мне нравятся наши совместные походы в трактир, когда мы остаёмся вдвоём...	I have been enjoying our meals at the Inn, just the two of us...
Conversations/Bank/Caldarus/Date Lines/park/park_accept_1/1	Well, the area around my temple is quite park-like...	Eh bien, la zone qui entoure mon temple ressemble assez à un parc...	Что ж, местность вокруг моего храма весьма напоминает парк...	Well, the area around my temple is quite park-like...
Conversations/Bank/Caldarus/Date Lines/park/park_accept_1/2	If that sounds like an acceptable alternative to you.	Si cela te paraît être une alternative acceptable.	Если тебя устроит эта альтернатива.	If that sounds like an acceptable alternative to you.
Conversations/Bank/Caldarus/Date Lines/park/park_accept_1/3	It does? Wonderful!	Tu es d'accord ? Fantastique !	Да? Чудесно!	It does? Wonderful!
Conversations/Bank/Caldarus/Date Lines/park/park_accept_1/init	You say that a typical couple activity is to spend time together at the local $Park$?	Tu dis qu'une activité emblématique, pour les couples, est de passer du temps ensemble au $parc$ local ?	Так ты говоришь, что для пар обычное времяпрепровождение — гулять в $парке$?	You say that a typical couple activity is to spend time together at the local $Park$?
Conversations/Bank/Caldarus/Date Lines/park/park_accept_2/1	I know I certainly would!	Moi, oui, c'est certain !	Я точно хочу!	I know I certainly would!
Conversations/Bank/Caldarus/Date Lines/park/park_accept_2/init	Would you like to spend some time in the courtyard together?	Aimerais-tu que nous passions un peu de temps ensemble dans le jardin ?	Не желаешь насладиться компанией друг друга во дворе, [Ari]?	Would you like to spend some time in the courtyard together?
Conversations/Bank/Caldarus/Date Lines/park/park_accept_eog_1/1	I meant to propose the same to you. What kismet.	J'avais justement l'intention de te proposer la même chose. Quelle coïncidence !	Я намеревался предложить тебе то же самое. Какое совпадение.	I meant to propose the same to you. What kismet.
Conversations/Bank/Caldarus/Date Lines/park/park_accept_eog_1/2	After you, [Ari].	Après toi, [Ari].	После вас, [Ari].	After you, [Ari].
Conversations/Bank/Caldarus/Date Lines/park/park_accept_eog_1/init	You would have me accompany you to the park?	Tu aimerais que je t'accompagne au parc ?	Ты хочешь прогуляться со мной в парке?	You would have me accompany you to the park?
Conversations/Bank/Caldarus/Date Lines/park/park_accept_eog_2/1	We could sit together and take in the changing of the season.	Nous pourrions nous asseoir et contempler le changement de saison.	Мы могли бы сесть вместе и любоваться сменой сезонов.	We could sit together and take in the changing of the season.
Conversations/Bank/Caldarus/Date Lines/park/park_accept_eog_2/2	You will? That is wonderful, let us go.	Tu es d'accord ? C'est fantastique, allons-y.	Ты <p>согласны</p><f>согласна</f><m>согласен</m><n>согласно</n>? Чудесно, тогда в путь.	You will? That is wonderful, let us go.
Conversations/Bank/Caldarus/Date Lines/park/park_accept_eog_2/init	Would you care to join me in the park, [Ari]?	Accepterais-tu de m'accompagner au parc, [Ari] ?	Не желаешь составить мне компанию в парке, [Ari]?	Would you care to join me in the park, [Ari]?
Conversations/Bank/Caldarus/Date Lines/park/park_follow_up_1/1	These carefree days spent here together are truly wonderful, [Ari].	Ces journées d'insouciance que nous passons ici ensemble sont vraiment merveilleuses, [Ari].	Но эти беззаботные деньки, которые мы проводим здесь вместе, просто чудесны, [Ari].	These carefree days spent here together are truly wonderful, [Ari].
Conversations/Bank/Caldarus/Date Lines/park/park_follow_up_1/init	While I long to explore more of the world with you...	Bien que j'aspire ardemment à explorer davantage de ce monde avec toi...	Конечно, мне не терпится исследовать окружающий мир с тобой...	While I long to explore more of the world with you...
Conversations/Bank/Caldarus/Date Lines/park/park_follow_up_2/1	My courtyard is available anytime.	Mon jardin t'est ouvert quand tu le souhaites.	Двор вокруг моего храма всегда к твоим услугам.	My courtyard is available anytime.
Conversations/Bank/Caldarus/Date Lines/park/park_follow_up_2/init	"I had a marvelous time with you on our ""$Park$"" date, [Ari]."	J'ai passé un moment merveilleux avec toi lors de notre rendez-vous au « $parc$ », [Ari] !	Я восхитительно провёл время на нашем свидании в «$парке$», [Ari].	"I had a marvelous time with you on our ""$Park$"" date, [Ari]."
Conversations/Bank/Caldarus/Date Lines/park/park_follow_up_eog_1/1	There is something special about an outdoor space, cared for and preserved by mortal hands.	Il y a quelque chose de spécial dans ces lieux extérieurs, protégés par l'homme et entretenus de sa main.	Природная местность, ухоженная заботливыми руками смертных, обладает особой красой.	There is something special about an outdoor space, cared for and preserved by mortal hands.
Conversations/Bank/Caldarus/Date Lines/park/park_follow_up_eog_1/2	It made our time together feel more special, too.	Cela a rendu ce moment ensemble encore plus spécial, également.	Также особенным для меня было и наше времяпрепровождение.	It made our time together feel more special, too.
Conversations/Bank/Caldarus/Date Lines/park/park_follow_up_eog_1/3	Thank you for inviting me.	Merci de m'avoir invité.	Благодарю тебя за приглашение.	Thank you for inviting me.
Conversations/Bank/Caldarus/Date Lines/park/park_follow_up_eog_1/init	I had a lovely time in the park with you, [Ari].	J'ai passé un délicieux moment avec toi dans le parc, [Ari].	Мне очень понравилась наша прогулка в парке, [Ari].	I had a lovely time in the park with you, [Ari].
Conversations/Bank/Caldarus/Date Lines/park/park_follow_up_eog_2/1	To enjoy conversation and quiet moments with you... I find it quite pleasurable.	Profiter d'une conversation et de moments tranquilles avec toi... Je trouve cela très plaisant.	С тобой вместе и беседой и тишиной... я весьма наслаждаюсь.	To enjoy conversation and quiet moments with you... I find it quite pleasurable.
Conversations/Bank/Caldarus/Date Lines/park/park_follow_up_eog_2/2	And I will always make time for it.	Et je trouverai toujours du temps pour ça.	И всегда готов уделить этому время.	And I will always make time for it.
Conversations/Bank/Caldarus/Date Lines/park/park_follow_up_eog_2/init	I enjoyed our time in the park, [Ari].	J'ai apprécié notre moment au parc, [Ari].	Мне понравилось гулять с тобой в парке, [Ari].	I enjoyed our time in the park, [Ari].
Conversations/Bank/Caldarus/Date Lines/post_baby/post_baby_date_accept/1	I believe we can leave [child_0] in Josephine's care.			I believe we can leave [child_0] in Josephine's care.
Conversations/Bank/Caldarus/Date Lines/post_baby/post_baby_date_accept/2	"She has often remarked on how adorable our daughter's ""widdle horns"" are, and I know Maple and Luc request playtime with her regularly."			"She has often remarked on how adorable our daughter's ""widdle horns"" are, and I know Maple and Luc request playtime with her regularly."
Conversations/Bank/Caldarus/Date Lines/post_baby/post_baby_date_accept/init	A date? I would like nothing more!			A date? I would like nothing more!
Conversations/Bank/Caldarus/Date Lines/post_baby/post_baby_date_follow_up/1	It was nice to spend some time alone together.			It was nice to spend some time alone together.
Conversations/Bank/Caldarus/Date Lines/post_baby/post_baby_date_follow_up/2	And it is easy to see that [child_0] had a good time with Josephine as well.			And it is easy to see that [child_0] had a good time with Josephine as well.
Conversations/Bank/Caldarus/Date Lines/post_baby/post_baby_date_follow_up/init	I very much enjoyed our date, [Ari].			I very much enjoyed our date, [Ari].
Conversations/Bank/Caldarus/Gift Lines/gift_lines/apple_honey_curry/1	And they all coexist in the same dish? Incredible. I will truly enjoy this, [Ari].	Et tout dans un même plat ? Incroyable. Je vais vraiment me régaler, [Ari].	И все они сосуществуют в одном блюде?\nПоразительно. Мне это точно придётся по вкусу, [Ari].	And they all coexist in the same dish? Incredible. I will truly enjoy this, [Ari].
Conversations/Bank/Caldarus/Gift Lines/gift_lines/apple_honey_curry/init	This scent of apples, honey and hearty vegetables...	Ce parfum de pommes, de miel et de bons légumes...	Аромат яблок, мёда и свежих овощей...	This scent of apples, honey and hearty vegetables...
Conversations/Bank/Caldarus/Gift Lines/gift_lines/beet_soup/1	Though I must be mindful of my clothes... beet stains are the enemy of many a textile.	Même si je dois faire attention à mes vêtements... La betterave est l'ennemi de plus d'un tissu.	Хотя мне стоит внимательнее относиться к одежде... Следы от свёклы — горе для многих тканей.	Though I must be mindful of my clothes... beet stains are the enemy of many a textile.
Conversations/Bank/Caldarus/Gift Lines/gift_lines/beet_soup/init	Oh, thank you! I do enjoy =Beet Soup=.	Oh, merci ! J'aime beaucoup la =soupe à la betterave=.	Ой, спасибо большое! Я действительно люблю =свекольный суп=.	Oh, thank you! I do enjoy =Beet Soup=.
Conversations/Bank/Caldarus/Gift Lines/gift_lines/birthday_gift/1	Thank you for this token, [Ari]. I will cherish it.	Merci pour ce témoignage symbolique, [Ari]. Je le chérirai.	Благодарю тебя за этот подарок, [Ari]. Я буду его беречь.	Thank you for this token, [Ari]. I will cherish it.
Conversations/Bank/Caldarus/Gift Lines/gift_lines/birthday_gift/init	To have your birthday remembered, even after thousands of years... that in itself is a gift.	Qu'on se rappelle mon anniversaire, même après des milliers d'années... est en soi un cadeau.	Даже спустя тысячи лет кто-то вспомнил о моём дне рождения.... Уже это — само по себе подарок.	To have your birthday remembered, even after thousands of years... that in itself is a gift.
Conversations/Bank/Caldarus/Gift Lines/gift_lines/breath_of_flame/1	Thank you.	Merci.	Благодарю.	Thank you.
Conversations/Bank/Caldarus/Gift Lines/gift_lines/breath_of_flame/init	This fiery blossom is quite meaningful to me, [Ari]. The deep color makes it seem alive with flame.	Cette fleur ardente signifie beaucoup pour moi, [Ari]. Sa riche couleur donne l'impression qu'elle brûle de vie.	Этот огненный цветок очень много значит для меня, [Ari]. Его яркий цвет делает его живым, как пламя.	This fiery blossom is quite meaningful to me, [Ari]. The deep color makes it seem alive with flame.
Conversations/Bank/Caldarus/Gift Lines/gift_lines/caldosian_chocolate_cake/1	All that said... I am not often able to experience cake in its intended shape. Thank you, [Ari].	Ceci étant dit... Ce gâteau n'a que très rarement la forme prévue. Merci, [Ari].	И всё же... Мне нечасто удаётся отведать этот торт в правильной форме. Спасибо, [Ari].	All that said... I am not often able to experience cake in its intended shape. Thank you, [Ari].
Conversations/Bank/Caldarus/Gift Lines/gift_lines/caldosian_chocolate_cake/init	The charm of =Chocolate Cake= is that the ingredients are delicious no matter how my recipe comes together.	Le charme du =gâteau au chocolat= est que ses ingrédients sont tous délicieux, qu'il soit réussi ou non.	Вся прелесть =шокололадного торта= в том, что ингредиенты всегда вкусны, как их ни сочетай.	The charm of =Chocolate Cake= is that the ingredients are delicious no matter how my recipe comes together.
Conversations/Bank/Caldarus/Gift Lines/gift_lines/chili_coconut_curry/1	Thank you, [Ari].	Merci, [Ari].	Спасибо, [Ari].	Thank you, [Ari].
Conversations/Bank/Caldarus/Gift Lines/gift_lines/chili_coconut_curry/init	Chili and coconut... oh, this is quite novel no matter how many times I have it.	Du piment et de la noix de coco... Oh, j'ai beau en manger et en remanger, cela a toujours un goût nouveau.	Чили и кокос... Ох, это блюдо для меня всегда в новинку, хоть я и пробовал его раньше.	Chili and coconut... oh, this is quite novel no matter how many times I have it.
Conversations/Bank/Caldarus/Gift Lines/gift_lines/crab_cakes/1	What a clever combination. Thank you, [Ari].	Quelle ingénieuse combinaison ! Merci, [Ari].	Какая необычная задумка. Спасибо, [Ari].	What a clever combination. Thank you, [Ari].
Conversations/Bank/Caldarus/Gift Lines/gift_lines/crab_cakes/init	A cake! Made out of crab!	Des galettes ! À base de crabe !	Котлеты из краба!	A cake! Made out of crab!
Conversations/Bank/Caldarus/Gift Lines/gift_lines/disliked_gift/1	I- I understand.	J-Je comprends.	Что ж... Хорошо.	I- I understand.
Conversations/Bank/Caldarus/Gift Lines/gift_lines/disliked_gift/init	This is for me...?	C'est pour moi...?	Это мне?..	This is for me...?
Conversations/Bank/Caldarus/Gift Lines/gift_lines/essence_stone/init	You have become quite adept at collecting Essence, I see. Thank you.	Je vois que tu es <he>devenu expert</he><she>devenue experte</she><they>devenu·e expert·e</they> dans la récolte d'essence. Merci.	Вижу, ты хорошо <p>справляетесь</p><f>справляешься</f><m>справляешься</m><n>справляешься</n> с поиском эссенции. Благодарю.	You have become quite adept at collecting Essence, I see. Thank you.
Conversations/Bank/Caldarus/Gift Lines/gift_lines/fish_tacos/1	I see that spicing and marination adds much to this dish.	Je vois que le choix des épices et de la marinade ajoute beaucoup à ce plat.	Я заметил, что специи и маринад вносят значительный вклад во вкус блюда.	I see that spicing and marination adds much to this dish.
Conversations/Bank/Caldarus/Gift Lines/gift_lines/fish_tacos/init	Thank you, [Ari].	Merci, [Ari].	Спасибо, [Ari].	Thank you, [Ari].
Conversations/Bank/Caldarus/Gift Lines/gift_lines/fried_rice/1	I always manage to burn it when I try to make it myself.	Je réussis toujours à le faire brûler quand j'essaie de le préparer moi-même.	Но когда сам пытаюсь его приготовить, всё время его сжигаю.	I always manage to burn it when I try to make it myself.
Conversations/Bank/Caldarus/Gift Lines/gift_lines/fried_rice/2	I will savor this, [Ari].	Je vais savourer celui-ci, [Ari].	Я наслажусь его вкусом, [Ari].	I will savor this, [Ari].
Conversations/Bank/Caldarus/Gift Lines/gift_lines/fried_rice/init	Thank you. I greatly enjoy =Fried Rice=.	Merci, j'aime beaucoup le =riz sauté=.	Благодарю. Я очень люблю =жареный рис=.	Thank you. I greatly enjoy =Fried Rice=.
Conversations/Bank/Caldarus/Gift Lines/gift_lines/glowberry_cookies/1	I like to pick out the glowberries so I can devour them before I eat the cookie.	J'aime retirer les baies pour les engloutir une par une avant de manger le cookie.	Мне нравится вынимать и есть ягодки, а уже потом съедать само печенье.	I like to pick out the glowberries so I can devour them before I eat the cookie.
Conversations/Bank/Caldarus/Gift Lines/gift_lines/glowberry_cookies/2	Is that strange? Well, no matter.	C'est bizarre ? Bah, peu importe.	По-твоему, это странно? Впрочем, не важно.	Is that strange? Well, no matter.
Conversations/Bank/Caldarus/Gift Lines/gift_lines/glowberry_cookies/init	Ah, =Glowberry Cookies=? Thank you, how thoughtful!	Ah, des =cookies aux baies luminescentes= ? Merci, quelle délicate attention !	А, это =печенье из светляники=? Спасибо, очень заботливо с твоей стороны!	Ah, =Glowberry Cookies=? Thank you, how thoughtful!
Conversations/Bank/Caldarus/Gift Lines/gift_lines/golden_cheesecake/1	For I cannot eat just one slice. Thank you for sharing this with me!	Car je ne me contente jamais d'une seule part. Merci de le partager avec moi !	Ведь съев один кусочек, я не могу остановиться. Спасибо, что <p>поделились</p><f>поделилась</f><m>поделился</m><n>поделилось</n> со мной!	For I cannot eat just one slice. Thank you for sharing this with me!
Conversations/Bank/Caldarus/Gift Lines/gift_lines/golden_cheesecake/init	This =Golden Cheesecake= is... quite dangerous, [Ari].	Ce =cheese-cake doré= est... très dangereux, [Ari].	Этот =золотой чизкейк=... весьма опасен, [Ari].	This =Golden Cheesecake= is... quite dangerous, [Ari].
Conversations/Bank/Caldarus/Gift Lines/gift_lines/harvest_plate/1	I give my thanks to you, and to the season.	Je te remercie et je remercie cette saison.	Благодарю и тебя и этот сезон.	I give my thanks to you, and to the season.
Conversations/Bank/Caldarus/Gift Lines/gift_lines/harvest_plate/init	The overflowing bounty of autumn, all gathered into one delicious dish.	La générosité débordante de l'automne, en un plat unique et délicieux.	Все дары осени, собранные в одном вкуснейшем блюде.	The overflowing bounty of autumn, all gathered into one delicious dish.
Conversations/Bank/Caldarus/Gift Lines/gift_lines/hated_gift/init	Although I cannot seem to explain the reason... I find this deeply unsettling.	Bien que je n'arrive pas à en expliquer la raison... Je trouve ce présent profondément dérangeant.	Я не могу объяснить, почему, но эта вещь... настораживает меня.	Although I cannot seem to explain the reason... I find this deeply unsettling.
Conversations/Bank/Caldarus/Gift Lines/gift_lines/hated_gift_alt/1	I certainly do not want a statue of her!	Pour autant, je ne veux absolument pas d'une statue d'elle !	Но это на значит, что мне нужны её статуи!	I certainly do not want a statue of her!
Conversations/Bank/Caldarus/Gift Lines/gift_lines/hated_gift_alt/init	While it is true that Seridia and I have made peace...	Certes, Seridia et moi avons fait la paix...	Между мной и Серидией установлен мир — это правда...	While it is true that Seridia and I have made peace...
Conversations/Bank/Caldarus/Gift Lines/gift_lines/ice_cream_sundae/1	Thank you, [Ari]. I will be certain to enjoy this before it melts.	Merci, [Ari]. Je vais savourer celle-ci avant qu'elle ne fonde.	Спасибо, [Ari]. Я обязательно попробую, пока не растаяло.	Thank you, [Ari]. I will be certain to enjoy this before it melts.
Conversations/Bank/Caldarus/Gift Lines/gift_lines/ice_cream_sundae/init	Frozen confections are quite novel to a dragon.	Ces friandises glacées sont une nouveauté, pour un dragon.	Замороженные сладости — это нечто новое для дракона.	Frozen confections are quite novel to a dragon.
Conversations/Bank/Caldarus/Gift Lines/gift_lines/incredibly_hot_pot/1	But =Incredibly Hot Pot= is perhaps the best of them all. Thank you!	Mais le =ragoût super épicé= est sans doute le meilleur de tous. Merci !	Но =обжигающее жаркое= лучше всего. Спасибо!	But =Incredibly Hot Pot= is perhaps the best of them all. Thank you!
Conversations/Bank/Caldarus/Gift Lines/gift_lines/incredibly_hot_pot/init	I appreciate all varieties of hot pot...	J'aime toutes les sortes de ragoûts...	Я люблю самое разное жаркое...	I appreciate all varieties of hot pot...
Conversations/Bank/Caldarus/Gift Lines/gift_lines/liked_gift/1	Thank you.	Merci.	Благодарю.	Thank you.
Conversations/Bank/Caldarus/Gift Lines/gift_lines/liked_gift/init	For me? But you have already done so much.	Pour moi ? Mais tu as déjà tant fait.	Это для меня? Ты уже так много <p>сделали</p><f>сделала</f><m>сделал</m><n>сделало</n>.	For me? But you have already done so much.
Conversations/Bank/Caldarus/Gift Lines/gift_lines/liked_gift_2/init	You are very thoughtful. My thanks to you, [Ari].	C'est très attentionné de ta part. Je te remercie, [Ari].	Очень заботливо с твоей стороны. Благодарю тебя, [Ari].	You are very thoughtful. My thanks to you, [Ari].
Conversations/Bank/Caldarus/Gift Lines/gift_lines/liked_gift_3/init	Such a kind gesture. I will commit it to memory.	Quelle gentillesse dans ce geste. Je ne l'oublierai pas.	Какой добрый жест. Я навсегда его запомню.	Such a kind gesture. I will commit it to memory.
Conversations/Bank/Caldarus/Gift Lines/gift_lines/liked_gift_4/init	I was not expecting to receive a gift today. Thank you.	Je ne m'attendais pas à recevoir un présent aujourd'hui. Merci.	Не ожидал сегодня получить подарок. Благодарю.	I was not expecting to receive a gift today. Thank you.
Conversations/Bank/Caldarus/Gift Lines/gift_lines/liked_gift_food_0/init	Thank you, [Ari]. This will serve as a good blueprint for my own cooking.	Merci, [Ari]. Cela me servira de mètre étalon pour ma propre cuisine.	Спасибо, [Ari]. Это будет хорошим образцом для моих собственных кулинарных опытов.	Thank you, [Ari]. This will serve as a good blueprint for my own cooking.
Conversations/Bank/Caldarus/Gift Lines/gift_lines/liked_gift_food_1/1	I believe that recreating this recipe may be beyond me right now...	Je crains que cette recette soit pour moi hors d'atteinte, pour l'instant...	Я полагаю, что создание подобного рецепта сейчас за гранью моих споосбностей...	I believe that recreating this recipe may be beyond me right now...
Conversations/Bank/Caldarus/Gift Lines/gift_lines/liked_gift_food_1/2	So I will be sure to study this dish very closely.	Je ne manquerai donc pas d'étudier ce plat de très près.	Так что я внимательно изучу это блюдо.	So I will be sure to study this dish very closely.
Conversations/Bank/Caldarus/Gift Lines/gift_lines/liked_gift_food_1/init	This looks delicious, [Ari], thank you!	Cela a l'air délicieux, [Ari], merci !	Как вкусно выглядит! Спасибо, [Ari]!	This looks delicious, [Ari], thank you!
Conversations/Bank/Caldarus/Gift Lines/gift_lines/lobster_roll/1	You know, I have tried to make this dish many times, but one thing eludes me...	Tu sais, j'ai essayé bien des fois de préparer ce plat, mais quelque chose m'échappe...	Знаешь, я уже не раз пытался его приготовить, но никогда не могу решить...	You know, I have tried to make this dish many times, but one thing eludes me...
Conversations/Bank/Caldarus/Gift Lines/gift_lines/lobster_roll/2	How many times must I roll the lobster?	A-t-il un lien avec le mot guenille ?	Какой стороной класть лобстера?	How many times must I roll the lobster?
Conversations/Bank/Caldarus/Gift Lines/gift_lines/lobster_roll/init	Thank you for the =Lobster Roll=, [Ari]!	Merci pour la =guédille de homard=, [Ari] !	Спасибо за =сэндвич с лобстером=, [Ari]!	Thank you for the =Lobster Roll=, [Ari]!
Conversations/Bank/Caldarus/Gift Lines/gift_lines/loved_gift/init	Sometimes you remind me of nature itself, [Ari]. There is seemingly no limit to your generosity.	Parfois, tu m'évoques la nature elle-même, [Ari]. Il ne semble y avoir aucune limite à ta générosité.	Иногда, [Ari], ты напоминаешь мне саму природу. Кажется, пределов твоей щедрости не существует.	Sometimes you remind me of nature itself, [Ari]. There is seemingly no limit to your generosity.
Conversations/Bank/Caldarus/Gift Lines/gift_lines/loved_gift_food/1	Thank you for giving me another such opportunity.	Merci de m'offrir à nouveau une telle opportunité.	Спасибо тебе за то, что предоставляешь мне очередную возможность.	Thank you for giving me another such opportunity.
Conversations/Bank/Caldarus/Gift Lines/gift_lines/loved_gift_food/init	I am grateful to be able to sample the delicacies of the modern world.	Je suis reconnaissant de pouvoir goûter aux mets raffinés du monde moderne.	Я очень благодарен за возможность вкусить деликатесы современного мира.	I am grateful to be able to sample the delicacies of the modern world.
Conversations/Bank/Caldarus/Gift Lines/gift_lines/marigold/1	They are so bright, optimistic, and resilient...	Elles sont si lumineuses, résistantes et symbolisent l'optimisme...	Они такие яркие, такие стойкие и жизнеутверждающие...	They are so bright, optimistic, and resilient...
Conversations/Bank/Caldarus/Gift Lines/gift_lines/marigold/2	Much like yourself, [Ari].	Elles te ressemblent beaucoup, [Ari].	Как и ты, [Ari].	Much like yourself, [Ari].
Conversations/Bank/Caldarus/Gift Lines/gift_lines/marigold/init	Oh, a =Marigold=? I am fond of these.	Oh, un =souci= ? J'aime beaucoup ces fleurs.	О, =бархатцы=! Мне они очень нравятся.	Oh, a =Marigold=? I am fond of these.
Conversations/Bank/Caldarus/Gift Lines/gift_lines/mont_blanc/init	This =Mont Blanc= has such a mild sweetness and a richness and texture... it is divine. Thank you for sharing it with me.	Ce =mont-blanc= est doux, sucré et d'une texture si riche... il est divin. Merci de l'avoir partagé avec moi.	Это =монблан= обладает таким терпким сладким вкусом и такой богатой фактурой... Божественно. Спасибо, что делишься со мной этим.	This =Mont Blanc= has such a mild sweetness and a richness and texture... it is divine. Thank you for sharing it with me.
Conversations/Bank/Caldarus/Gift Lines/gift_lines/mushroom_steak_dinner/1	This must have taken considerable effort to prepare...	Tu as dû fournir des efforts considérables pour le préparer...	Должно быть, у тебя на него ушло много сил...	This must have taken considerable effort to prepare...
Conversations/Bank/Caldarus/Gift Lines/gift_lines/mushroom_steak_dinner/2	Thank you, [Ari]. I will enjoy this very much.	Merci, [Ari]. Je vais le savourer.	Спасибо, [Ari]. Я буду есть с большим удовольствием.	Thank you, [Ari]. I will enjoy this very much.
Conversations/Bank/Caldarus/Gift Lines/gift_lines/mushroom_steak_dinner/init	A -Mushroom Steak Dinner=?	Un =plat de pleurotes= ?	=Ужин с грибным стейком=?	A -Mushroom Steak Dinner=?
Conversations/Bank/Caldarus/Gift Lines/gift_lines/neutral_gift/init	Thank you.	Merci.	Благодарю.	Thank you.
Conversations/Bank/Caldarus/Gift Lines/gift_lines/perch_risotto/1	This presentation is something for me to aspire to.	J'aspire à réaliser d'aussi belles présentations.	К таким украшениям я могу лишь стремиться.	This presentation is something for me to aspire to.
Conversations/Bank/Caldarus/Gift Lines/gift_lines/perch_risotto/2	Thank you, [Ari].	Merci, [Ari].	Спасибо, [Ari].	Thank you, [Ari].
Conversations/Bank/Caldarus/Gift Lines/gift_lines/perch_risotto/init	Oh... the plating of this =Perch Risotto= is quite artful.	Oh... Le dressage de ce =risotto à la perche= est très artistique.	Ого... У твоего =ризотто с окунем= весьма изысканная сервировка.	Oh... the plating of this =Perch Risotto= is quite artful.
Conversations/Bank/Caldarus/Gift Lines/gift_lines/pumpkin_pie/1	I find it is much easier to enjoy compared with eating a pumpkin whole.	Il est bien plus facile de la manger ainsi que d'avaler une citrouille entière.	Я нахожу, что есть тыкву в таком виде гораздо приятнее, чем заглатывать целиком.	I find it is much easier to enjoy compared with eating a pumpkin whole.
Conversations/Bank/Caldarus/Gift Lines/gift_lines/pumpkin_pie/2	Just an observation. Thank you, [Ari].	C'était juste une observation au passage. Merci, [Ari].	Просто мои наблюдения. Спасибо, [Ari].	Just an observation. Thank you, [Ari].
Conversations/Bank/Caldarus/Gift Lines/gift_lines/pumpkin_pie/init	Ah, =Pumpkin Pie=!	Ah, une =tarte à la citrouille= !	Ах, =тыквенный пирог=!	Ah, =Pumpkin Pie=!
Conversations/Bank/Caldarus/Gift Lines/gift_lines/sea_bream_rice/1	This is a wonderful pairing of the two. Thank you, [Ari].	Les voici tous deux merveilleusement appariés. Merci, [Ari].	У тебя вышла чудесная комбинация. Спасибо, [Ari].	This is a wonderful pairing of the two. Thank you, [Ari].
Conversations/Bank/Caldarus/Gift Lines/gift_lines/sea_bream_rice/init	I like sea bream, and I'm quite partial to rice.	J'aime beaucoup le denti et j'ai un faible pour le riz.	Мне нравится морской карась, и рис я тоже весьма люблю.	I like sea bream, and I'm quite partial to rice.
Conversations/Bank/Caldarus/Gift Lines/gift_lines/seafood_boil/1	And to douse them in butter thusly? Perhaps cleverness is not strong enough a word.	Et les arroser de beurre ainsi ? Astucieux n'est peut-être pas un terme assez fort.	Они еще и омыты маслом? Вижу, «умные» — это преуменьшение.	And to douse them in butter thusly? Perhaps cleverness is not strong enough a word.
Conversations/Bank/Caldarus/Gift Lines/gift_lines/seafood_boil/init	To gather so many gifts of the sea into one dish... humans truly are clever beings.	Rassembler autant de dons de l'océan en un seul plat... Les humains sont vraiment des êtres astucieux.	Подумать только, собрать столько даров моря в одном блюде... Люди поистине умные создания.	To gather so many gifts of the sea into one dish... humans truly are clever beings.
Conversations/Bank/Caldarus/Gift Lines/gift_lines/seafood_snow_pea_noodles/1	I see that the noodles are not blackened and crumbling at the touch. That is the only way they turn out in my kitchen.	Je vois que les nouilles ne sont pas noires et friables au toucher. C'est le seul aspect qu'elles obtiennent dans ma cuisine.	Вижу, лапша совсем не чёрная, как смоль, и не ломается от одного прикосновения. На моей кухне получается только так.	I see that the noodles are not blackened and crumbling at the touch. That is the only way they turn out in my kitchen.
Conversations/Bank/Caldarus/Gift Lines/gift_lines/seafood_snow_pea_noodles/2	A most thoughtful gift [Ari], in more ways than one. Thank you.	C'est un cadeau plein d'attention, [Ari], par de nombreux aspects. Merci.	Это очень обдуманный подарок, [Ari]. Благодарю тебя.	A most thoughtful gift [Ari], in more ways than one. Thank you.
Conversations/Bank/Caldarus/Gift Lines/gift_lines/seafood_snow_pea_noodles/init	Not only does this dish smell wonderful, it also provides valuable reference.	Non seulement ce plat sent très bon, mais il offre aussi une précieuse référence.	Это блюдо пахнет восхитительно, но, помимо этого, ещё и заставляет задуматься.	Not only does this dish smell wonderful, it also provides valuable reference.
Conversations/Bank/Caldarus/Gift Lines/gift_lines/spell_fruit_parfait/1	I must study it closely... one bite at a time.	Je dois l'étudier de près... Une bouchée après l'autre.	Мне надо его тщательно изучить... Распробовать каждый кусочек.	I must study it closely... one bite at a time.
Conversations/Bank/Caldarus/Gift Lines/gift_lines/spell_fruit_parfait/2	Thank you, [Ari].	Merci, [Ari].	Спасибо, [Ari].	Thank you, [Ari].
Conversations/Bank/Caldarus/Gift Lines/gift_lines/spell_fruit_parfait/init	This dish has an aura of magic about it.	Ce plat dégage une aura magique.	Это блюдо окружено аурой магии.	This dish has an aura of magic about it.
Conversations/Bank/Caldarus/Gift Lines/gift_lines/spirit_mushroom_tea/1	Thank you, [Ari].	Merci, [Ari].	Благодарю тебя, [Ari].	Thank you, [Ari].
Conversations/Bank/Caldarus/Gift Lines/gift_lines/spirit_mushroom_tea/init	The Dragon Priestesses used to make a tea much like this one. The aroma brings back happy memories...	La prêtresse dragon préparait un thé très semblable à celui-ci. Son arôme réveille en moi d'heureux souvenirs...	Жрица дракона заваривала чай, очень похожий на этот. Аромат навевает приятные воспоминания...	The Dragon Priestesses used to make a tea much like this one. The aroma brings back happy memories...
Conversations/Bank/Caldarus/Gift Lines/gift_lines/spring_galette/1	Magnificent.	Magnifique.	Великолепно.	Magnificent.
Conversations/Bank/Caldarus/Gift Lines/gift_lines/spring_galette/init	So this is what spring tastes like as a single dish...	Voici donc le goût du printemps, en un seul plat...	Вот, значит, какова на вкус весна, собранная в одно блюдо...	So this is what spring tastes like as a single dish...
Conversations/Bank/Caldarus/Gift Lines/gift_lines/statuette_of_caldarus/1	Thank you, [Ari].	Merci, [Ari].	Благодарю тебя, [Ari].	Thank you, [Ari].
Conversations/Bank/Caldarus/Gift Lines/gift_lines/statuette_of_caldarus/init	The Priestesses used to carry these with them... how nostalgic.	Les prêtresses les emportaient toujours avec elles... Que de nostalgie !	Жрицы носили такие с собой... Как приятно вспомнить.	The Priestesses used to carry these with them... how nostalgic.
Conversations/Bank/Caldarus/Gift Lines/gift_lines/sushi_platter/1	First, I will study this gift.	Je vais d'abord examiner ce cadeau.	Засим в первую очередь я изучу этот подарок.	First, I will study this gift.
Conversations/Bank/Caldarus/Gift Lines/gift_lines/sushi_platter/2	And then, I will eat it!	Puis je le mangerai !	И только потом я его съем!	And then, I will eat it!
Conversations/Bank/Caldarus/Gift Lines/gift_lines/sushi_platter/init	For me? Are you certain? A =Sushi Platter= takes great skill to make.	Pour moi ? Vraiment ? Il faut beaucoup de talent pour préparer un =plateau de sushis=.	Это мне? Точно? Чтобы приготовить =ассорти суши=, нужны очень глубокие навыки.	For me? Are you certain? A =Sushi Platter= takes great skill to make.
Conversations/Bank/Caldarus/Gift Lines/gift_lines/vegetable_pot_pie/1	Eating this is like sampling every corner of a farmer's field. How decadent.	Sa dégustation donne l'impression de goûter à un potager entier. Quel péché mignon !	С ним как будто можно отведать по чуть-чуть с каждого уголка фермы. Просто неприличная роскошь!	Eating this is like sampling every corner of a farmer's field. How decadent.
Conversations/Bank/Caldarus/Gift Lines/gift_lines/vegetable_pot_pie/2	Thank you, [Ari].	Merci, [Ari].	Спасибо, [Ari].	Thank you, [Ari].
Conversations/Bank/Caldarus/Gift Lines/gift_lines/vegetable_pot_pie/init	What a wonderful looking =Vegetable Pot Pie=!	Quelle magnifique =tourte aux légumes= !	Как чудесно выглядит твой =овощной пирог=!	What a wonderful looking =Vegetable Pot Pie=!
Conversations/Bank/Caldarus/Gift Lines/gift_lines/vegetable_quiche/1	How might one replicate such a feat? Is it cooking temperature? Or perhaps the whisking of the eggs?	Comment reproduire un tel exploit ? Cela tient-il à la température de cuisson ? Ou au battage des œufs ?	Как можно добиться такой текстуры? Дело в температуре приготовления? Или в ритме взбивания яиц?	How might one replicate such a feat? Is it cooking temperature? Or perhaps the whisking of the eggs?
Conversations/Bank/Caldarus/Gift Lines/gift_lines/vegetable_quiche/2	In any case, thank you [Ari].	Dans tous les cas, merci, [Ari].	В любом случае спасибо, [Ari].	In any case, thank you [Ari].
Conversations/Bank/Caldarus/Gift Lines/gift_lines/vegetable_quiche/init	This =Vegetable Quiche= is delightfully fluffy.	Cette =quiche aux légumes= est gonflée à souhait.	Восхитительно пышный =овощной киш=.	This =Vegetable Quiche= is delightfully fluffy.
Conversations/Bank/Caldarus/Gift Lines/gift_lines/veggie_sub_sandwich/1	There is something metaphorical about it, is there not?	Il y a là quelque chose de métaphorique, n'est-ce pas ?	Вероятно, это метафора, я прав?	There is something metaphorical about it, is there not?
Conversations/Bank/Caldarus/Gift Lines/gift_lines/veggie_sub_sandwich/2	You bring me the most fascinating foods, [Ari]. I thank you.	Tu m'apportes de la nourriture fascinante, [Ari]. Je te remercie.	Ты приносишь мне очень интересные блюда, [Ari]. Благодарю тебя.	You bring me the most fascinating foods, [Ari]. I thank you.
Conversations/Bank/Caldarus/Gift Lines/gift_lines/veggie_sub_sandwich/init	I see the ingredients are placed between two slices of bread... an upper and lower layer, like earth and sky.	Je constate que les ingrédients sont placés entre deux morceaux de pain... une couche supérieure et une couche inférieure, comme le ciel et la terre.	Ингредиенты помещены между двумя кусочками хлеба... верхний и нижний слои, словно небо и земля.	I see the ingredients are placed between two slices of bread... an upper and lower layer, like earth and sky.
Conversations/Bank/Caldarus/Market Lines/market_zorel/market_zorel_1/1	It will take some getting used to.			It will take some getting used to.
Conversations/Bank/Caldarus/Market Lines/market_zorel/market_zorel_1/init	"Zorel has been showing me what music is considered ""cool"" in this era."			"Zorel has been showing me what music is considered ""cool"" in this era."
Conversations/Bank/Caldarus/Museum Lines/sea_urchin/sea_urchin/1	Errol told me some cultures see them as quite the delicacy.	Errol m'a raconté que dans certaines cultures, il est considéré comme un mets de choix.	Эррол мне сказал, что в некоторых культурах это деликатес.	Errol told me some cultures see them as quite the delicacy.
Conversations/Bank/Caldarus/Museum Lines/sea_urchin/sea_urchin/init	That $Sea Urchin$ at the Museum is interesting, don't you think? So spiky.	L'$oursin$ exposé au musée est intéressant, tu ne trouves pas ? Si piquant.	$Морской ёж$ в музее меня весьма впечатлил. Он такой колючий.	That $Sea Urchin$ at the Museum is interesting, don't you think? So spiky.
Conversations/Bank/Caldarus/Relationship Lines/Basement/relationship_basement/caldarus_best_friend_basement_1/1	I was hoping to see you today. Are you well?	J'espérais te voir aujourd'hui. Te portes-tu bien ?	Я надеялся сегодня тебя увидеть. Ты <p>здоровы</p><f>здорова</f><m>здоров</m><n>здорово</n>?	I was hoping to see you today. Are you well?
Conversations/Bank/Caldarus/Relationship Lines/Basement/relationship_basement/caldarus_best_friend_basement_1/init	[Ari]!	[Ari] !	[Ari]!	[Ari]!
Conversations/Bank/Caldarus/Relationship Lines/Basement/relationship_basement/caldarus_best_friend_basement_2/init	I have continued to practice my cooking, if you are ever interested in another home cooked meal.	J'ai continué à m'entraîner à cuisiner, si jamais cela t'intéresse de goûter à un autre repas « fait maison ».	Я продолжил упражняться в готовке, если тебя вдруг снова заинтересует моя домашняя еда.	I have continued to practice my cooking, if you are ever interested in another home cooked meal.
Conversations/Bank/Caldarus/Relationship Lines/Basement/relationship_basement/caldarus_best_friend_basement_3/1	Do you have time to, er...	As-tu le temps de, euh...	У тебя найдётся время со мной, эээ...	Do you have time to, er...
Conversations/Bank/Caldarus/Relationship Lines/Basement/relationship_basement/caldarus_best_friend_basement_3/2	"""Hang out"" I believe is the term?"	« Faire une sortie » est le terme, il me semble ?	По-моему, это называется «побродить»?	"""Hang out"" I believe is the term?"
Conversations/Bank/Caldarus/Relationship Lines/Basement/relationship_basement/caldarus_best_friend_basement_3/init	[Ari], good morning.	[Ari], bonjour.	[Ari], доброе утро.	[Ari], good morning.
Conversations/Bank/Caldarus/Relationship Lines/Basement/relationship_basement/caldarus_best_friend_basement_4/init	Let us take a moment to appreciate the day, [Ari].	Prenons un moment pour profiter de la journée, [Ari].	Давай остановимся на мгновение и насладимся этим днём, [Ari].	Let us take a moment to appreciate the day, [Ari].
Conversations/Bank/Caldarus/Relationship Lines/Basement/relationship_basement/caldarus_best_friend_basement_5/init	Ah, [Ari]! Good afternoon.	Ah, [Ari] ! Bon après-midi.	А, [Ari]! Доброго дня.	Ah, [Ari]! Good afternoon.
Conversations/Bank/Caldarus/Relationship Lines/Basement/relationship_basement/caldarus_best_friend_basement_6/init	It is good to see you, [Ari]! How has your day been thus far?	C'est un plaisir de te voir, [Ari] ! Comment se passe ta journée, pour l'instant ?	Приятно видеть тебя, [Ari]! Как проходит твой день?	It is good to see you, [Ari]! How has your day been thus far?
Conversations/Bank/Caldarus/Relationship Lines/Basement/relationship_basement/caldarus_best_friend_basement_7/1	I would quite like to hear about it.	J'aimerais assez t'entendre m'en parler.	Я готов с удовольствием выслушать тебя.	I would quite like to hear about it.
Conversations/Bank/Caldarus/Relationship Lines/Basement/relationship_basement/caldarus_best_friend_basement_7/init	[Ari], did you have a pleasant day?	[Ari], as-tu passé une agréable journée ?	[Ari], приятен ли был твой день?	[Ari], did you have a pleasant day?
Conversations/Bank/Caldarus/Relationship Lines/Basement/relationship_basement/caldarus_best_friend_basement_8/init	Ah, [Ari]! Another peaceful evening is ahead of us to enjoy.	Ah, [Ari] ! Une nouvelle soirée paisible nous attend.	А, [Ari]! Нас ждёт ещё один вечер, полный умиротворения.	Ah, [Ari]! Another peaceful evening is ahead of us to enjoy.
Conversations/Bank/Caldarus/Relationship Lines/Basement/relationship_basement/caldarus_best_friend_basement_9/init	Good evening, [Ari].	Bonsoir, [Ari].	Доброе утро, [Ari].	Good evening, [Ari].
Conversations/Bank/Caldarus/Relationship Lines/Basement/relationship_basement/caldarus_romantic_basement_1/1	I was hoping to see you today. Are you well?	J'espérais te voir aujourd'hui. Te portes-tu bien ?	Я надеялся сегодня тебя увидеть. Ты <p>здоровы</p><f>здорова</f><m>здоров</m><n>здорово</n>?	I was hoping to see you today. Are you well?
Conversations/Bank/Caldarus/Relationship Lines/Basement/relationship_basement/caldarus_romantic_basement_1/init	[Ari]!	[Ari] !	[Ari]!	[Ari]!
Conversations/Bank/Caldarus/Relationship Lines/Basement/relationship_basement/caldarus_romantic_basement_2/init	I have continued to practice my cooking, if you are ever interested in another home cooked meal.	J'ai continué à m'entraîner à cuisiner, si jamais cela t'intéresse de goûter à un autre repas « fait maison ».	Я продолжил упражняться в готовке, если тебя вдруг снова заинтересует моя домашняя еда.	I have continued to practice my cooking, if you are ever interested in another home cooked meal.
Conversations/Bank/Caldarus/Relationship Lines/Basement/relationship_basement/caldarus_romantic_basement_3/1	I understand that you have many responsibilities on the farm...	Je crois savoir que tu as de nombreuses responsabilités, à la ferme...	Я понимаю, что у тебя много обязанностей на ферме...	I understand that you have many responsibilities on the farm...
Conversations/Bank/Caldarus/Relationship Lines/Basement/relationship_basement/caldarus_romantic_basement_3/2	So I appreciate that you would make time to visit me so early in the day.	J'apprécie que tu prennes le temps de venir me parler si tôt dans la journée.	Поэтому ценю, что ты находишь время для столь раннего визита.	So I appreciate that you would make time to visit me so early in the day.
Conversations/Bank/Caldarus/Relationship Lines/Basement/relationship_basement/caldarus_romantic_basement_3/init	[Ari], good morning.	[Ari], bonjour.	[Ari], доброе утро.	[Ari], good morning.
Conversations/Bank/Caldarus/Relationship Lines/Basement/relationship_basement/caldarus_romantic_basement_4/init	Let us take a moment to appreciate the day, [Ari].	Prenons un moment pour profiter de la journée, [Ari].	Давай остановимся на мгновение и насладимся этим днём, [Ari].	Let us take a moment to appreciate the day, [Ari].
Conversations/Bank/Caldarus/Relationship Lines/Basement/relationship_basement/caldarus_romantic_basement_5/init	Ah, [Ari]! Good afternoon.	Ah, [Ari] ! Bon après-midi.	А, [Ari]! Доброго дня.	Ah, [Ari]! Good afternoon.
Conversations/Bank/Caldarus/Relationship Lines/Basement/relationship_basement/caldarus_romantic_basement_6/init	[Ari], there is something about you today that is quite... intriguing.	[Ari], il y a chez toi quelque chose d'assez... intrigant, aujourd'hui.	[Ari], сегодня в тебе есть нечто особенно... завораживающее.	[Ari], there is something about you today that is quite... intriguing.
Conversations/Bank/Caldarus/Relationship Lines/Basement/relationship_basement/caldarus_romantic_basement_7/1	I would quite like to hear about it.	J'aimerais assez t'entendre m'en parler.	Я готов с удовольствием выслушать тебя.	I would quite like to hear about it.
Conversations/Bank/Caldarus/Relationship Lines/Basement/relationship_basement/caldarus_romantic_basement_7/init	[Ari], did you have a pleasant day?	[Ari], as-tu passé une agréable journée ?	[Ari], приятен ли был твой день?	[Ari], did you have a pleasant day?
Conversations/Bank/Caldarus/Relationship Lines/Basement/relationship_basement/caldarus_romantic_basement_8/init	Ah, [Ari]! Another peaceful evening is ahead of us to enjoy.	Ah, [Ari] ! Une nouvelle soirée paisible nous attend.	А, [Ari]! Нас ждёт ещё один вечер, полный умиротворения.	Ah, [Ari]! Another peaceful evening is ahead of us to enjoy.
Conversations/Bank/Caldarus/Relationship Lines/Basement/relationship_basement/caldarus_romantic_basement_9/init	Good evening, [Ari].	Bonsoir, [Ari].	Добрый вечер, [Ari].	Good evening, [Ari].
Conversations/Bank/Caldarus/Relationship Lines/Child/baby_daily_dialogue/ari_holding_baby_0/1	Hello, my little sprout. How are you finding the world today?	Bonjour, mon petit bourgeon. Comment trouves-tu le monde, aujourd'hui ?	Здравствуй, мой росточек. Как тебе сегодня белый свет?	Hello, my little sprout. How are you finding the world today?
Conversations/Bank/Caldarus/Relationship Lines/Child/baby_daily_dialogue/ari_holding_baby_0/init	[infant] seems to be enjoying your daily adventure together.	[infant] semble apprécier les aventures que vous vivez ensemble au quotidien.	Кажется, [infant] радуется вашим новым приключениям.	[infant] seems to be enjoying your daily adventure together.
Conversations/Bank/Caldarus/Relationship Lines/Child/baby_daily_dialogue/ari_holding_baby_1/init	Ah, here are my two hearts.	Ah, voilà les deux êtres les plus chers à mon cœur.	Ах, вот они, мои сердечные!	Ah, here are my two hearts.
Conversations/Bank/Caldarus/Relationship Lines/Child/baby_daily_dialogue/ari_holding_baby_2/1	I will endeavor to make good use of the time you have allowed me.	Je ferai tout mon possible pour bien employer le temps que tu m'as accordé.	Я постараюсь полезно использовать свободное время, которое ты великодушно <p>предоставили</p><f>предоставила</f><m>предоставил</m><n>предоставило</n>.	I will endeavor to make good use of the time you have allowed me.
Conversations/Bank/Caldarus/Relationship Lines/Child/baby_daily_dialogue/ari_holding_baby_2/init	Thank you for taking charge of [infant] today.	Merci d'avoir veillé sur [infant] aujourd'hui.	Спасибо, что [child_0] сегодня под твоим присмотром.	Thank you for taking charge of [infant] today.
Conversations/Bank/Caldarus/Relationship Lines/Child/baby_daily_dialogue/ari_holding_baby_3/1	I believe she has inherited your spirit, [Ari].	Je crois qu'elle a hérité de ton enthousiasme, [Ari].	По-моему, характер у неё в тебя, [Ari].	I believe she has inherited your spirit, [Ari].
Conversations/Bank/Caldarus/Relationship Lines/Child/baby_daily_dialogue/ari_holding_baby_3/init	It is a delight to see you two trotting around together. [child_0] seems to enjoy watching the world go by.	Quel bonheur de vous voir vous promener ensemble ! [child_0] a l'air d'aimer observer le monde qui l'entoure.	Отрадно видеть, как вы вдвоём скачете. Я вижу, [child_0] так радуется миру вокруг.	It is a delight to see you two trotting around together. [child_0] seems to enjoy watching the world go by.
Conversations/Bank/Caldarus/Relationship Lines/Child/baby_daily_dialogue/ari_holding_baby_4/1	I am ever at your service. And [infant]'s, as well.	Je suis toujours là pour toi. Et pour [infant], évidemment.	Я к твоим услугам. И к её услугам тоже.	I am ever at your service. And [infant]'s, as well.
Conversations/Bank/Caldarus/Relationship Lines/Child/baby_daily_dialogue/ari_holding_baby_4/init	Do not hesitate to ask if you would like me to take [infant] for the day.	Si tu veux que je reste avec [infant] aujourd'hui, n'hésite pas à me le dire.	[infant] может побыть со мной, так что, если нужно, проси, не стесняйся.	Do not hesitate to ask if you would like me to take [infant] for the day.
Conversations/Bank/Caldarus/Relationship Lines/Child/baby_daily_dialogue/baby_0/1	Come, my little love. I will lift you high up again, so you might soar like a dragon.	Viens, mon petit amour. Je vais te soulever encore très haut, que tu puisses voler comme un dragon.	Иди сюда, любимая. Я подниму тебя повыше — будешь парить, как дракон.	Come, my little love. I will lift you high up again, so you might soar like a dragon.
Conversations/Bank/Caldarus/Relationship Lines/Child/baby_daily_dialogue/baby_0/init	[infant] seems to be in high spirits today!	[infant] semble de très bonne humeur aujourd'hui !	[infant] сегодня в хорошем расположении духа!	[infant] seems to be in high spirits today!
Conversations/Bank/Caldarus/Relationship Lines/Child/baby_daily_dialogue/baby_1/1	Is that not right, my little blossom?	N'est-ce pas, mon petit bourgeon ?	Верно говорю, мой цветочек?	Is that not right, my little blossom?
Conversations/Bank/Caldarus/Relationship Lines/Child/baby_daily_dialogue/baby_1/init	[infant] always smiles more when you are near.	[infant] a toujours un plus grand sourire quand tu es dans les parages.	[infant] всегда улыбается, когда ты рядом.	[infant] always smiles more when you are near.
Conversations/Bank/Caldarus/Relationship Lines/Child/baby_daily_dialogue/baby_2/1	[child_0] especially enjoys seeing all the colorful fruits.	[child_0] aime particulièrement observer les fruits de toutes les couleurs.	Оказывается, [child_0] очень любит разглядывать разноцветные фрукты.	[child_0] especially enjoys seeing all the colorful fruits.
Conversations/Bank/Caldarus/Relationship Lines/Child/baby_daily_dialogue/baby_2/init	Celine has been asking after [child_0], so I thought to bring her to the General Store.	Céline m'a dit qu'elle voulait voir [child_0], alors je l'ai amenée au magasin général.	Селин интересовалась нашей малышкой, и я решил привести её в универмаг.	Celine has been asking after [child_0], so I thought to bring her to the General Store.
Conversations/Bank/Caldarus/Relationship Lines/Child/baby_daily_dialogue/baby_3/1	It brings me joy to see.	Cela me met en joie.	Мне радостно это видеть.	It brings me joy to see.
Conversations/Bank/Caldarus/Relationship Lines/Child/baby_daily_dialogue/baby_3/init	As [child_0] ages, I can see your features in her.	Plus [child_0] grandit, plus je vois des ressemblances avec toi.	[child_0] растёт, и в ней начинают проявляться твои черты.	As [child_0] ages, I can see your features in her.
Conversations/Bank/Caldarus/Relationship Lines/Child/baby_daily_dialogue/baby_4/1	It is remarkable to think there is a small version of myself out in the world.	C'est incroyable de penser qu'il y a une version miniature de moi, en ce monde.	Так замечательно осознавать, что в мире теперь есть моя миниатюрная копия.	It is remarkable to think there is a small version of myself out in the world.
Conversations/Bank/Caldarus/Relationship Lines/Child/baby_daily_dialogue/baby_4/init	As [child_0] gets older, I must teach her about horn and tail care...	Je dois apprendre à [child_0] comment bien prendre soin de ses cornes et de ses griffes, en grandissant...	Когда [child_0] станет постарше, научу её ухаживать за рогами и хвостом...	As [child_0] gets older, I must teach her about horn and tail care...
Conversations/Bank/Caldarus/Relationship Lines/Child/baby_daily_dialogue/baby_5/1	But now that I am, I cannot recall why I had apprehensions.	Mais maintenant que c'est le cas, je ne sais même plus pourquoi ça me tracassait.	Теперь я им стал и не могу даже вспомнить, о чём я раздумывал.	But now that I am, I cannot recall why I had apprehensions.
Conversations/Bank/Caldarus/Relationship Lines/Child/baby_daily_dialogue/baby_5/2	It feels that I am doing something important. Perhaps the most important thing I have ever done.	J'ai l'impression de faire quelque chose d'important. Peut-être même la chose la plus importante de ma vie.	Я чувствую, что делаю важное дело. Быть может, даже самое важное в своей жизни.	It feels that I am doing something important. Perhaps the most important thing I have ever done.
Conversations/Bank/Caldarus/Relationship Lines/Child/baby_daily_dialogue/baby_5/init	I was unsure of how I would feel, becoming a parent.	J'ignorais ce que j'allais ressentir, en devenant père.	Я не знал, как относиться к перспективе стать родителем.	I was unsure of how I would feel, becoming a parent.
Conversations/Bank/Caldarus/Relationship Lines/Child/baby_daily_dialogue/baby_6/1	I cannot imagine embarking on such an adventure with anyone but you.	Je n'imaginerais pas vivre une telle aventure avec quelqu'un d'autre que toi.	Ни с кем другим я не могу даже представить подобное приключение.	I cannot imagine embarking on such an adventure with anyone but you.
Conversations/Bank/Caldarus/Relationship Lines/Child/baby_daily_dialogue/baby_6/init	It is a blessing to share [infant] with you, [Ari].	Élever [infant] avec toi est une véritable bénédiction, [Ari].	Как я счастлив иметь от тебя дочь, [Ari]!	It is a blessing to share [infant] with you, [Ari].
Conversations/Bank/Caldarus/Relationship Lines/Child/baby_daily_dialogue/baby_7/1	But she is growing more quickly than average, is she not?	J'ai l'impression qu'elle grandit plus vite que la normale, non ?	Но [child_0], по-моему, растёт гораздо быстрее обычного. Ты <p>заметили</p><f>заметила</f><m>заметил</m><n>заметило</n>?	But she is growing more quickly than average, is she not?
Conversations/Bank/Caldarus/Relationship Lines/Child/baby_daily_dialogue/baby_7/1/prompts/0	I think she takes after you!	Je crois qu'elle a hérité ça de toi !	Думаю, это она в тебя!	I think she takes after you!
Conversations/Bank/Caldarus/Relationship Lines/Child/baby_daily_dialogue/baby_7/1/prompts/1	Soon she'll be taller than you are!	Elle te dépassera bientôt !	Скоро вырастет выше тебя!	Soon she'll be taller than you are!
Conversations/Bank/Caldarus/Relationship Lines/Child/baby_daily_dialogue/baby_7/2	Perhaps so...	C'est possible...	Возможно...	Perhaps so...
Conversations/Bank/Caldarus/Relationship Lines/Child/baby_daily_dialogue/baby_7/3	Though, I do hope she will decide to stay small a little longer.	J'espère toutefois qu'elle décidera de rester petite encore quelque temps.	Хотя я всё-таки надеюсь, что она ещё немного побудет маленькой.	Though, I do hope she will decide to stay small a little longer.
Conversations/Bank/Caldarus/Relationship Lines/Child/baby_daily_dialogue/baby_7/4	She is very convenient to carry around at this size.	C'est moins fatigant de la porter en promenade.	С её нынешними размерами её очень удобно носить.	She is very convenient to carry around at this size.
Conversations/Bank/Caldarus/Relationship Lines/Child/baby_daily_dialogue/baby_7/5	Perhaps so...	C'est possible...	Возможно...	Perhaps so...
Conversations/Bank/Caldarus/Relationship Lines/Child/baby_daily_dialogue/baby_7/6	Though, I do hope she will decide to stay small a little longer.	J'espère toutefois qu'elle décidera de rester petite encore quelque temps.	Хотя я всё-таки надеюсь, что она ещё немного побудет маленькой.	Though, I do hope she will decide to stay small a little longer.
Conversations/Bank/Caldarus/Relationship Lines/Child/baby_daily_dialogue/baby_7/7	She is very convenient to carry around at this size.	C'est moins fatigant de la porter en promenade.	С её нынешними размерами её очень удобно носить.	She is very convenient to carry around at this size.
Conversations/Bank/Caldarus/Relationship Lines/Child/baby_daily_dialogue/baby_7/init	It may be [child_0]'s draconic blood, or perhaps simply my imagination...	Je ne sais pas si c'est mon imagination ou si c'est dû au sang draconique dont a hérité [child_0], mais...	Может, дело в драконьей крови, или мне просто кажется...	It may be [child_0]'s draconic blood, or perhaps simply my imagination...
Conversations/Bank/Caldarus/Relationship Lines/Child/baby_daily_dialogue/baby_8/1	Who is currently the arbiter of nappies?	Qui s'occupe des couches en ce moment ?	Кто у нас на этот раз повелитель пелёнок?	Who is currently the arbiter of nappies?
Conversations/Bank/Caldarus/Relationship Lines/Child/baby_daily_dialogue/baby_8/1/prompts/0	Can you take care of her this time?	Tu peux t'en occuper pour cette fois ?	Можешь сейчас ты ей заняться?	Can you take care of her this time?
Conversations/Bank/Caldarus/Relationship Lines/Child/baby_daily_dialogue/baby_8/1/prompts/1	Let me handle it!	Laisse-moi m'en charger !	Давай я поменяю!	Let me handle it!
Conversations/Bank/Caldarus/Relationship Lines/Child/baby_daily_dialogue/baby_8/2	Of course, I am happy to take care of such things.	Bien sûr, c'est toujours une joie de m'occuper de ces choses-là.	Разумеется, с удовольствием возьму на себя эту заботу.	Of course, I am happy to take care of such things.
Conversations/Bank/Caldarus/Relationship Lines/Child/baby_daily_dialogue/baby_8/3	Come, my little frog. Let us clean you up.	Viens, mon petit bouchon. Je vais te nettoyer.	Иди сюда, лягушенька моя. Давай помоемся.	Come, my little frog. Let us clean you up.
Conversations/Bank/Caldarus/Relationship Lines/Child/baby_daily_dialogue/baby_8/4	I am grateful, [Ari].	Je te remercie, [Ari].	Благодарю, [Ari].	I am grateful, [Ari].
Conversations/Bank/Caldarus/Relationship Lines/Child/baby_daily_dialogue/baby_8/5	Next time, I will take charge.	La prochaine fois, je m'en occuperai.	В следующий раз я этим займусь.	Next time, I will take charge.
Conversations/Bank/Caldarus/Relationship Lines/Child/baby_daily_dialogue/baby_8/6	There you are, [child_0]. Is it not lovely to be dry and warm?	Et voilà, [child_0]. C'est plus agréable d'être bien au sec, non ?	Вот так, [child_0]. Хорошо, когда сухо и тепло, да?	There you are, [child_0]. Is it not lovely to be dry and warm?
Conversations/Bank/Caldarus/Relationship Lines/Child/baby_daily_dialogue/baby_8/init	It seems [child_0] has some important business that must be swiftly taken care of.	Il me semble que notre adorable [child_0] a une urgence qui ne peut pas attendre.	Кажется, [child_0] сделала дело. И о нём надо срочно позаботиться.	It seems [child_0] has some important business that must be swiftly taken care of.
Conversations/Bank/Caldarus/Relationship Lines/Child/baby_daily_dialogue/baby_9/1	I believe it is close to her meal time. Shall I feed her? And you as well, perhaps?	Je crois que l'heure du repas approche. Je lui donne à manger ? Toi aussi, tu as faim ?	Полагаю, близится время еды. Мне покормить её? А может, и тебя тоже?	I believe it is close to her meal time. Shall I feed her? And you as well, perhaps?
Conversations/Bank/Caldarus/Relationship Lines/Child/baby_daily_dialogue/baby_9/1/prompts/0	Yes, that sounds great!	Oui, bonne idée !	Да, было бы славно!	Yes, that sounds great!
Conversations/Bank/Caldarus/Relationship Lines/Child/baby_daily_dialogue/baby_9/1/prompts/1	Don't worry about it, I've got her!	Ne t'inquiète pas, je m'en charge !	Не волнуйся, я о ней позабочусь!	Don't worry about it, I've got her!
Conversations/Bank/Caldarus/Relationship Lines/Child/baby_daily_dialogue/baby_9/2	Certainly.	C'est parti.	Разумеется.	Certainly.
Conversations/Bank/Caldarus/Relationship Lines/Child/baby_daily_dialogue/baby_9/3	Come, let us see what is on the menu.	Bien, voyons voir ce qu'il y a au menu.	Пойдём, посмотрим, что есть в меню.	Come, let us see what is on the menu.
Conversations/Bank/Caldarus/Relationship Lines/Child/baby_daily_dialogue/baby_9/4	Thank you, [Ari].	Merci, [Ari].	Спасибо, [Ari].	Thank you, [Ari].
Conversations/Bank/Caldarus/Relationship Lines/Child/baby_daily_dialogue/baby_9/5	While your hands are occupied, I will feed you some fruit. Surely I can do that much.	Pendant que tu as les mains prises, je te donnerai des morceaux de fruit. Je peux au moins faire ça.	Пока у тебя руки заняты, я могу накормить тебя фруктами. Уж с этим-то я справлюсь.	While your hands are occupied, I will feed you some fruit. Surely I can do that much.
Conversations/Bank/Caldarus/Relationship Lines/Child/baby_daily_dialogue/baby_9/6	Was that not delicious, [child_0]?	C'était bon, hein, [child_0] ?	Ну что, вкусно было, [child_0]?	Was that not delicious, [child_0]?
Conversations/Bank/Caldarus/Relationship Lines/Child/baby_daily_dialogue/baby_9/7	I hope I can cook more adeptly before she is on solid food.	J'espère que je saurai mieux cuisiner avant qu'elle ne passe aux aliments solides.	Надеюсь, я научусь готовить получше, когда ей будет пора есть твёрдую пищу.	I hope I can cook more adeptly before she is on solid food.
Conversations/Bank/Caldarus/Relationship Lines/Child/baby_daily_dialogue/baby_9/init	Hm... [child_0] seems to be getting fussy.	Mmm... [child_0] semble s'agiter.	Хм... [child_0], кажется, хнычет.	Hm... [child_0] seems to be getting fussy.
Conversations/Bank/Caldarus/Relationship Lines/Child/post_birth_lines/baby_born_caldarus_celine_0/1	Wow, a new dragon has been born... it feels like something really momentous has happened, doesn't it?	Waouh, la naissance d'un nouveau dragon... C'est un événement très important, non ?	Ведь это означает рождение нового дракона... Знаменательное событие, ты не находишь?	Wow, a new dragon has been born... it feels like something really momentous has happened, doesn't it?
Conversations/Bank/Caldarus/Relationship Lines/Child/post_birth_lines/baby_born_caldarus_celine_0/init	I'm so excited that you and Caldarus are parents... congratulations!	Quelle joie de savoir que Caldarus et toi êtes devenus parents ! Mes félicitations !	Я так рада, что вы с Кальдарусом стали родителями... Поздравляю!	I'm so excited that you and Caldarus are parents... congratulations!
Conversations/Bank/Caldarus/Relationship Lines/Child/post_birth_lines/baby_born_caldarus_eiland_0/1	It's a wonder, [child_0] looks so much like Caldarus! Who'd think that our very own Mistria would be home to all of Aldaria's known dragons.	C'est merveilleux, [child_0] est le portrait craché de Caldarus ! Qui aurait pu imaginer que Mistria deviendrait le lieu de résidence des seuls dragons connus en Aldaria.	Удивительно, как [child_0] похожа на Кальдаруса! Кто бы мог подумать, что все известные альдарийские драконы обитают в нашей маленькой родной Мистрии.	It's a wonder, [child_0] looks so much like Caldarus! Who'd think that our very own Mistria would be home to all of Aldaria's known dragons.
Conversations/Bank/Caldarus/Relationship Lines/Child/post_birth_lines/baby_born_caldarus_eiland_0/2	Dragons are so long-lived, I wonder if she'll grow faster or slower than a mortal child? Will she need a specialized diet?	Les dragons vivent si longtemps, je me demande si elle grandira plus ou moins vite qu'un enfant normal. Lui faudra-t-il un régime adapté ?	Учитывая, что драконы — долгожители, я задаюсь вопросом: она будет расти быстрее или медленнее человеческого ребёнка? Ей нужно будет какое-то особое питание?	Dragons are so long-lived, I wonder if she'll grow faster or slower than a mortal child? Will she need a specialized diet?
Conversations/Bank/Caldarus/Relationship Lines/Child/post_birth_lines/baby_born_caldarus_eiland_0/3	[Ari]! Can dragons even eat sweets?	[Ari] ! Les dragons peuvent-ils manger des sucreries ?	[Ari]! А драконам можно сладкое?	[Ari]! Can dragons even eat sweets?
Conversations/Bank/Caldarus/Relationship Lines/Child/post_birth_lines/baby_born_caldarus_eiland_0/init	Many felicitations on your growing family!	Ta famille s'agrandit, félicitations !	Желаю благоденствия вашей растущей семье!	Many felicitations on your growing family!
Conversations/Bank/Caldarus/Relationship Lines/Child/post_birth_lines/baby_born_caldarus_nora_0/1	Please tell me if you need any advice, I have plenty of experience raising kids... even if they're not dragons.	Si tu as besoin de conseils, n'hésite pas, je m'y connais en enfants... même si ce ne sont pas des dragons.	Если нужен совет, пожалуйста, спрашивай. У меня много опыта с детьми... пускай и не с драконьими.	Please tell me if you need any advice, I have plenty of experience raising kids... even if they're not dragons.
Conversations/Bank/Caldarus/Relationship Lines/Child/post_birth_lines/baby_born_caldarus_nora_0/2	Well, Dell's questionable.	Enfin, pour Dell, on peut se poser la question.	Хотя насчёт Делл я не уверена.	Well, Dell's questionable.
Conversations/Bank/Caldarus/Relationship Lines/Child/post_birth_lines/baby_born_caldarus_nora_0/init	Congratulations, [Ari]! [child_0] is such a darling.	Félicitations, [Ari] ! [child_0] est à croquer.	Поздравляю, [Ari]! [child_0] такая милашка.	Congratulations, [Ari]! [child_0] is such a darling.
Conversations/Bank/Caldarus/Relationship Lines/Child/post_birth_lines/baby_born_caldarus_seridia_0/1	[child_0] is lucky she takes after you. To see a dragon child with Caldarus' features would be a terrible disappointment.	[child_0] a de la chance, elle te ressemble. J'aurais été terriblement déçue de voir un bébé dragon avec les traits de Caldarus.	Хорошо, что [child_0] растёт в тебя. Видеть дитя дракона с чертами Кальдаруса было бы ужасно досадно.	[child_0] is lucky she takes after you. To see a dragon child with Caldarus' features would be a terrible disappointment.
Conversations/Bank/Caldarus/Relationship Lines/Child/post_birth_lines/baby_born_caldarus_seridia_0/2	However, seeing her take after my Dragonsworn... how joyous.	Mais quel soulagement de constater qu'elle ressemble à mon paladin du dragon !	Но поскольку она наследует облик моего драконоверного... я довольна.	However, seeing her take after my Dragonsworn... how joyous.
Conversations/Bank/Caldarus/Relationship Lines/Child/post_birth_lines/baby_born_caldarus_seridia_0/3	Be proud, [Ari]. [child_0] is a miraculous thing.	J'espère que tu ressens une certaine fierté, [Ari]. [child_0] est un petit miracle.	Можешь гордиться, [Ari]. [child_0] — это чудесное создание.	Be proud, [Ari]. [child_0] is a miraculous thing.
Conversations/Bank/Caldarus/Relationship Lines/Child/post_birth_lines/baby_born_caldarus_seridia_0/init	I am delighted to see a new dragon has been born into the world.	Je suis ravie de savoir qu'un nouveau dragon a vu le jour en ce monde.	Появление на свет нового дракона — большая радость для меня.	I am delighted to see a new dragon has been born into the world.
Conversations/Bank/Caldarus/Relationship Lines/Child/post_birth_lines/post_birth_0/1	Hello, new soul. Hello, my little wonder.	Bonjour, nouvelle âme venue au monde. Ma petite merveille.	Здравствуй, новая душа. Здравствуй, моё чудо.	Hello, new soul. Hello, my little wonder.
Conversations/Bank/Caldarus/Relationship Lines/Child/post_birth_lines/post_birth_0/2	Look at how perfect you are.	Tout en toi est parfait.	До чего же ты прекрасна.	Look at how perfect you are.
Conversations/Bank/Caldarus/Relationship Lines/Child/post_birth_lines/post_birth_0/2/prompts/0	I can't believe she's finally here!	Je n'arrive pas à croire qu'elle soit enfin là !	Даже не верится, что она наконец родилась!	I can't believe she's finally here!
Conversations/Bank/Caldarus/Relationship Lines/Child/post_birth_lines/post_birth_0/2/prompts/1	Valen says she's perfectly healthy.	D'après Valen, elle est en très bonne santé.	Вален говорит, со здоровьем у неё полный порядок.	Valen says she's perfectly healthy.
Conversations/Bank/Caldarus/Relationship Lines/Child/post_birth_lines/post_birth_0/3	Yes... it feels as though I have been waiting my whole life to meet her.	Oui... J'ai l'impression d'avoir passé ma vie entière dans l'attente de la rencontrer.	Да... Кажется, будто я всю жизнь дожидался встречи с ней.	Yes... it feels as though I have been waiting my whole life to meet her.
Conversations/Bank/Caldarus/Relationship Lines/Child/post_birth_lines/post_birth_0/4	I cannot wait to continue this journey together, with both of you.	Il me tarde de continuer ce voyage ensemble, tous les trois.	Я так хочу продолжить наш путь вместе: и с тобой и с дочерью.	I cannot wait to continue this journey together, with both of you.
Conversations/Bank/Caldarus/Relationship Lines/Child/post_birth_lines/post_birth_0/5	Nothing could bring me greater joy. [child_0] is a miracle.	Rien ne pourrait m'apporter plus de joie. [child_0] est un miracle.	Это для меня величайшая радость на свете. [child_0] — настоящее чудо.	Nothing could bring me greater joy. [child_0] is a miracle.
Conversations/Bank/Caldarus/Relationship Lines/Child/post_birth_lines/post_birth_0/6	I cannot wait to continue this journey together, with both of you.	Il me tarde de continuer ce voyage ensemble, tous les trois.	Я так хочу продолжить наш путь вместе: и с тобой и с дочерью.	I cannot wait to continue this journey together, with both of you.
Conversations/Bank/Caldarus/Relationship Lines/Child/post_birth_lines/post_birth_0/init	[child_0]...	[child_0]...	[child_0]...	[child_0]...
Conversations/Bank/Caldarus/Relationship Lines/Child/post_birth_lines/post_birth_1/1	Dragons do not normally ask such questions. Our lives are such that we may find many purposes to dedicate ourselves to.	Les dragons ne se posent pas de telles questions, d'habitude. Il y a tant de choses dans nos vies auxquelles nous nous consacrons.	Драконы обычно не задаются такими вопросами. Наша жизнь так устроена, что мы находим самые разные цели.	Dragons do not normally ask such questions. Our lives are such that we may find many purposes to dedicate ourselves to.
Conversations/Bank/Caldarus/Relationship Lines/Child/post_birth_lines/post_birth_1/2	[child_0], I hope you find many things that bring you joy. More than you can grasp with both your hands.	[child_0], j'espère que ta vie sera remplie d'activités et de rencontres qui t'apporteront de la joie. Et que cela ne s'arrête jamais.	[child_0], я желаю тебе найти великое множество занятий. Больше, чем ты можешь охватить своими ручками. И пускай они принесут тебе радость.	[child_0], I hope you find many things that bring you joy. More than you can grasp with both your hands.
Conversations/Bank/Caldarus/Relationship Lines/Child/post_birth_lines/post_birth_1/init	Little Dell has asked me what [child_0] will become when she grows up...	La petite Dell m'a demandé ce que deviendra [child_0] en grandissant...	Маленькая Делл спросила меня, кем [child_0] станет, когда вырастет...	Little Dell has asked me what [child_0] will become when she grows up...
Conversations/Bank/Caldarus/Relationship Lines/Child/post_birth_lines/post_birth_2/1	"Though it is true... dragons do not normally stay with their kin once they come of age. We are proverbially ""shoved out of the nest."" "	Mais il est vrai que... les dragons n'ont pas pour habitude de rester auprès des siens, une fois adultes. Comme le dit le proverbe, on nous « chasse du nid ». 	Известно, что драконы... обычно расстаются с родными, когда те достигают зрелости. Нас, как говорится, «выталкивают из гнезда». Однако...	"Though it is true... dragons do not normally stay with their kin once they come of age. We are proverbially ""shoved out of the nest."" "
Conversations/Bank/Caldarus/Relationship Lines/Child/post_birth_lines/post_birth_2/2	I cannot be such a parent. Looking at [child_0]'s face, I know in my bones there will be no greater joy to pursue than witnessing her journey.	En tant que parent, je ne me comporterai pas ainsi. Quand je vois le visage de notre [child_0], je sais que rien ne me rendra plus heureux que de la voir grandir.	Я буду не таким родителем. Когда [child_0] смотрит мне в лицо, я всем нутром чую: для меня быть свидетелем её подвигов — величайшая радость.	I cannot be such a parent. Looking at [child_0]'s face, I know in my bones there will be no greater joy to pursue than witnessing her journey.
Conversations/Bank/Caldarus/Relationship Lines/Child/post_birth_lines/post_birth_2/init	I do not have strong memories of my parents. Perhaps it is the nature of my long life and the passage of time...	J'ai peu de souvenirs de mes parents. Peut-être est-ce dû à ma longévité et au temps qui passe...	У меня нет чётких воспоминаний о родителях. Возможно, таков ход времени и моя природа долгожителя...	I do not have strong memories of my parents. Perhaps it is the nature of my long life and the passage of time...
Conversations/Bank/Caldarus/Relationship Lines/Child/post_birth_lines/post_birth_3/1	It is a delight to be proven wrong.	Mais je suis ravi de constater que je me trompais.	Как приятно узнавать, что я  ошибался.	It is a delight to be proven wrong.
Conversations/Bank/Caldarus/Relationship Lines/Child/post_birth_lines/post_birth_3/2	The family that we share... it is the greatest adventure I have ever embarked upon.	Cette famille, la nôtre... Elle représente la plus grande aventure que j'ai jamais vécue.	Наша совместная семья... Это самое большое приключение из всех, что я предпринимал.	The family that we share... it is the greatest adventure I have ever embarked upon.
Conversations/Bank/Caldarus/Relationship Lines/Child/post_birth_lines/post_birth_3/3	And it is a gift to share it with you.	Et quel bonheur de la partager à tes côtés !	Возможность разделить его с тобой — настоящий подарок.	And it is a gift to share it with you.
Conversations/Bank/Caldarus/Relationship Lines/Child/post_birth_lines/post_birth_3/init	In my long life, I thought I had experienced everything there was to know of the world.	Au cours de ma longue vie, je pensais tout savoir et avoir tout connu.	Я думал, что за свою долгую жизнь испытал всё, что мир может мне предложить.	In my long life, I thought I had experienced everything there was to know of the world.
Conversations/Bank/Caldarus/Relationship Lines/Child/post_birth_lines/post_birth_4/1	While we lingered, I noticed [child_0] was transfixed by the little dragon at the center of the fountain.	Pendant que nous discutions, j'ai remarqué que le dragon au milieu de la fontaine semblait fasciner [child_0].	Мы задержались, и я заметил, как [child_0] заворожённо смотрит на дракончика в фонтане.	While we lingered, I noticed [child_0] was transfixed by the little dragon at the center of the fountain.
Conversations/Bank/Caldarus/Relationship Lines/Child/post_birth_lines/post_birth_4/2	Do you suppose she thinks it to be a miniature version of my shrine?	Tu crois qu'elle le prend pour une version miniature de mon autel ?	Как думаешь, она считает, что это миниатюрная копия моего святилища?	Do you suppose she thinks it to be a miniature version of my shrine?
Conversations/Bank/Caldarus/Relationship Lines/Child/post_birth_lines/post_birth_4/init	Earlier, [child_0] and I came across Eiland in the town square. He wished to discuss some recent translations I have done for him.	Tout à l'heure, [child_0] et moi avons rencontré Eiland, sur la place du village. Il voulait me parler des dernières traductions que j'ai faites pour lui.	Недавно на городской площади [child_0] и я наткнулись на Эйланда. Он хотел обсудить переводы, которые я для него подготовил.	Earlier, [child_0] and I came across Eiland in the town square. He wished to discuss some recent translations I have done for him.
Conversations/Bank/Caldarus/Relationship Lines/Child/post_birth_lines/post_birth_5/1	I support such a thing. It is important to create connections with one's peers, is it not?	Je suis pour. C'est important de tisser des liens avec les autres, n'est-ce pas ?	Я поддерживаю это начинание. Налаживать связи с ровесниками — благое дело.	I support such a thing. It is important to create connections with one's peers, is it not?
Conversations/Bank/Caldarus/Relationship Lines/Child/post_birth_lines/post_birth_5/2	Though perhaps... it would do to wait until she can walk on her own.	En revanche... il vaudrait mieux attendre qu'elle sache marcher toute seule.	Однако... Возможно, стоит прежде дождаться, пока она научится самостоятельно ходить.	Though perhaps... it would do to wait until she can walk on her own.
Conversations/Bank/Caldarus/Relationship Lines/Child/post_birth_lines/post_birth_5/init	The children of the town seem eager to recruit [child_0] into the Dragonguard.	Les enfants de Mistria semblent avoir envie de recruter notre adorable [child_0] dans la Garde des dragons.	Местные ребята уже хотят, чтобы [child_0] вступила в Драконью стражу.	The children of the town seem eager to recruit [child_0] into the Dragonguard.
Conversations/Bank/Caldarus/Relationship Lines/Child/pregnancy/ari_pregnant_0/1	You are a miracle carrying a miracle, [Ari].	Toi, qui es déjà un miracle, tu vas donner vie à un autre miracle, [Ari].	[Ari], ты просто чудо. А в тебе — ещё одно чудо.	You are a miracle carrying a miracle, [Ari].
Conversations/Bank/Caldarus/Relationship Lines/Child/pregnancy/ari_pregnant_0/init	I cannot believe it. You and I... this child...	J'ai du mal à m'y faire. Toi, moi... et notre enfant...	Мне не верится. Ты, я... и теперь ещё дитя...	I cannot believe it. You and I... this child...
Conversations/Bank/Caldarus/Relationship Lines/Child/pregnancy/ari_pregnant_1/1	I do not wish to tempt fate with my own cooking, in case your stomach is feeling delicate.	Je préfère ne pas tenter le diable en cuisinant moi-même, au cas où tu aurais l'estomac fragile.	Я не хочу пытаться готовить сам и искушать судьбу. Твой желудок сейчас требует осторожного обращения.	I do not wish to tempt fate with my own cooking, in case your stomach is feeling delicate.
Conversations/Bank/Caldarus/Relationship Lines/Child/pregnancy/ari_pregnant_1/2	What food do you desire? I was sure to return with a variety of options.	Que veux-tu manger ? Je suis revenu avec plusieurs plats différents, pour que tu aies le choix.	Какой еды тебе бы хотелось? Я принёс множество вариантов.	What food do you desire? I was sure to return with a variety of options.
Conversations/Bank/Caldarus/Relationship Lines/Child/pregnancy/ari_pregnant_1/2/prompts/0	I'm craving Grilled Cheese!	Le croque au fromage me fait très envie !	Хочу горячий сэндвич с сыром!	I'm craving Grilled Cheese!
Conversations/Bank/Caldarus/Relationship Lines/Child/pregnancy/ari_pregnant_1/2/prompts/1	I'd love the Jam Sandwich!	J'adorerais le sandwich à la confiture !	Меня так и тянет на сэндвич с джемом!	I'd love the Jam Sandwich!
Conversations/Bank/Caldarus/Relationship Lines/Child/pregnancy/ari_pregnant_1/2/prompts/2	Give me that Hot Chocolate right now.	Donne-moi ce chocolat chaud, tout de suite.	Дай мне скорее горячего шоколада.	Give me that Hot Chocolate right now.
Conversations/Bank/Caldarus/Relationship Lines/Child/pregnancy/ari_pregnant_1/3	Of course. And I insisted on extra $Cheese$, just for you.	Bien sûr. Et j'ai demandé un supplément $fromage$ rien que pour toi.	Разумеется. Для тебя я попросил побольше $сыра$.	Of course. And I insisted on extra $Cheese$, just for you.
Conversations/Bank/Caldarus/Relationship Lines/Child/pregnancy/ari_pregnant_1/4	It is still warm and toasty. Please enjoy it.	Il est encore chaud et croustillant. Bon appétit.	Он ещё тёплый и хрустит. Пожалуйста, угощайся.	It is still warm and toasty. Please enjoy it.
Conversations/Bank/Caldarus/Relationship Lines/Child/pregnancy/ari_pregnant_1/5	Of course. I made certain they anointed both pieces of bread with jam, just how you like it.	Bien sûr. J'ai demandé spécialement qu'ils tartinent bien de confiture les deux côtés du pain, comme tu aimes.	Разумеется. Я убедился, чтобы они промазали джемом обе половинки, как ты любишь.	Of course. I made certain they anointed both pieces of bread with jam, just how you like it.
Conversations/Bank/Caldarus/Relationship Lines/Child/pregnancy/ari_pregnant_1/6	The bread and jam are both quite fresh. Please, enjoy!	Le pain est tout frais et la confiture est de l'année. Bon appétit !	И хлеб и джем очень свежие. Пожалуйста, угощайся!	The bread and jam are both quite fresh. Please, enjoy!
Conversations/Bank/Caldarus/Relationship Lines/Child/pregnancy/ari_pregnant_1/7	Of course. I would never come between my love and <he>his</he><she>her</she><they>their</they><it>its</it><none>[Ari]'s</none> desires.	Bien sûr. Je ne saurais m'interposer entre l'amour de ma vie et ses volontés.	Разумеется. Всё, что угодно <p>моим любимым</p><f>моей любимой</f><m>моему любимому</m><n>моему любимому</n>.	Of course. I would never come between my love and <he>his</he><she>her</she><they>their</they><it>its</it><none>[Ari]'s</none> desires.
Conversations/Bank/Caldarus/Relationship Lines/Child/pregnancy/ari_pregnant_1/8	I blew on it as I walked home, so it should be the perfect temperature by now. Please, enjoy it!	J'ai soufflé dessus sur le trajet du retour, il devrait être à la température idéale. Bon appétit !	Подул на него, пока шёл до дома, так что сейчас должно быть как раз нужной температуры. Пожалуйста, угощайся!	I blew on it as I walked home, so it should be the perfect temperature by now. Please, enjoy it!
Conversations/Bank/Caldarus/Relationship Lines/Child/pregnancy/ari_pregnant_1/init	[Ari], I have visited the Inn and brought back some foods you might enjoy.	[Ari], je suis allé à l'auberge et j'ai rapporté quelques petites choses qui, à mon avis, te plairont.	[Ari], я зашёл в трактир и принёс пищу, чтобы тебя порадовать.	[Ari], I have visited the Inn and brought back some foods you might enjoy.
Conversations/Bank/Caldarus/Relationship Lines/Child/pregnancy/ari_pregnant_2/1	So I have been seeking out our neighbors to determine how best to care for you.	J'ai donc demandé à nos voisins comment faire pour m'occuper de toi au mieux.	Поэтому я обошёл наших соседей с вопросом, как лучше о тебе заботиться.	So I have been seeking out our neighbors to determine how best to care for you.
Conversations/Bank/Caldarus/Relationship Lines/Child/pregnancy/ari_pregnant_2/2	I asked Balor for advice... who suggested I ask Hemlock, who suggested I ask Juniper, who suggested I ask Valen.	Je suis allé voir Balor, qui m'a dit de m'adresser à Hemlock, qui m'a redirigé vers Juniper, qui m'a envoyé chez Valen.	Я спросил совета у Балора... он сказал спросить Хемлока, а он сказал спросить Джунипер, а она сказала спросить Вален.	I asked Balor for advice... who suggested I ask Hemlock, who suggested I ask Juniper, who suggested I ask Valen.
Conversations/Bank/Caldarus/Relationship Lines/Child/pregnancy/ari_pregnant_2/3	Valen kindly recommended you take this to improve your vitality, and she assured me it was safe for the baby. I do hope it helps.	Elle m'a gentiment conseillé ce remède qui te permettra de retrouver ton dynamisme. Elle m'a assuré que c'était sans danger pour le bébé. J'espère que ça t'aidera.	Вален рекомендует тебе принимать этот сироп, чтобы дать сил организму. Она заверила меня, что это безопасно для малыша. Надеюсь, тебе правда поможет.	Valen kindly recommended you take this to improve your vitality, and she assured me it was safe for the baby. I do hope it helps.
Conversations/Bank/Caldarus/Relationship Lines/Child/pregnancy/ari_pregnant_2/init	I am aware of what you call morning sickness, and I thought you might be feeling poorly...	Je sais que tu as souvent des nausées le matin et que tu risquais de ne pas te sentir bien...	Я знаю про так называемую «утреннюю тошноту» и заметил, что тебе, вероятно, нехорошо...	I am aware of what you call morning sickness, and I thought you might be feeling poorly...
Conversations/Bank/Caldarus/Relationship Lines/Child/pregnancy/ari_pregnant_3/1	Truly? How exciting... this means things are progressing well, does it not?	Vraiment ? Quelle bonne nouvelle ! C'est donc que les choses vont dans le bon sens, n'est-ce pas ?	Правда? Звучит замечательно... Значит, всё идёт хорошо.	Truly? How exciting... this means things are progressing well, does it not?
Conversations/Bank/Caldarus/Relationship Lines/Child/pregnancy/ari_pregnant_3/2	Please tell me if you feel any discomfort... It is my duty to fetch anything you might need.	Si tu éprouves la moindre douleur ou le moindre inconfort, dis-le-moi... Je me dois de me procurer tout ce qui peut t'être utile.	Пожалуйста, сообщи мне, если испытываешь неудобство... Мой долг — обеспечить тебя всем необходимым.	Please tell me if you feel any discomfort... It is my duty to fetch anything you might need.
Conversations/Bank/Caldarus/Relationship Lines/Child/pregnancy/ari_pregnant_3/3	Are they? This means things are progressing well, does it not?	Vraiment ? C'est donc que les choses vont dans le bon sens, n'est-ce pas ?	Правда? Значит, всё идёт хорошо, да ведь?	Are they? This means things are progressing well, does it not?
Conversations/Bank/Caldarus/Relationship Lines/Child/pregnancy/ari_pregnant_3/4	You are free to borrow any of my robes, if you wish. They are quite roomy... though perhaps a touch long for you.	N'hésite pas à utiliser mes tuniques. Elles sont assez amples... mais peut-être un peu longues pour toi.	Ты можешь одолжить у меня любую одежду, если пожелаешь. Она весьма свободная... хотя слегка длинновата для твоего размера.	You are free to borrow any of my robes, if you wish. They are quite roomy... though perhaps a touch long for you.
Conversations/Bank/Caldarus/Relationship Lines/Child/pregnancy/ari_pregnant_3/5	You are certain?	Tu en es sûr<he></he><she>e</she><they>·e</they> ?	Ты <p>уверены</p><f>уверена</f><m>уверен</m><n>уверено</n>?	You are certain?
Conversations/Bank/Caldarus/Relationship Lines/Child/pregnancy/ari_pregnant_3/6	Do not feel you must endure any discomfort... It is my duty to fetch anything you might need.	Tu ne dois pas éprouver la moindre douleur ou le moindre inconfort... Je me dois de me procurer tout ce qui peut t'être utile.	Не надо пытаться перетерпеть неудобства ... Мой долг — обеспечить тебя всем необходимым.	Do not feel you must endure any discomfort... It is my duty to fetch anything you might need.
Conversations/Bank/Caldarus/Relationship Lines/Child/pregnancy/ari_pregnant_3/init	[Ari], how is your health today? Are you well?	[Ari], comme te sens-tu, aujourd'hui ? Tout va bien ?	[Ari], как твоё здоровье? Хорошо себя чувствуешь?	[Ari], how is your health today? Are you well?
Conversations/Bank/Caldarus/Relationship Lines/Child/pregnancy/ari_pregnant_3/init/prompts/0	It feels like the baby is getting bigger!	J'ai l'impression que le bébé grossit.	Кажется, малыш растёт!	It feels like the baby is getting bigger!
Conversations/Bank/Caldarus/Relationship Lines/Child/pregnancy/ari_pregnant_3/init/prompts/1	It feels like my clothes are getting tighter!	J'ai l'impression que mes vêtements rétrécissent.	Одежда как будто стала теснее!	It feels like my clothes are getting tighter!
Conversations/Bank/Caldarus/Relationship Lines/Child/pregnancy/ari_pregnant_3/init/prompts/2	I feel fine!	Je me sens bien !	Отлично!	I feel fine!
Conversations/Bank/Caldarus/Relationship Lines/Child/pregnancy/ari_pregnant_4/1	May I touch your stomach?	Puis-je toucher ton ventre ?	Могу я потрогать твой живот?	May I touch your stomach?
Conversations/Bank/Caldarus/Relationship Lines/Child/pregnancy/ari_pregnant_4/2	...	...	...	...
Conversations/Bank/Caldarus/Relationship Lines/Child/pregnancy/ari_pregnant_4/3	Yes, I feel it. Incredible...	Oui, je le sens. C'est incroyable...	Да, я чувствую. Невероятно...	Yes, I feel it. Incredible...
Conversations/Bank/Caldarus/Relationship Lines/Child/pregnancy/ari_pregnant_4/4	Hello, little one. I am excited to meet you.	Bonjour, petit être. J'ai hâte de te rencontrer.	Здравствуй, малютка. Жду, когда мы встретимся.	Hello, little one. I am excited to meet you.
Conversations/Bank/Caldarus/Relationship Lines/Child/pregnancy/ari_pregnant_4/init	What is the matter? Ah, the baby is moving?	Quel est le problème ? Ah, le bébé a bougé ?	В чём дело? О, неужели малыш двигается?	What is the matter? Ah, the baby is moving?
Conversations/Bank/Caldarus/Relationship Lines/Child/pregnancy/ari_pregnant_5/1	Of course, it is not for me to decide alone.	Bien sûr, ce n'est pas à moi d'en décider seul.	Разумеется, это решение принимаю не я один.	Of course, it is not for me to decide alone.
Conversations/Bank/Caldarus/Relationship Lines/Child/pregnancy/ari_pregnant_5/2	But if they are a girl, $Tephra$ is a draconic name that I have always had a fondness for.	Mais si c'est une fille, $Tephra$ est un prénom draconique que j'ai toujours aimé.	Но есть одно драконье имя, которое мне всегда нравилось, — $Тефра$. Подойдёт, если будет девочка.	But if they are a girl, $Tephra$ is a draconic name that I have always had a fondness for.
Conversations/Bank/Caldarus/Relationship Lines/Child/pregnancy/ari_pregnant_5/init	[Ari]... I have been considering names our child might be given.	[Ari]... J'ai réfléchi à des noms que l'on pourrait donner à notre bébé.	[Ari]... Я размышлял над именем, которое получит наш ребёнок.	[Ari]... I have been considering names our child might be given.
Conversations/Bank/Caldarus/Relationship Lines/Child/pregnancy/ari_pregnant_6/1	Do not fret, beloved. Whatever the future holds, we will take it on together.	Ne t'en fais pas, mon amour. Qu'importe ce que l'avenir nous réserve, nous l'affronterons ensemble.	Не тревожься, <p>любимые</p><f>любимая</f><m>любимый</m><n>любимое</n>. Что бы ни готовило нам будущее, мы примем его вместе.	Do not fret, beloved. Whatever the future holds, we will take it on together.
Conversations/Bank/Caldarus/Relationship Lines/Child/pregnancy/ari_pregnant_6/2	All three of us!	Nous trois !	Втроём!	All three of us!
Conversations/Bank/Caldarus/Relationship Lines/Child/pregnancy/ari_pregnant_6/init	Intuition tells me that the baby's arrival is near.	Mon intuition me dit que l'arrivée du bébé est imminente.	Интуиция подсказывает мне, что ребёнок скоро появится.	Intuition tells me that the baby's arrival is near.
Conversations/Bank/Caldarus/Relationship Lines/Child/pregnancy/pregnancy_caldarus_celine_0/1	I wonder if they'll have little dragon horns? That would be sooo cute!	Je me demande s'il aura des petites cornes de dragon. Ça serait trop mignon !	Интересно, у него будут драконьи рожки? Было бы та-а-ак мило!	I wonder if they'll have little dragon horns? That would be sooo cute!
Conversations/Bank/Caldarus/Relationship Lines/Child/pregnancy/pregnancy_caldarus_celine_0/init	The whole town's buzzing with the news! I can't believe you and Caldarus are having a baby!	Toute la ville est en effervescence depuis que nous avons appris la nouvelle ! Je n'arrive pas à croire que Caldarus et toi attendez un bébé !	Поверить не могу: у вас с Кальдарусом будет малыш! На каждом углу только об этом и жужжат!	The whole town's buzzing with the news! I can't believe you and Caldarus are having a baby!
Conversations/Bank/Caldarus/Relationship Lines/Child/pregnancy/pregnancy_caldarus_eiland_0/1	This is extraordinary! Unprecedented! Historic!	C'est extraordinaire ! Sans précédent ! Historique, même !	Это же экстраординарное событие! Беспрецендентое! Историческое!	This is extraordinary! Unprecedented! Historic!
Conversations/Bank/Caldarus/Relationship Lines/Child/pregnancy/pregnancy_caldarus_eiland_0/2	Do not hesitate to ask if I can do anything for you two! I am at your service!	Si je peux faire quoi que ce soit pour vous deux, n'hésite pas ! Je suis à votre disposition !	Если я могу вам чем-то помочь, спрашивай, не стесняйся. Я к вашим услугам!	Do not hesitate to ask if I can do anything for you two! I am at your service!
Conversations/Bank/Caldarus/Relationship Lines/Child/pregnancy/pregnancy_caldarus_eiland_0/init	[Ari]! I've heard the news! You and Caldarus? A dragon baby?	[Ari] ! Je suis au courant de la nouvelle ! Caldarus et toi attendez un bébé dragon ?	[Ari]! Я уже всё слышал! Малыш-дракончик? У вас с Кальдарусом?	[Ari]! I've heard the news! You and Caldarus? A dragon baby?
Conversations/Bank/Caldarus/Relationship Lines/Child/pregnancy/pregnancy_caldarus_luc_0/1	Wow... maybe some day they'll be able to join the Dragonguard...	Ouah... Peut-être qu'un jour, votre enfant pourra intégrer la Garde des dragons...	Ого... Может, когда-нибудь он сможет вступить в Драконью стражу...	Wow... maybe some day they'll be able to join the Dragonguard...
Conversations/Bank/Caldarus/Relationship Lines/Child/pregnancy/pregnancy_caldarus_luc_0/2	Imagine! A member of the Dragonguard that's a real dragon!	Imagine un peu ! Un vrai dragon dans la Garde des dragons !	Представляешь? Настоящий дракон в рядах Драконьей стражи!	Imagine! A member of the Dragonguard that's a real dragon!
Conversations/Bank/Caldarus/Relationship Lines/Child/pregnancy/pregnancy_caldarus_luc_0/init	[Ari]! Is it true that you and Caldarus are having a baby together?	[Ari] ! C'est vrai que Caldarus et toi allez avoir un bébé ?	[Ari]! Это правда, что у вас с Кальдарусом будет ребёнок?	[Ari]! Is it true that you and Caldarus are having a baby together?
Conversations/Bank/Caldarus/Relationship Lines/Child/pregnancy/pregnancy_caldarus_ryis_0/1	That's great news! Kids are the best.	C'est une super nouvelle ! Les enfants, c'est génial.	Прекрасная новость! Дети — это замечательно.	That's great news! Kids are the best.
Conversations/Bank/Caldarus/Relationship Lines/Child/pregnancy/pregnancy_caldarus_ryis_0/init	Hey! I heard you and Caldarus are having a kid?	Hé ! Il paraît que Caldarus et toi allez avoir un bébé ?	Привет! Слышал, вы с Кальдарусом решили завести ребёнка?	Hey! I heard you and Caldarus are having a kid?
Conversations/Bank/Caldarus/Relationship Lines/Child/pregnancy/pregnancy_caldarus_seridia_0/1	Still, the birth of a dragon is an auspicious blessing. Despite your child's parentage, it is good to see our kind flourishing.	Néanmoins, la naissance d'un bébé dragon est de bon augure. Malgré le lignage de ton enfant, voir notre espèce prospérer est une bonne chose.	И всё же рождение дракона — благое свершение. Если закрыть глаза на происхождение твоего ребёнка, приятно, что наш род процветает.	Still, the birth of a dragon is an auspicious blessing. Despite your child's parentage, it is good to see our kind flourishing.
Conversations/Bank/Caldarus/Relationship Lines/Child/pregnancy/pregnancy_caldarus_seridia_0/2	Do tell me if you need advice on raising a youngling. Dragon children can be... precocious.	Si tu as besoin de conseils pour élever l'enfant, dis-le-moi. Les bébés dragons peuvent se montrer... précoces.	Обязательно приходи, если нужен будет совет по уходу за молодняком. Драконьи дети иногда... растут не по годам.	Do tell me if you need advice on raising a youngling. Dragon children can be... precocious.
Conversations/Bank/Caldarus/Relationship Lines/Child/pregnancy/pregnancy_caldarus_seridia_0/init	It is preposterous that one such as Caldarus desired to procreate. As long as I have known him, he never showed interest in babies.	Je trouve grotesque que quelqu'un comme Caldarus ait eu le désir de procréer. Depuis que je le connais, les enfants n'ont jamais suscité le moindre intérêt chez lui.	Со стороны Кальдаруса совершенно нелепо проявлять стремление к деторождению. Сколько я его знаю, он никогда не выказывал интереса к детям.	It is preposterous that one such as Caldarus desired to procreate. As long as I have known him, he never showed interest in babies.
Conversations/Bank/Caldarus/Relationship Lines/Child/pregnancy/stork_pregnant_0/1	This is a miracle, [Ari].	C'est un miracle, [Ari].	Это настоящее чудо, [Ari].	This is a miracle, [Ari].
Conversations/Bank/Caldarus/Relationship Lines/Child/pregnancy/stork_pregnant_0/init	I cannot believe it. You and I... a child...	Je n'arrive pas à y croire... Toi et moi... Un bébé...	Мне не верится. Ты, я... дитя...	I cannot believe it. You and I... a child...
Conversations/Bank/Caldarus/Relationship Lines/Child/pregnancy/stork_pregnant_1/1	I do not believe all of them are to be taken seriously... But do know I have scoured every one that exists in town, and every scroll in the Deep Woods temple.	Je ne pense pas qu'ils soient tous très utiles... mais sache que j'ai parcouru tous ceux que l'on trouve en ville, ainsi que tous les parchemins du temple de Boissombre.	Я не думаю, что их все следует принимать на веру... Но могу точно сказать, что я перерыл все книги в городе. И все свитки в храме в Глубокой чаще.	I do not believe all of them are to be taken seriously... But do know I have scoured every one that exists in town, and every scroll in the Deep Woods temple.
Conversations/Bank/Caldarus/Relationship Lines/Child/pregnancy/stork_pregnant_1/2	Including the ones about the care of baby animals, in case they might offer insight.	Et même ceux sur la façon de s'occuper de bébés animaux, au cas où ils contiendraient des informations intéressantes.	В том числе по заботе о маленьких животных. Вдруг там найдутся полезные сведения.	Including the ones about the care of baby animals, in case they might offer insight.
Conversations/Bank/Caldarus/Relationship Lines/Child/pregnancy/stork_pregnant_1/init	It is astonishing, the number of books that have been written about child-rearing.	C'est incroyable le nombre de livres écrits sur l'éducation des enfants.	О воспитании детей написано поистине умопомрачительное множество книг.	It is astonishing, the number of books that have been written about child-rearing.
Conversations/Bank/Caldarus/Relationship Lines/Child/pregnancy/stork_pregnant_2/1	In my long life, I have never raised a child. It was something I never considered... or perhaps I never had a mate I wished to have a child with.	Au cours de ma longue vie, je n'ai jamais élevé d'enfant. Ça ne m'a pas traversé l'esprit... ou peut-être que je n'avais pas trouvé de partenaire m'ayant donné l'envie de procréer.	За свою долгую жизнь я ни разу не воспитывал ребёнка. Я даже никогда об этом не задумывался... Или, быть может, не имел партнёра, с которым захотелось бы заводить детей.	In my long life, I have never raised a child. It was something I never considered... or perhaps I never had a mate I wished to have a child with.
Conversations/Bank/Caldarus/Relationship Lines/Child/pregnancy/stork_pregnant_2/2	I have knowledge of many things. But I fear I have never nurtured a life.	Mon savoir est très vaste, mais jamais je n'ai élevé un enfant, je le crains.	Мои познания в мире обширны. Однако, боюсь, я ещё не взращивал новую жизнь.	I have knowledge of many things. But I fear I have never nurtured a life.
Conversations/Bank/Caldarus/Relationship Lines/Child/pregnancy/stork_pregnant_2/2/prompts/0	You're going to be an incredible parent.	Tu feras un père incroyable.	Ты будешь просто потрясающим отцом.	You're going to be an incredible parent.
Conversations/Bank/Caldarus/Relationship Lines/Child/pregnancy/stork_pregnant_2/2/prompts/1	Oh, Caldarus. We'll figure it out together.	Oh, Caldarus. Ensemble, nous y arriverons.	Ох, Кальдарус. Будем разбираться вместе.	Oh, Caldarus. We'll figure it out together.
Conversations/Bank/Caldarus/Relationship Lines/Child/pregnancy/stork_pregnant_2/2/prompts/2	We have a village of people to help us!	Tous les habitants de Mistria sont disposés à nous aider !	У нас целая деревня помощников!	We have a village of people to help us!
Conversations/Bank/Caldarus/Relationship Lines/Child/pregnancy/stork_pregnant_2/3	It is true that all creatures have some instinct for bringing their young into the world.	Il est vrai que toutes les créatures savent d'instinct comment élever un enfant.	В самом деле, каждое живое создание обладает инстинктом по уходу за своим потомством.	It is true that all creatures have some instinct for bringing their young into the world.
Conversations/Bank/Caldarus/Relationship Lines/Child/pregnancy/stork_pregnant_2/4	And every parent is a first-time parent once. It would be egotistical to think that I am any different.	Et qu'on ne nait pas parent, on le devient. Il serait égoïste de ma part de croire que je suis différent.	И каждый родитель когда-то стал родителем впервые. Полагать, что мой случай особенный, было бы эгоистично.	And every parent is a first-time parent once. It would be egotistical to think that I am any different.
Conversations/Bank/Caldarus/Relationship Lines/Child/pregnancy/stork_pregnant_2/5	Thank you. Let us learn together.	Merci. Nous apprendrons ensemble.	Спасибо. Давай учиться вместе.	Thank you. Let us learn together.
Conversations/Bank/Caldarus/Relationship Lines/Child/pregnancy/stork_pregnant_2/6	You are right... this child is a responsibility and joy we will share.	Tu as raison... Notre enfant sera une responsabilité et un bonheur que nous partagerons.	Ты <p>правы</p><f>права</f><m>прав</m><n>право</n>... Этот ребёнок для нас — общая радость и общая ответственность.	You are right... this child is a responsibility and joy we will share.
Conversations/Bank/Caldarus/Relationship Lines/Child/pregnancy/stork_pregnant_2/7	Please, rely on me, as I rely on you. Let us learn together.	Sache que tu peux compter sur moi, comme je sais pouvoir compter sur toi. Nous apprendrons ensemble.	Прошу, полагайся на меня так же, как я полагаюсь на тебя. Давай учиться вместе.	Please, rely on me, as I rely on you. Let us learn together.
Conversations/Bank/Caldarus/Relationship Lines/Child/pregnancy/stork_pregnant_2/8	This is true, you and I are not an island. We are surrounded by caring and dependable hands.	C'est vrai, nous ne vivons pas coupés du monde. Nous sommes entourés de personnes attentionnées sur lesquelles nous pouvons compter.	Это правда, мы с тобой не на острове. Нас окружают заботливые и надёжные соседи.	This is true, you and I are not an island. We are surrounded by caring and dependable hands.
Conversations/Bank/Caldarus/Relationship Lines/Child/pregnancy/stork_pregnant_2/9	Let us learn by their shining example!	Apprenons en nous inspirant de ce qu'ils ont fait !	Начнём же учиться, пользуясь их блестящим примером!	Let us learn by their shining example!
Conversations/Bank/Caldarus/Relationship Lines/Child/pregnancy/stork_pregnant_2/init	[Ari]...	[Ari]...	[Ari]...	[Ari]...
Conversations/Bank/Caldarus/Relationship Lines/Child/pregnancy/stork_pregnant_3/1	Feeding, changing, sleep cycles... baby logistics are quite involved, it seems. She went above and beyond to teach me.	L'alimentation, les couches, le sommeil... L'organisation que demande un bébé semble assez complexe. Elle m'a tout expliqué de A à Z.	Как кормить, менять пелёнки, следить за сном... Оказывается, у малышей весьма непростая логистика. Нора приложила все усилия, чтобы обучить меня.	Feeding, changing, sleep cycles... baby logistics are quite involved, it seems. She went above and beyond to teach me.
Conversations/Bank/Caldarus/Relationship Lines/Child/pregnancy/stork_pregnant_3/2	It is heartening to know that this sense of community yet exists in Mistria, even after all these ages.	Il est très réconfortant de constater que ce sens de la communauté perdure à Mistria, même après de nombreux siècles.	Прошло много веков, но в Мистрии до сих пор жива взаимовыручка. Это воодушевляет.	It is heartening to know that this sense of community yet exists in Mistria, even after all these ages.
Conversations/Bank/Caldarus/Relationship Lines/Child/pregnancy/stork_pregnant_3/init	I have received a tome's worth of parenting advice from Nora...	Nora m'a donné de très nombreux conseils sur la façon de s'occuper d'un enfant...	Нора надавала мне советов по родительству на целую книгу...	I have received a tome's worth of parenting advice from Nora...
Conversations/Bank/Caldarus/Relationship Lines/Child/pregnancy/stork_pregnant_4/1	I am unbearably eager to meet our child. My mind overflows with the possibilities of who they will become.	Je suis si impatient de faire la connaissance de notre enfant. Je ne sais pas la voie qu'il ou elle choisira, mais l'éventail des possibilités me fait tourner la tête.	Мне так не терпится увидеть нашего ребёнка. Голова полна мыслей: кем он станет в будущем?	I am unbearably eager to meet our child. My mind overflows with the possibilities of who they will become.
Conversations/Bank/Caldarus/Relationship Lines/Child/pregnancy/stork_pregnant_4/2	While I am certain they will take certain superficial attributes from me... I dearly hope they take after you in the ways that matter most.	Même si je sais que je lui transmettrai certains traits purement physiques, j'espère sincèrement que tout ce qui compte vraiment viendra de toi.	Я убеждён, что определённые черты внешности ребёнок унаследует от меня... Однако я искренне надеюсь, что самые важные вещи он переймёт от тебя.	While I am certain they will take certain superficial attributes from me... I dearly hope they take after you in the ways that matter most.
Conversations/Bank/Caldarus/Relationship Lines/Child/pregnancy/stork_pregnant_4/init	Though I have scant experience with babies, let alone the offspring of a dragon and a mortal...	J'ai très peu d'expérience avec les bébés, et encore moins en ce qui concerne la progéniture d'un dragon et d'un être mortel...	Мой опыт с малышами весьма скуден, тем более с потомками дракона и смертного. И всё же...	Though I have scant experience with babies, let alone the offspring of a dragon and a mortal...
Conversations/Bank/Caldarus/Relationship Lines/Child/pregnancy/stork_pregnant_5/1	Of course, it is not for me to decide alone.	Bien sûr, ce n'est pas à moi d'en décider seul.	Разумеется, это решение принимаю не я один.	Of course, it is not for me to decide alone.
Conversations/Bank/Caldarus/Relationship Lines/Child/pregnancy/stork_pregnant_5/2	But if they are a girl, $Tephra$ is a draconic name that I have always had a fondness for.	Mais si c'est une fille, $Tephra$ est un prénom draconique que j'ai toujours aimé.	Но есть одно драконье имя, которое мне всегда нравилось, — $Тефра$. Подойдёт, если будет девочка.	But if they are a girl, $Tephra$ is a draconic name that I have always had a fondness for.
Conversations/Bank/Caldarus/Relationship Lines/Child/pregnancy/stork_pregnant_5/init	[Ari]... I have been considering names our child might be given.	[Ari]... J'ai réfléchi à des noms que l'on pourrait donner à notre bébé.	[Ari]... Я размышлял над именем, которое получит наш ребёнок.	[Ari]... I have been considering names our child might be given.
Conversations/Bank/Caldarus/Relationship Lines/Child/pregnancy/stork_pregnant_6/1	Do not fret, beloved. Whatever the future holds, we will take it on together.	Ne t'en fais pas, mon amour. Qu'importe ce que l'avenir nous réserve, nous l'affronterons ensemble.	Не тревожься, <p>любимые</p><f>любимая</f><m>любимый</m><n>любимое</n>. Что бы ни готовило нам будущее, мы примем его вместе.	Do not fret, beloved. Whatever the future holds, we will take it on together.
Conversations/Bank/Caldarus/Relationship Lines/Child/pregnancy/stork_pregnant_6/2	All three of us!	Tous les trois !	Втроём!	All three of us!
Conversations/Bank/Caldarus/Relationship Lines/Child/pregnancy/stork_pregnant_6/init	Intuition tells me that the baby's arrival is near.	Mon intuition me dit que l'arrivée du bébé est imminente.	Интуиция подсказывает мне, что ребёнок скоро появится.	Intuition tells me that the baby's arrival is near.
Conversations/Bank/Caldarus/Relationship Lines/Marriage/marriage_daily_dialogue/ari_plans_0/1	Indulge me... tell me of your plans for the day.	Allez, dis-moi ce que tu as prévu aujourd'hui.	Поведай... Каковы твои планы на этот день?	Indulge me... tell me of your plans for the day.
Conversations/Bank/Caldarus/Relationship Lines/Marriage/marriage_daily_dialogue/ari_plans_0/1/prompts/0	I'll probably work on the farm today!	Je vais sûrement travailler à la ferme !	Наверное, поработаю сегодня на ферме!	I'll probably work on the farm today!
Conversations/Bank/Caldarus/Relationship Lines/Marriage/marriage_daily_dialogue/ari_plans_0/1/prompts/1	I might head into the Mines.	Je vais peut-être aller dans les mines.	Возможно, пойду в шахты...	I might head into the Mines.
Conversations/Bank/Caldarus/Relationship Lines/Marriage/marriage_daily_dialogue/ari_plans_0/1/prompts/2	Looks like a nice day for fishing.	Ça semble être une bonne journée pour pêcher.	По-моему, отличный день для рыбалки.	Looks like a nice day for fishing.
Conversations/Bank/Caldarus/Relationship Lines/Marriage/marriage_daily_dialogue/ari_plans_0/2	It will be nice, having you close to home.	Je suis content que tu ne t'éloignes pas de la maison.	Это хорошо. Приятно, когда ты рядом с домом.	It will be nice, having you close to home.
Conversations/Bank/Caldarus/Relationship Lines/Marriage/marriage_daily_dialogue/ari_plans_0/3	I will try not to interrupt your day, but please... feel free to interrupt mine.	Je tâcherai de ne pas te déranger, mais n'hésite pas à passer me voir.	Я постараюсь не отрывать тебя от работы, а меня... пожалуйста, отрывай, сколько хочешь.	I will try not to interrupt your day, but please... feel free to interrupt mine.
Conversations/Bank/Caldarus/Relationship Lines/Marriage/marriage_daily_dialogue/ari_plans_0/4	The Mines... I know you are quite familiar with them at this point, but...	Les mines... Je sais que tu les connais bien, maintenant, mais...	В шахты... Я знаю, что сейчас ты уже хорошо там <p>освоились</p><f>освоилась</f><m>освоился</m><n>освоилось</n>, и всё равно...	The Mines... I know you are quite familiar with them at this point, but...
Conversations/Bank/Caldarus/Relationship Lines/Marriage/marriage_daily_dialogue/ari_plans_0/5	Well, one cannot help but worry for their beloved.	Eh bien, il est difficile de ne pas s'en faire pour la personne qu'on aime.	Нельзя же не переживать за тех, кого любишь.	Well, one cannot help but worry for their beloved.
Conversations/Bank/Caldarus/Relationship Lines/Marriage/marriage_daily_dialogue/ari_plans_0/6	Return to me safely, [Ari].	Reviens-moi indemne, [Ari].	Возвращайся в целости, [Ari].	Return to me safely, [Ari].
Conversations/Bank/Caldarus/Relationship Lines/Marriage/marriage_daily_dialogue/ari_plans_0/7	You are very skilled, to catch so many fish with only the aid of rod and string.	Pouvoir attraper autant de poissons avec une canne et un fil, cela prouve que tu as beaucoup de talent.	Наловить так много рыбы с помощью палки и лески — настоящее мастерство.	You are very skilled, to catch so many fish with only the aid of rod and string.
Conversations/Bank/Caldarus/Relationship Lines/Marriage/marriage_daily_dialogue/ari_plans_0/8	I found fishing much easier with the long, toothy maw of a dragon...	J'ai toujours trouvé que c'était beaucoup plus facile de prendre des poissons avec une gueule et des crocs...	Мне показалось гораздо проще ловить рыбу длинной зубастой пастью дракона...	I found fishing much easier with the long, toothy maw of a dragon...
Conversations/Bank/Caldarus/Relationship Lines/Marriage/marriage_daily_dialogue/ari_plans_0/9	Oh, I digress. I look forward to seeing your catch, [Ari].	Mais je m'égare. J'ai hâte de voir tes prises, [Ari].	Но это я о своём. Жду тебя с уловом, [Ari].	Oh, I digress. I look forward to seeing your catch, [Ari].
Conversations/Bank/Caldarus/Relationship Lines/Marriage/marriage_daily_dialogue/ari_plans_0/init	Good morning, [Ari].	Bonjour, [Ari].	Доброе утро, [Ari].	Good morning, [Ari].
Conversations/Bank/Caldarus/Relationship Lines/Marriage/marriage_daily_dialogue/basement_0/1	And I look forward to seeing you at home.	Et j'ai hâte de te retrouver chez nous.	Буду рад видеть тебя дома.	And I look forward to seeing you at home.
Conversations/Bank/Caldarus/Relationship Lines/Marriage/marriage_daily_dialogue/basement_0/init	I hope you are having a nice day, and accomplishing everything your heart was set upon.	J'espère que ta journée se déroule bien et que tu atteins les objectifs que tu t'étais fixés.	Надеюсь, ты хорошо проводишь день и достигаешь всего, к чему стремишься.	I hope you are having a nice day, and accomplishing everything your heart was set upon.
Conversations/Bank/Caldarus/Relationship Lines/Marriage/marriage_daily_dialogue/basement_1/1	I can easily divert my path on the walk home tonight.	Si c'est le cas, je peux tout à fait y passer en rentrant ce soir à la maison.	Мне не составит труда завернуть туда по пути домой.	I can easily divert my path on the walk home tonight.
Conversations/Bank/Caldarus/Relationship Lines/Marriage/marriage_daily_dialogue/basement_1/init	Can you recall, is there anything we require from the General Store?	Te souviens-tu si nous avons besoin de quelque chose du magasin général ?	Можешь вспомнить, не нужно ли нам что-нибудь в универмаге?	Can you recall, is there anything we require from the General Store?
Conversations/Bank/Caldarus/Relationship Lines/Marriage/marriage_daily_dialogue/basement_2/1	I cannot guarantee it will be well made, but...	Je ne peux pas garantir que ce sera bon, mais...	Не могу обещать, что он будет кулинарно хорош...	I cannot guarantee it will be well made, but...
Conversations/Bank/Caldarus/Relationship Lines/Marriage/marriage_daily_dialogue/basement_2/2	Well, I can promise it will be thoroughly-cooked.	Je te promets que ce sera assez cuit.	Зато точно хорошо проварен.	Well, I can promise it will be thoroughly-cooked.
Conversations/Bank/Caldarus/Relationship Lines/Marriage/marriage_daily_dialogue/basement_2/init	Allow me to prepare dinner tonight, [Ari].	Laisse-moi préparer le dîner de ce soir, [Ari].	Позволь мне сегодня приготовить ужин, [Ari].	Allow me to prepare dinner tonight, [Ari].
Conversations/Bank/Caldarus/Relationship Lines/Marriage/marriage_daily_dialogue/basement_3/1	I have learned much of the domestic realm of laundry, as I am particular about caring for the textiles I wear.	J'ai beaucoup appris dans ce domaine, car je prends particulièrement soin des textiles que je porte.	Я весьма искушён в области домашней стирки, ведь я тщательно подхожу к уходу за своими одеяниями.	I have learned much of the domestic realm of laundry, as I am particular about caring for the textiles I wear.
Conversations/Bank/Caldarus/Relationship Lines/Marriage/marriage_daily_dialogue/basement_3/init	Allow me to wash our clothes, [Ari].	Laisse-moi laver tes vêtements, [Ari].	Позволь мне постирать нашу одежду, [Ari].	Allow me to wash our clothes, [Ari].
Conversations/Bank/Caldarus/Relationship Lines/Marriage/marriage_daily_dialogue/basement_4/1	Here, I will even lean down for you.	Là, je me penche pour te faciliter la tâche.	Давай я наклонюсь к тебе.	Here, I will even lean down for you.
Conversations/Bank/Caldarus/Relationship Lines/Marriage/marriage_daily_dialogue/basement_4/init	Surely you would not walk away without giving me a kiss?	Tu ne t'en irais quand même pas sans m'embrasser, n'est-ce pas ?	Ты же не оставишь меня без поцелуя на прощание?	Surely you would not walk away without giving me a kiss?
Conversations/Bank/Caldarus/Relationship Lines/Marriage/marriage_daily_dialogue/basement_5/1	With you... I am truly the happiest I have ever been.	Avec toi, je suis véritablement plus heureux que je ne l'aie jamais été.	Рядом с тобой... Я счастливее, чем когда-либо прежде.	With you... I am truly the happiest I have ever been.
Conversations/Bank/Caldarus/Relationship Lines/Marriage/marriage_daily_dialogue/basement_5/init	When I say you are the most special person in the world to me, know that the sentiment extends across a thousand years and more.	Quand je dis que tu es la personne la plus spéciale au monde à mes yeux, sache que je ressens à l'aune de mes milliers d'années.	Когда я говорю, что ты для меня самый важный человек, знай: это сравнение охватывает более тысячи лет.	When I say you are the most special person in the world to me, know that the sentiment extends across a thousand years and more.
Conversations/Bank/Caldarus/Relationship Lines/Marriage/marriage_daily_dialogue/basement_6/1	And you often arrive just as I am thinking of you.	Et tu arrives souvent lorsque je pense à toi.	И часто приходишь, как раз когда я думаю о тебе.	And you often arrive just as I am thinking of you.
Conversations/Bank/Caldarus/Relationship Lines/Marriage/marriage_daily_dialogue/basement_6/init	I have noticed you go out of your way to see me, [Ari], even when you are busy.	J'ai remarqué que tu faisais toujours ton possible pour passer me voir, [Ari], même quand tu as beaucoup à faire.	Я заметил, [Ari], что ты заходишь меня проведать, даже когда <p>заняты</p><f>занята</f><m>занят</m><n>занято</n>.	I have noticed you go out of your way to see me, [Ari], even when you are busy.
Conversations/Bank/Caldarus/Relationship Lines/Marriage/marriage_daily_dialogue/domestic_flavor_0/1	But certainly there is no harm in giving them extra treats. Especially not to one who works so diligently.	Mais on peut lui donner un petit quelque chose en plus. Surtout que son travail est toujours irréprochable.	Хотя, безусловно, угощение не помешает. Особенно за такую усердную работу.	But certainly there is no harm in giving them extra treats. Especially not to one who works so diligently.
Conversations/Bank/Caldarus/Relationship Lines/Marriage/marriage_daily_dialogue/domestic_flavor_0/init	Do not fret, I have already provided [pet_name] their daily food and drink...	Ne t'en fais pas, j'ai déjà donné à boire et à manger à [pet_name]...	Не волнуйся, [pet_name] имеет достаточно пропитания на этот день... Я об этом позаботился.	Do not fret, I have already provided [pet_name] their daily food and drink...
Conversations/Bank/Caldarus/Relationship Lines/Marriage/marriage_daily_dialogue/domestic_flavor_1/1	[pet_name] is especially skilled at this.	Et [pet_name] sait très bien le faire.	[pet_name] — отличное тому подтверждение.	[pet_name] is especially skilled at this.
Conversations/Bank/Caldarus/Relationship Lines/Marriage/marriage_daily_dialogue/domestic_flavor_1/init	I am of the opinion that there are few things more charming than a small creature curled up to sleep...	Je trouve qu'il n'y a rien de plus charmant qu'une petite créature recroquevillée en train de dormir...	Я убеждён, что немногое в мире выглядит столь очаровательно, как маленькое создание, свернувшееся во сне...	I am of the opinion that there are few things more charming than a small creature curled up to sleep...
Conversations/Bank/Caldarus/Relationship Lines/Marriage/marriage_daily_dialogue/domestic_flavor_2/1	If you wish to share a bed, perhaps we could acquire a larger one?	Si tu veux que nous dormions ensemble, nous devrions peut-être en acheter un plus grand ?	Если ты желаешь разделить со мной ложе, возможно, нам следует приобрести постель побольше.	If you wish to share a bed, perhaps we could acquire a larger one?
Conversations/Bank/Caldarus/Relationship Lines/Marriage/marriage_daily_dialogue/domestic_flavor_2/init	I apologize [Ari]... I do not believe our current sleeping arrangements can accommodate my height, not to mention my tail....	Je suis désolé, [Ari], mais je crois que l'aménagement actuel de la chambre n'est pas adapté à ma taille et encore moins à mes cornes...	Прошу прощения, [Ari]... По моему разумению, наше нынешнее положение в постели не учитывает мой рост, не говоря уже о хвосте...	I apologize [Ari]... I do not believe our current sleeping arrangements can accommodate my height, not to mention my tail....
Conversations/Bank/Caldarus/Relationship Lines/Marriage/marriage_daily_dialogue/domestic_flavor_3/1	When you are away, I am comforted by these signs of your presence all around me.	Quand tu n'es pas là, tous ces signes de ta présence autour de moi me réconfortent beaucoup.	Когда ты отлучаешься, эти напоминания о тебе меня успокаивают.	When you are away, I am comforted by these signs of your presence all around me.
Conversations/Bank/Caldarus/Relationship Lines/Marriage/marriage_daily_dialogue/domestic_flavor_3/init	Every corner of this farmstead is imbued with your spirit. You have even given my old shrine a personal touch.	On ressent ta patte jusque dans les moindres recoins de ta ferme. Et tu as même su donner à mon autel ta touche personnelle.	Каждый уголок этой фермы наполнен тобой. Даже моё святилище несёт твой отпечаток.	Every corner of this farmstead is imbued with your spirit. You have even given my old shrine a personal touch.
Conversations/Bank/Caldarus/Relationship Lines/Marriage/marriage_daily_dialogue/domestic_flavor_4/1	I cannot express my joy at living alongside you at [farm_name]...	Tu n'imagines pas combien je suis heureux de vivre à tes côtés, ici à la ferme [farm_name]...	«[farm_name]» — замечательное место, и я безмерно рад жить здесь вместе с тобой...	I cannot express my joy at living alongside you at [farm_name]...
Conversations/Bank/Caldarus/Relationship Lines/Marriage/marriage_daily_dialogue/domestic_flavor_4/2	However, it would please me if I had a personal study not unlike my abode in the Deep Woods. Do you believe such a thing is possible?	Toutefois, j'aimerais bien disposer d'un petit bureau personnel, comme ce que j'ai chez moi, à Boissombre. Crois-tu que ce serait possible ?	Однако мне было бы приятно иметь собственный кабинет, подобно моему жилищу в Глубокой чаще. Как ты думаешь, это возможно устроить?	However, it would please me if I had a personal study not unlike my abode in the Deep Woods. Do you believe such a thing is possible?
Conversations/Bank/Caldarus/Relationship Lines/Marriage/marriage_daily_dialogue/domestic_flavor_4/init	[Ari], if I could make a request?	[Ari], puis-je formuler une demande ?	[Ari], могу я высказать пожелание?	[Ari], if I could make a request?
Conversations/Bank/Caldarus/Relationship Lines/Marriage/marriage_daily_dialogue/dreams_0/1	If you would like it...	Si tu le souhaites...	Если захочешь...	If you would like it...
Conversations/Bank/Caldarus/Relationship Lines/Marriage/marriage_daily_dialogue/dreams_0/2	I could visit you in dreams again, as I did when we first met.	Je peux te rendre à nouveau visite dans tes rêves, comme je l'ai fait lors de notre première rencontre.	Я могу снова навещать твои сны, как когда мы только познакомились.	I could visit you in dreams again, as I did when we first met.
Conversations/Bank/Caldarus/Relationship Lines/Marriage/marriage_daily_dialogue/dreams_0/init	Good morning! Did you dream last night?	Bien le bonjour ! As-tu rêvé, cette nuit ?	Доброе утро! Тебе что-нибудь снилось ночью?	Good morning! Did you dream last night?
Conversations/Bank/Caldarus/Relationship Lines/Marriage/marriage_daily_dialogue/evening_0/1	The nights as well.	Et ces nuits.	И ночью тоже.	The nights as well.
Conversations/Bank/Caldarus/Relationship Lines/Marriage/marriage_daily_dialogue/evening_0/2	Especially the nights.	Spécialement les nuits.	Особенно ночью.	Especially the nights.
Conversations/Bank/Caldarus/Relationship Lines/Marriage/marriage_daily_dialogue/evening_0/init	I am so happy to have these evenings with you.	Je suis si heureux de passer ces soirées avec toi.	Мне так нравится вечером быть рядом с тобой.	I am so happy to have these evenings with you.
Conversations/Bank/Caldarus/Relationship Lines/Marriage/marriage_daily_dialogue/evening_1/1	I hope you will help me keep warm tonight, [Ari].	J'espère que tu me tiendras chaud ce soir, [Ari].	Надеюсь, сегодня ты меня обогреешь, [Ari].	I hope you will help me keep warm tonight, [Ari].
Conversations/Bank/Caldarus/Relationship Lines/Marriage/marriage_daily_dialogue/evening_1/init	It grows cooler as evening turns to night...	Il commence à faire froid en fin de soirée, quand la nuit tombe...	Вечер сменяется ночью, и на землю спускается прохлада...	It grows cooler as evening turns to night...
Conversations/Bank/Caldarus/Relationship Lines/Marriage/marriage_daily_dialogue/evening_2/1	I thought of you often... so mine was quite nice.	La mienne l'a été... car j'ai souvent pensé à toi.	У меня очень хорошо... ведь я думал о тебе.	I thought of you often... so mine was quite nice.
Conversations/Bank/Caldarus/Relationship Lines/Marriage/marriage_daily_dialogue/evening_2/init	I hope you had a good day today, [Ari].	J'espère que tu as passé une bonne journée, [Ari].	Надеюсь, твой день прошёл хорошо, [Ari].	I hope you had a good day today, [Ari].
Conversations/Bank/Caldarus/Relationship Lines/Marriage/marriage_daily_dialogue/evening_3/1	Allow me to make you an offering in return... with a kiss.	Permets-moi de t'offrir quelque chose en retour... ce baiser.	Позволь мне отплатить тебе в ответ... поцелуем.	Allow me to make you an offering in return... with a kiss.
Conversations/Bank/Caldarus/Relationship Lines/Marriage/marriage_daily_dialogue/evening_3/init	You always show me such care. Offering essence, gifts, conversation...	Tu me témoignes toujours beaucoup d'attention. Tu m'offres de l'essence, des cadeaux, tu discutes avec moi...	Ты всегда относишься ко мне с такой заботой. Даришь мне эссенцию, подарки и свою компанию...	You always show me such care. Offering essence, gifts, conversation...
Conversations/Bank/Caldarus/Relationship Lines/Marriage/marriage_daily_dialogue/fall_evening_0/1	If only there were more daylight, so one might appreciate the season more fully.	Si seulement cette saison bénéficiait de davantage de lumière du jour, nous l'apprécierions mieux.	Ах, если бы света было побольше, чтобы вдоволь насладиться этим прекрасным сезоном.	If only there were more daylight, so one might appreciate the season more fully.
Conversations/Bank/Caldarus/Relationship Lines/Marriage/marriage_daily_dialogue/fall_evening_0/init	Autumn days are so short.	Les journées sont si courtes, à l'automne.	Осенние дни так коротки.	Autumn days are so short.
Conversations/Bank/Caldarus/Relationship Lines/Marriage/marriage_daily_dialogue/fall_evening_1/1	Once lush green, now a beautiful fiery orange like dragon fire.	Elle était autrefois d'un vert éclatant, mais elle a viré à ce magnifique orange vif comme les flammes d'un dragon.	Когда-то он был ярко-зелёный, а теперь огненно-рыжий, словно пламя дракона.	Once lush green, now a beautiful fiery orange like dragon fire.
Conversations/Bank/Caldarus/Relationship Lines/Marriage/marriage_daily_dialogue/fall_evening_1/2	Truly, autumn is a season of transformation.	L'automne est vraiment la saison des métamorphoses.	Воистину, осень — пора перемен.	Truly, autumn is a season of transformation.
Conversations/Bank/Caldarus/Relationship Lines/Marriage/marriage_daily_dialogue/fall_evening_1/init	I have spent the evening contemplating a leaf I found in the Deep Woods.	J'ai passé la soirée à observer une feuille que j'ai ramassée à Boissombre.	Я провёл вечер, созерцая лист, который подобрал в Глубокой чаще.	I have spent the evening contemplating a leaf I found in the Deep Woods.
Conversations/Bank/Caldarus/Relationship Lines/Marriage/marriage_daily_dialogue/fall_morning_0/1	But I am reminded that winter is around the corner, and the cold will arrive soon.	Mais cela me fait penser que l'hiver ne tardera pas et que le froid sera bientôt là.	Но природа напоминает, что зима не за горами и скоро наступят холода.	But I am reminded that winter is around the corner, and the cold will arrive soon.
Conversations/Bank/Caldarus/Relationship Lines/Marriage/marriage_daily_dialogue/fall_morning_0/2	I hope for a long fall, and a short winter.	J'espère que l'automne sera long et que l'hiver sera court.	Надеюсь, осень протянется подольше, а зима будет короткой.	I hope for a long fall, and a short winter.
Conversations/Bank/Caldarus/Relationship Lines/Marriage/marriage_daily_dialogue/fall_morning_0/init	Autumn is a beautiful season to look upon...	L'automne est véritablement une saison propice à la contemplation...	Осень — необычайно красивое время года...	Autumn is a beautiful season to look upon...
Conversations/Bank/Caldarus/Relationship Lines/Marriage/marriage_daily_dialogue/fall_morning_1/1	They are brisk... just enough to warrant another layer.	Leur fraîcheur vivifiante justifie tout juste de porter une couche supplémentaire.	На улице прохладно... Ровно настолько, чтобы надеть ещё слой одежды.	They are brisk... just enough to warrant another layer.
Conversations/Bank/Caldarus/Relationship Lines/Marriage/marriage_daily_dialogue/fall_morning_1/2	I do love layering.	Et j'aime porter différentes couches de vêtements.	А я люблю одеваться слоями.	I do love layering.
Conversations/Bank/Caldarus/Relationship Lines/Marriage/marriage_daily_dialogue/fall_morning_1/init	I am enjoying these autumn mornings, [Ari].	J'apprécie ces matinées d'automne, [Ari].	Люблю гулять осенью по утрам, [Ari].	I am enjoying these autumn mornings, [Ari].
Conversations/Bank/Caldarus/Relationship Lines/Marriage/marriage_daily_dialogue/morning_0/1	Mine has certainly been nice. Seeing your face upon waking...	Mon réveil a été très agréable. Voir ton visage dès que j'ouvre l'œil...	У меня точно доброе. Проснулся — и увидел твоё лицо...	Mine has certainly been nice. Seeing your face upon waking...
Conversations/Bank/Caldarus/Relationship Lines/Marriage/marriage_daily_dialogue/morning_0/2	I will never tire of it.	Je ne m'en lasserai jamais.	Этот вид мне никогда не надоест.	I will never tire of it.
Conversations/Bank/Caldarus/Relationship Lines/Marriage/marriage_daily_dialogue/morning_0/init	Good morning, [Ari].	Bonjour, [Ari].	Доброе утро, [Ari].	Good morning, [Ari].
Conversations/Bank/Caldarus/Relationship Lines/Marriage/marriage_daily_dialogue/morning_1/1	And a good day to accomplish many things.	La journée s'annonce parfaite pour accomplir tant de choses.	И хороший день, чтобы заняться делами.	And a good day to accomplish many things.
Conversations/Bank/Caldarus/Relationship Lines/Marriage/marriage_daily_dialogue/morning_1/init	It is a good morning, [Ari].	Quelle belle matinée, [Ari].	Хорошее сегодня утро, [Ari].	It is a good morning, [Ari].
Conversations/Bank/Caldarus/Relationship Lines/Marriage/marriage_daily_dialogue/rainy_evening_0/1	But both sound like home.	Tu devrais peut-être plutôt rester à la maison et me tenir compagnie.	Может, лучше составишь мне компанию дома?	But both sound like home.
Conversations/Bank/Caldarus/Relationship Lines/Marriage/marriage_daily_dialogue/rainy_evening_0/init	The rain on the roof of our house sounds different from rain on the Deep Woods canopy...	As-tu vraiment envie de sortir affronter les intempéries ?	Ты <p>уверены</p><f>уверена</f><m>уверен</m><n>уверено</n>, что хочешь сегодня сразиться со стихией?	The rain on the roof of our house sounds different from rain on the Deep Woods canopy...
Conversations/Bank/Caldarus/Relationship Lines/Marriage/marriage_daily_dialogue/rainy_morning_0/1	Perhaps you might stay home and keep me company instead.	Mais les deux me font me sentir comme chez moi.	Но всё равно по-домашнему.	Perhaps you might stay home and keep me company instead.
Conversations/Bank/Caldarus/Relationship Lines/Marriage/marriage_daily_dialogue/rainy_morning_0/init	Are you certain you wish to brave the elements today?	La pluie qui frappe le toit de notre maison résonne différemment que celle qui vient s'abat sur la canopée de Boissombre...	Дождь стучит по крыше дома совсем не так, как по листве Глубокой чащи...	Are you certain you wish to brave the elements today?
Conversations/Bank/Caldarus/Relationship Lines/Marriage/marriage_daily_dialogue/sleepy_0/1	Oh, pay me no mind, [Ari].	Oh, ne fais pas attention à moi, [Ari].	Ой, не бери в голову, [Ari].	Oh, pay me no mind, [Ari].
Conversations/Bank/Caldarus/Relationship Lines/Marriage/marriage_daily_dialogue/sleepy_0/2	I am simply a little drowsy.	J'ai un peu sommeil, rien de plus.	Я просто слегка сонливый.	I am simply a little drowsy.
Conversations/Bank/Caldarus/Relationship Lines/Marriage/marriage_daily_dialogue/sleepy_0/init	It would seem my eyelids are heavy, today...	Je sens que mes paupières sont lourdes, aujourd'hui...	Сегодня мои веки как будто бы потяжелели.	It would seem my eyelids are heavy, today...
Conversations/Bank/Caldarus/Relationship Lines/Marriage/marriage_daily_dialogue/snowy_evening_0/1	More so when I watch it next to you, [Ari].	Et encore plus en admirant ce spectacle à tes côtés, [Ari].	Особенно, когда смотрю на него вместе с тобой, [Ari].	More so when I watch it next to you, [Ari].
Conversations/Bank/Caldarus/Relationship Lines/Marriage/marriage_daily_dialogue/snowy_evening_0/init	Snow continues to fall. It is very beautiful...	La neige continue de tomber. C'est vraiment très joli...	Снегопад всё не утихает. Так красиво...	Snow continues to fall. It is very beautiful...
Conversations/Bank/Caldarus/Relationship Lines/Marriage/marriage_daily_dialogue/snowy_morning_0/1	If you have time later, perhaps you can show me how to make a Snow Mortal.	Si jamais tu as le temps, tu pourrais peut-être me montrer comment faire un mortel de neige.	Если будет время, покажешь мне, как слепить муляж смертного из снега?	If you have time later, perhaps you can show me how to make a Snow Mortal.
Conversations/Bank/Caldarus/Relationship Lines/Marriage/marriage_daily_dialogue/snowy_morning_0/init	Did you see? It is snowing outside.	Tu as vu ? Il neige, dehors.	<p>Видели</p><f>Видела</f><m>Видел</m><n>Видело</n>? На улице снегопад.	Did you see? It is snowing outside.
Conversations/Bank/Caldarus/Relationship Lines/Marriage/marriage_daily_dialogue/spouse_plans_0/1	Perhaps a walk into town, or an excursion to the Deep Woods...	J'irai peut-être faire un tour en ville, ou une sortie à Boissombre...	Может, прогуляться по городу или выбраться в Глубокую чащу...	Perhaps a walk into town, or an excursion to the Deep Woods...
Conversations/Bank/Caldarus/Relationship Lines/Marriage/marriage_daily_dialogue/spouse_plans_0/init	Now, what shall I make of the day?	Alors, à quoi vais-je employer ma journée ?	Итак, чем мне заняться сегодня?	Now, what shall I make of the day?
Conversations/Bank/Caldarus/Relationship Lines/Marriage/marriage_daily_dialogue/spring_evening_0/1	Well. Tomorrow is another day, is it not?	Enfin, demain sera un autre jour, n'est-ce pas ?	Что ж, завтра будет новый день!	Well. Tomorrow is another day, is it not?
Conversations/Bank/Caldarus/Relationship Lines/Marriage/marriage_daily_dialogue/spring_evening_0/init	I had planned for a busy day, but instead found myself distracted by a troublesome composition.	J'avais des choses de prévues aujourd'hui, mais une de mes compositions m'a pris tout mon temps.	Я запланировал на сегодня дела, но отвлёкся на кое-какую замысловатую композицию.	I had planned for a busy day, but instead found myself distracted by a troublesome composition.
Conversations/Bank/Caldarus/Relationship Lines/Marriage/marriage_daily_dialogue/spring_evening_1/1	I did not know my heart could become fuller still.	Je ne pensais pas que mon cœur pourrait être aussi comblé.	Оказалось, моё сердце вмещает ещё больше радости.	I did not know my heart could become fuller still.
Conversations/Bank/Caldarus/Relationship Lines/Marriage/marriage_daily_dialogue/spring_evening_1/init	A spring evening, spent with you.	Passer une soirée de printemps en ta compagnie...	Ах, весенний вечер с тобой вдвоём!	A spring evening, spent with you.
Conversations/Bank/Caldarus/Relationship Lines/Marriage/marriage_daily_dialogue/spring_morning_0/1	It is understandable, but I do wish they would be more mindful of their sleeping neighbors.	Cela se comprend, mais j'aimerais qu'ils soient plus attentifs aux voisins qui dorment encore.	Я могу их понять, но хотелось бы попросить их быть повнимательнее к спящим соседям.	It is understandable, but I do wish they would be more mindful of their sleeping neighbors.
Conversations/Bank/Caldarus/Relationship Lines/Marriage/marriage_daily_dialogue/spring_morning_0/2	Myself included.	Moi, par exemple.	В том числе ко мне.	Myself included.
Conversations/Bank/Caldarus/Relationship Lines/Marriage/marriage_daily_dialogue/spring_morning_0/init	The birds are waking up earlier now that it is spring...	Maintenant que le printemps est là, les oiseaux se réveillent plus tôt...	Птицы стали просыпаться раньше, ведь пришла весна...	The birds are waking up earlier now that it is spring...
Conversations/Bank/Caldarus/Relationship Lines/Marriage/marriage_daily_dialogue/spring_morning_1/1	A bright sky, a field in bloom...	Un ciel dégagé, un champ en pleine éclosion...	Ясное небо, цветущее поле...	A bright sky, a field in bloom...
Conversations/Bank/Caldarus/Relationship Lines/Marriage/marriage_daily_dialogue/spring_morning_1/2	It warms the heart.	Comme c'est agréable.	Сердце радуется.	It warms the heart.
Conversations/Bank/Caldarus/Relationship Lines/Marriage/marriage_daily_dialogue/spring_morning_1/init	It is a fine spring morning, is it not?	Quelle belle matinée printanière, n'est-ce pas ?	Какое прекрасное весеннее утро, правда?	It is a fine spring morning, is it not?
Conversations/Bank/Caldarus/Relationship Lines/Marriage/marriage_daily_dialogue/summer_evening_0/1	I would be grateful for an evening breeze.	Une petite brise du soir serait la bienvenue.	Я был бы рад вечернему ветерку.	I would be grateful for an evening breeze.
Conversations/Bank/Caldarus/Relationship Lines/Marriage/marriage_daily_dialogue/summer_evening_0/init	This heat is rather relentless.	La chaleur persiste.	Жара почти нестерпимая.	This heat is rather relentless.
Conversations/Bank/Caldarus/Relationship Lines/Marriage/marriage_daily_dialogue/summer_evening_1/1	If not, I can come and hold you. That will surely bring your body temperature down.	Si c'est le cas, je peux t'étreindre. Cela fera sans doute baisser ta température corporelle.	Если нет, я могу обнять тебя. Тогда твоя температура наверняка опустится.	If not, I can come and hold you. That will surely bring your body temperature down.
Conversations/Bank/Caldarus/Relationship Lines/Marriage/marriage_daily_dialogue/summer_evening_1/2	Or will it go up?	Ou est-ce que ça la fera monter ?	Или наоборот возрастёт?	Or will it go up?
Conversations/Bank/Caldarus/Relationship Lines/Marriage/marriage_daily_dialogue/summer_evening_1/init	It is a hot summer, even as the sun sets. Are you cool enough, [Ari]?	La chaleur estivale est étouffante, même lorsque le soleil se couche. Tu n'as pas trop chaud, [Ari] ?	Летом жарко, даже после заката. Тебе достаточно прохладно, [Ari]?	It is a hot summer, even as the sun sets. Are you cool enough, [Ari]?
Conversations/Bank/Caldarus/Relationship Lines/Marriage/marriage_daily_dialogue/summer_morning_0/1	Take care in this heat, [Ari].	Fais attention à toi, [Ari].	Будь осторожнее в такую жару, [Ari].	Take care in this heat, [Ari].
Conversations/Bank/Caldarus/Relationship Lines/Marriage/marriage_daily_dialogue/summer_morning_0/init	It is rather hot today, and the sun climbs higher still.	Il fait déjà chaud aujourd'hui, et le soleil n'a pas encore atteint son zénith.	Сегодня уже довольно жарко, а солнце ещё не дошло до зенита.	It is rather hot today, and the sun climbs higher still.
Conversations/Bank/Caldarus/Relationship Lines/Marriage/marriage_daily_dialogue/summer_morning_1/1	I suppose a dragon does not forget the joy of sunning oneself, no matter what form they take.	Je suppose que, quelle que soit sa forme, un dragon n'oublie jamais combien il est agréable de s'exposer au soleil.	Полагаю, дракону не под силу забыть, как приятно греться под солнцем. И обличье тут ни при чём.	I suppose a dragon does not forget the joy of sunning oneself, no matter what form they take.
Conversations/Bank/Caldarus/Relationship Lines/Marriage/marriage_daily_dialogue/summer_morning_1/init	I do enjoy the warmth of summer...	J'aime la chaleur de l'été...	Мне нравится летнее тепло...	I do enjoy the warmth of summer...
Conversations/Bank/Caldarus/Relationship Lines/Marriage/marriage_daily_dialogue/winter_evening_0/1	But winter nights... are not so bad these days.	Mais les nuits d'hiver sont loin d'être désagréables.	А вот зимние ночи... уже гораздо лучше.	But winter nights... are not so bad these days.
Conversations/Bank/Caldarus/Relationship Lines/Marriage/marriage_daily_dialogue/winter_evening_0/1/prompts/0	Why's that?	Et pourquoi ?	Почему же?	Why's that?
Conversations/Bank/Caldarus/Relationship Lines/Marriage/marriage_daily_dialogue/winter_evening_0/1/prompts/1	We don't have to wait until bed to cuddle.	Pas la peine d'attendre de se coucher pour se faire des câlins.	Мы можем пойти обниматься, не дожидаясь ночи.	We don't have to wait until bed to cuddle.
Conversations/Bank/Caldarus/Relationship Lines/Marriage/marriage_daily_dialogue/winter_evening_0/2	Because you are very good at keeping me warm, [Ari].	Parce que tu sais très bien t'y prendre pour me réchauffer, [Ari].	Потому что у тебя отлично получается меня согревать, [Ari].	Because you are very good at keeping me warm, [Ari].
Conversations/Bank/Caldarus/Relationship Lines/Marriage/marriage_daily_dialogue/winter_evening_0/3	Oh! Is that so?	Oh ! Vraiment ?	Ого! В самом деле?	Oh! Is that so?
Conversations/Bank/Caldarus/Relationship Lines/Marriage/marriage_daily_dialogue/winter_evening_0/4	Then maybe...	Eh bien, dans ce cas...	Тогда, быть может...	Then maybe...
Conversations/Bank/Caldarus/Relationship Lines/Marriage/marriage_daily_dialogue/winter_evening_0/init	Winter evenings are still difficult for me.	J'ai encore du mal à m'adapter aux soirées d'hiver.	Я до сих пор не очень хорошо переношу зимние вечера.	Winter evenings are still difficult for me.
Conversations/Bank/Caldarus/Relationship Lines/Marriage/marriage_daily_dialogue/winter_evening_1/1	I think it must be... you.	Je crois que c'est grâce à toi.	Думаю, это тяга... к тебе.	I think it must be... you.
Conversations/Bank/Caldarus/Relationship Lines/Marriage/marriage_daily_dialogue/winter_evening_1/init	There is something so inviting about being home in the winter...	L'hiver donne vraiment envie de rester à la maison...	Зимой так и тянет отсиживаться дома...	There is something so inviting about being home in the winter...
Conversations/Bank/Caldarus/Relationship Lines/Marriage/marriage_daily_dialogue/winter_morning_0/1	But knowing I will end the day coiled in warm blankets with you...	Mais je sais que je terminerai la journée tout contre toi, sous une couverture bien douillette.	Но я знаю, что вечером я завернусь в одеяло вместе с тобой...	But knowing I will end the day coiled in warm blankets with you...
Conversations/Bank/Caldarus/Relationship Lines/Marriage/marriage_daily_dialogue/winter_morning_0/2	I will persevere.	Alors, je prends sur moi.	Так что я потерплю.	I will persevere.
Conversations/Bank/Caldarus/Relationship Lines/Marriage/marriage_daily_dialogue/winter_morning_0/init	Oh, I do not enjoy the chill of winter.	Oh, je n'aime pas la froideur de l'hiver.	О, мне не нравятся зимние холода.	Oh, I do not enjoy the chill of winter.
Conversations/Bank/Caldarus/Relationship Lines/Marriage/marriage_daily_dialogue/winter_morning_1/1	And you take extra care to help me stay warm in this season.	Et tu prends encore plus soin de me réchauffer à cette saison.	К тому же ты так заботишься, чтобы мне было тепло.	And you take extra care to help me stay warm in this season.
Conversations/Bank/Caldarus/Relationship Lines/Marriage/marriage_daily_dialogue/winter_morning_1/2	For that reason, it is beginning to grow on me.	C'est pour cela que je commence à l'apprécier.	Поэтому этот сезон тоже начинает мне нравиться.	For that reason, it is beginning to grow on me.
Conversations/Bank/Caldarus/Relationship Lines/Marriage/marriage_daily_dialogue/winter_morning_1/init	Winter is difficult, but it is beautiful.	L'hiver est une saison difficile, mais les paysages sont magnifiques.	Зима — суровое время, но очень красивое.	Winter is difficult, but it is beautiful.
Conversations/Bank/Caldarus/Relationship Lines/Marriage/marriage_daily_dialogue/workstation_0/1	Unfortunately, this was written by someone with atrocious handwriting.	Malheureusement, l'auteur de ce parchemin avait une écriture épouvantable.	К сожалению, этот экземпляр писал кто-то с ужасным почерком.	Unfortunately, this was written by someone with atrocious handwriting.
Conversations/Bank/Caldarus/Relationship Lines/Marriage/marriage_daily_dialogue/workstation_0/init	Eiland has asked me to do some work translating a scroll he recently acquired... Normally, such a thing would be a small task for me.	Eiland m'a demandé de traduire un parchemin qu'il s'est récemment procuré. En temps normaux, une telle tâche ne présenterait aucune difficulté pour moi.	Эйланд недавно приобрёл один свиток и попросил меня помочь с переводом... Обычно для меня это нетрудная работа.	Eiland has asked me to do some work translating a scroll he recently acquired... Normally, such a thing would be a small task for me.
Conversations/Bank/Caldarus/Relationship Lines/Marriage/marriage_daily_dialogue/workstation_1/1	Pray, do not look yet. It is not finished.	Ne regarde pas, je te prie. Elle n'est pas encore terminée.	Прошу тебя, не смотри. Она ещё не завершена.	Pray, do not look yet. It is not finished.
Conversations/Bank/Caldarus/Relationship Lines/Marriage/marriage_daily_dialogue/workstation_1/init	I am once more trying my hand at writing you a song...	J'essaie de prendre à nouveau la plume pour t'écrire une chanson.	Я вновь решил попробовать сочинить для тебя песню...	I am once more trying my hand at writing you a song...
Conversations/Bank/Caldarus/Relationship Lines/Marriage/marriage_daily_dialogue/workstation_10/1	They do gather... an amount of dust...	Il est normal qu'un peu de poussière s'accumule.	На них скапливается... Некоторое количество пыли...	They do gather... an amount of dust...
Conversations/Bank/Caldarus/Relationship Lines/Marriage/marriage_daily_dialogue/workstation_10/init	I suppose when you keep a collection of scrolls in one place for untold ages...	Si une collection de parchemins est stockée au même endroit pendant une très longue période...	Видимо, если много веков держать собрание свитков в одном месте...	I suppose when you keep a collection of scrolls in one place for untold ages...
Conversations/Bank/Caldarus/Relationship Lines/Marriage/marriage_daily_dialogue/workstation_2/1	This collection in particular seems to be comprised of business ledgers... inventory data, timesheets...	Ce recueil en particulier semble composé de livres de comptes, d'inventaires, de feuilles d'heures...	Например, это собрание, кажется, целиком состоит из бухгалтерских книг... инвентарных записей, графиков...	This collection in particular seems to be comprised of business ledgers... inventory data, timesheets...
Conversations/Bank/Caldarus/Relationship Lines/Marriage/marriage_daily_dialogue/workstation_2/2	Perhaps Adeline will find it interesting?	Adeline trouvera peut-être ça intéressant ?	Возможно, Аделине будет интересно взглянуть.	Perhaps Adeline will find it interesting?
Conversations/Bank/Caldarus/Relationship Lines/Marriage/marriage_daily_dialogue/workstation_2/init	As of late, I have turned my energy towards translation of old texts.	Ces derniers temps, j'emploie mon énergie à traduire des textes anciens.	В последнее время я решил обратить свои усилия к переводу древних текстов.	As of late, I have turned my energy towards translation of old texts.
Conversations/Bank/Caldarus/Relationship Lines/Marriage/marriage_daily_dialogue/workstation_3/1	It is a daunting task, catching up on all of this history... even as I learn of current events, time marches ever forward.	Passer en revue des pans entiers de l'histoire est un travail titanesque. Et pendant ce temps-là, le temps poursuit sa course inexorable.	Пытаться нагнать историю — удручающая задача... Пока я узнаю о текущих событиях, время неумолимо движется дальше.	It is a daunting task, catching up on all of this history... even as I learn of current events, time marches ever forward.
Conversations/Bank/Caldarus/Relationship Lines/Marriage/marriage_daily_dialogue/workstation_3/init	I am doing my best to catch up on all that transpired while I slept.	Je fais de mon mieux pour rattraper tout ce que j'ai raté pendant mon sommeil.	Я изо всех сил стараюсь изучить всё, что произошло, пока я спал.	I am doing my best to catch up on all that transpired while I slept.
Conversations/Bank/Caldarus/Relationship Lines/Marriage/marriage_daily_dialogue/workstation_4/1	Now that I reside on a farmstead, I am studying all I can find about ranching and crop management.	Maintenant que j'habite une ferme, je veux tout connaître de l'élevage et des cultures.	Сейчас я обитаю на ферме, а потому изучаю животноводство и сельскохозяйственные культуры.	Now that I reside on a farmstead, I am studying all I can find about ranching and crop management.
Conversations/Bank/Caldarus/Relationship Lines/Marriage/marriage_daily_dialogue/workstation_4/2	It would please me to learn how best to help.	Je serais si heureux de pouvoir t'être utile.	Мне хочется узнать, как я могу быть тебе полезен.	It would please me to learn how best to help.
Conversations/Bank/Caldarus/Relationship Lines/Marriage/marriage_daily_dialogue/workstation_4/init	To live fully is to forever play the part of the student.	Pour profiter pleinement de la vie, il faut toujours avoir soif de connaissances.	Жить полноценной жизнью — значит всегда быть учеником.	To live fully is to forever play the part of the student.
Conversations/Bank/Caldarus/Relationship Lines/Marriage/marriage_daily_dialogue/workstation_5/1	Poetry, music, the culinary arts... mortals have found countless modes to convey the way they see the world.	Poésie, musique, gastronomie... Les mortels ont bien des façons de transmettre leur perception du monde.	Поэзия, музыка, кулинарное искусство... Смертные придумали великое множество способов показать своё мироощущение.	Poetry, music, the culinary arts... mortals have found countless modes to convey the way they see the world.
Conversations/Bank/Caldarus/Relationship Lines/Marriage/marriage_daily_dialogue/workstation_5/2	I am excited to experience all I can.	J'ai hâte de m'essayer à tout cela.	Мне хочется попробовать всё, к чему я способен.	I am excited to experience all I can.
Conversations/Bank/Caldarus/Relationship Lines/Marriage/marriage_daily_dialogue/workstation_5/init	The scope and breadth of personal expression has grown considerably while I slept.	La diversité des moyens d'expression s'est considérablement élargie pendant mon sommeil.	Масшабы и широта самовыражения существенно выросли, пока я спал.	The scope and breadth of personal expression has grown considerably while I slept.
Conversations/Bank/Caldarus/Relationship Lines/Marriage/marriage_daily_dialogue/workstation_6/init	(Caldarus plucks haltingly at his lute, occasionally returning to the beginning of the melody. It seems that he is composing something.)	(Caldarus pince les cordes de son luth de manière hésitante, reprenant parfois le morceau depuis le début. Il semble en pleine composition.)	(Кальдарус отрывисто цепляет струны, постоянно возвращается к началу мелодии. Кажется, он что-то сочиняет.)	(Caldarus plucks haltingly at his lute, occasionally returning to the beginning of the melody. It seems that he is composing something.)
Conversations/Bank/Caldarus/Relationship Lines/Marriage/marriage_daily_dialogue/workstation_7/init	(Caldarus plays a bright staccato in a major key. His tail swishes behind him to keep the rhythm, rather like a metronome.)	(Caldarus joue une mélodie enjouée. Sa queue se balance en rythme derrière lui, à la manière d'un métronome.)	(Кальдарус играет яркое мажорное стаккато. Хвост ритмично раскачивается из стороны в сторону позади него, слегка напоминая метроном.)	(Caldarus plays a bright staccato in a major key. His tail swishes behind him to keep the rhythm, rather like a metronome.)
Conversations/Bank/Caldarus/Relationship Lines/Marriage/marriage_daily_dialogue/workstation_8/init	(Caldarus rapidly strums a series of chords. From the tune, you recognize it as a local festival song.)	(Caldarus plaque rapidement une série d'accords. Vous reconnaissez un air joué lors des fêtes locales.)	(Кальдарус бьёт по струнам, резво наигрывая аккорд за аккордом. По мелодии вы узнаёте одну из местных фестивальных песен.)	(Caldarus rapidly strums a series of chords. From the tune, you recognize it as a local festival song.)
Conversations/Bank/Caldarus/Relationship Lines/Marriage/marriage_daily_dialogue/workstation_9/1	It has been inspiring me to compose new music.	Je m'en suis inspiré pour composer de nouveaux morceaux.	Они вдохновляют меня сочинять новую музыку.	It has been inspiring me to compose new music.
Conversations/Bank/Caldarus/Relationship Lines/Marriage/marriage_daily_dialogue/workstation_9/init	Now that we share a home together... my soul feels nourished. Happy feelings, and new feelings.	Depuis que nous vivons ensemble, je sens mon âme revivre. Je fais l'expérience de sentiments nouveaux et agréables.	Теперь, когда у нас с тобой общий дом... Моя душа насытилась. Это хорошие новые переживания.	Now that we share a home together... my soul feels nourished. Happy feelings, and new feelings.
Conversations/Bank/Caldarus/Relationship Lines/Marriage/marriage_festival_mornings/animal_festival/1	I believe the animals of [farm_name] are the cutest in all of Mistria... but alas, I am not one of the judges.			I believe the animals of [farm_name] are the cutest in all of Mistria... but alas, I am not one of the judges.
Conversations/Bank/Caldarus/Relationship Lines/Marriage/marriage_festival_mornings/animal_festival/init	Ah, good morning. The $Animal Festival$ is today, is it not?			Ah, good morning. The $Animal Festival$ is today, is it not?
Conversations/Bank/Caldarus/Relationship Lines/Marriage/marriage_festival_mornings/harvest_festival/1	If you would like a partner to dance with... my hand and heart will always belong to you.			If you would like a partner to dance with... my hand and heart will always belong to you.
Conversations/Bank/Caldarus/Relationship Lines/Marriage/marriage_festival_mornings/harvest_festival/init	Good morning, my love... are you looking forward to the $Harvest Festival$?			Good morning, my love... are you looking forward to the $Harvest Festival$?
Conversations/Bank/Caldarus/Relationship Lines/Marriage/marriage_festival_mornings/shooting_star_festival/1	It would be a joy to watch the stars with you, [Ari].			It would be a joy to watch the stars with you, [Ari].
Conversations/Bank/Caldarus/Relationship Lines/Marriage/marriage_festival_mornings/shooting_star_festival/init	The $Starbinding Ceremony$ is this evening...			The $Starbinding Ceremony$ is this evening...
Conversations/Bank/Caldarus/Relationship Lines/Marriage/marriage_festival_mornings/spring_festival/1	I have as well... but I do not believe I am as adept at foraging as you.			I have as well... but I do not believe I am as adept at foraging as you.
Conversations/Bank/Caldarus/Relationship Lines/Marriage/marriage_festival_mornings/spring_festival/2	I am curious to see who triumphs this year. Perhaps there will be an upset.			I am curious to see who triumphs this year. Perhaps there will be an upset.
Conversations/Bank/Caldarus/Relationship Lines/Marriage/marriage_festival_mornings/spring_festival/init	Have you been collecting $Breath of Spring$ for the $Spring Festival$?			Have you been collecting $Breath of Spring$ for the $Spring Festival$?
Conversations/Bank/Caldarus/Relationship Lines/Marriage/marriage_market_mornings/market_darcy/1	I may stop by Darcy's booth. Her confections are always delightful.			I may stop by Darcy's booth. Her confections are always delightful.
Conversations/Bank/Caldarus/Relationship Lines/Marriage/marriage_market_mornings/market_darcy/init	Ah, Saturday is upon us once again.			Ah, Saturday is upon us once again.
Conversations/Bank/Caldarus/Relationship Lines/Marriage/marriage_market_mornings/market_louis/1	I always enjoy browsing the textiles in Louis' booth.			I always enjoy browsing the textiles in Louis' booth.
Conversations/Bank/Caldarus/Relationship Lines/Marriage/marriage_market_mornings/market_louis/init	I am excited to attend the Saturday Market today.			I am excited to attend the Saturday Market today.
Conversations/Bank/Caldarus/Relationship Lines/Marriage/marriage_market_mornings/market_merri/1	I am considering visiting Merri's Antique stall today... though, I am not certain what constitutes an antique these days. Is it age? Style?			I am considering visiting Merri's Antique stall today... though, I am not certain what constitutes an antique these days. Is it age? Style?
Conversations/Bank/Caldarus/Relationship Lines/Marriage/marriage_market_mornings/market_merri/2	Depending on the definition, perhaps I count as an antique as well.			Depending on the definition, perhaps I count as an antique as well.
Conversations/Bank/Caldarus/Relationship Lines/Marriage/marriage_market_mornings/market_merri/init	Ah. Good morning, [Ari].			Ah. Good morning, [Ari].
Conversations/Bank/Caldarus/Relationship Lines/Marriage/marriage_market_mornings/market_stillwell/1	Perhaps I will visit Stillwell's booth at the Market today... it is curious to see a person of his talents in such a venue.			Perhaps I will visit Stillwell's booth at the Market today... it is curious to see a person of his talents in such a venue.
Conversations/Bank/Caldarus/Relationship Lines/Marriage/marriage_market_mornings/market_stillwell/2	Still... I am glad there is yet a place for oracles in this age.			Still... I am glad there is yet a place for oracles in this age.
Conversations/Bank/Caldarus/Relationship Lines/Marriage/marriage_market_mornings/market_stillwell/init	Good morning, [Ari].			Good morning, [Ari].
Conversations/Bank/Caldarus/Relationship Lines/Marriage/marriage_market_mornings/market_taliferro/1	My attempts at his $Cooking Challenge$ seem to vex him...			My attempts at his $Cooking Challenge$ seem to vex him...
Conversations/Bank/Caldarus/Relationship Lines/Marriage/marriage_market_mornings/market_taliferro/init	Will you go to the Saturday Market today? I may stop by Taliferro's booth again.			Will you go to the Saturday Market today? I may stop by Taliferro's booth again.
Conversations/Bank/Caldarus/Relationship Lines/Marriage/marriage_market_mornings/market_vera/1	Vera frequently asks to style my hair... but I am rather fond of its length and style.			Vera frequently asks to style my hair... but I am rather fond of its length and style.
Conversations/Bank/Caldarus/Relationship Lines/Marriage/marriage_market_mornings/market_vera/2	At the moment, the only person who I would allow to style my hair is you.			At the moment, the only person who I would allow to style my hair is you.
Conversations/Bank/Caldarus/Relationship Lines/Marriage/marriage_market_mornings/market_vera/init	Good morning, [Ari]. Are you thinking of attending the Saturday Market today?			Good morning, [Ari]. Are you thinking of attending the Saturday Market today?
Conversations/Bank/Caldarus/Relationship Lines/Marriage/marriage_market_mornings/market_wheedle/1	Everyone has such curious reactions to him. It is interesting to watch.			Everyone has such curious reactions to him. It is interesting to watch.
Conversations/Bank/Caldarus/Relationship Lines/Marriage/marriage_market_mornings/market_wheedle/init	Perhaps I will stop by Wheedle's booth at the Market today...			Perhaps I will stop by Wheedle's booth at the Market today...
Conversations/Bank/Caldarus/Relationship Lines/Marriage/marriage_market_mornings/market_zorel/1	If you happen to stop by Zorel's booth, do not hesitate to bring home more of her music. It makes the home more lively.			If you happen to stop by Zorel's booth, do not hesitate to bring home more of her music. It makes the home more lively.
Conversations/Bank/Caldarus/Relationship Lines/Marriage/marriage_market_mornings/market_zorel/init	Saturdays are always lively, are they not?			Saturdays are always lively, are they not?
Conversations/Bank/Caldarus/Relationship Lines/Marriage/post_wedding_lines/marriage_0/1	To think, every day we share will be happier than the last. Yes...	Chaque jour passé ensemble sera plus joyeux que le précédent. Oui...	Представь: каждый день вдвоём будет лучше предыдущего. Да...	To think, every day we share will be happier than the last. Yes...
Conversations/Bank/Caldarus/Relationship Lines/Marriage/post_wedding_lines/marriage_0/2	Every day we share, I am born anew.	Chaque journée à tes côtés est comme une renaissance.	Каждый день с тобой я будто рождаюсь заново.	Every day we share, I am born anew.
Conversations/Bank/Caldarus/Relationship Lines/Marriage/post_wedding_lines/marriage_0/2/prompts/0	I can't wait for our future together!	J'ai hâte de découvrir ce que l'avenir nous réserve !	Я хочу войти в будещее вместе с тобой!	I can't wait for our future together!
Conversations/Bank/Caldarus/Relationship Lines/Marriage/post_wedding_lines/marriage_0/2/prompts/1	I'm so happy you're finally mine.	Quel bonheur de savoir que tu es enfin mon époux !	Наконец-то ты мой. Я так <p>счастливы</p><f>счастлива</f><m>счастлив</m><n>счастливо</n>!	I'm so happy you're finally mine.
Conversations/Bank/Caldarus/Relationship Lines/Marriage/post_wedding_lines/marriage_0/3	Nor I.	Moi aussi.	И я — с тобой.	Nor I.
Conversations/Bank/Caldarus/Relationship Lines/Marriage/post_wedding_lines/marriage_0/4	Once, I saw my future as an unchanging, immutable path... but I could not have been more wrong.	Autrefois, mon avenir était linéaire et immuable... Comme je me trompais.	Когда-то будущее представлялось мне как неизменный, незыблемый путь... Но я крайне ошибался.	Once, I saw my future as an unchanging, immutable path... but I could not have been more wrong.
Conversations/Bank/Caldarus/Relationship Lines/Marriage/post_wedding_lines/marriage_0/5	And you are the one who awakened me to that world of myriad possibilities.	C'est toi qui m'as éveillé à ce monde de possibles.	Именно ты <p>показали</p><f>показала</f><m>показал</m><n>показало</n> мне, что мир полон бесчисленных возможностей.	And you are the one who awakened me to that world of myriad possibilities.
Conversations/Bank/Caldarus/Relationship Lines/Marriage/post_wedding_lines/marriage_0/6	I am yours.	Je suis tout à toi.	Воистину я твой.	I am yours.
Conversations/Bank/Caldarus/Relationship Lines/Marriage/post_wedding_lines/marriage_0/7	My heart and body both, for as long as I draw breath.	Mon cœur comme mon corps t'appartiennent, jusqu'à mon dernier souffle.	Сердцем и телом, навеки, пока дышу.	My heart and body both, for as long as I draw breath.
Conversations/Bank/Caldarus/Relationship Lines/Marriage/post_wedding_lines/marriage_0/init	I am still accepting that yesterday was no dream... no fantasy conjured by the mind of an eternally slumbering dragon.	Je suis encore en train de me faire à l'idée que la journée d'hier n'était pas un rêve ni une illusion créée par l'esprit d'un dragon endormi pour l'éternité.	Я до сих пор осознаю, что вчерашний день не сон... И не разыгравшаяся фантазия дракона, погружённого в вечную дремоту.	I am still accepting that yesterday was no dream... no fantasy conjured by the mind of an eternally slumbering dragon.
Conversations/Bank/Caldarus/Relationship Lines/Marriage/post_wedding_lines/marriage_1/1	It is astonishing how large [farm_name] is. I cannot comprehend how you have single-handedly accomplished so much.	Je n'imaginais pas que le domaine [farm_name] était si grand. Je ne comprends pas comment tu as fait tout cela sans aide.	«[farm_name]» поистине поразительных размеров. Я даже не представляю, как тебе в одиночку удалось сделать так много.	It is astonishing how large [farm_name] is. I cannot comprehend how you have single-handedly accomplished so much.
Conversations/Bank/Caldarus/Relationship Lines/Marriage/post_wedding_lines/marriage_1/2	Do not hesitate to put me to work. I am eager to learn this new occupation.	N'hésite pas à me mettre à contribution. J'ai hâte de m'adonner à ce nouveau passe-temps.	Не стесняйся привлекать меня к работе. Я с радостью изучу новое занятие.	Do not hesitate to put me to work. I am eager to learn this new occupation.
Conversations/Bank/Caldarus/Relationship Lines/Marriage/post_wedding_lines/marriage_1/init	I have finished exploring the entire farmstead...	J'ai enfin exploré toute la ferme.	Я наконец обошёл всё твоё хозяйство...	I have finished exploring the entire farmstead...
Conversations/Bank/Caldarus/Relationship Lines/Marriage/post_wedding_lines/marriage_2/1	I must be more diligent in stooping as I pass between rooms. I am afraid my height is not compatible with the doorways.	Je dois penser à me baisser lorsque je passe d'une pièce à l'autre. Ma taille n'est pas adaptée aux encadrements de portes de mortels.	Мне надо аккуратнее нагибаться в переходах между комнатами. Боюсь, эти дверные проёмы несовместимы с моим ростом.	I must be more diligent in stooping as I pass between rooms. I am afraid my height is not compatible with the doorways.
Conversations/Bank/Caldarus/Relationship Lines/Marriage/post_wedding_lines/marriage_2/1/prompts/0	Are you okay?	Est-ce que ça va ?	Ты в порядке?	Are you okay?
Conversations/Bank/Caldarus/Relationship Lines/Marriage/post_wedding_lines/marriage_2/1/prompts/1	I'll remake all the doors to be taller!	Je vais agrandir toutes les portes !	Я переделаю двери, чтобы были повыше!	I'll remake all the doors to be taller!
Conversations/Bank/Caldarus/Relationship Lines/Marriage/post_wedding_lines/marriage_2/2	Oh, yes... only my pride was hurt.	Oh, oui... Seul mon amour-propre en a pris un coup.	О, да... Пострадала лишь моя гордость.	Oh, yes... only my pride was hurt.
Conversations/Bank/Caldarus/Relationship Lines/Marriage/post_wedding_lines/marriage_2/3	And the doorframe as well... it might have acquired some damage from jousting with my horns.	Et l'encadrement de la porte aussi... Il est possible que mes cornes l'aient endommagé.	И немного косяк... Возможно, на нём остался след от поединка с моими рогами.	And the doorframe as well... it might have acquired some damage from jousting with my horns.
Conversations/Bank/Caldarus/Relationship Lines/Marriage/post_wedding_lines/marriage_2/4	Do not worry... I will learn in time. You will find me to be quite adaptable.	Ne t'inquiète pas... je finirai par apprendre avec le temps.	Не переживай... Со временем я привыкну. Вот увидишь, я умею подстраиваться под обстановку.	Do not worry... I will learn in time. You will find me to be quite adaptable.
Conversations/Bank/Caldarus/Relationship Lines/Marriage/post_wedding_lines/marriage_2/5	It is kind of you to offer, but there is no need. I must simply become more accustomed to our new home together.	C'est gentil de le proposer, mais ça ne sera pas nécessaire. Je dois simplement m'habituer à ma nouvelle demeure.	Это заботливое предложение, но в нём нет нужды. Мне просто нужно привыкнуть к нашему совместному жилищу.	It is kind of you to offer, but there is no need. I must simply become more accustomed to our new home together.
Conversations/Bank/Caldarus/Relationship Lines/Marriage/post_wedding_lines/marriage_2/6	Though, you may want to look at the doorframe. It might have acquired some damage from jousting with my horns.	En revanche, tu devrais peut-être jeter un œil à l'encadrement de la porte. Il est possible que mes cornes l'aient endommagé.	Но тебе стоит обратить внимание на косяк. Возможно, на нём остался след от поединка с моими рогами.	Though, you may want to look at the doorframe. It might have acquired some damage from jousting with my horns.
Conversations/Bank/Caldarus/Relationship Lines/Marriage/post_wedding_lines/marriage_2/7	It is a temporary situation. Do not worry... I learn quickly. You will find me to be quite adaptable.	Ça ne durera pas. Ne te fais pas de souci... J'apprends vite. Tu verras que je m'adapte plutôt facilement.	Это временное неудобство. Не переживай... Вскоре я привыкну. Вот увидишь, я умею подстраиваться под обстановку.	It is a temporary situation. Do not worry... I learn quickly. You will find me to be quite adaptable.
Conversations/Bank/Caldarus/Relationship Lines/Marriage/post_wedding_lines/marriage_2/init	Ah, [Ari]. I was drowsy this morning and bonked my horns on the doorframe once again...	Ah, [Ari]. Je n'étais pas bien réveillé ce matin, et j'ai encore heurté le haut du chambranle avec mes cornes.	Ох, [Ari]. Я с утра был сонный и снова стукнулся рогами о косяк...	Ah, [Ari]. I was drowsy this morning and bonked my horns on the doorframe once again...
Conversations/Bank/Caldarus/Relationship Lines/Marriage/post_wedding_lines/marriage_3/1	No matter the season, they seem to be susceptible to a chill.	Quelle que soit la saison, elles semblent toujours sensibles au froid.	Видимо, они чувствительны к сквозняку в любое время года.	No matter the season, they seem to be susceptible to a chill.
Conversations/Bank/Caldarus/Relationship Lines/Marriage/post_wedding_lines/marriage_3/1/prompts/0	Let me warm them up!	Laisse-moi les réchauffer !	Давай я их согрею!	Let me warm them up!
Conversations/Bank/Caldarus/Relationship Lines/Marriage/post_wedding_lines/marriage_3/1/prompts/1	Do you want to hold hands?	Tu veux qu'on se tienne la main ?	Хочешь, возьмёмся за руки?	Do you want to hold hands?
Conversations/Bank/Caldarus/Relationship Lines/Marriage/post_wedding_lines/marriage_3/2	Yes, I would like that very much.	Oui, j'aimerais beaucoup.	Да, это было бы замечательно.	Yes, I would like that very much.
Conversations/Bank/Caldarus/Relationship Lines/Marriage/post_wedding_lines/marriage_3/3	It would please me to hold your hands regardless.	Te tenir la main est un plaisir en toutes circonstances.	Мне в любом случае хотелось бы взять тебя за руки.	It would please me to hold your hands regardless.
Conversations/Bank/Caldarus/Relationship Lines/Marriage/post_wedding_lines/marriage_3/4	Such an idea is so very tempting...	Cette idée est très tentante...	Это предложение... весьма соблазнительно.	Such an idea is so very tempting...
Conversations/Bank/Caldarus/Relationship Lines/Marriage/post_wedding_lines/marriage_3/5	Yes, I would like that very much.	Oui, j'aimerais beaucoup.	Да, это было бы замечательно.	Yes, I would like that very much.
Conversations/Bank/Caldarus/Relationship Lines/Marriage/post_wedding_lines/marriage_3/init	Ah, my hands feel a bit stiff today.	Ah, mes mains sont un peu raides, aujourd'hui.	Ах, у меня сегодня слегка немеют руки.	Ah, my hands feel a bit stiff today.
Conversations/Bank/Caldarus/Relationship Lines/Marriage/post_wedding_lines/marriage_4/1	Dragons tend to be quite solitary, as you well know.	Les dragons sont des créatures solitaires, comme tu le sais.	Как тебе известно, драконы — довольно замкнутые создания.	Dragons tend to be quite solitary, as you well know.
Conversations/Bank/Caldarus/Relationship Lines/Marriage/post_wedding_lines/marriage_4/2	As a result, I do not have a significant frame of reference to draw upon regarding the norms of marriage.	C'est pour cela que je ne sais pas grand-chose de ce qui se fait ou ne se fait pas dans un mariage.	В связи с этим обстоятельством мне недостаёт ценностных ориентиров, когда речь заходит о брачных нормах.	As a result, I do not have a significant frame of reference to draw upon regarding the norms of marriage.
Conversations/Bank/Caldarus/Relationship Lines/Marriage/post_wedding_lines/marriage_4/3	All this to say, I hope you will be patient with me, [Ari].	Ce que je veux dire, c'est que j'espère que tu feras preuve de patience envers moi, [Ari].	Я хочу сказать: пожалуйста, отнесись ко мне с пониманием, [Ari].	All this to say, I hope you will be patient with me, [Ari].
Conversations/Bank/Caldarus/Relationship Lines/Marriage/post_wedding_lines/marriage_4/4	Though there is much to learn... I believe we will enjoy doing so together.	J'ai beaucoup à apprendre, mais je pense que ce sera amusant ensemble.	Многому ещё предстоит научиться... Но я верю, что вместе это обучение будет приятным.	Though there is much to learn... I believe we will enjoy doing so together.
Conversations/Bank/Caldarus/Relationship Lines/Marriage/post_wedding_lines/marriage_4/init	In my long life, I have not known many who I would refer to as family.	De toute ma longue vie, rares sont les personnes qui ont vu en moi un membre de sa famille.	За свою долгую жизнь лишь немногих я мог бы назвать своей семьёй.	In my long life, I have not known many who I would refer to as family.
Conversations/Bank/Caldarus/Relationship Lines/Marriage/post_wedding_lines/marriage_5/1	You are married to a dragon, after all. One might say it comes with the territory.	Tu as pris un dragon pour époux, après tout. C'est dans notre nature.	В конце концов, ты <p>взяли</p><f>взяла</f><m>взял</m><n>взяло</n> в супруги дракона. Вместе с его территорией, если можно так выразиться.	You are married to a dragon, after all. One might say it comes with the territory.
Conversations/Bank/Caldarus/Relationship Lines/Marriage/post_wedding_lines/marriage_5/init	Ah, [Ari]! I hope the occasional plume of smoke in the kitchen is not bothersome to you.	Ah, [Ari] ! J'espère qu'un peu de fumée venant de la cuisine ne te dérangera pas.	А, [Ari]! Надеюсь, тебя не смущают клубы дыма, временами доносящиеся с кухни.	Ah, [Ari]! I hope the occasional plume of smoke in the kitchen is not bothersome to you.
Conversations/Bank/Caldarus/Relationship Lines/Marriage/post_wedding_lines/marriage_6/1	Such a thing is not always true for dragons, in the same way it is not always true for mortals.	Cela n'est pas nécessairement vrai chez les dragons ni chez les mortels d'ailleurs.	У драконов это не всегда так, как и у многих смертных.	Such a thing is not always true for dragons, in the same way it is not always true for mortals.
Conversations/Bank/Caldarus/Relationship Lines/Marriage/post_wedding_lines/marriage_6/2	But in my case, it is. I am yours forever, [Ari].	Mais c'est vrai pour moi. Je serai toujours là, [Ari].	Но в моём случае это правда. Я твой навеки, [Ari].	But in my case, it is. I am yours forever, [Ari].
Conversations/Bank/Caldarus/Relationship Lines/Marriage/post_wedding_lines/marriage_6/init	Ryis tells me many species of birds mate for life...	Ryis m'a expliqué que de nombreuses espèces d'oiseaux s'unissent pour la vie...	Риз говорит, что многие виды птиц находят партнёров на всю жизнь...	Ryis tells me many species of birds mate for life...
Conversations/Bank/Caldarus/Relationship Lines/Marriage/post_wedding_lines/marriage_7/1	I do not know if our binding was decreed by fate, but every day I am grateful for it.	J'ignore si c'est le destin qui a décidé de notre union, mais je lui en suis reconnaissant à jamais.	Не знаю, было ли это предрешено судьбой, но каждый день я ей благодарен.	I do not know if our binding was decreed by fate, but every day I am grateful for it.
Conversations/Bank/Caldarus/Relationship Lines/Marriage/post_wedding_lines/marriage_7/1/prompts/0	I was always drawn to you!	J'ai toujours ressenti une attirance pour toi !	Ты манил меня с самого начала!	I was always drawn to you!
Conversations/Bank/Caldarus/Relationship Lines/Marriage/post_wedding_lines/marriage_7/1/prompts/1	Well, you were a handsome statue.	À vrai dire, tu n'étais pas mal, pour une statue.	Ну, ты был очень красивой статуей.	Well, you were a handsome statue.
Conversations/Bank/Caldarus/Relationship Lines/Marriage/post_wedding_lines/marriage_7/2	Even as a talking statue? Was it my voice?	Même en tant que statue douée de parole ? C'était ma voix ?	Даже в виде говорящей статуи? Дело в моём голосе?	Even as a talking statue? Was it my voice?
Conversations/Bank/Caldarus/Relationship Lines/Marriage/post_wedding_lines/marriage_7/3	I am glad to know you find me pleasing no matter what form I take.	Je suis heureux de savoir que tu me trouves attirant, qu'importe ma forme.	Мне приятно знать, что я мил тебе в любом обличье.	I am glad to know you find me pleasing no matter what form I take.
Conversations/Bank/Caldarus/Relationship Lines/Marriage/post_wedding_lines/marriage_7/4	Oh, you must cease teasing.	Oh, arrête de me taquiner.	Ой, прекрати дразниться.	Oh, you must cease teasing.
Conversations/Bank/Caldarus/Relationship Lines/Marriage/post_wedding_lines/marriage_7/5	You should know better than to provoke a dragon's vanity.	Sache qu'il vaut mieux ne pas flatter l'orgueil d'un dragon.	Ты же знаешь: не стоит провоцировать драконье тщеславие.	You should know better than to provoke a dragon's vanity.
Conversations/Bank/Caldarus/Relationship Lines/Marriage/post_wedding_lines/marriage_7/init	Since the day you repaired my shrine, you have grounded me, and kept me tethered to the world.	Depuis le jour où tu as réparé mon autel, tu as créé un lien indéfectible entre nous et tu m'as ancré dans ce monde.	С того дня, как ты <p>отремонтировали</p><f>отремонтировала</f><m>отремонтировал</m><n>отремонтировало</n> моё святилище, ты меня <p>захватили и привязали</p><f>захватила и привязала</f><m>захватил и привязал</m><n>захватило и привязало</n> к миру.	Since the day you repaired my shrine, you have grounded me, and kept me tethered to the world.
Conversations/Bank/Caldarus/Relationship Lines/Marriage/post_wedding_lines/marriage_8/1	The very sky brightens at <he>his</he><she>her</she><they>their</they><it>its</it><none>[Ari]'s</none> presence... the wind sings in <he>his</he><she>her</she><they>their</they><it>its</it><none>[Ari]'s</none> wake.	Sa simple présence a le pouvoir de chasser les nuages... Le vent chante ses louanges à son passage...	От <p>их</p><f>её</f><m>его</m><n>его</n> прихода светлеют небеса... ветер несёт за <p>ними</p><f>ней</f><m>ним</m><n>ним</n> свою песню.	The very sky brightens at <he>his</he><she>her</she><they>their</they><it>its</it><none>[Ari]'s</none> presence... the wind sings in <he>his</he><she>her</she><they>their</they><it>its</it><none>[Ari]'s</none> wake.
Conversations/Bank/Caldarus/Relationship Lines/Marriage/post_wedding_lines/marriage_8/1/prompts/0	Careful, Caldarus. Your flattery is working.	Attention, Caldarus. Tes flatteries commencent à faire effet.	Осторожно, Кальдарус. Твоя лесть слишком убедительна.	Careful, Caldarus. Your flattery is working.
Conversations/Bank/Caldarus/Relationship Lines/Marriage/post_wedding_lines/marriage_8/1/prompts/1	You're definitely MY beguiling creature.	C'est TOI, ma séduisante créature.	Это ТЫ моё прелестное созданье.	You're definitely MY beguiling creature.
Conversations/Bank/Caldarus/Relationship Lines/Marriage/post_wedding_lines/marriage_8/2	You would call my truthful observations flattery?	J'énonce des vérités et tu vois des flatteries ?	Зачем называть лестью мои естественные наблюдения?	You would call my truthful observations flattery?
Conversations/Bank/Caldarus/Relationship Lines/Marriage/post_wedding_lines/marriage_8/3	Though, if such words spark your ego... I am pleased to hear it.	Eh bien, si de telles paroles flattent ton ego, je suis heureux de le savoir.	Впрочем, если эти слова разжигают твоё самолюбие... Я только рад.	Though, if such words spark your ego... I am pleased to hear it.
Conversations/Bank/Caldarus/Relationship Lines/Marriage/post_wedding_lines/marriage_8/4	I have a few more for you, but the rest I'll whisper in your ear.	J'en ai d'autres en réserve, mais je te les susurrerai à l'oreille.	У меня есть ещё, но их я прошепчу тебе на ухо.	I have a few more for you, but the rest I'll whisper in your ear.
Conversations/Bank/Caldarus/Relationship Lines/Marriage/post_wedding_lines/marriage_8/5	Am I? Perhaps I am.	Vraiment ? C'est possible.	Правда? Может, и так.	Am I? Perhaps I am.
Conversations/Bank/Caldarus/Relationship Lines/Marriage/post_wedding_lines/marriage_8/6	In that case, we make for a matching pair.	Dans ce cas, nous formons un couple idéal.	В таком случае, мы отличная пара.	In that case, we make for a matching pair.
Conversations/Bank/Caldarus/Relationship Lines/Marriage/post_wedding_lines/marriage_8/init	Here <he>he is</he><she>she is</she><they>they are</they><it>it is</it><none>[Ari] is</none>... my beguiling creature, returned from the forests and deep earth.	<he>Il</he><she>Elle</she><they>Iel</they> est de retour... Ma séduisante créature revient de la forêt ou des entrailles de la terre.	Вот <p>они</p><f>она</f><m>он</m><n>оно</n>... моё прелестное созданье возвратилось из лесов и подземных глубин.	Here <he>he is</he><she>she is</she><they>they are</they><it>it is</it><none>[Ari] is</none>... my beguiling creature, returned from the forests and deep earth.
Conversations/Bank/Caldarus/Relationship Lines/Marriage/post_wedding_lines/marriage_9/1	Once, I was fated to exile outside the passage of time. Now, I am free to experience its flow for myself.	Mon destin a été, jadis, de m'exiler hors du temps. Désormais, je suis libre d'en étudier le passage.	Когда-то судьба обрекла меня на изгнание за гранью времён. Теперь же я волен сам испытывать течение времени.	Once, I was fated to exile outside the passage of time. Now, I am free to experience its flow for myself.
Conversations/Bank/Caldarus/Relationship Lines/Marriage/post_wedding_lines/marriage_9/2	It is a blessing to do so by your side, [Ari].	Et en faire l'expérience à tes côtés est une chance, [Ari].	Провести его рядом с тобой — настоящее счастье, [Ari].	It is a blessing to do so by your side, [Ari].
Conversations/Bank/Caldarus/Relationship Lines/Marriage/post_wedding_lines/marriage_9/3	...	...	...	...
Conversations/Bank/Caldarus/Relationship Lines/Marriage/post_wedding_lines/marriage_9/4	It is my hope, in future lives, we might be able to reunite as we are now...	J'espère que, dans des vies futures, nous pourrons être ensemble, comme aujourd'hui...	Я надеюсь, что в будущих жизнях мы воссоединимся, как теперь...	It is my hope, in future lives, we might be able to reunite as we are now...
Conversations/Bank/Caldarus/Relationship Lines/Marriage/post_wedding_lines/marriage_9/5	And share in this dance again and again.	Pour que nous partagions cette danse encore et encore...	И снова и снова будем продолжать наш танец.	And share in this dance again and again.
Conversations/Bank/Caldarus/Relationship Lines/Marriage/post_wedding_lines/marriage_9/init	I have come to consider this mortal shape a privilege.	Je finis par trouver que cette forme mortelle est un don du ciel.	Я пришёл к мнению, что моё смертное обличье — это положительный момент.	I have come to consider this mortal shape a privilege.
Conversations/Bank/Caldarus/Relationship Lines/Relationship/post_8h_lines_best_friend/caldarus_post_8h_best_friend_0/1	You have set a good example, [Ari].	Je ne fais que suivre ton exemple, [Ari].	Ты подаёшь хороший пример, [Ari].	You have set a good example, [Ari].
Conversations/Bank/Caldarus/Relationship Lines/Relationship/post_8h_lines_best_friend/caldarus_post_8h_best_friend_0/2	Whether it is tending your farm, working the Mines, or minding your friends... I recognize all that you do, and I admire it.	Que ce soit à la ferme, à la mine ou en compagnie de tes amis... je vois tout ce que tu fais et je suis plein d'admiration.	Когда ты ухажиаешь за фермой, трудишься в шахтах, заботишься о полях... Я ценю все твои свершения и восхищаюсь ими.	Whether it is tending your farm, working the Mines, or minding your friends... I recognize all that you do, and I admire it.
Conversations/Bank/Caldarus/Relationship Lines/Relationship/post_8h_lines_best_friend/caldarus_post_8h_best_friend_0/init	As I grow accustomed to my circumstances, I aspire to spend my days with intention, and gratitude.	À mesure que je m'habitue à ma nouvelle condition, j'aspire à passer mes journées avec constance et reconnaissance.	Я всё больше свыкаюсь со своим положением и стремлюсь наполнить каждый день смыслом и благодарностью.	As I grow accustomed to my circumstances, I aspire to spend my days with intention, and gratitude.
Conversations/Bank/Caldarus/Relationship Lines/Relationship/post_8h_lines_best_friend/caldarus_post_8h_best_friend_1/1	It is as though I was truly there, and yet...	C'est un peu comme si j'étais là, et pourtant...	Такое чувство, будто я правда там был! И всё же...	It is as though I was truly there, and yet...
Conversations/Bank/Caldarus/Relationship Lines/Relationship/post_8h_lines_best_friend/caldarus_post_8h_best_friend_1/10	I wonder if my claws are sharp enough?	Je me demande si mes griffes sont assez aiguisées...	Интересно, достаточно ли остры мои когти?	I wonder if my claws are sharp enough?
Conversations/Bank/Caldarus/Relationship Lines/Relationship/post_8h_lines_best_friend/caldarus_post_8h_best_friend_1/2_eog	I cannot help anticipating my next in-person visit.			I cannot help anticipating my next in-person visit.
Conversations/Bank/Caldarus/Relationship Lines/Relationship/post_8h_lines_best_friend/caldarus_post_8h_best_friend_1/2_eog/prompts/0	You're welcome any time!			You're welcome any time!
Conversations/Bank/Caldarus/Relationship Lines/Relationship/post_8h_lines_best_friend/caldarus_post_8h_best_friend_1/2_eog/prompts/1	I'll have to tidy up first...			I'll have to tidy up first...
Conversations/Bank/Caldarus/Relationship Lines/Relationship/post_8h_lines_best_friend/caldarus_post_8h_best_friend_1/2_n	One day, I should like to visit your farm in person.	Un jour, j'aimerais me rendre à ta ferme en personne.	Однажды я хочу посетить твою ферму лично.	One day, I should like to visit your farm in person.
Conversations/Bank/Caldarus/Relationship Lines/Relationship/post_8h_lines_best_friend/caldarus_post_8h_best_friend_1/2_n/prompts/0	You're welcome any time!	Tu seras toujours le bienvenu !	Приходи, когда захочешь!	You're welcome any time!
Conversations/Bank/Caldarus/Relationship Lines/Relationship/post_8h_lines_best_friend/caldarus_post_8h_best_friend_1/2_n/prompts/1	I'll have to tidy up first...	Il faudra que je fasse un peu de ménage d'abord...	Мне надо сперва прибраться...	I'll have to tidy up first...
Conversations/Bank/Caldarus/Relationship Lines/Relationship/post_8h_lines_best_friend/caldarus_post_8h_best_friend_1/3	Thank you, [Ari].	Merci, [Ari].	Спасибо, [Ari].	Thank you, [Ari].
Conversations/Bank/Caldarus/Relationship Lines/Relationship/post_8h_lines_best_friend/caldarus_post_8h_best_friend_1/4_eog	I enjoy being able to see how your farm changes over time.			I enjoy being able to see how your farm changes over time.
Conversations/Bank/Caldarus/Relationship Lines/Relationship/post_8h_lines_best_friend/caldarus_post_8h_best_friend_1/4_n	I am certain much has changed, and I would be happy to see it.	Je suis sûr qu'elle a dû bien changer et je serais heureux de voir cela.	Несомненно, там много нового, я с удовольствием взгляну.	I am certain much has changed, and I would be happy to see it.
Conversations/Bank/Caldarus/Relationship Lines/Relationship/post_8h_lines_best_friend/caldarus_post_8h_best_friend_1/5_eog	Perhaps I could even lend you a hand sometime. I have never sheared a sheep before.			Perhaps I could even lend you a hand sometime. I have never sheared a sheep before.
Conversations/Bank/Caldarus/Relationship Lines/Relationship/post_8h_lines_best_friend/caldarus_post_8h_best_friend_1/5_n	And perhaps I could even lend you a hand. I have never sheared a sheep before.	Je pourrais même te prêter main-forte, même si je n'ai jamais tondu un mouton.	Возможно, я даже смогу тебе помочь. Я ещё никогда не стриг овец.	And perhaps I could even lend you a hand. I have never sheared a sheep before.
Conversations/Bank/Caldarus/Relationship Lines/Relationship/post_8h_lines_best_friend/caldarus_post_8h_best_friend_1/6	I wonder if my claws are sharp enough?	Je me demande si mes griffes sont assez aiguisées...	Интересно, достаточно ли остры мои когти?	I wonder if my claws are sharp enough?
Conversations/Bank/Caldarus/Relationship Lines/Relationship/post_8h_lines_best_friend/caldarus_post_8h_best_friend_1/7	I will respect your wishes... But your hesitation sparks my curiosity.	Je respecte ta volonté... mais ton hésitation attise ma curiosité.	Я не пойду против твоей воли... Однако твоя нерешительность весьма любопытна.	I will respect your wishes... But your hesitation sparks my curiosity.
Conversations/Bank/Caldarus/Relationship Lines/Relationship/post_8h_lines_best_friend/caldarus_post_8h_best_friend_1/8	I would know every part of you, [Ari].	Je sais tout de toi, [Ari].	Я бы хотел узнать тебя со всех сторон, [Ari].	I would know every part of you, [Ari].
Conversations/Bank/Caldarus/Relationship Lines/Relationship/post_8h_lines_best_friend/caldarus_post_8h_best_friend_1/9	And I would be more than happy to help you on the farm. I have never sheared a sheep before.	Et je me ferais un plaisir de te prêter main-forte à la ferme. Même si je n'ai jamais tondu un mouton, tu sais.	И я с огромным удовольствием помогу тебе на ферме. Я ещё никогда не стриг овец.	And I would be more than happy to help you on the farm. I have never sheared a sheep before.
Conversations/Bank/Caldarus/Relationship Lines/Relationship/post_8h_lines_best_friend/caldarus_post_8h_best_friend_1/init	I was thinking fondly of the days that I spoke to you through my statue on your farm.	Je me souvenais avec tendresse de l'époque où je te parlais par l'intermédiaire de ma statue, à la ferme.	Я с нежностью вспоминаю дни, когда я общался с тобой при помощи статуи у тебя на ферме.	I was thinking fondly of the days that I spoke to you through my statue on your farm.
Conversations/Bank/Caldarus/Relationship Lines/Relationship/post_8h_lines_best_friend/caldarus_post_8h_best_friend_10/1	Time felt like a long, heavy dream. It was not unpleasant, but it lacked shape and structure.	Le temps semblait un rêve long et profond. Rien de désagréable, mais cela manquait de forme et de structure.	Время тогда текло, будто долгий и крепкий сон. Оно не причиняло мне беспокойства, но в этом времени не хватало формы и структуры.	Time felt like a long, heavy dream. It was not unpleasant, but it lacked shape and structure.
Conversations/Bank/Caldarus/Relationship Lines/Relationship/post_8h_lines_best_friend/caldarus_post_8h_best_friend_10/2	Your presence was like the first plucking of a string into a vast silence.	Ta présence a été comme le premier effleurement d'une corde à travers le silence.	Твоё присутствие я ощутил, как первый звук струны среди океана тишины.	Your presence was like the first plucking of a string into a vast silence.
Conversations/Bank/Caldarus/Relationship Lines/Relationship/post_8h_lines_best_friend/caldarus_post_8h_best_friend_10/3	There is no doubt in my mind that only my Dragonsworn could awaken me as you did. Our meeting was kismet.	Je suis convaincu que seul un paladin du dragon aurait pu me réveiller comme tu l'as fait. Notre rencontre était écrite.	В моём сердце нет сомнения, что лишь драконоверному дано так меня пробудить. Наша встреча была предначертана.	There is no doubt in my mind that only my Dragonsworn could awaken me as you did. Our meeting was kismet.
Conversations/Bank/Caldarus/Relationship Lines/Relationship/post_8h_lines_best_friend/caldarus_post_8h_best_friend_10/init	I do not have strong memories from before you repaired my shrine.	J'ai peu de souvenirs du temps avant que tu ne répares mon autel.	Моя память о времени, пока ты не <p>восстановили</p><f>восстановила</f><m>восстановил</m><n>восстановило</n> мой храм, слаба.	I do not have strong memories from before you repaired my shrine.
Conversations/Bank/Caldarus/Relationship Lines/Relationship/post_8h_lines_best_friend/caldarus_post_8h_best_friend_10_alt/1	Time felt like a long, heavy dream. It was not unpleasant, but it lacked shape and structure.			Time felt like a long, heavy dream. It was not unpleasant, but it lacked shape and structure.
Conversations/Bank/Caldarus/Relationship Lines/Relationship/post_8h_lines_best_friend/caldarus_post_8h_best_friend_10_alt/2	Your presence was like the first plucking of a string into a vast silence.			Your presence was like the first plucking of a string into a vast silence.
Conversations/Bank/Caldarus/Relationship Lines/Relationship/post_8h_lines_best_friend/caldarus_post_8h_best_friend_10_alt/3	There is no doubt in my mind that only my Dragonsworn could awaken me as you did. Our meeting was kismet.			There is no doubt in my mind that only my Dragonsworn could awaken me as you did. Our meeting was kismet.
Conversations/Bank/Caldarus/Relationship Lines/Relationship/post_8h_lines_best_friend/caldarus_post_8h_best_friend_10_alt/init	It feels strange to recall memories from before you repaired my shrine.			It feels strange to recall memories from before you repaired my shrine.
Conversations/Bank/Caldarus/Relationship Lines/Relationship/post_8h_lines_best_friend/caldarus_post_8h_best_friend_2/1	But you have no duty to visit me, nor to bring me gifts.	Mais rien ne t'oblige à venir me voir ou à m'apporter des offrandes.	Но у тебя нет долга навещать меня и дарить мне подарки.	But you have no duty to visit me, nor to bring me gifts.
Conversations/Bank/Caldarus/Relationship Lines/Relationship/post_8h_lines_best_friend/caldarus_post_8h_best_friend_2/2	It pleases me to know that our bond goes beyond obligation.	Cela me réchauffe le cœur de savoir que nos liens dépassent la seule obligation.	Мне приятно знать, что наша связь глубже, чем простые обязанности.	It pleases me to know that our bond goes beyond obligation.
Conversations/Bank/Caldarus/Relationship Lines/Relationship/post_8h_lines_best_friend/caldarus_post_8h_best_friend_2/init	It is a Dragonsworn's duty to answer the call in a time of need...	Le devoir d'un paladin du dragon est de répondre présent en cas de besoin...	Долг драконоверного — прийти на зов, когда настанет трудный час...	It is a Dragonsworn's duty to answer the call in a time of need...
Conversations/Bank/Caldarus/Relationship Lines/Relationship/post_8h_lines_best_friend/caldarus_post_8h_best_friend_3/1	Humans are so delicate and susceptible to the elements...	Les humains sont si fragiles et si vulnérables face aux éléments...	Люди так хрупки и беззащитны перед лицом сил природы...	Humans are so delicate and susceptible to the elements...
Conversations/Bank/Caldarus/Relationship Lines/Relationship/post_8h_lines_best_friend/caldarus_post_8h_best_friend_3/2	Why do you suppose they did not come to grow great scales, as dragons do? Surely this would be a marvelous adaptation.	À ton avis, pourquoi n'ont-ils pas d'écailles comme les dragons ? Ce serait une adaptation bienvenue.	Почему, на твой взгляд, они не обзавелись прочной чешуёй, как драконы? Это была бы превосходная адаптация.	Why do you suppose they did not come to grow great scales, as dragons do? Surely this would be a marvelous adaptation.
Conversations/Bank/Caldarus/Relationship Lines/Relationship/post_8h_lines_best_friend/caldarus_post_8h_best_friend_3/2/prompts/0	Well, we make clothing and armor instead.	Eh bien, on fait des vêtements et des armures.	Ну, вместо этого у нас есть одежда и доспехи.	Well, we make clothing and armor instead.
Conversations/Bank/Caldarus/Relationship Lines/Relationship/post_8h_lines_best_friend/caldarus_post_8h_best_friend_3/2/prompts/1	Scales would be really helpful, to be honest...	C'est vrai que ce serait pratique d'avoir des écailles...	Честно говоря, чешуя бы правда не помешала...	Scales would be really helpful, to be honest...
Conversations/Bank/Caldarus/Relationship Lines/Relationship/post_8h_lines_best_friend/caldarus_post_8h_best_friend_3/3	Yes, of course... the ingenuity of the human mind.	Oui, bien entendu... Le génie de l'esprit humain.	Ах, да, конечно... В этом острота человеческого разума.	Yes, of course... the ingenuity of the human mind.
Conversations/Bank/Caldarus/Relationship Lines/Relationship/post_8h_lines_best_friend/caldarus_post_8h_best_friend_3/4	To overcome any obstacle with innovation and craft.	Surmonter les obstacles grâce à l'innovation et la technologie.	Он позволяет превозмочь любые препятствия с помощью изобретательности и мастерства.	To overcome any obstacle with innovation and craft.
Conversations/Bank/Caldarus/Relationship Lines/Relationship/post_8h_lines_best_friend/caldarus_post_8h_best_friend_3/5	I do hope that you next learn to build wings. I cannot currently assist as I am, but I very much recommend the experience of flight.	J'espère que vous apprendrez bientôt à fabriquer des ailes. Je ne peux pas vous aider, mais je conseille vivement d'essayer le vol.	Я надеюсь, что следующим вашим изобретением будут крылья. В моей нынешней форме я ничем не могу помочь, но испытать полёт я очень рекомендую.	I do hope that you next learn to build wings. I cannot currently assist as I am, but I very much recommend the experience of flight.
Conversations/Bank/Caldarus/Relationship Lines/Relationship/post_8h_lines_best_friend/caldarus_post_8h_best_friend_3/6	Speaking from personal experience, I highly recommend it.	Je parle d'expérience en le recommandant vivement.	Очень советую, опробовал на личном опыте.	Speaking from personal experience, I highly recommend it.
Conversations/Bank/Caldarus/Relationship Lines/Relationship/post_8h_lines_best_friend/caldarus_post_8h_best_friend_3/7	Though I believe that humans can overcome any obstacle with their innovation and craft.	Même si je sais les humains capables de surmonter les obstacles grâce à l'innovation et la technologie.	Хотя я уверен, что люди способны превозмочь любые препятствия с помощью изобретательности и мастерства.	Though I believe that humans can overcome any obstacle with their innovation and craft.
Conversations/Bank/Caldarus/Relationship Lines/Relationship/post_8h_lines_best_friend/caldarus_post_8h_best_friend_3/8	I do hope that you next learn to build wings. I cannot currently assist as I am, but I very much recommend the experience of flight.	J'espère que vous apprendrez bientôt à fabriquer des ailes. Je ne peux pas vous aider, mais je conseille vivement d'essayer le vol.	Я надеюсь, что следующим вашим изобретением будут крылья. В моей нынешней форме я ничем не могу помочь, но испытать полёт я очень рекомендую.	I do hope that you next learn to build wings. I cannot currently assist as I am, but I very much recommend the experience of flight.
Conversations/Bank/Caldarus/Relationship Lines/Relationship/post_8h_lines_best_friend/caldarus_post_8h_best_friend_3/init	Ah, [Ari]. My apologies, I was just ruminating on a strange thought.	Ah, [Ari]. Pardonne-moi, mais je ressassais une drôle de pensée.	А, [Ari]. Прошу прощения, мне не даёт покоя одна странная мысль.	Ah, [Ari]. My apologies, I was just ruminating on a strange thought.
Conversations/Bank/Caldarus/Relationship Lines/Relationship/post_8h_lines_best_friend/caldarus_post_8h_best_friend_4/1	It touches my heart.	Cela me touche profondément.	Это согревает мне сердце.	It touches my heart.
Conversations/Bank/Caldarus/Relationship Lines/Relationship/post_8h_lines_best_friend/caldarus_post_8h_best_friend_4/2	I hope that you will continue to indulge me.	J'espère que tu continueras à me faire ce plaisir.	Надеюсь, ты продолжишь баловать меня своими визитами.	I hope that you will continue to indulge me.
Conversations/Bank/Caldarus/Relationship Lines/Relationship/post_8h_lines_best_friend/caldarus_post_8h_best_friend_4/init	You go to such lengths to visit me, knowing that I cannot return the favor.	Tu te donnes de la peine pour me rendre visite, alors que je ne peux pas te rendre la pareille.	Ты не жалеешь времени навещать меня, даже зная, что я не могу отплатить тебе тем же.	You go to such lengths to visit me, knowing that I cannot return the favor.
Conversations/Bank/Caldarus/Relationship Lines/Relationship/post_8h_lines_best_friend/caldarus_post_8h_best_friend_4_alt/1	It touches my heart to think of it.			It touches my heart to think of it.
Conversations/Bank/Caldarus/Relationship Lines/Relationship/post_8h_lines_best_friend/caldarus_post_8h_best_friend_4_alt/2	Now that I may roam freely, I intend to return the favor.			Now that I may roam freely, I intend to return the favor.
Conversations/Bank/Caldarus/Relationship Lines/Relationship/post_8h_lines_best_friend/caldarus_post_8h_best_friend_4_alt/init	In the past, you went through such lengths to visit me at home in the $Deep Woods$...			In the past, you went through such lengths to visit me at home in the $Deep Woods$...
Conversations/Bank/Caldarus/Relationship Lines/Relationship/post_8h_lines_best_friend/caldarus_post_8h_best_friend_5/1	Bearing such a tempo alone can make the soul feel heavy...	Vivre à ce rythme sans autre compagnie que soi-même peut appesantir l'âme...	Если держать такой ритм в одиночестве, на душе может появиться тяжесть...	Bearing such a tempo alone can make the soul feel heavy...
Conversations/Bank/Caldarus/Relationship Lines/Relationship/post_8h_lines_best_friend/caldarus_post_8h_best_friend_5/2	But in your company, that slowness becomes welcoming, and that time begins to feel quite leisurely. Even pleasurable.	Mais avec toi, cette langueur est agréable, et ces moments deviennent paisibles. Plaisants même.	Но в твоей компании эта тягучесть времени становится приятной и приносит расслабление. И даже удовольствие.	But in your company, that slowness becomes welcoming, and that time begins to feel quite leisurely. Even pleasurable.
Conversations/Bank/Caldarus/Relationship Lines/Relationship/post_8h_lines_best_friend/caldarus_post_8h_best_friend_5/init	Here in the heart of the Deep Woods, the passage of time can come to feel slow and deliberate.	Ici, au cœur de Boissombre, le passage du temps peut paraître lent et accablant.	Здесь, в сердце Глубокой чащи, ход времени начинает казаться размеренным и неторопливым.	Here in the heart of the Deep Woods, the passage of time can come to feel slow and deliberate.
Conversations/Bank/Caldarus/Relationship Lines/Relationship/post_8h_lines_best_friend/caldarus_post_8h_best_friend_6/1	Please, accept this =Spirit Mushroom Tea=, from my hearth.	Je te prie d'accepter ce =thé au cérébolet= pour te réchauffer.	Пожалуйста, прими этот =чай из призрачных грибов= с моего очага.	Please, accept this =Spirit Mushroom Tea=, from my hearth.
Conversations/Bank/Caldarus/Relationship Lines/Relationship/post_8h_lines_best_friend/caldarus_post_8h_best_friend_6/2	It is possible the tea leaves have oversteeped... but I hope it will warm you, body and mind.	Il est possible qu'il ait un peu trop infusé... mais j'espère qu'il te réchauffera aussi bien le corps que l'esprit.	Возможно, листья чая уже перезаварились... Но я надеюсь, он отогреет твоё тело и разум.	It is possible the tea leaves have oversteeped... but I hope it will warm you, body and mind.
Conversations/Bank/Caldarus/Relationship Lines/Relationship/post_8h_lines_best_friend/caldarus_post_8h_best_friend_6/init	The winter can be a hardship, even for a dragon. Are you not cold, [Ari]?	L'hiver peut s'avérer une épreuve, même pour un dragon. Tu n'as pas froid, [Ari] ?	Зима — нелёгкое время даже для дракона. Тебе не холодно, [Ari]?	The winter can be a hardship, even for a dragon. Are you not cold, [Ari]?
Conversations/Bank/Caldarus/Relationship Lines/Relationship/post_8h_lines_best_friend/caldarus_post_8h_best_friend_7/1	Luc has a knowledge of the natural world, and can read the signs of insects to infer much.	Luc a une telle compréhension de la nature. Il sait déchiffrer les signes des insectes.	Люк — настоящий эксперт в естествознании. Он многое может выяснить по повадкам насекомых.	Luc has a knowledge of the natural world, and can read the signs of insects to infer much.
Conversations/Bank/Caldarus/Relationship Lines/Relationship/post_8h_lines_best_friend/caldarus_post_8h_best_friend_7/10_eog	And I was excited to meet them! Such delightful children.			And I was excited to meet them! Such delightful children.
Conversations/Bank/Caldarus/Relationship Lines/Relationship/post_8h_lines_best_friend/caldarus_post_8h_best_friend_7/10_n	And I would be excited to meet them. I am delighted by children.	Je serais heureux de les rencontrer moi aussi. J'aime beaucoup les enfants.	А я был бы рад познакомиться с ними. Мне нравится общаться с детьми.	And I would be excited to meet them. I am delighted by children.
Conversations/Bank/Caldarus/Relationship Lines/Relationship/post_8h_lines_best_friend/caldarus_post_8h_best_friend_7/11	They keep the rest of us young...	C'est grâce que nous restons jeunes...	Дети и в нас поддерживают молодость...	They keep the rest of us young...
Conversations/Bank/Caldarus/Relationship Lines/Relationship/post_8h_lines_best_friend/caldarus_post_8h_best_friend_7/12	They surprise even scholars with their wisdom...	Et leur sagesse surprend parfois les érudits...	Неожиданной мудростью они могут удивить и учёных...	They surprise even scholars with their wisdom...
Conversations/Bank/Caldarus/Relationship Lines/Relationship/post_8h_lines_best_friend/caldarus_post_8h_best_friend_7/13	And they remind us of what is important.	Ils nous rappellent ce qui est important.	А ещё они напоминают нам о самом главном.	And they remind us of what is important.
Conversations/Bank/Caldarus/Relationship Lines/Relationship/post_8h_lines_best_friend/caldarus_post_8h_best_friend_7/14	A land with happy children is a good land indeed. That is what Mistria is, and it pleases me to see it.	Une terre où les enfants sont heureux est un endroit béni. C'est le cas de Mistria et j'en suis ravi.	Место, где дети счастливы, — это хорошее место. Мне отрадно видеть, что Мистрия именно такова.	A land with happy children is a good land indeed. That is what Mistria is, and it pleases me to see it.
Conversations/Bank/Caldarus/Relationship Lines/Relationship/post_8h_lines_best_friend/caldarus_post_8h_best_friend_7/2	Maple grasps the undercurrents of power in the mortal world.	Maple comprend les jeux de pouvoir qui sous-tendent le monde des mortels.	Мэйпл знает, как устроены скрытые законы власти в мире смертных.	Maple grasps the undercurrents of power in the mortal world.
Conversations/Bank/Caldarus/Relationship Lines/Relationship/post_8h_lines_best_friend/caldarus_post_8h_best_friend_7/3	And Dell's courage binds them in fellowship.	Et le courage de Dell cimente leur amitié.	Их союз прочно скрепляет храбрость Делл.	And Dell's courage binds them in fellowship.
Conversations/Bank/Caldarus/Relationship Lines/Relationship/post_8h_lines_best_friend/caldarus_post_8h_best_friend_7/4	Together, they have established a Dragonguard at such a young age... and each of them brings their unique skills to the fore.	Ensemble et malgré leur jeunesse, ils ont formé une Garde des dragons... et chacun y apporte ses compétences.	В таком юном возрасте они создали свою Драконью стражу... в которой каждый проявляет уникальные навыки.	Together, they have established a Dragonguard at such a young age... and each of them brings their unique skills to the fore.
Conversations/Bank/Caldarus/Relationship Lines/Relationship/post_8h_lines_best_friend/caldarus_post_8h_best_friend_7/5_eog	The first Dragonguard would be proud to see their traditions upheld.			The first Dragonguard would be proud to see their traditions upheld.
Conversations/Bank/Caldarus/Relationship Lines/Relationship/post_8h_lines_best_friend/caldarus_post_8h_best_friend_7/5_eog/prompts/0	Wait... the Dragonguard was real?			Wait... the Dragonguard was real?
Conversations/Bank/Caldarus/Relationship Lines/Relationship/post_8h_lines_best_friend/caldarus_post_8h_best_friend_7/5_eog/prompts/1	They were so excited to meet you!			They were so excited to meet you!
Conversations/Bank/Caldarus/Relationship Lines/Relationship/post_8h_lines_best_friend/caldarus_post_8h_best_friend_7/5_n	The first Dragonguard would be proud to see their traditions upheld.	La première Garde des dragons serait heureuse de voir leurs traditions se perpétuer.	Первая Драконья стража могла бы гордиться тем, как блюдут их традиции.	The first Dragonguard would be proud to see their traditions upheld.
Conversations/Bank/Caldarus/Relationship Lines/Relationship/post_8h_lines_best_friend/caldarus_post_8h_best_friend_7/5_n/prompts/0	Wait... the Dragonguard was real?	Comment...? La Garde des dragons a vraiment existé ?	Погоди... Драконья стража правда существовала?	Wait... the Dragonguard was real?
Conversations/Bank/Caldarus/Relationship Lines/Relationship/post_8h_lines_best_friend/caldarus_post_8h_best_friend_7/5_n/prompts/1	They would be so excited to meet you.	Ils seraient si heureux de te rencontrer.	Они бы так обрадовались, если бы могли с тобой познакомиться.	They would be so excited to meet you.
Conversations/Bank/Caldarus/Relationship Lines/Relationship/post_8h_lines_best_friend/caldarus_post_8h_best_friend_7/6	Oh yes.	Oh oui.	О, да.	Oh yes.
Conversations/Bank/Caldarus/Relationship Lines/Relationship/post_8h_lines_best_friend/caldarus_post_8h_best_friend_7/7_eog	Curiously, they also began as a group of childhood friends.			Curiously, they also began as a group of childhood friends.
Conversations/Bank/Caldarus/Relationship Lines/Relationship/post_8h_lines_best_friend/caldarus_post_8h_best_friend_7/7_n	I do not remember much, but they also began as a group of childhood friends.	Mon souvenir est assez vague, mais ils étaient amis d'enfance, eux aussi.	Я немногое помню, но они тоже начинали в детстве как группа друзей.	I do not remember much, but they also began as a group of childhood friends.
Conversations/Bank/Caldarus/Relationship Lines/Relationship/post_8h_lines_best_friend/caldarus_post_8h_best_friend_7/8	Though I think Dell, Maple and Luc... may have more of a penchant for mischief.	Même si je crois que Dell, Maple et Luc... ont un penchant plus marqué pour les bêtises.	Хотя, кажется, Делл, Мэйпл и Люк... более склонны к шалостям.	Though I think Dell, Maple and Luc... may have more of a penchant for mischief.
Conversations/Bank/Caldarus/Relationship Lines/Relationship/post_8h_lines_best_friend/caldarus_post_8h_best_friend_7/9	Oh, a land with happy children is a good land indeed. That is what Mistria is, and it pleases me to see it.	Oh, une terre où les enfants sont heureux est un endroit béni. C'est le cas de Mistria et j'en suis ravi.	Но место, где дети счастливы, — это хорошее место. Мне отрадно видеть, что Мистрия именно такова.	Oh, a land with happy children is a good land indeed. That is what Mistria is, and it pleases me to see it.
Conversations/Bank/Caldarus/Relationship Lines/Relationship/post_8h_lines_best_friend/caldarus_post_8h_best_friend_7/init	The children of Mistria... they fascinate me.	Les enfants de Mistria... me fascinent.	Мистрийские дети... меня просто восхищают.	The children of Mistria... they fascinate me.
Conversations/Bank/Caldarus/Relationship Lines/Relationship/post_8h_lines_best_friend/caldarus_post_8h_best_friend_8/1	However, humans are quite different. They have learned to cultivate and savor the world around them.	Mais, les humains sont bien différents. Ils ont appris à cultiver ce qui les entoure et à apprécier ces cultures.	Однако люди существенно отличаются. Они окультурили окружающий мир и научились наслаждаться его вкусами.	However, humans are quite different. They have learned to cultivate and savor the world around them.
Conversations/Bank/Caldarus/Relationship Lines/Relationship/post_8h_lines_best_friend/caldarus_post_8h_best_friend_8/2	Now I, too, have come to appreciate the omnivorous delights of the human world. It is my wish to experience all it has to offer.	Moi aussi, j'ai appris à aimer les délices omnivores qu'offre le monde des humains. Et je souhaite goûter à tout ce qu'on a à me proposer.	А теперь и я перенял всеядные удовольствия мира людей. И я бы хотел бы испытать все его грани.	Now I, too, have come to appreciate the omnivorous delights of the human world. It is my wish to experience all it has to offer.
Conversations/Bank/Caldarus/Relationship Lines/Relationship/post_8h_lines_best_friend/caldarus_post_8h_best_friend_8/2/prompts/0	I'll have to cook for you more often!	Il faudra que je te fasse la cuisine plus souvent !	Мне надо готовить для тебя почаще!	I'll have to cook for you more often!
Conversations/Bank/Caldarus/Relationship Lines/Relationship/post_8h_lines_best_friend/caldarus_post_8h_best_friend_8/2/prompts/1	What did you eat before?	Que mangeais-tu avant ?	А чем ты питался до этого?	What did you eat before?
Conversations/Bank/Caldarus/Relationship Lines/Relationship/post_8h_lines_best_friend/caldarus_post_8h_best_friend_8/3	Truly?	Vraiment ?	В самом деле?	Truly?
Conversations/Bank/Caldarus/Relationship Lines/Relationship/post_8h_lines_best_friend/caldarus_post_8h_best_friend_8/4	I am not picky. Due to my culinary misfortunes, I have learned to eat any dish in front of me, no matter how charred.	Je ne suis pas difficile. Du fait de mes péripéties culinaires, j'ai appris à manger ce qu'il y avait dans mon assiette, même si c'est complètement brûlé.	Я непривередлив. Вследствие моих неудач в кулинарии я привык есть любое блюдо. Не важно, насколько оно сгорело.	I am not picky. Due to my culinary misfortunes, I have learned to eat any dish in front of me, no matter how charred.
Conversations/Bank/Caldarus/Relationship Lines/Relationship/post_8h_lines_best_friend/caldarus_post_8h_best_friend_8/5	I look forward to whatever you may bring. Anything made by your hand is something to savor.	J'ai hâte de voir ce que tu apporteras. Tout ce que tu prépares est toujours un régal.	Я с удовольствем приму всё, что ты принесёшь. Вещи, сделанные твоими руками, следует ценить.	I look forward to whatever you may bring. Anything made by your hand is something to savor.
Conversations/Bank/Caldarus/Relationship Lines/Relationship/post_8h_lines_best_friend/caldarus_post_8h_best_friend_8/6	I recall eating a great number of fish, fresh from the water and uncooked.	Je me rappelle que je mangeais beaucoup de poisson cru, à peine sorti de l'eau.	Помню, что я ел большое количество рыбы — сырой, прямиком из воды.	I recall eating a great number of fish, fresh from the water and uncooked.
Conversations/Bank/Caldarus/Relationship Lines/Relationship/post_8h_lines_best_friend/caldarus_post_8h_best_friend_8/7	However, humans have a similar dish, do they not?	Les humains mangent un peu la même chose, non ?	Но и у людей встречаются подобные блюда, правда?	However, humans have a similar dish, do they not?
Conversations/Bank/Caldarus/Relationship Lines/Relationship/post_8h_lines_best_friend/caldarus_post_8h_best_friend_8/8	Though now that I have experienced the artistry of sashimi, it would be difficult to return to eating them unprepared.	Après avoir testé cette merveille que sont les sashimis, j'aurais du mal à me contenter à nouveau de poisson tel quel.	Но теперь, когда я познакомился с искусно приготовленными сасими, возвращаться к неприготовленной рыбе не хочется.	Though now that I have experienced the artistry of sashimi, it would be difficult to return to eating them unprepared.
Conversations/Bank/Caldarus/Relationship Lines/Relationship/post_8h_lines_best_friend/caldarus_post_8h_best_friend_8/init	In nature, most creatures only have the means to eat a small variety of things. The bird eats an insect, while the insect eats a leaf.	Dans la nature, la plupart des créatures ne se nourrissent que d'une sélection restreinte d'aliments. L'oiseau mange l'insecte et l'insecte, lui, se nourrit de feuilles.	Большинство созданий в природе способны питаться лишь небольшим набором вещей. Птица ест насекомое, а насекомое жуёт листву.	In nature, most creatures only have the means to eat a small variety of things. The bird eats an insect, while the insect eats a leaf.
Conversations/Bank/Caldarus/Relationship Lines/Relationship/post_8h_lines_best_friend/caldarus_post_8h_best_friend_9/1	You see, a neighbor has taken to singing quite enthusiastically in the small hours.	Un de mes voisins a pris pour habitude de chanter sans retenue dès potron-minet.	Видишь ли, один мой сосед в ранние часы принимается увлечённо петь.	You see, a neighbor has taken to singing quite enthusiastically in the small hours.
Conversations/Bank/Caldarus/Relationship Lines/Relationship/post_8h_lines_best_friend/caldarus_post_8h_best_friend_9/2	Unfortunately, this has made my sleep light and my mornings haunted by fatigue.	Mon sommeil s'en trouve perturbé et je trouve les matinées difficiles.	К несчастью, от этого мой сон уменьшился, и мои утра теперь наполнены усталостью.	Unfortunately, this has made my sleep light and my mornings haunted by fatigue.
Conversations/Bank/Caldarus/Relationship Lines/Relationship/post_8h_lines_best_friend/caldarus_post_8h_best_friend_9/2/prompts/0	I'll help however I can!	Je vais t'aider !	Я <p>готовы</p><f>готова</f><m>готов</m><n>готово</n> помочь чем смогу!	I'll help however I can!
Conversations/Bank/Caldarus/Relationship Lines/Relationship/post_8h_lines_best_friend/caldarus_post_8h_best_friend_9/2/prompts/1	Wait, you have neighbors?	Tu as des voisins maintenant ?	Погоди, у тебя есть соседи?	Wait, you have neighbors?
Conversations/Bank/Caldarus/Relationship Lines/Relationship/post_8h_lines_best_friend/caldarus_post_8h_best_friend_9/3	You have my gratitude, [Ari].	Je te remercie, [Ari].	Благодарю тебя, [Ari].	You have my gratitude, [Ari].
Conversations/Bank/Caldarus/Relationship Lines/Relationship/post_8h_lines_best_friend/caldarus_post_8h_best_friend_9/4	You see, all creatures of the Deep Woods coexist alongside me quite peacefully.	Toutes les créatures de Boissombre vivent à mes côtés sans problème.	Понимаешь, все обитатели Глубокой чащи соседствует со мной вполне мирно.	You see, all creatures of the Deep Woods coexist alongside me quite peacefully.
Conversations/Bank/Caldarus/Relationship Lines/Relationship/post_8h_lines_best_friend/caldarus_post_8h_best_friend_9/5	However, if one decides to take up residence underneath my bed, I feel I have the authority to evict them.	Mais si l'une d'elles décide d'élire domicile sous mon lit, j'estime avoir le droit de l'en chasser.	Однако, если кто-то решит поселиться под моей кроватью, мне кажется, у меня есть право их изгнать.	However, if one decides to take up residence underneath my bed, I feel I have the authority to evict them.
Conversations/Bank/Caldarus/Relationship Lines/Relationship/post_8h_lines_best_friend/caldarus_post_8h_best_friend_9/6	Perhaps you will know what to do with this one?	Peut-être sauras-tu quoi faire d'elle ?	Может, ты знаешь, что с ним делать?	Perhaps you will know what to do with this one?
Conversations/Bank/Caldarus/Relationship Lines/Relationship/post_8h_lines_best_friend/caldarus_post_8h_best_friend_9/7	Oh, yes. All creatures of the Deep Woods are my neighbors. We coexist quite peacefully.	Bien entendu. Toutes les créatures de Boissombre sont mes voisins. Nous coexistons en toute tranquillité.	О, да. Все обитатели Глубокой чащи — мои соседи. Мы вполне мирно сосуществуем.	Oh, yes. All creatures of the Deep Woods are my neighbors. We coexist quite peacefully.
Conversations/Bank/Caldarus/Relationship Lines/Relationship/post_8h_lines_best_friend/caldarus_post_8h_best_friend_9/8	However, if one decides to take up residence underneath my bed, I feel I have the authority to evict them.	Mais si l'une d'elles décide d'élire domicile sous mon lit, j'estime avoir le droit de l'en chasser.	Однако, если кто-то решит поселиться под моей кроватью, мне кажется, у меня есть право их изгнать.	However, if one decides to take up residence underneath my bed, I feel I have the authority to evict them.
Conversations/Bank/Caldarus/Relationship Lines/Relationship/post_8h_lines_best_friend/caldarus_post_8h_best_friend_9/9	Perhaps you will know what to do with this one?	Peut-être sauras-tu quoi faire d'elle ?	Может, ты знаешь, что с ними делать?	Perhaps you will know what to do with this one?
Conversations/Bank/Caldarus/Relationship Lines/Relationship/post_8h_lines_best_friend/caldarus_post_8h_best_friend_9/init	As of late, I have had... what one might call a social issue.	Ces derniers temps, j'ai... ce que l'on pourrait appeler un problème de cohabitation.	В последнее время у меня... как бы сказать, трудности в общении.	As of late, I have had... what one might call a social issue.
Conversations/Bank/Caldarus/Relationship Lines/Relationship/post_8h_lines_romantic/caldarus_post_8h_romantic_0/1	Now I may admire you as I please, and touch you without fear of doing harm.	Maintenant, je peux t'admirer à ma guise et te toucher sans craindre de te blesser.	Я получил возможность любоваться твоим видом и касаться тебя, не страшась навредить.	Now I may admire you as I please, and touch you without fear of doing harm.
Conversations/Bank/Caldarus/Relationship Lines/Relationship/post_8h_lines_romantic/caldarus_post_8h_romantic_0/2	While adapting to this form has had its challenges, that alone has made it worthwhile.	Même si m'approprier ce corps a recelé son lot de difficulté, cela en valait la peine, rien que pour cela.	Освоиться в этом теле было непросто, но одна лишь эта возможность — уже достаточная причина.	While adapting to this form has had its challenges, that alone has made it worthwhile.
Conversations/Bank/Caldarus/Relationship Lines/Relationship/post_8h_lines_romantic/caldarus_post_8h_romantic_0/init	I have become quite grateful to this form and stature.	Je commence à m'habituer à cette nouvelle forme.	Нынешняя форма и сложение моего тела всё более меня радуют.	I have become quite grateful to this form and stature.
Conversations/Bank/Caldarus/Relationship Lines/Relationship/post_8h_lines_romantic/caldarus_post_8h_romantic_1/1	I know much of the town and its people, but have yet to experience the modern world directly.	Je connais bien la ville et ses habitants, mais il me reste à me confronter au monde moderne.	Я много знаю об этом городе и его жителях, но ещё не взаимодействовал с современным миром лично.	I know much of the town and its people, but have yet to experience the modern world directly.
Conversations/Bank/Caldarus/Relationship Lines/Relationship/post_8h_lines_romantic/caldarus_post_8h_romantic_1/2	Tell me, once I am strong enough to leave this place... what would you like to do first?	Dis-moi, une fois que j'aurai la force de quitter cet endroit, qu'aimerais-tu faire en premier ?	Скажи мне: когда я накоплю силы и смогу покинуть это место... что нам стоит сделать в первую очередь?	Tell me, once I am strong enough to leave this place... what would you like to do first?
Conversations/Bank/Caldarus/Relationship Lines/Relationship/post_8h_lines_romantic/caldarus_post_8h_romantic_1/2/prompts/0	I would introduce you to all of my friends in town!	Je te présenterai à tous mes amis en ville.	Хочу представить тебя всем моим друзьям!	I would introduce you to all of my friends in town!
Conversations/Bank/Caldarus/Relationship Lines/Relationship/post_8h_lines_romantic/caldarus_post_8h_romantic_1/2/prompts/1	I would bring you to my farmhouse and cook dinner for you.	Je t'emmènerai à ma ferme et je te préparerai un bon repas.	Хочу привести тебя к себе на ферму и угостить обедом.	I would bring you to my farmhouse and cook dinner for you.
Conversations/Bank/Caldarus/Relationship Lines/Relationship/post_8h_lines_romantic/caldarus_post_8h_romantic_1/3	That would be a delight.	J'en serai ravi.	Это было бы славно.	That would be a delight.
Conversations/Bank/Caldarus/Relationship Lines/Relationship/post_8h_lines_romantic/caldarus_post_8h_romantic_1/4	It would gladden my heart to finally meet those you cherish most.	Je serais heureux d'enfin rencontrer les personnes chères à ton cœur.	Наконец-то познакомиться с теми, кто тебе близок, — отрада моему сердцу.	It would gladden my heart to finally meet those you cherish most.
Conversations/Bank/Caldarus/Relationship Lines/Relationship/post_8h_lines_romantic/caldarus_post_8h_romantic_1/5	And I believe that understanding how others embrace you would teach me much of your heart.	Je crois que comprendre les liens qui t'unissent aux autres m'aideront à mieux cerner ton cœur.	Кроме того, наблюдая, как тебя принимают другие, я смогу лучше понять твоё сердце.	And I believe that understanding how others embrace you would teach me much of your heart.
Conversations/Bank/Caldarus/Relationship Lines/Relationship/post_8h_lines_romantic/caldarus_post_8h_romantic_1/6	Being welcomed into your den and indulged by the fruits of your labor... It would be a great honor.	Être accueilli dans ta demeure et déguster les fruits de ton labeur... J'en serais honoré.	Получить приглашение в твоё жилище и вкусить плоды твоих трудов... Это была бы большая честь для меня.	Being welcomed into your den and indulged by the fruits of your labor... It would be a great honor.
Conversations/Bank/Caldarus/Relationship Lines/Relationship/post_8h_lines_romantic/caldarus_post_8h_romantic_1/7	I would make certain to repay the favor in any way you desired.	Je veillerai à te rendre la pareille de la façon qui te plaira.	За такую щедрость я бы непременно отплатил, чем только пожелаешь.	I would make certain to repay the favor in any way you desired.
Conversations/Bank/Caldarus/Relationship Lines/Relationship/post_8h_lines_romantic/caldarus_post_8h_romantic_1/init	I have long thought on the state of Mistria outside the confines of the Deep Woods...	J'ai longuement réfléchi à Mistria, au-delà des confins de Boissombre...	Я долго размышлял о состоянии Мистрии за пределами Глубокой чащи.	I have long thought on the state of Mistria outside the confines of the Deep Woods...
Conversations/Bank/Caldarus/Relationship Lines/Relationship/post_8h_lines_romantic/caldarus_post_8h_romantic_10/1	In most regards, I am in fact, quite dextrous.	En règle générale, je suis plutôt doué de mes mains.	В большинстве задач я, вообще-то, весьма ловок.	In most regards, I am in fact, quite dextrous.
Conversations/Bank/Caldarus/Relationship Lines/Relationship/post_8h_lines_romantic/caldarus_post_8h_romantic_10/init	Please do not mistake my ineptitude in the kitchen for clumsiness.	Ne prends pas mon inexpérience en cuisine pour de la maladresse.	Пожалуйста, не прими мою кулинарную некомпетентность за неуклюжесть.	Please do not mistake my ineptitude in the kitchen for clumsiness.
Conversations/Bank/Caldarus/Relationship Lines/Relationship/post_8h_lines_romantic/caldarus_post_8h_romantic_11/1	Do not be shy. There is no question that you cannot ask me.	Ne sois pas timide. Tu peux me poser toutes les questions que tu veux.	Не стесняйся. Ты можешь задать мне любой вопрос.	Do not be shy. There is no question that you cannot ask me.
Conversations/Bank/Caldarus/Relationship Lines/Relationship/post_8h_lines_romantic/caldarus_post_8h_romantic_11/1/prompts/0	Can I touch your tail?	Puis-je toucher tes griffes ?	Можно потрогать твой хвост?	Can I touch your tail?
Conversations/Bank/Caldarus/Relationship Lines/Relationship/post_8h_lines_romantic/caldarus_post_8h_romantic_11/1/prompts/1	Well, I've wondered what your horns are like.	J'aimerais voir tes cornes de plus près.	Ну, я размышляю, какие у тебя рога.	Well, I've wondered what your horns are like.
Conversations/Bank/Caldarus/Relationship Lines/Relationship/post_8h_lines_romantic/caldarus_post_8h_romantic_11/2	My tail? Ahahaha. Of course.	Mes griffes ? Ha ha ha. Bien sûr.	Мой хвост? А-ха-ха-ха. Конечно.	My tail? Ahahaha. Of course.
Conversations/Bank/Caldarus/Relationship Lines/Relationship/post_8h_lines_romantic/caldarus_post_8h_romantic_11/3	You are indeed a curious one, [Ari].	Tu es vraiment quelqu'un de curieux, [Ari].	Ты и вправду любопытное создание, [Ari].	You are indeed a curious one, [Ari].
Conversations/Bank/Caldarus/Relationship Lines/Relationship/post_8h_lines_romantic/caldarus_post_8h_romantic_11/4	As your mate, it is proper that I should return the gesture, but-	Étant ton partenaire, je dois te rendre la pareille, mais...	Как твоему партнёру мне полагается совершить ответный жест, но...	As your mate, it is proper that I should return the gesture, but-
Conversations/Bank/Caldarus/Relationship Lines/Relationship/post_8h_lines_romantic/caldarus_post_8h_romantic_11/5	Well, you will have to suggest an appropriate substitute.	Tu devras m'indiquer un endroit qui te paraît convenir...	Видимо, тебе придётся предложить альтернативу.	Well, you will have to suggest an appropriate substitute.
Conversations/Bank/Caldarus/Relationship Lines/Relationship/post_8h_lines_romantic/caldarus_post_8h_romantic_11/6	My... horns? Ahahaha.	Mes... cornes ? Ha ha ha !	Мои... рога? А-ха-ха-ха.	My... horns? Ahahaha.
Conversations/Bank/Caldarus/Relationship Lines/Relationship/post_8h_lines_romantic/caldarus_post_8h_romantic_11/7	You may take a closer look, if you like.	Tu peux les regarder de plus près, si tu veux.	Ты можешь посмотреть поближе, если хочешь.	You may take a closer look, if you like.
Conversations/Bank/Caldarus/Relationship Lines/Relationship/post_8h_lines_romantic/caldarus_post_8h_romantic_11/8	See? They are quite sturdy.	Tu vois ? Elles sont dures.	Видишь? Они весьма крепкие.	See? They are quite sturdy.
Conversations/Bank/Caldarus/Relationship Lines/Relationship/post_8h_lines_romantic/caldarus_post_8h_romantic_11/9	That gentle touch of yours will do them no harm.	Tu peux les toucher, tu ne les abîmeras pas.	Твоё аккуратное касание не может им навредить.	That gentle touch of yours will do them no harm.
Conversations/Bank/Caldarus/Relationship Lines/Relationship/post_8h_lines_romantic/caldarus_post_8h_romantic_11/init	I have noticed that you look upon me with a warm curiosity at times, [Ari].	J'ai remarqué que tu me regardais parfois avec une certaine curiosité, [Ari].	Я заметил, что иногда ты смотришь на меня с неким тёплым любопытством, [Ari].	I have noticed that you look upon me with a warm curiosity at times, [Ari].
Conversations/Bank/Caldarus/Relationship Lines/Relationship/post_8h_lines_romantic/caldarus_post_8h_romantic_12/1	I am not quite ready to share it. It does not yet meet my standard...	J'attendrai un peu avant de la chanter. Elle n'est pas à la hauteur de mes attentes.	Я пока не готов ей поделиться. Она ещё не соответствует моим стандартам.	I am not quite ready to share it. It does not yet meet my standard...
Conversations/Bank/Caldarus/Relationship Lines/Relationship/post_8h_lines_romantic/caldarus_post_8h_romantic_12/10	It is quite foreign to me. Is this what it is to be vulnerable?	C'est nouveau pour moi. Est-ce cela, se sentir vulnérable ?	Незнакомое мне ощущение. Это называется «быть уязвимым»?	It is quite foreign to me. Is this what it is to be vulnerable?
Conversations/Bank/Caldarus/Relationship Lines/Relationship/post_8h_lines_romantic/caldarus_post_8h_romantic_12/2	And there is... another feeling that causes me to hesitate.	Et j'éprouve... un autre sentiment qui me fait hésiter.	И кроме того... ещё одно чувство заставляет меня медлить.	And there is... another feeling that causes me to hesitate.
Conversations/Bank/Caldarus/Relationship Lines/Relationship/post_8h_lines_romantic/caldarus_post_8h_romantic_12/2/prompts/0	I'll wait as long as it takes!	J'attendrai aussi longtemps qu'il le faudra !	Я подожду столько, сколько потребуется!	I'll wait as long as it takes!
Conversations/Bank/Caldarus/Relationship Lines/Relationship/post_8h_lines_romantic/caldarus_post_8h_romantic_12/2/prompts/1	Are you feeling... shy?	Tu ressens de la... timidité ?	Ты испытываешь... смущение?	Are you feeling... shy?
Conversations/Bank/Caldarus/Relationship Lines/Relationship/post_8h_lines_romantic/caldarus_post_8h_romantic_12/3	I am thankful for your patience.	Merci pour ta patience.	Благодарю тебя за терпение.	I am thankful for your patience.
Conversations/Bank/Caldarus/Relationship Lines/Relationship/post_8h_lines_romantic/caldarus_post_8h_romantic_12/4	I wish to understand you in every way, so I can make a song that truly pleases you...	J'essaie de te comprendre pour pouvoir écrire une chanson qui te plaise vraiment...	Я желаю узнать тебя со всех сторон, чтобы сложить песню, которая тебе по-настоящему понравится...	I wish to understand you in every way, so I can make a song that truly pleases you...
Conversations/Bank/Caldarus/Relationship Lines/Relationship/post_8h_lines_romantic/caldarus_post_8h_romantic_12/5	And yet, the thought of sharing such a song makes me feel... exposed.	Et pour autant, l'idée de partager ce morceau avec toi, c'est comme... me mettre à nu.	Однако когда я думаю о том, как буду делиться этой песней, я чувствую... беззащитность.	And yet, the thought of sharing such a song makes me feel... exposed.
Conversations/Bank/Caldarus/Relationship Lines/Relationship/post_8h_lines_romantic/caldarus_post_8h_romantic_12/6	It is quite foreign to me. Is this what it is to be vulnerable?	C'est nouveau pour moi. Est-ce cela, se sentir vulnérable ?	Незнакомое мне ощущение. Это называется «быть уязвимым»?	It is quite foreign to me. Is this what it is to be vulnerable?
Conversations/Bank/Caldarus/Relationship Lines/Relationship/post_8h_lines_romantic/caldarus_post_8h_romantic_12/7	Is that what it is?	Est-ce cela ?	Это называется так?	Is that what it is?
Conversations/Bank/Caldarus/Relationship Lines/Relationship/post_8h_lines_romantic/caldarus_post_8h_romantic_12/8	I wish to understand you in every way, so I can make a song that truly pleases you...	J'essaie de te comprendre pour pouvoir écrire une chanson qui te plaise vraiment...	Я желаю узнать тебя со всех сторон, чтобы сложить песню, которая тебе по-настоящему понравится...	I wish to understand you in every way, so I can make a song that truly pleases you...
Conversations/Bank/Caldarus/Relationship Lines/Relationship/post_8h_lines_romantic/caldarus_post_8h_romantic_12/9	And yet, the thought of sharing such a song makes me feel... exposed.	Et pour autant, l'idée de partager ce morceau avec toi, c'est comme... me mettre à nu.	Однако когда я думаю о том, как буду делиться этой песней, я чувствую... беззащитность.	And yet, the thought of sharing such a song makes me feel... exposed.
Conversations/Bank/Caldarus/Relationship Lines/Relationship/post_8h_lines_romantic/caldarus_post_8h_romantic_12/init	It is a small thing, but... I have been composing a song for you.	Ce n'est pas grand-chose, mais... je t'ai composé une petite chanson.	Это всего лишь безделица, но... Я начал сочинять для тебя песню.	It is a small thing, but... I have been composing a song for you.
Conversations/Bank/Caldarus/Relationship Lines/Relationship/post_8h_lines_romantic/caldarus_post_8h_romantic_13/1	It is one of the few times I have been truly afraid.	C'est une des rares fois où j'ai vraiment eu peur.	Это был один из немногих моментов, когда я правда напугался.	It is one of the few times I have been truly afraid.
Conversations/Bank/Caldarus/Relationship Lines/Relationship/post_8h_lines_romantic/caldarus_post_8h_romantic_13/1/prompts/0	But you were so brave!	Tu as fait preuve d'un tel courage.	Но ты вёл себя так храбро!	But you were so brave!
Conversations/Bank/Caldarus/Relationship Lines/Relationship/post_8h_lines_romantic/caldarus_post_8h_romantic_13/1/prompts/1	It's a risk I accepted when I became your Dragonsworn.	C'est un risque que j'acceptais en devenant ton paladin du dragon.	Это риск, который я <p>приняли</p><f>приняла</f><m>принял</m><n>приняло</n>, став твоим драконоверным.	It's a risk I accepted when I became your Dragonsworn.
Conversations/Bank/Caldarus/Relationship Lines/Relationship/post_8h_lines_romantic/caldarus_post_8h_romantic_13/2	It was your courage that showed me the way.	C'est ton courage qui m'a inspiré.	Я брал пример с твоей смелости.	It was your courage that showed me the way.
Conversations/Bank/Caldarus/Relationship Lines/Relationship/post_8h_lines_romantic/caldarus_post_8h_romantic_13/3	And it was the depth of my feeling for you that spurred me to action so quickly.	Et c'est la profondeur de mes sentiments pour toi qui m'ont poussé à réagir aussi vite.	Кроме того, меня подтолкнула быстро действовать глубина моих чувств к тебе.	And it was the depth of my feeling for you that spurred me to action so quickly.
Conversations/Bank/Caldarus/Relationship Lines/Relationship/post_8h_lines_romantic/caldarus_post_8h_romantic_13/4	A world without you would be a world dimmed...	Sans toi, ce monde n'aurait aucune saveur...	Мир без тебя бы лишился красок...	A world without you would be a world dimmed...
Conversations/Bank/Caldarus/Relationship Lines/Relationship/post_8h_lines_romantic/caldarus_post_8h_romantic_13/5	Changed as I am, I have no regrets.	Même si j'ai changé, je ne regrette rien.	Я изменился, но я об этом не сожалею.	Changed as I am, I have no regrets.
Conversations/Bank/Caldarus/Relationship Lines/Relationship/post_8h_lines_romantic/caldarus_post_8h_romantic_13/6	That is the courage that first stirred me.	C'est ce courage qui m'a ému en premier.	Именно эта твоя смелость так затронула меня.	That is the courage that first stirred me.
Conversations/Bank/Caldarus/Relationship Lines/Relationship/post_8h_lines_romantic/caldarus_post_8h_romantic_13/7	But to me... you are more than my Dragonsworn.	Mais pour moi... tu es plus que mon paladin du dragon.	Но для меня ты... больше, чем драконоверный.	But to me... you are more than my Dragonsworn.
Conversations/Bank/Caldarus/Relationship Lines/Relationship/post_8h_lines_romantic/caldarus_post_8h_romantic_13/8	A world without you would be a world dimmed...	Sans toi, ce monde n'aurait aucune saveur...	Мир без тебя бы лишился красок...	A world without you would be a world dimmed...
Conversations/Bank/Caldarus/Relationship Lines/Relationship/post_8h_lines_romantic/caldarus_post_8h_romantic_13/9	Changed as I am, I have no regrets.	Même si j'ai changé, je ne regrette rien.	Я изменился, но я об этом не сожалею.	Changed as I am, I have no regrets.
Conversations/Bank/Caldarus/Relationship Lines/Relationship/post_8h_lines_romantic/caldarus_post_8h_romantic_13/init	I do not like to speak of it, but when you were trapped by the $Sealing Scroll$ down in the Mines...	Je n'aime pas en parler, mais quand tu as ouvert le $parchemin maudit$ dans la mine...	Мне не хочется об этом говорить, но когда ты <p>были захвачены</p><f>была захвачена</f><m>был захвачен</m><n>было захвачено</n> $свитком заточения$ в шахтах...	I do not like to speak of it, but when you were trapped by the $Sealing Scroll$ down in the Mines...
Conversations/Bank/Caldarus/Relationship Lines/Relationship/post_8h_lines_romantic/caldarus_post_8h_romantic_14/1	I do not know what inspired the Dragon Priestesses to amass such a collection, but I am grateful to them.	Je ne sais pas ce qui a poussé les prêtresses dragon à en amasser une telle collection, mais je les en remercie.	Не знаю, что побудило жриц дракона скопить такую коллекцию, но я им благодарен.	I do not know what inspired the Dragon Priestesses to amass such a collection, but I am grateful to them.
Conversations/Bank/Caldarus/Relationship Lines/Relationship/post_8h_lines_romantic/caldarus_post_8h_romantic_14/1/prompts/0	I don't know much about poetry.	Je ne connais pas grand-chose à la poésie.	Я плохо разбираюсь в поэзии.	I don't know much about poetry.
Conversations/Bank/Caldarus/Relationship Lines/Relationship/post_8h_lines_romantic/caldarus_post_8h_romantic_14/1/prompts/1	I'd love it if you read something to me.	J'aimerais beaucoup que tu me lises un poème.	Я бы <p>хотели</p><f>хотела</f><m>хотел</m><n>хотело</n>, чтобы ты мне что-нибудь почитал.	I'd love it if you read something to me.
Conversations/Bank/Caldarus/Relationship Lines/Relationship/post_8h_lines_romantic/caldarus_post_8h_romantic_14/10	Nothing would bring me greater joy.	Rien ne me ferait plus plaisir.	С превеликим удовольствием.	Nothing would bring me greater joy.
Conversations/Bank/Caldarus/Relationship Lines/Relationship/post_8h_lines_romantic/caldarus_post_8h_romantic_14/2	Nor do I. It is a deficiency I am attempting to overcome through my reading.	Moi non plus. C'est une lacune que j'essaie justement de combler.	Как и я. Это недостаток, который я стараюсь превозмочь путём чтения.	Nor do I. It is a deficiency I am attempting to overcome through my reading.
Conversations/Bank/Caldarus/Relationship Lines/Relationship/post_8h_lines_romantic/caldarus_post_8h_romantic_14/3	May I recite one to you?	Puis-je te réciter un poème ?	Могу я прочитать тебе кое-что?	May I recite one to you?
Conversations/Bank/Caldarus/Relationship Lines/Relationship/post_8h_lines_romantic/caldarus_post_8h_romantic_14/4	...	...	...	...
Conversations/Bank/Caldarus/Relationship Lines/Relationship/post_8h_lines_romantic/caldarus_post_8h_romantic_14/5	"""I wish to know you without thought,"" "	« Que ton empreinte soit gravée dans mes pensées, »	«Не мыслию познать тебя желаю»,	"""I wish to know you without thought,"" "
Conversations/Bank/Caldarus/Relationship Lines/Relationship/post_8h_lines_romantic/caldarus_post_8h_romantic_14/6	"""Memorize your spirit within my spirit,"" "	« Qu'au sein de mon esprit elle soit mémorisée, »	«Но изучить твой дух своим».	"""Memorize your spirit within my spirit,"" "
Conversations/Bank/Caldarus/Relationship Lines/Relationship/post_8h_lines_romantic/caldarus_post_8h_romantic_14/7	"""So even in dreams we may never be separated."" "	« Pour qu'en rêves, nous ne soyons jamais séparés. »	«Тогда же и во снах мы будем нераздельны».	"""So even in dreams we may never be separated."" "
Conversations/Bank/Caldarus/Relationship Lines/Relationship/post_8h_lines_romantic/caldarus_post_8h_romantic_14/8	...	...	...	...
Conversations/Bank/Caldarus/Relationship Lines/Relationship/post_8h_lines_romantic/caldarus_post_8h_romantic_14/9	I hope it is not overly bold to say, but... this one brought you to my mind.	J'espère que ce n'est pas trop osé de dire cela, mais... ce poème m'a fait penser à toi.	Надеюсь, это не прозвучит слишком дерзко... Эти строки напомнили мне о тебе.	I hope it is not overly bold to say, but... this one brought you to my mind.
Conversations/Bank/Caldarus/Relationship Lines/Relationship/post_8h_lines_romantic/caldarus_post_8h_romantic_14/init	I have been inspired of late to delve further into my library's scrolls of poetry.	Dernièrement, j'ai eu l'envie de m'intéresser plus encore aux parchemins de poésie présents dans ma bibliothèque.	Недавно я вдохновился поближе ознакомиться со свитками поэзии из моей библиотеки.	I have been inspired of late to delve further into my library's scrolls of poetry.
Conversations/Bank/Caldarus/Relationship Lines/Relationship/post_8h_lines_romantic/caldarus_post_8h_romantic_15/1	It is strange... I have never thought that of a human before.	C'est étrange... Je n'avais jamais pensé cela d'un humain auparavant.	Так странно... Я никогда раньше не замечал такого в людях.	It is strange... I have never thought that of a human before.
Conversations/Bank/Caldarus/Relationship Lines/Relationship/post_8h_lines_romantic/caldarus_post_8h_romantic_15/2	Perhaps it is more that I am coming to appreciate human grace.	C'est peut-être parce que je commence à apprécier la grâce des humains.	Возможно, скорее, я начинаю замечать людскую грацию.	Perhaps it is more that I am coming to appreciate human grace.
Conversations/Bank/Caldarus/Relationship Lines/Relationship/post_8h_lines_romantic/caldarus_post_8h_romantic_15/3	In either case... you are truly special.	Quelle que soit la raison... tu es vraiment à part.	Так или иначе... Ты <p>неповторимы</p><f>неповторима</f><m>неповторим</m><n>неповторимо</n>.	In either case... you are truly special.
Conversations/Bank/Caldarus/Relationship Lines/Relationship/post_8h_lines_romantic/caldarus_post_8h_romantic_15/init	You have a dragon's grace today, [Ari].	Tu as la grâce d'un dragon aujourd'hui, [Ari].	У тебя сегодня грация дракона, [Ari].	You have a dragon's grace today, [Ari].
Conversations/Bank/Caldarus/Relationship Lines/Relationship/post_8h_lines_romantic/caldarus_post_8h_romantic_1_alt/1	It has been a dream come true to finally experience it directly.			It has been a dream come true to finally experience it directly.
Conversations/Bank/Caldarus/Relationship Lines/Relationship/post_8h_lines_romantic/caldarus_post_8h_romantic_1_alt/2	I owe this blessing to you, [Ari].			I owe this blessing to you, [Ari].
Conversations/Bank/Caldarus/Relationship Lines/Relationship/post_8h_lines_romantic/caldarus_post_8h_romantic_1_alt/2/prompts/0	I'm so happy you could finally meet my friends in town!			I'm so happy you could finally meet my friends in town!
Conversations/Bank/Caldarus/Relationship Lines/Relationship/post_8h_lines_romantic/caldarus_post_8h_romantic_1_alt/2/prompts/1	I'm so glad I can finally have you over for dinner!			I'm so glad I can finally have you over for dinner!
Conversations/Bank/Caldarus/Relationship Lines/Relationship/post_8h_lines_romantic/caldarus_post_8h_romantic_1_alt/3	It has been a delight.			It has been a delight.
Conversations/Bank/Caldarus/Relationship Lines/Relationship/post_8h_lines_romantic/caldarus_post_8h_romantic_1_alt/4	It gladdens my heart that I have finally met those you cherish most.			It gladdens my heart that I have finally met those you cherish most.
Conversations/Bank/Caldarus/Relationship Lines/Relationship/post_8h_lines_romantic/caldarus_post_8h_romantic_1_alt/5	Seeing how others embrace you has taught me much of your heart.			Seeing how others embrace you has taught me much of your heart.
Conversations/Bank/Caldarus/Relationship Lines/Relationship/post_8h_lines_romantic/caldarus_post_8h_romantic_1_alt/6	Being welcomed into your den and indulged by the fruits of your labor... It is a great honor.			Being welcomed into your den and indulged by the fruits of your labor... It is a great honor.
Conversations/Bank/Caldarus/Relationship Lines/Relationship/post_8h_lines_romantic/caldarus_post_8h_romantic_1_alt/7	I will make certain to repay the favor in any way you desire.			I will make certain to repay the favor in any way you desire.
Conversations/Bank/Caldarus/Relationship Lines/Relationship/post_8h_lines_romantic/caldarus_post_8h_romantic_1_alt/init	I had long desired to explore the Mistria of this modern world...			I had long desired to explore the Mistria of this modern world...
Conversations/Bank/Caldarus/Relationship Lines/Relationship/post_8h_lines_romantic/caldarus_post_8h_romantic_2/1_eog	It was difficult, in the past... to stand by and watch you go where I could not follow.			It was difficult, in the past... to stand by and watch you go where I could not follow.
Conversations/Bank/Caldarus/Relationship Lines/Relationship/post_8h_lines_romantic/caldarus_post_8h_romantic_2/1_n	It can be difficult to stand by and watch you go where I cannot follow.	C'est parfois difficile de rester ici et de te voir aller dans des endroits où je ne peux pas te suivre.	Трудно бывает смотреть, как ты уходишь туда, куда я не в силах последовать.	It can be difficult to stand by and watch you go where I cannot follow.
Conversations/Bank/Caldarus/Relationship Lines/Relationship/post_8h_lines_romantic/caldarus_post_8h_romantic_2/2_eog	But even at those times, you always remained with me in my thoughts.			But even at those times, you always remained with me in my thoughts.
Conversations/Bank/Caldarus/Relationship Lines/Relationship/post_8h_lines_romantic/caldarus_post_8h_romantic_2/2_n	But even then, you remain with me in my thoughts.	Mais même alors, tu restes dans mes pensées.	Но даже тогда в моих мыслях ты остаёшься со мной.	But even then, you remain with me in my thoughts.
Conversations/Bank/Caldarus/Relationship Lines/Relationship/post_8h_lines_romantic/caldarus_post_8h_romantic_2/init	There are times that I feel a strong desire to be near you.	Il y a des moments où j'ai très envie d'être à tes côtés.	Временами меня одолевает желание быть рядом с тобой.	There are times that I feel a strong desire to be near you.
Conversations/Bank/Caldarus/Relationship Lines/Relationship/post_8h_lines_romantic/caldarus_post_8h_romantic_3/1	I wish to return the favor.	Je souhaite donc te rendre la pareille.	Я бы хотел отплатить тебе тем же.	I wish to return the favor.
Conversations/Bank/Caldarus/Relationship Lines/Relationship/post_8h_lines_romantic/caldarus_post_8h_romantic_3/1/prompts/0	You saved my life, you don't owe me!	Tu m'as sauvé la vie. Tu ne me dois rien !	Ты же спас мою жизнь, так что ничем мне не обязан!	You saved my life, you don't owe me!
Conversations/Bank/Caldarus/Relationship Lines/Relationship/post_8h_lines_romantic/caldarus_post_8h_romantic_3/1/prompts/1	What do dragons give as gifts?	Quel genre de cadeau offrent les dragons ?	А какие у драконов подарки?	What do dragons give as gifts?
Conversations/Bank/Caldarus/Relationship Lines/Relationship/post_8h_lines_romantic/caldarus_post_8h_romantic_3/2	Such a sentiment was not meant to measure our devotion against one another...	Un tel sentiment n'avait pas pour but de mesurer notre dévouement l'un envers l'autre...	Своим высказыванием я не преследовал цель соизмерять нашу преданность друг другу...	Such a sentiment was not meant to measure our devotion against one another...
Conversations/Bank/Caldarus/Relationship Lines/Relationship/post_8h_lines_romantic/caldarus_post_8h_romantic_3/3	I simply wish to explore what offerings would most please you.	Je veux simplement savoir quels présents te feraient le plus plaisir.	Я лишь хочу изучить, какие подношения тебе наиболее приятны.	I simply wish to explore what offerings would most please you.
Conversations/Bank/Caldarus/Relationship Lines/Relationship/post_8h_lines_romantic/caldarus_post_8h_romantic_3/4	In the meantime, please consider this the first of many.	En attendant, considère celui-ci comme le premier d'une longue série.	А пока, пожалуйста, прими первое из них.	In the meantime, please consider this the first of many.
Conversations/Bank/Caldarus/Relationship Lines/Relationship/post_8h_lines_romantic/caldarus_post_8h_romantic_3/5	I do not seem to recall if such a custom existed.	Je ne me rappelle pas qu'une telle coutume existait.	Я не могу вспомнить, чтобы подобный обычай существовал.	I do not seem to recall if such a custom existed.
Conversations/Bank/Caldarus/Relationship Lines/Relationship/post_8h_lines_romantic/caldarus_post_8h_romantic_3/6	At least, not in my memory.	Pas dans mon souvenir, du moins.	По крайней мере, не на моей памяти.	At least, not in my memory.
Conversations/Bank/Caldarus/Relationship Lines/Relationship/post_8h_lines_romantic/caldarus_post_8h_romantic_3/7	I simply wish to explore what offerings would most please you.	Je veux simplement savoir quels présents te feraient le plus plaisir.	Я лишь хочу изучить, какие подношения тебе наиболее приятны.	I simply wish to explore what offerings would most please you.
Conversations/Bank/Caldarus/Relationship Lines/Relationship/post_8h_lines_romantic/caldarus_post_8h_romantic_3/8	In the meantime, please consider this the first of many.	En attendant, considère celui-ci comme le premier d'une longue série.	А пока, пожалуйста, прими первое из них.	In the meantime, please consider this the first of many.
Conversations/Bank/Caldarus/Relationship Lines/Relationship/post_8h_lines_romantic/caldarus_post_8h_romantic_3/init	[Ari]... you have spared no effort when it comes to bringing me tokens of your affection.	[Ari]... Tu ne ménages pas tes efforts pour me donner des preuves de ton affection.	[Ari]... Ты приносишь мне знаки своего расположения, не жалея сил.	[Ari]... you have spared no effort when it comes to bringing me tokens of your affection.
Conversations/Bank/Caldarus/Relationship Lines/Relationship/post_8h_lines_romantic/caldarus_post_8h_romantic_3_alt/1	I wish to return the favor.			I wish to return the favor.
Conversations/Bank/Caldarus/Relationship Lines/Relationship/post_8h_lines_romantic/caldarus_post_8h_romantic_3_alt/1/prompts/0	You saved my life, you don't owe me!			You saved my life, you don't owe me!
Conversations/Bank/Caldarus/Relationship Lines/Relationship/post_8h_lines_romantic/caldarus_post_8h_romantic_3_alt/1/prompts/1	What do dragons give as gifts?			What do dragons give as gifts?
Conversations/Bank/Caldarus/Relationship Lines/Relationship/post_8h_lines_romantic/caldarus_post_8h_romantic_3_alt/2	Such a sentiment was not meant to measure our devotion against one another...			Such a sentiment was not meant to measure our devotion against one another...
Conversations/Bank/Caldarus/Relationship Lines/Relationship/post_8h_lines_romantic/caldarus_post_8h_romantic_3_alt/3	I simply wish to explore what offerings would most please you.			I simply wish to explore what offerings would most please you.
Conversations/Bank/Caldarus/Relationship Lines/Relationship/post_8h_lines_romantic/caldarus_post_8h_romantic_3_alt/4	In the meantime, please consider this the first of many.			In the meantime, please consider this the first of many.
Conversations/Bank/Caldarus/Relationship Lines/Relationship/post_8h_lines_romantic/caldarus_post_8h_romantic_3_alt/5	Dragons will sometimes hunt for their mates, providing them with offerings of food.			Dragons will sometimes hunt for their mates, providing them with offerings of food.
Conversations/Bank/Caldarus/Relationship Lines/Relationship/post_8h_lines_romantic/caldarus_post_8h_romantic_3_alt/6	"But they do not typically ""gift"" in the way that humans do."			"But they do not typically ""gift"" in the way that humans do."
Conversations/Bank/Caldarus/Relationship Lines/Relationship/post_8h_lines_romantic/caldarus_post_8h_romantic_3_alt/7	And yet... I find myself desiring to explore what offerings would most please you.			And yet... I find myself desiring to explore what offerings would most please you.
Conversations/Bank/Caldarus/Relationship Lines/Relationship/post_8h_lines_romantic/caldarus_post_8h_romantic_3_alt/8	In the meantime, please consider this the first of many.			In the meantime, please consider this the first of many.
Conversations/Bank/Caldarus/Relationship Lines/Relationship/post_8h_lines_romantic/caldarus_post_8h_romantic_3_alt/init	[Ari]... you have spared no effort when it comes to gifting me with tokens of your affection.			[Ari]... you have spared no effort when it comes to gifting me with tokens of your affection.
Conversations/Bank/Caldarus/Relationship Lines/Relationship/post_8h_lines_romantic/caldarus_post_8h_romantic_4/1	So I thought I would make =Mont Blanc= for you.	Je me suis dit que je t'en préparerais un.	Так что я решил приготовить =монблан= для тебя.	So I thought I would make =Mont Blanc= for you.
Conversations/Bank/Caldarus/Relationship Lines/Relationship/post_8h_lines_romantic/caldarus_post_8h_romantic_4/2	In my many attempts, I learned that it is quite a complex dish.	Après plusieurs tentatives, j'ai compris que c'était un dessert difficile à réaliser.	За много предпринятых попыток я узнал, что это весьма трудоёмкое блюдо.	In my many attempts, I learned that it is quite a complex dish.
Conversations/Bank/Caldarus/Relationship Lines/Relationship/post_8h_lines_romantic/caldarus_post_8h_romantic_4/3	Try as I might, the end result was always... different than I expected.	J'ai eu beau essayer, le résultat était toujours... différent de celui espéré.		Try as I might, the end result was always... different than I expected.
Conversations/Bank/Caldarus/Relationship Lines/Relationship/post_8h_lines_romantic/caldarus_post_8h_romantic_4/4	Still, I would like for you to have what I could salvage.	Cela dit, j'aimerais t'offrir le résultat de mes efforts.	И всё же я бы хотел преподнести тебе то, что мне удалось спасти.	Still, I would like for you to have what I could salvage.
Conversations/Bank/Caldarus/Relationship Lines/Relationship/post_8h_lines_romantic/caldarus_post_8h_romantic_4/init	I am fond of =Mont Blanc=, and I am fond of you...	Je raffole de =mont-blanc= comme je raffole de toi...	Мне нравится =монблан=, и мне нравишься ты...	I am fond of =Mont Blanc=, and I am fond of you...
Conversations/Bank/Caldarus/Relationship Lines/Relationship/post_8h_lines_romantic/caldarus_post_8h_romantic_5/1	I did not set out to make it quite so spicy...	Je n'avais pas prévu qu'elles seraient si piquantes...	Я не предполагал делать их настолько острыми...	I did not set out to make it quite so spicy...
Conversations/Bank/Caldarus/Relationship Lines/Relationship/post_8h_lines_romantic/caldarus_post_8h_romantic_5/2	I sampled it while I cooked, and it is a bit like casting Dragon's Breath... without magic.	J'y ai goûté en cours de préparation. C'était un peu comme un extrait de Souffle du dragon... sans la magie.	Во время готовки я попробовал немного. Похоже на заклинание Дыхание дракона... только без магии.	I sampled it while I cooked, and it is a bit like casting Dragon's Breath... without magic.
Conversations/Bank/Caldarus/Relationship Lines/Relationship/post_8h_lines_romantic/caldarus_post_8h_romantic_5/3	But do not be alarmed. I made you a drink to go with it.	Mais n'aie pas peur. J'ai préparé une boisson pour aller avec.	Но не тревожься. Я также подготовил тебе напиток.	But do not be alarmed. I made you a drink to go with it.
Conversations/Bank/Caldarus/Relationship Lines/Relationship/post_8h_lines_romantic/caldarus_post_8h_romantic_5/init	I have made you something... $Spicy Water Chestnuts$.	Je t'ai préparé quelque chose... Des =châtaignes d'eau épicées=.	Я для тебя кое-что приготовил... Это =острые водяные орешки=.	I have made you something... $Spicy Water Chestnuts$.
Conversations/Bank/Caldarus/Relationship Lines/Relationship/post_8h_lines_romantic/caldarus_post_8h_romantic_6/1	It seems that humans have a great many ways of expressing these feelings to one another.	Il semble que les humains ont d'innombrables façons d'exprimer ce sentiment.	Как видно, у людей существует премного способов выражать их друг другу.	It seems that humans have a great many ways of expressing these feelings to one another.
Conversations/Bank/Caldarus/Relationship Lines/Relationship/post_8h_lines_romantic/caldarus_post_8h_romantic_6/2	And some are very creative.	Et certaines sont très créatives.	И некоторые из них особенно изобретательны.	And some are very creative.
Conversations/Bank/Caldarus/Relationship Lines/Relationship/post_8h_lines_romantic/caldarus_post_8h_romantic_6/init	Recently, I have expanded the sphere of my reading to include works that explore feelings of romance...	Ces derniers temps, j'ai élargi mes lectures pour y inclure des œuvres explorant le sentiment de l'amour...	Недавно я расширил круг своих читательских интересов до работ, исследующих романтические чувства...	Recently, I have expanded the sphere of my reading to include works that explore feelings of romance...
Conversations/Bank/Caldarus/Relationship Lines/Relationship/post_8h_lines_romantic/caldarus_post_8h_romantic_7/1	And yet, I feel it return to me whenever you seek me out.	Et pourtant, j'ai l'impression qu'il ne bat vraiment que lorsque je te vois.	И всё же я чувствую, что оно возвращается ко мне, когда ты приходишь.	And yet, I feel it return to me whenever you seek me out.
Conversations/Bank/Caldarus/Relationship Lines/Relationship/post_8h_lines_romantic/caldarus_post_8h_romantic_7/init	The heart is a funny thing. I know it resides here, in my chest...	Le cœur est une chose étrange. Je sais qu'il est là, dans ma poitrine...	Странная вещь — сердце. Я знаю, что оно живёт у меня в груди...	The heart is a funny thing. I know it resides here, in my chest...
Conversations/Bank/Caldarus/Relationship Lines/Relationship/post_8h_lines_romantic/caldarus_post_8h_romantic_8/1	This =Breath of Flame= must have been pressed into it centuries ago.	Quelqu'un a dû y mettre cette =soufflefeu= à sécher il y a des siècles.	Должно быть, этот =огнецвет= хранился в нём многие века.	This =Breath of Flame= must have been pressed into it centuries ago.
Conversations/Bank/Caldarus/Relationship Lines/Relationship/post_8h_lines_romantic/caldarus_post_8h_romantic_8/2	The sight of it filled my chest with so many feelings, all at once...	En la voyant, j'ai ressenti comme un feu d'artifice d'émotions...	От его вида моё сердце сразу заполнили самые разные чувства...	The sight of it filled my chest with so many feelings, all at once...
Conversations/Bank/Caldarus/Relationship Lines/Relationship/post_8h_lines_romantic/caldarus_post_8h_romantic_8/3	Just as you do.	Comme quand je te vois.	От твоего вида так же.	Just as you do.
Conversations/Bank/Caldarus/Relationship Lines/Relationship/post_8h_lines_romantic/caldarus_post_8h_romantic_8/4	Please... I would like you to have it.	Je voudrais te l'offrir... S'il te plaît.	Пожалуйста... Я хочу, чтобы он был у тебя.	Please... I would like you to have it.
Conversations/Bank/Caldarus/Relationship Lines/Relationship/post_8h_lines_romantic/caldarus_post_8h_romantic_8/init	[Ari], I made a wonderful discovery while reading a scroll the other day.	[Ari], j'ai fait une découverte merveilleuse l'autre jour, en lisant un parchemin.	[Ari], недавно, во время чтения одного свитка, я обнаружил чудесную находку.	[Ari], I made a wonderful discovery while reading a scroll the other day.
Conversations/Bank/Caldarus/Relationship Lines/Relationship/post_8h_lines_romantic/caldarus_post_8h_romantic_9/1	It would seem that expressing affection in this form is as pleasant as it is unique.	Il semblerait qu'exprimer son affection sous cette forme est aussi agréable qu'unique.	Кажется, этот способ выражать расположение и приятен и уникален.	It would seem that expressing affection in this form is as pleasant as it is unique.
Conversations/Bank/Caldarus/Relationship Lines/Relationship/post_8h_lines_romantic/caldarus_post_8h_romantic_9/2	I look forward to exploring more such experiences with you.	J'ai hâte de partager d'autres expériences de ce genre avec toi.	Я рассчитываю испытать подобный опыт с тобой ещё не раз.	I look forward to exploring more such experiences with you.
Conversations/Bank/Caldarus/Relationship Lines/Relationship/post_8h_lines_romantic/caldarus_post_8h_romantic_9/init	After the kiss we shared, I have been thinking...	Après notre baiser, j'ai beaucoup réfléchi...	После нашего поцелуя я стал размышлять...	After the kiss we shared, I have been thinking...
Conversations/Bank/Caldarus/Relationship Lines/post_8h_lines_romantic/caldarus_post_8h_romantic_4/3	Try as I might, the end result was always... different than I expected.	J'ai eu beau essayer, le résultat était toujours... différent de ce lui espéré.	Как я ни старался, финальный результат всегда... отличался от того, на что я рассчитывал.	Try as I might, the end result was always... different than I expected.
Conversations/Bank/Caldarus/Statue Lines/cutscene_follow_up/cutscene_follow_up_1/2	$Essence$ will appear in the form of $small purple orbs$ as you go about your day. Try activities such as $Farming$, $Fishing$, and $Mining$. You'll be sure to find some.	L'$essence$ apparaîtra sous la forme d'une $petite sphère mauve$ au cours de tes activités quotidiennes. Si tu pratiques, l'$agriculture$, la $pêche$ et l'$extraction minière$, tu en trouveras sûrement.	$Эссенция$ будет иногда появляться вокруг тебя в виде $маленьких фиолетовых шариков$. Попробуй $выращивать растения$, $ловить рыбу$ и $ломать камни$, тогда точно её найдёшь.	$Есенция$ ще се появява под формата на $малки лилави кълба$, докато вършиш всекидневните си дейности. Опитай със $земеделие$, $риболов$ и $копаене$. Със сигурност ще откриеш.
Conversations/Bank/Caldarus/Statue Lines/cutscene_follow_up/cutscene_follow_up_1/3	Use this $Shrine$ when you want to offer your collected $Essence$. In exchange, I will use my restored power to grant you $Skill Perks$.	Sers-toi de cet $autel$ pour faire offrande de l'$essence$ que tu auras récoltée. J'utiliserai en échange mon pouvoir récupéré pour t'octroyer des $bonus de compétences$.	Собранную $эссенцию$ ты можешь приность в это $святилище$. За восстановление моих сил я дарую тебе $навыки$.	Използвай това $светилище$, когато искаш да принесеш събраната $Есенция$. В замяна ще използвам възвърнатата си сила, за да ти дам $умения$.
Conversations/Bank/Caldarus/Statue Lines/cutscene_follow_up/cutscene_follow_up_1/4	These $Skill Perks$ will serve to make life easier for you.	Ces $bonus de compétences$ serviront à te faciliter la vie.	Эти $навыки$ облегчат твою жизнь.	Тези $умения$ ще улеснят живота ти.
Conversations/Bank/Caldarus/Statue Lines/cutscene_follow_up/cutscene_follow_up_1/5	...	...	...	...
Conversations/Bank/Caldarus/Statue Lines/cutscene_follow_up/cutscene_follow_up_1/6	I grow tired... Let us speak again tomorrow.	La fatigue me gagne... Reparlons-nous demain.	Меня охватывает усталость... Завтра поговорим вновь.	Изморявам се... Нека поговорим пак утре.
Conversations/Bank/Caldarus/Statue Lines/cutscene_follow_up/cutscene_follow_up_1/init	Ah, greetings mortal. The time has come for you to begin collecting $Essence$.	Ah, je te salue, <he>mortel</he><she>mortelle</she><they>mortel·le</they>. Le moment est venu pour toi de commencer à récolter l'$essence$.	Приветствую тебя, смертный. Пришло время начать сбор $эссенции$.	А, поздрави, смъртни. Време е да започнеш да събираш $Есенция$.
Conversations/Bank/Caldarus/Statue Lines/cutscene_follow_up/cutscene_follow_up_2/2	$Essence$ will appear in the form of $small purple orbs$ as you go about your day. Try activities such as $Farming$, $Fishing$, and $Mining$. You'll be sure to find some.	L'$essence$ apparaîtra sous la forme d'une $petite sphère mauve$ au cours de tes activités quotidiennes. Si tu pratiques, l'$agriculture$, la $pêche$ et l'$extraction minière$, tu en trouveras sûrement.	$Эссенция$ будет иногда появляться вокруг тебя в виде $маленьких фиолетовых шариков$. Попробуй $выращивать растения$, $ловить рыбу$ и $ломать камни$, тогда точно её найдёшь.	$Есенция$ ще се появява под формата на $малки лилави кълба$, докато вършиш всекидневните си дейности. Опитай със $земеделие$, $риболов$ и $копаене$. Със сигурност ще откриеш.
Conversations/Bank/Caldarus/Statue Lines/cutscene_follow_up/cutscene_follow_up_2/3	Use this $Shrine$ when you want to offer your collected $Essence$. In exchange, I will use my restored power to grant you $Skill Perks$.	Sers-toi de cet $autel$ pour faire offrande de l'$essence$ que tu auras récoltée. J'utiliserai en échange mon pouvoir récupéré pour t'octroyer des $bonus de compétences$.	Собранную $эссенцию$ ты можешь приность в это $святилище$. За восстановление моих сил я дарую тебе $навыки$.	Използвай това $светилище$, когато искаш да принесеш събраната $Есенция$. В замяна ще използвам възвърнатата си сила, за да ти дам $умения$.
Conversations/Bank/Caldarus/Statue Lines/cutscene_follow_up/cutscene_follow_up_2/4	These $Skill Perks$ will serve to make life easier for you.	Ces $bonus de compétences$ serviront à te faciliter la vie.	Эти $навыки$ облегчат твою жизнь.	Тези $умения$ ще улеснят живота ти.
Conversations/Bank/Caldarus/Statue Lines/cutscene_follow_up/cutscene_follow_up_2/5	...	...	...	...
Conversations/Bank/Caldarus/Statue Lines/cutscene_follow_up/cutscene_follow_up_2/6	I grow tired... Let us speak again tomorrow.	La fatigue me gagne... Reparlons-nous demain.	Меня охватывает усталость... Завтра поговорим вновь.	Изморявам се... Нека поговорим пак утре.
Conversations/Bank/Caldarus/Statue Lines/cutscene_follow_up/cutscene_follow_up_2/init	Ah, greetings mortal. I see you have already collected some Essence. Well done.	Ah, je te salue, <he>mortel</he><she>mortelle</she><they>mortel·le</they>. Je vois que tu as déjà récolté de l'$essence$. Beau travail.	Приветствую тебя, смертный. Я вижу, тебе уже удалось собрать немало $эссенции$. Поздравляю.	А, поздрави, смъртни. Виждам, че вече имаш малко есенция. Добре.
Conversations/Bank/Caldarus/Statue Lines/cutscene_follow_up/floor_10_follow_up/1	I recall that humans once offered their prayers from both above and below the ground...	Je me souviens que jadis, les humains offraient leurs prières depuis le sous-sol comme depuis la surface.	Я припоминаю: когда-то люди обращались с молитвами на земле и из-под неё...	Спомням си, че хората някога са отправяли молитви и над, и под земята...
Conversations/Bank/Caldarus/Statue Lines/cutscene_follow_up/floor_10_follow_up/2	However... that was long ago, and human lifespans are short.	Cependant... c'était il y a longtemps, et la durée d'une existence humaine est courte.	Однако... Это было давным-давно, а людская жизнь скоротечна.	Но... това е било отдавна, а човешкият живот е кратък.
Conversations/Bank/Caldarus/Statue Lines/cutscene_follow_up/floor_10_follow_up/init	A voice inside the Mines?	Une voix dans les mines ?	Голос в глубине шахт?	Глас в Мините?
Conversations/Bank/Caldarus/Statue Lines/cutscene_follow_up/unlocking_the_mines_pt_1_anticipation/1	Hmm...	Mmm...	Хмм...	Хм…
Conversations/Bank/Caldarus/Statue Lines/cutscene_follow_up/unlocking_the_mines_pt_1_anticipation/2	[Ari], I ask that you investigate further. I sense it will be key to understanding the return of magic to this land.	Je te demande de poursuivre tes investigations, [Ari]. Je sens que c'est la clé pour comprendre le retour de la magie sur ces terres.	[Ari], я прошу тебя исследовать этот вопрос. Я чувствую, что это поможет понять, как в эти земли вернулась магия.	[Ari], моля те, проучи това по-обстойно. Усещам, че то ще е ключът към разбирането на завръщането на магията в тази земя.
Conversations/Bank/Caldarus/Statue Lines/cutscene_follow_up/unlocking_the_mines_pt_1_anticipation/init	The earthquake... and the Mines below the town...	Le tremblement de terre... et les mines sous la ville...	Это землетрясение... И подземные шахты под городом...	Земетресението… и Мините под града…
Conversations/Bank/Caldarus/Statue Lines/cutscene_follow_up/unlocking_the_mines_pt_2_follow_up/1	The Mines have been opened? Interesting...	Les mines ont été ouvertes ? Intéressant...	Вы открыли шахты? Любопытно...	Мините са отворени? Интересно…
Conversations/Bank/Caldarus/Statue Lines/cutscene_follow_up/unlocking_the_mines_pt_2_follow_up/2	Keep me apprised, [Ari]. Although I feel my strength slowly increasing, my memory still lags.	Continue de m'informer, [Ari]. Bien que je sente mes forces revenir lentement, la mémoire me fait toujours défaut.	Держи меня в курсе, [Ari]. Я чувствую, как сила медленно возвращается ко мне, однако память ещё слаба.	Дръж ме в течение, [Ari]. Макар че усещам как силата ми бавно се връща, паметта ми все още изостава.
Conversations/Bank/Caldarus/Statue Lines/cutscene_follow_up/unlocking_the_mines_pt_2_follow_up/init	Do you feel a shift in the air? It seems the flow of magic has increased.	Perçois-tu un changement dans l'air ? Il semblerait que le flux de magie a augmenté.	Ты чувствуешь изменения в воздухе? Видимо, поток магии стал усиливаться.	Усещаш ли промяна във въздуха? Изглежда потокът на магията се е усилил.
Conversations/Bank/Caldarus/Statue Lines/cutscene_follow_up/unlocking_the_mines_pt_2_follow_up_2/1	You would do well to explore the Mines thoroughly, I suspect there is much of value to be found as you venture deeper.	Tu ferais bien d'explorer les mines de fond en comble, je crois qu'il y a beaucoup de choses de valeur à trouver, à mesure que l'on s'y enfonce.	Тебе стоит внимательно обследовать шахты. Подозреваю, в их глубинах можно найти множество ценностей.	Добре ще е да проучиш Мините внимателно. Подозирам, че с навлизането в дълбочина ще откриеш много ценни неща.
Conversations/Bank/Caldarus/Statue Lines/cutscene_follow_up/unlocking_the_mines_pt_2_follow_up_2/init	You feel compelled to talk to Caldarus' Statue.	Quelque chose vous pousse à parler à la statue de Caldarus.	У вас появилось желание поговорить со статуей Кальдаруса.	Усещаш неудържим порив да поговориш със статуята на Калдаръс.
Conversations/Bank/Caldarus/Statue Lines/cutscene_follow_up/water_seal_follow_up/1	Ah... I seem to recall that such seals were once used to control the flow of magic between our realms.	Ah... Je crois me souvenir que des sceaux de ce genre étaient jadis utilisés pour contrôler le flux de magie entre nos royaumes.	А... Кажется, я вспоминаю. Такие печати когда-то использовали, чтобы контролировать поток магии между нашими мирами.	А... Като че ли си спомням, че такива печати някога са служели за управление на потока магия между нашите светове.
Conversations/Bank/Caldarus/Statue Lines/cutscene_follow_up/water_seal_follow_up/2	Break the seal, [Ari], so that I may regain my strength.	Brise le sceau, [Ari], afin que je puisse recouvrer ma force.	Раскрой печать, [Ari]. Так я смогу вернуть свои силы.	Разбий печата, [Ari], за да възвърна силите си.
Conversations/Bank/Caldarus/Statue Lines/cutscene_follow_up/water_seal_follow_up/3	I entrust this task to you.	Je te confie cette tâche.	Я поручаю тебе эту задачу.	Поверявам ти тази задача.
Conversations/Bank/Caldarus/Statue Lines/cutscene_follow_up/water_seal_follow_up/init	You found a $cracked seal$ underground...?	Tu as découvert un $sceau fendillé$ dans les souterrains...?	Ты <p>нашли</p><f>нашла</f><m>нашёл</m><n>нашло</n> под землёй $сломанную печать$?..	Намери $напукан печат$ под земята...?
Conversations/Bank/Caldarus/Statue Lines/general_lines/after_eiland_2h/1	You and Eiland are searching for the armor of someone called the Dragonsworn? Hmm...	Eiland et toi êtes à la recherche de l'armure d'un certain paladin du dragon ? Hmm...	Вы с Эйландом разыскиваете доспех некого драконоверного? Хмм...	Ти и Айленд търсите бронята на някого, наричан Драконовия заклетник? Хм...
Conversations/Bank/Caldarus/Statue Lines/general_lines/after_eiland_2h/2	The name is familiar, but my memory is still too clouded. I am sorry I could not be of more assistance.	Ce nom m'est familier, mais ma mémoire est encore très confuse. Je regrette de ne pouvoir t'aider davantage.	Моя память ещё слишком туманна, но это имя звучит знакомо. Прости, но больше я не могу ничем помочь.	Името ми е познато, но паметта ми все още е твърде замъглена. Съжалявам, че не мога да помогна повече.
Conversations/Bank/Caldarus/Statue Lines/general_lines/after_eiland_2h/init	You feel compelled to talk to Caldarus' Statue.	Quelque chose vous pousse à parler à la statue de Caldarus.	У вас появилось желание поговорить со статуей Кальдаруса.	Усещаш неудържим порив да поговориш със статуята на Калдаръс.
Conversations/Bank/Caldarus/Statue Lines/general_lines/after_mines_unlocked/1	The increased flow of magic from the Mines has begun to clear my head somewhat.	Le flux de magie croissant issu des mines commence à éclaircir mon esprit.	Поток магии из шахт усилился, и моя память стала слегка проясняться.	Усиленият поток на магията от Мините започна донякъде да прояснява съзнанието ми.
Conversations/Bank/Caldarus/Statue Lines/general_lines/after_mines_unlocked/2	I recall that magic was once widely used by the humans who lived here.	Je me souviens que cette magie était jadis communément utilisée par les humains qui vivaient ici.	Я вспомнил, что когда-то магией пользовались многие из людей, что жили здесь.	Спомням си, че някога магията е била широко използвана от хората, живели тук.
Conversations/Bank/Caldarus/Statue Lines/general_lines/after_mines_unlocked/3	In fact, I believe I had granted some of that power myself...	D'ailleurs, je crois que c'est moi qui leur avais octroyé l'essentiel de ce pouvoir.	Кажется, иногда даже я сам был источником этой силы...	Всъщност мисля, че аз самият съм им предоставил част от тази сила...
Conversations/Bank/Caldarus/Statue Lines/general_lines/after_mines_unlocked/4	Apologies, I wish I could remember more.	Je regrette, j'aimerais me rappeler davantage de choses.	Прости, что не могу вспомнить больше.	Извинявай, иска ми се да можех да си спомня повече.
Conversations/Bank/Caldarus/Statue Lines/general_lines/after_mines_unlocked/init	You feel compelled to talk to Caldarus' Statue.	Quelque chose vous pousse à parler à la statue de Caldarus.	У вас появилось желание поговорить со статуей Кальдаруса.	Усещаш неудържим порив да поговориш със статуята на Калдаръс.
Conversations/Bank/Caldarus/Statue Lines/general_lines/after_repair_the_summit_stairs/1	So you have finished clearing away the marks left behind by the earthquake?	Ainsi, tu as fini de nettoyer les traces laissées par le tremblement de terre ?	Так значит, ты <p>справились</p><f>справилась</f><m>справился</m><n>справилось</n> с последствиями землетрясения?	Значи <he>си приключил</he><she>си приключила</she><they>сте приключили</they> с разчистването на следите, оставени от земетресението?
Conversations/Bank/Caldarus/Statue Lines/general_lines/after_repair_the_summit_stairs/2	Well done. I am glad to see things in order.	Beau travail. Je suis content de voir que tout est à nouveau en ordre.	Отличная работа. Рад слышать, что дела идут хорошо.	Браво. Радвам се да видя, че всичко отново е наред.
Conversations/Bank/Caldarus/Statue Lines/general_lines/after_repair_the_summit_stairs/init	You feel compelled to talk to Caldarus' Statue.	Quelque chose vous pousse à parler à la statue de Caldarus.	У вас появилось желание поговорить со статуей Кальдаруса.	Усещаш неудържим порив да поговориш със статуята на Калдаръс.
Conversations/Bank/Caldarus/Statue Lines/general_lines/after_repairing_bridge/1	You have helped to repair the bridge into town?	Tu as participé à la réparation du pont menant à la ville ?	Ты <p>помогли</p><f>помогла</f><m>помог</m><n>помогло</n> с восстановлением моста в город?	Помогнал си да се поправи мостът към града?
Conversations/Bank/Caldarus/Statue Lines/general_lines/after_repairing_bridge/2	Well done, [Ari]. I am sure the other villagers appreciate your efforts.	Bravo, [Ari]. Je suis certain que les autres habitants apprécient tes efforts.	Молодец, [Ari]. Уверен, что остальные жители благодарны тебе за работу.	Браво, [Ari]. Сигурен съм, че останалите жители оценяват усилията ти.
Conversations/Bank/Caldarus/Statue Lines/general_lines/after_repairing_bridge/init	You feel compelled to talk to Caldarus' Statue.	Quelque chose vous pousse à parler à la statue de Caldarus.	У вас появилось желание поговорить со статуей Кальдаруса.	Усещаш неудържим порив да поговориш със статуята на Калдаръс.
Conversations/Bank/Caldarus/Statue Lines/general_lines/after_repairing_mill/1	I see that the Mill in town has been restored to a functioning state.	Je vois que le moulin de la ville a été réparé et fonctionne désormais.	Я видел, что мельница в городе восстановлена до рабочего состояния.	Виждам, че градската мелница отново работи.
Conversations/Bank/Caldarus/Statue Lines/general_lines/after_repairing_mill/2	Well done. This is sure to improve the lives of the townspeople.	Beau travail. Cela ne manquera pas d'améliorer la vie des habitants.	Молодец. Это точно улучшит жизнь всем жителям города.	Браво. Това със сигурност ще подобри живота на жителите на града.
Conversations/Bank/Caldarus/Statue Lines/general_lines/after_repairing_mill/init	You feel compelled to talk to Caldarus' Statue.	Quelque chose vous pousse à parler à la statue de Caldarus.	У вас появилось желание поговорить со статуей Кальдаруса.	Усещаш неудържим порив да поговориш със статуята на Калдаръс.
Conversations/Bank/Caldarus/Statue Lines/general_lines/after_replenishing_mistrias_food_reserves/1	I am glad to hear you've helped the town replenish its reserves, [Ari].	Je suis content d'apprendre que tu as contribué au remplissage des réserves de la ville, [Ari].	Я рад, что ты <p>помогли</p><f>помогла</f><m>помог</m><n>помогло</n> восстановить городские запасы продовольствия, [Ari].	Радвам се да чуя, че си помогнал на града да попълни запасите си, [Ari].
Conversations/Bank/Caldarus/Statue Lines/general_lines/after_replenishing_mistrias_food_reserves/2	Caring for the wellbeing of others is admirable.	Se soucier du bien-être des autres est une chose admirable.	Похвальная забота о благополучии окружающих.	Да се грижиш за благополучието на другите е достойно за възхищение.
Conversations/Bank/Caldarus/Statue Lines/general_lines/after_replenishing_mistrias_food_reserves/init	You feel compelled to talk to Caldarus' Statue.	Quelque chose vous pousse à parler à la statue de Caldarus.	У вас появилось желание поговорить со статуей Кальдаруса.	Усещаш неудържим порив да поговориш със статуята на Калдаръс.
Conversations/Bank/Caldarus/Statue Lines/general_lines/after_upgrading_general_store/1	The General Store in town has been upgraded? Excellent work.	Le magasin général a été amélioré ? Excellent travail.	Вы расширили городской универмаг? Отличная работа.	Смесеният магазин в града е подобрен? Отлична работа.
Conversations/Bank/Caldarus/Statue Lines/general_lines/after_upgrading_general_store/2	In helping others, you also help yourself.	En aidant les autres, c'est aussi ta propre situation que tu améliores.	Помогая другим, помогаешь и себе.	Като помагаш на другите, помагаш и на себе си.
Conversations/Bank/Caldarus/Statue Lines/general_lines/after_upgrading_general_store/init	You feel compelled to talk to Caldarus' Statue.	Quelque chose vous pousse à parler à la statue de Caldarus.	У вас появилось желание поговорить со статуей Кальдаруса.	Усещаш неудържим порив да поговориш със статуята на Калдаръс.
Conversations/Bank/Caldarus/Statue Lines/general_lines/afternoon_greeting_a/1	Good afternoon, [Ari]. Are you making the most out of the day?	Bon après-midi, [Ari]. Profites-tu de ta journée au mieux ?	Добрый день, [Ari]. Успеваешь делать дела?	Добър ден, [Ari]. Използваш ли деня пълноценно?
Conversations/Bank/Caldarus/Statue Lines/general_lines/afternoon_greeting_a/init	You feel compelled to talk to Caldarus' Statue.	Quelque chose vous pousse à parler à la statue de Caldarus.	У вас появилось желание поговорить со статуей Кальдаруса.	Усещаш неудържим порив да поговориш със статуята на Калдаръс.
Conversations/Bank/Caldarus/Statue Lines/general_lines/afternoon_greeting_b/1	Enjoying the day, [Ari]?	Tout va bien, aujourd'hui, [Ari] ?	Как твой день, [Ari]?	Харесва ли ти денят, [Ari]?
Conversations/Bank/Caldarus/Statue Lines/general_lines/afternoon_greeting_b/init	You feel compelled to talk to Caldarus' Statue.	Quelque chose vous pousse à parler à la statue de Caldarus.	У вас появилось желание поговорить со статуей Кальдаруса.	Усещаш неудържим порив да поговориш със статуята на Калдаръс.
Conversations/Bank/Caldarus/Statue Lines/general_lines/afternoon_greeting_c/1	The day seems to fly by when one is busy.	Les journées passent à toute vitesse quand on est occupé.	За работой дни проходят незаметно.	Когато човек е зает, денят сякаш прелита.
Conversations/Bank/Caldarus/Statue Lines/general_lines/afternoon_greeting_c/init	You feel compelled to talk to Caldarus' Statue.	Quelque chose vous pousse à parler à la statue de Caldarus.	У вас появилось желание поговорить со статуей Кальдаруса.	Усещаш неудържим порив да поговориш със статуята на Калдаръс.
Conversations/Bank/Caldarus/Statue Lines/general_lines/afternoon_greeting_d/1	How are your crops faring, [Ari]?	Comment vont tes cultures, [Ari] ?	Как поживает огород, [Ari]?	Как се развиват посевите ти, [Ari]?
Conversations/Bank/Caldarus/Statue Lines/general_lines/afternoon_greeting_d/init	You feel compelled to talk to Caldarus' Statue.	Quelque chose vous pousse à parler à la statue de Caldarus.	У вас появилось желание поговорить со статуей Кальдаруса.	Усещаш неудържим порив да поговориш със статуята на Калдаръс.
Conversations/Bank/Caldarus/Statue Lines/general_lines/afternoon_greeting_e/1	The sun is already getting high in the sky...	Le soleil est déjà haut dans le ciel...	Солнце уже встало так высоко...	Слънцето вече се издига високо в небето...
Conversations/Bank/Caldarus/Statue Lines/general_lines/afternoon_greeting_e/init	You feel compelled to talk to Caldarus' Statue.	Quelque chose vous pousse à parler à la statue de Caldarus.	У вас появилось желание поговорить со статуей Кальдаруса.	Усещаш неудържим порив да поговориш със статуята на Калдаръс.
Conversations/Bank/Caldarus/Statue Lines/general_lines/afternoon_greeting_f/1	I am sure tonight's sunset will be another beautiful one.	Je suis certain que nous aurons encore un magnifique coucher de soleil, ce soir.	Сегодня наверняка снова будет прекрасный закат.	Сигурен съм, че и тази вечер залезът ще бъде красив.
Conversations/Bank/Caldarus/Statue Lines/general_lines/afternoon_greeting_f/init	You feel compelled to talk to Caldarus' Statue.	Quelque chose vous pousse à parler à la statue de Caldarus.	У вас появилось желание поговорить со статуей Кальдаруса.	Усещаш неудържим порив да поговориш със статуята на Калдаръс.
Conversations/Bank/Caldarus/Statue Lines/general_lines/blizzard_winter/1	I appreciate that you would make the time to speak with me today...	J'apprécie que tu aies pris le temps de venir me parler aujourd'hui...	Мне приятно, что ты <p>нашли</p><f>нашла</f><m>нашёл</m><n>нашло</n> время поговорить со мной сегодня...	Оценявам, че отдели време да поговориш с мен днес...
Conversations/Bank/Caldarus/Statue Lines/general_lines/blizzard_winter/2	But I would feel better knowing you were warm and safe indoors. The snow is getting heavy.	Mais je me sentirais mieux en sachant que tu es au chaud et à l'abri à l'intérieur. Il commence à y avoir beaucoup de neige.	Но мне было бы спокойнее знать, что ты сидишь дома в тепле и уюте. Сегодня сильный снегопад.	Но ще съм по-спокоен, ако знам, че си на топло и в безопасност у дома. Снегът се усилва.
Conversations/Bank/Caldarus/Statue Lines/general_lines/blizzard_winter/init	You feel compelled to talk to Caldarus' Statue.	Quelque chose vous pousse à parler à la statue de Caldarus.	У вас появилось желание поговорить со статуей Кальдаруса.	Усещаш неудържим порив да поговориш със статуята на Калдаръс.
Conversations/Bank/Caldarus/Statue Lines/general_lines/died_0/1	I can tell that you have met an unfortunate fate beneath the town. Rest and heal, and do not be discouraged. What you attempt, few mortals would succeed in.	Je sais que tu as connu un destin funeste sous la ville. Repose-toi, guéris et ne te laisse pas décourager. Ce que tu tentes, peu de mortels y parviendraient.	Я знаю, что под этим городом тебя настигла печальная судьба. Отдыхай, восстанавливайся и не падай духом. Немногим из смертных то, что ты делаешь.	Виждам, че под града те е сполетяла злощастна съдба. Почини си, възстанови се и не се обезкуражавай. Малцина смъртни биха успели в това, което се опитваш да направиш.
Conversations/Bank/Caldarus/Statue Lines/general_lines/died_0/init	You feel compelled to talk to Caldarus' Statue.	Quelque chose vous pousse à parler à la statue de Caldarus.	У вас появилось желание поговорить со статуей Кальдаруса.	Усещаш неудържим порив да поговориш със статуята на Калдаръс.
Conversations/Bank/Caldarus/Statue Lines/general_lines/died_1/1	You seem battered, [Ari]. You should consider investing in stronger armor and weapons to help keep you safe.	Tu sembles à bout de force, [Ari]. Tu devrais envisager d'investir dans des armures et des armes plus solides qui te protégeraient davantage.	Выглядишь побито, [Ari]. Возможно, тебе стоит обзавестись доспехами и оружием попрочнее для безопасности.	<he>Изглеждаш доста пострадал, [Ari]. Помисли дали да не си набавиш по-здрава броня и по-добри оръжия, за да си в безопасност.</he><she>Изглеждаш доста пострадала, [Ari]. Помисли дали да не си набавиш по-здрава броня и по-добри оръжия, за да си в безопасност.</she><they>Изглеждате доста пострадали, [Ari]. Помислете дали да не си набавите по-здрава броня и по-добри оръжия, за да сте в безопасност.</they>
Conversations/Bank/Caldarus/Statue Lines/general_lines/died_1/init	You feel compelled to talk to Caldarus' Statue.	Quelque chose vous pousse à parler à la statue de Caldarus.	У вас появилось желание поговорить со статуей Кальдаруса.	Усещаш неудържим порив да поговориш със статуята на Калдаръс.
Conversations/Bank/Caldarus/Statue Lines/general_lines/fainted_0/1	You seem unwell today, [Ari]. Pray, do not overexert yourself today.	Tu ne sembles pas en forme, [Ari]. Je t'en prie, essaie de ne pas te surmener aujourd'hui.	Ты сегодня как будто <p>ослабли</p><f>ослабла</f><m>ослаб</m><n>ослабло</n>, [Ari]. Пожалуйста, не перетрудись сегодня.	Днес не изглеждаш добре, [Ari]. Моля те, не се претоварвай.
Conversations/Bank/Caldarus/Statue Lines/general_lines/fainted_0/init	You feel compelled to talk to Caldarus' Statue.	Quelque chose vous pousse à parler à la statue de Caldarus.	У вас появилось желание поговорить со статуей Кальдаруса.	Усещаш неудържим порив да поговориш със статуята на Калдаръс.
Conversations/Bank/Caldarus/Statue Lines/general_lines/fainted_1/1	Are you tired? A good meal should help.	La fatigue se fait sentir ? Un bon repas devrait t'aider.	Ты <p>устали</p><f>устала</f><m>устал</m><n>устало</n>? Тогда лучше подкрепиться как следует.	<he>Уморен ли си</he><she>Уморена ли си</she><they>Уморени ли сте</they>? Нещо хубаво за ядене би трябвало да помогне.
Conversations/Bank/Caldarus/Statue Lines/general_lines/fainted_1/init	You feel compelled to talk to Caldarus' Statue.	Quelque chose vous pousse à parler à la statue de Caldarus.	У вас появилось желание поговорить со статуей Кальдаруса.	Усещаш неудържим порив да поговориш със статуята на Калдаръс.
Conversations/Bank/Caldarus/Statue Lines/general_lines/fall_afternoon_a/1	Ah, another crisp fall day.	Ah, encore un jour d'automne frisquet.	Ах, ещё один чудный осенний денёк.	Ах, още един свеж есенен ден.
Conversations/Bank/Caldarus/Statue Lines/general_lines/fall_afternoon_a/init	You feel compelled to talk to Caldarus' Statue.	Quelque chose vous pousse à parler à la statue de Caldarus.	У вас появилось желание поговорить со статуей Кальдаруса.	Усещаш неудържим порив да поговориш със статуята на Калдаръс.
Conversations/Bank/Caldarus/Statue Lines/general_lines/fall_afternoon_b/1	I enjoy watching the falling leaves this time of year.	J'aime contempler la chute des feuilles à cette période de l'année.	В это время года я люблю наблюдать за опадающей листвой.	По това време на годината обичам да гледам как падат листата.
Conversations/Bank/Caldarus/Statue Lines/general_lines/fall_afternoon_b/init	You feel compelled to talk to Caldarus' Statue.	Quelque chose vous pousse à parler à la statue de Caldarus.	У вас появилось желание поговорить со статуей Кальдаруса.	Усещаш неудържим порив да поговориш със статуята на Калдаръс.
Conversations/Bank/Caldarus/Statue Lines/general_lines/fall_afternoon_c/1	The fall leaves look brilliant in the afternoon sun...	Les feuilles d'automne semblent éclatantes dans le soleil de l'après-midi...	Днём осенние листья будто сверкают в лучах солнца.	Есенните листа изглеждат великолепно в следобедното слънце...
Conversations/Bank/Caldarus/Statue Lines/general_lines/fall_afternoon_c/init	You feel compelled to talk to Caldarus' Statue.	Quelque chose vous pousse à parler à la statue de Caldarus.	У вас появилось желание поговорить со статуей Кальдаруса.	Усещаш неудържим порив да поговориш със статуята на Калдаръс.
Conversations/Bank/Caldarus/Statue Lines/general_lines/fall_morning_a/1	It is a bit chilly this morning.	Il fait un peu frais ce matin.	Утро сегодня слегка прохладное.	Тази сутрин е малко хладно.
Conversations/Bank/Caldarus/Statue Lines/general_lines/fall_morning_a/init	You feel compelled to talk to Caldarus' Statue.	Quelque chose vous pousse à parler à la statue de Caldarus.	У вас появилось желание поговорить со статуей Кальдаруса.	Усещаш неудържим порив да поговориш със статуята на Калдаръс.
Conversations/Bank/Caldarus/Statue Lines/general_lines/fall_morning_b/1	The wind is calm today. I expect the afternoon will warm up.	Le vent est calme, aujourd'hui. L'après-midi devrait être doux.	Ветер сегодня тихий. Думаю, днём воздух прогреется.	Вятърът днес е слаб. Очаквам следобедът да се затопли.
Conversations/Bank/Caldarus/Statue Lines/general_lines/fall_morning_b/init	You feel compelled to talk to Caldarus' Statue.	Quelque chose vous pousse à parler à la statue de Caldarus.	У вас появилось желание поговорить со статуей Кальдаруса.	Усещаш неудържим порив да поговориш със статуята на Калдаръс.
Conversations/Bank/Caldarus/Statue Lines/general_lines/fall_morning_c/1	Mmm... the autumn air is so fresh first thing in the morning.	Mmm... L'air est si frais en automne, au petit matin.	Ммм... в осеннем воздухе с утра такая свежесть.	Мм... Есенният въздух е толкова свеж рано сутрин.
Conversations/Bank/Caldarus/Statue Lines/general_lines/fall_morning_c/init	You feel compelled to talk to Caldarus' Statue.	Quelque chose vous pousse à parler à la statue de Caldarus.	У вас появилось желание поговорить со статуей Кальдаруса.	Усещаш неудържим порив да поговориш със статуята на Калдаръс.
Conversations/Bank/Caldarus/Statue Lines/general_lines/fall_night_a/1	The evenings are getting colder. Stay warm, [Ari].	Les soirées commencent à devenir fraîches. Couvre-toi bien, [Ari].	Вечером стало холодать. Смотри не замёрзни, [Ari].	Вечерите стават по-студени. Пази се на топло, [Ari].
Conversations/Bank/Caldarus/Statue Lines/general_lines/fall_night_a/init	You feel compelled to talk to Caldarus' Statue.	Quelque chose vous pousse à parler à la statue de Caldarus.	У вас появилось желание поговорить со статуей Кальдаруса.	Усещаш неудържим порив да поговориш със статуята на Калдаръс.
Conversations/Bank/Caldarus/Statue Lines/general_lines/fall_night_b/1	I suspect we will have another frost tonight...	Je crois qu'il va encore geler, cette nuit...	Подозреваю, сегодня тоже будет морозная ночь...	Подозирам, че тази нощ отново ще има слана...
Conversations/Bank/Caldarus/Statue Lines/general_lines/fall_night_b/init	You feel compelled to talk to Caldarus' Statue.	Quelque chose vous pousse à parler à la statue de Caldarus.	У вас появилось желание поговорить со статуей Кальдаруса.	Усещаш неудържим порив да поговориш със статуята на Калдаръс.
Conversations/Bank/Caldarus/Statue Lines/general_lines/fall_night_c/1	Make sure you have plenty of wood for the fire. It seems that tonight is going to be quite cold.	Assure-toi d'avoir assez de bois pour le feu. J'ai l'impression qu'il va faire très froid, cette nuit.	Не забывай запасаться дровами. Ночь сегодня обещает быть холодной.	Увери се, че имаш достатъчно дърва за огъня. Изглежда тази нощ ще бъде доста студена.
Conversations/Bank/Caldarus/Statue Lines/general_lines/fall_night_c/init	You feel compelled to talk to Caldarus' Statue.	Quelque chose vous pousse à parler à la statue de Caldarus.	У вас появилось желание поговорить со статуей Кальдаруса.	Усещаш неудържим порив да поговориш със статуята на Калдаръс.
Conversations/Bank/Caldarus/Statue Lines/general_lines/friday/1	Ah [Ari], happy Friday. Will you be going to the Inn tonight with your fellow townsfolk?	Ah, [Ari]. J'espère que tu savoures ton vendredi. Rejoindras-tu les autres habitants à l'auberge, ce soir ?	А, [Ari], с пятницей тебя! Пойдёшь сегодня вечером в трактир с односельчанами?	Ah [Ari], happy Friday. Will you be going to the Inn tonight with your fellow townsfolk?
Conversations/Bank/Caldarus/Statue Lines/general_lines/friday/init	You feel compelled to talk to Caldarus' Statue.	Quelque chose vous pousse à parler à la statue de Caldarus.	У вас появилось желание поговорить со статуей Кальдаруса.	You feel compelled to talk to Caldarus' Statue.
Conversations/Bank/Caldarus/Statue Lines/general_lines/general_lines_1/1	From what you've told me, it seems that much has changed in Mistria over the years...	De ce que tu m'as dit, beaucoup de choses ont changé à Mistria au fil des ans...	Судя по тому, что ты рассказываешь, в Мистрии за эти годы многое поменялось...	Съдейки по това, което ми разказваш, през годините в Мистрия много неща са се променили...
Conversations/Bank/Caldarus/Statue Lines/general_lines/general_lines_1/init	You feel compelled to talk to Caldarus' Statue.	Quelque chose vous pousse à parler à la statue de Caldarus.	У вас появилось желание поговорить со статуей Кальдаруса.	Усещаш неудържим порив да поговориш със статуята на Калдаръс.
Conversations/Bank/Caldarus/Statue Lines/general_lines/general_lines_10/1	You have adopted an animal? What an interesting concept. AND you built them their own home? How kind.	Tu as adopté un animal ? Quel concept intéressant ! Et de plus, tu lui construis sa propre maison ? Que c'est gentil !	Ты <p>приютили</p><f>приютила</f><m>приютил</m><n>приютило</n> животное? Какая любопытная затея. И для него у тебя целый отдельный ДОМ? Очень заботливо с твоей стороны.	Осиновил си животно? Каква интересна идея. И си му построил собствен дом? Колко мило.
Conversations/Bank/Caldarus/Statue Lines/general_lines/general_lines_10/init	You feel compelled to talk to Caldarus' Statue.	Quelque chose vous pousse à parler à la statue de Caldarus.	У вас появилось желание поговорить со статуей Кальдаруса.	Усещаш неудържим порив да поговориш със статуята на Калдаръс.
Conversations/Bank/Caldarus/Statue Lines/general_lines/general_lines_11/1	The people of my time had a saying that they passed down through many generations...	Les gens de mon époque se transmettaient un dicton d'une génération à l'autre...	В мои времена у людей была одна пословица, передаваемая из поколения в поколение...	Хората от моето време са имали поговорка, която са предавали през много поколения...
Conversations/Bank/Caldarus/Statue Lines/general_lines/general_lines_11/2	"""Do not forget that there's a $jump button$"", I believe it was."	Il me semble que c'était « N'oublie pas qu'il existe une $touche de saut$ ».	Кажется, они говорили «не забывай про $кнопку прыжка$».	„Не забравяй, че има $бутон за скок$“, мисля, че беше.
Conversations/Bank/Caldarus/Statue Lines/general_lines/general_lines_11/3	I assume that makes more sense if you're human. Perhaps you will find it useful.	Je suppose que cela a davantage de sens quand on est humain. Peut-être trouveras-tu cet adage utile ?	Полагаю, это выражение более понятно для людей. Возможно, оно тебе поможет.	Предполагам, че това има повече смисъл, ако си човек. Може би ще ти е полезно.
Conversations/Bank/Caldarus/Statue Lines/general_lines/general_lines_11/init	You feel compelled to talk to Caldarus' Statue.	Quelque chose vous pousse à parler à la statue de Caldarus.	У вас появилось желание поговорить со статуей Кальдаруса.	Усещаш неудържим порив да поговориш със статуята на Калдаръс.
Conversations/Bank/Caldarus/Statue Lines/general_lines/general_lines_12/1	"If you find yourself getting low on energy, do not forget to ""$cook$"" something and then consume it."	Si ton niveau d'énergie baisse trop, n'oublie pas de « $cuisiner$ » quelque chose et de le consommer.	"Когда чувствуешь нехватку сил, не забывай ""$приготовить$"" себе что-нибудь, а затем съесть."	Ако усетиш, че ти свършва енергията, не забравяй да „$сготвиш$“ нещо и после да го изядеш.
Conversations/Bank/Caldarus/Statue Lines/general_lines/general_lines_12/2	That is how it typically works with humans, correct?	C'est bien ainsi que cela fonctionne en général avec les humains, je me trompe ?	У людей это ведь так работает?	Така обикновено работи при хората, нали?
Conversations/Bank/Caldarus/Statue Lines/general_lines/general_lines_12/init	You feel compelled to talk to Caldarus' Statue.	Quelque chose vous pousse à parler à la statue de Caldarus.	У вас появилось желание поговорить со статуей Кальдаруса.	Усещаш неудържим порив да поговориш със статуята на Калдаръс.
Conversations/Bank/Caldarus/Statue Lines/general_lines/general_lines_13/1	This land is a bountiful one. Be sure to explore and $Forage$ all it has to offer you.	Cette terre est très généreuse. Surtout, explore-la et $récolte$ tout ce qu'elle a à t'offrir.	Здешние земли плодородны. Ты можешь исследовать их и $собирать$ всё, что найдёшь.	Тази земя е плодородна. Не забравяй да я изследваш и да $събираш растения$ от нея.
Conversations/Bank/Caldarus/Statue Lines/general_lines/general_lines_13/init	You feel compelled to talk to Caldarus' Statue.	Quelque chose vous pousse à parler à la statue de Caldarus.	У вас появилось желание поговорить со статуей Кальдаруса.	Усещаш неудържим порив да поговориш със статуята на Калдаръс.
Conversations/Bank/Caldarus/Statue Lines/general_lines/general_lines_14/1	The waters of this land have much to offer you...	Les eaux de cette terre ont beaucoup à t'offrir...	Местные воды хранят множество даров для тебя...	Водите на тази земя могат да ти предложат много...
Conversations/Bank/Caldarus/Statue Lines/general_lines/general_lines_14/2	Be sure to explore them via $Fishing$, $Swimming$, and $Diving$.	Surtout, explore-les en $pêchant$, en $nageant$ et en $plongeant$.	Ты можешь их найти, когда $рыбачишь$, $плаваешь$ или $ныряешь$.	Изследвай ги чрез $риболов$, $плуване$ и $гмуркане$.
Conversations/Bank/Caldarus/Statue Lines/general_lines/general_lines_14/init	You feel compelled to talk to Caldarus' Statue.	Quelque chose vous pousse à parler à la statue de Caldarus.	У вас появилось желание поговорить со статуей Кальдаруса.	Усещаш неудържим порив да поговориш със статуята на Калдаръс.
Conversations/Bank/Caldarus/Statue Lines/general_lines/general_lines_15/1	[Ari], your offerings of $Essence$ are greatly appreciated.	[Ari], j'apprécie grandement des offrandes d'$essence$.	[Ari], спасибо тебе большое за $эссенцию$, которую ты приносишь.	Много ценя, че ми принасяш $Есенция$, [Ari].
Conversations/Bank/Caldarus/Statue Lines/general_lines/general_lines_15/2	Along with the increased flow from underground, I feel my strength slowly recovering.	Grâce à elles et au flux croissant qui émane du sous-sol, je sens mes forces me revenir petit à petit.	Благодаря ей, а также усилившимся потокам из-под земли я чувствую, как мои силы начинают возвращаться.	Наред с усиления поток на магията от Мините усещам как силата ми бавно се възстановява.
Conversations/Bank/Caldarus/Statue Lines/general_lines/general_lines_15/3	Please continue to offer your $Essence$, I will share my restored power with you via $Skill Perks$.	Je t'en prie, continue de m'offrir cette $essence$, une fois mon pouvoir revenu, je le partagerai avec toi grâce à des $bonus de compétences$.	Пожалуйста, продолжай оставлять $эссенцию$, а я поделюсь с тобой своей обретённой силой в виде $навыков$.	Моля те, продължавай да ми принасяш $Есенция$. Ще споделя възвърнатата си сила с теб чрез $умения$.
Conversations/Bank/Caldarus/Statue Lines/general_lines/general_lines_15/init	You feel compelled to talk to Caldarus' Statue.	Quelque chose vous pousse à parler à la statue de Caldarus.	У вас появилось желание поговорить со статуей Кальдаруса.	Усещаш неудържим порив да поговориш със статуята на Калдаръс.
Conversations/Bank/Caldarus/Statue Lines/general_lines/general_lines_16/1	It seems if I strain my memory I can recall things from very long ago, but the last few thousand years are shrouded...	Si je fais un effort de mémoire, certains souvenirs très anciens me reviennent, mais tout reste confus sur les derniers milliers d'années...	Кажется, у меня получается вспомнить что-то из очень давних времён, когда я напрягаю память. Но последние несколько тысяч лет покрыты туманом...	Ако напрегна паметта си, сякаш мога да си спомня неща отпреди много отдавна, но последните няколко хиляди години са забулени в мъгла...
Conversations/Bank/Caldarus/Statue Lines/general_lines/general_lines_16/init	You feel compelled to talk to Caldarus' Statue.	Quelque chose vous pousse à parler à la statue de Caldarus.	У вас появилось желание поговорить со статуей Кальдаруса.	Усещаш неудържим порив да поговориш със статуята на Калдаръс.
Conversations/Bank/Caldarus/Statue Lines/general_lines/general_lines_17/1	Thank you for taking the time to talk to me, [Ari]. I know how busy you are aiding the town.	Merci de prendre le temps de venir me parler, [Ari]. Je sais toute l'aide que tu apportes à la ville et combien cela t'occupe.	Спасибо, что находишь время поговорить со мной, [Ari]. Я знаю, что ты сильно <p>заняты</p><f>занята</f><m>занят</m><n>занято</n> работами по городу.	Благодаря, че отделяш време да поговорим, [Ari]. Знам колко много помагаш на града.
Conversations/Bank/Caldarus/Statue Lines/general_lines/general_lines_17/init	You feel compelled to talk to Caldarus' Statue.	Quelque chose vous pousse à parler à la statue de Caldarus.	У вас появилось желание поговорить со статуей Кальдаруса.	Усещаш неудържим порив да поговориш със статуята на Калдаръс.
Conversations/Bank/Caldarus/Statue Lines/general_lines/general_lines_18/1	The essence that you bring to me continues to slowly restore my power. It is astonishing how weak I had become.	L'essence que tu m'apportes continue de me rendre lentement mon pouvoir. Il est incroyable que je sois devenu si faible.	Эссенция, которую ты приносишь, продолжает слегка подпитывать мои силы. Потрясающе, как я ослаб за это время.	Есенцията, която ми носиш, продължава бавно да възстановява силата ми. Удивително е колко слаб бях станал.
Conversations/Bank/Caldarus/Statue Lines/general_lines/general_lines_18/init	You feel compelled to talk to Caldarus' Statue.	Quelque chose vous pousse à parler à la statue de Caldarus.	У вас появилось желание поговорить со статуей Кальдаруса.	Усещаш неудържим порив да поговориш със статуята на Калдаръс.
Conversations/Bank/Caldarus/Statue Lines/general_lines/general_lines_19/1	Boredom? I cannot say I understand the concept. Perhaps it is a human affliction?	L'ennui ? Je ne crois pas comprendre ce concept. Peut-être est-ce là une affliction humaine ?	Скучно? Не уверен, что мне знакомо это понятие. Может, это чисто людской недуг?	Скука? Не мога да кажа, че разбирам това понятие. Може би е човешка слабост?
Conversations/Bank/Caldarus/Statue Lines/general_lines/general_lines_19/init	You feel compelled to talk to Caldarus' Statue.	Quelque chose vous pousse à parler à la statue de Caldarus.	У вас появилось желание поговорить со статуей Кальдаруса.	Усещаш неудържим порив да поговориш със статуята на Калдаръс.
Conversations/Bank/Caldarus/Statue Lines/general_lines/general_lines_2/1	Are you tending your fields? Cultivating the land will yield many benefits.	T'occupes-tu de tes champs ? Cultiver la terre te rapportera de nombreux bénéfices.	Ты следишь за своими полями? Земля будет щедра, если её обрабатывать.	Грижиш ли се за нивите си? Обработването на земята носи много ползи.
Conversations/Bank/Caldarus/Statue Lines/general_lines/general_lines_2/init	You feel compelled to talk to Caldarus' Statue.	Quelque chose vous pousse à parler à la statue de Caldarus.	У вас появилось желание поговорить со статуей Кальдаруса.	Усещаш неудържим порив да поговориш със статуята на Калдаръс.
Conversations/Bank/Caldarus/Statue Lines/general_lines/general_lines_20/1	Do not worry yourself unduly over me, [Ari]. Dragons are immortal, whether my power returns tomorrow or in a year, I can be patient.	Ne t'inquiète pas inutilement pour moi, [Ari]. Les dragons sont immortels. Que mon pouvoir revienne demain ou dans un an, je saurai attendre.	Не беспокойся попусту обо мне, [Ari]. Драконы бессмертны, так что моя сила может вернуться завтра или через год, я подожду.	Не се тревожи прекалено за мен, [Ari]. Драконите са безсмъртни; дали силата ми ще се върне утре или след година, мога да бъда търпелив.
Conversations/Bank/Caldarus/Statue Lines/general_lines/general_lines_20/init	You feel compelled to talk to Caldarus' Statue.	Quelque chose vous pousse à parler à la statue de Caldarus.	У вас появилось желание поговорить со статуей Кальдаруса.	Усещаш неудържим порив да поговориш със статуята на Калдаръс.
Conversations/Bank/Caldarus/Statue Lines/general_lines/general_lines_21/1	Seeing you work so diligently on your land makes me wish I could help. Although I suppose as a dragon clearing the land would require a most delicate touch.	Quand je te vois travailler autant sur tes terres, cela me donne envie de t'aider. Quoique pour un dragon, dégager un terrain nécessiterait une grande délicatesse.	Когда смотрю, как ты прилежно ухаживаешь за землёй, хочется тебе помочь. Хотя, наверное, для дракона расчистка земли потребовала бы исключительной деликатности.	Като те гледам колко усърдно работиш земята си, ми се иска да можех да помогна. Макар че за дракон разчистването ѝ вероятно изисква много деликатен подход.
Conversations/Bank/Caldarus/Statue Lines/general_lines/general_lines_21/init	You feel compelled to talk to Caldarus' Statue.	Quelque chose vous pousse à parler à la statue de Caldarus.	У вас появилось желание поговорить со статуей Кальдаруса.	Усещаш неудържим порив да поговориш със статуята на Калдаръс.
Conversations/Bank/Caldarus/Statue Lines/general_lines/general_lines_22/1	My birth... day? Hmm... I hatched in the springtime of a long ago age, the last of my clutchmates.	Ma date de... naissance ? Mmm... J'ai éclos au printemps d'une époque fort lointaine, j'étais le tout dernier de la couvée.	Мой день... рождения? Хмм... Я вылупился весной в давнюю-давнюю эпоху, последним из своей кладки.	Моят рожден... ден? Хм... Излюпих се през пролетта на една отдавна отминала епоха, последен от своето люпило.
Conversations/Bank/Caldarus/Statue Lines/general_lines/general_lines_22/init	You feel compelled to talk to Caldarus' Statue.	Quelque chose vous pousse à parler à la statue de Caldarus.	У вас появилось желание поговорить со статуей Кальдаруса.	Усещаш неудържим порив да поговориш със статуята на Калдаръс.
Conversations/Bank/Caldarus/Statue Lines/general_lines/general_lines_23/1	A small bird has been recently using me as a perch. It is very... cute. Although I hope it does not try to build a nest on me.	Un petit oiseau s'est récemment servi de moi comme perchoir. C'est très... mignon. J'espère néanmoins qu'il n'essaiera pas de construire son nid sur moi.	Недавно какая-то маленькая птичка стала использовать меня как насест. Весьма мило... Правда, я надеюсь, она не станет строить на мне гнездо.	Напоследък едно малко птиче ме използва за стойка за птици. Много е... сладко. Само се надявам да не реши да свие гнездо върху мен.
Conversations/Bank/Caldarus/Statue Lines/general_lines/general_lines_23/init	You feel compelled to talk to Caldarus' Statue.	Quelque chose vous pousse à parler à la statue de Caldarus.	У вас появилось желание поговорить со статуей Кальдаруса.	Усещаш неудържим порив да поговориш със статуята на Калдаръс.
Conversations/Bank/Caldarus/Statue Lines/general_lines/general_lines_24/1	I feel both the heat of summer and the cold of winter, but you do not need to concern yourself for my comfort. A dragon is above such things.	Je ressens aussi bien la chaleur de l'été que le froid de l'hiver, mais inutile de te soucier de mon confort. Les dragons sont au-dessus de ça.	Я чувствую и жару летом, и холод зимой, но тебе не стоит беспокоиться о моём комфорте. Драконы выше этих понятий.	Усещам и летните горещини, и зимния студ, но не е нужно да се тревожиш за удобството ми. Драконите са над такива неща.
Conversations/Bank/Caldarus/Statue Lines/general_lines/general_lines_24/init	You feel compelled to talk to Caldarus' Statue.	Quelque chose vous pousse à parler à la statue de Caldarus.	У вас появилось желание поговорить со статуей Кальдаруса.	Усещаш неудържим порив да поговориш със статуята на Калдаръс.
Conversations/Bank/Caldarus/Statue Lines/general_lines/general_lines_25/1	Having seen so few humans in this new age, would you say that you are a typical example?	J'ai vu très peu d'humains durant cette nouvelle ère. Dirais-tu que tu en es un exemple représentatif ?	В эту новую эпоху я видел очень мало людей. Ты можешь сказать, что ты — типичный пример человека?	В тази нова епоха съм виждал толкова малко хора. Смяташ ли, че си типичен представител?
Conversations/Bank/Caldarus/Statue Lines/general_lines/general_lines_25/1/prompts/0	I'm just your everyday human!	Je suis un être humain tout ce qu'il y a de banal !	Я такой же человек как и все!	Аз съм съвсем обикновен човек!
Conversations/Bank/Caldarus/Statue Lines/general_lines/general_lines_25/1/prompts/1	I'm pretty exceptional.	Je suis un être assez exceptionnel.	Я отличаюсь от других.	Доста съм необикновен.
Conversations/Bank/Caldarus/Statue Lines/general_lines/general_lines_25/2	How interesting, you would have been someone extraordinary in the last age.	Voilà qui est intéressant. À l'ère précédente, tu aurais été une personne extraordinaire.	Как любопытно. В прошлую эпоху ты бы <p>выделялись</p><f>выделялась</f><m>выделялся</m><n>выделялось</n> среди других.	Колко интересно. В предишната епоха щяха да те смятат за <he>изключителен</he><she>изключителна</she><they>изключителни</they>.
Conversations/Bank/Caldarus/Statue Lines/general_lines/general_lines_25/3	It does seem so to me.	J'en ai effectivement l'impression.	Я полагаю так же.	И на мен така ми изглежда.
Conversations/Bank/Caldarus/Statue Lines/general_lines/general_lines_25/init	You feel compelled to talk to Caldarus' Statue.	Quelque chose vous pousse à parler à la statue de Caldarus.	У вас появилось желание поговорить со статуей Кальдаруса.	Усещаш неудържим порив да поговориш със статуята на Калдаръс.
Conversations/Bank/Caldarus/Statue Lines/general_lines/general_lines_26/1	You would like to give me a gift? While I appreciate the thought, my current form has no need for material things.	Tu aimerais me faire un cadeau ? Quoique j'apprécie cette attention, sous ma forme actuelle, les choses matérielles me sont inutiles.	Ты хочешь подарить мне подарок? Я ценю это намерение, но в нынешнем состоянии мне нет нужды в материальных вещах.	Искаш да ми дадеш подарък? Оценявам жеста, но в сегашната си форма нямам нужда от материални вещи.
Conversations/Bank/Caldarus/Statue Lines/general_lines/general_lines_26/init	You feel compelled to talk to Caldarus' Statue.	Quelque chose vous pousse à parler à la statue de Caldarus.	У вас появилось желание поговорить со статуей Кальдаруса.	Усещаш неудържим порив да поговориш със статуята на Калдаръс.
Conversations/Bank/Caldarus/Statue Lines/general_lines/general_lines_27/1	You have heard that a dragon has a hoard of treasure? I suppose I had collected quite a pile of knick-knacks over the years...	Tu as entendu dire que les dragons possédaient des trésors ? Il est vrai que j'ai amassé pas mal de babioles au fil des ans...	Ты <p>слышали</p><f>слышала</f><m>слышал</m><n>слышало</n> про дракона с горой сокровищ? Кажется, за долгие годы я и правда скопил кучу безделушек...	<he>Чувал ли си</he><she>Чувала ли си</she><they>Чували ли сте</they>, че драконът има съкровищница? Предполагам, че през годините съм събрал доста дрънкулки...
Conversations/Bank/Caldarus/Statue Lines/general_lines/general_lines_27/2	I do not believe anyone else would think of it as treasure in the traditional sense, however.	Néanmoins, je ne crois pas que qui que ce soit d'autre considère cela comme un trésor au sens premier du terme.	Однако, не думаю, что кто-то ещё будет воспринимать их как сокровища в прямом смысле слова.	Но не мисля, че някой друг би ги нарекъл съкровище в традиционния смисъл.
Conversations/Bank/Caldarus/Statue Lines/general_lines/general_lines_27/init	You feel compelled to talk to Caldarus' Statue.	Quelque chose vous pousse à parler à la statue de Caldarus.	У вас появилось желание поговорить со статуей Кальдаруса.	Усещаш неудържим порив да поговориш със статуята на Калдаръс.
Conversations/Bank/Caldarus/Statue Lines/general_lines/general_lines_28/1	Zzz... Oh! [Ari], good day. Something about being a statue seems to make me prone to naps.	Zzz... Oh ! [Ari], bonjour. Il semblerait que ma forme de statue me rende assez enclin à la sieste.	Хрр... О! [Ari], доброго дня. Почему-то в состоянии статуи мне часто хочется вздремнуть.	Ззз... О! Добър ден, [Ari]. Явно в статуята има нещо, което ме предразполага към дрямки.
Conversations/Bank/Caldarus/Statue Lines/general_lines/general_lines_28/init	You feel compelled to talk to Caldarus' Statue.	Quelque chose vous pousse à parler à la statue de Caldarus.	У вас появилось желание поговорить со статуей Кальдаруса.	Усещаш неудържим порив да поговориш със статуята на Калдаръс.
Conversations/Bank/Caldarus/Statue Lines/general_lines/general_lines_29/1	When I regain my power, I would very much like to sample some of these mouthwatering dishes you describe. =Beet Soup=! How novel.	Quand j'aurai récupéré mon pouvoir, j'aimerais beaucoup goûter à l'un de ces plats appétissants que tu me décris. La =soupe de betterave=. Quelle nouveauté !	Когда я восстановлю свои силы, я бы очень хотел попробовать те аппетитные блюда, о которых ты рассказываешь. =Свекольный суп= — вот это новшество!	Когато възвърна силите си, много бих искал да опитам някои от тези апетитни ястия, за които разказваш. =Супа от цвекло=! Колко необичайно.
Conversations/Bank/Caldarus/Statue Lines/general_lines/general_lines_29/init	You feel compelled to talk to Caldarus' Statue.	Quelque chose vous pousse à parler à la statue de Caldarus.	У вас появилось желание поговорить со статуей Кальдаруса.	Усещаш неудържим порив да поговориш със статуята на Калдаръс.
Conversations/Bank/Caldarus/Statue Lines/general_lines/general_lines_3/1	Mistria was an abundant place in my time, I am glad to hear it is still so.	Mistria était un lieu d'abondance, à mon époque, je suis heureux d'entendre que c'est toujours le cas.	В мои времена Мистрия была благодатным краем. Приятно слышать, что сейчас всё так же.	В моето време Мистрия беше изобилно място; радвам се да чуя, че още е така.
Conversations/Bank/Caldarus/Statue Lines/general_lines/general_lines_3/init	You feel compelled to talk to Caldarus' Statue.	Quelque chose vous pousse à parler à la statue de Caldarus.	У вас появилось желание поговорить со статуей Кальдаруса.	Усещаш неудържим порив да поговориш със статуята на Калдаръс.
Conversations/Bank/Caldarus/Statue Lines/general_lines/general_lines_30/1	This =Mont Blanc= you speak of sounds delightful! No such confection existed in my time.	Ce =mont-blanc= dont tu me parles semble être un plat délicieux ! Une telle préparation n'existait pas à mon époque.	Этот =монблан=, о котором ты говоришь, звучит очаровательно! В моё время подобных сладостей не существовало.	Този =Монблан=, за който говориш, звучи чудесно! В моето време не е имало такова сладкарско изделие.
Conversations/Bank/Caldarus/Statue Lines/general_lines/general_lines_30/init	You feel compelled to talk to Caldarus' Statue.	Quelque chose vous pousse à parler à la statue de Caldarus.	У вас появилось желание поговорить со статуей Кальдаруса.	Усещаш неудържим порив да поговориш със статуята на Калдаръс.
Conversations/Bank/Caldarus/Statue Lines/general_lines/general_lines_31/1	You have seen gryphon statues around Mistria? They are noble guardians and protectors. I fondly remember sharing the skies with them.	Tu as vu des statues de griffon à Mistria ? Ce sont de nobles gardiens et protecteurs. Je me souviens avec tendresse avoir partagé les cieux avec eux.	Ты <p>видели</p><f>видела</f><m>видел</m><n>видело</n> в Мистрии статуи грифонов? Это благородные стражи и защитники. Я хорошо помню, как мы летали в одном небе.	<he>Виждал ли си</he><she>Виждала ли си</she><they>Виждали ли сте</they> статуите на грифони из Мистрия? Те са благородни пазители и защитници. С умиление си спомням как споделях небето с тях.
Conversations/Bank/Caldarus/Statue Lines/general_lines/general_lines_31/init	You feel compelled to talk to Caldarus' Statue.	Quelque chose vous pousse à parler à la statue de Caldarus.	У вас появилось желание поговорить со статуей Кальдаруса.	Усещаш неудържим порив да поговориш със статуята на Калдаръс.
Conversations/Bank/Caldarus/Statue Lines/general_lines/general_lines_32/1	Where should you invest your essence? The choices you are given merely represent the desires of your own heart. Choose how you like.	À quoi dois-tu consacrer ton essence ? Les choix qui te sont proposés ne sont que le reflet des désirs de ton cœur. Choisis ce qui te plaît.	На что лучше потратить эссенцию? Выбор, который лежит перед тобой, лишь отражает желания твоего собственного сердца. Выбирай, что захочешь.	Къде да вложиш Есенцията си? Предоставените ти възможности просто отразяват желанията на собственото ти сърце. Избери, както ти харесва.
Conversations/Bank/Caldarus/Statue Lines/general_lines/general_lines_32/init	You feel compelled to talk to Caldarus' Statue.	Quelque chose vous pousse à parler à la statue de Caldarus.	У вас появилось желание поговорить со статуей Кальдаруса.	Усещаш неудържим порив да поговориш със статуята на Калдаръс.
Conversations/Bank/Caldarus/Statue Lines/general_lines/general_lines_33/1	Every day that passes I see you grow more and more into your power, [Ari].	À chaque jour qui passe, je te vois grandir et t'adapter au pouvoir qui est le tien, [Ari].	Я вижу, как твои силы растут с каждым проходящим днём, [Ari].	С всеки изминал ден виждам как силата ти расте все повече, [Ari].
Conversations/Bank/Caldarus/Statue Lines/general_lines/general_lines_33/init	You feel compelled to talk to Caldarus' Statue.	Quelque chose vous pousse à parler à la statue de Caldarus.	У вас появилось желание поговорить со статуей Кальдаруса.	Усещаш неудържим порив да поговориш със статуята на Калдаръс.
Conversations/Bank/Caldarus/Statue Lines/general_lines/general_lines_34/1	There is no need to worry about fitting everything into one day, you have all the time in the world.	Tu n'as pas à t'inquiéter de tout faire tenir dans une journée, tu as tout le temps du monde.	Не трудись успеть всё в один день, ведь у тебя есть всё время этого мира.	Няма нужда да побираш всичко в един ден; разполагаш с цялото време на света.
Conversations/Bank/Caldarus/Statue Lines/general_lines/general_lines_34/init	You feel compelled to talk to Caldarus' Statue.	Quelque chose vous pousse à parler à la statue de Caldarus.	У вас появилось желание поговорить со статуей Кальдаруса.	Усещаш неудържим порив да поговориш със статуята на Калдаръс.
Conversations/Bank/Caldarus/Statue Lines/general_lines/general_lines_35/1	A little advice from a dragon who has lived millenia [Ari]. The sooner you learn to live in the moment, the richer your life will be.	Petit conseil d'un dragon qui a plusieurs millénaires de vie, [Ari]. Plus tôt tu apprendras à profiter de l'instant présent, plus ta vie sera riche.	Вот тебе неболбшой совет от дракона, прожившего много тысяч лет, [Ari]. Чем скорее ты научишься ценить настоящее, тем богаче будет твоя жизнь.	Малък съвет от дракон, живял хилядолетия, [Ari]. Колкото по-скоро се научиш да живееш в настоящето, толкова по-богат ще бъде животът ти.
Conversations/Bank/Caldarus/Statue Lines/general_lines/general_lines_35/init	You feel compelled to talk to Caldarus' Statue.	Quelque chose vous pousse à parler à la statue de Caldarus.	У вас появилось желание поговорить со статуей Кальдаруса.	Усещаш неудържим порив да поговориш със статуята на Калдаръс.
Conversations/Bank/Caldarus/Statue Lines/general_lines/general_lines_36/1	Why not try something new today? There is plenty to see and do in Mistria.	Pourquoi ne pas essayer quelque chose de nouveau, aujourd'hui ? Il y a beaucoup de choses à voir et à faire à Mistria.	Почему бы не попробовать сегодня что-нибудь новенькое? В Мистрии ещё много можно повидать и попробовать.	Защо не опиташ нещо ново днес? В Мистрия има толкова много за виждане и правене.
Conversations/Bank/Caldarus/Statue Lines/general_lines/general_lines_36/init	You feel compelled to talk to Caldarus' Statue.	Quelque chose vous pousse à parler à la statue de Caldarus.	У вас появилось желание поговорить со статуей Кальдаруса.	Усещаш неудържим порив да поговориш със статуята на Калдаръс.
Conversations/Bank/Caldarus/Statue Lines/general_lines/general_lines_37/1	Unlocking a skill perk has the potential to greatly improve the activity for you, I would advise that you experiment.	En débloquant un bonus de compétences, tu pourrais grandement améliorer ton activité, je te conseille d'essayer.	Открыв навык, ты можешь существенно улучшить свою работу, советую тебе поэкспериментировать.	Отключването на умение може значително да подобри съответното занимание; съветвам те да експериментираш.
Conversations/Bank/Caldarus/Statue Lines/general_lines/general_lines_37/init	You feel compelled to talk to Caldarus' Statue.	Quelque chose vous pousse à parler à la statue de Caldarus.	У вас появилось желание поговорить со статуей Кальдаруса.	Усещаш неудържим порив да поговориш със статуята на Калдаръс.
Conversations/Bank/Caldarus/Statue Lines/general_lines/general_lines_38/1	Be sure to spend time with your fellow townsfolk.	Surtout, passe du temps avec les autres habitants de la ville.	Не забывай общаться с односельчанами.	Не забравяй да прекарваш време със съгражданите си.
Conversations/Bank/Caldarus/Statue Lines/general_lines/general_lines_38/init	You feel compelled to talk to Caldarus' Statue.	Quelque chose vous pousse à parler à la statue de Caldarus.	У вас появилось желание поговорить со статуей Кальдаруса.	Усещаш неудържим порив да поговориш със статуята на Калдаръс.
Conversations/Bank/Caldarus/Statue Lines/general_lines/general_lines_4/1	The residents of the town seem quite welcoming, I would like to meet them myself one day.	Celles et ceux qui résident dans cette ville semblent très accueillants, j'aimerais pouvoir les rencontrer moi-même, un jour.	Кажется, местные жители очень приветливы. Когда-нибудь я бы хотел сам с ними повидаться.	Жителите на града изглеждат много приветливи. Бих искал един ден да се запозная с тях.
Conversations/Bank/Caldarus/Statue Lines/general_lines/general_lines_4/init	You feel compelled to talk to Caldarus' Statue.	Quelque chose vous pousse à parler à la statue de Caldarus.	У вас появилось желание поговорить со статуей Кальдаруса.	Усещаш неудържим порив да поговориш със статуята на Калдаръс.
Conversations/Bank/Caldarus/Statue Lines/general_lines/general_lines_5/1	This Celine sounds like a thoughtful and caring neighbor. Be sure to reciprocate her kindness.	Cette Céline semble être une voisine prévenante et attentionnée. Rends-lui la pareille, surtout.	По-моему, эта Селин — внимательная и заботливая соседка. Пожалуйста, отплати ей добром за добро.	Тази Селин звучи като внимателна и грижовна съседка. Не забравяй да отвърнеш на добрината ѝ.
Conversations/Bank/Caldarus/Statue Lines/general_lines/general_lines_5/init	You feel compelled to talk to Caldarus' Statue.	Quelque chose vous pousse à parler à la statue de Caldarus.	У вас появилось желание поговорить со статуей Кальдаруса.	Усещаш неудържим порив да поговориш със статуята на Калдаръс.
Conversations/Bank/Caldarus/Statue Lines/general_lines/general_lines_6/1	Hayden's love of the land is similar to my own. Be sure to learn what you can from him.	L'amour d'Hayden pour la terre est semblable au mien. Apprends de lui tout ce que tu peux, surtout.	Хейден любит эту землю так же, как и я. Ты можешь смело просить у него совета.	Любовта на Хейдън към земята прилича на моята. Научи каквото можеш от него.
Conversations/Bank/Caldarus/Statue Lines/general_lines/general_lines_6/init	You feel compelled to talk to Caldarus' Statue.	Quelque chose vous pousse à parler à la statue de Caldarus.	У вас появилось желание поговорить со статуей Кальдаруса.	Усещаш неудържим порив да поговориш със статуята на Калдаръс.
Conversations/Bank/Caldarus/Statue Lines/general_lines/general_lines_7/1	You're hunting for artifacts you say? To think the humans of this age value such things...	Tu cherches des artéfacts, dis-tu ? Dire que les humains de l'époque actuelle accordent de la valeur à de tels objets...	Говоришь, ты разыскиваешь артефакты? Не думал, что в этот век люди будут ценить такие вещи...	Търсиш артефакти, така ли? Да си помисли човек, че хората от тази епоха ценят такива неща...
Conversations/Bank/Caldarus/Statue Lines/general_lines/general_lines_7/init	You feel compelled to talk to Caldarus' Statue.	Quelque chose vous pousse à parler à la statue de Caldarus.	У вас появилось желание поговорить со статуей Кальдаруса.	Усещаш неудържим порив да поговориш със статуята на Калдаръс.
Conversations/Bank/Caldarus/Statue Lines/general_lines/general_lines_8/1	Ah, I remember the delicious fish off the coast of Mistria fondly! A pity you need to fish them up individually.	Ah, je me rappelle avec émotion les délicieux poissons que l'on trouve au large de Mistria ! Dommage qu'il faille les pêcher un par un.	Ах, я с огромным удовольствием вспоминаю вкус рыбы с мистрийского берега! Жаль, что приходится ловить их по одной.	Ах, с умиление си спомням вкусната риба край брега на Мистрия! Жалко, че трябва да я ловиш една по една.
Conversations/Bank/Caldarus/Statue Lines/general_lines/general_lines_8/init	You feel compelled to talk to Caldarus' Statue.	Quelque chose vous pousse à parler à la statue de Caldarus.	У вас появилось желание поговорить со статуей Кальдаруса.	Усещаш неудържим порив да поговориш със статуята на Калдаръс.
Conversations/Bank/Caldarus/Statue Lines/general_lines/general_lines_9/1	Cooking? Hmm, it is not something that I have much experience with outside of fire roasting...	Cuisiner ? Mmm, je n'ai guère d'expérience sur ce point, hormis la cuisson à la flamme...	Готовка? Хмм, в этой области у меня маловато опыта, если не считать обжарку в огне...	Готвене? Хм, нямам голям опит с него, освен с печенето на огън...
Conversations/Bank/Caldarus/Statue Lines/general_lines/general_lines_9/init	You feel compelled to talk to Caldarus' Statue.	Quelque chose vous pousse à parler à la statue de Caldarus.	У вас появилось желание поговорить со статуей Кальдаруса.	Усещаш неудържим порив да поговориш със статуята на Калдаръс.
Conversations/Bank/Caldarus/Statue Lines/general_lines/good_vibes_a/1	Fresh air has a way of soothing one's spirit...	Rien de tel que le grand air pour apaiser l'esprit...	Свежий воздух так успокаивает настроение...	Свежият въздух има свойството да успокоява духа...
Conversations/Bank/Caldarus/Statue Lines/general_lines/good_vibes_a/init	You feel compelled to talk to Caldarus' Statue.	Quelque chose vous pousse à parler à la statue de Caldarus.	У вас появилось желание поговорить со статуей Кальдаруса.	Усещаш неудържим порив да поговориш със статуята на Калдаръс.
Conversations/Bank/Caldarus/Statue Lines/general_lines/good_vibes_b/1	It is worth observing the way that nature changes throughout the seasons.	Cela vaut la peine d'observer comment la nature change au fil des saisons.	Стоит понаблюдать, как со временем года меняется природа.	Струва си да наблюдаваш как природата се променя през сезоните.
Conversations/Bank/Caldarus/Statue Lines/general_lines/good_vibes_b/2	There is much that can be gleaned by doing so.	C'est l'occasion d'apprendre beaucoup de choses.	Как многому можно у неё поучиться!	От това може да се научи много.
Conversations/Bank/Caldarus/Statue Lines/general_lines/good_vibes_b/init	You feel compelled to talk to Caldarus' Statue.	Quelque chose vous pousse à parler à la statue de Caldarus.	У вас появилось желание поговорить со статуей Кальдаруса.	Усещаш неудържим порив да поговориш със статуята на Калдаръс.
Conversations/Bank/Caldarus/Statue Lines/general_lines/good_vibes_c/1	I often admire the effort you put into your tasks, [Ari].	J'admire souvent les efforts que tu fais pour accomplir tes tâches, [Ari].	Меня часто впечатляет, как ты трудишься над своими задачами, [Ari].	Често се възхищавам на усърдието, което влагаш в задачите си, [Ari].
Conversations/Bank/Caldarus/Statue Lines/general_lines/good_vibes_c/2	Your enthusiasm is contagious.	Ton enthousiasme est contagieux.	Твой энтузиазм заразителен.	Ентусиазмът ти е заразителен.
Conversations/Bank/Caldarus/Statue Lines/general_lines/good_vibes_c/init	You feel compelled to talk to Caldarus' Statue.	Quelque chose vous pousse à parler à la statue de Caldarus.	У вас появилось желание поговорить со статуей Кальдаруса.	Усещаш неудържим порив да поговориш със статуята на Калдаръс.
Conversations/Bank/Caldarus/Statue Lines/general_lines/good_vibes_d/1	I always appreciate that you make the time to speak with me.	Je te suis reconnaissant de prendre le temps de venir me parler.	Я ценю, что ты находишь время на разговор со мной.	Винаги ценя, че отделяш време да поговориш с мен.
Conversations/Bank/Caldarus/Statue Lines/general_lines/good_vibes_d/2	You are very kind.	Tu es d'une grande gentillesse.	Ты очень <p>добры</p><f>добра</f><m>добр</m><n>добро</n>.	Много е мило от твоя страна.
Conversations/Bank/Caldarus/Statue Lines/general_lines/good_vibes_d/init	You feel compelled to talk to Caldarus' Statue.	Quelque chose vous pousse à parler à la statue de Caldarus.	У вас появилось желание поговорить со статуей Кальдаруса.	Усещаш неудържим порив да поговориш със статуята на Калдаръс.
Conversations/Bank/Caldarus/Statue Lines/general_lines/good_vibes_e/1	Mistria is doing well these days.	Mistria se porte bien, actuellement.	Сейчас Мистрия в полном порядке.	Мистрия се справя добре напоследък.
Conversations/Bank/Caldarus/Statue Lines/general_lines/good_vibes_e/2	I am glad to see it.	Cela m'emplit de joie.	Мне радостно это видеть.	Радвам се да го видя.
Conversations/Bank/Caldarus/Statue Lines/general_lines/good_vibes_e/init	You feel compelled to talk to Caldarus' Statue.	Quelque chose vous pousse à parler à la statue de Caldarus.	У вас появилось желание поговорить со статуей Кальдаруса.	Усещаш неудържим порив да поговориш със статуята на Калдаръс.
Conversations/Bank/Caldarus/Statue Lines/general_lines/good_vibes_f/1	You are looking well, [Ari].	Tu sembles en forme, [Ari].	Хорошо выглядишь, [Ari].	Изглеждаш добре, [Ari].
Conversations/Bank/Caldarus/Statue Lines/general_lines/good_vibes_f/init	You feel compelled to talk to Caldarus' Statue.	Quelque chose vous pousse à parler à la statue de Caldarus.	У вас появилось желание поговорить со статуей Кальдаруса.	Усещаш неудържим порив да поговориш със статуята на Калдаръс.
Conversations/Bank/Caldarus/Statue Lines/general_lines/good_vibes_g/1	I think I may take a nap today...	Je crois que je vais faire une petite sieste, aujourd'hui...	Думаю, я сегодня вздремну...	Мисля, че днес може да подремна...
Conversations/Bank/Caldarus/Statue Lines/general_lines/good_vibes_g/init	You feel compelled to talk to Caldarus' Statue.	Quelque chose vous pousse à parler à la statue de Caldarus.	У вас появилось желание поговорить со статуей Кальдаруса.	Усещаш неудържим порив да поговориш със статуята на Калдаръс.
Conversations/Bank/Caldarus/Statue Lines/general_lines/good_vibes_h/1	Do you have any nice plans for the day, [Ari]?	As-tu des projets agréables pour la journée, [Ari] ?	Какие планы на день, [Ari]?	Имаш ли хубави планове за деня, [Ari]?
Conversations/Bank/Caldarus/Statue Lines/general_lines/good_vibes_h/init	You feel compelled to talk to Caldarus' Statue.	Quelque chose vous pousse à parler à la statue de Caldarus.	У вас появилось желание поговорить со статуей Кальдаруса.	Усещаш неудържим порив да поговориш със статуята на Калдаръс.
Conversations/Bank/Caldarus/Statue Lines/general_lines/good_vibes_i/1	It is relaxing to watch the clouds drift by...	Qu'il est reposant de regarder passer les nuages...	Смотреть, как пролетают облака, так расслабляет.	Успокояващо е да гледаш как облаците се носят...
Conversations/Bank/Caldarus/Statue Lines/general_lines/good_vibes_i/init	You feel compelled to talk to Caldarus' Statue.	Quelque chose vous pousse à parler à la statue de Caldarus.	У вас появилось желание поговорить со статуей Кальдаруса.	Усещаш неудържим порив да поговориш със статуята на Калдаръс.
Conversations/Bank/Caldarus/Statue Lines/general_lines/good_vibes_j/1	Life is not all about work, [Ari]. Make time for fun, as well.	Tout n'est pas que travail dans la vie, [Ari]. Prends aussi le temps de te divertir.	Жизнь не ограничивается работой, [Ari]. Не забывай уделять время досугу.	Животът не е само работа, [Ari]. Отделяй време и за забавление.
Conversations/Bank/Caldarus/Statue Lines/general_lines/good_vibes_j/init	You feel compelled to talk to Caldarus' Statue.	Quelque chose vous pousse à parler à la statue de Caldarus.	У вас появилось желание поговорить со статуей Кальдаруса.	Усещаш неудържим порив да поговориш със статуята на Калдаръс.
Conversations/Bank/Caldarus/Statue Lines/general_lines/good_vibes_k/1	I appreciate the decorations you have set up here, [Ari].	J'apprécie les éléments de décoration que tu as installés, [Ari].	Мне нравится, как ты тут всё <p>обставили</p><f>обставила</f><m>обставил</m><n>обставило</n>, [Ari].	Харесва ми украсата, която <he>си подредил</he><she>си подредила</she><they>сте подредили</they> тук, [Ari].
Conversations/Bank/Caldarus/Statue Lines/general_lines/good_vibes_k/init	You feel compelled to talk to Caldarus' Statue.	Quelque chose vous pousse à parler à la statue de Caldarus.	У вас появилось желание поговорить со статуей Кальдаруса.	Усещаш неудържим порив да поговориш със статуята на Калдаръс.
Conversations/Bank/Caldarus/Statue Lines/general_lines/good_vibes_l/1	It is a joy to watch this land develop.	C'est une joie de voir cette terre prospérer.	Приятно видеть, как развивается этот край.	Радвам се да наблюдавам как тази земя процъфтява.
Conversations/Bank/Caldarus/Statue Lines/general_lines/good_vibes_l/2	Thank you for all that you do to nurture it.	Merci de tout ce que tu fais pour en prendre soin.	Спасибо тебе за всё, что ты делаешь, чтобы взрастить его.	Благодаря ти за всичко, което правиш, за да се развива.
Conversations/Bank/Caldarus/Statue Lines/general_lines/good_vibes_l/init	You feel compelled to talk to Caldarus' Statue.	Quelque chose vous pousse à parler à la statue de Caldarus.	У вас появилось желание поговорить со статуей Кальдаруса.	Усещаш неудържим порив да поговориш със статуята на Калдаръс.
Conversations/Bank/Caldarus/Statue Lines/general_lines/good_vibes_m/1	Whenever things are difficult, it is worth remembering...	Quand vient le temps des difficultés, souviens-toi d'une chose...	Когда дела идут тяжело, следует помнить...	Когато нещата са трудни, си струва да помниш...
Conversations/Bank/Caldarus/Statue Lines/general_lines/good_vibes_m/2	The sun will always break through the clouds, given time.	Le soleil finit toujours par percer les nuages, pour peu qu'on soit patient.	Со временем из-за туч всегда выглядывает солнце.	С времето слънцето винаги пробива облаците.
Conversations/Bank/Caldarus/Statue Lines/general_lines/good_vibes_m/init	You feel compelled to talk to Caldarus' Statue.	Quelque chose vous pousse à parler à la statue de Caldarus.	У вас появилось желание поговорить со статуей Кальдаруса.	Усещаш неудържим порив да поговориш със статуята на Калдаръс.
Conversations/Bank/Caldarus/Statue Lines/general_lines/good_vibes_n/1	The sound of the river is very calming...	Le bruit de la rivière est très apaisant...	Журчание реки так успокаивает...	Звукът на реката е много успокояващ...
Conversations/Bank/Caldarus/Statue Lines/general_lines/good_vibes_n/init	You feel compelled to talk to Caldarus' Statue.	Quelque chose vous pousse à parler à la statue de Caldarus.	У вас появилось желание поговорить со статуей Кальдаруса.	Усещаш неудържим порив да поговориш със статуята на Калдаръс.
Conversations/Bank/Caldarus/Statue Lines/general_lines/good_vibes_o/1	Watching the animals play provides me with much entertainment.	Regarder les animaux jouer me divertit toujours beaucoup.	Наблюдение за игрой животных доставляет мне немалое удовольствие.	Да гледам как животните играят много ме забавлява.
Conversations/Bank/Caldarus/Statue Lines/general_lines/good_vibes_o/init	You feel compelled to talk to Caldarus' Statue.	Quelque chose vous pousse à parler à la statue de Caldarus.	У вас появилось желание поговорить со статуей Кальдаруса.	Усещаш неудържим порив да поговориш със статуята на Калдаръс.
Conversations/Bank/Caldarus/Statue Lines/general_lines/mimic/1	You have encountered a $Mimic$ treasure chest monster in the Mines that only bites if you attack it first? How curious.	Tu as croisé un $coffrofaçon$ dans les mines, un coffre au trésor monstrueux qui ne mord que si on l'attaque en premier ? Comme c'est curieux.	Ты <p>встретили</p><f>встретила</f><m>встретил</m><n>встретило</n> в шахтах $мимикриста$, притворяющегося сундуком? И он кусается, только если его ударить? Любопытно.	В Мините има $Мимик$, чудовище с форма на сандък, което хапе само ако първо го нападнеш? Колко любопитно.
Conversations/Bank/Caldarus/Statue Lines/general_lines/mimic/2	Have you considered... $throwing it a gift$ to chew on instead?	As-tu envisagé de lui... $lancer un cadeau$ à mâcher, à la place ?	А ты не <p>пробовали</p><f>пробовала</f><m>пробовал</m><n>пробовало</n>... $бросить в него подарок$ пожевать?	А какво ще кажеш вместо това да му $хвърлиш подарък$, който да дъвче?
Conversations/Bank/Caldarus/Statue Lines/general_lines/mimic/init	You feel compelled to talk to Caldarus' Statue.	Quelque chose vous pousse à parler à la statue de Caldarus.	У вас появилось желание поговорить со статуей Кальдаруса.	Усещаш неудържим порив да поговориш със статуята на Калдаръс.
Conversations/Bank/Caldarus/Statue Lines/general_lines/morning_greeting_a/1	Good morning, [Ari]. Did you sleep well?	Bonjour, [Ari]. As-tu bien dormi ?	Доброе утро, [Ari]. Как тебе спалось?	Добро утро, [Ari]. Отпочина ли си добре?
Conversations/Bank/Caldarus/Statue Lines/general_lines/morning_greeting_a/init	You feel compelled to talk to Caldarus' Statue.	Quelque chose vous pousse à parler à la statue de Caldarus.	У вас появилось желание поговорить со статуей Кальдаруса.	Усещаш неудържим порив да поговориш със статуята на Калдаръс.
Conversations/Bank/Caldarus/Statue Lines/general_lines/morning_greeting_b/1	What a nice morning. It is sure to be a pleasant day.	Quelle belle matinée ! Elle annonce à coup sûr une journée agréable.	Какое чудное утро. День обещает быть хорошим.	Каква приятна сутрин. Със сигурност денят ще бъде хубав.
Conversations/Bank/Caldarus/Statue Lines/general_lines/morning_greeting_b/init	You feel compelled to talk to Caldarus' Statue.	Quelque chose vous pousse à parler à la statue de Caldarus.	У вас появилось желание поговорить со статуей Кальдаруса.	Усещаш неудържим порив да поговориш със статуята на Калдаръс.
Conversations/Bank/Caldarus/Statue Lines/general_lines/morning_greeting_c/1	The day is young. Let us do our best to make it a good one.	Cette journée commence à peine. Faisons en sorte qu'elle soit bonne.	День только начинается. Сделаем же то, что в наших силах, что он был хорошим.	Денят е още млад. Нека направим всичко възможно да бъде добър.
Conversations/Bank/Caldarus/Statue Lines/general_lines/morning_greeting_c/init	You feel compelled to talk to Caldarus' Statue.	Quelque chose vous pousse à parler à la statue de Caldarus.	У вас появилось желание поговорить со статуей Кальдаруса.	Усещаш неудържим порив да поговориш със статуята на Калдаръс.
Conversations/Bank/Caldarus/Statue Lines/general_lines/morning_greeting_d/1	I look forward to seeing what today brings.	J'ai hâte de voir ce que nous apportera cette journée.	С нетерпением жду, что принесёт этот день.	С нетърпение очаквам да видя какво ще донесе днешният ден.
Conversations/Bank/Caldarus/Statue Lines/general_lines/morning_greeting_d/init	You feel compelled to talk to Caldarus' Statue.	Quelque chose vous pousse à parler à la statue de Caldarus.	У вас появилось желание поговорить со статуей Кальдаруса.	Усещаш неудържим порив да поговориш със статуята на Калдаръс.
Conversations/Bank/Caldarus/Statue Lines/general_lines/morning_greeting_e/1	Take things one day at a time, [Ari].	Prends les jours les uns après les autres, [Ari].	Делай дела по очереди, [Ari].	Приемай нещата ден за ден, [Ari].
Conversations/Bank/Caldarus/Statue Lines/general_lines/morning_greeting_e/2	There is no need to try and do everything at once.	Inutile d'essayer de tout faire en une seule fois.	Нет нужды пытаться выполнить всё сразу.	Няма нужда да се опитваш да направиш всичко наведнъж.
Conversations/Bank/Caldarus/Statue Lines/general_lines/morning_greeting_e/init	You feel compelled to talk to Caldarus' Statue.	Quelque chose vous pousse à parler à la statue de Caldarus.	У вас появилось желание поговорить со статуей Кальдаруса.	Усещаш неудържим порив да поговориш със статуята на Калдаръс.
Conversations/Bank/Caldarus/Statue Lines/general_lines/morning_greeting_f/1	A good night's sleep is important.	Une bonne nuit de sommeil, c'est important.	Здоровый ночной сон — это важно.	Добрият нощен сън е важен.
Conversations/Bank/Caldarus/Statue Lines/general_lines/morning_greeting_f/2	I hope that you are getting enough yourself, [Ari].	J'espère que tu dors suffisamment, toi aussi, [Ari].	Надеюсь, ты достаточно спишь, [Ari].	Надявам се и ти да си почиваш достатъчно, [Ari].
Conversations/Bank/Caldarus/Statue Lines/general_lines/morning_greeting_f/init	You feel compelled to talk to Caldarus' Statue.	Quelque chose vous pousse à parler à la statue de Caldarus.	У вас появилось желание поговорить со статуей Кальдаруса.	Усещаш неудържим порив да поговориш със статуята на Калдаръс.
Conversations/Bank/Caldarus/Statue Lines/general_lines/mushroom/1	You have seen a $Mushroom$ monster in the Mines that defends against your attacks?	Tu as vu dans les mines un $méchampignon$, un monstre qui repousse tes attaques ?	В шахтах ты <p>столкнулись</p><f>столкнулась</f><m>столкнулся</m><n>столкнулось</n> с $грибом$, который блокирует твои удары?	В Мините има чудовище $Гъба$, което се защитава от атаките ти. Срещна ли го?
Conversations/Bank/Caldarus/Statue Lines/general_lines/mushroom/2	Hmm. You will need to $strike decisively at the moment before it attacks you$ to disarm it. It will be most vulnerable then.	Mmm. Pour le désarmer, tu vas devoir lui infliger $une frappe décisive juste avant qu'il t'attaque$. C'est là qu'il est le plus vulnérable.	Хмм. Тебе нужно нанести $решительный удар, когда он готовит свою атаку$. Он про неё забудет, ведь в этот момент он наиболее уязвим.	Хм. За да го обезоръжиш, трябва да $нанесеш решителен удар точно преди да те атакува$. Тогава е най-уязвимо.
Conversations/Bank/Caldarus/Statue Lines/general_lines/mushroom/3	Of course, knocking them over $with a jump attack$ may work as well...	Bien sûr, le renverser d'un $saut de la mort$ peut aussi fonctionner...	Конечно, также можно его перевернуть, $исполнив атаку в прыжке$...	Разбира се, може да подейства и ако го събориш $с атака в скок$...
Conversations/Bank/Caldarus/Statue Lines/general_lines/mushroom/init	You feel compelled to talk to Caldarus' Statue.	Quelque chose vous pousse à parler à la statue de Caldarus.	У вас появилось желание поговорить со статуей Кальдаруса.	Усещаш неудържим порив да поговориш със статуята на Калдаръс.
Conversations/Bank/Caldarus/Statue Lines/general_lines/night_greeting_a/1	Good evening, [Ari]. How was your day?	Bonsoir, [Ari]. As-tu passé une bonne journée ?	Добрый вечер, [Ari]. Как прошёл день?	Добър вечер, [Ari]. Как мина денят ти?
Conversations/Bank/Caldarus/Statue Lines/general_lines/night_greeting_a/init	You feel compelled to talk to Caldarus' Statue.	Quelque chose vous pousse à parler à la statue de Caldarus.	У вас появилось желание поговорить со статуей Кальдаруса.	Усещаш неудържим порив да поговориш със статуята на Калдаръс.
Conversations/Bank/Caldarus/Statue Lines/general_lines/night_greeting_b/1	Did you have a long day today? Be sure to get plenty of rest.	Ta journée a-t-elle été longue ? Prends suffisamment de repos, surtout.	Долгий сегодня был денёк? Не забудь отдохнуть как следует.	Дълъг ли беше днешният ден? Непременно си почини добре.
Conversations/Bank/Caldarus/Statue Lines/general_lines/night_greeting_b/init	You feel compelled to talk to Caldarus' Statue.	Quelque chose vous pousse à parler à la statue de Caldarus.	У вас появилось желание поговорить со статуей Кальдаруса.	Усещаш неудържим порив да поговориш със статуята на Калдаръс.
Conversations/Bank/Caldarus/Statue Lines/general_lines/night_greeting_c/1	Zzzz... Ah, excuse me, [Ari]. I must have drifted off.	Zzz... Ah, pardon, [Ari]. J'ai dû m'assoupir.	Хрр... Ах, прости, [Ari]. Я, видимо, задремал.	Ззз... Ах, извинявай, [Ari]. Явно съм се унесъл.
Conversations/Bank/Caldarus/Statue Lines/general_lines/night_greeting_c/init	You feel compelled to talk to Caldarus' Statue.	Quelque chose vous pousse à parler à la statue de Caldarus.	У вас появилось желание поговорить со статуей Кальдаруса.	Усещаш неудържим порив да поговориш със статуята на Калдаръс.
Conversations/Bank/Caldarus/Statue Lines/general_lines/night_greeting_d/1	Have you had dinner yet, [Ari]? Make sure you eat well.	As-tu déjà dîné, [Ari] ? N'oublie pas de bien manger.	Ты уже <p>ужинали</p><f>ужинала</f><m>ужинал</m><n>ужинало</n>, [Ari]? Не забывай хорошо питаться.	Вечеря ли вече, [Ari]? Гледай да се храниш добре.
Conversations/Bank/Caldarus/Statue Lines/general_lines/night_greeting_d/init	You feel compelled to talk to Caldarus' Statue.	Quelque chose vous pousse à parler à la statue de Caldarus.	У вас появилось желание поговорить со статуей Кальдаруса.	Усещаш неудържим порив да поговориш със статуята на Калдаръс.
Conversations/Bank/Caldarus/Statue Lines/general_lines/night_greeting_e/1	Nights in Mistria are peaceful. In enjoy the chorus of its tiniest creatures.	Les nuits sont paisibles, à Mistria. Je savoure alors le chant de ses plus petites créatures.	Как спокойны ночи в Мистрии. Мне нравится прислушиваться к симфонии её мельчайших обитателей.	Нощите в Мистрия са спокойни. Харесват ми звуците на най-дребните ѝ създания.
Conversations/Bank/Caldarus/Statue Lines/general_lines/night_greeting_e/init	You feel compelled to talk to Caldarus' Statue.	Quelque chose vous pousse à parler à la statue de Caldarus.	У вас появилось желание поговорить со статуей Кальдаруса.	Усещаш неудържим порив да поговориш със статуята на Калдаръс.
Conversations/Bank/Caldarus/Statue Lines/general_lines/pits/1	Do not let the $pits$ in the Mines impede your progress, [Ari]. Remember, you can simply fly over them.	Ne te laisse pas freiner par les $trous$ dans les mines, [Ari]. Souviens-toi qu'il te suffit de les franchir en volant.	Надеюсь, $провалы$ в шахтах не затрудняют твой путь, [Ari]. Не забывай, что их можно просто перелететь.	Не позволявай на $пропастите$ в Мините да попречат на напредъка ти, [Ari]. Помни, че можеш просто да прелетиш над тях.
Conversations/Bank/Caldarus/Statue Lines/general_lines/pits/1/prompts/0	I, uh, can't fly?	Je, euh, ne sais pas voler !	Эмм... Я не умею летать.	Аз, ами... не мога да летя?
Conversations/Bank/Caldarus/Statue Lines/general_lines/pits/1/prompts/1	Do you mean jump over them?	Tu veux dire, sauter par-dessus ?	Ты имеешь в виду «перепрыгнуть»?	Искаш да кажеш да ги прескоча?
Conversations/Bank/Caldarus/Statue Lines/general_lines/pits/2	Ah. That must be terribly inconvenient for you.	Ah. Ce doit être terriblement gênant.	Ах! Поистине неприятное затруднение.	Ах. Това сигурно е ужасно неудобно за теб.
Conversations/Bank/Caldarus/Statue Lines/general_lines/pits/3	Well, I am sure that a $jump$ over them will suffice.	Eh bien, dans ce cas je suis sûr qu'un simple $saut$ par-dessus suffira.	Что ж, я уверен, их также можно преодолеть и $прыжком$.	Е, сигурен съм, че един $скок$ над тях ще свърши работа.
Conversations/Bank/Caldarus/Statue Lines/general_lines/pits/4	Ah. Yes.	Ah. En effet.	Ах, да.	Ах. Да.
Conversations/Bank/Caldarus/Statue Lines/general_lines/pits/5	Flying would be easier... However, I suppose a $jump$ will suffice.	Il serait plus facile de voler... Néanmoins, j'imagine qu'un $saut$ suffira.	Думаю, их также можно преодолеть и $прыжком$.	Летенето би било по-лесно... Но предполагам, че един $скок$ ще свърши работа.
Conversations/Bank/Caldarus/Statue Lines/general_lines/pits/init	You feel compelled to talk to Caldarus' Statue.	Quelque chose vous pousse à parler à la statue de Caldarus.	У вас появилось желание поговорить со статуей Кальдаруса.	Усещаш неудържим порив да поговориш със статуята на Калдаръс.
Conversations/Bank/Caldarus/Statue Lines/general_lines/rainy/1	The sound of the rain is so peaceful...	Le bruit de la pluie est tellement apaisant...	Звук дождя так успокаивает...	Звукът на дъжда е толкова успокояващ...
Conversations/Bank/Caldarus/Statue Lines/general_lines/rainy/2	Stand with me a moment, [Ari].	Reste avec moi un moment, [Ari].	Постой со мной чуть-чуть, [Ari].	Постой с мен за миг, [Ari].
Conversations/Bank/Caldarus/Statue Lines/general_lines/rainy/3	............	...	............	............
Conversations/Bank/Caldarus/Statue Lines/general_lines/rainy/4	Moments like this make me glad to be awake.	Je suis content d'être éveillé pour profiter d'instant comme celui-ci.	В такие моменты я рад, что пробудился.	В такива мигове се радвам, че съм буден.
Conversations/Bank/Caldarus/Statue Lines/general_lines/rainy/init	You feel compelled to talk to Caldarus' Statue.	Quelque chose vous pousse à parler à la statue de Caldarus.	У вас появилось желание поговорить со статуей Кальдаруса.	Усещаш неудържим порив да поговориш със статуята на Калдаръс.
Conversations/Bank/Caldarus/Statue Lines/general_lines/rainy_afternoon_a/1	There is something to be said for a rainy day. It is... peaceful.	Il faut reconnaître une chose aux jours pluvieux. Ils sont... paisibles.	В дождливом дне есть нечто хорошее. Он так... успокаивает.	Има нещо хубаво в дъждовния ден. Той е... спокоен.
Conversations/Bank/Caldarus/Statue Lines/general_lines/rainy_afternoon_a/init	You feel compelled to talk to Caldarus' Statue.	Quelque chose vous pousse à parler à la statue de Caldarus.	У вас появилось желание поговорить со статуей Кальдаруса.	Усещаш неудържим порив да поговориш със статуята на Калдаръс.
Conversations/Bank/Caldarus/Statue Lines/general_lines/rainy_afternoon_b/1	The rain does not seem to show any sign of stopping.	La pluie ne semble pas près de s'arrêter.	Судя по всему, дождь не собирается прекращаться.	Дъждът сякаш няма намерение да спира.
Conversations/Bank/Caldarus/Statue Lines/general_lines/rainy_afternoon_b/init	You feel compelled to talk to Caldarus' Statue.	Quelque chose vous pousse à parler à la statue de Caldarus.	У вас появилось желание поговорить со статуей Кальдаруса.	Усещаш неудържим порив да поговориш със статуята на Калдаръс.
Conversations/Bank/Caldarus/Statue Lines/general_lines/rainy_afternoon_c/1	The sound of rain makes me... sleepy.	Le bruit de la pluie me rend... somnolent.	От звуков дождя меня... клонит в сон.	От звука на дъжда ми се... доспива.
Conversations/Bank/Caldarus/Statue Lines/general_lines/rainy_afternoon_c/init	You feel compelled to talk to Caldarus' Statue.	Quelque chose vous pousse à parler à la statue de Caldarus.	У вас появилось желание поговорить со статуей Кальдаруса.	Усещаш неудържим порив да поговориш със статуята на Калдаръс.
Conversations/Bank/Caldarus/Statue Lines/general_lines/rainy_afternoon_e/1	The rain is welcome. It refreshes the land.	La pluie est bienvenue. Elle rafraîchit la terre.	Дождь сейчас очень к месту. Он освежает землю.	Дъждът е добре дошъл. Той освежава земята.
Conversations/Bank/Caldarus/Statue Lines/general_lines/rainy_afternoon_e/init	You feel compelled to talk to Caldarus' Statue.	Quelque chose vous pousse à parler à la statue de Caldarus.	У вас появилось желание поговорить со статуей Кальдаруса.	Усещаш неудържим порив да поговориш със статуята на Калдаръс.
Conversations/Bank/Caldarus/Statue Lines/general_lines/rainy_afternoon_f/1	Do not stand out in the rain too long, [Ari]. I would not want you to get chilled.	Ne reste pas dehors sous la pluie trop longtemps, [Ari]. Je n'aimerais pas que tu prennes froid.	Не стой так долго под дождём, [Ari]. Не хочу, чтобы ты <p>простудились</p><f>простудилась</f><m>простудился</m><n>простудилось</n>.	Не стой твърде дълго на дъжда, [Ari]. Не искам да настинеш.
Conversations/Bank/Caldarus/Statue Lines/general_lines/rainy_afternoon_f/init	You feel compelled to talk to Caldarus' Statue.	Quelque chose vous pousse à parler à la statue de Caldarus.	У вас появилось желание поговорить со статуей Кальдаруса.	Усещаш неудържим порив да поговориш със статуята на Калдаръс.
Conversations/Bank/Caldarus/Statue Lines/general_lines/rainy_fall/1	The smell of rain on fallen leaves, and wood smoke wafting through the air...	L'odeur de la pluie sur les feuilles mortes et d'un feu de bois flottant dans l'air...	Пахнет опавшими листьями под дождём и лёгким дымом от очага...	Миризмата на дъжд върху падналите листа и дървесен дим, носещ се във въздуха...
Conversations/Bank/Caldarus/Statue Lines/general_lines/rainy_fall/2	How wonderful.	C'est merveilleux.	Как чудесно.	Колко прекрасно.
Conversations/Bank/Caldarus/Statue Lines/general_lines/rainy_fall/init	You feel compelled to talk to Caldarus' Statue.	Quelque chose vous pousse à parler à la statue de Caldarus.	У вас появилось желание поговорить со статуей Кальдаруса.	Усещаш неудържим порив да поговориш със статуята на Калдаръс.
Conversations/Bank/Caldarus/Statue Lines/general_lines/rainy_morning_a/1	A rainy day now and then is good for the plant life.	Un jour de pluie de temps à autre est bon pour la vie des plantes.	Дождливые дни время от времени полезны для растений.	Понякога дъждовният ден е полезен за растенията.
Conversations/Bank/Caldarus/Statue Lines/general_lines/rainy_morning_a/init	You feel compelled to talk to Caldarus' Statue.	Quelque chose vous pousse à parler à la statue de Caldarus.	У вас появилось желание поговорить со статуей Кальдаруса.	Усещаш неудържим порив да поговориш със статуята на Калдаръс.
Conversations/Bank/Caldarus/Statue Lines/general_lines/rainy_summer/1	The rain is a refreshing break from the heat...	La pluie change agréablement de la chaleur...	Дождь приносит свежесть в жаркую пору...	Дъждът е освежаваща почивка от жегата...
Conversations/Bank/Caldarus/Statue Lines/general_lines/rainy_summer/2	Can you hear them? The plants sound happy.	Tu les entends ? Les plantes semblent heureuses.	Слышишь, что говорят растения? Они звучат довольными.	Чуваш ли ги? Растенията сякаш се радват.
Conversations/Bank/Caldarus/Statue Lines/general_lines/rainy_summer/init	You feel compelled to talk to Caldarus' Statue.	Quelque chose vous pousse à parler à la statue de Caldarus.	У вас появилось желание поговорить со статуей Кальдаруса.	Усещаш неудържим порив да поговориш със статуята на Калдаръс.
Conversations/Bank/Caldarus/Statue Lines/general_lines/rockclod/1	You encountered a $Rock Clod$ monster in the Mines that shoots stones at you?	Tu as croisé dans les mines un monstre appelé $motte de pierre$ qui te jette des cailloux ?	Ты <p>встретили</p><f>встретила</f><m>встретил</m><n>встретило</n> в шахтах $камнеглыба$, и он плюётся в тебя камнями?	В Мините има $Каменна буца$, която изстрелва камъни по теб?
Conversations/Bank/Caldarus/Statue Lines/general_lines/rockclod/2	How intriguing. It seems the magic seeping into this world is infusing inanimate objects...	Comme c'est étrange. On dirait que la magie qui s'infiltre dans ce monde imprègne des objets inanimés...	Занимательно. По-видимому, магия, проникшая в этот мир, способна оживлять предметы...	Колко любопитно. Изглежда магията, която прониква в този свят, вдъхва сила на неодушевените предмети...
Conversations/Bank/Caldarus/Statue Lines/general_lines/rockclod/2/prompts/0	They're really tough.	Ils sont très durs à battre.	Они такие крепкие!	Наистина са корави.
Conversations/Bank/Caldarus/Statue Lines/general_lines/rockclod/2/prompts/1	They're not a problem, I just reflect their attacks back.	Ils ne me posent pas de problème, je leur renvoie simplement leurs attaques.	Я с ними легко справляюсь. Нужно просто отразить их атаку.	Не са проблем, просто им връщам атаките.
Conversations/Bank/Caldarus/Statue Lines/general_lines/rockclod/3	Rocks tend to be. You would do well to $use your sword to reflect their projectiles back at them$.	Les pierres sont généralement dures. Tu devrais $te servir de ton épée pour leur renvoyer leurs projectiles$.	Как и подобает камню. Тебе стоит попробовать $ударить летящий камень мечом и отразить его$.	Камъните обикновено са такива. Добре е да $използваш меча си, за да върнеш снарядите им обратно към тях$.
Conversations/Bank/Caldarus/Statue Lines/general_lines/rockclod/4	Well done. I can see my faith in your abilities was not misplaced.	Bravo. Je vois que j'ai bien fait d'avoir confiance en tes capacités.	Отлично. Я вижу, моя вера в твои исключительные способности не напрасна.	Браво. Виждам, че вярата ми в способностите ти не е била напразна.
Conversations/Bank/Caldarus/Statue Lines/general_lines/rockclod/init	You feel compelled to talk to Caldarus' Statue.	Quelque chose vous pousse à parler à la statue de Caldarus.	У вас появилось желание поговорить со статуей Кальдаруса.	Усещаш неудържим порив да поговориш със статуята на Калдаръс.
Conversations/Bank/Caldarus/Statue Lines/general_lines/shooting_star_festival_day/1	The meteor shower you speak of has been an annual occurrence for untold years. I will enjoy the show myself tonight.	La pluie d'étoiles filantes dont tu parles revient chaque année depuis des temps immémoriaux. Je profiterai moi aussi du spectacle ce soir.	Поток метеоров, о котором ты говоришь, проходит ежегодно с незапамятных времён. Я сам полюбуюсь на них этой ночью.	Звездопадът, за който говориш, се случва всяка година от незапомнени времена. Тази вечер и аз ще се насладя на зрелището.
Conversations/Bank/Caldarus/Statue Lines/general_lines/shooting_star_festival_day/init	You feel compelled to talk to Caldarus' Statue.	Quelque chose vous pousse à parler à la statue de Caldarus.	У вас появилось желание поговорить со статуей Кальдаруса.	Усещаш неудържим порив да поговориш със статуята на Калдаръс.
Conversations/Bank/Caldarus/Statue Lines/general_lines/shooting_star_festival_follow_up/1	The stars were beautiful last night, were they not?	Les étoiles étaient magnifiques, la nuit dernière, non ?	Красивые вчера ночью были звёзды, правда?	Звездите бяха красиви снощи, нали?
Conversations/Bank/Caldarus/Statue Lines/general_lines/shooting_star_festival_follow_up/2	Like distant dragonfire. I am glad I was able to see them again.	On aurait dit le feu de dragons lointains. Je suis content de pouvoir à nouveau les voir.	Напоминают далёкое пламя дракона. Я рад, что смог снова их увидеть.	Като далечен драконов огън. Радвам се, че успях отново да ги видя.
Conversations/Bank/Caldarus/Statue Lines/general_lines/shooting_star_festival_follow_up/init	You feel compelled to talk to Caldarus' Statue.	Quelque chose vous pousse à parler à la statue de Caldarus.	У вас появилось желание поговорить со статуей Кальдаруса.	Усещаш неудържим порив да поговориш със статуята на Калдаръс.
Conversations/Bank/Caldarus/Statue Lines/general_lines/shooting_star_festival_lead_up/1	A meteor shower returns to the skies every year around this time.	Une pluie d'étoiles filantes revient dans le ciel chaque année à peu près à cette période.	Каждый год в это время в небеса возвращается поток метеоров.	По това време всяка година в небето отново се появява звездопад.
Conversations/Bank/Caldarus/Statue Lines/general_lines/shooting_star_festival_lead_up/2	It is a rare constant, looking back over the years.	C'est une rare constante, quand je repense aux années qui se sont écoulées.	За прошедшие годы это одна из немногих постоянных вещей.	Това е рядко нещо, което остава неизменно през годините.
Conversations/Bank/Caldarus/Statue Lines/general_lines/shooting_star_festival_lead_up/3	I look forward to viewing it once more.	J'ai hâte de les admirer une fois encore.	Я жду, когда снова смогу на них посмотреть.	С нетърпение очаквам да го видя още веднъж.
Conversations/Bank/Caldarus/Statue Lines/general_lines/shooting_star_festival_lead_up/init	You feel compelled to talk to Caldarus' Statue.	Quelque chose vous pousse à parler à la statue de Caldarus.	У вас появилось желание поговорить со статуей Кальдаруса.	Усещаш неудържим порив да поговориш със статуята на Калдаръс.
Conversations/Bank/Caldarus/Statue Lines/general_lines/snowy_winter/1	It is cold today, [Ari].	Il fait froid, aujourd'hui, [Ari].	Сегодня холодный день, [Ari].	It is cold today, [Ari].
Conversations/Bank/Caldarus/Statue Lines/general_lines/snowy_winter/2	The snow is beautiful, but please take care to keep warm.	La neige est magnifique, mais fais attention à ne pas t'enrhumer.	Снег очень красив, но, пожалуйста, позаботься о тёплой одежде.	The snow is beautiful, but please take care to keep warm.
Conversations/Bank/Caldarus/Statue Lines/general_lines/snowy_winter/init	You feel compelled to talk to Caldarus' Statue.	Quelque chose vous pousse à parler à la statue de Caldarus.	У вас появилось желание поговорить со статуей Кальдаруса.	You feel compelled to talk to Caldarus' Statue.
Conversations/Bank/Caldarus/Statue Lines/general_lines/spring_afternoon_a/1	Spring afternoons are so mild and comfortable.	Les après-midi de printemps sont d'une douceur si agréable.	Весенние дни такие мягкие и уютные.	Пролетните следобеди са толкова меки и приятни.
Conversations/Bank/Caldarus/Statue Lines/general_lines/spring_afternoon_a/2	It makes me feel sleepy...	Cela me donne envie de dormir...	На меня они навевают дремоту...	Карат ме да ми се доспива...
Conversations/Bank/Caldarus/Statue Lines/general_lines/spring_afternoon_a/init	You feel compelled to talk to Caldarus' Statue.	Quelque chose vous pousse à parler à la statue de Caldarus.	У вас появилось желание поговорить со статуей Кальдаруса.	Усещаш неудържим порив да поговориш със статуята на Калдаръс.
Conversations/Bank/Caldarus/Statue Lines/general_lines/spring_afternoon_b/1	The day is starting to warm up nicely.	La journée commence à se réchauffer agréablement.	День начинает приятно теплеть.	Денят започва приятно да се затопля.
Conversations/Bank/Caldarus/Statue Lines/general_lines/spring_afternoon_b/init	You feel compelled to talk to Caldarus' Statue.	Quelque chose vous pousse à parler à la statue de Caldarus.	У вас появилось желание поговорить со статуей Кальдаруса.	Усещаш неудържим порив да поговориш със статуята на Калдаръс.
Conversations/Bank/Caldarus/Statue Lines/general_lines/spring_afternoon_c/1	The sky looks so large and clear on spring afternoons...	Le ciel paraît si clair et si vaste lors des après-midi de printemps...	Небо весенним днём такое большое и чистое...	През пролетните следобеди небето изглежда толкова широко и ясно...
Conversations/Bank/Caldarus/Statue Lines/general_lines/spring_afternoon_c/init	You feel compelled to talk to Caldarus' Statue.	Quelque chose vous pousse à parler à la statue de Caldarus.	У вас появилось желание поговорить со статуей Кальдаруса.	Усещаш неудържим порив да поговориш със статуята на Калдаръс.
Conversations/Bank/Caldarus/Statue Lines/general_lines/spring_amnesia/1	Although there is much that I cannot remember from ages past...	Il y a beaucoup de choses dont je ne me souviens pas des époques passées...	Пускай многого из былых времён я не могу вспомнить...	Макар че не помня много от отминалите епохи...
Conversations/Bank/Caldarus/Statue Lines/general_lines/spring_amnesia/2	The feeling of springtime is something one cannot forget.	Mais la sensation du printemps est quelque chose qu'il est impossible d'oublier.	Ощущение весны остаётся незабываемым.	Усещането за пролет е нещо, което никой не може да забрави.
Conversations/Bank/Caldarus/Statue Lines/general_lines/spring_amnesia/init	You feel compelled to talk to Caldarus' Statue.	Quelque chose vous pousse à parler à la statue de Caldarus.	У вас появилось желание поговорить со статуей Кальдаруса.	Усещаш неудържим порив да поговориш със статуята на Калдаръс.
Conversations/Bank/Caldarus/Statue Lines/general_lines/spring_festival_lead_up/1	Ah, $Breath of Spring$? I believe you will $find them anywhere you find essence$.	Ah, l'$œillet de printemps$ ? Je crois qu'$on le trouve partout où l'on trouve de l'essence$.	А, $весноцвет$? Думаю, их можно найти там же, $где ты получаешь эссенцию$.	Ах, $Пролетен дъх$? Вярвам, че можеш да ги $намериш навсякъде, където намираш Есенция$.
Conversations/Bank/Caldarus/Statue Lines/general_lines/spring_festival_lead_up/2	I recall that such flowers are known to grow where dragon's breath has touched the earth...	Je me souviens que ces fleurs poussent là où le Souffle d'un dragon a touché la terre...	Память подсказывает мне, что эти цветы растут в местах, где земли коснулось дыхание дракона...	Спомням си, че тези цветя растат там, където драконовият дъх е докоснал земята...
Conversations/Bank/Caldarus/Statue Lines/general_lines/spring_festival_lead_up/3	I am glad that humans have come to enjoy them so.	Je suis content que les humains les apprécient désormais autant.	Приятно, что люди стали так их ценить.	Радвам се, че хората са започнали да ги ценят толкова.
Conversations/Bank/Caldarus/Statue Lines/general_lines/spring_festival_lead_up/init	You feel compelled to talk to Caldarus' Statue.	Quelque chose vous pousse à parler à la statue de Caldarus.	У вас появилось желание поговорить со статуей Кальдаруса.	Усещаш неудържим порив да поговориш със статуята на Калдаръс.
Conversations/Bank/Caldarus/Statue Lines/general_lines/spring_morning_a/1	It is always exciting to see new sprouts appear overnight.	Il est toujours passionnant de voir de nouvelles pousses apparaître d'un jour à l'autre.	Всегда интересно видеть, как за ночь появились новые ростки.	Винаги е вълнуващо да видиш как новите кълнове се появяват за една нощ.
Conversations/Bank/Caldarus/Statue Lines/general_lines/spring_morning_a/init	You feel compelled to talk to Caldarus' Statue.	Quelque chose vous pousse à parler à la statue de Caldarus.	У вас появилось желание поговорить со статуей Кальдаруса.	Усещаш неудържим порив да поговориш със статуята на Калдаръс.
Conversations/Bank/Caldarus/Statue Lines/general_lines/spring_morning_b/1	The flowers always look happiest in spring.	Les fleurs semblent toujours plus heureuses au printemps.	Весной цветы выглядят особенно весело.	През пролетта цветята винаги изглеждат най-щастливи.
Conversations/Bank/Caldarus/Statue Lines/general_lines/spring_morning_b/init	You feel compelled to talk to Caldarus' Statue.	Quelque chose vous pousse à parler à la statue de Caldarus.	У вас появилось желание поговорить со статуей Кальдаруса.	Усещаш неудържим порив да поговориш със статуята на Калдаръс.
Conversations/Bank/Caldarus/Statue Lines/general_lines/spring_morning_c/1	The early morning dew makes the world seem to sparkle...	Sous la rosée du petit matin, le monde semble scintiller...	Ранним утром всё вокруг будто сверкает от росы...	Ранната утринна роса кара света сякаш да искри...
Conversations/Bank/Caldarus/Statue Lines/general_lines/spring_morning_c/init	You feel compelled to talk to Caldarus' Statue.	Quelque chose vous pousse à parler à la statue de Caldarus.	У вас появилось желание поговорить со статуей Кальдаруса.	Усещаш неудържим порив да поговориш със статуята на Калдаръс.
Conversations/Bank/Caldarus/Statue Lines/general_lines/spring_night_a/1	You worked hard today, [Ari]. Be sure to get some rest.	Tu as travaillé dur aujourd'hui, [Ari]. Prends un peu de repos.	Ты сегодня много <p>работали</p><f>работала</f><m>работал</m><n>работало</n>, [Ari]. Обязательно хорошенько отдохни.	Днес положи много усилия, [Ari]. Непременно си почини.
Conversations/Bank/Caldarus/Statue Lines/general_lines/spring_night_a/init	You feel compelled to talk to Caldarus' Statue.	Quelque chose vous pousse à parler à la statue de Caldarus.	У вас появилось желание поговорить со статуей Кальдаруса.	Усещаш неудържим порив да поговориш със статуята на Калдаръс.
Conversations/Bank/Caldarus/Statue Lines/general_lines/spring_night_b/1	The crickets really come alive during spring nights.	C'est surtout durant les nuits de printemps que les criquets s'animent.	Весной по ночам так галдят сверчки.	Пролетните нощи наистина съживяват щурците.
Conversations/Bank/Caldarus/Statue Lines/general_lines/spring_night_b/2	Do you also enjoy listening to them?	Aimes-tu les écouter, toi aussi ?	Тебе тоже нравится их слушать?	И на теб ли ти харесва да ги слушаш?
Conversations/Bank/Caldarus/Statue Lines/general_lines/spring_night_b/init	You feel compelled to talk to Caldarus' Statue.	Quelque chose vous pousse à parler à la statue de Caldarus.	У вас появилось желание поговорить со статуей Кальдаруса.	Усещаш неудържим порив да поговориш със статуята на Калдаръс.
Conversations/Bank/Caldarus/Statue Lines/general_lines/spring_night_c/1	Although there is much work to do in spring, try not to overdo it.	Bien qu'il y ait beaucoup de travail à faire au printemps, attention à ne pas te surmener.	Весной всегда много работы, но всё же постарайся не перетруждаться.	Макар че през пролетта има много работа, гледай да не прекаляваш.
Conversations/Bank/Caldarus/Statue Lines/general_lines/spring_night_c/init	You feel compelled to talk to Caldarus' Statue.	Quelque chose vous pousse à parler à la statue de Caldarus.	У вас появилось желание поговорить со статуей Кальдаруса.	Усещаш неудържим порив да поговориш със статуята на Калдаръс.
Conversations/Bank/Caldarus/Statue Lines/general_lines/spring_petals/1	What a pleasant breeze...	Quelle brise agréable...	Какой приятный ветерок...	Какъв приятен ветрец...
Conversations/Bank/Caldarus/Statue Lines/general_lines/spring_petals/2	The flower petals smell nice, do they not?	Les pétales de fleur sentent bon, tu ne trouves pas ?	От лепестков в воздухе такой приятный аромат, правда?	Венчелистчетата ухаят приятно, нали?
Conversations/Bank/Caldarus/Statue Lines/general_lines/spring_petals/init	You feel compelled to talk to Caldarus' Statue.	Quelque chose vous pousse à parler à la statue de Caldarus.	У вас появилось желание поговорить со статуей Кальдаруса.	Усещаш неудържим порив да поговориш със статуята на Калдаръс.
Conversations/Bank/Caldarus/Statue Lines/general_lines/spring_petals_b/1	There is a warm breeze blowing today...	Une brise tiède souffle aujourd'hui...	Сегодня дует тёплый ветерок...	Днес духа топъл вятър...
Conversations/Bank/Caldarus/Statue Lines/general_lines/spring_petals_b/init	You feel compelled to talk to Caldarus' Statue.	Quelque chose vous pousse à parler à la statue de Caldarus.	У вас появилось желание поговорить со статуей Кальдаруса.	Усещаш неудържим порив да поговориш със статуята на Калдаръс.
Conversations/Bank/Caldarus/Statue Lines/general_lines/spring_petals_c/1	What a perfect spring day. The petals on the wind are beautiful.	Quelle journée de printemps idéale ! Voir ces pétales voler dans le vent est magnifique.	Замечательный весенний денёк. Лепестки так красиво плывут по ветру.	Какъв съвършен пролетен ден. Венчелистчетата, носени от вятъра, са красиви.
Conversations/Bank/Caldarus/Statue Lines/general_lines/spring_petals_c/init	You feel compelled to talk to Caldarus' Statue.	Quelque chose vous pousse à parler à la statue de Caldarus.	У вас появилось желание поговорить со статуей Кальдаруса.	Усещаш неудържим порив да поговориш със статуята на Калдаръс.
Conversations/Bank/Caldarus/Statue Lines/general_lines/stormy_fall/1	The rain is colder than usual today.	La pluie est plus froide que d'habitude, aujourd'hui.	Дождь сегодня холоднее обычного.	Днес дъждът е по-студен от обичайното.
Conversations/Bank/Caldarus/Statue Lines/general_lines/stormy_fall/2	Soon these storms will become blizzards.	Ces orages vont bientôt se transformer en tempêtes.	Скоро эти грозы сменятся метелями.	Скоро тези бури ще се превърнат във виелици.
Conversations/Bank/Caldarus/Statue Lines/general_lines/stormy_fall/init	You feel compelled to talk to Caldarus' Statue.	Quelque chose vous pousse à parler à la statue de Caldarus.	У вас появилось желание поговорить со статуей Кальдаруса.	Усещаш неудържим порив да поговориш със статуята на Калдаръс.
Conversations/Bank/Caldarus/Statue Lines/general_lines/stormy_spring/1	The sound of thunder woke me this morning as well.	J'ai moi aussi été réveillé par le bruit du tonnerre, ce matin.	Меня тоже с утра разбудил гром.	Гръмотевиците ме събудиха и мен тази сутрин.
Conversations/Bank/Caldarus/Statue Lines/general_lines/stormy_spring/2	It sounds much like a dragon's call, does it not?	Cela ressemble beaucoup à l'appel d'un dragon, tu ne trouves pas ?	Тебе он тоже напоминает драконий рык?	Звучат много като драконов зов, нали?
Conversations/Bank/Caldarus/Statue Lines/general_lines/stormy_spring/init	You feel compelled to talk to Caldarus' Statue.	Quelque chose vous pousse à parler à la statue de Caldarus.	У вас появилось желание поговорить со статуей Кальдаруса.	Усещаш неудържим порив да поговориш със статуята на Калдаръс.
Conversations/Bank/Caldarus/Statue Lines/general_lines/stormy_summer/1	This storm moved in overnight, [Ari], and it seems to be getting stronger.	Cet orage s'est installé durant la nuit, [Ari], et il semble se renforcer.	За ночь к нам пришла гроза, [Ari], и, кажется, она только усиливается.	Тази буря се е разразила през нощта, [Ari], и сякаш се усилва.
Conversations/Bank/Caldarus/Statue Lines/general_lines/stormy_summer/2	It may be best to spend the day indoors.	Peut-être vaudrait-il mieux que tu passes la journée à l'abri.	Возможно, сегодня лучше остаться дома.	Може би е най-добре да прекараш деня на закрито.
Conversations/Bank/Caldarus/Statue Lines/general_lines/stormy_summer/init	You feel compelled to talk to Caldarus' Statue.	Quelque chose vous pousse à parler à la statue de Caldarus.	У вас появилось желание поговорить со статуей Кальдаруса.	Усещаш неудържим порив да поговориш със статуята на Калдаръс.
Conversations/Bank/Caldarus/Statue Lines/general_lines/summer_afternoon_a/1	The sun can be harsh this time of day...	Le soleil cogne fort à cette heure de la journée...	Солнце в это время сильно припекает...	Слънцето може да е безмилостно по това време на деня...
Conversations/Bank/Caldarus/Statue Lines/general_lines/summer_afternoon_a/init	You feel compelled to talk to Caldarus' Statue.	Quelque chose vous pousse à parler à la statue de Caldarus.	У вас появилось желание поговорить со статуей Кальдаруса.	Усещаш неудържим порив да поговориш със статуята на Калдаръс.
Conversations/Bank/Caldarus/Statue Lines/general_lines/summer_afternoon_b/1	A summer afternoon is best spent at the Beach, if you ask me.	Si tu veux mon avis, c'est à la plage qu'il faut passer ses après-midi d'été.	На мой взгляд, летний день лучше всего проводить на пляже.	Според мен лятният следобед е най-хубав на плажа.
Conversations/Bank/Caldarus/Statue Lines/general_lines/summer_afternoon_b/init	You feel compelled to talk to Caldarus' Statue.	Quelque chose vous pousse à parler à la statue de Caldarus.	У вас появилось желание поговорить со статуей Кальдаруса.	Усещаш неудържим порив да поговориш със статуята на Калдаръс.
Conversations/Bank/Caldarus/Statue Lines/general_lines/summer_afternoon_c/1	I am glad that the trees around us provide such shade.	Je suis content que les arbres alentour nous offrent une telle ombre.	Я рад, что у нас здесь есть тень от окружающих деревьев.	Радвам се, че дърветата наоколо ни дават такава сянка.
Conversations/Bank/Caldarus/Statue Lines/general_lines/summer_afternoon_c/init	You feel compelled to talk to Caldarus' Statue.	Quelque chose vous pousse à parler à la statue de Caldarus.	У вас появилось желание поговорить со статуей Кальдаруса.	Усещаш неудържим порив да поговориш със статуята на Калдаръс.
Conversations/Bank/Caldarus/Statue Lines/general_lines/summer_morning_a/1	It seems today will be another hot one. Try to get your work in early, if you can.	On dirait que la journée va encore être chaude. Essaie de faire ce que tu as à faire assez tôt le matin, si tu peux.	Кажется, сегодня снова будет жаркий день. Если сможешь, постарайся поработать до жары.	Май и днес ще е горещо. Ако можеш, свърши работата си по-рано.
Conversations/Bank/Caldarus/Statue Lines/general_lines/summer_morning_a/init	You feel compelled to talk to Caldarus' Statue.	Quelque chose vous pousse à parler à la statue de Caldarus.	У вас появилось желание поговорить со статуей Кальдаруса.	Усещаш неудържим порив да поговориш със статуята на Калдаръс.
Conversations/Bank/Caldarus/Statue Lines/general_lines/summer_morning_b/1	I can tell that today will be a humid one...	Il y va y avoir beaucoup d'humidité dans l'air, aujourd'hui...	Я чувствую, что сегодня день будет влажный...	Усещам, че днес ще е задушно...
Conversations/Bank/Caldarus/Statue Lines/general_lines/summer_morning_b/init	You feel compelled to talk to Caldarus' Statue.	Quelque chose vous pousse à parler à la statue de Caldarus.	У вас появилось желание поговорить со статуей Кальдаруса.	Усещаш неудържим порив да поговориш със статуята на Калдаръс.
Conversations/Bank/Caldarus/Statue Lines/general_lines/summer_morning_c/1	Make sure to stay hydrated today, [ari].	Veille à bien t'hydrater aujourd'hui, [Ari].	Не забывай пить достаточно воды, [Ari].	Гледай да пиеш достатъчно вода днес, [ari].
Conversations/Bank/Caldarus/Statue Lines/general_lines/summer_morning_c/init	You feel compelled to talk to Caldarus' Statue.	Quelque chose vous pousse à parler à la statue de Caldarus.	У вас появилось желание поговорить со статуей Кальдаруса.	Усещаш неудържим порив да поговориш със статуята на Калдаръс.
Conversations/Bank/Caldarus/Statue Lines/general_lines/summer_night_a/1	What a pleasant summer evening.	Quelle agréable soirée d'été.	Какой приятный летний вечер.	Каква приятна лятна вечер.
Conversations/Bank/Caldarus/Statue Lines/general_lines/summer_night_a/init	You feel compelled to talk to Caldarus' Statue.	Quelque chose vous pousse à parler à la statue de Caldarus.	У вас появилось желание поговорить со статуей Кальдаруса.	Усещаш неудържим порив да поговориш със статуята на Калдаръс.
Conversations/Bank/Caldarus/Statue Lines/general_lines/summer_night_b/1	The day has finally begun to cool...	Les températures commencent enfin à baisser...	Жара наконец начинает спадать...	Най-сетне започва да захладнява...
Conversations/Bank/Caldarus/Statue Lines/general_lines/summer_night_b/init	You feel compelled to talk to Caldarus' Statue.	Quelque chose vous pousse à parler à la statue de Caldarus.	У вас появилось желание поговорить со статуей Кальдаруса.	Усещаш неудържим порив да поговориш със статуята на Калдаръс.
Conversations/Bank/Caldarus/Statue Lines/general_lines/summer_night_c/1	Running around in the heat burns a lot of energy. Get plenty of sleep tonight.	Courir en tous sens sous la chaleur consomme beaucoup d'énergie. Essaie de faire une bonne nuit de sommeil.	Когда много работаешь на жаре, тратится много энергии. Выспись сегодня как следует.	Тичането в жегата изтощава. Наспи се добре тази нощ.
Conversations/Bank/Caldarus/Statue Lines/general_lines/summer_night_c/init	You feel compelled to talk to Caldarus' Statue.	Quelque chose vous pousse à parler à la statue de Caldarus.	У вас появилось желание поговорить со статуей Кальдаруса.	Усещаш неудържим порив да поговориш със статуята на Калдаръс.
Conversations/Bank/Caldarus/Statue Lines/general_lines/sunny/1	I had missed experiencing sunny days such as this one...	Profiter de journées ensoleillées comme celles-ci me manquait...	Я соскучился по ощущению солнечного дня, как сегодня...	Липсваше ми да усещам слънчеви дни като този...
Conversations/Bank/Caldarus/Statue Lines/general_lines/sunny/2	I enjoy feeling the sun's warmth, even in this form.	J'aime sentir la chaleur du soleil, même sous cette forme.	Даже в такой форме мне приятно чувствовать тепло.	Харесва ми да усещам топлината на слънцето дори в този си вид.
Conversations/Bank/Caldarus/Statue Lines/general_lines/sunny/init	You feel compelled to talk to Caldarus' Statue.	Quelque chose vous pousse à parler à la statue de Caldarus.	У вас появилось желание поговорить со статуей Кальдаруса.	Усещаш неудържим порив да поговориш със статуята на Калдаръс.
Conversations/Bank/Caldarus/Statue Lines/general_lines/sunny_fall/1	I enjoy watching the colors change in fall.	J'aime regarder les couleurs changer en automne.	Мне нравится смотреть, как осенью меняются цвета.	Харесва ми да гледам как цветовете се променят през есента.
Conversations/Bank/Caldarus/Statue Lines/general_lines/sunny_fall/2	Another cycle nears its end. Peaceful, is it not?	Encore un cycle qui s'achève. C'est paisible, tu ne trouves pas ?	Ещё один годовой цикл подходит к концу. Это умиротворяет, правда?	Още един кръговрат наближава края си. Спокойно е, нали?
Conversations/Bank/Caldarus/Statue Lines/general_lines/sunny_fall/init	You feel compelled to talk to Caldarus' Statue.	Quelque chose vous pousse à parler à la statue de Caldarus.	У вас появилось желание поговорить со статуей Кальдаруса.	Усещаш неудържим порив да поговориш със статуята на Калдаръс.
Conversations/Bank/Caldarus/Statue Lines/general_lines/sunny_summer/1	The weather is getting rather hot...	Il commence à faire chaud...	На улице становится всё жарче...	Времето става доста горещо...
Conversations/Bank/Caldarus/Statue Lines/general_lines/sunny_summer/2	Make sure to take breaks and drink plenty of water.	N'oublie pas de faire des pauses et de boire beaucoup d'eau.	Не забывай делать перерывы и пить достаточно воды.	Прави си почивки и пий достатъчно вода.
Conversations/Bank/Caldarus/Statue Lines/general_lines/sunny_summer/init	You feel compelled to talk to Caldarus' Statue.	Quelque chose vous pousse à parler à la statue de Caldarus.	У вас появилось желание поговорить со статуей Кальдаруса.	Усещаш неудържим порив да поговориш със статуята на Калдаръс.
Conversations/Bank/Caldarus/Statue Lines/general_lines/sunny_winter/1	The scenery changes quickly when the season turns.	Le paysage évolue vite quand on change de saison.	Со сменой времён года быстро меняется пейзаж.	Пейзажът бързо се променя, когато сезонът се смени.
Conversations/Bank/Caldarus/Statue Lines/general_lines/sunny_winter/2	Mistria's children will soon be building snow dragons, I am sure.	Les enfants de Mistria se mettront bientôt à faire des dragons de neige, j'en suis sûr.	Я уверен, скоро мистрийские дети будут строить снежных драконов.	Сигурен съм, че децата на Мистрия скоро ще строят снежни дракони.
Conversations/Bank/Caldarus/Statue Lines/general_lines/sunny_winter/init	You feel compelled to talk to Caldarus' Statue.	Quelque chose vous pousse à parler à la statue de Caldarus.	У вас появилось желание поговорить со статуей Кальдаруса.	Усещаш неудържим порив да поговориш със статуята на Калдаръс.
Conversations/Bank/Caldarus/Statue Lines/general_lines/townsfolk_adeline/1	This Adeline you talk about seems to have a good head on her shoulders. It is rare to meet someone who truly cares about everyone around her.	Cette Adeline dont tu parles semble avoir la tête sur les épaules. Il est rare de croiser quelqu'un qui se préoccupe sincèrement de toutes celles et ceux qui l'entourent.	Эта Аделина, о которой ты говоришь, кажется очень рассудительным человеком. Редко можно встретить человека, который искренне заботится о всех окружающих.	Тази Аделайн, за която говориш, изглежда разумна. Рядко се среща човек, който искрено се грижи за всички около себе си.
Conversations/Bank/Caldarus/Statue Lines/general_lines/townsfolk_adeline/init	You feel compelled to talk to Caldarus' Statue.	Quelque chose vous pousse à parler à la statue de Caldarus.	У вас появилось желание поговорить со статуей Кальдаруса.	Усещаш неудържим порив да поговориш със статуята на Калдаръс.
Conversations/Bank/Caldarus/Statue Lines/general_lines/townsfolk_balor/1	"I confess I have not had much dealings with merchants, so I cannot tell you if this Balor should be relied upon or not. Dragons rarely need to ""buy"" things."	J'avoue n'avoir guère frayé avec les marchands, je ne saurais donc te dire si ce Balor est fiable ou non. Les dragons ont rarement besoin « d'acheter » des choses.	Признаюсь, я нечасто общался с торговцами, так что не могу подсказать, стоит ли этому Балору доверять. Драконам редко нужно что-то «покупать».	Признавам, че нямам много вземане-даване с търговци, затова не мога да кажа дали на този Балор може да се разчита. На драконите рядко им се налага да „купуват“ разни неща.
Conversations/Bank/Caldarus/Statue Lines/general_lines/townsfolk_balor/init	You feel compelled to talk to Caldarus' Statue.	Quelque chose vous pousse à parler à la statue de Caldarus.	У вас появилось желание поговорить со статуей Кальдаруса.	Усещаш неудържим порив да поговориш със статуята на Калдаръс.
Conversations/Bank/Caldarus/Statue Lines/general_lines/townsfolk_darcy/1	So Darcy specializes in bitter bean related drinks? And people... hold these drinks in high regard?	Alors comme ça, Darcy est spécialisée dans les boissons amères à base de fèves ? Et les humains tiennent ces breuvages... en grande estime ?	Значит, Дарси делает напитки из горьких бобов? И людям правда... нравятся такие напитки?	Значи Дарси се специализира в напитки от горчиви зърна? И хората... много ги ценят?
Conversations/Bank/Caldarus/Statue Lines/general_lines/townsfolk_darcy/2	What a fascinating time to be alive.	Quelle époque fascinante à vivre !	В какие поразительные времена я живу.	Колко любопитно време да си жив.
Conversations/Bank/Caldarus/Statue Lines/general_lines/townsfolk_darcy/init	You feel compelled to talk to Caldarus' Statue.	Quelque chose vous pousse à parler à la statue de Caldarus.	У вас появилось желание поговорить со статуей Кальдаруса.	Усещаш неудържим порив да поговориш със статуята на Калдаръс.
Conversations/Bank/Caldarus/Statue Lines/general_lines/townsfolk_dell/1	Dell sounds to me like she would make an excellent knight.	Dell ferait un excellent chevalier, il me semble.	Из Делл, кажется, вышел бы отличный рыцарь.	Дел ми звучи като човек, който би станал отличен рицар.
Conversations/Bank/Caldarus/Statue Lines/general_lines/townsfolk_dell/2	Hmm... does the kingdom still have knights?	Hmm... Y a-t-il encore des chevaliers dans ce royaume ?	Хмм... В этом королевстве ещё есть рыцари?	Хм... в кралството още ли има рицари?
Conversations/Bank/Caldarus/Statue Lines/general_lines/townsfolk_dell/init	You feel compelled to talk to Caldarus' Statue.	Quelque chose vous pousse à parler à la statue de Caldarus.	У вас появилось желание поговорить со статуей Кальдаруса.	Усещаш неудържим порив да поговориш със статуята на Калдаръс.
Conversations/Bank/Caldarus/Statue Lines/general_lines/townsfolk_dozy/1	This very good boy you speak of, Dozy... I would like to meet such a noble soul.	Ce gentil toutou dont tu parles, Dozy... J'aimerais rencontrer une âme si noble.	Тот хороший мальчик, о котором ты говоришь, Дрёма... Я бы хотел познакомиться со столь благородным созданием.	Това много добро момче, Дози, за което говориш... бих искал да се запозная с такава благородна душа.
Conversations/Bank/Caldarus/Statue Lines/general_lines/townsfolk_dozy/init	You feel compelled to talk to Caldarus' Statue.	Quelque chose vous pousse à parler à la statue de Caldarus.	У вас появилось желание поговорить со статуей Кальдаруса.	Усещаш неудържим порив да поговориш със статуята на Калдаръс.
Conversations/Bank/Caldarus/Statue Lines/general_lines/townsfolk_eiland/1	One day I would like to thank Eiland personally for helping rediscover my shrine.	Un jour, j'aimerais remercier Eiland personnellement d'avoir participé à la redécouverte de mon autel.	Однажды я бы хотел лично отблагодарить Эйланда за открытие моего святилища.	Някой ден бих искал лично да благодаря на Айленд, че е помогнал да бъде преоткрито светилището ми.
Conversations/Bank/Caldarus/Statue Lines/general_lines/townsfolk_eiland/init	You feel compelled to talk to Caldarus' Statue.	Quelque chose vous pousse à parler à la statue de Caldarus.	У вас появилось желание поговорить со статуей Кальдаруса.	Усещаш неудържим порив да поговориш със статуята на Калдаръс.
Conversations/Bank/Caldarus/Statue Lines/general_lines/townsfolk_elsie/1	This Elsie sounds like someone who has learned to live life to the fullest. You could learn much from her.	Cette Elsie semble avoir appris à profiter au maximum de la vie. Elle aurait beaucoup à t'apprendre.	Элси, о которой ты рассказываешь, производит впечатление женщины, берущей от жизни всё. Ты можешь многому у неё поучиться.	Тази Елси звучи като човек, който се е научил да живее пълноценно. Може да научиш много от нея.
Conversations/Bank/Caldarus/Statue Lines/general_lines/townsfolk_elsie/init	You feel compelled to talk to Caldarus' Statue.	Quelque chose vous pousse à parler à la statue de Caldarus.	У вас появилось желание поговорить со статуей Кальдаруса.	Усещаш неудържим порив да поговориш със статуята на Калдаръс.
Conversations/Bank/Caldarus/Statue Lines/general_lines/townsfolk_errol/1	Errol sounds like he would be a good person to reminisce about the past with. Perhaps he would help to jog my memories.	Errol semble être la bonne personne avec qui se souvenir du passé. Peut-être pourrait-il m'aider à me rafraîchir la mémoire.	Эррол кажется человеком, с которым хорошо повспоминать прошлое. Может, он помог бы встряхнуть мою память.	Ерол ми звучи като човек, с когото би било хубаво да си спомняш миналото. Може би ще ми помогне да си върна спомените.
Conversations/Bank/Caldarus/Statue Lines/general_lines/townsfolk_errol/init	You feel compelled to talk to Caldarus' Statue.	Quelque chose vous pousse à parler à la statue de Caldarus.	У вас появилось желание поговорить со статуей Кальдаруса.	Усещаш неудържим порив да поговориш със статуята на Калдаръс.
Conversations/Bank/Caldarus/Statue Lines/general_lines/townsfolk_hemlock/1	Hemlock is a drink expert, you say? Hmm... I would like to sample his craft.	Hemlock est un spécialiste des boissons, dis-tu ? Mmm... j'aimerais goûter à ce qu'il prépare.	Говоришь, Хемлок — эксперт по напиткам? Хмм... Я бы хотел попробовать что-нибудь его собственного изготовления.	Казваш, че Хемлок е познавач на напитките? Хм... бих искал да опитам от майсторството му.
Conversations/Bank/Caldarus/Statue Lines/general_lines/townsfolk_hemlock/init	You feel compelled to talk to Caldarus' Statue.	Quelque chose vous pousse à parler à la statue de Caldarus.	У вас появилось желание поговорить со статуей Кальдаруса.	Усещаш неудържим порив да поговориш със статуята на Калдаръс.
Conversations/Bank/Caldarus/Statue Lines/general_lines/townsfolk_henrietta/1	I am sorry, did I mishear? This Henrietta you speak of is a chicken? I assumed we were talking about a person.	Pardon, ai-je mal entendu ? Cette Henrietta est une poule ? Je pensais que nous parlions d'une personne.	Прости, я не ослышался? Генриетта, о которой ты говоришь — курица? Я думал, мы обсуждаем человека.	Извинявай, да не съм чул погрешно? Тази Хенриета, за която говориш, е кокошка? Предположих, че говорим за човек.
Conversations/Bank/Caldarus/Statue Lines/general_lines/townsfolk_henrietta/init	You feel compelled to talk to Caldarus' Statue.	Quelque chose vous pousse à parler à la statue de Caldarus.	У вас появилось желание поговорить со статуей Кальдаруса.	Усещаш неудържим порив да поговориш със статуята на Калдаръс.
Conversations/Bank/Caldarus/Statue Lines/general_lines/townsfolk_holt/1	"Holt enjoys ""punning""? In my time, such behavior was a nearly criminal offense."	Holt aime « jouer avec les mots » ? À mon époque, un tel comportement était quasiment un crime.	Хольту говорит «каламбурами»? В мои времена подобное поведение расценивалось почти как преступление.	Холт обича каламбурите? В моето време подобно поведение почти се смяташе за престъпление.
Conversations/Bank/Caldarus/Statue Lines/general_lines/townsfolk_holt/init	You feel compelled to talk to Caldarus' Statue.	Quelque chose vous pousse à parler à la statue de Caldarus.	У вас появилось желание поговорить со статуей Кальдаруса.	Усещаш неудържим порив да поговориш със статуята на Калдаръс.
Conversations/Bank/Caldarus/Statue Lines/general_lines/townsfolk_josephine/1	This Sleeping Dragon Inn that Josephine runs, I am quite intrigued by the name. Did the family's ancestors perhaps remember me?	Le nom de l'auberge du Dragon qui dort, que tient Joséphine, m'intrigue beaucoup. Les ancêtres de sa famille se souvenaient-ils de moi ?	Название трактира «Спящий Дракон», которым владеет Джозефина, меня заинтриговало. Может ли быть такое, что предки этой семьи помнили обо мне?	Името на Хана на Спящия дракон, който Жозефин управлява, много ме заинтригува. Дали предците на семейството са ме помнили?
Conversations/Bank/Caldarus/Statue Lines/general_lines/townsfolk_josephine/init	You feel compelled to talk to Caldarus' Statue.	Quelque chose vous pousse à parler à la statue de Caldarus.	У вас появилось желание поговорить со статуей Кальдаруса.	Усещаш неудържим порив да поговориш със статуята на Калдаръс.
Conversations/Bank/Caldarus/Statue Lines/general_lines/townsfolk_juniper/1	So Juniper runs a bathhouse, with waters that restore your health and stamina? It sounds almost magical.	Ainsi, Juniper tient un lieu où des bains permettent de recouvrer santé et énergie ? Ça semble presque magique.	Джунипер владеет купальней, в которой вода восстанавливает здоровье и выносливость? Звучит почти как магия.	Значи Джунипър управлява баня с води, които възстановяват здравето и издръжливостта ти? Звучи почти магически.
Conversations/Bank/Caldarus/Statue Lines/general_lines/townsfolk_juniper/init	You feel compelled to talk to Caldarus' Statue.	Quelque chose vous pousse à parler à la statue de Caldarus.	У вас появилось желание поговорить со статуей Кальдаруса.	Усещаш неудържим порив да поговориш със статуята на Калдаръс.
Conversations/Bank/Caldarus/Statue Lines/general_lines/townsfolk_landen/1	"From what you say about Landen, I am having a hard time understanding what this thing called ""retirement"" actually entails."	De ce que tu me racontes à propos de Landen, j'ai du mal à comprendre ce que recouvre exactement ce terme de « retraite ».	Из того, что ты говоришь про Ландена, мне трудновато понять, что эта «пенсия» вообще означает.	От това, което казваш за Ландън, ми е трудно да разбера какво всъщност представлява това нещо, наречено „пенсиониране“.
Conversations/Bank/Caldarus/Statue Lines/general_lines/townsfolk_landen/init	You feel compelled to talk to Caldarus' Statue.	Quelque chose vous pousse à parler à la statue de Caldarus.	У вас появилось желание поговорить со статуей Кальдаруса.	Усещаш неудържим порив да поговориш със статуята на Калдаръс.
Conversations/Bank/Caldarus/Statue Lines/general_lines/townsfolk_louis/1	Louis is a tailor? How interesting. I wonder how fashion has evolved after all this time...	Louis est tailleur ? Comme c'est intéressant. Je me demande comment l'habillement a évolué, après tout ce temps.	Луи — это портной? Как любопытно. Интересно, как изменилась мода за эти времена...	Луи е шивач? Колко интересно. Чудя се как се е променила модата през цялото това време...
Conversations/Bank/Caldarus/Statue Lines/general_lines/townsfolk_louis/init	You feel compelled to talk to Caldarus' Statue.	Quelque chose vous pousse à parler à la statue de Caldarus.	У вас появилось желание поговорить со статуей Кальдаруса.	Усещаш неудържим порив да поговориш със статуята на Калдаръс.
Conversations/Bank/Caldarus/Statue Lines/general_lines/townsfolk_luc/1	It is kind of you to aid Luc in his search for bugs. I, too, will let you know if I see any of particular note.	C'est gentil de ta part d'aider Luc dans sa recherche d'insectes. Je te dirai, moi aussi, si je remarque quelque chose de particulièrement intéressant.	Очень великодушно с твоей стороны помочь Люку в поисках жуков. Я тоже тебе расскажу, если увижу кого-то особенно примечательного.	Мило е от твоя страна да помагаш на Люк в търсенето му на буболечки. И аз ще ти кажа, ако видя някоя по-особена.
Conversations/Bank/Caldarus/Statue Lines/general_lines/townsfolk_luc/init	You feel compelled to talk to Caldarus' Statue.	Quelque chose vous pousse à parler à la statue de Caldarus.	У вас появилось желание поговорить со статуей Кальдаруса.	Усещаш неудържим порив да поговориш със статуята на Калдаръс.
Conversations/Bank/Caldarus/Statue Lines/general_lines/townsfolk_maple/1	You say that Maple wants to be the next Queen? She has a long road ahead of her, I suspect many vie for the position.	Tu dis que Maple veut être la prochaine reine ? Le chemin sera long, car j'imagine que beaucoup aspirent à ce poste.	Ты говоришь, Мэйпл хочет стать следующей королевой? Её ждёт тернистый путь, я думаю, многим нужна эта должность.	Казваш, че Мейпъл иска да стане следващата кралица? Предстои ѝ дълъг път, подозирам, че мнозина се борят за тази позиция.
Conversations/Bank/Caldarus/Statue Lines/general_lines/townsfolk_maple/init	You feel compelled to talk to Caldarus' Statue.	Quelque chose vous pousse à parler à la statue de Caldarus.	У вас появилось желание поговорить со статуей Кальдаруса.	Усещаш неудържим порив да поговориш със статуята на Калдаръс.
Conversations/Bank/Caldarus/Statue Lines/general_lines/townsfolk_march/1	It is strange that although March has won so many awards for his work, he has not won any for his personality.	Il est étrange que March, qui a été maintes fois récompensé pour son travail, n'ait jamais gagné aucun prix pour son attitude.	Странно, что Март получил столько наград за свои работы, но ни одной — за личные качества.	Странно е, че макар Марч да е спечелил толкова награди за работата си, не е спечелил нито една за характера си.
Conversations/Bank/Caldarus/Statue Lines/general_lines/townsfolk_march/2	Something to bring up the next time you talk to him, perhaps?	Ce sujet serait peut-être à aborder avec lui la prochaine fois que vous discuterez, non ?	Может, тебе стоит обсудить это с ним при встрече?	Може би нещо, което да подхванеш следващия път, когато говориш с него?
Conversations/Bank/Caldarus/Statue Lines/general_lines/townsfolk_march/init	You feel compelled to talk to Caldarus' Statue.	Quelque chose vous pousse à parler à la statue de Caldarus.	У вас появилось желание поговорить со статуей Кальдаруса.	Усещаш неудържим порив да поговориш със статуята на Калдаръс.
Conversations/Bank/Caldarus/Statue Lines/general_lines/townsfolk_nora/1	So Nora organizes the Saturday Market? How commendable.	Ainsi Nora organise le marché du samedi ? C'est vraiment louable.	Нора организует Субботний базар? Это похвально.	Значи Нора организира Съботния пазар? Колко похвално.
Conversations/Bank/Caldarus/Statue Lines/general_lines/townsfolk_nora/init	You feel compelled to talk to Caldarus' Statue.	Quelque chose vous pousse à parler à la statue de Caldarus.	У вас появилось желание поговорить со статуей Кальдаруса.	Усещаш неудържим порив да поговориш със статуята на Калдаръс.
Conversations/Bank/Caldarus/Statue Lines/general_lines/townsfolk_olric/1	Olric seems like a trustworthy fellow. Be sure you are worthy of that trust, [Ari].	Olric semble être digne de confiance. Surtout, sois toi aussi digne de la confiance qu'il t'accorde, [Ari].	Кажется, Ольрик — надёжный парень. Не подведи его доверие, [Ari].	Олрик ми изглежда надежден човек. Гледай да оправдаеш доверието му, [Ari].
Conversations/Bank/Caldarus/Statue Lines/general_lines/townsfolk_olric/init	You feel compelled to talk to Caldarus' Statue.	Quelque chose vous pousse à parler à la statue de Caldarus.	У вас появилось желание поговорить со статуей Кальдаруса.	Усещаш неудържим порив да поговориш със статуята на Калдаръс.
Conversations/Bank/Caldarus/Statue Lines/general_lines/townsfolk_reina/1	These meals Reina cooks do sound appealing. Dragons do not need to eat, although I confess that I find it quite enjoyable.	Les repas cuisinés par Reina ont l'air appétissants. Les dragons n'ont pas besoin de manger, mais j'avoue trouver cela très agréable.	Блюда, которые готовит Рейна, и правда звучат заманчиво. Драконам не нужна еда, но, признаюсь, я получаю от неё немалое удовольствие.	Ястията, които Рейна приготвя, звучат много апетитно. На драконите не им се налага да ядат, но признавам, че на мен ми е приятно.
Conversations/Bank/Caldarus/Statue Lines/general_lines/townsfolk_reina/init	You feel compelled to talk to Caldarus' Statue.	Quelque chose vous pousse à parler à la statue de Caldarus.	У вас появилось желание поговорить со статуей Кальдаруса.	Усещаш неудържим порив да поговориш със статуята на Калдаръс.
Conversations/Bank/Caldarus/Statue Lines/general_lines/townsfolk_ryis/1	This Ryis you mention, I can sometimes hear him about his carpentry work even from here. It seems the things you mortals build are forever falling to pieces.	Ce Ryis dont tu parles, je l'entends parfois jusqu'ici travailler sur ses chantiers de charpente. On dirait que ce que les mortels bâtissent tombe toujours en morceaux.	Иногда я даже отсюда слышу, как Риз, о котором ты говоришь, мастерит что-то у себя. Кажется, все творения смертных обречены вечно распадаться на части.	Този Райс, за когото споменаваш, понякога се чува дори дотук, докато работи по дърводелските си проекти. Май нещата, които вие, смъртните, строите, все се разпадат.
Conversations/Bank/Caldarus/Statue Lines/general_lines/townsfolk_ryis/init	You feel compelled to talk to Caldarus' Statue.	Quelque chose vous pousse à parler à la statue de Caldarus.	У вас появилось желание поговорить со статуей Кальдаруса.	Усещаш неудържим порив да поговориш със статуята на Калдаръс.
Conversations/Bank/Caldarus/Statue Lines/general_lines/townsfolk_terithia/1	It seems this Terithia and I have much in common. I would like to talk to her one day about the delicious fish off the coast of Mistria.	On dirait que Terithia et moi avons beaucoup en commun. J'aimerais un jour discuter avec elle des délicieux poissons qu'on trouve au large de Mistria.	Кажется, у нас с этой Теризией много общего. Когжа-нибудь я бы хотел с ней обсудить чудесный вкус рыбы с мистрийского берега.	Изглежда с Терития имаме много общо. Някой ден бих искал да поговоря с нея за вкусната риба край бреговете на Мистрия.
Conversations/Bank/Caldarus/Statue Lines/general_lines/townsfolk_terithia/init	You feel compelled to talk to Caldarus' Statue.	Quelque chose vous pousse à parler à la statue de Caldarus.	У вас появилось желание поговорить со статуей Кальдаруса.	Усещаш неудържим порив да поговориш със статуята на Калдаръс.
Conversations/Bank/Caldarus/Statue Lines/general_lines/townsfolk_valen/1	Dragons are rarely ill, it is good to hear that this Doctor Valen can attend to your mortal frailties.	Les dragons sont rarement malades, mais je suis rassuré de savoir que la docteure Valen peut s'occuper des fragilités des mortels.	Драконы редко болеют, но я рад слышать, что эта доктор Вален может позаботиться о ваших смертных слабостях.	Драконите рядко боледуват. Добре е да чуя, че доктор Вален може да се погрижи за смъртните ти недъзи.
Conversations/Bank/Caldarus/Statue Lines/general_lines/townsfolk_valen/init	You feel compelled to talk to Caldarus' Statue.	Quelque chose vous pousse à parler à la statue de Caldarus.	У вас появилось желание поговорить со статуей Кальдаруса.	Усещаш неудържим порив да поговориш със статуята на Калдаръс.
Conversations/Bank/Caldarus/Statue Lines/general_lines/townsfolk_vera/1	This Vera styles your hair? How interesting. I wonder what style she would recommend for me...	C'est cette Vera qui coiffe tes cheveux ? C'est intéressant. Je me demande quel type de coiffure elle me conseillerait.	Эта Вера работает с причёсками? Как любопытно. Интересно, что за причёску она бы мне порекомендовала...	Тази Вера оформя косата ти? Колко интересно. Чудя се каква прическа би ми препоръчала...
Conversations/Bank/Caldarus/Statue Lines/general_lines/townsfolk_vera/init	You feel compelled to talk to Caldarus' Statue.	Quelque chose vous pousse à parler à la statue de Caldarus.	У вас появилось желание поговорить со статуей Кальдаруса.	Усещаш неудържим порив да поговориш със статуята на Калдаръс.
Conversations/Bank/Caldarus/Statue Lines/general_lines/winter_afternoon_a/1	I watched some birds playing in the snow this morning. It was very... cute.	J'ai regardé des oiseaux jouer dans la neige, ce matin. C'était très... attendrissant.	Сегодня утром я видел, как птицы играли в снегу. Это было... мило.	Тази сутрин гледах как няколко птици си играят в снега. Беше много... сладко.
Conversations/Bank/Caldarus/Statue Lines/general_lines/winter_afternoon_a/init	You feel compelled to talk to Caldarus' Statue.	Quelque chose vous pousse à parler à la statue de Caldarus.	У вас появилось желание поговорить со статуей Кальдаруса.	Усещаш неудържим порив да поговориш със статуята на Калдаръс.
Conversations/Bank/Caldarus/Statue Lines/general_lines/winter_afternoon_b/1	The smell of wood burning stoves has long been a characteristic of Mistrian winters.	L'odeur émanant des poêles à bois est de longue date une des caractéristiques des hivers à Mistria.	Запах дровяных печей с давних времён наполняет мистрийские зимы.	Мирисът на печки на дърва отдавна е характерен за зимите в Мистрия.
Conversations/Bank/Caldarus/Statue Lines/general_lines/winter_afternoon_b/init	You feel compelled to talk to Caldarus' Statue.	Quelque chose vous pousse à parler à la statue de Caldarus.	У вас появилось желание поговорить со статуей Кальдаруса.	Усещаш неудържим порив да поговориш със статуята на Калдаръс.
Conversations/Bank/Caldarus/Statue Lines/general_lines/winter_afternoon_c/1	The sun feels warm today, even if the wind is cold.	Même si le vent est froid, le soleil apporte aujourd'hui une agréable douceur.	На солнце сегодня кажется тепло, несмотря на холодный ветер.	Слънцето грее топло днес, дори вятърът да е студен.
Conversations/Bank/Caldarus/Statue Lines/general_lines/winter_afternoon_c/init	You feel compelled to talk to Caldarus' Statue.	Quelque chose vous pousse à parler à la statue de Caldarus.	У вас появилось желание поговорить со статуей Кальдаруса.	Усещаш неудържим порив да поговориш със статуята на Калдаръс.
Conversations/Bank/Caldarus/Statue Lines/general_lines/winter_morning_a/1	The snow looks pretty this time of day.	La neige est jolie à voir, à cette heure de la journée.	В это время дня снег выглядит так красиво.	Снегът е красив по това време на деня.
Conversations/Bank/Caldarus/Statue Lines/general_lines/winter_morning_a/init	You feel compelled to talk to Caldarus' Statue.	Quelque chose vous pousse à parler à la statue de Caldarus.	У вас появилось желание поговорить со статуей Кальдаруса.	Усещаш неудържим порив да поговориш със статуята на Калдаръс.
Conversations/Bank/Caldarus/Statue Lines/general_lines/winter_morning_b/1	It looks like today will be another cold one...	On dirait qu'il va encore faire froid, aujourd'hui...	Судя по всему, сегодня снова будет морозный день...	Май и днес ще е студено...
Conversations/Bank/Caldarus/Statue Lines/general_lines/winter_morning_b/init	You feel compelled to talk to Caldarus' Statue.	Quelque chose vous pousse à parler à la statue de Caldarus.	У вас появилось желание поговорить со статуей Кальдаруса.	Усещаш неудържим порив да поговориш със статуята на Калдаръс.
Conversations/Bank/Caldarus/Statue Lines/general_lines/winter_morning_c/1	Are you keeping warm, [Ari]? Perhaps you should start your day with a hot drink.	Tu veilles à ne pas prendre froid, [Ari] ? Peut-être devrais-tu commencer ta journée par une boisson chaude.	Ты хорошо утепляешься, [Ari]? Возможно, стоит начать день с горячего напитка.	Топло ли ти е, [Ari]? Може би е добре да започнеш деня с топла напитка.
Conversations/Bank/Caldarus/Statue Lines/general_lines/winter_morning_c/init	You feel compelled to talk to Caldarus' Statue.	Quelque chose vous pousse à parler à la statue de Caldarus.	У вас появилось желание поговорить со статуей Кальдаруса.	Усещаш неудържим порив да поговориш със статуята на Калдаръс.
Conversations/Bank/Caldarus/Statue Lines/general_lines/winter_night_a/1	Watch your step, [Ari]. The ground may be slippery.	Attention en marchant, [Ari]. Le sol pourrait être glissant.	Ходи аккуратно, [Ari]. Иногда можно поскользнуться.	Гледай къде стъпваш, [Ari]. Земята може да е хлъзгава.
Conversations/Bank/Caldarus/Statue Lines/general_lines/winter_night_a/init	You feel compelled to talk to Caldarus' Statue.	Quelque chose vous pousse à parler à la statue de Caldarus.	У вас появилось желание поговорить со статуей Кальдаруса.	Усещаш неудържим порив да поговориш със статуята на Калдаръс.
Conversations/Bank/Caldarus/Statue Lines/general_lines/winter_night_b/1	Winter nights are quiet...	Les nuits d'hiver sont très calmes...	Зимние ночи такие тихие...	Зимните нощи са тихи...
Conversations/Bank/Caldarus/Statue Lines/general_lines/winter_night_b/init	You feel compelled to talk to Caldarus' Statue.	Quelque chose vous pousse à parler à la statue de Caldarus.	У вас появилось желание поговорить со статуей Кальдаруса.	Усещаш неудържим порив да поговориш със статуята на Калдаръс.
Conversations/Bank/Caldarus/Statue Lines/general_lines/winter_night_c/1	I hope you have enough blankets at home, [Ari]. You will want to wrap up warm tonight.	J'espère que tu as assez de couvertures chez toi, [Ari]. Il va falloir te couvrir chaudement cette nuit.	Надеюсь, у тебя дома хватает пледов, [Ari]. Этой ночью надо укутаться поплотнее.	Надявам се, че имаш достатъчно одеяла у дома, [Ari]. Завий се добре тази нощ.
Conversations/Bank/Caldarus/Statue Lines/general_lines/winter_night_c/init	You feel compelled to talk to Caldarus' Statue.	Quelque chose vous pousse à parler à la statue de Caldarus.	У вас появилось желание поговорить со статуей Кальдаруса.	Усещаш неудържим порив да поговориш със статуята на Калдаръс.
