key	english	french	russian	bulgarian
Conversations/Bank/Celine/Banked Lines/1h_general_store/1h_general_store/1	But that's not what I want.	Mais ce n'est pas ce dont j'ai envie.	Но мне хочется другого.	Но аз не искам това.
Conversations/Bank/Celine/Banked Lines/1h_general_store/1h_general_store/2	I don't mind working there part time, of course.	Ça ne me gêne pas d'y travailler de temps en temps, évidemment.	Хотя, конечно, я не против там подрабатывать.	Разбира се, нямам нищо против да работя там на непълно работно време.
Conversations/Bank/Celine/Banked Lines/1h_general_store/1h_general_store/3	And lately I've been growing some flowers and herbs for orders around town, too!	Et depuis quelque temps, je fais aussi pousser des fleurs et des plantes un peu partout en ville !	А ещё в последнее время я стала выращивать цветы и травы для разных городских заказов!	А напоследък отглеждам цветя и билки за поръчки из града!
Conversations/Bank/Celine/Banked Lines/1h_general_store/1h_general_store/4	I've even shipped a few to Balor.	J'en ai même expédié quelques-unes pour Balor.	Даже пару раз отправляла Балору на продажу.	Дори изпратих няколко на Балор.
Conversations/Bank/Celine/Banked Lines/1h_general_store/1h_general_store/5	In a way it's like having my own little farm...	D'une certaine façon, j'ai ma petite ferme, moi aussi...	Можно сказать, у меня тут своя маленькая ферма...	В известен смисъл е като да имам собствена малка ферма...
Conversations/Bank/Celine/Banked Lines/1h_general_store/1h_general_store/6	Um, well. Maybe that's overstating things.	Hum, bon... c'est peut-être un peu exagéré.	Эм, ну... Возможно, это я преувеличила.	Ъм, добре де. Може би малко преувеличавам.
Conversations/Bank/Celine/Banked Lines/1h_general_store/1h_general_store/init	I think if Mom had her way, I'd be working toward taking over the General Store...	Si j'écoutais maman, je devrais travailler à ses côtés pour un jour reprendre le magasin général...	Думаю, если бы мама решала за меня, я бы сейчас готовилась принять управление универмагом...	Мисля, че ако майка ми решаваше, трябваше да се подготвям да поема Смесения магазин...
Conversations/Bank/Celine/Banked Lines/3h_cooking/3h_cooking/1	It helps that my garden's been doing so well!	Le fait que mon jardin donne bien m'aide beaucoup !	Очень помогает, что у меня дома всё так хорошо растёт!	Помага и това, че градината ми се развива толкова добре!
Conversations/Bank/Celine/Banked Lines/3h_cooking/3h_cooking/2	Here, you should take some of this =Spring Salad=! I made too much.	Tiens, prends un peu de cette =salade printanière= ! J'en ai préparé trop.	Вот, возьми немного =весеннего салата=! Я приготовила слишком много.	Ето, вземи една =Пролетна салата=! Направих твърде много.
Conversations/Bank/Celine/Banked Lines/3h_cooking/3h_cooking/init	I've been trying to do some more cooking at home lately.	J'essaie de cuisiner un peu plus chez moi, en ce moment.	Я стараюсь больше готовить дома.	Напоследък се опитвам да готвя повече у дома.
Conversations/Bank/Celine/Banked Lines/5h_no_use/5h_no_use/1	I haven't been able to get our sprout to grow at all since last time you were over.	Je n'ai pas réussi à faire grandir notre pousse d'un millimètre depuis ta dernière visite.	Наш росток совсем не вырос с твоего прошлого прихода.	От последния път, когато беше у нас, изобщо не успявам да го накарам да покълне.
Conversations/Bank/Celine/Banked Lines/5h_no_use/5h_no_use/2	You don't think I'm wasting my time with all of this, do you?	Tu crois que je perds mon temps avec ça, dis-moi ?	Как ты думаешь, может, я просто зря трачу время?	Нали не мислиш, че си губя времето с всичко това?
Conversations/Bank/Celine/Banked Lines/5h_no_use/5h_no_use/2/prompts/0	What? Why would you say that?	Comment ? Pourquoi tu dis ça ?	Что? Неужели ты правда так думаешь?	Какво? Защо го казваш?
Conversations/Bank/Celine/Banked Lines/5h_no_use/5h_no_use/2/prompts/1	It's not a waste of time if you're enjoying yourself.	Si ça te fait plaisir, ce n'est pas une perte de temps.	Время не потрачено зря, если оно проведено с удовольствием.	Не е загуба на време, щом ти доставя удоволствие.
Conversations/Bank/Celine/Banked Lines/5h_no_use/5h_no_use/3	S-sorry, [Ari]. I don't really think it's a waste of time.	D-Désolée, [Ari]. Je ne le pense pas vraiment, tu sais.	П-прости, [Ari]. На самом деле я не думаю, что всё напрасно.	С-съжалявам, [Ari]. Всъщност не мисля, че е загуба на време.
Conversations/Bank/Celine/Banked Lines/5h_no_use/5h_no_use/4	I've just been feeling a little blue, I suppose.	Je crois que j'ai seulement eu un petit coup de cafard.	Наверное, я просто расстроена, что у меня ничего не выходит.	Просто напоследък съм малко потисната.
Conversations/Bank/Celine/Banked Lines/5h_no_use/5h_no_use/5	I can't explain why, but reviving this flower is really important to me.	J'ai du mal à expliquer pourquoi, mais faire renaître cette fleur est vraiment important pour moi.	Мне почему-то очень важно, чтобы этот цветок вырос. Даже не знаю почему.	Не мога да обясня защо, но за мен е много важно да съживя това цвете.
Conversations/Bank/Celine/Banked Lines/5h_no_use/5h_no_use/6	Even if my family doesn't quite get it... I'm really glad that you do.	Même si ma famille ne voit pas bien pourquoi... Je suis contente que toi, tu comprennes.	Семья тоже не понимает... Но я очень рада, что ты понимаешь.	Дори семейството ми да не го разбира напълно... много се радвам, че ти го разбираш.
Conversations/Bank/Celine/Banked Lines/5h_no_use/5h_no_use/7	O-oh. Really?	Oh, vraiment ?	Ой... Правда?	О-о. Наистина?
Conversations/Bank/Celine/Banked Lines/5h_no_use/5h_no_use/8	That's a nice way of thinking about it!	C'est une jolie façon de voir les choses !	Это удобный взгляд на ситуацию!	Хубав начин е да го погледнеш!
Conversations/Bank/Celine/Banked Lines/5h_no_use/5h_no_use/init	Sigh... It's no use, [Ari].	Pfff... C'est inutile, [Ari].	*вздох*... Бесполезно, [Ari].	Ех... няма смисъл, [Ari].
Conversations/Bank/Celine/Banked Lines/7h_sprout/7h_sprout/1	She said she was really impressed that we were able to get the seed to grow...	Elle m'a dit qu'elle était très impressionnée que nous ayons réussi à faire germer la graine...	Она говорит, её очень впечатлило, что наше семечко проросло...	Каза, че много се впечатлила, че успяхме да накараме семето да порасне...
Conversations/Bank/Celine/Banked Lines/7h_sprout/7h_sprout/2	And then Dell asked if we could do the same for her, hehe!	Ensuite, Dell a demandé si on pourrait faire la même chose pour elle, hi hi !	А потом Делл спросила, можем ли мы так же подрастить её, хи-хи!	После Дел попита дали може да направим същото и за нея, хехе!
Conversations/Bank/Celine/Banked Lines/7h_sprout/7h_sprout/init	Mom was asking after our sprout the other day.	Maman m'a demandé comment se portait notre pousse, l'autre jour !	Мама на днях снова спрашивала про наш росток.	Онзи ден мама ме питаше за нашия кълн.
Conversations/Bank/Celine/Banked Lines/9h_proud/7h_sprout/1	She said she was really proud of us for reviving our lost flower... Isn't that sweet?	Elle a déclaré être très fière qu'on ait réussi à faire renaître notre fleur disparue... C'est gentil, non ?	Она сказала, что гордится нами. За то, что мы возрождаем утраченный цветок... Очень мило, правда?	Каза, че много се гордее с нас, задето съживихме изгубеното ни цвете... Не е ли мило?
Conversations/Bank/Celine/Banked Lines/9h_proud/7h_sprout/2	Of course, she immediately followed that up by suggesting we find a way to start growing them commercially.	Bon, évidemment, elle a ensuite aussitôt suggéré qu'on trouve le moyen d'en faire pousser d'autres pour les vendre.	Но, разумеется, затем она стала рассуждать, что нам стоит подумать о выращивании этих цветов для продажи...	Разбира се, веднага предложи да намерим начин да започнем да ги отглеждаме за продажба.
Conversations/Bank/Celine/Banked Lines/9h_proud/7h_sprout/3	Oh, Mom...	Sacrée maman...	Ах, мама...	Ох, мамо...
Conversations/Bank/Celine/Banked Lines/9h_proud/7h_sprout/init	You won't believe what my mom said the other day, [Ari]!	[Ari], tu ne vas jamais croire ce que maman m'a dit, l'autre jour !	[Ari], ты не поверишь, что мне мама недавно сказала!	Няма да повярваш какво каза мама онзи ден, [Ari]!
Conversations/Bank/Celine/Banked Lines/adelines_got_a_lot_going_on/adelines_got_a_lot_going_on/init	Adeline's got so much on her shoulders, but she's got a lot of people supporting her, too. Like you, [Ari]!	La charge d'Adeline est lourde à porter, mais elle a aussi beaucoup de gens pour l'aider. Comme toi, [Ari] !	Аделина столько всего на себя берёт, но и поддержки у неё достаточно. Например, твоя, [Ari]!	Аделайн има толкова много на плещите си, но има и много хора, които я подкрепят. Като теб, [Ari]!
Conversations/Bank/Celine/Banked Lines/ari_bloomed/ari_bloomed/init	Oh, I was just thinking about you [Ari]. You've really blossomed recently.	Oh, j'étais justement en train de penser à toi, [Ari]. Tu <he>t'es vraiment épanoui</he><she>t'es vraiment épanouie</she><they>sembles t'épanouir</they> depuis quelque temps.	Ох, я как раз думала о тебе, [Ari]. Ты последнее время по-настоящему <p>расцвели</p><f>расцвела</f><m>расцвёл</m><n>расцвело</n>.	О, тъкмо мислех за теб, [Ari]. Напоследък направо разцъфтяваш.
Conversations/Bank/Celine/Banked Lines/ari_farmer/ari_farmer/init	You've really taken to farming, haven't you! I'm so glad.	T'occuper d'une ferme te plaît beaucoup, ça se voit ! Ça me fait vraiment plaisir.	Земледелие пришлось тебе по душе, правда? Я так рада!	Земеделието явно ти се отдава! Много се радвам.
Conversations/Bank/Celine/Banked Lines/bag_of_flour/bag_of_flour/1	We... may have ordered too much.	Nous en avons... commandé un peu trop.	Кажется, мы... слишком много заказали.	Може би... поръчахме твърде много.
Conversations/Bank/Celine/Banked Lines/bag_of_flour/bag_of_flour/init	Hi, [Ari]! Can I interest you in a nice, er, bag of $Flour$?	Bonjour [Ari] ! Que dirais-tu d'un bon, euh, sac de $farine$ ?	Привет, [Ari]! Могу ли я заинтересовать тебя... эм... мешочком $муки$?	Здравей, [Ari]! Да те изкуша с един хубав, ъъ, чувал $Брашно$?
Conversations/Bank/Celine/Banked Lines/basement/basement_1/init	Hi, [Ari]!	Bonjour, [Ari] !	Привет, [Ari]! 	Здравей, [Ari]!
Conversations/Bank/Celine/Banked Lines/bathhouse/bathhouse/1	I feel like a flower tucked away in a cozy little greenhouse.	Je m'y sens comme une fleur installée bien au chaud dans une petite serre.	Чувствую себя цветком в маленькой уютной теплице.	Чувствам се като цвете, скрито в уютна малка оранжерия.
Conversations/Bank/Celine/Banked Lines/bathhouse/bathhouse/init	It's so nice to visit the Bathhouse in winter!	C'est tellement agréable de se rendre aux bains en hiver !	Зимой так приятно ходить в купальню!	Толкова е хубаво да посетиш Банята през зимата!
Conversations/Bank/Celine/Banked Lines/bathhouse/bathhouse_1/1	The water's nice and hot, [Ari]! You should have a soak if you haven't already.	L'eau est bien chaude, [Ari] ! Tu devrais te baigner, si ça n'est pas déjà fait.	[Ari], вода сейчас очень тёплая и приятная! Зайди промочись, если ещё не <p>были</p><f>была</f><m>был</m><n>было</n>.	Водата е приятно топла, [Ari]! Ако още не си, трябва да се потопиш.
Conversations/Bank/Celine/Banked Lines/bathhouse/bathhouse_1/init	Oh, that was so nice! A bath was just what I needed.	Oh, c'était très agréable ! J'avais bien besoin d'un bon bain.	Ах, как хорошо! Ванна — как раз то, что мне было нужно.	Ох, беше толкова хубаво! Точно от баня имах нужда.
Conversations/Bank/Celine/Banked Lines/beach/beach/1	That's so interesting! Isn't it interesting, [Ari]?	C'est vraiment intéressant ! Tu ne trouves pas, [Ari] ?	Это так интересно! Разве нет, [Ari]?	Толкова е интересно! Не е ли интересно, [Ari]?
Conversations/Bank/Celine/Banked Lines/beach/beach/init	The plants by the Beach are so different from the ones further inland!	Les plantes situées près de la plage sont tellement différentes de celles plus à l'intérieur des terres !	Растения рядом с пляжем так отличаются от растущих в лесу!	Растенията край плажа са толкова различни от онези по-навътре в сушата!
Conversations/Bank/Celine/Banked Lines/beach_holt/beach_holt/1	So red. Like a tomato...	Il devient tout rouge. Comme une tomate...	Он становится красный как помидор...	Толкова червен. Като домат...
Conversations/Bank/Celine/Banked Lines/beach_holt/beach_holt/init	Dad loves summer, but he doesn't really like going to the Beach. Between you and me, he burns so badly in the sun!	Papa adore l'été, mais il n'aime pas trop aller à la plage. Entre nous, il prend de gros coups de soleil !	Папа любит лето, но ему не очень нравится ходить на пляж. Между нами, на солнце он очень сильно обгорает!	Татко обича лятото, но не харесва много плажа. Между нас казано, изгаря ужасно на слънце!
Conversations/Bank/Celine/Banked Lines/bedtime_stories/bedtime_stories/1	Dell prefers fairy tales where people become friends with the dragon, and you know what? Me too!	Dell préfère les contes de fées où les héros deviennent amis avec le dragon et tu sais quoi ? Moi aussi !	Делл нравятся истории, в которых люди дружат с драконами. И знаешь, пожалуй, мне тоже!	Дел предпочита приказки, в които хората се сприятеляват с дракона, и знаеш ли? И аз!
Conversations/Bank/Celine/Banked Lines/bedtime_stories/bedtime_stories/init	I wanted to learn some new bedtime stories for Dell, so I've been doing some reading...	Je voulais apprendre de nouvelles histoires du soir pour les raconter à Dell, alors j'ai fait quelques lectures...	Мне хотелось выучить какие-нибудь новые сказки на ночь для Делл, так что я решила почитать...	Исках да науча няколко нови приказки за лека нощ за Дел, затова напоследък чета...
Conversations/Bank/Celine/Banked Lines/books_for_rainy_days/books_for_rainy_days/1	They make rainy days a little cozier.	Ils rendent ces journées pluvieuses un peu plus agréables.	С ними дождливые дни становятся уютнее.	Правят дъждовните дни малко по-уютни.
Conversations/Bank/Celine/Banked Lines/books_for_rainy_days/books_for_rainy_days/init	I have books I save for rainy days, with grand adventures, misunderstood villains... and dragons!	J'ai certains livres réservés aux jours de pluie, avec de grandes aventures, des méchants incompris... et des dragons !	У меня много книжек, которые я люблю читать в дождливые дни. Про приключения, непонятых злодеев и... драконов!	Имам книги, които пазя за дъждовни дни: с велики приключения, неразбрани злодеи... и дракони!
Conversations/Bank/Celine/Banked Lines/braid/braid/1	When I was a kid, I always came out of the yard with dirt and leaves in my hair!	Quand j'étais enfant, je rentrais toujours du jardin avec les cheveux pleins de terre et de feuilles !	Когда я была маленькая, я всё время возвращалась со двора с кучей грязи и листьев в волосах!	Като дете винаги се прибирах от двора с пръст и листа в косата!
Conversations/Bank/Celine/Banked Lines/braid/braid/init	My mom was the one who taught me how to braid my hair before gardening.	C'est ma mère qui m'a appris à me faire des nattes avant de jardiner.	Это мама научила меня заплетать волосы, прежде чем начинать работать в саду.	Мама ме научи да си сплитам косата, преди да се захвана с градинарство.
Conversations/Bank/Celine/Banked Lines/caldarus/celine_0_follow_up/1	I was foraging at the Deep Woods pond and it felt like... like someone was watching me.	Je faisais de la cueillette près de l'étang de Boissombre et j'ai eu l'impression... que quelqu'un m'observait.	Я собирала всякое у пруда в Глубокой чаще, и мне показалось... за мной кто-то следил.	Събирах растения край езерото в Дълбоката гора и имах чувството, че... че някой ме наблюдава.
Conversations/Bank/Celine/Banked Lines/caldarus/celine_0_follow_up/2	I was so distracted that I slipped and almost fell in-	J'étais tellement distraite que j'ai glissé et que j'ai failli tomber dans l'eau.	Я так переживала, что поскользнулась и чуть не упала в воду...	Толкова се разсеях, че се подхлъзнах и едва не паднах-
Conversations/Bank/Celine/Banked Lines/caldarus/celine_0_follow_up/3	When suddenly, the air itself seemed to wrap around me and pulled me back! Like a pair of invisible arms!	Quand soudain, c'est comme si l'air lui-même s'était enroulé autour de moi et m'avait tirée en arrière ! Comme deux bras invisibles !	Но вдруг воздух обернулся вокруг, словно невидимые руки, и удержал меня!	И тогава въздухът сякаш ме обви и ме дръпна назад! Като чифт невидими ръце!
Conversations/Bank/Celine/Banked Lines/caldarus/celine_0_follow_up/4	You don't think... it was a ghost?	Tu ne crois pas que... c'était un fantôme ?	Может... это было привидение?	Не мислиш, че... беше призрак, нали?
Conversations/Bank/Celine/Banked Lines/caldarus/celine_0_follow_up/init	The strangest thing happened...	Il m'est arrivé quelque chose de très étrange...	Произошло что-то очень странное...	Случи се нещо много странно...
Conversations/Bank/Celine/Banked Lines/can_i_help/can_i_help/init	Hi, [Ari]! Can I help you find anything? We just restocked!	Salut, [Ari] ! Tu cherches quelque chose de précis ? Nous venons de refaire le plein !	Привет, [Ari]! Тебе чем-нибудь помочь? У нас только-только обновились запасы!	Здравей, [Ari]! Мога ли да ти помогна да намериш нещо? Току-що заредихме нови стоки!
Conversations/Bank/Celine/Banked Lines/celine_juniper_tea/celine_juniper_tea/1	Probably because she's always so busy running the $Bathhouse$!	Sûrement parce qu'elle est toujours très occupée à gérer les $bains$ !	Наверное, потому что всё время занята своей $купальней$!	Вероятно защото винаги е толкова заета с $Банята$!
Conversations/Bank/Celine/Banked Lines/celine_juniper_tea/celine_juniper_tea/2	Maybe I should invite her over for tea some time!	Je devrais peut-être l'inviter à venir prendre le thé, à l'occasion !	Возможно, мне стоит когда-нибудь пригласить её к себе на чай!	Може би някой път трябва да я поканя на чай!
Conversations/Bank/Celine/Banked Lines/celine_juniper_tea/celine_juniper_tea/init	Juniper hasn't made too many friends since moving here.	Juniper ne s'est pas fait beaucoup d'amis depuis son installation ici.	С тех пор, как Джунипер к нам переехала, она почти ни с кем не подружилась.	Джунипър няма много приятели, откакто се премести тук.
Conversations/Bank/Celine/Banked Lines/cleanliness/cleanliness/1	Mom is actually a bit of a disaster on her own...	Toute seule, maman est une vraie catastrophe...	У мамы, наоборот, большой беспорядок, когда ей не помогают...	Мама всъщност е малко бедствие, когато е сама...
Conversations/Bank/Celine/Banked Lines/cleanliness/cleanliness/init	With my mom's eye for detail, you'd think I learned to clean up from her! But no, my dad is the tidy one.	Étant donné le sens du détail de maman, on pourrait croire que je tiens d'elle quand il s'agit de nettoyer. Mais pas du tout ! C'est mon père, le plus ordonné des deux.	Учитывая, как мама дотошна, можно подумать, я научилась убираться у неё. Но нет, настоящий чистюля — папа!	С усета на мама към детайлите би си помислил, че тя ме е научила да подреждам! Но не, татко е спретнатият.
Conversations/Bank/Celine/Banked Lines/codex_interesting/codex_interesting/1	Don't tell Luc.	Ne le raconte pas à Luc.	Не говорю об этом Люку.	Не казвай на Люк.
Conversations/Bank/Celine/Banked Lines/codex_interesting/codex_interesting/init	This part of the Codex is so interesting. Did you know that there are plants that eat insects?	Cette partie du Codex est tellement intéressante. Tu savais que certaines plantes mangent des insectes ?	Эта часть «Кодекса» такая интересная. Ты знаешь, что есть растения, которые едят насекомых?	Тази част от Кодекса е толкова интересна. Знаеше ли, че има растения, които ядат насекоми?
Conversations/Bank/Celine/Banked Lines/codex_old_flowers/codex_old_flowers/1	I wonder if they're all really gone.	Je me demande si toutes se sont vraiment éteintes.	Интересно, они и правда вымерли?	Чудя се дали наистина са изчезнали всички.
Conversations/Bank/Celine/Banked Lines/codex_old_flowers/codex_old_flowers/init	The Codex describes all kinds of flowers I've never seen or heard of.	Le Codex décrit toutes sortes de plantes que je n'ai jamais vues et dont je n'ai jamais entendu parler.	В «Кодексе» описаны цветы, о которых я раньше даже и не слышала.	Кодексът описва какви ли не цветя, които никога не съм виждала или чувала.
Conversations/Bank/Celine/Banked Lines/codex_on_flora/codex_on_flora/init	The Codex Mistria records so many species of flora that I've never seen before... I hope I can use it to restore some of the extinct flowers in Mistria.	Le Codex Mistria recense tant de spécimens de la flore que je n'ai encore jamais vus... J'espère l'utiliser pour restaurer quelques-unes des espèces de fleurs éteintes à Mistria.	«Кодекс Мистрии» описывает столько разных видов флоры, которых я никогда не видела... Надеюсь, с его помощью я смогу восстановить какие-нибудь вымершие виды.	Кодексът на Мистрия описва толкова видове флора, които никога не съм виждала... Надявам се да мога да го използвам, за да възстановя някои от изчезналите цветя в Мистрия.
Conversations/Bank/Celine/Banked Lines/codex_out_of_date/codex_out_of_date/1	It would explain a lot!	Ça expliquerait beaucoup de choses !	Это бы многое объясняло!	Това би обяснило много неща!
Conversations/Bank/Celine/Banked Lines/codex_out_of_date/codex_out_of_date/init	I wonder if the acidity of Mistria's soil was different when the Codex was written?	Je me demande si l'acidité du sol était différente quand le Codex a été rédigé.	Наверное, когда «Кодекс Мистрии» был написан, кислотность почвы тут была другая...	Чудя се дали киселинността на почвата в Мистрия е била различна, когато е написан Кодексът?
Conversations/Bank/Celine/Banked Lines/codex_soil/codex_soil/init	The Codex is very particular about which flowers can share soil.	Le Codex indique très précisément quelles fleurs peuvent partager le même sol.	В «Кодексе» очень подробно описано, какие цветы могут расти рядом друг с другом.	Кодексът много внимателно посочва кои цветя могат да растат в една и съща почва.
Conversations/Bank/Celine/Banked Lines/cottage_armory/cottage_armory/1	Which explains all the sticks I've found lying around...	Ça explique les nombreux bâtons que je trouve un peu partout...	Это объясняет, почему везде валются столько разных палок...	Което обяснява всички пръчки, които намирам разхвърляни...
Conversations/Bank/Celine/Banked Lines/cottage_armory/cottage_armory/init	Dell says she's making my cottage into the Dragonguard armory.	Dell raconte qu'elle est en train de faire de ma maisonnette l'armurerie de Garde des dragons.	Делл говорит, что хочет превратить мой домик в оружейную Драконьей стражи.	Дел казва, че превръща вилата ми в оръжейна на Драконовата стража.
Conversations/Bank/Celine/Banked Lines/cuttings/cuttings/init	I hope I can gather some cuttings tomorrow.	J'espère pouvoir récupérer quelques boutures demain.	Надеюсь, получится собрать завтра кое-какие срезы.	Надявам се утре да събера няколко резника.
Conversations/Bank/Celine/Banked Lines/daisies/daisies/1	Some people call them weeds, but I would never!	Certains disent que ce sont de mauvaises herbes, mais je ne suis pas d'accord !	Некоторые считают их сорняками, но не я!	Някои хора ги наричат плевели, но аз никога не бих!
Conversations/Bank/Celine/Banked Lines/daisies/daisies/init	Do you like =Daisies=?	Tu aimes les =marguerites= ?	Тебе нравятся =маргаритки=?	Харесваш ли =Маргаритки=?
Conversations/Bank/Celine/Banked Lines/daydreaming_at_work/daydreaming_at_work/init	Oh, [Ari]! Sorry, I was daydreaming about what I'll do with the manor garden next season. Let me know if you need anything!	Oh, [Ari] ! Pardon, j'étais en train de rêvasser à ce que je ferais dans les jardins du manoir la saison prochaine. Dis-moi si tu as besoin de quelque chose !	Ох, [Ari]! Прости, я обдумывала, что буду делать с садом особняка в следуюшем сезоне. Скажи, если что-то нужно!	О, [Ari]! Извинявай, бях се замечтала какво ще правя с градината на имението през следващия сезон. Кажи, ако ти трябва нещо!
Conversations/Bank/Celine/Banked Lines/dell_candy_gambit/dell_candy_gambit/init	"Dell's ""candy for dinner"" gambit is going to work one of these days..."	La stratégie de Dell « Un bonbon, c'est un repas » va finir par marcher, un de ces jours...	Делл постоянно пытается обменять свой ужин на конфеты. Возможно, когда-нибудь это сработает...	Тактиката на Дел „бонбони за вечеря“ някой ден ще проработи...
Conversations/Bank/Celine/Banked Lines/dell_gift/dell_gift/1	I don't know what I'll do with all that, but she's so sweet to think of me!	Je ne sais pas ce que je vais faire de tout ça, mais c'est si gentil de sa part de penser à moi !	Не знаю, что мне с ними делать, но так мило, что она обо мне заботится!	Нямам представа какво ще правя с всичко това, но е толкова мила, че се е сетила за мен!
Conversations/Bank/Celine/Banked Lines/dell_gift/dell_gift/init	Dell brought me a rock, a piece of bark, and a crabclaw.	Dell m'a apporté une pierre, un morceau d'écorce et une pince de crabe.	Делл принесла мне камень, кусочек коры и крабью клешню.	Дел ми донесе камък, парче кора и щипка от рак.
Conversations/Bank/Celine/Banked Lines/dell_in_trouble/dell_in_trouble/init	I wonder what Dell is up to. Not getting into trouble, I hope...	Je me demande ce que mijote Dell. J'espère qu'elle ne va pas s'attirer d'ennuis...	Интересно, чем Делл занята. Надеюсь ничем опасным...	Чудя се какво ли е намислила Дел. Дано не се забърква в неприятности...
Conversations/Bank/Celine/Banked Lines/dell_stall/dell_stall/init	Dell wore herself out telling me about the market stall she wants to open. I'd love to see that someday!	Dell m'a parlé jusqu'à épuisement de l'étal du marché qu'elle veut installer. J'adorerais voir ça, un jour !	Делл так увлечённо рассказывала мне о лавке, которую хочет открыть на Субботнем базаре. Надеюсь, когда-нибудь я её увижу!	Дел направо се изтощи, докато ми разказваше за пазарната сергия, която иска да отвори. Някой ден много искам да я видя!
Conversations/Bank/Celine/Banked Lines/dell_treat/dell_treat/1	Mostly so she doesn't run off.	C'est surtout pour éviter qu'elle se sauve.	В основном чтобы она не сбежала.	Най-вече за да не избяга.
Conversations/Bank/Celine/Banked Lines/dell_treat/dell_treat/init	Dell loves the Saturday Market. I always let her pick a treat when I take her.	Dell adore le marché du samedi. Quand c'est moi qui l'y emmène, je la laisse toujours choisir une friandise.	Делл очень нравится Субботний базар. Я всегда покупаю ей какое-нибудь лакомство, когда беру с собой.	Дел обожава Съботния пазар. Винаги ѝ позволявам да си избере лакомство, когато я водя там.
Conversations/Bank/Celine/Banked Lines/dry_soil/dry_soil/init	The soil can get a bit dry up here by the manor, so it's good to keep it watered.	Le sol est parfois un peu sec à proximité du manoir, alors c'est bien de l'arroser régulièrement.	Иногда тут, рядом с особняком, почва становится слишком сухой. Поэтому неплохо иногда её поливать.	Почвата тук, край имението, може да стане малко суха, затова е добре да я поливаш.
Conversations/Bank/Celine/Banked Lines/eiland_crybaby/eiland_crybaby/init	Eiland's a bit of an adventurer now, but you should have seen him when we were kids... he was a bit of a crybaby. In an adorable way, of course.	Eiland a un côté aventurier, aujourd'hui, mais si tu l'avais connu quand on était enfants... Il était un peu pleurnicheur, ça avait un côté attendrissant.	Эйланд сейчас почти приключенец, но его стоило видеть, когда мы были маленькими... Он был таким плаксой. Но милым, конечно же.	Айленд сега е малко приключенец, но трябваше да го видиш като деца... беше си голям ревльо. Разбира се, по очарователен начин.
Conversations/Bank/Celine/Banked Lines/fall_gardening/fall_gardening/1	All the foliage is also blooming, in its own special way!	Le feuillage est comme en fleur, d'une façon très particulière !	Даже листья на деревьях по-своему расцветают!	И всички листа разцъфват по свой специален начин!
Conversations/Bank/Celine/Banked Lines/fall_gardening/fall_gardening/init	Something about gardening in fall is so lovely, you know?	Il y a quelque chose de charmant à jardiner en automne, tu ne trouves pas ?	Заниматься садом в осеннюю пору особенно чудесно, правда?	Има нещо толкова прекрасно в градинарството през есента, нали?
Conversations/Bank/Celine/Banked Lines/fall_general_store/fall_general_store/init	Hm? Oh, I was daydreaming about the beautiful autumn leaves. Let me know if you need anything, [Ari].	Hm ? Oh, j'étais en pleine rêverie sur les magnifiques feuilles d'automne. Dis-moi si tu as besoin de quelque chose, [Ari] !	Хм? О, я просто думала, как прекрасны осенние листья. Если что-то нужно, только скажи, [Ari].	Хм? О, мечтаех си за красивите есенни листа. Кажи, ако ти трябва нещо, [Ari].
Conversations/Bank/Celine/Banked Lines/family_stuff/family_stuff/1	Huh?	Pardon ?	А?	А?
Conversations/Bank/Celine/Banked Lines/family_stuff/family_stuff/2	Oh, it's nothing...	Oh, ce n'est rien...	Да нет, ничего...	О, нищо...
Conversations/Bank/Celine/Banked Lines/family_stuff/family_stuff/3	Just some family stuff. You know how it is.	Juste un truc de famille. Tu sais ce que c'est.	Просто семейные дела. Бывает.	Просто семейни неща. Нали знаеш как е.
Conversations/Bank/Celine/Banked Lines/family_stuff/family_stuff/init	Hey, [Ari]...	Salut, [Ari]...	Слушай, [Ari]...	Хей, [Ari]...
Conversations/Bank/Celine/Banked Lines/flower_fact/flower_fact/init	Did you know a cluster of flowers is called an inflorescence? What a cute name!	Savais-tu qu'un groupe de fleurs sur une plante s'appelle une inflorescence ? Quel nom ravissant !	А ты знаешь, что когда в одном месте много цветов, это называется соцветием? Такое чудесное название!	Знаеше ли, че група цветове се нарича съцветие? Какво сладко име!
Conversations/Bank/Celine/Banked Lines/flower_stand/flower_stand/init	I wonder if the Saturday Market could use a flower stand. Might be fun!	Je me demande si un étal de fleurs serait utile au marché du samedi. Ça pourrait être amusant !	Мне кажется, Субботнему базару не помешает цветочная лавка. Это может быть весело!	Чудя се дали на Съботния пазар няма място за щанд за цветя. Може да е забавно!
Conversations/Bank/Celine/Banked Lines/flowers_watered/flowers_watered/1	It's so convenient, and I can put my mind to other things. Like reading!	C'est tellement pratique et je peux me concentrer sur d'autres choses. Comme la lecture !	Это так удобно. И можно заняться чем-то другим. Например, почитать!	Толкова е удобно и мога да се съсредоточа върху други неща. Например четене!
Conversations/Bank/Celine/Banked Lines/flowers_watered/flowers_watered/init	I love rainy days! All my flowers get watered in one go.	J'adore les journées pluvieuses ! Toutes mes fleurs sont arrosées d'un coup.	Обожаю дождливые дни! Все мои цветы поливаются разом.	Обожавам дъждовните дни! Всичките ми цветя се поливат наведнъж.
Conversations/Bank/Celine/Banked Lines/foraging/foraging/init	Are you foraging, too? There's so much to find out here!	Toi aussi tu fais de la cueillette et du ramassage ? On trouve tant de choses, ici !	Ты тоже собираешь дикие растения? Здесь так много всего можно найти!	И ти ли събираш растения? Тук има толкова много неща за намиране!
Conversations/Bank/Celine/Banked Lines/foraging/foraging_2/init	Juniper asked for some =Lilacs= for the Bathhouse. I've got a few already, but... one more couldn't hurt.	Juniper a demandé des lilas pour les bains. J'en ai déjà quelques branches, mais... une de plus ne peut pas faire de mal.	Джунипер попросила принести ей несколько цветков сирени для купальни. Я уже достаточно набрала, но почему бы не добрать ещё чуть-чуть?	Джунипър поиска малко =Люляци= за Банята. Имам няколко, но... още един няма да навреди.
Conversations/Bank/Celine/Banked Lines/foraging/foraging_3/init	Oh, hello [Ari]! Have you ever noticed how fertile the soil of Mistria is? The things you forage grow right back after just a few days!	Oh, bonjour [Ari] ! As-tu remarqué combien le sol de Mistria est fertile ? Ce que l'on récolte repousse aussitôt après quelques jours !	О, привет, [Ari]! Ты <p>заметили</p><f>заметила</f><m>заметил</m><n>заметило</n>, насколько плодородная в Мистрии почва? Только собираешь что-нибудь, а через пару дней оно снова выросло!	О, здравей, [Ari]! Забелязвал ли си колко плодородна е почвата в Мистрия? Растенията, които събираш, израстват отново само след няколко дни!
Conversations/Bank/Celine/Banked Lines/foraging/foraging_4/1	I'm just happy my foraging is helpful! Between the two of us, I'd be doing it for fun anyway.	Je suis tellement contente que ma cueillette soit utile ! De toi à moi, je le ferais de toute façon, pour le plaisir.	Я так рада, что моё собирательство приносит пользу! Между нами, даже если бы не приносило, я бы всё равно им занималась для удовольствия.	Просто се радвам, че събирането ми е полезно! Между нас казано, и без това бих го правила за удоволствие.
Conversations/Bank/Celine/Banked Lines/foraging/foraging_4/init	Juniper asked after flowers for her bath oils, and Reina always needs berries for baking, and... well, the list goes on.	Juniper a demandé des fleurs pour ses huiles de bain, Reina a toujours besoin de baies pour ses pâtisseries et... la liste est longue.	Джунипер попросила принести ей цветов для купальных масел. А Рейне всегда нужны какие-нибудь ягоды для выпечки... ну и так далее.	Джунипър иска цветя за маслата си за баня, а на Рейна винаги ѝ трябват горски плодове за печене и... е, списъкът е дълъг.
Conversations/Bank/Celine/Banked Lines/foraging/foraging_5/init	The animals on Hayden's farm are so cute, aren't they? I wonder which would look cutest with a bow, or a little hat...	Les animaux de la ferme d'Hayden sont tellement mignons, non ? Je me demande lequel serait le plus chou avec un nœud papillon, ou un petit chapeau...	Животные на ферме Хейдена такие милашки, правда? Интересно, кто из них будет милее всего выглядеть с бантиком? Или в маленькой шляпке...	Животните във фермата на Хейдън са толкова сладки, нали? Чудя се кое би изглеждало най-сладко с панделка или малка шапка...
Conversations/Bank/Celine/Banked Lines/foraging/foraging_6/1	About half the fruit I've found is sweet, and the rest is tart! Dad will have his pick.	Environ la moitié des fruits que j'ai trouvés sont sucrés, le reste est acide ! Papa pourra choisir.	Половина из собранных сладкие, а другая — кислые! Папе будет из чего выбрать.	Около половината плодове, които намерих, са сладки, а останалите са кисели! Татко ще си избере.
Conversations/Bank/Celine/Banked Lines/foraging/foraging_6/init	Dad wanted to make some pie to surprise Mom, so I'm doing some foraging!	Papa voulait faire une tarte pour faire une surprise à maman, alors je vais faire un peu de cueillette !	Папа захотел приготовить пирог, чтобы удивить маму, так что я собираю фрукты!	Татко искаше да направи пай, за да изненада мама, затова събирам растения!
Conversations/Bank/Celine/Banked Lines/foraging/foraging_7/1	It's the only time of year I can get my hands on fresh $Rosemary$!	C'est le seul moment de l'année où je peux trouver du $romarin$ frais !	Только в этот сезон можно набрать свежего $розмарина$!	Само по това време на годината мога да намеря пресен $Розмарин$!
Conversations/Bank/Celine/Banked Lines/foraging/foraging_7/init	I was just doing some fall foraging, [Ari].	J'étais en train de faire une petite cueillette d'automne, [Ari].	Я решила сходить за осенними травами, [Ari].	Тъкмо събирах растения през есента, [Ari].
Conversations/Bank/Celine/Banked Lines/foraging/foraging_8/1	And it's extra fun to see all of Hayden's animals playing in the yard! They're so cute!	Et c'est encore plus amusant de voir tous les animaux d'Hayden jouer dans la cour ! Ils sont tellement mignons !	А ещё можно полюбоваться, как у Хейдена во дворе играют животные! Они у него такие миленькие!	А е още по-забавно да гледаш как всички животни на Хейдън играят в двора! Толкова са сладки!
Conversations/Bank/Celine/Banked Lines/foraging/foraging_8/init	Sweetwater Farm is such a lovely spot for foraging all year round.	La ferme de Doucerive est un lieu tellement charmant pour la cueillette tout au long de l'année.	Вокруг фермы «Сладководье» можно собирать растения круглый год.	Фермата Сладка вода е толкова хубаво място за събиране на растения през цялата година.
Conversations/Bank/Celine/Banked Lines/found_seeds/found_seeds/init	I found some mystery seeds this morning! I hope I can get them to germinate.	J'ai trouvé de mystérieuses graines, ce matin ! J'espère réussir à les faire germer.	Сегодня утром я нашла какие-то загадочные семена! Надеюсь, получится их прорастить.	Тази сутрин намерих загадъчни семена! Надявам се да успея да ги накарам да покълнат.
Conversations/Bank/Celine/Banked Lines/friday_anticipation/friday_anticipation/init	I'll be at the Inn this evening. Lord Eiland's been so excited to play his new game with us!	Je serai à l'auberge, ce soir. Messire Eiland est tellement impatient de nous faire partager son nouveau jeu !	Сегодня вечером пойду в трактир. Лорд Эйланд очень хочет поиграть с нами в свою новую игру!	Тази вечер ще съм в хана. Лорд Айленд е толкова развълнуван да играем новата му игра с него!
Conversations/Bank/Celine/Banked Lines/friday_anticipation_3/friday_anticipation_3/1	Want to read my character bio?	Tu veux lire la biographie de mon personnage ?	Хочешь посмотреть его биографию?	Искаш ли да прочетеш биографията на героя ми?
Conversations/Bank/Celine/Banked Lines/friday_anticipation_3/friday_anticipation_3/init	My character in Eiland's game is a woodland druid who speaks the true names of flowers.	Dans le jeu d'Eiland, mon personnage est un druide de la forêt qui connaît le vrai nom des fleurs.	Мой персонаж в игре Эйланда — лесной друид, который знает истинные имена цветов.	Героят ми в играта на Айленд е горски друид, който знае истинските имена на цветята.
Conversations/Bank/Celine/Banked Lines/friday_anticipation_4/friday_anticipation_4/init	I wonder if Reina can make themed food for our next Dragons & Drama. I have ideas!	Je me demande si Reina pourrait faire des plats thématiques pour notre prochaine partie de Dangers & Dragons. J'ai des idées !	Может, Рейна сможет приготовить какие-нибудь тематические блюда для нашей следующей сессии в «Перепалки & Драконов». У меня есть пара идей!	Чудя се дали Рейна може да приготви тематична храна за следващите ни Дракони и драма. Имам идеи!
Conversations/Bank/Celine/Banked Lines/full_day/full_day/init	What a full day!	Quelle journée bien remplie !	Какой прекрасный день!	Какъв наситен ден!
Conversations/Bank/Celine/Banked Lines/garden_shoots/garden_shoots/init	There are some shoots in the garden I wanted to check on... Spring is so exciting!	Il y a dans le jardin des pousses que j'aimerais aller voir d'un peu plus près... C'est tellement palpitant, le printemps !	Я хотела проверить кое-какие росточки в саду... Весна так будоражит!	Има няколко млади стръка в градината, които исках да проверя... Пролетта е толкова вълнуваща!
Conversations/Bank/Celine/Banked Lines/gardening/gardening/1	Dell read a story about a beanstalk that grows into the clouds...	Dell a lu une histoire parlant d'un haricot qui pousse jusqu'aux nuages...	Делл прочитала историю про бобовый стебель, который дорос до небес...	Дел прочете приказка за бобено стъбло, което расте до облаците...
Conversations/Bank/Celine/Banked Lines/gardening/gardening/2	Now she's asking if I can grow one for her!	Maintenant, elle me demande d'en faire pousser un pour elle !	И теперь просит меня вырастить для неё такой!	Сега ме пита дали мога да ѝ отгледам такова!
Conversations/Bank/Celine/Banked Lines/gardening/gardening/init	I'm breaking in a new set of tools I commissioned from March and Ryis! Oh, this is so exciting!	Je suis en train d'essayer plusieurs nouveaux outils que j'ai commandés à March et Ryis ! Oh, j'adore ça !	Я тут испытываю новые инструменты, которые заказала у Риза и Марта! Ох, как волнительно!	Свиквам с новите инструменти, които поръчах на Марч и Райс! О, толкова е вълнуващо!
Conversations/Bank/Celine/Banked Lines/gardening/gardening_2/init	Did I show you my new gardening tools? Ryis made the handles out of this pretty wood, and March pressed a flower pattern into the metal!	Je t'ai montré mes nouveaux outils de jardinage ? Ryis a fabriqué les manches à partir de ce joli bois et March a imprimé un dessin de fleur dans le métal !	Я показывала тебе свое новые садовые инструменты? Риз сделал рукоятки из красивого дерева, а Март вытеснил цветочный узор на металических частях!	Показах ли ти новите си градинарски инструменти? Райс направи дръжките от това красиво дърво, а Марч отпечата цветен мотив върху метала!
Conversations/Bank/Celine/Banked Lines/gardening/gardening_3/init	I'm doing my spring planting! It's a nice time to do it, while the soil's saturated with water from winter's last melt.	Je vais faire mes plantations de printemps ! C'est le bon moment pour ça, le sol est gorgé d'eau après la fonte de la neige hivernale.	Я стараюсь посадить как можно больше, пока весна! Самое лучшее время: почва насыщена водой после таяния зимних снегов.	Засаждам през пролетта! Чудесно време е, докато почвата още е напоена от последното топене на снега.
Conversations/Bank/Celine/Banked Lines/gardening/gardening_4/1	Some of them were longer than my braid, if you can believe it!	Certaines étaient plus longues que ma natte, tu te rends compte ?	Представляешь, корни некоторых из них были длиннее, чем мои косы!	Някои бяха по-дълги от плитката ми, ако можеш да повярваш!
Conversations/Bank/Celine/Banked Lines/gardening/gardening_4/init	I was pulling up some old roots earlier...	J'ai arraché de vieilles racines, tout à l'heure...	Сегодня выдергивала старые сорняки, и...	По-рано изскубвах стари корени...
Conversations/Bank/Celine/Banked Lines/gardening/gardening_5/1	It feels so special, you know?	C'est une sensation tellement unique.	Знаешь, это очень особенное ощущение.	Усещането е толкова специално, нали?
Conversations/Bank/Celine/Banked Lines/gardening/gardening_5/init	Sometimes when I'm digging in the soil, I feel this... connection to the land. Like I'm touching the past, present and future of Mistria.	Parfois, quand je creuse le sol, j'éprouve comme une... connexion avec la terre. Comme si je touchais le passé, le présent et le futur de Mistria.	Иногда, копаясь в саду, я чувствую... какую-то связь с землёй. Как будто прикасаюсь к прошлому, настоящему и будущему Мистрии.	Понякога, когато ровя в почвата, усещам тази... връзка със земята. Сякаш докосвам миналото, настоящето и бъдещето на Мистрия.
Conversations/Bank/Celine/Banked Lines/gardening/gardening_6/init	I'm testing the soil today, and deciding if I'll do my next planting from seeds or transplanted seedlings.	Je teste le sol, aujourd'hui, pour décider si mes prochaines plantations se feront à partir de graines ou de jeunes plants.	Сегодня я занимаюсь проверкой почвы. Нужно решить, что лучше посадить: семена или ростки.	Днес изследвам почвата и решавам дали следващото ми засаждане ще е със семена или с пресаден разсад.
Conversations/Bank/Celine/Banked Lines/gardening/gardening_7/init	Fall in Mistria is so pretty, but there's a practical side too! All those leaves on the ground make wonderful mulch for planting.	L'automne à Mistria est très joli, mais il a aussi un côté pratique ! Toutes ces feuilles sur le sol forment un paillis idéal pour les plantations.	Осень в Мистрии очень красива, но есть у неё и практическая польза! Все эти опавшие листья служат хорошей мульчей!	Есента в Мистрия е толкова красива, но има и практична страна! Всички тези листа на земята са чудесен мулч за засаждане.
Conversations/Bank/Celine/Banked Lines/gardening/gardening_8/init	The soil is happy today! I didn't have to water my garden much at all.	Le sol est content, aujourd'hui ! Je n'ai presque pas eu besoin d'arroser mon jardin.	Почва сегодня хорошо себя чувствует! Даже поливать сад особо не пришлось.	Почвата днес е доволна! Почти не ми се наложи да поливам градината.
Conversations/Bank/Celine/Banked Lines/grafting/grafting/1	I wonder if I can replicate it with modern plants...	Je me demande si je pourrais les reproduire avec des plantes modernes...	Может, получится использовать эти техники и для современных растений...	Чудя се дали мога да го пресъздам със съвременни растения...
Conversations/Bank/Celine/Banked Lines/grafting/grafting/init	I found a passage on special grafting techniques in the Codex, but it's all for extinct plants.	J'ai trouvé dans le Codex un passage sur des techniques de greffe particulières, mais elles concernent toutes des plantes qui n'existent plus.	Я нашла в «Кодексе» раздел, посвященный особым техникам прививки, но он целиком про вымершие растения.	Открих в Кодекса откъс за специални техники за присаждане, но всичко е за изчезнали растения.
Conversations/Bank/Celine/Banked Lines/green_after_rain/green_after_rain/init	Everything's greener after the rain. It's my favorite time to walk outside of town!	Tout est plus vert après la pluie. C'est le moment que je préfère pour marcher hors de la ville !	После дождя всё становится зеленее. Моё любимое время, чтобы прогуляться за городом!	Всичко е по-зелено след дъжда. Това е любимото ми време да се разхождам извън града!
Conversations/Bank/Celine/Banked Lines/growing_conditions/growing_conditions/1	Do you know where I can get soil from a volcanic caldera?	Sais-tu où je pourrais obtenir du sol venu de la caldera d'un volcan ?	Ты случайно не знаешь, где можно раздобыть почву из вулканической кальдеры?	Знаеш ли откъде мога да намеря почва от вулканична калдера?
Conversations/Bank/Celine/Banked Lines/growing_conditions/growing_conditions/init	The Codex describes growing conditions I've never heard of.	Le Codex décrit des conditions de croissance dont je n'ai jamais entendu parler.	В «Кодексе» описаны такие условия содержания растений, о которых я никогда раньше не слышала.	Кодексът описва условия за отглеждане, за които никога не съм чувала.
Conversations/Bank/Celine/Banked Lines/haydens_farm/haydens_farm/init	Hayden's farm is so pretty this time of year!	La ferme d'Hayden est si jolie à cette époque de l'année !	Ферма Хейдена в это время года просто прекрасна!	Фермата на Хейдън е толкова красива по това време на годината!
Conversations/Bank/Celine/Banked Lines/heart_level_lines/four_to_five_0/init	[Ari]! I was just doing some morning reading. Elsie lent this to me from her personal library...	[Ari] ! Je faisais un peu de lecture matinale. Elsie m'a prêté cet ouvrage de sa bibliothèque personnelle...	[Ari]! Я просто решила почитать немного с утра. Элси одолжила мне эту книгу из своей личной библиотеки...	[Ari]! Тъкмо четях тази сутрин. Елси ми я даде назаем от личната си библиотека...
Conversations/Bank/Celine/Banked Lines/heart_level_lines/two_to_three_0/1	I enjoy our chats.	J'aime nos discussions.	Мне нравятся наши разговоры.	Харесват ми разговорите ни.
Conversations/Bank/Celine/Banked Lines/heart_level_lines/two_to_three_0/init	It's always nice running into you, [Ari].	C'est toujours un plaisir de te croiser, [Ari].	Всегда так радостно встретить тебя, [Ari].	Винаги е приятно да се засечем, [Ari].
Conversations/Bank/Celine/Banked Lines/heart_level_lines/zero_to_one_0/1	I was just thinking now that we're neighbors, we should get to know each other better, right?	Je me disais que puisque nous sommes maintenant voisins, nous devrions apprendre à nous connaître un peu mieux, non ?	Просто подумала, что, раз уж мы теперь соседи, нам следует познакомиться поближе, верно?	Тъкмо си мислех, че щом сме съседи, трябва да се опознаем по-добре, нали?
Conversations/Bank/Celine/Banked Lines/heart_level_lines/zero_to_one_0/2	You have an air of mystery about you, [Ari]!	Il y a quelque chose de mystérieux en toi, [Ari] !	Есть в тебе что-то загадочное, [Ari]!	Има нещо загадъчно в теб, [Ari]!
Conversations/Bank/Celine/Banked Lines/heart_level_lines/zero_to_one_0/init	Hmmm...	Hmm...	Хммм...	Хммм...
Conversations/Bank/Celine/Banked Lines/helping_at_store/helping_at_store/init	I wasn't scheduled for a shift today, but I don't know... I only recently moved out and my cottage gets a little lonely on rainy days. And it feels good to pitch in!	Je ne devais pas travailler aujourd'hui, mais... J'ai déménagé depuis peu et je me sens un peu seule chez moi quand il pleut. Et c'est agréable de donner un coup de main !	У меня сегодня не должно быть смены, но, не знаю... Я переехала недавно, и в моём домике мне бывает одиноко в дождливые дни. Да и помогать всегда приятно!	Днес не бях по график, но не знам... Наскоро се изнесох и в дъждовните дни във вилата ми става малко самотно. А и е хубаво да помагам!
Conversations/Bank/Celine/Banked Lines/holt_bad_puns/holt_bad_puns/init	Dad and his puns... they're not my responsibility, but I always feel like I have to apologize for him.	Papa et ses blagues... Je n'en suis pas responsable, mais j'ai toujours l'impression de devoir m'excuser pour lui.	Шутки папы хоть и не имеют ко мне никакого отношения, но... мне всегда хочется за них извиняться перед всеми.	Татко и шегите му с думи... не са моя отговорност, но все ми се струва, че трябва да се извинявам вместо него.
Conversations/Bank/Celine/Banked Lines/houseplants/houseplants/init	I'm happy to report that my houseplants made it through the winter! They perked right up at the first peek of spring sunlight.	Je suis heureuse de t'annoncer que mes plantes d'intérieur ont passé l'hiver ! Elles ont repris du poil de la bête dès le premier rayon de soleil du printemps.	Радостно сообщаю, что мои комнатные растения пережили зиму! Они тут же устремились ввысь, стоило весеннему свету чуть-чуть пробиться сквозь облака.	С радост съобщавам, че стайните ми растения оцеляха през зимата! Оживяха веднага щом видяха първите лъчи на пролетното слънце.
Conversations/Bank/Celine/Banked Lines/hybrid/hybrid/init	Aren't these pretty? I wonder if these two can produce a hybrid.	Elles sont jolies, hein ? Je me demande si ces deux-là pourraient s'hybrider.	Вот эти — разве они не чудесные? Интересно, получится ли скрестить эти два вида.	Не са ли красиви? Чудя се дали тези две могат да дадат хибрид.
Conversations/Bank/Celine/Banked Lines/iced_tea_in_summer/iced_tea_in_summer/init	There's nothing better than an iced tea on a hot summer night!	Il n'y a rien de meilleur qu'un thé glacé lors d'une chaude nuit d'été !	Холодный чай в жаркую летнюю ночь не сравнится ни с чем!	Няма нищо по-хубаво от студен чай в гореща лятна вечер!
Conversations/Bank/Celine/Banked Lines/im_a_good_big_sister/good_big_sister/init	I'd like to think I'm a fun big sister... and Dell DOES listen to me... most of the time.	Je crois être une grande sœur rigolote... Et Dell m'écoute effectivement... la plupart du temps.	Мне хочется думать, что я хорошая старшая сестра... и в целом Делл даже прислушивается ко мне... большую часть времени.	Обичам да мисля, че съм забавна кака... а Дел наистина ме слуша... през повечето време.
Conversations/Bank/Celine/Banked Lines/industrious/industrious/init	You're so industrious, [Ari]! I always appreciate when you take the time to chat.	Tu travailles tellement, [Ari] ! J'apprécie toujours que tu prennes le temps de bavarder.	Ты <p>такие усердные</p><f>такая усердная</f><m>такой усердный</m><n>такое усердное</n>, [Ari]! Я радуюсь, когда ты находишь время поболтать.	Толкова усърдно работиш, [Ari]! Винаги се радвам, когато намираш време да си поговорим.
Conversations/Bank/Celine/Banked Lines/irrigation/irrigation/1	Irrigation really did change everything!	C'est vrai que l'irrigation a tout changé !	Изобретение ирригации и правда изменило вообще всё!	Напояването наистина промени всичко!
Conversations/Bank/Celine/Banked Lines/irrigation/irrigation/init	Oh, hello [Ari]! Eiland lent me this old book about ancient farming.	Oh, bonjour [Ari] ! Eiland m'a prêté ce vieil ouvrage sur les anciennes techniques agricoles.	О, привет, [Ari]! Эйланд одолжил мне эту книгу про древнее садоводство.	О, здравей, [Ari]! Айленд ми даде назаем тази стара книга за древното земеделие.
Conversations/Bank/Celine/Banked Lines/kids_look_up_to_you/kids_look_up_to_you/1	Don't worry, I won't hold it against you!	Ne t'inquiète pas, je ne vais pas t'en vouloir pour ça !	Не волнуйся, я не завидую!	Не се тревожи, няма да ти се сърдя за това!
Conversations/Bank/Celine/Banked Lines/kids_look_up_to_you/kids_look_up_to_you/2	Well... maybe a little bit, he he.	Quoique... peut-être un peu, hé hé.	Ну... может, совсем чуть-чуть.	Е... може би мъничко, хехе.
Conversations/Bank/Celine/Banked Lines/kids_look_up_to_you/kids_look_up_to_you/init	The kids really look up to you, [Ari]! I overheard them debating whether to make you an honorary member of the Dragonguard... Dell's never asked ME to join.	Les enfants t'admirent, [Ari] ! Je les ai entendus débattre pour savoir si tu pouvais devenir membre d'honneur de la Garde des dragons. Dell ne me l'a jamais proposé, à moi.	Дети равняются на тебя, [Ari]! Я случайно услышала, как они обсуждают, не сделать ли тебя почетным членом Драконьей стражи... Меня вот Делл не приглашала.	Децата много ти се възхищават, [Ari]! Чух ги да спорят дали да те направят почетен член на Драконовата стража... Дел никога не е молила мен да се присъединя.
Conversations/Bank/Celine/Banked Lines/lazy_day/lazy_day/init	It's nice to have a lazy day, every once in a while.	C'est agréable d'avoir une journée tranquille, de temps à autre.	Время от времени хорошо просто наслаждаться безделием.	Хубаво е от време на време да имаш мързелив ден.
Conversations/Bank/Celine/Banked Lines/leaf_shape_reading/leaf_shape_reading/init	Morning, [Ari]! I was just looking over this chart of leaf shapes in the Codex Mistria... they're all so pretty.	Bonjour, [Ari] ! J'étais en train d'étudier ce tableau sur les différentes formes de feuilles dans le Codex Mistria... Elles sont toutes tellement belles.	Доброе утро, [Ari]! Я рассматриваю чарт форм разных листьев в «Кодексе Мистрии»... они все такие красивые.	Добро утро, [Ari]! Тъкмо разглеждах тази таблица с формите на листата в Кодекса на Мистрия... всички са толкова красиви.
Conversations/Bank/Celine/Banked Lines/learning_from_codex/learning_from_codex/1	Hey, where are you going?	Hé, où tu vas ?	Эй, куда ты уходишь?	Хей, накъде тръгна?
Conversations/Bank/Celine/Banked Lines/learning_from_codex/learning_from_codex/init	I'm learning a lot from the Codex Mistria... there's a formula for fertilizer that's so innovative!	J'apprends beaucoup de choses dans le Codex Mistria... Il existe une formule de fertilisant tellement innovante !	Я так много нового узнаю из «Кодекса Мистрии»... Например, тут есть очень инновационная формуля удобрения!	Научавам много от Кодекса на Мистрия... има формула за тор, която е толкова новаторска!
Conversations/Bank/Celine/Banked Lines/living_alone/living_alone/1	But it sure beats sharing a room with Dell.	Mais une chose est sûre : c'est beaucoup mieux que de partager une chambre avec Dell.	Но это всё равно лучше, чем делить комнату с Делл.	Но определено е по-добре, отколкото да деля стая с Дел.
Conversations/Bank/Celine/Banked Lines/living_alone/living_alone/init	Living by myself can be a little lonely sometimes...	Je me sens parfois un peu seule dans mon chez-moi...	Жить самой по себе иногда бывает одиноко...	Понякога животът насаме може да е малко самотен...
Conversations/Bank/Celine/Banked Lines/manor_gardening/manor_gardening/1	Adeline lets me grow whatever I want, but I stick to the classics here. It makes the Manor House look charming, don't you think?	Adeline me laisse planter tout ce que je veux, mais je m'en tiens aux classiques, ici. Cela donne au lieu une apparence charmante, tu ne trouves pas ?	Аделина разрешает мне выращивать здесь всё, что мне захочется. Но я придерживаюсь классических цветов. Они придают особняку особое очарование, не так ли?	Аделайн ми позволява да отглеждам каквото поискам, но тук се придържам към класиката. Така имението изглежда очарователно, не мислиш ли?
Conversations/Bank/Celine/Banked Lines/manor_gardening/manor_gardening/init	[Ari]! Just helping out with the Manor House's gardens. Aren't they a sight?	[Ari] ! Je donne un coup de main pour entretenir les jardins du manoir. Ne sont-ils pas beaux à voir ?	[Ari]! Я тут просто помогаю с садом особняка. Разве не красота?	[Ari]! Тъкмо помагам с градините на имението. Не са ли прекрасни?
Conversations/Bank/Celine/Banked Lines/manor_gardening/manor_gardening_2/1	It's an honor to be part of that tradition.	C'est un honneur de faire partie de cette tradition.	Это такая честь быть частью этой традиции.	Чест е да бъда част от тази традиция.
Conversations/Bank/Celine/Banked Lines/manor_gardening/manor_gardening_2/init	You know [Ari], these gardens have been lovingly tended for generations.	Tu sais, [Ari], cela fait des générations que l'on veille avec grand soin sur ces jardins.	Знаешь, [Ari], за этими садами с любовью ухаживали целыми поколениями.	Знаеш ли, [Ari], за тези градини се грижат с любов от поколения.
Conversations/Bank/Celine/Banked Lines/manor_gardening/manor_gardening_3/1	It's a bit difficult to maneuver a spade with mittens.	C'est un peu difficile de manipuler une pelle avec des mitaines.	Потому что в варежках орудовать совком неудобно.	Малко е трудно да боравиш с лопата с ръкавици.
Conversations/Bank/Celine/Banked Lines/manor_gardening/manor_gardening_3/init	Louis made me special gardening gloves for the winter!	Louis m'a confectionné des gants de jardinage spéciaux pour l'hiver !	Луи специально для меня сделал зимние садовые перчатки.	Луис ми направи специални градинарски ръкавици за зимата!
Conversations/Bank/Celine/Banked Lines/march_is_just_like_that/thats_march/init	Don't mind March... he's just like that.	Ne fais pas attention à March... Il est comme ça.	Не обращай внимания на Марта... просто он такой.	Не обръщай внимание на Марч... просто си е такъв.
Conversations/Bank/Celine/Banked Lines/museum/museum/1	I had no idea there were so many special things hidden all over Mistria!	Je n'imaginais pas une seconde qu'il existait tant d'objets spéciaux cachés un peu partout à Mistria !	Я даже и не знала, что по всей Мистрии спрятано так много удивительного!	Нямах представа, че из цяла Мистрия са скрити толкова много специални неща!
Conversations/Bank/Celine/Banked Lines/museum/museum/init	This museum has been such a nice addition to the town.	C'est bien que ce musée ait été ajouté à la ville.	Этот музей так хорошо вписался в нашу среду.	Този музей е чудесно допълнение към града.
Conversations/Bank/Celine/Banked Lines/night_greeting/night_greeting/init	Good evening, [Ari]! I hope you take your time getting to know Mistria, there's a lot to love about it!	Bonsoir, [Ari] ! J'espère que tu prends le temps de te familiariser avec Mistria, c'est vraiment un endroit appréciable !	Добрый вечер, [Ari]! Надеюсь, тебе удаётся находить время, чтобы познакомиться с Мистрией поближе. Её есть за что любить!	Добър вечер, [Ari]! Надявам се да не бързаш да опознаеш Мистрия, има толкова неща, които да обикнеш тук!
Conversations/Bank/Celine/Banked Lines/nora_market_plans/nora_market_plans/1	I'm just excited to walk around.	Moi, ça me plaît de m'y promener.	А мне нравится уже хотя бы просто гулять по нему.	Просто се вълнувам да се поразходя.
Conversations/Bank/Celine/Banked Lines/nora_market_plans/nora_market_plans/init	Mom's got big plans for the Saturday Market.	Maman a de grands projets pour le marché du samedi.	У мамы большие планы на Субботний базар.	Мама има големи планове за Съботния пазар.
Conversations/Bank/Celine/Banked Lines/peaceful_garden/peaceful_garden/1	I might be happiest out here, up to my elbows in dirt!	C'est sans doute ici que je suis la plus heureuse, avec de la terre jusqu'aux coudes !	Я, наверное, счастливее всего чувствую себя здесь, вся в земле!	Навън съм най-щастлива, с ръце до лактите в пръст!
Conversations/Bank/Celine/Banked Lines/peaceful_garden/peaceful_garden/init	It's so peaceful in the garden.	Tout est si paisible dans le jardin.	В саду так спокойно.	В градината е толкова спокойно.
Conversations/Bank/Celine/Banked Lines/picked_flowers/picked_flowers_fall_1/init	My garden was overflowing with heather this season! I have so much now, you have to take some! Please!	Cette saison, mon jardin débordait de bruyère ! J'en ai tellement, à présent, il faut que tu en prennes un peu ! S'il te plaît !	В моём саду выросло так много вереска в этом сезоне! Даже слишком много. Пожалуйста, забери немного себе!	Градината ми беше пълна с калуна този сезон! Имам толкова много, трябва да вземеш малко! Моля те!
Conversations/Bank/Celine/Banked Lines/picked_flowers/picked_flowers_spring_1/init	Hi, [Ari]! I was just thinking of you. I picked some daffodils from my garden, please take one!	Salut, [Ari] ! Je pensais justement à toi. J'ai cueilli quelques jonquilles dans mon jardin, prends-en une !	Привет, [Ari]! Я как раз о тебе думала. Я собрала немного нарциссов со своего сада. Возьми и ты!	Здравей, [Ari]! Тъкмо мислех за теб. Набрах нарциси от градината си, вземи един, моля те!
Conversations/Bank/Celine/Banked Lines/picked_flowers/picked_flowers_summer_1/init	[Ari], I just picked some daisies from my garden! Please, take one!	[Ari], je viens de cueillir des marguerites dans mon jardin, prends-en une !	[Ari], я только что собрала маргаритки в своём саду. Пожалуйста, возьми одну!	[Ari], току-що набрах маргаритки от градината си! Вземи една, моля те!
Conversations/Bank/Celine/Banked Lines/picked_flowers/picked_flowers_winter_1/init	[Ari], smell this jasmine! Isn't it lovely? I picked it from my garden just the other day. Please, have some!	[Ari], sens-moi ce jasmin ! Il est très beau, n'est-ce pas ? Je l'ai cueilli dans mon jardin pas plus tard qu'hier. Prends-en !	[Ari], ты только понюхай этот жасмин! Разве не чудесно? Я нарвала их у себя в саду всего пару дней назад. Пожалуйста, возьми и ты!	[Ari], помириши този жасмин! Не е ли прекрасен? Набрах го от градината си преди няколко дни. Вземи малко, моля те!
Conversations/Bank/Celine/Banked Lines/rain_on_roof/rain_on_roof/1	But it also gets a little lonely, so I like to have the girls over to catch up.	Mais ça me fait aussi sentir un peu seule, alors j'aime bien quand les filles viennent me voir pour papoter.	Но ещё и заставляет чувствовать одиночество, поэтому я в такие дни приглашаю девочек поболтать.	Но понякога става и малко самотно, затова обичам да каня момичетата да наваксаме.
Conversations/Bank/Celine/Banked Lines/rain_on_roof/rain_on_roof/init	I love the sound of the rain on the roof, it's so soothing...	J'adore le bruit de la pluie sur le toit, c'est tellement apaisant...	Люблю стук дождя по крыше. Он так успокаивает...	Обожавам звука на дъжда по покрива, толкова успокоява...
Conversations/Bank/Celine/Banked Lines/rainy_garden/rainy_garden/init	Nature can be inconvenient, but it sure is nice when rain waters my garden in one go. You can relate, right [Ari]?	La nature apporte parfois des désagréments, mais c'est agréable quand la pluie tombe et arrose tout mon jardin en une seule fois. Je suis sûre que tu es d'accord, hein, [Ari] ?	Природа не всегда удобна, но когда она разом поливает все твои растения дождём — это приятно. Тебе же это чувство знакомо, [Ari]?	Природата може да е неудобна, но е чудесно, когато дъждът полее градината ми наведнъж. Разбираш ме, нали, [Ari]?
Conversations/Bank/Celine/Banked Lines/reading/reading/1	It's really good, [Ari]!	Il est vraiment bien, [Ari] !	Очень интересная, [Ari]!	Наистина е хубава, [Ari]!
Conversations/Bank/Celine/Banked Lines/reading/reading/init	This part of the book is... is...	Ce passage du livre est... est...	Эта часть в книге...	Тази част от книгата е... е...
Conversations/Bank/Celine/Banked Lines/reading/reading_2/1	You can pull up a seat, if you like!	Tu peux prendre un siège, si tu veux !	Ты тоже можешь присесть, если хочешь!	Можеш да седнеш, ако искаш!
Conversations/Bank/Celine/Banked Lines/reading/reading_2/init	I love to read by my garden.	J'adore lire dans mon jardin.	Мне нравится читать у себя в саду.	Обичам да чета край градината си.
Conversations/Bank/Celine/Banked Lines/reading/reading_3/1	I think Dell is really going to enjoy reading them when she gets older!	Je suis sûre que ça plaira à Dell de les lire quand elle sera plus grande !	Думаю, Делл очень понравится читать их, когда она подрастёт!	Мисля, че на Дел наистина ще ѝ харесва да ги чете, когато порасне!
Conversations/Bank/Celine/Banked Lines/reading/reading_3/init	Reina and I have a lot of classic books about knights and dragons and adventure.	Avec Reina, on a plein de livres classiques qui parlent de chevaliers, de dragons et d'aventure.	У Рейны много классических книг про рыцарей, драконов и приключения.	С Рейна имаме много класически книги за рицари, дракони и приключения.
Conversations/Bank/Celine/Banked Lines/reading/reading_4/1	You can tell this book has really been loved.	Ça se voit qu'elle l'a lu et relu.	По этой книге заметно, как её любят.	Личи си колко е обичана тази книга.
Conversations/Bank/Celine/Banked Lines/reading/reading_4/2	I keep finding underlined passages and little notes in the margins!	Je trouve plein de passages soulignés et d'annotations dans les marges !	Я всё время встречаю подчёркнутые строки и записи на полях!	Все намирам подчертани откъси и малки бележки в полетата!
Conversations/Bank/Celine/Banked Lines/reading/reading_4/init	I don't usually read mystery novels, but Valen loaned me one of her old favorites!	Je ne lis pas de romans policiers, d'habitude, mais Valen m'a prêté l'un de ses préférés !	Обычно я не читаю детективы, но недавно Вален одолжила мне один из её любимых!	По принцип не чета криминални романи, но Вален ми даде назаем един от старите си любимци!
Conversations/Bank/Celine/Banked Lines/reading/reading_5/1	There's just something so cozy about it.	Ça a quelque chose de très réconfortant.	Это так по-особенному уютно.	Има нещо толкова уютно в това.
Conversations/Bank/Celine/Banked Lines/reading/reading_5/init	Winter's my favorite time to read at home!	L'hiver est ma saison préférée pour rester lire à la maison.	Зима — мой любимый сезон для домашнего чтения!	Зимата ми е любимото време да чета у дома!
Conversations/Bank/Celine/Banked Lines/reading/reading_6/1	That's when the other natural colors of the leaves show through! Isn't that interesting?	C'est alors que les autres pigments des feuilles apparaissent ! C'est intéressant, non ?	И тогда становятся видны их естественные цвета! Интересно, правда?	Тогава се проявяват другите естествени цветове на листата! Не е ли интересно?
Conversations/Bank/Celine/Banked Lines/reading/reading_6/init	It says here that the leaves change color in the fall when their green pigment breaks down.	Il est écrit ici que, quand l'automne arrive, les feuilles changent de couleur parce que leur chlorophylle disparaît.	Здесь написано, что осенью листья меняют цвет потому, что у них разрушается зелёный пигмент.	Пише, че листата променят цвета си през есента, когато зеленият им пигмент се разгражда.
Conversations/Bank/Celine/Banked Lines/reading_at_counter/reading_at_counter/init	Don't be shy if you see me reading at the counter... I'm here to help!	N'hésite pas à me solliciter même si je suis en train de lire au comptoir... Je suis là pour t'aider !	Не стесняйся, спрашивай, даже если я читаю за прилавком... Я тут чтобы помогать!	Не се притеснявай, ако ме видиш да чета зад щанда... Тук съм, за да помагам!
Conversations/Bank/Celine/Banked Lines/reina_and_adeline/reina_and_adeline/init	Reina and Adeline are so sweet. I'm lucky to have friends like them!	Reina et Adeline sont tellement gentilles. J'ai de la chance d'avoir des amies comme elles !	Рейна и Аделина такие чудесные. Мне повезло иметь таких друзей!	Рейна и Аделайн са толкова мили. Имам късмет с приятелки като тях!
Conversations/Bank/Celine/Banked Lines/reinas_cooking/reinas_cooking/1	Reina's cooking is amazing...	La cuisine de Reina est époustouflante...	Рейна просто потрясающе готовит...	Готвенето на Рейна е невероятно...
Conversations/Bank/Celine/Banked Lines/reinas_cooking/reinas_cooking/2	She really should have more confidence in herself!	Elle devrait vraiment avoir plus confiance en elle !	Ей бы только побольше уверенности в себе!	Наистина трябва да има повече увереност в себе си!
Conversations/Bank/Celine/Banked Lines/reinas_cooking/reinas_cooking/init	Maybe I should stop by the Inn.	Je devrais peut-être m'arrêter à l'auberge, tout à l'heure.	Может, мне сегодня зайти в трактир?	Може би трябва да мина през Хана.
Conversations/Bank/Celine/Banked Lines/repotting/repotting/init	I've been thinking of repotting some of the plants around my house.	J'envisageais de rempoter quelques-unes des plantes que j'ai chez moi.	Я подумываю пересадить некоторые комнатные растения у себя дома.	Мисля да пресадя някои от растенията у дома.
Conversations/Bank/Celine/Banked Lines/request_board/request_board/1	I have to be diligent too! I'm going to garden my heart out this week!	Je dois moi aussi être assidue ! Je vais m'en donner à cœur joie sur le jardinage, cette semaine !	Мне тоже нужно быть усерднее! Я отдам своему саду всю себя на этой неделе!	И аз трябва да съм усърдна! Тази седмица ще се посветя на градината!
Conversations/Bank/Celine/Banked Lines/request_board/request_board/init	Adeline sure is diligent about posting requests on the board.	Adeline poste assidûment des demandes sur le panneau.	Аделина очень усердно следит за объявлениями на доске прошений.	Аделайн наистина е усърдна с поръчките, които поставя на таблото.
Conversations/Bank/Celine/Banked Lines/say_hello/say_hello/init	You're always flitting around, like a busy bee! I'm so happy you stopped to say hello.	Tu es toujours en train de voleter partout, telle une abeille ouvrière ! Je suis tellement contente que tu aies fait une halte pour me dire bonjour.	Ты всё время бегаешь туда-сюда по делам, как занятая пчёлка! Я рада, что ты <p>заглянули</p><f>заглянула</f><m>заглянул</m><n>заглянуло</n> поздороваться.	Все тичаш насам-натам като работлива пчеличка! Много се радвам, че спря да ми кажеш здрасти.
Conversations/Bank/Celine/Banked Lines/seeds/seeds/1	None of those start without planting seeds first!	Rien de tout ceci ne peut avoir lieu si on ne plante pas d'abord des graines !	И всё начинается с посадки маленького зёрнышка!	Но всичко започва със засяването на семена!
Conversations/Bank/Celine/Banked Lines/seeds/seeds/init	Do you know the life cycle of plants? Germination, growth, pollination...	Tu connais le cycle des plantes ? Germination, croissance, pollinisation...	Тебе известно, какой у растений жизненный цикл? Проростание, цветение, распыление...	Знаеш ли какъв е жизненият цикъл на растенията? Покълване, растеж, опрашване...
Conversations/Bank/Celine/Banked Lines/shift/shift/1	Otherwise I'll go back to daydreaming about the autumn leaves!	Sinon, je continuerai à rêvasser en contemplant les feuilles d'automne.	А если нет, я продолжу мечтать об осенних листьях!	Иначе пак ще се замечтая за есенните листа!
Conversations/Bank/Celine/Banked Lines/shift/shift/init	Hi, [Ari]! I'm on my shift, so let me know if you need anything.	Bonjour, [Ari] ! C'est moi qui tiens le magasin, n'hésite pas à me dire si tu as besoin de quoi que ce soit !	Привет, [Ari]! У меня здесь сегодня смена, так что спрашивай, если что-то нужно.	Здрасти, [Ari]! На смяна съм, така че ми кажи, ако ти трябва нещо.
Conversations/Bank/Celine/Banked Lines/shift/shift_2/init	[Ari]! Hi! Let me know if you're looking for anything in particular, okay?	[Ari] ! Bonjour ! Dis-moi si tu cherches quelque chose de précis, d'accord.	[Ari]! Привет! Скажи, если ищешь что-то конкретное, хорошо? 	[Ari]! Здрасти! Кажи ми, ако търсиш нещо конкретно, става ли?
Conversations/Bank/Celine/Banked Lines/shift/shift_3/1	Isn't it such a pretty fall day?	N'est-ce pas une magnifique journée d'automne ?	Сегодня такой прекрасный осенний день, правда?	Не е ли прекрасен есенен ден?
Conversations/Bank/Celine/Banked Lines/shift/shift_3/2	I'm hoping I can manage a walk after my shift.	J'espère que j'aurai le temps d'aller me promener après mon service.	Надеюсь, мне хватит сил на прогулку после смены.	Надявам се след смяната да успея да се поразходя.
Conversations/Bank/Celine/Banked Lines/shift/shift_3/init	[Ari]!	[Ari] !	[Ari]!	[Ari]!
Conversations/Bank/Celine/Banked Lines/smell_of_flowers/smell_of_flowers/init	I love the smell of flowers in the height of summer.	J'adore le parfum des fleurs au plus fort de l'été.	Мне так нравится запах цветов на пике лета.	Обожавам аромата на цветята в разгара на лятото.
Conversations/Bank/Celine/Banked Lines/so_many_plants/so_many_plants/init	There are so many plants we know nothing about! Sometimes I get so excited about it I can't fall asleep.	Il existe tant de plantes dont nous ne savons rien ! Parfois, cela m'enthousiasme tellement que je n'arrive pas à m'endormir.	Мы очень много не знаем о стольких цветах! Иногда это так волнительно, что мне тяжело заснуть!	Има толкова растения, за които не знаем нищо! Понякога толкова се вълнувам, че не мога да заспя.
Conversations/Bank/Celine/Banked Lines/soaked_at_bathhouse/soaked_at_bathhouse/init	How in the world did I work up such an appetite? All I did was soak in the bath all day...	Comment se fait-il que j'aie aussi faim ? Ma seule activité a consisté à tremper dans le bain toute la journée...	Интересно, чем это я наработала такой аппетит? Я же сегодня целый день лишь лежала под солнышком...	Как изобщо съм огладняла толкова? Цял ден само киснах в Банята...
Conversations/Bank/Celine/Banked Lines/spring_morning_greeting/spring_morning_greeting/init	[Ari], good morning! Looks like another lovely spring day. Perfect weather for gardening!	[Ari], bonjour ! Encore une belle journée de printemps, on dirait. Le temps est parfait pour jardiner !	[Ari], доброе утро! Сегодня очередной прекрасный весенний день. Идеальная погода, чтобы заняться садом!	[Ari], добро утро! Май отново ни чака прекрасен пролетен ден. Идеално време за градинарство!
Conversations/Bank/Celine/Banked Lines/spring_veggies/spring_veggies/init	Mmm, I love spring! Reina always works some magic with fresh veggies!	Mmm, j'adore le printemps ! Reina fait toujours des merveilles avec les légumes frais !	Ммм, я так люблю весну! Рейна всегда творит какое-то волшебство со свежими овощами!	Ммм, обожавам пролетта! Рейна винаги върши чудеса с пресните зеленчуци!
Conversations/Bank/Celine/Banked Lines/stay_warm/stay_warm/1	Be sure to keep warm, okay?	Habille-toi bien chaudement, d'accord ?	Не забывай утепляться!	Гледай да си на топло, става ли?
Conversations/Bank/Celine/Banked Lines/stay_warm/stay_warm/init	Hi, [Ari]! I hope you're having a nice day!	Coucou [Ari] ! J'espère que tu passes une bonne journée !	Привет, [Ari]! Хорошего тебе дня!	Здравей, [Ari]! Надявам се да имаш хубав ден!
Conversations/Bank/Celine/Banked Lines/suns_out/suns_out/init	When the sun's out, I like to close my eyes, turn my face to the sun and pretend I'm photosynthesizing!	Quand il y a du soleil, j'aime fermer les yeux, tourner mon visage vers lui et faire comme si je faisais de la photosynthèse !	Когда выходит солнышко, я люблю закрывать глаза, поворачиваться на свет и представлять, что я фотосинтезирую!	Когато грее слънце, обичам да затворя очи, да обърна лице към него и да се преструвам, че фотосинтезирам!
Conversations/Bank/Celine/Banked Lines/sweets_section/sweets_section/1	For instance, Eiland will browse through the whole store, but he always ends up at the sweets shelf.	Par exemple, Eiland regarde tout ce qu'il y a dans la boutique, mais finit toujours devant l'étagère de sucreries.	Например, Эйланд всегда ходит кругами и рассматривает в магазине всё, но в конечном итоге всё равно останавливается у полки со сладостями.	Например Айленд обикаля целия магазин, но накрая винаги спира до рафта със сладкиши.
Conversations/Bank/Celine/Banked Lines/sweets_section/sweets_section/init	After a while, you get to know people by their shopping habits.	Au bout d'un certain temps, on finit par connaître les gens grâce à leurs habitudes d'achat.	После достаточно долгого времени ты выучиваешь покупательские привычки людей.	След време започваш да опознаваш хората по навиците им при пазаруване.
Conversations/Bank/Celine/Banked Lines/take_a_look/take_a_look/init	We just restocked! Have a look!	On vient tout juste de se réapprovisionner ! Jette un œil !	Мы только что пополнили запасы! Посмотри!	Току-що заредихме нови стоки! Разгледай!
Conversations/Bank/Celine/Banked Lines/tending_flowers/tending_flowers/init	Tending to my flowers might be my favorite part of the day. It's so relaxing.	Je crois que le meilleur moment de la journée, c'est quand je m'occupe de mes fleurs. C'est tellement relaxant.	Время, когда я занимаюсь цветами, наверное, моя любимая часть дня. Это так расслабляет.	Грижата за цветята ми може би е любимата ми част от деня. Толкова отпуска!
Conversations/Bank/Celine/Banked Lines/tending_garden/tending_garden/init	Tending the garden is my favorite part of the day.	Le meilleur moment de la journée, c'est quand je m'occupe du jardin.	Время, когда я занимаюсь цветами, моя любимая часть дня.	Грижата за градината е любимата ми част от деня.
Conversations/Bank/Celine/Banked Lines/tending_garden/tending_garden_2/1	Oh, [Ari]! Sorry, sometimes I disappear into my own little world when I'm gardening!	Oh, [Ari] ! Désolée s'il m'arrive parfois d'être absente, plongée dans mon monde, quand je jardine !	Ох, [Ari]! Прости, порой, когда я занимаюсь садом, я погружаюсь в свой маленький мирок!	О, [Ari]! Извинявай, понякога потъвам в свой малък свят, докато се грижа за градината!
Conversations/Bank/Celine/Banked Lines/tending_garden/tending_garden_2/init	Hm hmm hmmmm...	Hm hmm hmmmm...	Хм-хмм-хмммм...	Хм-хм-хммм...
Conversations/Bank/Celine/Banked Lines/thanks_for_visiting/thanks_for_visiting/init	[Ari]! Thanks so much for visiting me at work! Let me know if you need anything.	[Ari] ! Merci beaucoup de passer me voir au travail ! Dis-moi s'il te faut quelque chose.	[Ari]! Спасибо, что навещаешь меня на работе! Если что-то нужно, только скажи.	[Ari]! Благодаря ти, че ме посети на работа! Кажи, ако ти трябва нещо.
Conversations/Bank/Celine/Banked Lines/the_past/the_past/init	I wonder what the flora of Mistria looked like in the past...	Je me demande à quoi ressemblait la flore de Mistria, par le passé...	Интересно, какой была флора Мистрии в прошлом...	Чудя се как ли е изглеждала флората на Мистрия в миналото...
Conversations/Bank/Celine/Banked Lines/travel/travel_0/1	My book just got exciting!	Mon livre devient vraiment palpitant !	У меня такое захватывающее место в книге!	Книгата ми току-що стана интересна!
Conversations/Bank/Celine/Banked Lines/travel/travel_0/init	I wish I could walk around and read at the same time...	Si seulement je pouvais me promener et lire en même temps...	Вот бы можно было гулять и читать одновременно...	Иска ми се да можех да вървя и да чета едновременно...
Conversations/Bank/Celine/Banked Lines/travel/travel_1/1	She says it's her favorite place in town!	Elle dit que c'est l'endroit de la ville qu'elle préfère !	Она говорит, это её любимое место в городе!	Казва, че това е любимото ѝ място в града!
Conversations/Bank/Celine/Banked Lines/travel/travel_1/init	It makes me happy whenever I hear that Elsie's been spending time in the manor garden.	Ça me rend heureuse d'entendre qu'Elsie passe du temps dans le jardin du manoir.	Я всегда радуюсь, когда слышу, что Элси проводит время в саду у особняка.	Радвам се всеки път, когато чуя, че Елси прекарва време в градината на имението.
Conversations/Bank/Celine/Banked Lines/travel_to_inn/travel_to_inn/init	The whole family's headed for the Inn. I wonder if Adeline and Reina will be around...	Toute la famille se rend à l'auberge. Je me demande si Adeline et Reina y seront...	Вся моя семья идёт в трактир. Интересно, будут ли там сегодня Аделина и Рейна?..	Цялото семейство отива в Хана. Чудя се дали Аделайн и Рейна ще са там...
Conversations/Bank/Celine/Banked Lines/travel_to_store/travel_to_store/init	Brrr, wouldn't it be better to chat indoors? I'm headed to my family's store.	Brrr, ce ne serait pas mieux de papoter à l'intérieur ? Je vais vers la boutique de ma famille.	Бррр, может, лучше поболтаем внутри? Я иду в семейный магазин.	Бррр, няма ли да е по-добре да си поговорим на закрито? Отивам към семейния ни магазин.
Conversations/Bank/Celine/Banked Lines/traveling_to_inn_lunch/traveling_to_inn_lunch/init	Time for lunch! Hmm... I wonder what today's special is at the nn...	C'est l'heure de manger ! Hmm... Je me demande quel est le plat du jour à l'auberge...	Время обеда! Хмм... Интересно, какое сегодня блюдо дня в трактире...	Време е за обяд! Хмм... чудя се какво е днешното специално в Хана...
Conversations/Bank/Celine/Banked Lines/traveling_to_shift/traveling_to_shift/init	I'm headed to my shift at the General Store... I hope you stop by!	Je vais prendre mon service au magasin général... J'espère que tu passeras !	Я иду на смену в универмаг... Надеюсь, ты заглянешь!	Отивам на смяна в Смесения магазин... Надявам се да минеш!
Conversations/Bank/Celine/Banked Lines/unlocking_mines_dreams/unlocking_mines_dreams/1	I'm so sleepy today.	J'ai tellement sommeil aujourd'hui.	Я сегодня такая сонная.	Днес съм толкова сънена.
Conversations/Bank/Celine/Banked Lines/unlocking_mines_dreams/unlocking_mines_dreams/2	I've been having nightmares the last couple of nights.	Ça fait deux nuits que je fais des cauchemars.	Последние несколько ночей мне снятся кошмары.	Последните няколко нощи сънувам кошмари.
Conversations/Bank/Celine/Banked Lines/unlocking_mines_dreams/unlocking_mines_dreams/3	Maybe I should brew some chamomile tea before bed tonight... that might help.	Je devrais me préparer une infusion de camomille, ce soir avant de me coucher... Ça m'aiderait peut-être.	Может, выпить чая с ромашкой перед сном... Авось поможет.	Може би тази вечер трябва да си направя чай от лайка преди лягане... това може да помогне.
Conversations/Bank/Celine/Banked Lines/unlocking_mines_dreams/unlocking_mines_dreams/init	Yawn...	Bâille...	*зевает*...	Прозявка...
Conversations/Bank/Celine/Banked Lines/up_all_night/up_all_night/init	I stayed up too late reading. Maybe I'll take it easy today...	J'ai lu trop tard, hier soir. Je vais peut-être y aller doucement, aujourd'hui...	Я вчера читала допоздна. Наверное, сегодня лучше не перетруждаться...	Снощи четох твърде дълго. Може би днес ще карам по-спокойно...
Conversations/Bank/Celine/Banked Lines/valen_and_juniper_compete/valen_and_juniper_compete/init	Valen and Juniper are always asking me for dried flowers and other ingredients for their medicines and potions... they're kind of competitive.	Valen et Juniper me demandent sans arrêt des fleurs séchées et d'autres ingrédients pour leurs médicaments et leurs potions... Elles se font un peu concurrence.	Вален и Джунипер всё время просят меня принести им какие-нибудь сушёные цветы для их настоек и зелий... Они как будто друг с другом соперничают.	Вален и Джунипър все ме молят за сушени цветя и други съставки за лекарствата и отварите си... доста се съревновават.
Conversations/Bank/Celine/Banked Lines/waking_with_the_sun/waking_with_the_sun/init	I love waking up with the sun, don't you?	J'adore me réveiller à l'aube, pas toi ?	Мне нравится просыпаться вместе с солнышком, а тебе? 	Обичам да се събуждам със слънцето, а ти?
Conversations/Bank/Celine/Banked Lines/wanting_to_leave_shift/want_to_leave_shift/init	Ugh, is my shift over yet? I want to check on my garden... I didn't get to finish weeding it yesterday.	Argh, est-ce que mon service est bientôt fini ? Je dois aller m'occuper de mon jardin... Je n'ai pas réussi à terminer le désherbage, hier.	Уф, когда там конец моей смены? Я хочу проверить сад... Вчера не успела прополоть все сорняки.	Уф, още ли не е свършила смяната ми? Искам да проверя градината си... Вчера не успях да я оплевя докрай.
Conversations/Bank/Celine/Banked Lines/water_plants/water_plants/init	I'm the only one who waters the plants around town, but I don't mind. I find it meditative.	Je suis la seule à arroser les plantes, dans la ville, mais ça ne me dérange pas. Ça invite à la méditation, je trouve.	Кроме меня, никто городские цветы не поливает. Но мне это не в тягость, это, наоборот, расслабляет.	Само аз поливам растенията из града, но нямам нищо против. Действа ми като медитация.
Conversations/Bank/Celine/Banked Lines/weeding/weeding/init	I was just doing some gardening. I'm sure you can relate, [Ari]! Summer is weeding, weeding, weeding!	Je jardinais un peu. Je suis sûre que tu me comprendras, [Ari] ! Pendant l'été, c'est désherbage, désherbage et encore désherbage.	Вот, занималась садом. Думаю, ты согласишься, [Ari]: летом только и успевай полоть сорняки, как вырастают новые!	Тъкмо се занимавах с градината. Сигурно ме разбираш, [Ari]! Лятото е плевене, плевене, плевене!
Conversations/Bank/Celine/Banked Lines/week_one_pt_1/week_one_moving/1	It was hard for me, moving into my own cottage recently-	Ça l'a été pour moi, quand je me suis récemment installée dans ma petite maison...	Мне было тяжело, когда я недавно переехала в свой домик...	За мен самото преместване в собствената ми вила наскоро беше трудно-
Conversations/Bank/Celine/Banked Lines/week_one_pt_1/week_one_moving/2	And I was only moving down the street!	Et pourtant, j'ai déménagé juste au bout de la rue !	А это ведь был переезд всего лишь чуть дальше по улице!	А се местих само по улицата!
Conversations/Bank/Celine/Banked Lines/week_one_pt_1/week_one_moving/init	It must have been hard for you... making such a big move from the Capital.	Ça a dû être difficile, pour toi... ce grand déménagement depuis la capitale.	Должно быть, тебе было тяжело... Переезд из столицы — это такое серьёзное дело.	Сигурно преместването от Столицата дотук е било трудно за теб...
Conversations/Bank/Celine/Banked Lines/week_one_pt_1/week_one_pt_1/1	I'm just up the road if you need an extra pair of hands!	N'oublie pas que je suis à deux pas si tu as besoin d'une paire de bras supplémentaire !	Если понадобится помощь, я тут, рядом, прямо по дороге!	Ако ти потрябва още една ръка, живея малко по-нагоре по улицата!
Conversations/Bank/Celine/Banked Lines/week_one_pt_1/week_one_pt_1/init	How's it going, [Ari]? Getting settled in?	Comment ça se passe à la ferme, [Ari] ? Tu as fini de t'installer ?	Как дела, [Ari]? Обживаешься тут у нас?	Как си, [Ari]? Свикваш ли вече?
Conversations/Bank/Celine/Banked Lines/week_one_pt_2/week_one_pt_2/1	I um... I hope you'll stop by when you can!	J'espère que tu t'y arrêteras, à l'occasion !	Эм... Надеюсь, ты заглянешь, когда будет время!	Ъм... надявам се да минеш, когато можеш!
Conversations/Bank/Celine/Banked Lines/week_one_pt_2/week_one_pt_2/init	I work part time at the General Store.	Je travaille à temps partiel au magasin général.	Я подрабатываю в универмаге. 	Работя на непълен работен ден в Смесения магазин.
Conversations/Bank/Celine/Banked Lines/week_two_cottage/week_two_cottage/1	It could have been ruined before I ever got the chance.	Elle aurait pu être détruite avant que j'en aie eu l'occasion.	Вдруг бы он обрушился, а я там так и не пожила.	Можеше да бъде съсипана, преди изобщо да имам възможност.
Conversations/Bank/Celine/Banked Lines/week_two_cottage/week_two_cottage/2	But it actually held up better than some of the other buildings in town, after the earthquake. The repairs ended up being pretty minor.	En réalité, elle a mieux résisté au tremblement de terre que certains autres bâtiments de la ville. Les réparations ont été minimes.	Хотя, вообще-то, он выстоял гораздо лучше некоторых домов в городе. Ремонт потребовался только по мелочам.	Но след земетресението всъщност се оказа по-здрава от някои други сгради в града. Ремонтите бяха съвсем малки.
Conversations/Bank/Celine/Banked Lines/week_two_cottage/week_two_cottage/3	Thank goodness!	Heureusement !	И это к счастью!	Слава богу!
Conversations/Bank/Celine/Banked Lines/week_two_cottage/week_two_cottage/4	Otherwise I might still be living at home...	Sinon, je serais encore en train de vivre chez mes parents...	Иначе я, наверное, до сих пор жила бы в родительском доме...	Иначе може би още щях да живея у дома...
Conversations/Bank/Celine/Banked Lines/week_two_cottage/week_two_cottage/init	You know, I'm lucky I was able to move into my cottage when I did.	Tu sais, j'ai de la chance de m'être installée dans ma maisonnette quand je l'ai fait.	Знаешь, мне повезло, что я успела переехать в свой домик до землетрясения.	Знаеш ли, имам късмет, че се преместих във вилата си точно тогава.
Conversations/Bank/Celine/Banked Lines/winter_gardening/winter_gardening/1	Maybe especially in winter!	Surtout en hiver, d'ailleurs !	Возможно, в зимнее время года — особенно важно!	Може би особено през зимата!
Conversations/Bank/Celine/Banked Lines/winter_gardening/winter_gardening/init	It's important to keep an eye on the garden, even in winter.	C'est important d'avoir un œil sur le jardin, même en hiver.	За садом очень важно следить — даже в зимнее время года.	Важно е да наглеждаш градината, дори през зимата.
Conversations/Bank/Celine/Banked Lines/winter_gardening_2/winter_gardening_2/1	It's always nice to get an early start!	C'est toujours bien de s'y prendre tôt !	Люблю начинать пораньше!	Винаги е хубаво да започнеш отрано!
Conversations/Bank/Celine/Banked Lines/winter_gardening_2/winter_gardening_2/init	Now that it's winter, I'm prepping the gardens for spring.	Maintenant que l'hiver est là, je prépare les jardins pour le printemps.	С наступлением зимы я подготавливаю сад к весне.	Сега, когато е зима, подготвям градините за пролетта.
Conversations/Bank/Celine/Banked Lines/winter_gardening_3/winter_gardening_3/init	We're lucky that Mistria's cold season is so gentle... I can even plant a winter garden.	La saison froide reste relativement douce, à Mistria, c'est une chance... Je peux faire des cultures dans mon jardin d'hiver.	Хорошо, что в Мистрии такая щадящая зима... Я даже могу высадить зимний садик.	Имаме късмет, че студеният сезон в Мистрия е толкова мек... Дори мога да засадя зимна градина.
Conversations/Bank/Celine/Banked Lines/working/working/1	It's just so chilly outside!	Il fait si frisquet dehors !	На улице очень прохладно!	Просто навън е толкова студено!
Conversations/Bank/Celine/Banked Lines/working/working/init	Take your time browsing and warm up a little.	Prends le temps de regarder ce que nous avons et de te réchauffer un peu.	Не торопись, осмотрись и отогрейся.	Разглеждай спокойно и се постопли малко.
Conversations/Bank/Celine/Banked Lines/working/working_2/1	And that's how I sneak some reading in.	C'est comme ça que j'arrive à glisser de petits moments de lecture.	Зная его, я знаю и когда я смогу выкроить время на чтение.	Така успявам да се промъкне малко четене в деня ми.
Conversations/Bank/Celine/Banked Lines/working/working_2/init	There's a rhythm to the way customers come and go...	Il y a un rythme dans les allées et venues des clients...	Посетители приходят в своём, определенном ритме...	Има си ритъм в това как клиентите идват и си отиват...
Conversations/Bank/Celine/Banked Lines/working/working_3/1	Let me know if I can help, okay?	Dis-moi si je peux t'aider, d'accord ?	Если могу чем-то помочь, скажи, хорошо?	Кажи, ако мога да помогна, става ли?
Conversations/Bank/Celine/Banked Lines/working/working_3/init	Mom and Dad needed a little help at the store today, so I picked up a shift.	Maman et papa avaient besoin d'un peu d'aide au magasin, aujourd'hui, alors j'ai pris un tour de service.	Маме и папе сегодня нужна помощь с магазином, так что я решила выйти на смену.	Мама и татко имаха нужда от малко помощ в магазина днес, затова поех една смяна.
Conversations/Bank/Celine/Banked Lines/working/working_4/1	Stay a while and warm up while you shop!	Reste un peu et réchauffe-toi en faisant tes achats !	Побудь тут немножко, отогрейся, пока выбираешь покупки.	Постой и се постопли, докато пазаруваш!
Conversations/Bank/Celine/Banked Lines/working/working_4/init	[Ari]! Thank you for visiting me.	[Ari] ! C'est gentil de passer me voir.	[Ari]! Спасибо, что навещаешь меня.	[Ari]! Благодаря, че ме посети.
Conversations/Bank/Celine/Banked Lines/working/working_5/init	It's nice that the store is connected to my parents' house. I can pop in and make some tea whenever I like!	C'est pratique que le magasin soit relié à la maison de mes parents. Je peux rentrer faire du thé quand j'en ai envie !	Приятно, что из универмага есть проход в дом моих родителей. Я могу забежать заварить себе чаю, когда хочу!	Хубаво е, че магазинът е свързан с къщата на родителите ми. Мога да мина и да си направя чай, когато поискам!
Conversations/Bank/Celine/Banked Lines/working/working_6/init	My dad keeps tracking snow in! It melted and now the floor's all wet. Watch your step [Ari]!	Mon père n'arrête pas de ramener de la neige dans la maison ! Elle a fondu et le sol est trempé. Attention à ne pas glisser, [Ari] !	Папа всё время приносит снег на ботинках! Он растаял, так что теперь полы мокрые. Смотри не поскользнись, [Ari]!	Татко все внася сняг вътре! Той се разтопи и сега подът е мокър. Гледай къде стъпваш, [Ari]!
Conversations/Bank/Celine/Banked Lines/working/working_7/1	No, I'm serious. When Dell comes home with full pockets, it means she has a plan!	Non, sans rire. Quand Dell nous fait ça, c'est qu'elle a quelque chose derrière la tête !	Я не просто так интересуюсь. Когда Делл приходит домой с полными карманами, это значит, она что-то задумала.	Не, говоря сериозно. Когато Дел се прибере с пълни джобове, значи има план!
Conversations/Bank/Celine/Banked Lines/working/working_7/init	Dell came home with pockets full of leaves yesterday! What's she going to do with them?	Dell est rentrée avec les poches pleines de feuilles, hier ! Qu'est-ce qu'elle compte en faire ?	Вчера Делл принесла полные карманы листьев! Что она собирается с ними делать?	Вчера Дел се прибра с джобове, пълни с листа! Какво ли ще прави с тях?
Conversations/Bank/Celine/Banked Lines/working_at_night/working_at_night/init	I know it's late, but I had an idea I just had to try.	Je sais qu'il est tard, mais une idée m'est venue et je voulais l'essayer tout de suite.	Я знаю, что уже поздно, но у меня возникла одна идея, и я просто должна была попробовать.	Знам, че е късно, но ми хрумна идея, която просто трябваше да пробвам.
Conversations/Bank/Celine/Banked Lines/working_hard/working_hard/init	You're always working hard when I see you, [Ari]. It's admirable.	Chaque fois que je te vois, tu es en train de travailler dur, [Ari]. C'est admirable.	Всякий раз, когда вижу тебя, ты так усердно трудишься, [Ari]. Это вдохновляет.	Всеки път, когато те видя, работиш усърдно, [Ari]. Възхитително е.
Conversations/Bank/Celine/Date Lines/bathhouse/bathhouse_accept_1/1	To... relax?	Pour... se détendre ?	Просто... отдохнуть?	Да... се отпуснем?
Conversations/Bank/Celine/Date Lines/bathhouse/bathhouse_accept_1/2	T-together?	En-Ensemble ?	В-вдвоём?	З-заедно?
Conversations/Bank/Celine/Date Lines/bathhouse/bathhouse_accept_1/3	I... I'd love to!	Je... J'aimerais beaucoup ça !	Я... Я согласна!	Аз... с радост!
Conversations/Bank/Celine/Date Lines/bathhouse/bathhouse_accept_1/init	You want to go over to the $Bathhouse$?	Ça te dirait qu'on aille aux $bains$ ?	Хочешь сходить в $купальню$?	Искаш да отидем в $Банята$?
Conversations/Bank/Celine/Date Lines/bathhouse/bathhouse_accept_2/1	You'd love to?	Avec grand plaisir ?	Ты с радостью?	Ще ти хареса ли?
Conversations/Bank/Celine/Date Lines/bathhouse/bathhouse_accept_2/2	Yay! I've been looking forward to going with you again!	Super ! J'étais impatiente d'y retourner en ta compagnie !	Ура! Я так хотела сходить с тобой ещё раз!	Ура! Отново ще ходим заедно, нямам търпение!
Conversations/Bank/Celine/Date Lines/bathhouse/bathhouse_accept_2/init	Would you like to go with me to the $Bathhouse$, [Ari]?	Aimerais-tu aller avec moi aux $bains$, [Ari] ?	Хочешь пойти со мной в $купальню$, [Ari]?	Искаш ли да отидем заедно в $Банята$, [Ari]?
Conversations/Bank/Celine/Date Lines/bathhouse/bathhouse_follow_up_1/1	I had such a good time at the $Bathhouse$ with you!	J'ai passé un si bon moment avec toi aux $bains$ !	Мне очень понравилось с тобой в $купальне$!	Прекарах си чудесно с теб в $Банята$!
Conversations/Bank/Celine/Date Lines/bathhouse/bathhouse_follow_up_1/2	Can we go again soon...?	On pourra y retourner très vite...?	Может, сходим ещё раз?..	Може ли скоро да отидем пак...?
Conversations/Bank/Celine/Date Lines/bathhouse/bathhouse_follow_up_1/init	[Ari], I-	[Ari], je...	[Ari], мне...	[Ari], а-
Conversations/Bank/Celine/Date Lines/bathhouse/bathhouse_follow_up_2/1	I feel so refreshed after we go to the $Bathhouse$.	Je me sens tellement rafraîchie après être allée aux $bains$.	После $купальни$ чувствуется такая свежесть.	Чувствам се толкова освежена, след като ходим в $Банята$.
Conversations/Bank/Celine/Date Lines/bathhouse/bathhouse_follow_up_2/2	Thank you for coming with me, [Ari]!	Merci de m'avoir accompagnée, [Ari] !	Спасибо, что <p>сходили</p><f>сходила</f><m>сходил</m><n>сходило</n> со мной, [Ari].	Благодаря ти, че дойде с мен, [Ari]!
Conversations/Bank/Celine/Date Lines/bathhouse/bathhouse_follow_up_2/init	Ahhh...	Ahhh...	Аххх...	Ааа...
Conversations/Bank/Celine/Date Lines/beach/beach_accept_1/1	That sounds really nice!	Ça a l'air vraiment sympa !	Звучит замечательно!	Това звучи много хубаво!
Conversations/Bank/Celine/Date Lines/beach/beach_accept_1/2	And romantic!	Et romantique !	И так романтично!	И романтично!
Conversations/Bank/Celine/Date Lines/beach/beach_accept_1/init	You want to go out to the Beach, [Ari]?	Ça te dirait qu'on aille à la plage, [Ari] ?	Хочешь пойти на пляж, [Ari]?	Искаш да отидем на плажа, [Ari]?
Conversations/Bank/Celine/Date Lines/beach/beach_accept_2/1	I was hoping you might ask!	J'espérais que tu me le proposes !	Я надеялась, что ты предложишь.	Надявах се да ме попиташ!
Conversations/Bank/Celine/Date Lines/beach/beach_accept_2/init	A walk on the Beach sounds perfect, [Ari].	Une promenade à la plage me paraît une excellente idée, [Ari].	Прогулка по пляжу — как раз то, что нужно, [Ari].	Разходка по плажа звучи прекрасно, [Ari].
Conversations/Bank/Celine/Date Lines/beach/beach_follow_up_1/1	Now I understand why it comes up in romance novels so much.	Je comprends mieux pourquoi ce lieu revient si souvent dans les romans d'amour.	Теперь я понимаю, почему в любовных романах часто пишут про пляжи.	Сега разбирам защо толкова често го има в любовните романи.
Conversations/Bank/Celine/Date Lines/beach/beach_follow_up_1/1/prompts/0	Oh? Why's that?	Ah, bon ? Pourquoi ?	Ого! И почему же?	О? Защо така?
Conversations/Bank/Celine/Date Lines/beach/beach_follow_up_1/1/prompts/1	You've started reading romance novels?	Tu t'es mise à lire des romans d'amour ?	Ты стала читать любовные романы?	Започнала си да четеш любовни романи?
Conversations/Bank/Celine/Date Lines/beach/beach_follow_up_1/2	[Ari]... A-are you teasing me!?	[Ari]... Tu... Tu me taquines, c'est ça ?!	[Ari]... Т-ты что, дразнишься?!	[Ari]... П-подиграваш ли ми се!?
Conversations/Bank/Celine/Date Lines/beach/beach_follow_up_1/3	Oh! Well... Elsie's been giving me some advice lately. And um. She did give me some reading material.	Oh ! Eh bien... Elsie me donne des conseils, depuis quelque temps. Et, hum. Elle m'a passé de la lecture.	Ой! Ну... В последнее время Элси стала давать мне советы. И эмм... Она задала мне домашнее чтение.	О! Ами... Елси напоследък ми дава съвети. И ъъ... даде ми и нещо за четене.
Conversations/Bank/Celine/Date Lines/beach/beach_follow_up_1/init	Thank you for taking me out for a walk on the Beach, [Ari].	Merci de m'avoir emmenée me promener sur la plage, [Ari].	Спасибо, что <p>прогулялись</p><f>прогулялась</f><m>прогулялся</m><n>прогулялось</n> со мной по пляжу, [Ari].	Благодаря ти, че ме заведе на разходка по плажа, [Ari].
Conversations/Bank/Celine/Date Lines/beach/beach_follow_up_2/1	I'm looking forward to next time!	J'attends la prochaine fois avec impatience !	Уже жду, когда пойдём на пляж ещё раз!	Вече нямам търпение за следващия път!
Conversations/Bank/Celine/Date Lines/beach/beach_follow_up_2/init	That was such a nice walk on the Beach, [Ari].	Cette promenade sur la plage était si agréable, [Ari].	Отличная вышла прогулка, [Ari].	Това беше толкова хубава разходка по плажа, [Ari].
Conversations/Bank/Celine/Date Lines/deep_woods_picnic/deep_woods_picnic_accept_1/1	With me?	Avec moi ?	Со мной?	С мен?
Conversations/Bank/Celine/Date Lines/deep_woods_picnic/deep_woods_picnic_accept_1/2	On a date?	Pour un rendez-vous ?	На свидание?	На среща?
Conversations/Bank/Celine/Date Lines/deep_woods_picnic/deep_woods_picnic_accept_1/3	That sounds wonderful!	Excellente idée !	Звучит просто чудесно!	Звучи чудесно!
Conversations/Bank/Celine/Date Lines/deep_woods_picnic/deep_woods_picnic_accept_1/init	You want to go on a picnic, [Ari]?	Ça te dirait d'aller pique-niquer, [Ari] ?	Ты хочешь пойти на пикник, [Ari]?	Искаш да отидем на пикник, [Ari]?
Conversations/Bank/Celine/Date Lines/deep_woods_picnic/deep_woods_picnic_accept_2/1	I had the most lovely dream last night...	J'ai fait un très joli rêve, la nuit dernière...	У меня прошлой ночью был такой замечательный сон...	Снощи сънувах най-прекрасния сън...
Conversations/Bank/Celine/Date Lines/deep_woods_picnic/deep_woods_picnic_accept_2/2	We were having a picnic in the $Deep Woods$ again.	On pique-niquait à nouveau à $Boissombre$.	Мы снова пошли на пикник в $Глубокую чащу$.	Отново бяхме на пикник в $Дълбоката гора$.
Conversations/Bank/Celine/Date Lines/deep_woods_picnic/deep_woods_picnic_accept_2/3	There were =Temple Flowers= and =Marigolds= all around us.	Il y avait plein de =plumeria= et de =soucis= tout autour de nous.	Вокруг повсюду были =храмовые цветы= и =бархатцы=.	Навсякъде около нас имаше =Плумерии= и =Турти=.
Conversations/Bank/Celine/Date Lines/deep_woods_picnic/deep_woods_picnic_accept_2/4	It was so beautiful...	C'était tellement beau...	Там было так красиво...	Беше толкова красиво...
Conversations/Bank/Celine/Date Lines/deep_woods_picnic/deep_woods_picnic_accept_2/5	What do you think, should we go again?	Qu'est-ce que tu en dis, tu crois qu'on devrait y retourner ?	Как думаешь: может, нам сходить ещё раз?	Какво мислиш, да отидем ли пак?
Conversations/Bank/Celine/Date Lines/deep_woods_picnic/deep_woods_picnic_accept_2/init	Oh, [Ari]!	Oh, [Ari] !	О, [Ari]!	О, [Ari]!
Conversations/Bank/Celine/Date Lines/deep_woods_picnic/deep_woods_picnic_accept_3/1	Oh, a picnic basket! Do you want to go to the $Deep Woods$ again?	Oh, un panier de pique-nique ! Tu veux qu'on retourne à $Boissombre$ ?	Ой, это корзинка для пикника? Хочешь ещё раз сходить в $Глубокую чащу$?	О, кошница за пикник! Искаш ли пак да отидем в $Дълбоката гора$?
Conversations/Bank/Celine/Date Lines/deep_woods_picnic/deep_woods_picnic_accept_3/2	Yay, let's go!	Super, allons-y !	Ура, пойдём!	Ура, да тръгваме!
Conversations/Bank/Celine/Date Lines/deep_woods_picnic/deep_woods_picnic_accept_3/init	What's that you've got there, [Ari]?	Qu'est-ce que tu as là, [Ari] ?	Что там у тебя, [Ari]?	Какво носиш там, [Ari]?
Conversations/Bank/Celine/Date Lines/deep_woods_picnic/deep_woods_picnic_follow_up_1/1	The $Deep Woods$... It's such a magical place.	$Boissombre$... C'est vraiment un lieu magique.	$Глубокая чаща$ — это... просто волшебное место.	$Дълбоката гора$... Толкова е вълшебна.
Conversations/Bank/Celine/Date Lines/deep_woods_picnic/deep_woods_picnic_follow_up_1/2	I felt so at home there with you. Hehe.	Je m'y suis sentie comme chez moi en ta compagnie. Hi hi.	С тобой я там чувствовала себя почти как дома. Хи-хи.	Чувствах се толкова у дома там с теб. Хехе.
Conversations/Bank/Celine/Date Lines/deep_woods_picnic/deep_woods_picnic_follow_up_1/init	I had a great time on our picnic, [Ari].	J'ai passé un super moment durant notre pique-nique, [Ari] !	Мне очень понравился наш пикник, [Ari].	Прекарах си чудесно на пикника ни, [Ari].
Conversations/Bank/Celine/Date Lines/deep_woods_picnic/deep_woods_picnic_follow_up_2/1	Even though we didn't see too many flowers this time...	Nous n'avons pas vu beaucoup de fleurs, cette fois...	Хотя в этот раз мы видели не очень много цветов...	Макар че този път не видяхме много цветя...
Conversations/Bank/Celine/Date Lines/deep_woods_picnic/deep_woods_picnic_follow_up_2/2	It still felt like something out of a dream!	Mais j'ai quand même eu l'impression de vivre un rêve !	Всё равно было похоже на прекрасный сон!	Пак беше като от сън!
Conversations/Bank/Celine/Date Lines/deep_woods_picnic/deep_woods_picnic_follow_up_2/init	That was a really fun picnic, [Ari].	C'était vraiment un pique-nique sympa, [Ari].	Отличный получился пикник, [Ari].	Това беше наистина забавен пикник, [Ari].
Conversations/Bank/Celine/Date Lines/deep_woods_picnic/deep_woods_picnic_follow_up_3/1	It's one of my favorite places to go!	Cet endroit est l'un de mes préférés !	$Глубокая чаща$ — одно из моих любимых мест!	Това е едно от любимите ми места!
Conversations/Bank/Celine/Date Lines/deep_woods_picnic/deep_woods_picnic_follow_up_3/init	Thank you for taking me out for a picnic, [Ari].	Merci de m'avoir emmenée pique-niquer, [Ari].	Спасибо, что <p>взяли</p><f>взяла</f><m>взял</m><n>взяло</n> меня на пикник, [Ari].	Благодаря ти, че ме заведе на пикник, [Ari].
Conversations/Bank/Celine/Date Lines/gem_cutting/gem_cutting_accept_1/1	I've never tried anything like that before.	Je n'ai encore jamais essayé.	Я никогда такого не пробовала.	Никога преди не съм опитвала подобно нещо.
Conversations/Bank/Celine/Date Lines/gem_cutting/gem_cutting_accept_1/2	But... There's a first time for everything!	Mais... Il faut un début à tout !	Но... Всё бывает в первый раз!	Но... за всичко си има първи път!
Conversations/Bank/Celine/Date Lines/gem_cutting/gem_cutting_accept_1/init	You want to go on a $Gem Cutting Date$?	Tu as envie qu'on aille $tailler des gemmes$ ensemble ?	Ты хочешь устроить нам $свидание с огранкой$?	Искаш да отидем на $Среща за рязане на скъпоценни камъни$?
Conversations/Bank/Celine/Date Lines/gem_cutting/gem_cutting_accept_2/1	I feel like I can do it this time!	Je sens que j'y arriverai, cette fois !	Я думаю, на этот раз у меня получится!	Този път мисля, че ще се справя!
Conversations/Bank/Celine/Date Lines/gem_cutting/gem_cutting_accept_2/init	Should we practice some $Gem Cutting$, [Ari]?	Si on s'entraînait un peu à la $taille de gemmes$, [Ari] ?	Давай снова попрактикуемся в $огранке$, [Ari]?	Да потренираме $рязане на скъпоценни камъни$, [Ari]?
Conversations/Bank/Celine/Date Lines/gem_cutting/gem_cutting_follow_up_1/1	Your gem turned out so pretty...	Nos pierres précieuses étaient vraiment jolies...	Твой камень получился такой красивый...	Твоят камък стана толкова красив...
Conversations/Bank/Celine/Date Lines/gem_cutting/gem_cutting_follow_up_1/2	"Dell thought mine was a ""weird marble""..."	Dell a trouvé que la mienne avait « une drôle de tête pour une bille »...	Делл сказала, что у меня «странноватая бусинка»...	Дел каза, че моят е „странно стъклено топче“...
Conversations/Bank/Celine/Date Lines/gem_cutting/gem_cutting_follow_up_1/3	I guess that just means I'll need more practice...	Ça signifie sans doute que je dois m'entraîner davantage...	Видимо, мне надо ещё попрактиковаться...	Предполагам, че просто ще ми трябва още практика...
Conversations/Bank/Celine/Date Lines/gem_cutting/gem_cutting_follow_up_1/init	Wow, [Ari], $Gem Cutting$ was so much fun!	Waouh, [Ari], c'était tellement amusant de $tailler des gemmes$ !	Ух, [Ari], мне так понравилась $огранка$!	Еха, [Ari], $рязането на скъпоценни камъни$ беше толкова забавно!
Conversations/Bank/Celine/Date Lines/gem_cutting/gem_cutting_follow_up_2/1	Mine turned out a little, um... unique.	Pour la mienne, le résultat a été un peu, hum... original.	Камень у меня получился слегка, эмм... необычный.	Моят стана малко, ъъ... уникален.
Conversations/Bank/Celine/Date Lines/gem_cutting/gem_cutting_follow_up_2/2	But I think it's pretty, all the same!	Mais je la trouve jolie quand même !	Но я считаю, он всё равно красивый!	Но въпреки това мисля, че е красив!
Conversations/Bank/Celine/Date Lines/gem_cutting/gem_cutting_follow_up_2/init	I had fun $Gem Cutting$ with you, [Ari]!	Je me suis bien amusée à $tailler des gemmes$ avec toi, [Ari] !	Мне понравилось заниматься $огранкой$ вместе, [Ari]!	Беше ми много забавно да $режа скъпоценни камъни$ с теб, [Ari]!
Conversations/Bank/Celine/Date Lines/inn_meal/inn_meal_accept_1/1	Would you like to go on a date with me, [Ari]?	Est-ce que tu accepterais de sortir avec moi, [Ari] ?	Не хочешь сходить со мной на свидание, [Ari]?	Искаш ли да отидем на среща, [Ari]?
Conversations/Bank/Celine/Date Lines/inn_meal/inn_meal_accept_1/2	I was thinking we could go get something to eat!	Je me disais qu'on pourrait aller manger quelque chose !	Я подумала, мы можем сходить поесть!	Мислех си да отидем да хапнем!
Conversations/Bank/Celine/Date Lines/inn_meal/inn_meal_accept_1/init	Would you um-	Est-ce que tu, hum...	Ты не хочешь эмм...	Искаш ли, ъъ-
Conversations/Bank/Celine/Date Lines/inn_meal/inn_meal_accept_2/1	I would love that!	J'en serais vraiment ravie !	Я с удовольствием!	С удоволствие!
Conversations/Bank/Celine/Date Lines/inn_meal/inn_meal_accept_2/init	Oh! You want to take me out for a meal at the Inn?	Oh ! Tu veux m'emmener manger à l'auberge ?	Ой! Ты приглашаешь меня на свидание в трактир?	О! Искаш да ме заведеш да хапнем в Хана?
Conversations/Bank/Celine/Date Lines/inn_meal/inn_meal_accept_3/1	Yay! Let's go!	Super ! Allons-y !	Ура! Пойдём!	Ура! Да тръгваме!
Conversations/Bank/Celine/Date Lines/inn_meal/inn_meal_accept_3/init	Should we go get a meal at the Inn?	Si on allait manger à l'auberge ?	Может, нам сходить поесть в трактире?	Да отидем ли да хапнем в Хана?
Conversations/Bank/Celine/Date Lines/inn_meal/inn_meal_follow_up_1/1	I- I'm not too used to going out on dates.	Je... Je n'ai pas l'habitude qu'on m'invite à sortir.	Я... не очень привыкла ходить на свидания.	Н-не съм много свикнала да ходя на срещи.
Conversations/Bank/Celine/Date Lines/inn_meal/inn_meal_follow_up_1/2	Turns out I had nothing to be nervous about!	En réalité, il n'y avait pas de quoi être nerveuse !	Оказывается, не о чем было переживать!	Оказа се, че няма от какво да се притеснявам!
Conversations/Bank/Celine/Date Lines/inn_meal/inn_meal_follow_up_1/init	I had so much fun, [Ari].	Je me suis tellement amusée, [Ari].	Мне так понравилось, [Ari].	Толкова ми хареса, [Ari].
Conversations/Bank/Celine/Date Lines/inn_meal/inn_meal_follow_up_2/1	E-even though I often eat at the Inn-	M-Même si je mange souvent à l'auberge...	Х-хотя я часто сама там обедаю...	Д-дори често да ям в Хана-
Conversations/Bank/Celine/Date Lines/inn_meal/inn_meal_follow_up_2/2	It's different when we're there together, just the two of us.	Ce n'est pas la même chose quand on y est ensemble, rien que tous les deux.	Но когда мы там вдвоём: только ты и я, — это другое.	Различно е, когато сме там заедно, само двамата.
Conversations/Bank/Celine/Date Lines/inn_meal/inn_meal_follow_up_2/2/prompts/0	How so?	Comment ça ?	А в чём отличие?	Как така?
Conversations/Bank/Celine/Date Lines/inn_meal/inn_meal_follow_up_2/2/prompts/1	Because it's a date?	Parce que c'est un rendez-vous ?	Потому что это свидание?	Защото е среща?
Conversations/Bank/Celine/Date Lines/inn_meal/inn_meal_follow_up_2/3	Well, because...	Eh bien, parce que...	Ну, в том, что...	Ами, защото...
Conversations/Bank/Celine/Date Lines/inn_meal/inn_meal_follow_up_2/4	It's.... Romantic.	C'est... romantique.	Это... романтично.	Толкова е.... романтично.
Conversations/Bank/Celine/Date Lines/inn_meal/inn_meal_follow_up_2/5	Well, yes...	Eh bien, oui...	Ну, да...	Ами, да...
Conversations/Bank/Celine/Date Lines/inn_meal/inn_meal_follow_up_2/6	It's.... Romantic.	C'est... romantique.	Это... романтично.	Толкова е.... романтично.
Conversations/Bank/Celine/Date Lines/inn_meal/inn_meal_follow_up_2/init	Thanks for letting me take you out for a meal.	Merci d'avoir accepté mon invitation à manger.	Спасибо, что <p>согласились</p><f>согласилась</f><m>согласился</m><n>согласилось</n> пойти со мной в трактир.	Благодаря, че ми позволи да те заведа да хапнем.
Conversations/Bank/Celine/Date Lines/inn_meal/inn_meal_follow_up_3/1	I'm already looking forward to next time!	J'attends déjà avec impatience la prochaine fois !	Я уже хочу сходить ещё раз!	Вече нямам търпение за следващия път!
Conversations/Bank/Celine/Date Lines/inn_meal/inn_meal_follow_up_3/init	That was really fun, [Ari].	C'était vraiment un bon moment, [Ari].	Было очень хорошо, [Ari].	Беше много забавно, [Ari].
Conversations/Bank/Celine/Date Lines/park/park_accept_1/1	Oh!	Oh !	Ой!	О!
Conversations/Bank/Celine/Date Lines/park/park_accept_1/2	T-That would be wonderful! I'd love to!	Ce serait fantastique ! J'adorerais !	Б-было бы чудесно! С удовольствием!	Т-това би било чудесно! С радост!
Conversations/Bank/Celine/Date Lines/park/park_accept_1/init	Hey, [Ari]! Got anything fun planned today?	Salut, [Ari] ! Tu as des choses sympas prévues aujourd'hui ?	Привет, [Ari]! У тебя есть на сегодня планы?	Хей, [Ari]! Имаш ли нещо забавно планирано за днес?
Conversations/Bank/Celine/Date Lines/park/park_accept_1/init/prompts/0	Depends, want to go to the Park together?	Peut-être. Ça te dirait qu'on aille ensemble au parc ?	Посмотрим. Не хочешь вместе пойти в парк?	Зависи, искаш ли да отидем заедно в парка?
Conversations/Bank/Celine/Date Lines/park/park_accept_1/init/prompts/1	Yeah, I'm planning to take you to the Park!	Oui, j'ai prévu de t'emmener au parc !	Да, я планирую сходить с тобой в парк!	Да, смятам да те заведа в парка!
Conversations/Bank/Celine/Date Lines/park/park_accept_2/1	You would? Great!	Oui ? Super !	Да? Отлично!	Ще го направиш? Чудесно!
Conversations/Bank/Celine/Date Lines/park/park_accept_2/2	Let's go!	Allons-y !	Пойдём!	Да тръгваме!
Conversations/Bank/Celine/Date Lines/park/park_accept_2/init	If you're not busy [Ari], would you like to go on a date to the $Park$?	Si ton emploi du temps te le permet, est-ce que ça te tenterait de sortir avec moi au $parc$ ?	Если ты не <p>заняты</p><f>занята</f><m>занят</m><n>занято</n>, [Ari], не хочешь сходить со мной на свидание в $парк$?	<he>Ако не си зает, [Ari], искаш ли да отидем на среща в $парка$?</he><she>Ако не си заета, [Ari], искаш ли да отидем на среща в $парка$?</she><they>Ако не сте заети, [Ari], искате ли да отидем на среща в $парка$?</they>
Conversations/Bank/Celine/Date Lines/park/park_follow_up_1/1	If you dry the flower I gave you, it could be be a nice souvenir.	Si tu fais sécher la fleur que je t'ai donnée, ça pourrait faire un joli souvenir.	Можешь засушить цветок, который я тебе дала. Будет отличный сувенир.	Ако изсушиш цветето, което ти дадох, може да стане хубав спомен.
Conversations/Bank/Celine/Date Lines/park/park_follow_up_1/init	The time flew by while we were at the park together.	Le temps a passé à toute vitesse quand on était au parc ensemble.	Время так быстро пролетело, пока мы гуляли в парке.	Времето мина неусетно, докато бяхме заедно в парка.
Conversations/Bank/Celine/Date Lines/park/park_follow_up_2/init	I... I had a really nice time at the $Park$ with you, [Ari].	Je... J'ai vraiment passé un moment agréable avec toi au $parc$, [Ari].	Мне... очень понравилось с тобой в $парке$, [Ari].	Аз... много добре си прекарах в $парка$ с теб, [Ari].
Conversations/Bank/Celine/Date Lines/post_baby/post_baby_date_accept/1	Let's swing by the General Store and drop off [child_0] with my parents first.			Нека първо минем през Смесения магазин и оставим [child_0] при родителите ми.
Conversations/Bank/Celine/Date Lines/post_baby/post_baby_date_accept/2	I know they've both been clamoring for more time with their grandson, so this works out perfectly.			Знам, че и двамата искат да прекарат повече време с внука си, така че се получава идеално.
Conversations/Bank/Celine/Date Lines/post_baby/post_baby_date_accept/init	A date? I'd love to!			Среща? С радост!
Conversations/Bank/Celine/Date Lines/post_baby/post_baby_date_follow_up/1	It was nice to share some time alone together.			Беше хубаво да прекараме малко време насаме.
Conversations/Bank/Celine/Date Lines/post_baby/post_baby_date_follow_up/2	And I can tell [child_0] had a great time with my parents too!			И личеше, че [child_0] също е прекарал чудесно с родителите ми!
Conversations/Bank/Celine/Date Lines/post_baby/post_baby_date_follow_up/init	That was such a fun date, [Ari]!			Това беше толкова забавна среща, [Ari]!
Conversations/Bank/Celine/Gift Lines/gift_lines/birthday_gift/1	Thank you, [Ari]. It means a lot that you thought of me.	Merci, [Ari]. Ça me touche beaucoup que tu aies pensé à moi.	Спасибо, [Ari]. Твоя забота много для меня значит.	Благодаря ти, [Ari]. Много значи за мен, че <he>си се сетил</he><she>си се сетила</she><they>сте се сетили</they> за мен.
Conversations/Bank/Celine/Gift Lines/gift_lines/birthday_gift/init	You remembered my birthday! You're so thoughtful.	Tu t'es souvenu de mon anniversaire ! Quelle délicate attention.	Ты помнишь о моём дне рождения! Ты <p>такие заботливые</p><f>такая заботливая</f><m>такой заботливый</m><n>такое заботливое</n>.	<he>Помниш рождения ми ден! Толкова си внимателен.</he><she>Помниш рождения ми ден! Толкова си внимателна.</she><they>Помните рождения ми ден! Толкова сте внимателни.</they>
Conversations/Bank/Celine/Gift Lines/gift_lines/breath_of_flame/1	The =Breath of Flame= is such a beautiful, vibrant flower. It really lives up to its own legend!	Le =soufflefeu= est une fleur tellement magnifique, tellement colorée. Elle est vraiment à la hauteur de sa légende !	Этот =огнецвет= такой прекрасный и яркий. Прямо как описано в легенде!	=Дъхът на пламъка= е толкова красиво, ярко цвете. Напълно оправдава легендата си!
Conversations/Bank/Celine/Gift Lines/gift_lines/breath_of_flame/init	Oh, [Ari] I love it!	Oh, [Ari], je l'adore !	Ого, [Ari]! Потрясающе!	О, [Ari], много ми харесва!
Conversations/Bank/Celine/Gift Lines/gift_lines/caterpillar/init	Ooh, [Ari]! Are you teasing me? A $Caterpillar$ will eat its way through my entire garden!	Oh, [Ari] ! Tu me fais une blague ? Une $chenille$ risque de dévorer tout mon jardin !	Оох, [Ari]! Ты <p>решили</p><f>решила</f><m>решил</m><n>решило</n> надо мной подшутить? $Гусеница$ скушает весь мой сад!	О, [Ari]! Подиграваш ли ми се? Една $гъсеница$ ще изяде цялата ми градина!
Conversations/Bank/Celine/Gift Lines/gift_lines/catmint/init	=Catmint=! This is thoughtful, thank you.	De l'=herbe à chat= ! Quelle gentille attention, merci.	=Кошачья мята=! Очень заботливо с твоей стороны, спасибо.	=Котешка мента=! Много мило от твоя страна, благодаря.
Conversations/Bank/Celine/Gift Lines/gift_lines/celosia/init	Thank you, [Ari]! I've always liked =Celosias=, such a vibrant flower.	Merci, [Ari] ! J'ai toujours bien aimé la =célosie=, c'est une fleur très colorée.	Спасибо, [Ari]! Мне всегда нравились =целозии=: они такие яркие.	Благодаря ти, [Ari]! Винаги съм харесвала =Целозии=, толкова ярки цветя са.
Conversations/Bank/Celine/Gift Lines/gift_lines/chrysanthemum/init	What a pretty =Chrysanthemum=, thank you!	Un =chrysanthème= ! Ils représentent la joie et l'optimisme ! Merci, [Ari] !	Очень красивая =хризантема=, спасибо!	Каква красива =Хризантема=, благодаря!
Conversations/Bank/Celine/Gift Lines/gift_lines/chrysanthemum_2/init	A =Chrysanthemum=! They represent joy and optimism! Thank you, [Ari]!	Un =chrysanthème= ! Ils représentent la joie et l'optimisme ! Merci, [Ari] !	Это же =хризантема= — символ радости и оптимизма! Спасибо, [Ari]!	=Хризантема=! Те символизират радост и оптимизъм! Благодаря ти, [Ari]!
Conversations/Bank/Celine/Gift Lines/gift_lines/cosmos/1	=Cosmos= colors are so bold, but their stems are so delicate.	Les =cosmos= ont des couleurs fortes, mais une tige très délicate.	У =космеи= такой насыщенный цвет, но при этом очень хрупкий стебель.	Цветовете на =Космеите= са толкова наситени, а стъблата им са толкова нежни.
Conversations/Bank/Celine/Gift Lines/gift_lines/cosmos/2	It's a cute contrast!	Ce contraste est ravissant !	Получается изящный контраст!	Сладък контраст е!
Conversations/Bank/Celine/Gift Lines/gift_lines/cosmos/init	This is so nice of you, [Ari]!	C'est tellement gentil de ta part, [Ari] !	Мне очень приятно, [Ari]!	Толкова мило от твоя страна, [Ari]!
Conversations/Bank/Celine/Gift Lines/gift_lines/crocus/init	A =Crocus= flower, thank you!	Une fleur de =crocus=, merci !	Это =крокус=? Спасибо!	Цвете =Минзухар=, благодаря!
Conversations/Bank/Celine/Gift Lines/gift_lines/crystal_rose/1	I had only read about them in the Codex Mistria.	Je ne les connaissais que par la lecture du Codex Mistria.	Я только читала про них в «Кодексе Мистрии».	Бях чела за тях само в Кодекса на Мистрия.
Conversations/Bank/Celine/Gift Lines/gift_lines/crystal_rose/2	It's so beautiful, [Ari]! Thank you!	Elle est vraiment magnifique, [Ari] ! Merci !	Какая она красивая, [Ari]! Спасибо!	Толкова е красива, [Ari]! Благодаря ти!
Conversations/Bank/Celine/Gift Lines/gift_lines/crystal_rose/init	A =Crystal Rose=! Look how it glitters!	Une =rose de cristal= ! Regarde comme elle scintille !	Это же =кристальная роза=! Надо же, как блестит!	=Кристална роза=! Виж как блести!
Conversations/Bank/Celine/Gift Lines/gift_lines/daffodil/init	Aww, a =Daffodil=! These are some of the first flowers that come up in spring, so they'll always be special to me.	Oh, une =jonquille= ! Elles sont parmi les premières fleurs à pousser au printemps, c'est pour ça que j'ai une affection particulière pour elles.	Ой, это же =нарцисс=! Эти цветы для меня особенные, ведь они одни из первых расцветают весной.	О, =Нарцис=! Това са едни от първите цветя, които се появяват през пролетта, затова винаги ще са ми специални.
Conversations/Bank/Celine/Gift Lines/gift_lines/daisy/1	Thanks, [Ari]! They're the perfect summer flower, aren't they?	Merci, [Ari] ! Ce sont vraiment les fleurs d'été par excellence, tu ne trouves pas ?	Спасибо, [Ari]! Это замечательный летний цветочек.	Благодаря ти, [Ari]! Те са идеалното лятно цвете, нали?
Conversations/Bank/Celine/Gift Lines/gift_lines/daisy/init	What a beautiful =Daisy=!	Quelle splendide =marguerite= !	Какая прекрасная =маргаритка=!	Каква красива =Маргаритка=!
Conversations/Bank/Celine/Gift Lines/gift_lines/dandelion/1	Everyone says these are common, but I'll always appreciate them!	Tout le monde dit que c'est une fleur quelconque, mais moi je les apprécierai toujours !	Обычно говорят, что их везде полно, но мне они всё равно нравятся!	Всички казват, че са обикновени, но аз винаги ще им се радвам!
Conversations/Bank/Celine/Gift Lines/gift_lines/dandelion/init	A =Dandelion=, thank you!	Un =pissenlit=, merci !	Спасибо за =одуванчик=!	=Глухарче=, благодаря!
Conversations/Bank/Celine/Gift Lines/gift_lines/disliked_gift/init	This is really... something...	Vraiment, c'est... quelque chose...	Это... что-то... с чем-то.	Това наистина е... нещо...
Conversations/Bank/Celine/Gift Lines/gift_lines/essence_blossom/1	Thank you, [Ari]! I'll treasure it.	Merci, [Ari] ! Je le conserverai précieusement.	Спасибо, [Ari]! Я его сохраню.	Благодаря ти, [Ari]! Ще го пазя като съкровище.
Conversations/Bank/Celine/Gift Lines/gift_lines/essence_blossom/init	How stunning! This =Essence Bloom= is simply magical.	Cet =essensia= est époustouflant ! Tout simplement magique.	Невероятно! Этот =цветок эссенции= просто волшебный.	Колко е красиво! Този =Цвят на есенцията= е направо магически.
Conversations/Bank/Celine/Gift Lines/gift_lines/frost_lily/1	Thank you!	Merci !	Спасибо!	Благодаря ти!
Conversations/Bank/Celine/Gift Lines/gift_lines/frost_lily/init	=Frost Lilies= are my favorite winter flower!	Les =lys de givre= sont mes fleurs d'hiver préférées !	=Снежная лилия= — мой любимый зимний цветок!	=Ледените лилии= са любимото ми зимно цвете!
Conversations/Bank/Celine/Gift Lines/gift_lines/heather/1	Some people say these are good luck.	Certaines personnes racontent que ces fleurs portent bonheur.	Иногда говорят, что они приносят удачу.	Някои казват, че носят късмет.
Conversations/Bank/Celine/Gift Lines/gift_lines/heather/init	A =Heather= flower, how pretty!	Une fleur de =bruyère=, qu'elle est jolie !	Какой красивый цветочек =вереска=!	Цвете =Калуна=, колко е красиво!
Conversations/Bank/Celine/Gift Lines/gift_lines/hydrangea/1	And their fragrance is so sweet and subtle.	Et ils ont un parfum si doux et si subtil.	И такой нежный сладковатый аромат.	А ароматът им е толкова сладък и нежен.
Conversations/Bank/Celine/Gift Lines/gift_lines/hydrangea/2	Come here, you should smell it too!	Approche, il faut que tu le respires, toi aussi !	Подойди поближе, вдохни как следует!	Ела, и ти го помириши!
Conversations/Bank/Celine/Gift Lines/gift_lines/hydrangea/init	Thank you so much, [Ari]! I love =Hydrangeas=, they have the most beautiful color!	Merci infiniment, [Ari]. J'adore les =hortensias=, leur couleur est magnifique !	Спасибо огромное, [Ari]! Я обожаю =гидрангею=. У неё совершенно великолепный цвет!	Много ти благодаря, [Ari]! Обожавам =Хортензиите=, имат най-красивия цвят!
Conversations/Bank/Celine/Gift Lines/gift_lines/iris/1	What a beautiful =Iris=.	Quel =iris= splendide !	Очень красивый =ирис=.	Какъв красив =Ирис=.
Conversations/Bank/Celine/Gift Lines/gift_lines/iris/init	Oh, how thoughtful, [Ari]!	Oh, quelle charmante attention, [Ari] !	Спасибо за заботу, [Ari]!	О, колко мило от твоя страна, [Ari]!
Conversations/Bank/Celine/Gift Lines/gift_lines/jasmine/1	It's so fragrant! Thank you!	Il dégage un tel parfum ! Merci !	Ах, как пахнет! Спасибо!	Толкова ухае! Благодаря ти!
Conversations/Bank/Celine/Gift Lines/gift_lines/jasmine/init	Is this =Jasmine= for me?	Du =jasmin=, pour moi...?	Этот =жасмин= для меня?	Този =Жасмин= за мен ли е?
Conversations/Bank/Celine/Gift Lines/gift_lines/liked_gift/init	This is sweet. Thank you, [Ari].	C'est gentil. Merci, [Ari].	Как здорово. Спасибо, [Ari].	Много мило. Благодаря ти, [Ari].
Conversations/Bank/Celine/Gift Lines/gift_lines/liked_gift_2/init	So lovely! You know exactly what I like.	C'est adorable ! Tu connais parfaitement mes goûts.	Как прекрасно! Ты хорошо знаешь, что мне нравится.	Толкова е хубаво! Знаеш точно какво харесвам.
Conversations/Bank/Celine/Gift Lines/gift_lines/liked_gift_3/init	Oh, I know just what to do with this. Thank you, [Ari]!	Oh, je sais exactement ce que je vais en faire. Merci, [Ari] !	О, я даже уже знаю, как это использовать. Спасибо, [Ari]!	О, знам точно какво да направя с това. Благодаря ти, [Ari]!
Conversations/Bank/Celine/Gift Lines/gift_lines/liked_gift_flower/init	Such a pretty flower! Thanks for thinking of me, [Ari].	Quelle jolie fleur ! Merci d'avoir pensé à moi, [Ari] !	Какой красивый цветок! Спасибо, что думаешь обо мне, [Ari].	Толкова красиво цвете! Благодаря, че <he>си се сетил</he><she>си се сетила</she><they>сте се сетили</they> за мен, [Ari].
Conversations/Bank/Celine/Gift Lines/gift_lines/liked_gift_flower_2/init	Thank you, [Ari]! Mistria has the prettiest flowers, doesn't it?	Merci, [Ari] ! Il y a vraiment des fleurs magnifiques à Mistria, tu ne trouves pas ?	Спасибо, [Ari]! Мистрия полнится прекраснейшими цветами, да?	Благодаря ти, [Ari]! Мистрия има най-красивите цветя, нали?
Conversations/Bank/Celine/Gift Lines/gift_lines/lilac/1	Thank you, [Ari].	Merci, [Ari].	Спасибо, [Ari].	Благодаря ти, [Ari].
Conversations/Bank/Celine/Gift Lines/gift_lines/lilac/init	This =Lilac= has such a wonderful fragrance!	Ce =lilas= dégage un parfum merveilleux !	Какой чудесный аромат у этой =сирени=!	Този =Люляк= има толкова прекрасен аромат!
Conversations/Bank/Celine/Gift Lines/gift_lines/loved_gift/init	[Ari], this is so sweet. I'm touched you were thinking of me. Thank you!	[Ari], c'est tellement gentil. Ça me touche que tu aies pensé à moi. Merci !	Это так мило, [Ari]. Я тронута, что ты думаешь обо мне. Спасибо!	[Ari], това е толкова мило. Трогната съм, че <he>си мислел</he><she>си мислела</she><they>сте мислили</they> за мен. Благодаря ти!
Conversations/Bank/Celine/Gift Lines/gift_lines/loved_gift_2/init	Oh, this is beautiful! You're so thoughtful [Ari], I love it!	Oh, c'est magnifique ! Tu es tellement <he>attentionné</he><she>attentionnée</she><they>attentionné·e</they>, [Ari], je l'adore !	Ох, как чудесно! Ты так <p>заботливы</p><f>заботлива</f><m>заботлив</m><n>заботливо</n>, [Ari]. Мне очень нравится!	О, това е красиво! Толкова си внимателен, [Ari], обожавам го!
Conversations/Bank/Celine/Gift Lines/gift_lines/loved_gift_3/init	This is lovely, [Ari]! I'm so happy to have it!	C'est adorable, [Ari] ! Je suis tellement contente de l'avoir !	Просто чудесно, [Ari]! Я рада получить такой подарок!	Толкова е хубаво, [Ari]! Много се радвам, че го имам!
Conversations/Bank/Celine/Gift Lines/gift_lines/loved_gift_flower/init	What a perfect flower, and picked at peak bloom too! I should press it in a book and preserve it.	Quelle fleur parfaite, cueillie en pleine floraison, de surcroît ! Je devrais la placer entre les pages d'un livre pour la sécher et la conserver.	Какой идеальный цветок. Еще и сорван на пике цветения! Надо сохранить его в моём гербарии.	Какво съвършено цвете, а и е набрано в разцвета си! Трябва да го пресовам в книга и да го запазя.
Conversations/Bank/Celine/Gift Lines/gift_lines/marigold/1	I've liked =Marigolds= for as long as I can remember, and no wonder. They're such a beautiful flower!	D'aussi loin que je me souvienne, j'ai toujours aimé les =soucis=. Pas étonnant, c'est une fleur magnifique !	Мне с самого детства нравятся =бархатцы=. Да и не удивительно: они же такое красивые!	Харесвам =Туртите=, откакто се помня, и не е трудно да разбереш защо. Толкова са красиви!
Conversations/Bank/Celine/Gift Lines/gift_lines/marigold/init	A =Marigold=! Thank you, [Ari]!	Un =souci= ! Merci, [Ari] !	=Бархатцы=! Спасибо, [Ari]!	=Турта=! Благодаря ти, [Ari]!
Conversations/Bank/Celine/Gift Lines/gift_lines/middlemist/1	Thank you, [Ari]! I'll think of you every time I look at it.	Merci, [Ari] ! J'aurai une pensée pour toi chaque fois que je le regarderai.	Спасибо, [Ari]! Я буду вспоминать о тебе, глядя на него.	Благодаря ти, [Ari]! Ще се сещам за теб всеки път, когато я погледна.
Conversations/Bank/Celine/Gift Lines/gift_lines/middlemist/init	A =Middlemist=! Are you sure you want to give it to me, [Ari]?	Un =camélia vaporeux= ! Tu tiens vraiment à me l'offrir, [Ari], c'est sûr ?	Это же =миддлемист=! Ты <p>уверены</p><f>уверена</f><m>уверен</m><n>уверено</n>, что хочешь отдать его мне, [Ari]?	=Мидълмист=! <he>Сигурен ли си, че искаш да ми я дадеш</he><she>Сигурна ли си, че искаш да ми я дадеш</she><they>Сигурни ли сте, че искате да ми я дадете</they>, [Ari]?
Conversations/Bank/Celine/Gift Lines/gift_lines/neutral_gift/init	Thank you.	Merci.	Спасибо.	Благодаря.
Conversations/Bank/Celine/Gift Lines/gift_lines/plum_blossom/1	Isn't it wonderful to see flowers growing in the winter? Thank you!	N'est-ce pas merveilleux de voir des fleurs pousser en plein hiver ? Merci !	Приятно видеть, что зимой тоже цветут цветы, правда? Спасибо!	Не е ли чудесно да виждаш цветя през зимата? Благодаря ти!
Conversations/Bank/Celine/Gift Lines/gift_lines/plum_blossom/init	What a cute =Plum Blossom=!	Quelle ravissante =fleur de prunier= ! Tu sais, leur magnifique floraison peut se produire même sous la neige, c'est pour ça qu'on dit qu'elles représentent la ténacité.	Какой симпатичный =цветок сливы=!	Какъв сладък =Цвят от слива=!
Conversations/Bank/Celine/Gift Lines/gift_lines/plum_blossom_2/init	What a lovely =Plum Blossom=! You know, they bloom vibrantly even in snow, which is why people say they represent resilience.	Quelle ravissante =fleur de prunier= ! Tu sais, leur magnifique floraison peut se produire même sous la neige, c'est pour ça qu'on dit qu'elles représentent la ténacité.	Такой чудный =цветок сливы=! Знаешь, они дают яркие цветы даже в снежную погоду. За это их часто называют символом упорства.	Какъв прекрасен =Цвят от слива=! Знаеш ли, цъфти ярко дори в снега, затова хората казват, че символизира устойчивост.
Conversations/Bank/Celine/Gift Lines/gift_lines/poinsettia/1	Thank you [Ari].	Merci, [Ari].	Спасибо, [Ari].	Благодаря ти, [Ari].
Conversations/Bank/Celine/Gift Lines/gift_lines/poinsettia/init	What a pretty =Poinsettia=!	Quelle jolie =euphorbe= !	Какая симпатичная =пуансеттия=!	Каква красива =Коледна звезда=!
Conversations/Bank/Celine/Gift Lines/gift_lines/rose/1	I'll be sure to dry it properly so it stays just as pretty.	Je vais la faire sécher du mieux que je peux pour qu'elle ne perde rien de sa beauté.	Я её как следует засушу, чтобы сохранить эту красоту.	Ще я изсуша добре, за да остане все така красива.
Conversations/Bank/Celine/Gift Lines/gift_lines/rose/2	Thank you, [Ari]!	Merci, [Ari] !	Спасибо, [Ari]!	Благодаря ти, [Ari]!
Conversations/Bank/Celine/Gift Lines/gift_lines/rose/init	Oh, what a beautiful =Rose=! It smells so sweet!	Oh, quelle =rose= splendide ! Elle sent tellement bon !	Ах, какая прекрасная =Роза=! И такой восхитительный запах!	О, каква красива =Роза=! Ухае толкова сладко!
Conversations/Bank/Celine/Gift Lines/gift_lines/rose_2/1	Ah! I mean... thank you, [Ari].	Ah ! Je veux dire... merci, [Ari].	Ой! В смысле... Спасибо, [Ari].	А! Искам да кажа... благодаря ти, [Ari].
Conversations/Bank/Celine/Gift Lines/gift_lines/rose_2/init	What a beautiful =Rose=! The stem is healthy, the petals are lush and perfect for pressing in a book-	Quelle =rose= splendide ! Sa tige est saine, ses pétales épanouis sont parfaits pour mettre à sécher dans un livre...	Какая прекрасная =роза=! Стебель здоровый, лепестки пышные, подходят для гербария...	Каква красива =Роза=! Стъблото е здраво, листенцата са пищни и е идеална за пресоване в книга-
Conversations/Bank/Celine/Gift Lines/gift_lines/rose_tea/1	I just love a cup of fragrant =Rose Tea=.	J'adore boire une tasse de =thé à la rose= parfumé.	Никогда не откажусь от чашечки ароматного =розового чая=.	Просто обожавам чаша ароматен =Чай с роза=.
Conversations/Bank/Celine/Gift Lines/gift_lines/rose_tea/init	Oh, thank you, [Ari]!	Oh, merci, [Ari] !	Ой, спасибо, [Ari]!	О, благодаря ти, [Ari]!
Conversations/Bank/Celine/Gift Lines/gift_lines/snapdragon/1	Thank you, [Ari]!	Merci, [Ari] !	Спасибо, [Ari]!	Благодаря ти, [Ari]!
Conversations/Bank/Celine/Gift Lines/gift_lines/snapdragon/init	Oh, you don't see =Snapdragon= flowers around often, do you?	Oh, on ne trouve pas de =gueules-de-loup= très souvent, je me trompe ?	Ого, =львиный зев= здесь нечасто встретишь.	О, не виждаш често цветя =Кученце= наоколо, нали?
Conversations/Bank/Celine/Gift Lines/gift_lines/snowdrop_anemone/1	And they're so cute, aren't they?	Et puis elles sont tellement jolies, tu ne trouves pas ?	Такие симпатичные цветы, правда?	И са толкова сладки, нали?
Conversations/Bank/Celine/Gift Lines/gift_lines/snowdrop_anemone/init	Oh thank you, I love =Snowdrop Anemones=! They always remind me of springtime.	Oh, merci, j'adore les =perce-neige= ! Ces fleurs me font toujours penser au printemps.	Ой, спасибо! Я обожаю =лесные анемоны=! Они напоминают мне весну.	О, благодаря, обожавам =Кокичевите анемони=! Винаги ми напомнят за пролетта.
Conversations/Bank/Celine/Gift Lines/gift_lines/spring_galette/1	Thank you!	Merci !	Спасибо!	Благодаря ти!
Conversations/Bank/Celine/Gift Lines/gift_lines/spring_galette/init	For me? I love a =Spring Galette=! They're so delicious.	C'est pour moi ? J'adore les =tourtes printanières=, c'est un vrai régal.	Это мне? Я обожаю =овощные галеты=! Они такие вкусные.	За мен ли е? Обожавам =Пролетна галета=! Толкова е вкусна.
Conversations/Bank/Celine/Gift Lines/gift_lines/spring_salad/1	Thank you!	Merci !	Спасибо!	Благодаря ти!
Conversations/Bank/Celine/Gift Lines/gift_lines/spring_salad/init	A =Spring Salad=! I see fennel, fiddlehead and nettle... this looks really tasty.	Une =salade printanière= ! Je vois du fenouil, de la fougère tête-de-violon et de l'ortie... tout ça est très appétissant.	=Весенний салат=! Так, вижу фенхель, папоротник, крапиву... Выглядит очень аппетитно.	=Пролетна салата=! Виждам резене, папратови охлювчета и коприва... изглежда много вкусно.
Conversations/Bank/Celine/Gift Lines/gift_lines/sunflower/1	Thank you, [Ari].	Merci, [Ari].	Спасибо, [Ari].	Благодаря ти, [Ari].
Conversations/Bank/Celine/Gift Lines/gift_lines/sunflower/init	What a beautiful =Sunflower=!	Quel splendide =tournesol= !	Какой прекрасный =подсолнух=!	Какъв красив =Слънчоглед=!
Conversations/Bank/Celine/Gift Lines/gift_lines/temple_flower_0/1	A =Temple Flower=? It looks familiar, but I'm not sure where I've seen it before.	Une fleur de =plumeria= ? Elle me dit quelque chose, mais je ne me rappelle plus où je l'ai déjà vue.	=Храмовый цветок=? Выглядит знакомо, но я не уверена, где я могла его раньше видеть.	=Плумерия=? Изглежда ми позната, но не съм сигурна къде съм я виждала.
Conversations/Bank/Celine/Gift Lines/gift_lines/temple_flower_0/2	It's so beautiful. Thank you, [Ari]!	Elle est vraiment très belle. Merci, [Ari] !	Он такой красивый. Спасибо, [Ari]!	Толкова е красиво. Благодаря ти, [Ari]!
Conversations/Bank/Celine/Gift Lines/gift_lines/temple_flower_0/init	Oh, wow! What is this?	Oh, waouh ! Qu'est-ce que c'est ?	Ого, вау! Что это?	О, еха! Какво е това?
Conversations/Bank/Celine/Gift Lines/gift_lines/temple_flower_1/1	I love it, [Ari]. Thank you!	Je l'adore, [Ari]. Merci !	Он прекрасен, [Ari]. Спасибо большое!	Обожавам го, [Ari]. Благодаря ти!
Conversations/Bank/Celine/Gift Lines/gift_lines/temple_flower_1/init	Is this =Temple Flower= for me?	Cette fleur de =plumeria= est pour moi ?	Это =храмовый цветок=? Мне?	Тази =Плумерия= за мен ли е?
Conversations/Bank/Celine/Gift Lines/gift_lines/tulip/1	Thank you!	Merci !	Спасибо!	Благодаря ти!
Conversations/Bank/Celine/Gift Lines/gift_lines/tulip/init	What a pretty =Tulip=! I love this shade of pink.	Quelle jolie =tulipe= ! J'adore cette teinte de rose.	Какой миленький =тюльпан=! Мне так нравится этот оттенок розового.	Какво красиво =Лале=! Обожавам този нюанс на розовото.
Conversations/Bank/Celine/Gift Lines/gift_lines/viola/1	Thank you, [Ari].	Merci, [Ari].	Спасибо, [Ari].	Благодаря ти, [Ari].
Conversations/Bank/Celine/Gift Lines/gift_lines/viola/init	This =Viola= is such a pretty purple!	Cette =violette= est d'un mauve ravissant !	У этой =фиалки= такой красивый фиолетовый цвет!	Тази =Трицветна теменужка= е толкова красиво лилава!
Conversations/Bank/Celine/Market Lines/market_darcy_1/market_darcy_1/init	Darcy's one of my biggest customers... she buys up a lot of my herbs and flowers for her teas.	Darcy est l'une de mes principales clientes... Elle m'achète beaucoup de plantes et de fleurs pour ses thés.	Дарси — одна из моих самых частых покупателей... Она берёт разные цветы и травы для своих чаёв.	Дарси е една от най-големите ми клиентки... купува много от билките и цветята ми за чайовете си.
Conversations/Bank/Celine/Market Lines/market_darcy_2/market_darcy_2/init	I once tried to make a tea like Darcy's at home, but it just wasn't the same. What's her secret...?	J'ai essayé de faire chez moi un thé comme ceux de Darcy, mais il n'avait pas le même goût. Quel est son secret...?	Я как-то пыталась сделать чай, как у Дарси, дома, но чего-то не хватало. В чём же её секрет?..	Веднъж опитах да си направя у дома чай като този на Дарси, но просто не беше същият. Каква ли е тайната ѝ...?
Conversations/Bank/Celine/Market Lines/market_darcy_3/market_darcy_3/init	I like tea... =Rose Tea= in particular. It has such a delicate flavor!	J'aime beaucoup le thé... Le =thé à la rose= en particulier. Il a un goût si délicat !	Я люблю чай... Особенно =Розовый чай=. У него такой мягкий вкус!	Харесвам чай... особено =Чай с роза=. Има толкова нежен вкус!
Conversations/Bank/Celine/Market Lines/market_darcy_4/market_darcy_4/init	Darcy has my tea order memorized at this point... she never forgets the honey!	Darcy se souvient de ce que je commande comme thé... Elle n'oublie jamais le miel !	Дарси уже помнит, какой чай я беру... и мёд она тоже никогда не забывает!	Дарси вече знае наизуст какъв чай поръчвам... никога не забравя меда!
Conversations/Bank/Celine/Market Lines/market_louis_1/market_louis_1/init	It took Louis a little while to understand that I like my clothes simple, but now he's got my tastes down pat.	Il a fallu un peu de temps à Louis pour comprendre que j'aime les vêtements simples, mais il a maintenant cerné mes goûts à la perfection.	Луи не сразу понял, что я люблю простую одежду. Но теперь он очень хорошо понимает мои вкусы.	Отне известно време на Луис да разбере, че харесвам семпли дрехи, но вече познава вкуса ми идеално.
Conversations/Bank/Celine/Market Lines/market_louis_2/market_louis_2/init	Last time Louis was at the Market, I saw a light, summery skirt on his rack... I hope it's still here.	La dernière fois que Louis est venu sur le marché, j'ai repéré sur son étal une jupe d'été légère... J'espère qu'il l'a toujours.	В прошлый раз, когда Луи приезжал на базар, я видела у него на прилавке лёгкую летнюю юбку... Надеюсь, она ещё там.	Последния път, когато Луис беше на пазара, видях на щанда му лека лятна пола... Дано още е тук.
Conversations/Bank/Celine/Market Lines/market_louis_3/market_louis_3/init	I've always liked a nice belt, but Louis taught me it's the buckle that's really important.	J'aime beaucoup les jolies ceintures, mais Louis m'a appris que le plus important, c'est la boucle.	Я всегда любила хорошие ремешки, но Луи говорит, что важнее всего в них — пряжка.	Винаги съм харесвала хубав колан, но Луис ме научи, че най-важна всъщност е катарамата.
Conversations/Bank/Celine/Market Lines/market_louis_4/market_louis_4/init	Louis makes clothes that last... I've had my winter coat for years now, and it still looks like new!	Louis fabrique des tenues qui durent... J'ai mon manteau d'hiver depuis des années, et il est toujours comme neuf !	Луи делает очень долговечную одежду... Моему зимнему плащу уже много лет, а он до сих пор выглядит как новый!	Луис прави дрехи, които издържат... Имам зимното си палто от години, а още изглежда като ново!
Conversations/Bank/Celine/Market Lines/market_merri_1/market_merri_1/init	Merri had the cutest set of planters for sale... I wonder if they're still around...	Merri a un ensemble de ravissants bacs à fleurs à vendre... Je me demande s'ils sont toujours là...	Видела у Мэрри на прилавке очень миленький набор горшков... Интересно, он ещё не продан?..	Мери продаваше най-сладкия комплект кашпи... чудя се дали още ги има...
Conversations/Bank/Celine/Market Lines/market_merri_2/market_merri_2/init	I like my dresser, but every now and then Merri will refinish one that's so cute...	J'aime bien ma commode, mais de temps à autre, Merri en repatine une qui est tellement jolie...	Мне нравится мой столик, но иногда Мэрри выставляет другие, и они такие милые...	Харесвам скрина си, но от време на време Мери обновява някой скрин толкова красиво...
Conversations/Bank/Celine/Market Lines/market_merri_3/market_merri_3/init	I wonder if Merri would repaint my side table for me... it could have a cuter handle too...	Je me demande si Merri pourrait repeindre ma table d'appoint... Elle pourrait aussi avoir une plus jolie poignée...	Интересно, сможет ли Мэрри перекрасить мой столик... И ручка по-симпатичнее ему бы тоже не помешала...	Чудя се дали Мери би пребоядисала страничната ми масичка... може да ѝ сложи и по-сладка дръжка...
Conversations/Bank/Celine/Market Lines/market_merri_4/market_merri_4/init	Most of my parents' furniture came from Merri! She was really careful with the finish so it would all look like a matching set.	La plupart des meubles de chez mes parents viennent de chez Merri ! Elle a fait très attention aux finitions afin qu'on ait l'impression qu'ils forment un ensemble.	Большинство мебели мои родители взяли у Мэрри! Она очень постаралась с покраской, так что оно всё выглядит, как будто один набор.	Много от мебелите на родителите ми са от Мери! Тя внимателно е подбрала покритието, за да изглеждат всички като комплект.
Conversations/Bank/Celine/Market Lines/market_stillwell_1/market_stillwell_1/init	Stillwell says my money tree has yet to bloom... it sounds a little suspect, if you ask me. The Codex Mistria doesn't mention anything about a money tree..			Стилуел казва, че паричното ми дърво още не е цъфнало... малко съмнително звучи, ако питаш мен. Кодексът на Мистрия изобщо не споменава парично дърво..
Conversations/Bank/Celine/Market Lines/market_stillwell_2/market_stillwell_2/init	Stillwell predicted that my flowers would grow, but that it would bring unexpected challenges... well, one thing at a time.			Стилуел предсказа, че цветята ми ще пораснат, но че ще донесат неочаквани трудности... е, всичко с времето си.
Conversations/Bank/Celine/Market Lines/market_stillwell_3/market_stillwell_3/init	Do you think Stillwell is okay? He's always so gloomy. Maybe he needs more sun... it always makes me feel better...			Мислиш ли, че Стилуел е добре? Винаги е толкова мрачен. Може би му трябва повече слънце... на мен винаги ми действа по-добре...
Conversations/Bank/Celine/Market Lines/market_stillwell_4/market_stillwell_4/init	Have you gotten your fortune from Stillwell, [Ari]? We could get it... together...			Вече направи ли си гледане при Стилуел, [Ari]? Можем да си направим... заедно...
Conversations/Bank/Celine/Market Lines/market_taliferro/market_taliferro_1/1	I tried to make up for it with a pretty plating, though! A cute swirl of sauce has to count for something!	Mais j'ai essayé de compenser ça par une jolie présentation ! Une jolie virgule de sauce, ça compte un peu aussi !	Зато я решила скомпенсировать это красивой подачей! За узорчик из соуса можно поднять оценку!	Опитах се да компенсирам с красиво поднасяне! Сладко завъртулче от сос все пак трябва да носи точки!
Conversations/Bank/Celine/Market Lines/market_taliferro/market_taliferro_1/init	I did my best to replicate the recipe for Taliferro's $Cooking Challenge$, but I didn't have all the ingredients...	J'ai fait de mon mieux pour reproduire la recette du $défi gastronomique$ de Taliferro, mais je n'avais pas tous les ingrédients...	Я постаралась в точности соблюсти рецепт для $смотра блюд$ Талиферро, но у меня не было некоторых ингредиентов...	Направих всичко възможно да пресъздам рецептата за $Кулинарното предизвикателство$ на Талиферо, но нямах всички съставки...
Conversations/Bank/Celine/Market Lines/market_taliferro/market_taliferro_2/1	But surely, adding edible flowers to a dish isn't overstepping? It's more like a garnish!	Mais quand même, ajouter des fleurs comestibles à un plat, ce n'est pas aller trop loin ? Ça équivaut un peu à un accompagnement !	Но почему нельзя добавить к блюду съедобных цветов? Это, скорее, просто зелень!	Но нали добавянето на ядливи цветя към ястие не е прекаляване? По-скоро е украса!
Conversations/Bank/Celine/Market Lines/market_taliferro/market_taliferro_2/init	I know Taliferro says he rejects all embellishments to $Cooking Challenge$ entries...	Je sais que Taliferro affirme écarter tous les embellissements pour les participations au $défi gastronomique$...	Я знаю, Талиферро говорит, что не принимает украшений в $смотре блюд$...	Знам, че Талиферо казва, че отхвърля всякакви украси в ястията за $Кулинарното предизвикателство$...
Conversations/Bank/Celine/Market Lines/market_taliferro/market_taliferro_3/1	I know it's not what Taliferro asked for, but his reaction was so funny! It was like he'd never seen dirt in his life!	Je sais que ce n'était pas ce qu'avait demandé Taliferro, mais sa réaction était si drôle ! On aurait dit qu'il n'avait jamais vu de saleté de sa vie !	Я знаю, что Талиферро не это просил, но он такая смешно отреагировал! Как будто он в жизни не видел грязи!	Знам, че не беше това, което Талиферо поиска, но реакцията му беше толкова смешна! Сякаш никога през живота си не беше виждал пръст!
Conversations/Bank/Celine/Market Lines/market_taliferro/market_taliferro_3/init	Don't tell anyone, but I helped Dell make a mud pie for this week's $Cooking Challenge$...	Ne le répète à personne, mais j'ai aidé Dell à préparer une tarte à la boue pour le $défi gastronomique$ de cette semaine...	На этой неделе я помогала Делл сделать грязевой пирожок для $смотра блюд$. Только никому не говори...	Не казвай на никого, но помогнах на Дел да направи кална питка за тазседмичното $Кулинарно предизвикателство$...
Conversations/Bank/Celine/Market Lines/market_taliferro/market_taliferro_4/1	It's okay, I've learned my lesson. Next time I'm going to bring out my ultimate secret weapon...	Ça n'est pas grave, ça m'a servi de leçon. La prochaine fois, je dégainerai mon arme secrète ultime...	Ну ничего, я знаю, что делать. В следующий раз у меня будет туз в рукаве...	Добре, научих си урока. Следващия път ще извадя най-силното си тайно оръжие...
Conversations/Bank/Celine/Market Lines/market_taliferro/market_taliferro_4/2	I'm going to ask Reina to cook with me!	Je demanderai à Reina de cuisiner avec moi !	Я попрошу Рейну готовить со мной!	Ще помоля Рейна да готви с мен!
Conversations/Bank/Celine/Market Lines/market_taliferro/market_taliferro_4/init	I failed this week's $Cooking Challenge$...	J'ai échoué au $défi gastronomique$ de cette semaine...	В этот раз я не справилась со $смотром блюд$...	Провалих се в тазседмичното $Кулинарно предизвикателство$...
Conversations/Bank/Celine/Market Lines/market_vera_1/market_vera_1/1	Oooh, but it would take forever to grow back...	Oh, mais il faudrait un temps fou pour qu'ils repoussent...	Ооох, но отрастать обратно волосы будут очень долго...	Ооо, но после ще ѝ трябва цяла вечност да порасне...
Conversations/Bank/Celine/Market Lines/market_vera_1/market_vera_1/init	What do you think, [Ari]? Should I cut my hair short?	Qu'en dis-tu, [Ari] ? Est-ce que je devrais me couper les cheveux courts ?	Как думаешь, [Ari]? Стоит мне коротко постричься?	Как мислиш, [Ari]? Да си отрежа ли косата късо?
Conversations/Bank/Celine/Market Lines/market_vera_2/market_vera_2/init	Should I dye my hair a super bright color? Oooh, it's tempting.	Est-ce que je devrais me teindre les cheveux d'une couleur très vive ? Oh, c'est tentant.	Может, покрасить волосы в какой-нибудь яркий цвет? Ооо, какое искушение.	Да си боядисам ли косата в много ярък цвят? Ооо, изкушаващо е.
Conversations/Bank/Celine/Market Lines/market_vera_3/market_vera_3/init	Did you know you can make blue hair dye from plants? Cornflowers, dogwood bark, hyacinths... maybe I can make some at home.	Tu savais qu'on pouvait fabriquer des teintures capillaires bleues à partir de plantes ? Bleuets, écorce de cornouiller, jacinthe... Je pourrais peut-être en faire chez moi.	Ты знаешь, что из растений можно сделать синюю краску для волос? Из васильков, коры кизила, гиацинтов... Может, я такое могу сама дома сделать.	Знаеш ли, че от растения може да се направи синя боя за коса? Метличини, кора от дрян, зюмбюли... Може би ще си направя у дома.
Conversations/Bank/Celine/Market Lines/market_vera_4/market_vera_4/init	Mom really wants me to talk Dell into a haircut, but I think the bedhead look is part of her charm.	Maman veut que je persuade Dell d'aller se faire couper les cheveux, mais je trouve que sa coupe en pétard fait partie de son charme.	Мама очень хочет, чтобы я убедила Делл подстричься. Но мне кажется, утренний бардак на голове — часть её обаяния.	Мама много иска да убедя Дел да се подстриже, но мисля, че разрошената ѝ коса е част от чара ѝ.
Conversations/Bank/Celine/Market Lines/market_wheedle_1/market_wheedle_1/1	But I know $Turnip Seeds$ when I see them!	Mais je sais reconnaître des $semis de navet$ quand j'en vois !	Но мне одного взгляда хватило, чтобы понять: это $семена репы$!	Но познавам $семената от ряпа$, като ги видя!
Conversations/Bank/Celine/Market Lines/market_wheedle_1/market_wheedle_1/init	Wheedle tried to sell me a bag of rare flower seeds...	Wheedle a essayé de me vendre un sac de graines de fleur rare...	Хлюст хотел продать мне мешочек семян какого-то редкого цветка...	Уийдъл се опита да ми продаде пакетче редки цветни семена...
Conversations/Bank/Celine/Market Lines/market_wheedle_2/market_wheedle_2/1	I've spent enough time running the General Store with my parents to know there's something a little off about his booth.	J'ai tenu la caisse du magasin de mes parents assez longtemps pour me dire que son stand n'est pas très net.	Я достаточно подрабатывала у родителей в универмаге, чтобы заметить, что у него в лавке что-то нечисто.	Достатъчно време съм работила със семейството си в Смесения магазин, за да знам, че при щанда му нещо не е наред.
Conversations/Bank/Celine/Market Lines/market_wheedle_2/market_wheedle_2/2	For starters, if those are his bargain prices, then what are his regular ones?	D'abord, si les articles qu'il vend sont en promotion, quels sont les prix de départ ?	Взять хотя бы его цены. Если это всё скидки, то какие же они обычно?	Като начало, щом това са му цените с намаление, какви ли са редовните?
Conversations/Bank/Celine/Market Lines/market_wheedle_2/market_wheedle_2/init	There are some interesting things in Wheedle's shop, but I don't know [Ari].	Il y a des articles intéressants dans la boutique de Wheedle, mais comment dire, [Ari] ?	В лавке Хлюста встречаются интересные вещицы, но я даже не знаю, [Ari].	Има интересни неща при Уийдъл, но не знам, [Ari].
Conversations/Bank/Celine/Market Lines/market_wheedle_3/market_wheedle_3/1	But it's fun to window shop! He has some really unusual things.	Mais j'adore y jeter un œil ! Il a toutes sortes d'articles insolites.	Но так интересно разглядывать витрины! У него бывают такие необычные штучки.	Но е забавно просто да разглеждаш! Има наистина необичайни неща.
Conversations/Bank/Celine/Market Lines/market_wheedle_3/market_wheedle_3/init	I don't really buy anything from Wheedle...	Je n'achète pas grand-chose chez Wheedle...	Я ничего не покупаю у Хлюста...	Не купувам особено нищо от Уийдъл...
Conversations/Bank/Celine/Market Lines/market_wheedle_4/market_wheedle_4/1	It feels like Wheedle should belong to a separate category, though!	Enfin, je rangerais Wheedle dans une catégorie à part !	Хотя для Хлюста, по-моему, нужна отдельная категория!	Само че Уийдъл сякаш трябва да е в съвсем отделна категория!
Conversations/Bank/Celine/Market Lines/market_wheedle_4/market_wheedle_4/init	There are all kinds of merchants, aren't there? There's Mom, and Balor, and Wheedle...	Il existe toutes sortes de commerçants, pas vrai ? Comme maman ou Balor, et puis Wheedle...	Какие разные бывают торговцы! Есть, например, мама, есть Балор, а есть Хлюст...	Има всякакви търговци, нали? Мама, Балор и Уийдъл...
Conversations/Bank/Celine/Market Lines/market_zorel_1/market_zorel_1/1	Do you think they have a similar effect on people? Maybe I should pick up a $Song Crystal$ for Dell.	Crois-tu que les $cristaux musicaux$ pourraient avoir le même effet sur les personnes ? Je devrais peut-être en prendre un pour Dell.	Как ты думаешь, вдруг она и людям помогает?  Может, мне стоит прикупить для Делл $поющий кристалл$.	Мислиш ли, че има подобен ефект и върху хората? Може би трябва да взема $музикален кристал$ за Дел.
Conversations/Bank/Celine/Market Lines/market_zorel_1/market_zorel_1/init	Zorel and I have been talking about how music helps flowers grow!	Avec Zorel, on a parlé du fait que la musique aide les fleurs à pousser !	Мы с Зорель обсуждали, что музыка помогает цветам расти.	Зорел и аз си говорихме как музиката помага на цветята да растат!
Conversations/Bank/Celine/Museum Lines/ash_mushroom/ash_mushroom/1	That's the spore cloud, you see.	Il s'agit en réalité d'un nuage de spores.	Дело в том, что так он распространяет споры.	Това е облачето от спори, виждаш ли.
Conversations/Bank/Celine/Museum Lines/ash_mushroom/ash_mushroom/init	The cutest thing about the $Ash Mushroom$ at the Museum is those little puffs it releases whenever it gets jostled.	Ce qu'il y a de plus mignon, avec le $crache-cendres$ du musée, ce sont ces petits nuages qu'il libère dès qu'on le secoue un peu.	У $пепельного гриба$ в музее есть очень милая особенность: он испускает облачко, если его коснуться.	Най-сладкото в $Пепелната гъба$ в Музея са малките облачета, които изпуска, щом я разклатиш.
Conversations/Bank/Celine/Museum Lines/ethereal_grass/ethereal_grass/1	Is it that color because it grew down in the Mines? I wonder...	Je me demande si elle a cette couleur parce qu'elle pousse dans les mines...	У неё такой цвет, потому что она росла в шахтах? Интересно...	Дали е с такъв цвят, защото е расла долу в Мините? Чудя се...
Conversations/Bank/Celine/Museum Lines/ethereal_grass/ethereal_grass/init	The little bundle of $Ethereal Grass$ in the Museum's collection... It's so pretty!	Le petit bouquet d'$herbe éthérée$ exposé au musée est tellement joli.	Пучок $призрачной травы$ в музее... такой симпатичный!	Малкото снопче $неземна трева$ в колекцията на Музея... Толкова е красиво!
Conversations/Bank/Celine/Museum Lines/metal_leaf/metal_leaf/1	The veins are so fine, and the serrated edges of the leaf look so natural.	Ses nervures sont si fines et les bords dentelés de la feuille paraissent si naturels !	Жилки такие тонкие, а зубчатые края листа выглядят так естественно.	Жилките са толкова фини, а назъбените краища изглеждат съвсем естествени.
Conversations/Bank/Celine/Museum Lines/metal_leaf/metal_leaf/2	It couldn't have come from an actual tree, right?	Elle ne viendrait pas d'un vrai arbre, quand même ?	Он же не может быть с настоящего дерева, правда?	Не може да е паднало от истинско дърво, нали?
Conversations/Bank/Celine/Museum Lines/metal_leaf/metal_leaf/init	That $Metal Leaf$ you found at the Museum is marvelous, [Ari].	Cette feuille de métal que tu as trouvée au musée est splendide, [Ari].	Этот $металлический листик$ в музее, который ты <p>нашли</p><f>нашла</f><m>нашёл</m><n>нашло</n> — просто чудо, [Ari].	Това $Метално листо$, което намери в Музея, е чудесно, [Ari].
Conversations/Bank/Celine/Museum Lines/orchid_mantis/orchid_mantis/1	Luc says they're mimics... they look like flowers to hunt their prey, and also to hide from predators.	Luc dit que ce sont des imitatrices... Elles ont l'apparence de fleurs pour chasser leurs proies et se cacher de leurs prédateurs.	Люк говорит, что это мимики... они выглядят, как цветы, чтобы охотиться и прятаться от хищников.	Лук казва, че са мимици... приличат на цветя, за да ловуват плячката си и да се крият от хищници.
Conversations/Bank/Celine/Museum Lines/orchid_mantis/orchid_mantis/2	Even the Codex Mistria has an entry about them!	Il existe même une entrée sur elles dans le Codex Mistria !	Даже в «Кодексе Мистрии» про них написано!	Дори Кодексът на Мистрия има статия за тях!
Conversations/Bank/Celine/Museum Lines/orchid_mantis/orchid_mantis/init	The $Orchid Mantis$ at the Museum is so pretty, [Ari]... I'm so glad I got to see it.	La $mante orchidée$ du musée est tellement jolie, [Ari]... Je suis si contente d'avoir pu la voir.	Тот $орхидейный богомол$ в музее — такой красавец, [Ari]... как же я рада, что увидела его.	$Орхидеената богомолка$ в Музея е толкова красива, [Ari]... Радвам се, че я видях.
Conversations/Bank/Celine/Museum Lines/rainbow_seaweed/rainbow_seaweed/1	I've never seen $Rainbow Seaweed$ before! It was practically iridescent. How do you suppose it gets like that?	Je n'avais encore jamais vu d'$algue arc-en-ciel$ ! Elle était presque iridescente. Qu'est-ce qui la rend comme ça, d'après toi ?	Я раньше никогда не видела $радужные водоросли$! Они такие переливчатые. Как ты думаешь, почему?	Никога не съм виждала $Дъгова морска трева$! Почти преливаше в цветовете на дъгата. Как ли става такава?
Conversations/Bank/Celine/Museum Lines/rainbow_seaweed/rainbow_seaweed/init	Dell's on a pirates and treasure kick, so I took her to the Museum. We were in the Sunken Antiquities area for a good long while.	Dell est à fond sur les pirates et les trésors en ce moment, alors je l'ai emmenée au musée. On a passé un long moment dans la section des antiquités englouties.	У Делл сейчас период пиратов и сокровищ, так что я повела её в музей. Мы долго зависали в зале Затонувших древностей.	Дел е в период на пирати и съкровища, затова я заведох в Музея. Доста дълго се задържахме при Потъналите артефакти.
Conversations/Bank/Celine/Museum Lines/really_round_rock/really_round_rock/1	I mean... isn't it really cute? So cute? Primordially cute?	Elle est... vraiment jolie, non ? Super jolie ! Plus jolie que jolie !	Ну... она ведь милая, правда? Такая милая? Первобытно милая?	Искам да кажа... не е ли страшно сладък? Толкова сладък? Праисторически сладък?
Conversations/Bank/Celine/Museum Lines/really_round_rock/really_round_rock/init	[Ari], I've been thinking a lot about the $Really Round Rock$ at the Museum.	[Ari], j'ai beaucoup pensé à la $pierre sphérique$ du musée.	[Ari], я всё думаю про эту $очень округлую окаменелость$ в музее.	[Ari], мисля много за $Наистина кръглия камък$ в Музея.
Conversations/Bank/Celine/Museum Lines/red_toadstool/red_toadstool/1	Nature sure is tricky!	La nature peut jouer de sacrés tours !	Природа такая обманчивая!	Природата наистина е коварна!
Conversations/Bank/Celine/Museum Lines/red_toadstool/red_toadstool/init	According to the Codex Mistria, the $Red Toadstool$ at the Museum is very poisonous. Sometimes red means poison, and sometimes red means delicious...	D'après le Codex Mistria, l'$amanite tue-mouches$ du musée est très toxique. Parfois, le rouge signifie vénéneux, parfois il signifie délicieux...	Согласно «Кодексу Мистрии», $красный мухомор$ из музея очень ядовит. Иногда красный значит яд, а иногда — вкусноту...	Според Кодекса на Мистрия $Червената мухоморка$ в Музея е много отровна. Понякога червеното означава отрова, а понякога нещо вкусно...
Conversations/Bank/Celine/Museum Lines/saint_mantis/saint_mantis/init	The $Saint Mantis$ at the Museum is so delicate and pretty. And it has this gentle aura... I feel relaxed just looking at it!	La $mante sacrée$, dans le musée, est si jolie et si délicate. Elle dégage une telle douceur... Sa simple contemplation me détend !	$Праведный богомол$ в музее такой изящный и нежный. Он будто излучает доброту... Я успокаиваюсь, когда смотрю на него!	$Святата богомолка$ в Музея е толкова нежна и красива. А и има такава спокойна аура... Отпускам се, само като я гледам!
Conversations/Bank/Celine/Museum Lines/shadow_flower/shadow_flower/1	There's something eerie about a flower that only grows in darkness.	Il y a quelque chose d'étrange dans une fleur qui ne pousse que dans l'obscurité.	В этом что-то жуткое: цветок, растущий только во тьме.	Има нещо зловещо в цвете, което расте само в тъмнината.
Conversations/Bank/Celine/Museum Lines/shadow_flower/shadow_flower/init	[Ari], did you donate the $Shadow Flower$ to the Museum? I'd only read about it!	[Ari], c'est toi qui as fait don de la $pénombranthe$ au musée ? Je venais juste de lire un article à son sujet !	[Ari], это ты <p>пожертвовали</p><f>пожертвовала</f><m>пожертвовал</m><n>пожертвовало</n> $теневой цветок$ музею? Я о нём только читала!	[Ari], ти ли дари $Сенчестото цвете$ на Музея? Бях само чела за него!
Conversations/Bank/Celine/Museum Lines/sod/sod/init	If you end up with any $Sod$, [Ari], it's worth keeping for crafting!	Si jamais tu te retrouves en possession de $gazon$, [Ari], cela vaut la peine de le garder pour l'artisanat !	Если у тебя будет $дёрн$, [Ari], оставь его: он полезен для ремесла!	Ако ти попадне $чим$, [Ari], запази го за изработка!
Conversations/Bank/Celine/Museum Lines/stone_loach/stone_loach/1	Now she's camouflaging herself all over the house. Yesterday she hid in the couch. She gave my parents such a fright!	Maintenant, Dell se dissimule partout dans la maison. Hier, elle s'est cachée dans le canapé. Elle a donné une frousse terrible à nos parents !	Теперь она маскируется по всему дому. Вчера спряталась в диване. Родителей до полусмерти напугала!	Сега се маскира из цялата къща. Вчера се скри в дивана. Доста стресна родителите ми!
Conversations/Bank/Celine/Museum Lines/stone_loach/stone_loach/init	Dell was really studying that $Stone Loach$ at the Museum. She said it's a master of camouflage!	Dell a été très intéressée par la $loche rocheuse$, au musée. Elle dit que ce poisson est un maître du camouflage !	Делл долго изучала $каменистую щиповку$ в музее. Сказала, что это мастер маскировки!	Дел разглеждаше много внимателно $Каменния щипок$ в Музея. Каза, че бил майстор на маскировката!
Conversations/Bank/Celine/Museum Lines/temple_flower/temple_flower/1	Perhaps because I'd only ever seen it illustrated in the codex!	Peut-être parce qu'auparavant, je ne l'avais vu que dans les illustrations du codex !	Наверное, потому что до этого встречала его только на иллюстрациях в «Кодексе»!	Може би защото досега я бях виждала само нарисувана в Кодекса!
Conversations/Bank/Celine/Museum Lines/temple_flower/temple_flower/init	I felt such a connection when I first saw the $Temple Flower$ in the Museum's collection.	J'ai ressenti une vraie connexion quand j'ai vu pour la première fois le $plumeria$ dans les collections du musée.	Когда я впервые увидела в музейной коллекции $храмовый цветок$, я почувствовала с ним такое единение.	Когато за пръв път видях $Плумерията$ в колекцията на Музея, почувствах такава близост с нея.
Conversations/Bank/Celine/Museum Lines/tide_lettuce/tide_lettuce/1	Maybe I can dig a cave into the cliffside!	Peut-être que je pourrais creuser une grotte dans la falaise !	Может, выкопать пещеру в скале?	Може би мога да издълбая пещера в склона!
Conversations/Bank/Celine/Museum Lines/tide_lettuce/tide_lettuce/2	No, Adeline would make me fill out of a lot of paperwork for that...	Non, Adeline me demanderait de remplir un tas de paperasse, pour ça...	Нет, Аделина заставит меня заполнить кучу бумаг...	Не, Аделайн ще ме накара да попълня куп документи за това...
Conversations/Bank/Celine/Museum Lines/tide_lettuce/tide_lettuce/init	That $Tide Lettuce$ at the Museum! I wonder if I can grow some?	Cette $laitue de mer$, au musée ! Je me demande si j'arriverais à en faire pousser.	Этот $Приливный салат$ в музее! Интересно, смогу ли я вырастить его?	Онази $Приливна маруля$ в Музея! Чудя се дали мога да отгледам такава?
Conversations/Bank/Celine/Museum Lines/vintage_watering_can/vintage_watering_can/1	It's too cute!	Il est trop mignon !	Слишком милая!	Толкова е сладка!
Conversations/Bank/Celine/Museum Lines/vintage_watering_can/vintage_watering_can/init	I can't get over the $Vintage Watering Can$ at the Museum! It's like a little teapot, but for watering the garden!	Je ne me remets pas de l'$arrosoir rétro$, au musée ! On dirait une petite théière, mais pour arroser le jardin !	Я не могу забыть эту $старинная лейку$ из музея! Она, как маленький чайничек, только для сада!	Не мога да спра да мисля за $Старовременната лейка$ в Музея! Като малък чайник е, само че за поливане на градината!
Conversations/Bank/Celine/Museum Lines/void_herb/void_herb/1	I wonder what turns its leaves that color?	Je me demande ce qui donne cette couleur à ses feuilles.	Интересно, откуда его листья берут такой цвет?	Чудя се какво прави листата ѝ с такъв цвят?
Conversations/Bank/Celine/Museum Lines/void_herb/void_herb/init	The $Void Herb$ at the back of the Museum's exhibits... I've never seen a plant like that! Not even in the Codex Mistria.	L'$herbe du néant$, exposée au fond du musée... Je n'avais jamais vu de plante pareille ! Pas même dans le Codex Mistria.	Я нашла в задних рядах музейных экспонатов $пустотную траву$... Никогда не видела подобных растений! Даже в «Кодексе Мистрии».	$Билката от Бездната$ в задната част на изложбите в Музея... Никога не съм виждала такова растение! Дори в Кодекса на Мистрия.
Conversations/Bank/Celine/Museum Lines/waterfly/waterfly/1	It's so interesting that they glow blue like that!	C'est très intéressant, cette lumière bleue qu'ils émettent !	Так интересно, что они светятся синим!	Толкова е интересно, че свети в синьо!
Conversations/Bank/Celine/Museum Lines/waterfly/waterfly/init	The Museum got a $Waterfly$ into their collection! Was that you, [Ari]?	Il y a maintenant un $lampyre d'eau$ dans les collections du musée ! C'est toi qui l'as donné, [Ari] ?	В музей попал $водный светлячок$! Это <p>были ты</p><f>была ты</f><m>был ты</m><n>было ты</n>, [Ari]?	В Музея са добавили $Водна светулка$ към колекцията! Ти ли я дари, [Ari]?
Conversations/Bank/Celine/Relationship Lines/Basement/relationship_basement/celine_best_friend_basement_1/init	Morning, [Ari]! How's the farm?	Bonjour [Ari] ! Comment ça se passe à la ferme ?	Утречко, [Ari]. Как твоя ферма?	Добро утро, [Ari]! Как е фермата?
Conversations/Bank/Celine/Relationship Lines/Basement/relationship_basement/celine_best_friend_basement_2/1	Maybe we could do a little gardening together!	On pourrait faire un peu de jardinage ensemble !	Давай поработаем в саду вместе!	Може би можем да поградинарстваме заедно!
Conversations/Bank/Celine/Relationship Lines/Basement/relationship_basement/celine_best_friend_basement_2/init	[Ari], I was just thinking...	[Ari], je viens de penser à une chose...	[Ari], я тут подумала...	[Ari], тъкмо си мислех...
Conversations/Bank/Celine/Relationship Lines/Basement/relationship_basement/celine_best_friend_basement_3/1	What's your secret?	Quel est ton secret ?	В чём твой секрет?	Каква ти е тайната?
Conversations/Bank/Celine/Relationship Lines/Basement/relationship_basement/celine_best_friend_basement_3/init	Hey, [Ari]! You're looking nice today.	Hé, [Ari] ! Tu as bonne mine.	Привет, [Ari]! Хорошо выглядишь сегодня.	Хей, [Ari]! Днес изглеждаш чудесно.
Conversations/Bank/Celine/Relationship Lines/Basement/relationship_basement/celine_best_friend_basement_4/init	I'm lucky to have a best friend like you [Ari]. Thanks for always making time to chat.	Quelle chance j'ai d'avoir un<she>e</she><he></he><they>·e</they> ami<she>e</she><he></he><they>·e</they> comme toi. Merci de prendre toujours le temps de venir discuter.	Я рада, что мы с тобой лучшие друзья, [Ari]. Спасибо, что всегда находишь время поболтать.	<he>Щастлива съм, че имам най-добър приятел като теб, [Ari]. Благодаря ти, че винаги намираш време да си говорим.</he><she>Щастлива съм, че имам най-добра приятелка като теб, [Ari]. Благодаря ти, че винаги намираш време да си говорим.</she><they>Щастлива съм, че имам най-добри приятели като вас, [Ari]. Благодаря ви, че винаги намирате време да си говорим.</they>
Conversations/Bank/Celine/Relationship Lines/Basement/relationship_basement/celine_best_friend_basement_5/1	I was just thinking about you, [Ari]!	Je pensais justement à toi, [Ari] !	Я как раз о тебе думала, [Ari]!	Тъкмо си мислех за теб, [Ari]!
Conversations/Bank/Celine/Relationship Lines/Basement/relationship_basement/celine_best_friend_basement_5/init	Oh!	Oh !	О!	О!
Conversations/Bank/Celine/Relationship Lines/Basement/relationship_basement/celine_best_friend_basement_6/1	I think we'd have a lot of fun!	Je crois qu'on s'amuserait bien !	Думаю, будет весело!	Мисля, че много ще се забавляваме!
Conversations/Bank/Celine/Relationship Lines/Basement/relationship_basement/celine_best_friend_basement_6/init	We should plan a get together soon, [Ari].	On devrait s'organiser quelque chose ensemble bientôt, [Ari].	Давай запланируем совместный вечер, [Ari].	Трябва скоро да организираме нещо заедно, [Ari].
Conversations/Bank/Celine/Relationship Lines/Basement/relationship_basement/celine_best_friend_basement_7/init	[Ari]! I'm so glad I ran into you before the day was over.	[Ari] ! Je suis si contente de tomber sur toi avant la fin de ma journée.	[Ari]! Рада, что успела с тобой повидаться, пока день не закончился.	[Ari]! Толкова се радвам, че се засекохме преди края на деня.
Conversations/Bank/Celine/Relationship Lines/Basement/relationship_basement/celine_best_friend_basement_8/1	And now it's even better since I got to talk with you, [Ari]!	Mais elle est encore plus agréable si j'ai l'occasion de discuter avec toi, [Ari] !	А теперь и ещё лучше, потому что я поговорила с тобой, [Ari]!	А сега е още по-хубав, след като поговорих с теб, [Ari]!
Conversations/Bank/Celine/Relationship Lines/Basement/relationship_basement/celine_best_friend_basement_8/init	What a good day.	Je n'avais pas à m'en plaindre.	Отличный денёк!	Какъв хубав ден.
Conversations/Bank/Celine/Relationship Lines/Basement/relationship_basement/celine_best_friend_basement_9/1	I've got a great herbal tea that I think you'll love.	J'ai une infusion que tu adorerais, à mon avis.	У меня есть отличный травяной чай, тебе наверняка понравится.	Имам чудесен билков чай, който според мен ще ти хареса.
Conversations/Bank/Celine/Relationship Lines/Basement/relationship_basement/celine_best_friend_basement_9/init	Let me know if you ever have trouble sleeping, [Ari].	Si jamais tu as du mal à dormir, dis-le-moi, [Ari].	Будут проблемы со сном — сообщи мне, [Ari].	Кажи ми, ако някога имаш проблеми със съня, [Ari].
Conversations/Bank/Celine/Relationship Lines/Basement/relationship_basement/celine_romantic_basement_1/1	I'd love a tour of your fields sometime.	J'aimerais bien que tu me montres tes champs, un jour.	Проведёшь мне как-нибудь экскурсию по своим полям?	Някой път много бих искала да ми покажеш нивите си.
Conversations/Bank/Celine/Relationship Lines/Basement/relationship_basement/celine_romantic_basement_1/init	Morning, [Ari]! How's the farm?	Bonjour [Ari] ! Comment ça se passe à la ferme ?	Утречко, [Ari]! Как твоя ферма?	Добро утро, [Ari]! Как е фермата?
Conversations/Bank/Celine/Relationship Lines/Basement/relationship_basement/celine_romantic_basement_2/1	Maybe we could do a little gardening together!	On pourrait faire un peu de jardinage ensemble !	Давай поработаем в саду вместе!	Може би можем да поградинарстваме заедно!
Conversations/Bank/Celine/Relationship Lines/Basement/relationship_basement/celine_romantic_basement_2/init	[Ari], I was just thinking...	[Ari], je viens de penser à une chose...	[Ari], я тут подумала...	[Ari], тъкмо си мислех...
Conversations/Bank/Celine/Relationship Lines/Basement/relationship_basement/celine_romantic_basement_3/init	Hey, [Ari]... wanna hold hands? Just for a bit.	Hé, [Ari]... Ça te dirait qu'on se tienne la main ? Juste un moment.	Слушай, [Ari]... хочешь взяться за руки? Ненадолго.	Хей, [Ari]... искаш ли да се хванем за ръце? Само за малко.
Conversations/Bank/Celine/Relationship Lines/Basement/relationship_basement/celine_romantic_basement_4/init	I'm so lucky to be with someone like you [Ari].	J'ai vraiment de la chance d'être avec quelqu'un comme toi, [Ari].	Мне так повезло, что у меня есть ты, [Ari].	Толкова съм щастлива, че съм с човек като теб, [Ari].
Conversations/Bank/Celine/Relationship Lines/Basement/relationship_basement/celine_romantic_basement_5/1	I was just thinking about you, [Ari]!	Je pensais justement à toi, [Ari] !	Я как раз о тебе думала, [Ari]!	Тъкмо си мислех за теб, [Ari]!
Conversations/Bank/Celine/Relationship Lines/Basement/relationship_basement/celine_romantic_basement_5/init	Oh!	Oh !	О!	О!
Conversations/Bank/Celine/Relationship Lines/Basement/relationship_basement/celine_romantic_basement_6/1	I think we'd have a lot of fun!	Je crois qu'on s'amuserait bien !	Думаю, будет весело!	Мисля, че много ще се забавляваме!
Conversations/Bank/Celine/Relationship Lines/Basement/relationship_basement/celine_romantic_basement_6/init	We should plan a date soon, [Ari].	On devrait se caler un rendez-vous à deux, [Ari].	Давай запланируем свидание, [Ari].	Трябва скоро да си уговорим среща, [Ari].
Conversations/Bank/Celine/Relationship Lines/Basement/relationship_basement/celine_romantic_basement_7/init	[Ari]! I'm so glad I ran into you before the day was over.	[Ari] ! Je suis si contente de tomber sur toi avant la fin de ma journée.	[Ari]! Рада, что успела с тобой повидаться, пока день не закончился.	[Ari]! Толкова се радвам, че се засекохме преди края на деня.
Conversations/Bank/Celine/Relationship Lines/Basement/relationship_basement/celine_romantic_basement_8/1	And now it's even better since I got to talk with you, [Ari]!	Mais elle est encore plus agréable si j'ai l'occasion de discuter avec toi, [Ari] !	А теперь и ещё лучше, потому что я поговорила с тобой, [Ari]!	А сега е още по-хубав, след като поговорих с теб, [Ari]!
Conversations/Bank/Celine/Relationship Lines/Basement/relationship_basement/celine_romantic_basement_8/init	What a good day.	Je n'avais pas à m'en plaindre.	Отличный денёк!	Какъв хубав ден.
Conversations/Bank/Celine/Relationship Lines/Basement/relationship_basement/celine_romantic_basement_9/init	Good evening, [Ari]!	Bonsoir [Ari] !	Доброго вечера, [Ari]!	Добър вечер, [Ari]!
Conversations/Bank/Celine/Relationship Lines/Child/baby_daily_dialogue/ari_holding_baby_0/1	Although I guess I always do too!	Comme moi, en somme !	Если честно, я тоже!	Although I guess I always do too!
Conversations/Bank/Celine/Relationship Lines/Child/baby_daily_dialogue/ari_holding_baby_0/init	[child_0] always has the biggest smile on his face when he sees you.	Dès qu'il te voit, [child_0] a toujours un immense sourire sur le visage.	[child_0] улыбается во весь рот, когда видит тебя.	[child_0] always has the biggest smile on his face when he sees you.
Conversations/Bank/Celine/Relationship Lines/Child/baby_daily_dialogue/ari_holding_baby_1/1	I hope you two are having fun running around together.	J'espère que vous vous amusez bien, à courir partout ensemble.	Гляжу, вам вдвоём тут весело носиться!	I hope you two are having fun running around together.
Conversations/Bank/Celine/Relationship Lines/Child/baby_daily_dialogue/ari_holding_baby_1/init	There's my little family!	Voilà ma petite famille chérie !	Вот они, мои родные!	There's my little family!
Conversations/Bank/Celine/Relationship Lines/Child/baby_daily_dialogue/ari_holding_baby_2/1	I can tell he's having a ton of fun!	Il s'amuse comme un petit fou, ça se voit.	Видно, как ему нравится!	I can tell he's having a ton of fun!
Conversations/Bank/Celine/Relationship Lines/Child/baby_daily_dialogue/ari_holding_baby_2/init	Thanks for watching [child_0] today, [Ari].	Merci de garder [child_0] aujourd'hui, [Ari].	Спасибо, что [child_0] сегодня с тобой, [Ari].	Thanks for watching [child_0] today, [Ari].
Conversations/Bank/Celine/Relationship Lines/Child/baby_daily_dialogue/ari_holding_baby_3/1	It's soooo cute!	Je trouve ça tellement mignon !	Вы та-а-акие милые!	It's soooo cute!
Conversations/Bank/Celine/Relationship Lines/Child/baby_daily_dialogue/ari_holding_baby_3/init	Seeing you and [child_held_by_ari] running around...	Quand je te vois courir partout avec [child_held_by_ari]...	Любуюсь, как [child_held_by_ari] держится у тебя на спине...	Seeing you and [child_held_by_ari] running around...
Conversations/Bank/Celine/Relationship Lines/Child/baby_daily_dialogue/ari_holding_baby_4/1	I'm happy to take him!	Je serai ravie m'en occuper !	Я только рада, если [child_0] посидит со мной!	I'm happy to take him!
Conversations/Bank/Celine/Relationship Lines/Child/baby_daily_dialogue/ari_holding_baby_4/init	If you need a break, feel free to hand [child_0] off to me.	Si tu veux souffler un peu, tu peux me passer [child_0].	Если хочешь отдохнуть, можешь передать ребёнка мне.	If you need a break, feel free to hand [child_0] off to me.
Conversations/Bank/Celine/Relationship Lines/Child/baby_daily_dialogue/baby_0/1	He's been making such cute little noises!	Il n'arrête pas de gazouiller. C'est trop chou !	<p>Слышали</p><f>Слышала</f><m>Слышал</m><n>Слышало</n>? Он издаёт такие забавные звуки!	He's been making such cute little noises!
Conversations/Bank/Celine/Relationship Lines/Child/baby_daily_dialogue/baby_0/init	[child_0] is in such a good mood today.	[child_0] est de très bonne humeur aujourd'hui.	[child_0] сегодня в хорошем настроении.	[child_0] is in such a good mood today.
Conversations/Bank/Celine/Relationship Lines/Child/baby_daily_dialogue/baby_1/1	Do you think he's practicing telling jokes? I can't wait to hear them!	Tu crois qu'il s'entraîne à raconter des blagues ? J'ai hâte d'entendre ça !	Может, он тренируется рассказывать шутки? Уже хочу их услышать!	Do you think he's practicing telling jokes? I can't wait to hear them!
Conversations/Bank/Celine/Relationship Lines/Child/baby_daily_dialogue/baby_1/init	Sometimes when [child_0] is blurbling, he'll pause and then break into the biggest smile.	Quand [child_0] babille, il marque parfois une pause avant de faire un grand sourire.	Бывает, [child_0] что-то бормочет, и вдруг замолкает, и широко улыбается.	Sometimes when [child_0] is blurbling, he'll pause and then break into the biggest smile.
Conversations/Bank/Celine/Relationship Lines/Child/baby_daily_dialogue/baby_2/1	It's always so cute to see them cooing over him!	C'est trop mignon de voir à quel point ils sont gagas devant lui !	Они так очаровательно над ним воркуют!	It's always so cute to see them cooing over him!
Conversations/Bank/Celine/Relationship Lines/Child/baby_daily_dialogue/baby_2/init	Mom and Dad have been clamoring to see [child_0], so I think I'll head over to the store today.	Papa et maman insistent pour voir [child_0], alors je vais sûrement passer au magasin aujourd'hui.	Мама с папой напрашиваются повидать ребёнка. Так что я решила, пусть [child_0] сегодня пойдёт со мной в универмаг.	Mom and Dad have been clamoring to see [child_0], so I think I'll head over to the store today.
Conversations/Bank/Celine/Relationship Lines/Child/baby_daily_dialogue/baby_3/1	He's already got some of your sweet personality too!	Et de ton adorable caractère !	И твой добродушный характер тоже уже проявляется!	He's already got some of your sweet personality too!
Conversations/Bank/Celine/Relationship Lines/Child/baby_daily_dialogue/baby_3/init	[child_0] has just the same smile as you, doesn't he?	[child_0] a hérité de ton joli sourire.	У нашего сына улыбка, как у тебя, ты не находишь?	[child_0] has just the same smile as you, doesn't he?
Conversations/Bank/Celine/Relationship Lines/Child/baby_daily_dialogue/baby_4/1	Isn't that cute!	C'est trop chou !	Такой симпатяга!	Isn't that cute!
Conversations/Bank/Celine/Relationship Lines/Child/baby_daily_dialogue/baby_4/init	You know, the more I look at him, the more I think [child_0] has my ears.	Plus j'observe [infant], plus je trouve qu'il a mes oreilles.	Смотрю на нашего мальчика и думаю: уши [infant] точно взял у меня.	You know, the more I look at him, the more I think [child_0] has my ears.
Conversations/Bank/Celine/Relationship Lines/Child/baby_daily_dialogue/baby_5/1	I'm having so much fun raising him, and I'm learning so much!	Ça me plaît beaucoup de m'occuper de lui et j'apprends énormément !	Ухаживать за сыном крайне увлекательно, я узнаю так много нового!	I'm having so much fun raising him, and I'm learning so much!
Conversations/Bank/Celine/Relationship Lines/Child/baby_daily_dialogue/baby_5/init	It feels like every day that goes by, [child_0] makes me appreciate being a mom even more.	Plus [child_0] grandit, plus je m'épanouis dans le rôle de maman.	С каждым днём мне всё больше нравится быть мамой.	It feels like every day that goes by, [child_0] makes me appreciate being a mom even more.
Conversations/Bank/Celine/Relationship Lines/Child/baby_daily_dialogue/baby_6/1	It makes me really feel like we're doing pretty good as parents!	Ça me donne le sentiment qu'on se débrouille vraiment bien en tant que parents !	Я сразу чувствую, что мы с тобой неплохие родители!	It makes me really feel like we're doing pretty good as parents!
Conversations/Bank/Celine/Relationship Lines/Child/baby_daily_dialogue/baby_6/init	Isn't it wonderful the way [child_0] looks at us with such love in his eyes?	N'est-ce pas merveilleux, cette façon qu'a [child_0] de nous regarder avec des yeux remplis d'amour ?	[child_0] смотрит на нас с такой любовью — это просто нечто волшебное!	Isn't it wonderful the way [child_0] looks at us with such love in his eyes?
Conversations/Bank/Celine/Relationship Lines/Child/baby_daily_dialogue/baby_7/1	I remember Dell at that age, and she was mostly content to be off in her own little world.	Je me souviens de Dell à son âge. Elle semblait heureuse dans son petit monde.	Я помню, какая была Делл в его возрасте. Она витала где-то в своём маленьком мирке.	I remember Dell at that age, and she was mostly content to be off in her own little world.
Conversations/Bank/Celine/Relationship Lines/Child/baby_daily_dialogue/baby_7/2	I wonder if we should think about getting him some picture books already.	Je me demande si on ne devrait pas déjà lui offrir des livres d'images.	Может, нам уже стоит задуматься о покупке книжек с картинками?	I wonder if we should think about getting him some picture books already.
Conversations/Bank/Celine/Relationship Lines/Child/baby_daily_dialogue/baby_7/init	[child_0] seems so... focused, even though he's just a baby.	[child_0] est tellement... éveillé, alors que ce n'est encore qu'un bébé.	[child_0] выглядит... очень сосредоточенно для ребёнка.	[child_0] seems so... focused, even though he's just a baby.
Conversations/Bank/Celine/Relationship Lines/Child/baby_daily_dialogue/baby_8/1	Or [child_0] needs a diaper change.	Soit [infant] a besoin qu'on lui change la couche.	Либо это [infant] испачкал подгузник.	Or [child_0] needs a diaper change.
Conversations/Bank/Celine/Relationship Lines/Child/baby_daily_dialogue/baby_8/1/prompts/0	I think you're right...	Je crois que tu as raison.	Кажется, ты права...	I think you're right...
Conversations/Bank/Celine/Relationship Lines/Child/baby_daily_dialogue/baby_8/1/prompts/1	Let me handle it!	Laisse-moi m'en charger !	Я всё сделаю!	Let me handle it!
Conversations/Bank/Celine/Relationship Lines/Child/baby_daily_dialogue/baby_8/2	Don't fuss, [child_0]. I'll have you in a fresh diaper in no time.	Tout va bien, [infant]. Tu vas avoir une couche propre en deux secondes.	Ну-ну, не хныкай, [infant]. Сейчас я быстренько тебе всё поменяю.	Don't fuss, [child_0]. I'll have you in a fresh diaper in no time.
Conversations/Bank/Celine/Relationship Lines/Child/baby_daily_dialogue/baby_8/3	Thank you, [Ari].	Merci, [Ari].	Спасибо, [Ari].	Thank you, [Ari].
Conversations/Bank/Celine/Relationship Lines/Child/baby_daily_dialogue/baby_8/4	There, isn't that better, [child_0]?	Là, c'est mieux, hein, [infant] ?	Вот так-то лучше, правда, [infant]?	There, isn't that better, [child_0]?
Conversations/Bank/Celine/Relationship Lines/Child/baby_daily_dialogue/baby_8/init	Either I didn't wash up properly after fertilizing the garden...	Soit je ne me suis pas bien lavée après l'épandage d'engrais dans le jardin...	Либо я плохо помыла руки после удобрения...	Either I didn't wash up properly after fertilizing the garden...
Conversations/Bank/Celine/Relationship Lines/Child/baby_daily_dialogue/baby_9/1	Now that you mention it, I am too.	Maintenant qu'on en parle, moi aussi.	Хорошо, что ты <p>вспомнили</p><f>вспомнила</f><m>вспомнил</m><n>вспомнило</n>. Да, я тоже.	Now that you mention it, I am too.
Conversations/Bank/Celine/Relationship Lines/Child/baby_daily_dialogue/baby_9/2	Why don't we all take a break and have a bite to eat then?	Dans ce cas, si nous faisions nous aussi une petite pause pour manger un morceau ?	Давай пока отложим дела и пойдём поедим?	Why don't we all take a break and have a bite to eat then?
Conversations/Bank/Celine/Relationship Lines/Child/baby_daily_dialogue/baby_9/3	I suppose I'm a little hungry too..	Honnêtement, moi aussi j'ai un peu faim...	Честно говоря, я тоже проголодалась...	I suppose I'm a little hungry too..
Conversations/Bank/Celine/Relationship Lines/Child/baby_daily_dialogue/baby_9/4	Why don't we all take a break and have a bite to eat?	On n'a qu'à faire une petite pause pour manger un morceau ?	Что ж, давай пока отложим дела и пойдём поедим!	Why don't we all take a break and have a bite to eat?
Conversations/Bank/Celine/Relationship Lines/Child/baby_daily_dialogue/baby_9/5	Looks like [child_0] really enjoyed having a snack.	[child_0] a l'air d'avoir adoré cette petite pause casse-croûte.	Нашему сыночку перекус явно понравился!	Looks like [child_0] really enjoyed having a snack.
Conversations/Bank/Celine/Relationship Lines/Child/baby_daily_dialogue/baby_9/6	And so did I!	Et moi aussi !	И мне тоже!	And so did I!
Conversations/Bank/Celine/Relationship Lines/Child/baby_daily_dialogue/baby_9/init	[child_0] is getting a little grumbly. Do you think he's getting hungry?	[child_0] commence à être un peu grognon. Tu crois qu'il a faim ?	[child_0] стал какой-то ворчливый. Как думаешь, не пора ли ему поесть?	[child_0] is getting a little grumbly. Do you think he's getting hungry?
Conversations/Bank/Celine/Relationship Lines/Child/baby_daily_dialogue/baby_9/init/prompts/0	I'm getting a bit hungry myself.	J'ai un petit creux moi aussi.	Я уже и <p>сами голодные</p><f>сама голодная</f><m>сам голодный</m><n>само голодное</n>.	I'm getting a bit hungry myself.
Conversations/Bank/Celine/Relationship Lines/Child/baby_daily_dialogue/baby_9/init/prompts/1	It seems like it. How are you feeling?	On dirait bien. Et toi, comment te sens-tu ?	Наверное, да. А ты?	It seems like it. How are you feeling?
Conversations/Bank/Celine/Relationship Lines/Child/post_birth_lines/baby_born_celine_adeline_0/1	We're all so excited to have a new citizen join Mistria!	C'est une véritable joie d'accueillir un nouvel habitant à Mistria !	Мы рады приветствовать нового жителя Мистрии!	We're all so excited to have a new citizen join Mistria!
Conversations/Bank/Celine/Relationship Lines/Child/post_birth_lines/baby_born_celine_adeline_0/2	Don't worry, I assure you the paperwork is quite minimal.	Et ne vous en faites pas, il n'y a pas trop de papiers à remplir.	Не волнуйся: уверяю тебя, бумажной работы не очень много.	Don't worry, I assure you the paperwork is quite minimal.
Conversations/Bank/Celine/Relationship Lines/Child/post_birth_lines/baby_born_celine_adeline_0/init	Congratulations to you and Celine on sweet little [child_0]!	Félicitations à Céline et toi pour cet adorable petit [child_0] !	Поздравляю вас с Селин с рождением малыша!	Congratulations to you and Celine on sweet little [child_0]!
Conversations/Bank/Celine/Relationship Lines/Child/post_birth_lines/baby_born_celine_dell_0/1	W-What! I'm too little to be an Aunt!	Quoi ? Mais je suis trop jeune pour être tata !	Что-о-о? Мне ещё рано быть тётей!	W-What! I'm too little to be an Aunt!
Conversations/Bank/Celine/Relationship Lines/Child/post_birth_lines/baby_born_celine_dell_0/2	...	...	...	...
Conversations/Bank/Celine/Relationship Lines/Child/post_birth_lines/baby_born_celine_dell_0/3	I... I guess I gotta start behaving now, huh.	Il... va falloir que je commence à m'assagir, alors.	Хм... Значит, теперь придётся вести себя прилично.	I... I guess I gotta start behaving now, huh.
Conversations/Bank/Celine/Relationship Lines/Child/post_birth_lines/baby_born_celine_dell_0/4	[child_0] is looking up to me!	Surtout si [child_0] prend exemple sur moi !	[child_0] будет брать с меня пример!	[child_0] is looking up to me!
Conversations/Bank/Celine/Relationship Lines/Child/post_birth_lines/baby_born_celine_dell_0/5	I-it's not?	Ce n'est pas un petit frère ?	Д-да?	I-it's not?
Conversations/Bank/Celine/Relationship Lines/Child/post_birth_lines/baby_born_celine_dell_0/6	You mean I'm an AUNT?	Tu veux dire que je suis sa TATA ?	Погоди, то есть я ТЁТЯ?	You mean I'm an AUNT?
Conversations/Bank/Celine/Relationship Lines/Child/post_birth_lines/baby_born_celine_dell_0/7	...	...	...	...
Conversations/Bank/Celine/Relationship Lines/Child/post_birth_lines/baby_born_celine_dell_0/8	COOL! I'M AN AUNT!	TROP COOL ! JE SUIS TATA !	КРУТО! Я ТЕПЕРЬ ТЁТЯ!	COOL! I'M AN AUNT!
Conversations/Bank/Celine/Relationship Lines/Child/post_birth_lines/baby_born_celine_dell_0/init	I can't believe I've got a new little brother! And [child_0] is sooo cute too!	J'arrive pas à croire que j'aie un nouveau petit frère ! [child_0] est tellement mignon en plus !	Невероятно, у меня теперь младший братик! [child_0] тако-ой милашка!	I can't believe I've got a new little brother! And [child_0] is sooo cute too!
Conversations/Bank/Celine/Relationship Lines/Child/post_birth_lines/baby_born_celine_dell_0/init/prompts/0	Actually, you're [child_0]'s Aunt.	En fait, tu es tata. [child_0] est ton neveu.	Вообще-то ты приходишься ему тётей.	Actually, you're [child_0]'s Aunt.
Conversations/Bank/Celine/Relationship Lines/Child/post_birth_lines/baby_born_celine_dell_0/init/prompts/1	That's not how that works.	Ça ne marche pas comme ça.	Это работает слегка по-другому.	That's not how that works.
Conversations/Bank/Celine/Relationship Lines/Child/post_birth_lines/baby_born_celine_holt_0/1	He looks just like his Grandpa!	C'est son papy tout craché !	[child_0] весь в дедушку!	He looks just like his Grandpa!
Conversations/Bank/Celine/Relationship Lines/Child/post_birth_lines/baby_born_celine_holt_0/init	Would you look at [child_0]! That hair!	Regarde-moi [child_0] avec tous ses cheveux !	Посмотрел я на вашего сына. <p>Видали</p><f>Видала</f><m>Видал</m><n>Видало</n> эти волосы?	Would you look at [child_0]! That hair!
Conversations/Bank/Celine/Relationship Lines/Child/post_birth_lines/baby_born_celine_nora_0/1	I can't believe it... I'm a Grandmother...	Je n'arrive pas à croire que je suis grand-mère...	Даже не верится... Я теперь бабушка...	I can't believe it... I'm a Grandmother...
Conversations/Bank/Celine/Relationship Lines/Child/post_birth_lines/baby_born_celine_nora_0/2	...	...	...	...
Conversations/Bank/Celine/Relationship Lines/Child/post_birth_lines/baby_born_celine_nora_0/3	I need to prepare myself, I'm sure Holt has a bunch of new puns to inflict on me.	Il faut que je me prépare mentalement. Je suis sûre que Holt est en train de réfléchir aux nouvelles blagues qu'il me sortira.	Надо морально подготовиться. Хольт наверняка измучает меня новыми каламбурами.	I need to prepare myself, I'm sure Holt has a bunch of new puns to inflict on me.
Conversations/Bank/Celine/Relationship Lines/Child/post_birth_lines/baby_born_celine_nora_0/init	Congratulations to you and Celine, [Ari]!	Félicitations à Céline et toi, [Ari] !	Мои поздравления вам с Селин, [Ari]!	Congratulations to you and Celine, [Ari]!
Conversations/Bank/Celine/Relationship Lines/Child/post_birth_lines/baby_born_celine_reina_0/1	You and Celine need to bring him to the Inn sometime soon, I've got a new baby food recipe that I'm sure he'll love!	Venez à l'auberge avec lui, Céline et toi. J'ai des recettes de plats pour bébé qu'il va adorer, j'en suis sûre !	Обязательно приведите его в трактир. Я придумала новый рецепт детского питания, ему точно понравится!	You and Celine need to bring him to the Inn sometime soon, I've got a new baby food recipe that I'm sure he'll love!
Conversations/Bank/Celine/Relationship Lines/Child/post_birth_lines/baby_born_celine_reina_0/init	I can't believe little [child_0] is finally here! He's the talk of the town!	Je n'arrive pas à croire que le petit [child_0] soit enfin parmi nous ! Toute la ville ne parle que de lui !	Наконец-то малыш [child_0] появился на свет! Весь город только о нём и говорит!	I can't believe little [child_0] is finally here! He's the talk of the town!
Conversations/Bank/Celine/Relationship Lines/Child/post_birth_lines/post_birth_0/1	Oh [Ari], I'm so happy.	Oh, [Ari], je suis tellement heureuse.	Ах, [Ari], как я счастлива.	Oh [Ari], I'm so happy.
Conversations/Bank/Celine/Relationship Lines/Child/post_birth_lines/post_birth_0/init	I can't believe how perfect little [child_0] is.	Je n'arrive toujours pas à le croire. [child_0] est tellement parfait.	До чего же малыш [child_0] прекрасный!	I can't believe how perfect little [child_0] is.
Conversations/Bank/Celine/Relationship Lines/Child/post_birth_lines/post_birth_1/1	He's always trying to grab the plants when I'm in the garden, he seems really interested in everything.	Il essaie d'attraper les plantes quand on va dans le jardin, et il semble s'intéresser à tout.	Всё время хочет ухватить растения, когда я работаю в саду. Ему всё это так интересно.	He's always trying to grab the plants when I'm in the garden, he seems really interested in everything.
Conversations/Bank/Celine/Relationship Lines/Child/post_birth_lines/post_birth_1/2	Maybe we've got another farmer in the family!	On aura peut-être un autre fermier dans la famille !	Может, у нас растёт ещё один фермер!	Maybe we've got another farmer in the family!
Conversations/Bank/Celine/Relationship Lines/Child/post_birth_lines/post_birth_1/init	[child_0] already has such a personality on him...	[child_0] a déjà son caractère...	[child_0] так рано начал проявлять характер...	[child_0] already has such a personality on him...
Conversations/Bank/Celine/Relationship Lines/Child/post_birth_lines/post_birth_2/1	I don't remember being quite so... wiggly.	Je ne me souviens pas que j'avais autant la bougeotte.	Не помню, чтобы я так... беспокойно вертелась.	I don't remember being quite so... wiggly.
Conversations/Bank/Celine/Relationship Lines/Child/post_birth_lines/post_birth_2/2	But if my parents could handle it, so can I!	Mais si mes parents ont réussi à gérer, j'y arriverai aussi !	Хотя, раз мои родители справились, значит, и я смогу!	But if my parents could handle it, so can I!
Conversations/Bank/Celine/Relationship Lines/Child/post_birth_lines/post_birth_2/init	My parents keep saying how [child_0] is JUST like me at this age.	Mes parents n'arrêtent pas de dire que j'étais comme [child_0] à son âge.	Мои родители говорят, что [child_0] точь-в-точь я в его возрасте.	My parents keep saying how [child_0] is JUST like me at this age.
Conversations/Bank/Celine/Relationship Lines/Child/post_birth_lines/post_birth_3/1	It just makes me so happy. I love our little family.	Ça me rend tellement heureuse. J'aime notre petite famille.	У нас замечательная семейка.	It just makes me so happy. I love our little family.
Conversations/Bank/Celine/Relationship Lines/Child/post_birth_lines/post_birth_3/init	Spending time with you and [child_0]...	Ces moments passés avec [child_0] et toi...	Я чувствую себя такой счастливой, когда [child_0], и ты, и я — все вместе...	Spending time with you and [child_0]...
Conversations/Bank/Celine/Relationship Lines/Child/post_birth_lines/post_birth_4/1	Do you suppose that means he likes them, or he doesn't?	Tu crois que ça veut dire que ça lui plaît ou pas du tout ?	Как думаешь, это значит, что ему нравится, или наоборот?	Do you suppose that means he likes them, or he doesn't?
Conversations/Bank/Celine/Relationship Lines/Child/post_birth_lines/post_birth_4/2	I guess we'll find out eventually!	On le saura bien assez tôt !	Рано или поздно узнаем!	I guess we'll find out eventually!
Conversations/Bank/Celine/Relationship Lines/Child/post_birth_lines/post_birth_4/init	Every time my Dad tells a pun to [child_0] he makes SUCH a face!	Chaque fois que mon père raconte une blague à [child_0], tu verrais sa tête !	Каждый раз, когда [child_0] слышит папины каламбуры, он делает ТАКУЮ рожицу!	Every time my Dad tells a pun to [child_0] he makes SUCH a face!
Conversations/Bank/Celine/Relationship Lines/Child/post_birth_lines/post_birth_5/1	Won't that be nice when he's a little older?	Qui sait, peut-être quand il sera plus grand ?	Будет здорово, когда [child_0] подрастёт!	Won't that be nice when he's a little older?
Conversations/Bank/Celine/Relationship Lines/Child/post_birth_lines/post_birth_5/init	"Dell keeps offering to ""babysit"", but I'm sure she's actually trying to recruit [child_0] into the Dragonguard."	Dell me propose sans arrêt de garder [child_0]. Je suis sûre qu'elle veut le recruter au sein de la Garde des dragons.	Делл всё время напрашивается в няньки, но я точно знаю: она хочет завербовать нашего сына в Драконью стражу.	"Dell keeps offering to ""babysit"", but I'm sure she's actually trying to recruit [child_0] into the Dragonguard."
Conversations/Bank/Celine/Relationship Lines/Child/pregnancy/ari_pregnant_0/1	Our very own little family...	Notre petite famille à nous...	Своя маленькая семейка...	Our very own little family...
Conversations/Bank/Celine/Relationship Lines/Child/pregnancy/ari_pregnant_0/2	I can hardly wait!	J'ai tellement hâte d'y être !	Жду не дождусь!	I can hardly wait!
Conversations/Bank/Celine/Relationship Lines/Child/pregnancy/ari_pregnant_0/init	Can you believe it? We're going to have a baby! I'm so excited!	C'est incroyable ! On va avoir un bébé ! Je suis tellement contente !	Ты представляешь? У нас будет ребёнок! Я так рада!	Can you believe it? We're going to have a baby! I'm so excited!
Conversations/Bank/Celine/Relationship Lines/Child/pregnancy/ari_pregnant_1/1	Is there any food you're craving in particular, [Ari]?	As-tu envie de manger quelque chose en particulier, [Ari] ?	Может, тебя тянет на какую-нибудь конкретную еду?	Is there any food you're craving in particular, [Ari]?
Conversations/Bank/Celine/Relationship Lines/Child/pregnancy/ari_pregnant_1/1/prompts/0	I really want... Chocolate!	J'ai vraiment envie de... chocolat !	Я хочу... шоколада!	I really want... Chocolate!
Conversations/Bank/Celine/Relationship Lines/Child/pregnancy/ari_pregnant_1/1/prompts/1	I'm craving Spring Galette!	Je rêve d'une tourte printanière !	На овощную галету!	I'm craving Spring Galette!
Conversations/Bank/Celine/Relationship Lines/Child/pregnancy/ari_pregnant_1/1/prompts/2	A glass of Grape Juice would be wonderful.	Un verre de jus de raisin, ce serait fantastique.	Стакан виноградного сока будет очень кстати.	A glass of Grape Juice would be wonderful.
Conversations/Bank/Celine/Relationship Lines/Child/pregnancy/ari_pregnant_1/2	That does sound yummy!	Ça fait envie, oui !	Хорошее лакомство!	That does sound yummy!
Conversations/Bank/Celine/Relationship Lines/Child/pregnancy/ari_pregnant_1/3	Here you go. I'll pick up a few more bars the next time I'm at the General Store, just for you.	Tiens. J'en prendrai quelques tablettes à mon prochain passage au magasin général, rien que pour toi.	Держи. В следующий раз, когда буду в универмаге, возьму для тебя побольше плиток.	Here you go. I'll pick up a few more bars the next time I'm at the General Store, just for you.
Conversations/Bank/Celine/Relationship Lines/Child/pregnancy/ari_pregnant_1/4	What a coincidence!	Quelle coïncidence !	Какое совпадение!	What a coincidence!
Conversations/Bank/Celine/Relationship Lines/Child/pregnancy/ari_pregnant_1/5	I thought that might be the case, so I had the Inn make one specially.	Je me doutais que de ta réponse, alors j'ai demandé à l'auberge de t'en préparer une.	Я именно об этом подумала и заказала в трактире галету.	I thought that might be the case, so I had the Inn make one specially.
Conversations/Bank/Celine/Relationship Lines/Child/pregnancy/ari_pregnant_1/6	Here you are, [Ari].	C'est pour toi, [Ari].	Вот, держи, [Ari].	Here you are, [Ari].
Conversations/Bank/Celine/Relationship Lines/Child/pregnancy/ari_pregnant_1/7	I'll pick up some more from Darcy. It's important that you stay hydrated!	Je vais en chercher chez Darcy. C'est important de bien s'hydrater !	Я возьму ещё у Дарси. Тебе надо побольше пить!	I'll pick up some more from Darcy. It's important that you stay hydrated!
Conversations/Bank/Celine/Relationship Lines/Child/pregnancy/ari_pregnant_1/init	Now that you're expecting, I want to make sure I'm taking proper care of you.	Maintenant que tu attends un bébé, je vais bien m'occuper de toi.	Мне сейчас особенно важно о тебе позаботиться, ведь ты ждёшь ребёнка.	Now that you're expecting, I want to make sure I'm taking proper care of you.
Conversations/Bank/Celine/Relationship Lines/Child/pregnancy/ari_pregnant_2/1	It's important for you to eat, especially for the baby's sake.	C'est important que tu manges, pour ta santé et celle du bébé.	Тебе нужно не забывать про питание, для ребёнка это особенно важно.	It's important for you to eat, especially for the baby's sake.
Conversations/Bank/Celine/Relationship Lines/Child/pregnancy/ari_pregnant_2/2	So I popped over to Valen's, and she gave me this $Restorative Tonic$ that should help.	Je suis passée au cabinet de Valen, et elle m'a conseillé ce $tonique stimulant$ pour te donner de l'énergie.	Так что я зашла к Вален, и она дала мне этот $сироп восстановления$. Должен помочь.	So I popped over to Valen's, and she gave me this $Restorative Tonic$ that should help.
Conversations/Bank/Celine/Relationship Lines/Child/pregnancy/ari_pregnant_2/init	I noticed that the mornings have been getting rough for you...	J'ai remarqué que les matins étaient difficiles...	Я заметила, что по утрам ты себя плохо чувствуешь...	I noticed that the mornings have been getting rough for you...
Conversations/Bank/Celine/Relationship Lines/Child/pregnancy/ari_pregnant_3/1	How exciting!	Oh, c'est super !	Как замечательно!	How exciting!
Conversations/Bank/Celine/Relationship Lines/Child/pregnancy/ari_pregnant_3/2	They'll be here before we know it!	Le bébé sera là très bientôt !	Скоро появится — моргнуть не успеешь!	They'll be here before we know it!
Conversations/Bank/Celine/Relationship Lines/Child/pregnancy/ari_pregnant_3/3	You're not uncomfortable, are you?	Tu es à l'aise, tout va bien ?	Тебе неудобно, да?	You're not uncomfortable, are you?
Conversations/Bank/Celine/Relationship Lines/Child/pregnancy/ari_pregnant_3/4	I'll get Louis to let out a few of your things the next time I see him.	Je demanderai à Louis d'agrandir certains de tes vêtements la prochaine fois que je le croiserai.	В следующий раз, когда увижу Луи, попрошу его слегка припустить твои вещи.	I'll get Louis to let out a few of your things the next time I see him.
Conversations/Bank/Celine/Relationship Lines/Child/pregnancy/ari_pregnant_3/5	I'm so glad!	Tant mieux !	Как я рада!	I'm so glad!
Conversations/Bank/Celine/Relationship Lines/Child/pregnancy/ari_pregnant_3/6	Just let me know if you need anything, okay?	Surtout, n'hésite pas à me dire si tu as besoin de quoi que ce soit, d'accord ?	Скажи, если что-нибудь понадобится, хорошо?	Just let me know if you need anything, okay?
Conversations/Bank/Celine/Relationship Lines/Child/pregnancy/ari_pregnant_3/init	How are you feeling today, [Ari]?	Comment te sens-tu, aujourd'hui, [Ari] ?	Как ты себя чувствуешь, [Ari]?	How are you feeling today, [Ari]?
Conversations/Bank/Celine/Relationship Lines/Child/pregnancy/ari_pregnant_3/init/prompts/0	It feels like the baby is getting bigger!	J'ai l'impression que le bébé grossit.	Кажется, малыш растёт!	It feels like the baby is getting bigger!
Conversations/Bank/Celine/Relationship Lines/Child/pregnancy/ari_pregnant_3/init/prompts/1	It feels like my clothes are getting tighter...	J'ai l'impression que mes vêtements rétrécissent...	Одежда как будто стала теснее...	It feels like my clothes are getting tighter...
Conversations/Bank/Celine/Relationship Lines/Child/pregnancy/ari_pregnant_3/init/prompts/2	I feel fine!	Je me sens bien !	Отлично!	I feel fine!
Conversations/Bank/Celine/Relationship Lines/Child/pregnancy/ari_pregnant_4/1	Oh!	Oh !	Ой!	Oh!
Conversations/Bank/Celine/Relationship Lines/Child/pregnancy/ari_pregnant_4/2	The baby kicked!	J'ai senti un coup de pied !	Малыш пинается!	The baby kicked!
Conversations/Bank/Celine/Relationship Lines/Child/pregnancy/ari_pregnant_4/3	Isn't this incredible? Our baby is already so full of energy!	C'est incroyable ! Notre bébé déborde déjà d'énergie !	Невероятно, правда? Наш ребёночек такой энергичный!	Isn't this incredible? Our baby is already so full of energy!
Conversations/Bank/Celine/Relationship Lines/Child/pregnancy/ari_pregnant_4/init	What is it, [Ari]? You want me to put my hand on your belly?	Comment, [Ari] ? Tu veux que je pose ma main sur ton ventre ?	Что такое, [Ari]? Мне положить руку тебе на животик?	What is it, [Ari]? You want me to put my hand on your belly?
Conversations/Bank/Celine/Relationship Lines/Child/pregnancy/ari_pregnant_5/1	"I always liked the name ""$Rowan$""..."	J'ai toujours beaucoup aimé « $Rowan$ »...	Мне давно нравится имя $Роуэн$...	"I always liked the name ""$Rowan$""..."
Conversations/Bank/Celine/Relationship Lines/Child/pregnancy/ari_pregnant_5/2	Wouldn't that be a great name if we had a boy?	Tu ne trouves pas que ce serait joli pour un garçon ?	По-моему, отличный выбор, если у нас будет мальчик.	Wouldn't that be a great name if we had a boy?
Conversations/Bank/Celine/Relationship Lines/Child/pregnancy/ari_pregnant_5/init	Have you thought about any potential names for the baby, [Ari]?	Tu as déjà des idées de prénom pour le bébé, [Ari] ?	Ты уже <p>думали</p><f>думала</f><m>думал</m><n>думало</n> об именах для нашего малыша, [Ari]?	Have you thought about any potential names for the baby, [Ari]?
Conversations/Bank/Celine/Relationship Lines/Child/pregnancy/ari_pregnant_6/1	I'm sure you're a little nervous...	Je suis sûre que tu appréhendes...	Ты, наверное, нервничаешь...	I'm sure you're a little nervous...
Conversations/Bank/Celine/Relationship Lines/Child/pregnancy/ari_pregnant_6/2	But don't worry. I'll be with you every step of the way.	Mais ne t'en fais pas. Je resterai avec toi tout du long.	Но не переживай. Я буду с тобой на каждом шагу.	But don't worry. I'll be with you every step of the way.
Conversations/Bank/Celine/Relationship Lines/Child/pregnancy/ari_pregnant_6/init	Seems like it's almost time for the baby to be born.	On dirait que le moment est presque venu pour l'arrivée du bébé.	Кажется, наш малыш уже скоро появится.	Seems like it's almost time for the baby to be born.
Conversations/Bank/Celine/Relationship Lines/Child/pregnancy/celine_pregnancy_request_turn_in/1	This is just the thing to satisfy my craving.	C'est exactement ce qu'il me fallait pour calmer ma fringale.	Мне ужасно захотелось именно его.	This is just the thing to satisfy my craving.
Conversations/Bank/Celine/Relationship Lines/Child/pregnancy/celine_pregnancy_request_turn_in/2	Thank you, [Ari].	Merci, [Ari].	Спасибо, [Ari].	Thank you, [Ari].
Conversations/Bank/Celine/Relationship Lines/Child/pregnancy/celine_pregnancy_request_turn_in/init	My =Spring Salad=, I can't wait!	Ma =salade printanière=, j'en avais tellement envie !	Мой =весенний салат=, отлично!	My =Spring Salad=, I can't wait!
Conversations/Bank/Celine/Relationship Lines/Child/pregnancy/pregnancy_celine_dell_0/1	That's so cool!	C'est trop cool !	Круто!	That's so cool!
Conversations/Bank/Celine/Relationship Lines/Child/pregnancy/pregnancy_celine_dell_0/2	I can't wait to show'em all the neat places in Mistria!	J'ai hâte de lui montrer tous les endroits géniaux à Mistria !	Я обязательно ему покажу самые прикольные местечки в Мистрии!	I can't wait to show'em all the neat places in Mistria!
Conversations/Bank/Celine/Relationship Lines/Child/pregnancy/pregnancy_celine_dell_0/init	Mom said you and Celine are going to have a baby!	Maman dit que Céline et toi allez avoir un bébé !	Мама говорит, у вас с Селин будет ребёночек!	Mom said you and Celine are going to have a baby!
Conversations/Bank/Celine/Relationship Lines/Child/pregnancy/pregnancy_celine_holt_0/1	Gosh, me a grandfather...	Dire que je vais être grand-père...	Эге, выходит, я теперь дед...	Gosh, me a grandfather...
Conversations/Bank/Celine/Relationship Lines/Child/pregnancy/pregnancy_celine_holt_0/2	I'm over the hill about it!	Je suis aux anges !	Старость мне в радость!	I'm over the hill about it!
Conversations/Bank/Celine/Relationship Lines/Child/pregnancy/pregnancy_celine_holt_0/init	I've heard the news, congrats to you and Celine!	Je viens d'apprendre la nouvelle. Félicitations à Céline et toi !	Я слышал про ребёнка. Поздравляю вас с Селин!	I've heard the news, congrats to you and Celine!
Conversations/Bank/Celine/Relationship Lines/Child/pregnancy/pregnancy_celine_nora_0/1	I can't believe it... my little girl is all grown up and starting a family of her own...	Je n'arrive pas à croire que ma petite fille ait grandi à ce point et qu'elle soit sur le point de devenir maman...	Даже не верится... Моя дочурка выросла и уже заводит свою семью...	I can't believe it... my little girl is all grown up and starting a family of her own...
Conversations/Bank/Celine/Relationship Lines/Child/pregnancy/pregnancy_celine_nora_0/2	Should I take up knitting? I feel like I should.	Tu crois que je devrais me mettre au tricot ? Oui, ce serait bien.	Мне пора взяться за вязание? Кажется, самое время.	Should I take up knitting? I feel like I should.
Conversations/Bank/Celine/Relationship Lines/Child/pregnancy/pregnancy_celine_nora_0/init	[Ari], congratulations.	Félicitations, [Ari] !	[Ari], поздравляю.	[Ari], congratulations.
Conversations/Bank/Celine/Relationship Lines/Child/pregnancy/spouse_pregnant_0/1	Our very own little family...	Notre petite famille à nous...	Своя маленькая семейка...	Our very own little family...
Conversations/Bank/Celine/Relationship Lines/Child/pregnancy/spouse_pregnant_0/2	I can hardly wait!	J'ai tellement hâte !	Жду не дождусь!	I can hardly wait!
Conversations/Bank/Celine/Relationship Lines/Child/pregnancy/spouse_pregnant_0/init	Can you believe it? We're going to have a baby! I'm so excited!	C'est incroyable ! On va avoir un bébé ! Je suis tellement contente !	Ты представляешь? У нас будет ребёнок! Я так рада!	Can you believe it? We're going to have a baby! I'm so excited!
Conversations/Bank/Celine/Relationship Lines/Child/pregnancy/spouse_pregnant_1/1	Oh, I can just picture it now... a giant salad, drizzled with oil and herbs, extra croutons...	Oh, j'en vois une quand je ferme les yeux... Une salade géante avec de l'huile et des herbes, et un supplément de croûtons...	Ох, я воображаю... огромный салат, щедро заправленный маслом, посыпанный зеленью и гренками...	Oh, I can just picture it now... a giant salad, drizzled with oil and herbs, extra croutons...
Conversations/Bank/Celine/Relationship Lines/Child/pregnancy/spouse_pregnant_1/2	Do you suppose it's because of the baby?	Tu crois que c'est à cause du bébé ?	Ты думаешь, это из-за ребёнка?	Do you suppose it's because of the baby?
Conversations/Bank/Celine/Relationship Lines/Child/pregnancy/spouse_pregnant_1/3	You... you wouldn't mind getting one for us, would you, [Ari]?	Tu voudrais bien aller nous en chercher une, [Ari] ?	Ты... сможешь принести нам такой салат, [Ari]?	You... you wouldn't mind getting one for us, would you, [Ari]?
Conversations/Bank/Celine/Relationship Lines/Child/pregnancy/spouse_pregnant_1/3/prompts/0	Of course!	Bien sûr !	Разумеется!	Of course!
Conversations/Bank/Celine/Relationship Lines/Child/pregnancy/spouse_pregnant_1/3/prompts/1	At once, my dearest.	Tout de suite, ma chérie d'amour.	Сейчас, дорогая.	At once, my dearest.
Conversations/Bank/Celine/Relationship Lines/Child/pregnancy/spouse_pregnant_1/4	Hooray!	Super !	Ура!	Hooray!
Conversations/Bank/Celine/Relationship Lines/Child/pregnancy/spouse_pregnant_1/5	Make it as big as you can, okay?	Aussi grande que possible, d'accord ?	Сделай самый-самый большой, хорошо?	Make it as big as you can, okay?
Conversations/Bank/Celine/Relationship Lines/Child/pregnancy/spouse_pregnant_1/6	You're so sweet to me!	Tu es vraiment un amour !	Ты <p>такие заботливые</p><f>такая заботливая</f><m>такой заботливый</m><n>такое заботливое</n>!	You're so sweet to me!
Conversations/Bank/Celine/Relationship Lines/Child/pregnancy/spouse_pregnant_1/7	Make it as big as you can, okay?	Une portion géante, d'accord ?	Сделай самый-самый большой, хорошо?	Make it as big as you can, okay?
Conversations/Bank/Celine/Relationship Lines/Child/pregnancy/spouse_pregnant_1/init	It's strange, I can't seem to stop thinking about =Spring Salad=.	C'est étrange, mais je ne fais que penser à une =salade printanière=.	Странное чувство, я всё время думаю про =весенний салат=.	It's strange, I can't seem to stop thinking about =Spring Salad=.
Conversations/Bank/Celine/Relationship Lines/Child/pregnancy/spouse_pregnant_2/1	I'm due a check up with Valen anyways, I'm sure she'll have something that'll help with morning sickness.	J'ai pris rendez-vous avec Valen. Elle va sûrement me donner quelque chose pour les nausées matinales.	Впрочем, мне и так пора на осмотр к Вален. Наверняка у неё есть что-нибудь от утренней тошноты.	I'm due a check up with Valen anyways, I'm sure she'll have something that'll help with morning sickness.
Conversations/Bank/Celine/Relationship Lines/Child/pregnancy/spouse_pregnant_2/init	The mornings have been getting rough... I can barely get down a bite of toast...	Les matins sont difficiles... J'arrive à peine à avaler un quart de tartine...	Мне стало плохо по утрам... Едва могу проглотить кусочек хлеба...	The mornings have been getting rough... I can barely get down a bite of toast...
Conversations/Bank/Celine/Relationship Lines/Child/pregnancy/spouse_pregnant_3/1	Oh! It's probably the baby, huh?	Oh ! C'est sûrement à cause du bébé, non ?	Ой! Это же из-за ребёнка, да?	Oh! It's probably the baby, huh?
Conversations/Bank/Celine/Relationship Lines/Child/pregnancy/spouse_pregnant_3/2	I'll talk to Louis about letting a few things out.	J'irai demander à Louis d'élargir quelques tenues.	Попрошу Луи немного припустить мне платья.	I'll talk to Louis about letting a few things out.
Conversations/Bank/Celine/Relationship Lines/Child/pregnancy/spouse_pregnant_3/init	I don't remember this outfit being... quite this tight...	Je ne me souvenais pas que cette tenue me boudinait autant...	По-моему, мне не было... так тесно... в этой одежде...	I don't remember this outfit being... quite this tight...
Conversations/Bank/Celine/Relationship Lines/Child/pregnancy/spouse_pregnant_4/1	I... I felt the baby kick!	Je... J'ai senti le bébé donner un coup de pied !	Я... Я чувствую, как малыш пинается!	I... I felt the baby kick!
Conversations/Bank/Celine/Relationship Lines/Child/pregnancy/spouse_pregnant_4/2	Quick [Ari], put your hand on my belly!	Vite, [Ari], pose ta main sur mon ventre.	Скорее, [Ari], положи руку мне на живот!	Quick [Ari], put your hand on my belly!
Conversations/Bank/Celine/Relationship Lines/Child/pregnancy/spouse_pregnant_4/3	Isn't this incredible? Our baby is already so full of energy!	C'est incroyable ! Notre bébé déborde déjà d'énergie.	Невероятно, правда? Наш ребёночек такой энергичный!	Isn't this incredible? Our baby is already so full of energy!
Conversations/Bank/Celine/Relationship Lines/Child/pregnancy/spouse_pregnant_4/init	Oh!	Oh !	Ой!	Oh!
Conversations/Bank/Celine/Relationship Lines/Child/pregnancy/spouse_pregnant_5/1	"I always liked the name ""$Rowan$""..."	J'ai toujours beaucoup aimé « $Rowan$ »...	Мне давно нравится имя $Роуэн$...	"I always liked the name ""$Rowan$""..."
Conversations/Bank/Celine/Relationship Lines/Child/pregnancy/spouse_pregnant_5/2	Wouldn't that be a great name if we had a boy?	Tu ne trouves pas que ce serait joli pour un garçon ?	По-моему, отличный выбор, если у нас будет мальчик.	Wouldn't that be a great name if we had a boy?
Conversations/Bank/Celine/Relationship Lines/Child/pregnancy/spouse_pregnant_5/init	Have you thought about any potential names for the baby, [Ari]?	Tu as déjà des idées de prénom pour le bébé, [Ari] ?	Ты уже <p>думали</p><f>думала</f><m>думал</m><n>думало</n> об именах для нашего малыша, [Ari]?	Have you thought about any potential names for the baby, [Ari]?
Conversations/Bank/Celine/Relationship Lines/Child/pregnancy/spouse_pregnant_6/1	I'm a little scared...	J'appréhende un peu...	Мне немного страшно...	I'm a little scared...
Conversations/Bank/Celine/Relationship Lines/Child/pregnancy/spouse_pregnant_6/2	But you'll be with me every step of the way, right [Ari]?	Mais tu seras à mes côtés tout du long, pas vrai, [Ari] ?	Но ты будешь со мной на каждом шагу, правда, [Ari]?	But you'll be with me every step of the way, right [Ari]?
Conversations/Bank/Celine/Relationship Lines/Child/pregnancy/spouse_pregnant_6/init	Seems like it's almost time for the baby to be born.	On dirait que le moment est presque venu pour l'arrivée du bébé.	Кажется, наш малыш уже скоро появится.	Seems like it's almost time for the baby to be born.
Conversations/Bank/Celine/Relationship Lines/Child/pregnancy/stork_pregnant_0/1	Our very own little family...	Notre petite famille à nous...	Своя маленькая семейка...	Our very own little family...
Conversations/Bank/Celine/Relationship Lines/Child/pregnancy/stork_pregnant_0/2	I can hardly wait!	J'ai tellement hâte d'y être !	Жду не дождусь!	I can hardly wait!
Conversations/Bank/Celine/Relationship Lines/Child/pregnancy/stork_pregnant_0/init	Can you believe it? We're going to have a baby! I'm so excited!	C'est incroyable ! On va avoir un bébé ! Je suis tellement contente !	Ты представляешь? У нас будет ребёнок! Я так рада!	Can you believe it? We're going to have a baby! I'm so excited!
Conversations/Bank/Celine/Relationship Lines/Child/pregnancy/stork_pregnant_1/1	But Dad keeps adding things like $Chocolate Bars$ to the list!	Mais papa n'arrête pas d'y ajouter des choses comme des $tablettes de chocolat$ !	Но папа всё время добавляет $шоколадки$ и подобные глупости!	But Dad keeps adding things like $Chocolate Bars$ to the list!
Conversations/Bank/Celine/Relationship Lines/Child/pregnancy/stork_pregnant_1/2	...	...	...	...
Conversations/Bank/Celine/Relationship Lines/Child/pregnancy/stork_pregnant_1/3	Actually, it would be nice to have a few extra around for quick energy, wouldn't it?	En fait, ce serait bien d'en avoir quelques-unes sous la main pour nous donner des forces, tu ne crois pas ?	На самом деле было бы неплохо иметь быстрый источник энергии для перекуса.	Actually, it would be nice to have a few extra around for quick energy, wouldn't it?
Conversations/Bank/Celine/Relationship Lines/Child/pregnancy/stork_pregnant_1/init	Mom and Dad have been helping me with a list of everything we need for the baby.	Papa et maman m'ont aidée à faire une liste de ce dont on aura besoin pour le bébé.	Мама с папой помогли мне составить список всего, что нужно ребёнку.	Mom and Dad have been helping me with a list of everything we need for the baby.
Conversations/Bank/Celine/Relationship Lines/Child/pregnancy/stork_pregnant_2/1	I think I'm a pretty good big sister, but that's not really the same is it?	Je pense être à la hauteur comme grande sœur, mais est-ce que c'est vraiment pareil ?	По-моему, я неплохая сестра, но это ведь совсем другое...	I think I'm a pretty good big sister, but that's not really the same is it?
Conversations/Bank/Celine/Relationship Lines/Child/pregnancy/stork_pregnant_2/1/prompts/0	I know you'll be a great mom.	Tu feras une super maman.	Ты будешь отличной мамой, я <p>уверены</p><f>уверена</f><m>уверен</m><n>уверено</n>.	I know you'll be a great mom.
Conversations/Bank/Celine/Relationship Lines/Child/pregnancy/stork_pregnant_2/1/prompts/1	Compared to Dell, our kid will be a piece of cake.	Comparé à Dell, notre enfant sera un ange.	С нашим малышом тебе будет гораздо проще, чем с Делл.	Compared to Dell, our kid will be a piece of cake.
Conversations/Bank/Celine/Relationship Lines/Child/pregnancy/stork_pregnant_2/1/prompts/2	Well... they'll have me to rely on...	Au moins... notre enfant pourra compter sur moi...	Ну... Ребёнок может положиться и на меня...	Well... they'll have me to rely on...
Conversations/Bank/Celine/Relationship Lines/Child/pregnancy/stork_pregnant_2/2	Well... I'm glad you think so.	Ça me fait plaisir que tu dises ça...	Что ж... Я рада, что ты так думаешь.	Well... I'm glad you think so.
Conversations/Bank/Celine/Relationship Lines/Child/pregnancy/stork_pregnant_2/3	I'm certainly going to do my best!	Je ferai de mon mieux en tout cas !	Я буду стараться изо всех сил!	I'm certainly going to do my best!
Conversations/Bank/Celine/Relationship Lines/Child/pregnancy/stork_pregnant_2/4	Haha, maybe!	Ha ha, sûrement !	Ха-ха, может быть!	Haha, maybe!
Conversations/Bank/Celine/Relationship Lines/Child/pregnancy/stork_pregnant_2/5	For all we know, our kid could be even more high-spirited.	Mais va savoir, notre enfant sera peut-être encore plus casse-cou.	Хотя мы не знаем: вдруг наш ребёнок окажется ещё более резвым.	For all we know, our kid could be even more high-spirited.
Conversations/Bank/Celine/Relationship Lines/Child/pregnancy/stork_pregnant_2/6	[Ari]! Quit teasing!	[Ari], arrête de me taquiner !	[Ari]! Не дразнись!	[Ari]! Quit teasing!
Conversations/Bank/Celine/Relationship Lines/Child/pregnancy/stork_pregnant_2/7	But you are right. And I'll have you to rely on too!	Mais tu as raison. Et moi aussi, je pourrai compter sur toi !	Хотя ты <p>правы</p><f>права</f><m>прав</m><n>право</n>. И я тоже могу на тебя положиться!	But you are right. And I'll have you to rely on too!
Conversations/Bank/Celine/Relationship Lines/Child/pregnancy/stork_pregnant_2/init	I wonder what it's going to be like... becoming a mom.	Je me demande comment ça va être... de devenir mère.	Интересно, каково это — быть матерью?..	I wonder what it's going to be like... becoming a mom.
Conversations/Bank/Celine/Relationship Lines/Child/pregnancy/stork_pregnant_3/1	She even color coded it with tabs for me!	Elle a même ajouté des codes couleur par rubrique pour que je m'y retrouve !	И даже сделала для меня цветные закладки!	She even color coded it with tabs for me!
Conversations/Bank/Celine/Relationship Lines/Child/pregnancy/stork_pregnant_3/init	Adeline gifted me a book on taking care of babies.	Adeline m'a offert un livre sur les soins aux bébés.	Аделина подарила мне книгу по уходу за детьми.	Adeline gifted me a book on taking care of babies.
Conversations/Bank/Celine/Relationship Lines/Child/pregnancy/stork_pregnant_4/1	You've seen me and Dell, we both take after my mom.	Dell et moi, nous ressemblons plus à notre mère.	Ты <p>видели</p><f>видела</f><m>видел</m><n>видело</n> нас с Делл, мы обе похожи на маму.	You've seen me and Dell, we both take after my mom.
Conversations/Bank/Celine/Relationship Lines/Child/pregnancy/stork_pregnant_4/2	Well, whoever they take after, they're certainly going to be very cute!	Mais quoi qu'il arrive, je sais qu'il sera à croquer !	Впрочем, в кого бы ни рос, это будет очень симпатичный ребёнок.	Well, whoever they take after, they're certainly going to be very cute!
Conversations/Bank/Celine/Relationship Lines/Child/pregnancy/stork_pregnant_4/init	I wonder who the baby will take after more?	Je me demande à qui de nous deux le bébé va le plus ressembler...	Интересно, в кого из нас пойдёт ребёнок?	I wonder who the baby will take after more?
Conversations/Bank/Celine/Relationship Lines/Child/pregnancy/stork_pregnant_5/1	"I always liked the name ""$Rowan$""..."	J'ai toujours beaucoup aimé « $Rowan$ »...	Мне давно нравится имя $Роуэн$...	"I always liked the name ""$Rowan$""..."
Conversations/Bank/Celine/Relationship Lines/Child/pregnancy/stork_pregnant_5/2	Wouldn't that be a great name if we had a boy?	Tu ne trouves pas que ce serait joli pour un garçon ?	По-моему, отличный выбор, если у нас будет мальчик.	Wouldn't that be a great name if we had a boy?
Conversations/Bank/Celine/Relationship Lines/Child/pregnancy/stork_pregnant_5/init	Have you thought about any potential names for the baby, [Ari]?	Tu as déjà des idées de prénom pour le bébé, [Ari] ?	Ты уже <p>думали</p><f>думала</f><m>думал</m><n>думало</n> об именах для нашего малыша, [Ari]?	Have you thought about any potential names for the baby, [Ari]?
Conversations/Bank/Celine/Relationship Lines/Child/pregnancy/stork_pregnant_6/1	I'm a little nervous...	J'appréhende un peu...	Я немного нервничаю...	I'm a little nervous...
Conversations/Bank/Celine/Relationship Lines/Child/pregnancy/stork_pregnant_6/2	But we'll be together every step of the way.	Mais nous serons ensemble à chaque étape.	Но мы пройдём каждый шаг этого пути вместе.	But we'll be together every step of the way.
Conversations/Bank/Celine/Relationship Lines/Child/pregnancy/stork_pregnant_6/init	It's almost time for the baby to arrive.	Le bébé sera bientôt là.	Наш малыш уже скоро появится.	It's almost time for the baby to arrive.
Conversations/Bank/Celine/Relationship Lines/Marriage/marriage_daily_dialogue/ari_plans_0/1	What are you up to today, [Ari]?	Qu'est-ce que tu as prévu aujourd'hui, [Ari] ?	Чем сегодня займёшься, [Ari]?	What are you up to today, [Ari]?
Conversations/Bank/Celine/Relationship Lines/Marriage/marriage_daily_dialogue/ari_plans_0/1/prompts/0	I'm going to get some work done on the farm!	Je vais travailler un peu sur la ferme !	Я собираюсь немного поработать на ферме!	I'm going to get some work done on the farm!
Conversations/Bank/Celine/Relationship Lines/Marriage/marriage_daily_dialogue/ari_plans_0/1/prompts/1	I was thinking of heading to the Mines...	J'envisageais de me rendre dans les mines...	Я <p>подумывали</p><f>подумывала</f><m>подумывал</m><n>подумывало</n> сходить в шахты...	I was thinking of heading to the Mines...
Conversations/Bank/Celine/Relationship Lines/Marriage/marriage_daily_dialogue/ari_plans_0/1/prompts/2	Today feels like a good day for fishing.	J'ai l'impression que c'est une belle journée pour pêcher.	По-моему, сегодня отличный день для рыбалки.	Today feels like a good day for fishing.
Conversations/Bank/Celine/Relationship Lines/Marriage/marriage_daily_dialogue/ari_plans_0/2	Sounds fun!	Bonne idée !	Звучит здорово!	Sounds fun!
Conversations/Bank/Celine/Relationship Lines/Marriage/marriage_daily_dialogue/ari_plans_0/3	Just let me know if you need a second pair of hands!	N'hésite pas à me demander si jamais tu as besoin d'un coup de main !	Если нужны свободные руки, обязательно скажи мне!	Just let me know if you need a second pair of hands!
Conversations/Bank/Celine/Relationship Lines/Marriage/marriage_daily_dialogue/ari_plans_0/4	I'm sure you can take care of yourself, but...	Je sais que tu es parfaitement capable de t'en sortir, mais...	Я уверена, что ты можешь о себе позаботиться, и всё-таки...	I'm sure you can take care of yourself, but...
Conversations/Bank/Celine/Relationship Lines/Marriage/marriage_daily_dialogue/ari_plans_0/5	Promise me you'll be careful, okay?	Promets-moi de faire attention, d'accord ?	Обещай, что будешь <p>осторожны</p><f>осторожна</f><m>осторожен</m><n>осторожно</n>, ладно?	Promise me you'll be careful, okay?
Conversations/Bank/Celine/Relationship Lines/Marriage/marriage_daily_dialogue/ari_plans_0/6	Come home safe to me!	Rentre à la maison en un seul morceau !	Приходи ко мне <p>целые</p><f>целая</f><m>целый</m><n>целое</n>.	Come home safe to me!
Conversations/Bank/Celine/Relationship Lines/Marriage/marriage_daily_dialogue/ari_plans_0/7	Sounds relaxing!	Ça va te faire du bien de te détendre un peu.	Звучит как хороший отдых!	Sounds relaxing!
Conversations/Bank/Celine/Relationship Lines/Marriage/marriage_daily_dialogue/ari_plans_0/8	If you see any herbs by the water, be sure to pick them for me!	Si tu vois des herbes au bord de l'eau, n'hésite pas à m'en cueillir !	Если заметишь у воды какие-нибудь травы, можешь сорвать и принести мне!	If you see any herbs by the water, be sure to pick them for me!
Conversations/Bank/Celine/Relationship Lines/Marriage/marriage_daily_dialogue/ari_plans_0/init	Good morning!	Bonjour !	Доброе утро!	Good morning!
Conversations/Bank/Celine/Relationship Lines/Marriage/marriage_daily_dialogue/basement_0/1	I'll tell you all about it tonight!	Je te raconterai tout ce soir !	Я тебе вечером столько всего расскажу!	I'll tell you all about it tonight!
Conversations/Bank/Celine/Relationship Lines/Marriage/marriage_daily_dialogue/basement_0/init	Hey [Ari]! I hope you're having as nice a day as I am.	Salut, [Ari]. J'espère que ta journée est aussi bonne que la mienne.	Привет, [Ari]! Надеюсь, твой день такой же хороший, как у меня.	Hey [Ari]! I hope you're having as nice a day as I am.
Conversations/Bank/Celine/Relationship Lines/Marriage/marriage_daily_dialogue/basement_1/1	Can you think of anything we need at the General Store?	As-tu besoin de quelque chose au magasin général ?	Нам что-нибудь нужно в универмаге?	Can you think of anything we need at the General Store?
Conversations/Bank/Celine/Relationship Lines/Marriage/marriage_daily_dialogue/basement_1/2	It'd be the perfect chance for me to pick it up.	C'est l'occasion de faire d'une pierre deux coups.	Я как раз смогу захватить.	It'd be the perfect chance for me to pick it up.
Conversations/Bank/Celine/Relationship Lines/Marriage/marriage_daily_dialogue/basement_1/init	I thought I'd swing by and see my parents today.	Je vais peut-être passer voir mes parents aujourd'hui.	Я решила сегодня заглянуть к родителям.	I thought I'd swing by and see my parents today.
Conversations/Bank/Celine/Relationship Lines/Marriage/marriage_daily_dialogue/basement_2/1	If not, I can always make us a nice big salad!	Au pire, je peux nous préparer une belle salade composée !	Если нет, я всегда могу сделать нам большущий салат!	If not, I can always make us a nice big salad!
Conversations/Bank/Celine/Relationship Lines/Marriage/marriage_daily_dialogue/basement_2/init	Is there anything you want for dinner tonight?	Tu sais ce que tu veux manger ce soir ?	У тебя есть пожелания насчёт сегодняшнего ужина?	Is there anything you want for dinner tonight?
Conversations/Bank/Celine/Relationship Lines/Marriage/marriage_daily_dialogue/basement_3/1	I suppose busy laundry days are a small price to pay for such lovely flowers.	Passer des journées entières à laver le linge, c'est le prix à payer pour ces jolies fleurs.	Ну ничего, больше белья на постирку — это пустяки за такие прелестные цветы.	I suppose busy laundry days are a small price to pay for such lovely flowers.
Conversations/Bank/Celine/Relationship Lines/Marriage/marriage_daily_dialogue/basement_3/init	It seems like no matter how careful I am, I manage to get dirt on my clothes when I'm gardening.	J'ai beau faire très attention, je me salis à chaque fois que je fais du jardinage.	Кажется, как бы я ни старалась, всегда пачкаю одежду при работе в саду.	It seems like no matter how careful I am, I manage to get dirt on my clothes when I'm gardening.
Conversations/Bank/Celine/Relationship Lines/Marriage/marriage_daily_dialogue/basement_4/1	Hehe!	Hi hi !	Хи-хи!	Hehe!
Conversations/Bank/Celine/Relationship Lines/Marriage/marriage_daily_dialogue/basement_4/init	There you are! Give me a kiss.	Ah, te voilà ! Je te vole un baiser.	Вот ты где! Поцелуй-ка меня.	There you are! Give me a kiss.
Conversations/Bank/Celine/Relationship Lines/Marriage/marriage_daily_dialogue/basement_5/1	I'm so glad we get to spend our lives together.	Je suis heureuse de passer ma vie à tes côtés.	Я счастлива, что мы можем провести жизнь вместе.	I'm so glad we get to spend our lives together.
Conversations/Bank/Celine/Relationship Lines/Marriage/marriage_daily_dialogue/basement_5/init	[Ari], I think you know this already... but I just wanted you to hear it.	[Ari], je crois que tu le sais déjà... mais je veux que tu l'entendes de vive voix.	[Ari], думаю, ты уже знаешь... Но я всё равно хочу тебе сказать.	[Ari], I think you know this already... but I just wanted you to hear it.
Conversations/Bank/Celine/Relationship Lines/Marriage/marriage_daily_dialogue/basement_6/1	I still feel my heart start beating fast when I see you walking up to me!	J'ai toujours le cœur qui bat la chamade quand je te vois t'avancer vers moi !	У меня до сих пор сердце трепещет, когда я вижу, как ты подходишь!	I still feel my heart start beating fast when I see you walking up to me!
Conversations/Bank/Celine/Relationship Lines/Marriage/marriage_daily_dialogue/basement_6/init	It's really sweet that you always make time to see me throughout the day.	C'est adorable que tu arrives à te libérer tout le temps pour passer me voir dans la journée.	Очень мило с твоей стороны найти время навестить меня посреди дня.	It's really sweet that you always make time to see me throughout the day.
Conversations/Bank/Celine/Relationship Lines/Marriage/marriage_daily_dialogue/domestic_flavor_0/1	They're quite the conniver, aren't they?	Cet animal nous mène par le bout du nez, pas vrai ?	Вот же подлиза у нас с тобой, да?	They're quite the conniver, aren't they?
Conversations/Bank/Celine/Relationship Lines/Marriage/marriage_daily_dialogue/domestic_flavor_0/init	I've already fed [pet_name] this morning, so don't be fooled if they beg for more.	J'ai déjà nourri [pet_name] ce matin, alors ne te fais pas avoir.	Не поддавайся, если [pet_name] попытается тебя обмануть. Я уже положила еду с утра.	I've already fed [pet_name] this morning, so don't be fooled if they beg for more.
Conversations/Bank/Celine/Relationship Lines/Marriage/marriage_daily_dialogue/domestic_flavor_1/1	Isn't that amazing?	C'est incroyable, hein ?	Потрясающе, правда?	Isn't that amazing?
Conversations/Bank/Celine/Relationship Lines/Marriage/marriage_daily_dialogue/domestic_flavor_1/init	Sometimes [pet_name] will bring me flowers that they've foraged.	[pet_name] me ramène parfois des fleurs de l'extérieur.	Иногда [pet_name] собирает и приносит мне цветы.	Sometimes [pet_name] will bring me flowers that they've foraged.
Conversations/Bank/Celine/Relationship Lines/Marriage/marriage_daily_dialogue/domestic_flavor_2/1	At this rate, I'm afraid I'm going to fall out of it in my sleep!	Si ça continue, je vais finir par tomber du lit pendant mon sommeil !	Если будем спать в этой, боюсь, я рано или поздно свалюсь во сне!	At this rate, I'm afraid I'm going to fall out of it in my sleep!
Conversations/Bank/Celine/Relationship Lines/Marriage/marriage_daily_dialogue/domestic_flavor_2/init	[Ari], we need a bigger bed.	[Ari], il nous faut un lit plus grand.	[Ari], нам нужна кровать пошире.	[Ari], we need a bigger bed.
Conversations/Bank/Celine/Relationship Lines/Marriage/marriage_daily_dialogue/domestic_flavor_3/1	It's so nice to have all my things close at hand.	Je suis ravie d'avoir toutes mes affaires à portée de main.	Удобно, когда всё нужное под рукой.	It's so nice to have all my things close at hand.
Conversations/Bank/Celine/Relationship Lines/Marriage/marriage_daily_dialogue/domestic_flavor_3/init	It's looking very homelike in here, isn't it?	On est bien ici, pas vrai ?	Здесь всё ощущается так по-домашнему.	It's looking very homelike in here, isn't it?
Conversations/Bank/Celine/Relationship Lines/Marriage/marriage_daily_dialogue/domestic_flavor_4/1	I just think it would make the house cozier, you know?	Je pense que ça lui donnerait un côté plus cosy.	Знаешь, мне просто кажется, так будет уютнее.	I just think it would make the house cozier, you know?
Conversations/Bank/Celine/Relationship Lines/Marriage/marriage_daily_dialogue/domestic_flavor_4/init	Could we make some room for my things in the house?	Est-ce qu'on pourrait faire de la place pour mes affaires dans la maison ?	Мы можем найти немного места для моих вещей в доме?	Could we make some room for my things in the house?
Conversations/Bank/Celine/Relationship Lines/Marriage/marriage_daily_dialogue/dreams_0/1	I had such a good dream last night, how about you?	J'ai fait de beaux rêves la nuit dernière. Et toi ?	Мне снился такой замечательный сон. А тебе?	I had such a good dream last night, how about you?
Conversations/Bank/Celine/Relationship Lines/Marriage/marriage_daily_dialogue/dreams_0/init	Good morning!	Bonjour !	Доброе утро!	Good morning!
Conversations/Bank/Celine/Relationship Lines/Marriage/marriage_daily_dialogue/evening_0/1	I'm glad we have the rest of the night to spend together.	Je suis ravie qu'on passe la soirée ensemble.	Я так рада, что у нас с тобой впереди целая ночь.	I'm glad we have the rest of the night to spend together.
Conversations/Bank/Celine/Relationship Lines/Marriage/marriage_daily_dialogue/evening_0/init	Good evening, [Ari].	Bonsoir, [Ari].	Доброго вечера, [Ari]!	Good evening, [Ari].
Conversations/Bank/Celine/Relationship Lines/Marriage/marriage_daily_dialogue/evening_1/1	Now, whatever shall we get up to tonight?	Qu'est-ce que tu aimerais faire ce soir ?	Итак, чем займёмся сегодня вечером?	Now, whatever shall we get up to tonight?
Conversations/Bank/Celine/Relationship Lines/Marriage/marriage_daily_dialogue/evening_1/init	Nothing beats coming home to you after a long day!	J'adore te retrouver après une longue journée !	Прийти домой после долгого рабочего дня — лучшее чувство на свете.	Nothing beats coming home to you after a long day!
Conversations/Bank/Celine/Relationship Lines/Marriage/marriage_daily_dialogue/evening_2/1	I want to hear all about it!	Raconte-moi tout !	Хочу послушать, что ты расскажешь!	I want to hear all about it!
Conversations/Bank/Celine/Relationship Lines/Marriage/marriage_daily_dialogue/evening_2/init	Did you have a good day?	Tu as passé une bonne journée ?	Как прошёл твой день?	Did you have a good day?
Conversations/Bank/Celine/Relationship Lines/Marriage/marriage_daily_dialogue/evening_3/1	I've been waiting for you to get home.	J'attendais que tu rentres à la maison.	Я заждалась, когда ты вернёшься.	I've been waiting for you to get home.
Conversations/Bank/Celine/Relationship Lines/Marriage/marriage_daily_dialogue/evening_3/init	There you are!	Ah, te voilà !	Вот ты где!	There you are!
Conversations/Bank/Celine/Relationship Lines/Marriage/marriage_daily_dialogue/fall_evening_0/1	I hope my plants are going to be okay...	J'espère que mes plantes vont tenir le coup...	Надеюсь, мои растения переживут...	I hope my plants are going to be okay...
Conversations/Bank/Celine/Relationship Lines/Marriage/marriage_daily_dialogue/fall_evening_0/init	The temperature sure is dropping quick now that it's evening.	La température baisse vite en soirée.	Сейчас так стремительно холодает по вечерам.	The temperature sure is dropping quick now that it's evening.
Conversations/Bank/Celine/Relationship Lines/Marriage/marriage_daily_dialogue/fall_evening_1/1	Winter will be here soon enough!	L'hiver ne va pas tarder à arriver !	А то уже скоро подберётся зима!	Winter will be here soon enough!
Conversations/Bank/Celine/Relationship Lines/Marriage/marriage_daily_dialogue/fall_evening_1/init	Let's try and make time to go for a walk in this lovely fall weather.	Essayons de trouver le temps d'aller nous balader par ce temps d'automne plutôt doux.	Давай попробуем найти время для прогулки в такую чудесную осеннюю погоду.	Let's try and make time to go for a walk in this lovely fall weather.
Conversations/Bank/Celine/Relationship Lines/Marriage/marriage_daily_dialogue/fall_morning_0/1	I should think about putting up a scarecrow.	Il faudrait que je pense à installer un épouvantail.	Наверное, пора задуматься о пугале.	I should think about putting up a scarecrow.
Conversations/Bank/Celine/Relationship Lines/Marriage/marriage_daily_dialogue/fall_morning_0/init	I think something has been sneaking into my garden at night...	Je crois que quelque chose se faufile dans mon jardin à la nuit tombée...	Мне кажется, в моём садике по ночам кто-то шуршит...	I think something has been sneaking into my garden at night...
Conversations/Bank/Celine/Relationship Lines/Marriage/marriage_daily_dialogue/fall_morning_1/1	Makes me want to throw open all the windows.	Ça me donne envie d'ouvrir toutes les fenêtres.	Так и хочется распахнуть окна настежь.	Makes me want to throw open all the windows.
Conversations/Bank/Celine/Relationship Lines/Marriage/marriage_daily_dialogue/fall_morning_1/init	Isn't the wind refreshing today?	Le vent fait du bien aujourd'hui, pas vrai ?	Сегодня такой свежий ветерок!	Isn't the wind refreshing today?
Conversations/Bank/Celine/Relationship Lines/Marriage/marriage_daily_dialogue/morning_0/1	I hope you slept well.	J'espère que tu as bien dormi.	Как тебе спалось?	I hope you slept well.
Conversations/Bank/Celine/Relationship Lines/Marriage/marriage_daily_dialogue/morning_0/init	Good morning, [Ari]!	Bonjour, [Ari] !	Доброе утро, [Ari]!	Good morning, [Ari]!
Conversations/Bank/Celine/Relationship Lines/Marriage/marriage_daily_dialogue/morning_1/1	Let's make the most of the day.	Profitons au maximum de cette journée.	Давай проведём этот день с пользой.	Let's make the most of the day.
Conversations/Bank/Celine/Relationship Lines/Marriage/marriage_daily_dialogue/morning_1/init	Morning, [Ari]!	Bonjour, [Ari] !	Утречка, [Ari]!	Morning, [Ari]!
Conversations/Bank/Celine/Relationship Lines/Marriage/marriage_daily_dialogue/rainy_evening_0/1	I know I sure appreciated it!	Moi, en tout cas, j'ai apprécié !	Я вот точно обрадовалась!	I know I sure appreciated it!
Conversations/Bank/Celine/Relationship Lines/Marriage/marriage_daily_dialogue/rainy_evening_0/init	Wasn't it nice to get a break from watering today?	C'était agréable de ne pas avoir à arroser aujourd'hui, pas vrai ?	Приятно, что сегодня не нужно ничего поливать, правда?	Wasn't it nice to get a break from watering today?
Conversations/Bank/Celine/Relationship Lines/Marriage/marriage_daily_dialogue/rainy_morning_0/1	It's certainly good for the plants, isn't it?	Mais c'est bon pour les plantes, pas vrai ?	Для растений точно полезно, правда ведь?	It's certainly good for the plants, isn't it?
Conversations/Bank/Celine/Relationship Lines/Marriage/marriage_daily_dialogue/rainy_morning_0/init	Sure is rainy today.	Il pleut drôlement aujourd'hui.	Ну и дождь сегодня.	Sure is rainy today.
Conversations/Bank/Celine/Relationship Lines/Marriage/marriage_daily_dialogue/sleepy_0/1	I'm sure I just need to get moving and I'll wake right up.	Il faut que je m'active, ça va me réveiller.	Наверняка надо просто начать двигаться — и сразу проснусь.	I'm sure I just need to get moving and I'll wake right up.
Conversations/Bank/Celine/Relationship Lines/Marriage/marriage_daily_dialogue/sleepy_0/init	I'm still so sleepy this morning...	J'aurais bien continué à dormir ce matin...	Я с самого утра сегодня такая сонная...	I'm still so sleepy this morning...
Conversations/Bank/Celine/Relationship Lines/Marriage/marriage_daily_dialogue/snowy_evening_0/1	Come here [Ari], and thaw your wife out!	Allez, viens réchauffer ta petite femme, [Ari] !	Иди сюда, [Ari], пора оттаивать свою жену!	Come here [Ari], and thaw your wife out!
Conversations/Bank/Celine/Relationship Lines/Marriage/marriage_daily_dialogue/snowy_evening_0/init	I'm chilled through after being outside in this snow.	Je suis congelée après être restée dans cette neige dehors.	Я насквозь продрогла после улицы. С таким-то снегопадом.	I'm chilled through after being outside in this snow.
Conversations/Bank/Celine/Relationship Lines/Marriage/marriage_daily_dialogue/snowy_morning_0/1	I'll have to rely on you to warm me up later.	Il faudra que je me blottisse contre toi pour me réchauffer tout à l'heure.	Придётся рассчитывать, что ты меня потом отогреешь.	I'll have to rely on you to warm me up later.
Conversations/Bank/Celine/Relationship Lines/Marriage/marriage_daily_dialogue/snowy_morning_0/init	Brr, this snow!	Brrr, toute cette neige !	Бр-р, ну и снег!	Brr, this snow!
Conversations/Bank/Celine/Relationship Lines/Marriage/marriage_daily_dialogue/spouse_plans_0/1	Wouldn't that be nice?	Ce serait super, non ?	Было бы здорово, правда?	Wouldn't that be nice?
Conversations/Bank/Celine/Relationship Lines/Marriage/marriage_daily_dialogue/spouse_plans_0/init	There's some promising sprouts in the garden, and I'm hoping today's the day they flower.	Il y a de belles pousses dans le jardin, j'espère qu'elles vont fleurir aujourd'hui.	В саду есть несколько восходящих росточков. Надеюсь, сегодня они зацветут.	There's some promising sprouts in the garden, and I'm hoping today's the day they flower.
Conversations/Bank/Celine/Relationship Lines/Marriage/marriage_daily_dialogue/spring_evening_0/1	I'll just need to make the best of tomorrow.	Il faudra que je sois plus productive demain.	Значит, постараюсь успеть завтра.	I'll just need to make the best of tomorrow.
Conversations/Bank/Celine/Relationship Lines/Marriage/marriage_daily_dialogue/spring_evening_0/init	Springtime is so busy, I hardly got anything I had planned to do today done.	Il y a tant de choses à faire au printemps que j'ai à peine commencé tout ce que j'avais prévu aujourd'hui.	Весной столько дел, что я едва успела хоть что-то из своих планов на сегодня.	Springtime is so busy, I hardly got anything I had planned to do today done.
Conversations/Bank/Celine/Relationship Lines/Marriage/marriage_daily_dialogue/spring_evening_1/1	Isn't Mistria just perfect in the springtime?	Mistria n'est-il pas le plus bel endroit au monde au printemps ?	Мистрия весной просто великолепна!	Isn't Mistria just perfect in the springtime?
Conversations/Bank/Celine/Relationship Lines/Marriage/marriage_daily_dialogue/spring_evening_1/init	What a good day!	Quelle belle journée !	Какой чудесный день!	What a good day!
Conversations/Bank/Celine/Relationship Lines/Marriage/marriage_daily_dialogue/spring_morning_0/1	I wish they'd take a hint and grow somewhere else!	Si elles pouvaient comprendre que ce serait bien d'aller pousser ailleurs !	Почему они не могут понять намёк и расти где-нибудь подальше?	I wish they'd take a hint and grow somewhere else!
Conversations/Bank/Celine/Relationship Lines/Marriage/marriage_daily_dialogue/spring_morning_0/init	Feels like a constant fight against the weeds in spring, doesn't it?	On a l'impression de se battre en permanence contre les mauvaises herbes au printemps, pas vrai ?	Весной, кажется, только и делаешь, что воюешь с сорняками.	Feels like a constant fight against the weeds in spring, doesn't it?
Conversations/Bank/Celine/Relationship Lines/Marriage/marriage_daily_dialogue/spring_morning_1/1	I love springtime!	J'adore le printemps !	Обожаю весну!	I love springtime!
Conversations/Bank/Celine/Relationship Lines/Marriage/marriage_daily_dialogue/spring_morning_1/init	Isn't this weather perfect?	Le temps est parfait, tu ne trouves pas ?	Замечательная погода, правда?	Isn't this weather perfect?
Conversations/Bank/Celine/Relationship Lines/Marriage/marriage_daily_dialogue/summer_evening_0/1	I've been using the plant mister on myself, but it hasn't really been helping...	J'ai utilisé le brumisateur à plantes sur moi, mais ça n'a pas fait grand-chose...	Я брызгала на себя из распылителя, но это не очень помогает...	I've been using the plant mister on myself, but it hasn't really been helping...
Conversations/Bank/Celine/Relationship Lines/Marriage/marriage_daily_dialogue/summer_evening_0/init	It was so hot today.	Il faisait tellement chaud aujourd'hui.	Сегодня была такая жара.	It was so hot today.
Conversations/Bank/Celine/Relationship Lines/Marriage/marriage_daily_dialogue/summer_evening_1/1	Let's make the most of it.	Profitons-en au maximum.	Давай проведём это время с пользой.	Let's make the most of it.
Conversations/Bank/Celine/Relationship Lines/Marriage/marriage_daily_dialogue/summer_evening_1/init	I think the day is finally starting to cool off!	Ah, il commence enfin à faire un peu plus frais aujourd'hui.	Кажется, жара, наконец, потихоньку отступает!	I think the day is finally starting to cool off!
Conversations/Bank/Celine/Relationship Lines/Marriage/marriage_daily_dialogue/summer_morning_0/1	Let's both be careful when we're out tending the plants, I don't want either of us getting overheated!	Évitons l'insolation quand on s'occupera des plantes !	Давай сегодня следить за собой, когда занимаемся растениями. Не хочу, чтобы кто-то из нас схватил удар!	Let's both be careful when we're out tending the plants, I don't want either of us getting overheated!
Conversations/Bank/Celine/Relationship Lines/Marriage/marriage_daily_dialogue/summer_morning_0/init	Seems like it's going to be another hot one...	J'ai l'impression que la journée va être encore chaude...	Кажется, нас ждёт ещё один жаркий день...	Seems like it's going to be another hot one...
Conversations/Bank/Celine/Relationship Lines/Marriage/marriage_daily_dialogue/summer_morning_1/1	I can't wait to see what's sprouted today!	J'ai hâte de voir ce qui a percé aujourd'hui !	Хочу пойти посмотреть, какие ростки вылезли сегодня!	I can't wait to see what's sprouted today!
Conversations/Bank/Celine/Relationship Lines/Marriage/marriage_daily_dialogue/summer_morning_1/init	Everything grows so fast in the summer, doesn't it?	Tout pousse tellement vite quand c'est l'été, pas vrai ?	Летом всё растёт с невероятной скоростью.	Everything grows so fast in the summer, doesn't it?
Conversations/Bank/Celine/Relationship Lines/Marriage/marriage_daily_dialogue/winter_evening_0/1	My plants are depending on me though, I can't let them down.	Mais mes cultures ont besoin de moi. Je dois m'en occuper.	Но мои растения на меня рассчитывают. Я не могу их подвести.	My plants are depending on me though, I can't let them down.
Conversations/Bank/Celine/Relationship Lines/Marriage/marriage_daily_dialogue/winter_evening_0/init	All this snow on the ground makes it hard to stay out in the garden too long...	Avec toute cette neige, c'est difficile de rester trop longtemps dans le jardin...	Из-за снежного покрова в саду трудно засиживаться подолгу...	All this snow on the ground makes it hard to stay out in the garden too long...
Conversations/Bank/Celine/Relationship Lines/Marriage/marriage_daily_dialogue/winter_evening_1/1	I can't wait to get snuggled under the covers with you!	J'ai hâte de me mettre sous les couvertures avec toi.	Я уже жду, когда мы с тобой укутаемся в одеяло!	I can't wait to get snuggled under the covers with you!
Conversations/Bank/Celine/Relationship Lines/Marriage/marriage_daily_dialogue/winter_evening_1/init	As soon as it gets dark in the winter, I start getting sleepy.	L'hiver, dès qu'il fait nuit, je commence à avoir sommeil.	Как только зимой темнеет, меня начинает клонить в сон.	As soon as it gets dark in the winter, I start getting sleepy.
Conversations/Bank/Celine/Relationship Lines/Marriage/marriage_daily_dialogue/winter_morning_0/1	But I suppose spring will be here soon enough.	Ce n'est pas contre toi, hein !	Просто знай, что это я не на тебя злюсь, хорошо?	But I suppose spring will be here soon enough.
Conversations/Bank/Celine/Relationship Lines/Marriage/marriage_daily_dialogue/winter_morning_0/init	It can get a little gloomy in the winter...	L'atmosphère est tellement morose en hiver que ça me donne le cafard.	Зима такая мрачная, что у меня слегка портится настроение.	It can get a little gloomy in the winter...
Conversations/Bank/Celine/Relationship Lines/Marriage/marriage_daily_dialogue/winter_morning_1/1	Could you imagine having to wait a whole season for anything to be growing?	Imagine s'il fallait attendre une saison entière avant que quoi que ce soit ne repousse.	Только представь, как тяжело было бы целый сезон ждать, пока что-то прорастёт!	Could you imagine having to wait a whole season for anything to be growing?
Conversations/Bank/Celine/Relationship Lines/Marriage/marriage_daily_dialogue/winter_morning_1/2	Although... I'm sure we'd find some way to while away the time.	En même temps, on saurait sûrement comment s'occuper en attendant.	Хотя... Я думаю, мы бы нашли, как провести время вдвоём.	Although... I'm sure we'd find some way to while away the time.
Conversations/Bank/Celine/Relationship Lines/Marriage/marriage_daily_dialogue/winter_morning_1/init	We're so lucky plants thrive in the winter here in Mistria.	Heureusement que les plantes continuent à pousser l'hiver ici, à Mistria.	Как нам повезло, что зимой в Мистрии тоже растут растения.	We're so lucky plants thrive in the winter here in Mistria.
Conversations/Bank/Celine/Relationship Lines/Marriage/marriage_daily_dialogue/workstation_0/1	I've got a good feeling about these ratios!	Et je sens que ça va donner de beaux résultats !	Чувствую, что пропорции должны быть хорошие!	I've got a good feeling about these ratios!
Conversations/Bank/Celine/Relationship Lines/Marriage/marriage_daily_dialogue/workstation_0/init	I'm trying out a new soil mixture.	J'essaie un nouveau terreau.	Я испытываю новую питательную смесь для почвы.	I'm trying out a new soil mixture.
Conversations/Bank/Celine/Relationship Lines/Marriage/marriage_daily_dialogue/workstation_1/1	Unless... you want to join me for a little experimenting as well?	À moins que... tu ne veuilles m'aider ?	Или, может... ты тоже хочешь заняться экспериментами?	Unless... you want to join me for a little experimenting as well?
Conversations/Bank/Celine/Relationship Lines/Marriage/marriage_daily_dialogue/workstation_1/2	Hehe!	Hi hi !	Хи-хи!	Hehe!
Conversations/Bank/Celine/Relationship Lines/Marriage/marriage_daily_dialogue/workstation_1/init	Hi [Ari]! Don't mind me, I'm just doing a little experimenting.	Salut, [Ari] ! Ne t'occupe pas de moi, je suis juste en train de faire quelques essais.	Привет, [Ari]! Не обращай внимания, у меня тут небольшой эксперимент.	Hi [Ari]! Don't mind me, I'm just doing a little experimenting.
Conversations/Bank/Celine/Relationship Lines/Marriage/marriage_daily_dialogue/workstation_2/1	Maybe I could turn it into a book one day.	Je pourrai peut-être en tirer un livre un jour...	Может, однажды я смогу сделать из них книгу.	Maybe I could turn it into a book one day.
Conversations/Bank/Celine/Relationship Lines/Marriage/marriage_daily_dialogue/workstation_2/init	I've been organizing all my notes together on growing conditions.	Je suis en train de compiler mes notes sur les spécificités des différentes cultures.	Я свожу все свои заметки по оптимальным условиям произрастания.	I've been organizing all my notes together on growing conditions.
Conversations/Bank/Celine/Relationship Lines/Marriage/marriage_daily_dialogue/workstation_3/1	It's always such a thrill to learn something new!	C'est si fantastique d'apprendre des choses nouvelles tous les jours !	Я всегда так радуюсь, когда узнаю что-то новое!	It's always such a thrill to learn something new!
Conversations/Bank/Celine/Relationship Lines/Marriage/marriage_daily_dialogue/workstation_3/init	For as long as I've had it, the Codex Mistria keeps providing me with fresh insights.	Depuis que je l'ai, je trouve que le Codex Mistria est une véritable mine d'or.	«Кодекс Мистрии» постоянно подаёт мне свежие идеи с тех самых пор, как он у меня появился.	For as long as I've had it, the Codex Mistria keeps providing me with fresh insights.
Conversations/Bank/Celine/Relationship Lines/Marriage/marriage_daily_dialogue/workstation_4/1	She said now that I'm married, it'd be invaluable. I wonder why-	Elle m'a dit que c'était un indispensable maintenant que je suis mariée. Va savoir pourquoi...	Она говорит: теперь, когда я вступила в брак, эта книга будет крайне полезна. Интересно, к чему это она...	She said now that I'm married, it'd be invaluable. I wonder why-
Conversations/Bank/Celine/Relationship Lines/Marriage/marriage_daily_dialogue/workstation_4/2	Oh, gosh!	Oh, mazette !	Ой, божечки!	Oh, gosh!
Conversations/Bank/Celine/Relationship Lines/Marriage/marriage_daily_dialogue/workstation_4/init	I'm just about to start reading a book Elise lent me.	Je vais bientôt commencer un livre que m'a prêté Elsie.	Я как раз собираюсь приступить к книге, которую мне одолжила Элси.	I'm just about to start reading a book Elise lent me.
Conversations/Bank/Celine/Relationship Lines/Marriage/marriage_daily_dialogue/workstation_5/1	Maybe I'll just take a little nap instead.	Je ferai plutôt une petite sieste.	Может, я лучше слегка подремлю.	Maybe I'll just take a little nap instead.
Conversations/Bank/Celine/Relationship Lines/Marriage/marriage_daily_dialogue/workstation_5/init	I meant to do a little reading, but this chair is so comfortable...	Je voulais lire un peu, mais cette chaise est trop confortable.	Я хотела немного почитать, но это кресло такое уютное...	I meant to do a little reading, but this chair is so comfortable...
Conversations/Bank/Celine/Relationship Lines/Marriage/marriage_daily_dialogue/workstation_6/1	They're already sprouting!	Ils commencent déjà à germer !	Некоторые уже дают росточки!	They're already sprouting!
Conversations/Bank/Celine/Relationship Lines/Marriage/marriage_daily_dialogue/workstation_6/init	The new seeds I picked up are looking very promising.	Les nouveaux semis que j'ai ramassés m'ont l'air très prometteurs.	Я недавно взяла новые семена. Выглядят очень перспективно!	The new seeds I picked up are looking very promising.
Conversations/Bank/Celine/Relationship Lines/Marriage/marriage_daily_dialogue/workstation_7/1	Now they've got plenty of room to grow!	Maintenant, ils ont assez de place pour pousser !	Зато теперь им хватит места, чтобы расти дальше!	Now they've got plenty of room to grow!
Conversations/Bank/Celine/Relationship Lines/Marriage/marriage_daily_dialogue/workstation_7/init	I've had to repot a few of my plants.	J'ai dû rempoter quelques-uns de mes plants.	Мне пришлось пересадить несколько растений.	I've had to repot a few of my plants.
Conversations/Bank/Celine/Relationship Lines/Marriage/marriage_daily_dialogue/workstation_8/1	But is it getting optimal light? Maybe I should move some of the plants around.	Mais est-ce qu'il y en a assez ? Je devrais peut-être déplacer certaines plantes.	Но оптимально ли он распределён? Возможно, надо поменять местами парочку горшков.	But is it getting optimal light? Maybe I should move some of the plants around.
Conversations/Bank/Celine/Relationship Lines/Marriage/marriage_daily_dialogue/workstation_8/init	So the shelf is definitely getting enough light...	Il y a assez de lumière qui arrive sur l'étagère.	Итак, на полке сейчас определённо достаточно света...	So the shelf is definitely getting enough light...
Conversations/Bank/Celine/Relationship Lines/Marriage/marriage_festival_mornings/animal_festival/1	There are always so many cute animals at the $Animal Festival$! I can't wait!			There are always so many cute animals at the $Animal Festival$! I can't wait!
Conversations/Bank/Celine/Relationship Lines/Marriage/marriage_festival_mornings/animal_festival/init	Morning, [Ari]! Oh, I'm so excited for today...			Morning, [Ari]! Oh, I'm so excited for today...
Conversations/Bank/Celine/Relationship Lines/Marriage/marriage_festival_mornings/harvest_festival/1	I was thinking we could dance a little in the kitchen, as a warm-up...			I was thinking we could dance a little in the kitchen, as a warm-up...
Conversations/Bank/Celine/Relationship Lines/Marriage/marriage_festival_mornings/harvest_festival/2	No, no, I can wait! I'm just really excited...			No, no, I can wait! I'm just really excited...
Conversations/Bank/Celine/Relationship Lines/Marriage/marriage_festival_mornings/harvest_festival/init	Morning! Today's the $Harvest Festival$, isn't it?			Morning! Today's the $Harvest Festival$, isn't it?
Conversations/Bank/Celine/Relationship Lines/Marriage/marriage_festival_mornings/shooting_star_festival/1	Tonight's the $Shooting Star Festival$, isn't it?			Tonight's the $Shooting Star Festival$, isn't it?
Conversations/Bank/Celine/Relationship Lines/Marriage/marriage_festival_mornings/shooting_star_festival/2	I'm looking forward to spending it with you...			I'm looking forward to spending it with you...
Conversations/Bank/Celine/Relationship Lines/Marriage/marriage_festival_mornings/shooting_star_festival/init	Good morning, [Ari]...			Good morning, [Ari]...
Conversations/Bank/Celine/Relationship Lines/Marriage/marriage_festival_mornings/spring_festival/1	I worked super hard gathering $Breath of Spring$ this year...			I worked super hard gathering $Breath of Spring$ this year...
Conversations/Bank/Celine/Relationship Lines/Marriage/marriage_festival_mornings/spring_festival/2	So don't get your hopes up! We might be married, but I won't go easy on you... Hehe.			So don't get your hopes up! We might be married, but I won't go easy on you... Hehe.
Conversations/Bank/Celine/Relationship Lines/Marriage/marriage_festival_mornings/spring_festival/init	Good morning, [Ari]! Happy $Spring Festival$!			Good morning, [Ari]! Happy $Spring Festival$!
Conversations/Bank/Celine/Relationship Lines/Marriage/marriage_market_mornings/market_darcy/1	Darcy will be at the Market, right?			Darcy will be at the Market, right?
Conversations/Bank/Celine/Relationship Lines/Marriage/marriage_market_mornings/market_darcy/2	I want to see what desserts she's got today!			I want to see what desserts she's got today!
Conversations/Bank/Celine/Relationship Lines/Marriage/marriage_market_mornings/market_darcy/init	I woke up wanting something sweet this morning...			I woke up wanting something sweet this morning...
Conversations/Bank/Celine/Relationship Lines/Marriage/marriage_market_mornings/market_louis/1	Louis will be at the Market today, won't he? I've been thinking of getting a new ribbon...			Louis will be at the Market today, won't he? I've been thinking of getting a new ribbon...
Conversations/Bank/Celine/Relationship Lines/Marriage/marriage_market_mornings/market_louis/2	I like using them as bookmarks!			I like using them as bookmarks!
Conversations/Bank/Celine/Relationship Lines/Marriage/marriage_market_mornings/market_louis/init	Good morning, [Ari]!			Good morning, [Ari]!
Conversations/Bank/Celine/Relationship Lines/Marriage/marriage_market_mornings/market_merri/1	Maybe Merri will have some new shelves...			Maybe Merri will have some new shelves...
Conversations/Bank/Celine/Relationship Lines/Marriage/marriage_market_mornings/market_merri/2	I keep getting new plants for the house with nowhere to put them.			I keep getting new plants for the house with nowhere to put them.
Conversations/Bank/Celine/Relationship Lines/Marriage/marriage_market_mornings/market_merri/init	It's Saturday! Excited for the Market?			It's Saturday! Excited for the Market?
Conversations/Bank/Celine/Relationship Lines/Marriage/marriage_market_mornings/market_stillwell/1	I got a mysterious letter from Stillwell... actually, it was kind of hard to understand.			I got a mysterious letter from Stillwell... actually, it was kind of hard to understand.
Conversations/Bank/Celine/Relationship Lines/Marriage/marriage_market_mornings/market_stillwell/2	I'll ask him about it!			I'll ask him about it!
Conversations/Bank/Celine/Relationship Lines/Marriage/marriage_market_mornings/market_stillwell/3	I'm sure it's actually quite mundane... he just has an interesting way of expressing himself.			I'm sure it's actually quite mundane... he just has an interesting way of expressing himself.
Conversations/Bank/Celine/Relationship Lines/Marriage/marriage_market_mornings/market_stillwell/init	Morning, [Ari]!			Morning, [Ari]!
Conversations/Bank/Celine/Relationship Lines/Marriage/marriage_market_mornings/market_taliferro/1	Mom wants me to take a message to Taliferro at the Market today...			Mom wants me to take a message to Taliferro at the Market today...
Conversations/Bank/Celine/Relationship Lines/Marriage/marriage_market_mornings/market_taliferro/2	She doesn't really like dealing with him, but I don't mind... I just can't take him seriously!			She doesn't really like dealing with him, but I don't mind... I just can't take him seriously!
Conversations/Bank/Celine/Relationship Lines/Marriage/marriage_market_mornings/market_taliferro/init	Good morning, [Ari]!			Good morning, [Ari]!
Conversations/Bank/Celine/Relationship Lines/Marriage/marriage_market_mornings/market_vera/1	I think it's about time I paid Vera a visit...			I think it's about time I paid Vera a visit...
Conversations/Bank/Celine/Relationship Lines/Marriage/marriage_market_mornings/market_vera/2	My bangs really need a trim, and I can't be trusted to do it myself!			My bangs really need a trim, and I can't be trusted to do it myself!
Conversations/Bank/Celine/Relationship Lines/Marriage/marriage_market_mornings/market_vera/init	Happy Saturday, [Ari]!			Happy Saturday, [Ari]!
Conversations/Bank/Celine/Relationship Lines/Marriage/marriage_market_mornings/market_wheedle/1	Last time, Wheedle told me he had an incredibly rare flower to sell me...			Last time, Wheedle told me he had an incredibly rare flower to sell me...
Conversations/Bank/Celine/Relationship Lines/Marriage/marriage_market_mornings/market_wheedle/2	But he'd really just dipped a rose in paint...			But he'd really just dipped a rose in paint...
Conversations/Bank/Celine/Relationship Lines/Marriage/marriage_market_mornings/market_wheedle/init	Morning, [Ari]! It's Market day!			Morning, [Ari]! It's Market day!
Conversations/Bank/Celine/Relationship Lines/Marriage/marriage_market_mornings/market_zorel/1	She played a really nice song for me last time... I think I want to pick it up!			She played a really nice song for me last time... I think I want to pick it up!
Conversations/Bank/Celine/Relationship Lines/Marriage/marriage_market_mornings/market_zorel/init	Morning, [Ari]! Do you think Zorel's at the Market today?			Morning, [Ari]! Do you think Zorel's at the Market today?
Conversations/Bank/Celine/Relationship Lines/Marriage/post_wedding_lines/marriage_0/1	Wasn't yesterday just perfect? The wedding... the party...	C'était merveilleux hier, pas vrai ? Le mariage... la réception...	Вчера был потрясающий день, правда? Свадьба... потом празднование...	Wasn't yesterday just perfect? The wedding... the party...
Conversations/Bank/Celine/Relationship Lines/Marriage/post_wedding_lines/marriage_0/2	And then coming home with you...	Et le fait de rentrer à la maison avec toi...	А потом наш с тобой путь домой...	And then coming home with you...
Conversations/Bank/Celine/Relationship Lines/Marriage/post_wedding_lines/marriage_0/3	It's the start of our lives together, and I couldn't be happier.	C'est le début de notre vie à deux et je suis plus heureuse que jamais.	Так начинается наша совместная жизнь. Я невероятно счастлива!	It's the start of our lives together, and I couldn't be happier.
Conversations/Bank/Celine/Relationship Lines/Marriage/post_wedding_lines/marriage_0/3/prompts/0	I love you, Celine.	Je t'aime, Céline.	Я люблю тебя, Селин.	I love you, Celine.
Conversations/Bank/Celine/Relationship Lines/Marriage/post_wedding_lines/marriage_0/3/prompts/1	I feel the same way.	Moi aussi.	Я тоже <p>счастливы</p><f>счастлива</f><m>счастлив</m><n>счастливо</n>.	I feel the same way.
Conversations/Bank/Celine/Relationship Lines/Marriage/post_wedding_lines/marriage_0/4	Oh [Ari]...	Oh, [Ari]...	Ох, [Ari]...	Oh [Ari]...
Conversations/Bank/Celine/Relationship Lines/Marriage/post_wedding_lines/marriage_0/5	I love you.	Je t'aime.	Я люблю тебя.	I love you.
Conversations/Bank/Celine/Relationship Lines/Marriage/post_wedding_lines/marriage_0/init	Good morning, [Ari].	Bonjour, [Ari].	Доброе утро, [Ari].	Good morning, [Ari].
Conversations/Bank/Celine/Relationship Lines/Marriage/post_wedding_lines/marriage_1/1	My perfect partner and the perfect place!	Je suis avec l'amour de ma vie dans un endroit parfait. Que demander de plus ?	С идеальным партнёром в идеальном месте!	My perfect partner and the perfect place!
Conversations/Bank/Celine/Relationship Lines/Marriage/post_wedding_lines/marriage_1/init	It's wonderful living with you on [farm_name]. You've done such an amazing job with the land!	J'aime tellement vivre à tes côtés à [farm_name]. Tu as vraiment fait un travail incroyable ici.	«[farm_name]» выглядит превосходно. Ты совершенно <p>преобразили</p><f>преобразила</f><m>преобразил</m><n>преобразило</n> эту землю. Жить здесь вместе с тобой — просто счастье!	It's wonderful living with you on [farm_name]. You've done such an amazing job with the land!
Conversations/Bank/Celine/Relationship Lines/Marriage/post_wedding_lines/marriage_2/1	We were standing together in a beautiful field of flowers.	On était tous les deux sur un magnifique parterre de fleurs. Et Caldarus était là aussi, à veiller sur nous, sous la forme d'un ancien dragon...	Мы вдвоём стояли на прекрасной цветочной поляне. Кальдарус тоже там был, только в форме древнего дракона...	We were standing together in a beautiful field of flowers.
Conversations/Bank/Celine/Relationship Lines/Marriage/post_wedding_lines/marriage_2/2	Caldarus was there too, watching over us in the form of an ancient dragon...	On souriait, on riait ensemble et je me sentais vraiment épanouie.	И мы вместе улыбались и смеялись. Мне было так радостно.	Caldarus was there too, watching over us in the form of an ancient dragon...
Conversations/Bank/Celine/Relationship Lines/Marriage/post_wedding_lines/marriage_2/3	And we were smiling and laughing together, and I felt so warm.	Désolée... Je ne sais pas pourquoi je pleure parce que c'était un rêve joyeux.	Прости... Не знаю, почему я расплакалась... Это был такой счастливый сон.	And we were smiling and laughing together, and I felt so warm.
Conversations/Bank/Celine/Relationship Lines/Marriage/post_wedding_lines/marriage_2/init	I had the most wonderful dream last night...	J'ai fait un rêve fabuleux la nuit dernière...	Прошлой ночью мне снился совершенно волшебный сон...	I had the most wonderful dream last night...
Conversations/Bank/Celine/Relationship Lines/Marriage/post_wedding_lines/marriage_3/1	I need to get better about wearing my gloves.	Il faut que je porte des gants.	Мне надо не забывать о перчатках.	I need to get better about wearing my gloves.
Conversations/Bank/Celine/Relationship Lines/Marriage/post_wedding_lines/marriage_3/init	My poor nails... they're in such bad shape from all the gardening.	Mes pauvres ongles... ils sont tellement abîmés à cause du jardinage.	Бедные мои ногти... От работы в саду они все попортились.	My poor nails... they're in such bad shape from all the gardening.
Conversations/Bank/Celine/Relationship Lines/Marriage/post_wedding_lines/marriage_4/1	Dell and I were such a handful, and my parents had the General Store to run on top of that...	Dell et moi n'étions pas faciles à gérer, et mes parents devaient s'occuper du magasin général...	Со мной и с Делл было много возни, а вдобавок у моих родителей ещё и универмаг...	Dell and I were such a handful, and my parents had the General Store to run on top of that...
Conversations/Bank/Celine/Relationship Lines/Marriage/post_wedding_lines/marriage_4/2	But no matter how busy things were, they always made time for us, and for each other.	Mais même s'ils étaient débordés, ils avaient toujours le temps pour nous, et pour eux aussi.	Даже когда дел было невпроворот, они уделяли время нам и друг другу.	But no matter how busy things were, they always made time for us, and for each other.
Conversations/Bank/Celine/Relationship Lines/Marriage/post_wedding_lines/marriage_4/3	You could really tell how much they loved each other.	On voyait bien à quel point ils s'aimaient.	Было сразу видно, как сильно они любят друг друга.	You could really tell how much they loved each other.
Conversations/Bank/Celine/Relationship Lines/Marriage/post_wedding_lines/marriage_4/4	I hope I can be as good a partner to you!	J'espère que je serai une compagne à la hauteur pour toi !	Надеюсь, я смогу быть таким же партнёром для тебя!	I hope I can be as good a partner to you!
Conversations/Bank/Celine/Relationship Lines/Marriage/post_wedding_lines/marriage_4/init	Looking back, I was so lucky growing up.	Quand j'y repense, j'ai eu une enfant heureuse.	Вспоминаю своё детство и понимаю, как же мне повезло.	Looking back, I was so lucky growing up.
Conversations/Bank/Celine/Relationship Lines/Marriage/post_wedding_lines/marriage_5/1	Could we maybe... go to bed early tonight?	Est-ce que tu pourrais... te coucher tôt ce soir ?	Может, мы сегодня... пораньше пойдём в постель?	Could we maybe... go to bed early tonight?
Conversations/Bank/Celine/Relationship Lines/Marriage/post_wedding_lines/marriage_5/1/prompts/0	Oh! Of course, darling.	Oh ! Bien sûr, ma chérie.	О! Ну конечно, дорогая.	Oh! Of course, darling.
Conversations/Bank/Celine/Relationship Lines/Marriage/post_wedding_lines/marriage_5/1/prompts/1	But I'm not very sleepy...	Mais je n'ai pas vraiment sommeil...	Я ещё не очень хочу спать...	But I'm not very sleepy...
Conversations/Bank/Celine/Relationship Lines/Marriage/post_wedding_lines/marriage_5/2	Hehe!	Hi hi !	Хи-хи!	Hehe!
Conversations/Bank/Celine/Relationship Lines/Marriage/post_wedding_lines/marriage_5/3	[Ari]!	[Ari] !	[Ari]!	[Ari]!
Conversations/Bank/Celine/Relationship Lines/Marriage/post_wedding_lines/marriage_5/4	Are you teasing me again?	Tu me taquines, c'est ça ?	Ты что, снова дразнишься?	Are you teasing me again?
Conversations/Bank/Celine/Relationship Lines/Marriage/post_wedding_lines/marriage_5/init	Hey [Ari], I know you've been busy in the evenings, but... um...	Dis, [Ari], je sais que tu as des choses à faire le soir, mais... euh...	Послушай, [Ari]... Я знаю, что ты обычно <p>заняты</p><f>занята</f><m>занят</m><n>занято</n> по вечерам, но, эм...	Hey [Ari], I know you've been busy in the evenings, but... um...
Conversations/Bank/Celine/Relationship Lines/Marriage/post_wedding_lines/marriage_6/1	But when I talk to Dad, he says lots of puns keep a marriage fresh!	Mais quand je parle avec papa, il dit que les calembours font vivre le couple.	Но когда я спрашиваю папу, он говорит, что каламбуры освежают брак!	But when I talk to Dad, he says lots of puns keep a marriage fresh!
Conversations/Bank/Celine/Relationship Lines/Marriage/post_wedding_lines/marriage_6/1/prompts/0	Whatever amount of puns is fine!	Tu peux faire autant de jeux de mots que tu veux !	Меня устраивает любое количество каламбуров!	Whatever amount of puns is fine!
Conversations/Bank/Celine/Relationship Lines/Marriage/post_wedding_lines/marriage_6/1/prompts/1	When I married you, I knew puns were inevitable.	Je savais que je n'y échapperais pas en me mariant avec toi.	Когда я <p>женились</p><f>женилась</f><m>женился</m><n>женилось</n> на тебе, я <p>знали</p><f>знала</f><m>знал</m><n>знало</n>, что каламбуров не избежать.	When I married you, I knew puns were inevitable.
Conversations/Bank/Celine/Relationship Lines/Marriage/post_wedding_lines/marriage_6/2	Yeah, you're right. We've gotta find our own balance!	Oui, tu as raison. Il suffit de trouver le bon équilibre !	Да, ты <p>правы</p><f>права</f><m>прав</m><n>право</n>. Будем искать подходящую дозу!	Yeah, you're right. We've gotta find our own balance!
Conversations/Bank/Celine/Relationship Lines/Marriage/post_wedding_lines/marriage_6/3	Just let me know when you reach your pun Celine.	Dis-moi quand tu arriveras à saturation.	Узнаем друг друга лучше всех во в-селин-ной.	Just let me know when you reach your pun Celine.
Conversations/Bank/Celine/Relationship Lines/Marriage/post_wedding_lines/marriage_6/4	Oh!	Oh !	Ого!	Oh!
Conversations/Bank/Celine/Relationship Lines/Marriage/post_wedding_lines/marriage_6/5	That's... actually pretty romantic?	C'est... plutôt romantique, en fait.	Знаешь... это довольно романтично!	That's... actually pretty romantic?
Conversations/Bank/Celine/Relationship Lines/Marriage/post_wedding_lines/marriage_6/init	"Mom keeps sharing advice about married life, but it basically comes down to ""don't pun too much""."	Maman n'arrête pas de me donner des conseils sur la vie conjugale. Elle me supplie de « ne pas trop faire de jeux de mots ».	Мама часто делится со мной советами по семейной жизни. В конце концов они сводятся к одному: «поменьше каламбуров».	"Mom keeps sharing advice about married life, but it basically comes down to ""don't pun too much""."
Conversations/Bank/Celine/Relationship Lines/Marriage/post_wedding_lines/marriage_7/1	When I'm with you, I feel so... complete.	Quand je suis avec toi, je me sens vraiment... comblée.	Когда мы вместе, я чувствую себя... наполненной.	When I'm with you, I feel so... complete.
Conversations/Bank/Celine/Relationship Lines/Marriage/post_wedding_lines/marriage_7/2	Like I've known you my whole life, or somehow longer.	C'est comme si on se connaissait depuis toujours, voire plus encore.	Как будто я знаю тебя всю жизнь. Или даже дольше.	Like I've known you my whole life, or somehow longer.
Conversations/Bank/Celine/Relationship Lines/Marriage/post_wedding_lines/marriage_7/3	I'm so happy we ended up together.	Quelle chance j'ai eue de te rencontrer.	Я счастлива, что мы с тобой вместе.	I'm so happy we ended up together.
Conversations/Bank/Celine/Relationship Lines/Marriage/post_wedding_lines/marriage_7/init	It's just so wonderful being with you.	C'est un tel bonheur d'être avec toi.	Рядом с тобой так чудесно.	It's just so wonderful being with you.
Conversations/Bank/Celine/Relationship Lines/Marriage/post_wedding_lines/marriage_8/1	Oh!	Oh !	Ой!	Oh!
Conversations/Bank/Celine/Relationship Lines/Marriage/post_wedding_lines/marriage_8/2	I was thinking how you're just my type. Hehe!	Je me disais justement que tu étais vraiment fait<she>e</she><he></he><they>·e</they> pour moi. Hi hi !	Я просто размышляла, что ты мой типаж. Хи-хи!	I was thinking how you're just my type. Hehe!
Conversations/Bank/Celine/Relationship Lines/Marriage/post_wedding_lines/marriage_8/init	...	...	...	...
Conversations/Bank/Celine/Relationship Lines/Marriage/post_wedding_lines/marriage_8/init/prompts/0	What?	Qu'est-ce qu'il y a ?	Что такое?	What?
Conversations/Bank/Celine/Relationship Lines/Marriage/post_wedding_lines/marriage_8/init/prompts/1	What'cha thinking about?	À quoi tu penses ?	О чём задумалась?	What'cha thinking about?
Conversations/Bank/Celine/Relationship Lines/Marriage/post_wedding_lines/marriage_9/1	And thinking how cute you were...	J'ai craqué sur toi au premier regard...	И думала, <p>какие</p><f>какая</f><m>какой</m><n>какое</n> ты милашка...	And thinking how cute you were...
Conversations/Bank/Celine/Relationship Lines/Marriage/post_wedding_lines/marriage_9/2	And now look at us, married!	Et maintenant, nous avons passé l'étape du mariage !	А теперь я уже твоя жена!	And now look at us, married!
Conversations/Bank/Celine/Relationship Lines/Marriage/post_wedding_lines/marriage_9/3	I... I hope no matter how many years pass, we'll always be as happy as we are now.	J'espère que même si les années passent... <he>nous serons toujours aussi heureux</he><she>nous serons toujours aussi heureuses</she><they>ce sera toujours le bonheur</they>.	Я... Я надеюсь, что, несмотря на годы, мы всегда будем счастливы, как сейчас.	I... I hope no matter how many years pass, we'll always be as happy as we are now.
Conversations/Bank/Celine/Relationship Lines/Marriage/post_wedding_lines/marriage_9/3/prompts/0	Me too!	Moi aussi !	Я тоже!	Me too!
Conversations/Bank/Celine/Relationship Lines/Marriage/post_wedding_lines/marriage_9/3/prompts/1	Even happier, I bet.	Et même plus encore, je parie.	Спорим, что будем ещё счастливее?	Even happier, I bet.
Conversations/Bank/Celine/Relationship Lines/Marriage/post_wedding_lines/marriage_9/4	I love you, [Ari].	Je t'aime, [Ari].	Я люблю тебя, [Ari].	I love you, [Ari].
Conversations/Bank/Celine/Relationship Lines/Marriage/post_wedding_lines/marriage_9/init	It feels like just yesterday I was welcoming my new neighbor to town...	J'ai l'impression que c'était hier que je te disais bonjour pour la première fois.	Кажется, будто ещё вчера я знакомилась с тобой как с новым обитателем Мистрии...	It feels like just yesterday I was welcoming my new neighbor to town...
Conversations/Bank/Celine/Relationship Lines/Relationship/post_8h_lines_best_friend/celine_post_8h_best_friend_0/1	I was so nervous when Adeline told me I'd be getting a new neighbor!	J'étais tellement nerveuse quand Adeline m'a dit que quelqu'un d'extérieur s'installait dans la maison voisine !	Я так переживала, когда Аделина мне сказала, что у меня будет сосед!	Толкова се притесних, когато Аделайн ми каза, че ще си имаме нов съсед!
Conversations/Bank/Celine/Relationship Lines/Relationship/post_8h_lines_best_friend/celine_post_8h_best_friend_0/2	What would have happened if we didn't get along?	Qu'est-ce qui serait arrivé si le courant n'était pas passé ?	Вдруг мы бы не поладили?	Какво ли щеше да стане, ако не се бяхме разбирали?
Conversations/Bank/Celine/Relationship Lines/Relationship/post_8h_lines_best_friend/celine_post_8h_best_friend_0/3	I feel so lucky that you're the one who moved in.	J'ai eu beaucoup de chance que ce soit toi qui t'installes.	Мне так повезло, что <p>приехали</p><f>приехала</f><m>приехал</m><n>приехало</n> именно ты.	Толкова съм щастлива, че точно ти се нанесе.
Conversations/Bank/Celine/Relationship Lines/Relationship/post_8h_lines_best_friend/celine_post_8h_best_friend_0/init	I was just reminiscing about the day you arrived in town...	J'étais en train de me remémorer le jour de ton arrivée en ville...	Недавно я вспоминала тот день, когда ты <p>пришли</p><f>пришла</f><m>пришёл</m><n>пришло</n> в город.	Тъкмо си спомнях деня, в който пристигна в града...
Conversations/Bank/Celine/Relationship Lines/Relationship/post_8h_lines_best_friend/celine_post_8h_best_friend_1/1	Before that, I shared a bedroom with Dell!	Avant ça, je partageais une chambre avec Dell !	А до этого у нас с Делл была общая спальня!	Преди това делях стая с Дел!
Conversations/Bank/Celine/Relationship Lines/Relationship/post_8h_lines_best_friend/celine_post_8h_best_friend_1/10	Sharing a room can be fun... except for when it's not.	Partager une chambre, ça peut être amusant... mais pas toujours.	Жить в одной комнате бывает весело... но не всегда.	Да делиш стая може да е забавно... освен когато не е.
Conversations/Bank/Celine/Relationship Lines/Relationship/post_8h_lines_best_friend/celine_post_8h_best_friend_1/2	It was cramped at the time, but I look back on it fondly now.	On était à l'étroit, à l'époque, mais j'y repense maintenant avec tendresse.	Там всегда был такой бардак. Но теперь я вспоминаю его с ностальгией.	Тогава беше тясно, но сега си го спомням с умиление.
Conversations/Bank/Celine/Relationship Lines/Relationship/post_8h_lines_best_friend/celine_post_8h_best_friend_1/3	We read together a lot, and resolved our disagreements by duking it out with pillows.	On lisait beaucoup ensemble et on résolvait nos désaccords par des batailles d'oreiller.	Мы часто вместе читали, а споры решали с помощью драки на подушках.	Четяхме много заедно и решавахме споровете си с бой с възглавници.
Conversations/Bank/Celine/Relationship Lines/Relationship/post_8h_lines_best_friend/celine_post_8h_best_friend_1/4	What about you, [Ari]? Do you have any siblings?	Et toi, [Ari] ? Tu as des frères et sœurs ?	А у тебя, [Ari], есть братья или сёстры?	А ти, [Ari]? Имаш ли братя или сестри?
Conversations/Bank/Celine/Relationship Lines/Relationship/post_8h_lines_best_friend/celine_post_8h_best_friend_1/4/prompts/0	I do, actually!	Oui, j'en ai !	Да, есть!	Да, всъщност имам!
Conversations/Bank/Celine/Relationship Lines/Relationship/post_8h_lines_best_friend/celine_post_8h_best_friend_1/4/prompts/1	I'm an only child.	Je suis enfant unique.	Я единственный ребёнок в семье.	Единствено дете съм.
Conversations/Bank/Celine/Relationship Lines/Relationship/post_8h_lines_best_friend/celine_post_8h_best_friend_1/5	I thought you might!	Je me disais que c'était fort probable !	Я так и думала!	Така и предполагах!
Conversations/Bank/Celine/Relationship Lines/Relationship/post_8h_lines_best_friend/celine_post_8h_best_friend_1/6	Does that mean you had to share a bedroom growing up, too?	Ça veut dire que toi aussi, quand tu étais plus jeune, tu as dû partager ta chambre ?	Значит, тебе тоже приходилось делить с ними спальню?	<he>Значи и ти си делил стая, докато си растял?</he><she>Значи и ти си делила стая, докато си растяла?</she><they>Значи и вие сте делили стая, докато сте растели?</they>
Conversations/Bank/Celine/Relationship Lines/Relationship/post_8h_lines_best_friend/celine_post_8h_best_friend_1/7	I'm so curious!	Je suis tellement curieuse !	Мне любопытно послушать!	Толкова ми е любопитно!
Conversations/Bank/Celine/Relationship Lines/Relationship/post_8h_lines_best_friend/celine_post_8h_best_friend_1/8	So I'm guessing you had your own bedroom growing up?	Alors je suppose que tu avais ta propre chambre, quand tu étais plus jeune ?	Значит, у тебя, наверное, была своя спальня?	<he>Значи си имал собствена стая, докато си растял?</he><she>Значи си имала собствена стая, докато си растяла?</she><they>Значи сте имали собствена стая, докато сте растели?</they>
Conversations/Bank/Celine/Relationship Lines/Relationship/post_8h_lines_best_friend/celine_post_8h_best_friend_1/9	Ohh, I'm so jealous!	Oh, je suis trop jalouse !	Ухх, завидую!	Ох, толкова ти завиждам!
Conversations/Bank/Celine/Relationship Lines/Relationship/post_8h_lines_best_friend/celine_post_8h_best_friend_1/init	It's funny to think that I moved into my cottage just shortly before you moved to Mistria.	Quand j'y pense, c'est rigolo que j'aie emménagé dans ma maisonnette très peu de temps avant ton installation à Mistria.	Забавно, ведь я переехала в свой домик как раз незадолго до твоего приезда.	Странно е да си помисля, че се нанесох в къщичката си малко преди ти да дойдеш в Мистрия.
Conversations/Bank/Celine/Relationship Lines/Relationship/post_8h_lines_best_friend/celine_post_8h_best_friend_10/1	Since I was little, I always felt like there was something special about Mistria.	Depuis que je suis petite, j'ai toujours eu l'impression qu'il y avait quelque chose de particulier à propos de Mistria.	Я с самого детства чувствую, что в Мистрии есть что-то особенное.	От малка винаги съм усещала, че в Мистрия има нещо особено.
Conversations/Bank/Celine/Relationship Lines/Relationship/post_8h_lines_best_friend/celine_post_8h_best_friend_10/10	That goes for you too, [Ari]!	Cela vaut pour toi aussi, [Ari] !	Тебя это тоже касается, [Ari].	Това важи и за теб, [Ari]!
Conversations/Bank/Celine/Relationship Lines/Relationship/post_8h_lines_best_friend/celine_post_8h_best_friend_10/2	In the air, and in the earth... something sleeping, on the verge of waking up.	Dans l'air, dans la terre... Quelque chose qui dort, qui est sur le point de s'éveiller.	И в воздухе, и в земле... Будто что-то дремлет и вот-вот пробудится.	Във въздуха и в земята... нещо спи, на прага на пробуждане.
Conversations/Bank/Celine/Relationship Lines/Relationship/post_8h_lines_best_friend/celine_post_8h_best_friend_10/3	I used to think that I was the only one who felt it.	Je pensais autrefois que j'étais la seule à le percevoir.	Раньше я думала, что я одна это ощущаю.	Преди мислех, че само аз го усещам.
Conversations/Bank/Celine/Relationship Lines/Relationship/post_8h_lines_best_friend/celine_post_8h_best_friend_10/4	But recently I've been wondering if maybe you can feel it too.	Mais depuis quelque temps, je me demande si tu ne le sentirais pas, toi aussi.	Но в последнее время задумалась: может, ты тоже чувствуешь?	Но напоследък се чудя дали и ти не го усещаш.
Conversations/Bank/Celine/Relationship Lines/Relationship/post_8h_lines_best_friend/celine_post_8h_best_friend_10/4/prompts/0	Yes, there is definitely something magical about this place.	Oui, ce lieu a vraiment quelque chose de magique.	Да, в этом месте определённо есть какая-то магия.	Да, тук определено има нещо магично.
Conversations/Bank/Celine/Relationship Lines/Relationship/post_8h_lines_best_friend/celine_post_8h_best_friend_10/4/prompts/1	It's the people that make Mistria so magical.	Ce sont ses habitants qui donnent à Mistria sa magie.	Волшебство Мистрии — в её обитателях.	Хората правят Мистрия толкова магична.
Conversations/Bank/Celine/Relationship Lines/Relationship/post_8h_lines_best_friend/celine_post_8h_best_friend_10/5	I'm so glad you think so as well!	Je suis tellement contente que tu penses la même chose !	Как я рада, что ты тоже так думаешь!	Толкова се радвам, че и ти мислиш така!
Conversations/Bank/Celine/Relationship Lines/Relationship/post_8h_lines_best_friend/celine_post_8h_best_friend_10/6	Mistria has been changing so much since you arrived here-	Mistria a tellement changé depuis ton arrivée ici.	Мистрия так поменялась с твоего приезда...	Мистрия толкова се промени, откакто дойде тук-
Conversations/Bank/Celine/Relationship Lines/Relationship/post_8h_lines_best_friend/celine_post_8h_best_friend_10/7	And that magical quality seems stronger than ever!	Et ce côté magique semble plus fort que jamais auparavant !	И эта волшебность как будто стала ещё сильнее!	И това усещане за магия е по-силно от всякога!
Conversations/Bank/Celine/Relationship Lines/Relationship/post_8h_lines_best_friend/celine_post_8h_best_friend_10/8	I suppose that's true!	Je crois que c'est vrai !	Наверное, это правда!	Предполагам, че е така!
Conversations/Bank/Celine/Relationship Lines/Relationship/post_8h_lines_best_friend/celine_post_8h_best_friend_10/9	The people living here are a major part of what makes Mistria special	Les gens qui vivent ici sont, pour une grande part, ce qui fait que Mistria est un lieu si spécial.	Мистрия такая необыкновенная во многом благодаря людям, которые здесь живут.	Хората тук са голяма част от онова, което прави Мистрия особена.
Conversations/Bank/Celine/Relationship Lines/Relationship/post_8h_lines_best_friend/celine_post_8h_best_friend_10/init	This might sound silly but...	Ça peut paraître un peu ridicule, mais...	Звучит немного глупо, но...	Може да звучи глупаво, но...
Conversations/Bank/Celine/Relationship Lines/Relationship/post_8h_lines_best_friend/celine_post_8h_best_friend_2/1	It makes me wonder if I'm more like my mom or more like my dad!	Je me demande si je ressemble plus à ma mère ou à mon père...	И я задумалась: а я выросла в маму или в папу?	Кара ме да се чудя дали приличам повече на мама или на татко!
Conversations/Bank/Celine/Relationship Lines/Relationship/post_8h_lines_best_friend/celine_post_8h_best_friend_2/2	Who do you think I take after more?	D'après toi, de qui je tiens le plus ?	Как ты думаешь, на кого я больше похожа?	Според теб на кого приличам повече?
Conversations/Bank/Celine/Relationship Lines/Relationship/post_8h_lines_best_friend/celine_post_8h_best_friend_2/2/prompts/0	You take after Nora!	Tu ressembles surtout à Nora !	Ты похожа на Нору!	Приличаш на Нора!
Conversations/Bank/Celine/Relationship Lines/Relationship/post_8h_lines_best_friend/celine_post_8h_best_friend_2/2/prompts/1	You take after Holt!	Tu ressembles surtout à Holt !	Ты похожа на Хольта!	Приличаш на Холт!
Conversations/Bank/Celine/Relationship Lines/Relationship/post_8h_lines_best_friend/celine_post_8h_best_friend_2/3	Obviously, right? The blonde hair is a giveaway!	C'est évident, hein ? Les cheveux blonds, c'est un indice flagrant !	Очевидно же! С такими белыми волосами.	Очевидно, нали? Русата коса издава всичко!
Conversations/Bank/Celine/Relationship Lines/Relationship/post_8h_lines_best_friend/celine_post_8h_best_friend_2/4	Although... I couldn't make perfect spreadsheets or handle vendor relationships like Mom does.	Pourtant... Je n'arriverais ni à tenir des feuilles de calcul impeccables ni à gérer les relations avec les clients comme le fait maman.	Хотя... Я не умею идеально заполнять таблицы и договариваться с поставщиками, как мама.	Макар че... не мога да правя съвършени таблици или да се справям с отношенията с търговците като мама.
Conversations/Bank/Celine/Relationship Lines/Relationship/post_8h_lines_best_friend/celine_post_8h_best_friend_2/5	Do you think that means that Dell is going to unlock some latent powers of negotiation when she gets older?	Tu crois que ça signifie que Dell va révéler des talents insoupçonnés de négociatrice, en grandissant ?	Неужели это значит, что у Делл откроется дар к переговорам, когда она вырастет?	Мислиш ли, че това означава, че когато порасне, Дел ще отключи някакъв скрит талант за преговори?
Conversations/Bank/Celine/Relationship Lines/Relationship/post_8h_lines_best_friend/celine_post_8h_best_friend_2/6	My Dad? No way! That's pun-believable!	À mon père ? Mais non ! Je ne suis pas si vieux jeu... de mots !	На папу? Да нет, мы совсем не пап-хожи!	Баща ми? Няма начин! Това е... каламбуроятно!
Conversations/Bank/Celine/Relationship Lines/Relationship/post_8h_lines_best_friend/celine_post_8h_best_friend_2/7	Er, I mean... unbelievable!	Quoique...	Эм, то есть... не похожи!	Ъъ, имах предвид... невероятно!
Conversations/Bank/Celine/Relationship Lines/Relationship/post_8h_lines_best_friend/celine_post_8h_best_friend_2/8	S-stop giggling, [Ari]!	M-Mais, arrête de rire, [Ari] !	П-перестань хихикать, [Ari]!	Н-не се хили, [Ari]!
Conversations/Bank/Celine/Relationship Lines/Relationship/post_8h_lines_best_friend/celine_post_8h_best_friend_2/init	My parents were just talking about how Dell is so much like my mom when she was little.	Mes parents disaient il y a peu que Dell ressemblait beaucoup à ma mère quand elle était petite.	Недавно родители говорили, что Делл очень похожа на маму в детстве.	Родителите ми тъкмо говореха колко много Дел е приличала на мама, когато е била малка.
Conversations/Bank/Celine/Relationship Lines/Relationship/post_8h_lines_best_friend/celine_post_8h_best_friend_3/1	Apparently her side of the family has been living in Mistria even longer than Hayden's family has.	Apparemment, notre famille, de son côté à elle, vit à Mistria depuis encore plus longtemps que la famille d'Hayden.	Оказывается, её предки жили в Мистрии даже раньше, чем семья Хейдена.	Явно родът ѝ живее в Мистрия дори по-отдавна от семейството на Хейдън.
Conversations/Bank/Celine/Relationship Lines/Relationship/post_8h_lines_best_friend/celine_post_8h_best_friend_3/10	Of all the places you could have settled down, I'm glad you came to Mistria!	De tous les endroits où tu aurais pu t'installer, je suis contente que tu aies choisi Mistria !	Я рада, что из всех возможных мест ты <p>выбрали</p><f>выбрала</f><m>выбрал</m><n>выбрало</n> поселиться в Мистрии!	От всички места, където можеше да се установиш, се радвам, че избра Мистрия!
Conversations/Bank/Celine/Relationship Lines/Relationship/post_8h_lines_best_friend/celine_post_8h_best_friend_3/2	Which is a really long time!	Ça remonte donc vraiment à loin !	А это очень-очень давно!	Което е наистина много време!
Conversations/Bank/Celine/Relationship Lines/Relationship/post_8h_lines_best_friend/celine_post_8h_best_friend_3/3	It made me curious...	Ça a suscité ma curiosité...	А мне стало любопытно...	И това ме накара да се замисля...
Conversations/Bank/Celine/Relationship Lines/Relationship/post_8h_lines_best_friend/celine_post_8h_best_friend_3/4	Did you grow up in the Capital? Or somewhere different?	Tu as grandi dans la capitale ? Où ailleurs ?	Ты <p>выросли</p><f>выросла</f><m>вырос</m><n>выросло</n> в столице? Или ты откуда-то ещё?	В Столицата ли <he>си израснал</he><she>си израснала</she><they>сте израснали</they>? Или някъде другаде?
Conversations/Bank/Celine/Relationship Lines/Relationship/post_8h_lines_best_friend/celine_post_8h_best_friend_3/4/prompts/0	I'm originally from the Capital.	Je suis originaire de la capitale.	Я <p>родились</p><f>родилась</f><m>родился</m><n>родилось</n> в столице.	Родом съм от Столицата.
Conversations/Bank/Celine/Relationship Lines/Relationship/post_8h_lines_best_friend/celine_post_8h_best_friend_3/4/prompts/1	I'm from farther away than that!	Je viens de bien plus loin !	Я <p>родились</p><f>родилась</f><m>родился</m><n>родилось</n> гораздо дальше!	Идвам от още по-далече!
Conversations/Bank/Celine/Relationship Lines/Relationship/post_8h_lines_best_friend/celine_post_8h_best_friend_3/5	Really? Wow! I guess that makes sense, knowing you came from the Adventurer's Guild.	Vraiment ? Waouh ! C'est logique, quand on sait que tu faisais partie de la guilde des aventuriers.	Правда? Ух ты! Хотя это логично, раз ты из гильдии приключенцев.	Наистина? Леле! Като знам за Гилдията на приключенците, това звучи логично.
Conversations/Bank/Celine/Relationship Lines/Relationship/post_8h_lines_best_friend/celine_post_8h_best_friend_3/6	It must have been a faster paced life, growing up in a big city.	Ce doit être un tout autre rythme de vie, de grandir dans une grande ville.	В большом городе наверняка жизнь ощущалась быстрее.	Да израснеш в голям град сигурно е било по-динамично.
Conversations/Bank/Celine/Relationship Lines/Relationship/post_8h_lines_best_friend/celine_post_8h_best_friend_3/7	Of all the places you could have settled down, I'm glad you came to Mistria!	De tous les endroits où tu aurais pu t'installer, je suis contente que tu aies choisi Mistria !	Я рада, что из всех возможных мест ты <p>выбрали</p><f>выбрала</f><m>выбрал</m><n>выбрало</n> поселиться в Мистрии!	От всички места, където можеше да се установиш, се радвам, че избра Мистрия!
Conversations/Bank/Celine/Relationship Lines/Relationship/post_8h_lines_best_friend/celine_post_8h_best_friend_3/8	So you're well-traveled, then!	Alors tu as beaucoup voyagé !	Выходит, у тебя большой опыт путешествий!	Значи <he>си пътувал</he><she>си пътувала</she><they>сте пътували</they> доста!
Conversations/Bank/Celine/Relationship Lines/Relationship/post_8h_lines_best_friend/celine_post_8h_best_friend_3/9	I suppose it must have been the Adventurer's Guild that brought you to the Capital before you moved here, right?	J'imagine que c'est grâce à la guilde des aventuriers que tu as vécu dans la capitale avant de venir t'installer ici, n'est-ce pas ?	Наверное, ты <p>попали</p><f>попала</f><m>попал</m><n>попало</n> в столицу по делам гильдии приключенцев, перед тем как приехать к нам?	Предполагам, че Гилдията на приключенците те е отвела в Столицата, преди да се преместиш тук, така ли?
Conversations/Bank/Celine/Relationship Lines/Relationship/post_8h_lines_best_friend/celine_post_8h_best_friend_3/init	My mom has been taking an interest in our roots lately.	Depuis peu, ma mère a développé un certain intérêt pour nos racines familiales.	Мама недавно заинтересовалась нашими корнями.	Напоследък мама се интересува от рода ни.
Conversations/Bank/Celine/Relationship Lines/Relationship/post_8h_lines_best_friend/celine_post_8h_best_friend_4/1	Even the plants seem extra happy to see you.	Même les plantes ont l'air super heureuses de te voir.	Даже мои растения, кажется, рады тебя видеть.	Дори растенията сякаш се радват повече, че те виждат.
Conversations/Bank/Celine/Relationship Lines/Relationship/post_8h_lines_best_friend/celine_post_8h_best_friend_4/init	Oh [Ari], seeing you is always like a ray of sunshine!	Oh, [Ari], ta venue est toujours un rayon de soleil !	Ах, [Ari], ты словно лучик солнца!	О, [Ari], щом те видя, все едно слънце изгрява!
Conversations/Bank/Celine/Relationship Lines/Relationship/post_8h_lines_best_friend/celine_post_8h_best_friend_5/1	It makes me want to work extra hard too...	Ça me donne envie de travailler encore plus dur, moi aussi...	Глядя на тебя, мне хочется так же усердно работать...	И на мен ми се приисква да се потрудя още по-усърдно...
Conversations/Bank/Celine/Relationship Lines/Relationship/post_8h_lines_best_friend/celine_post_8h_best_friend_5/2	So today I've reorganized the shelves and tidied up the shop!	Alors aujourd'hui, j'ai réorganisé les étagères et nettoyé la boutique !	Поэтому сегодня я навела порядок на полках и прибралась в магазине!	Затова днес пренаредих рафтовете и разтребих магазина!
Conversations/Bank/Celine/Relationship Lines/Relationship/post_8h_lines_best_friend/celine_post_8h_best_friend_5/init	You're really inspiring, [Ari].	Tu es vraiment un modèle, [Ari] !	Ты меня вдохновляешь, [Ari].	Много ме вдъхновяваш, [Ari].
Conversations/Bank/Celine/Relationship Lines/Relationship/post_8h_lines_best_friend/celine_post_8h_best_friend_6/1	They're thought to represent renewal since they bloom early in the year.	On dit qu'ils représentent le renouveau, car ils fleurissent tôt dans l'année.	Она распускается в начале года, поэтому считается, что она символизирует обновление.	Казват, че символизира обновлението, защото цъфти рано през годината.
Conversations/Bank/Celine/Relationship Lines/Relationship/post_8h_lines_best_friend/celine_post_8h_best_friend_6/2	It made me think of you. How you've helped Mistria... and me!	Ça m'a fait penser à toi. À la façon dont tu as aidé Mistria... et moi !	Эта сирень напомнила мне о тебе. О том, как ты <p>помогли</p><f>помогла</f><m>помог</m><n>помогло</n> Мистрии... и мне!	Накара ме да се сетя за теб. За това как помогна на Мистрия... и на мен!
Conversations/Bank/Celine/Relationship Lines/Relationship/post_8h_lines_best_friend/celine_post_8h_best_friend_6/3	Here, I want you to have it!	Tiens, prends-le, il est pour toi !	Держи, хочу отдать её тебе!	Заповядай, искам да го вземеш!
Conversations/Bank/Celine/Relationship Lines/Relationship/post_8h_lines_best_friend/celine_post_8h_best_friend_6/init	I was out foraging near Hayden's Farm and saw this =Lilac=...	Je faisais un peu de cueillette hier, près de la ferme d'Hayden, et j'ai vu ce =lilas=...	Однажды я собирала цветы неподалёку от фермы Хейдена и нашла эту =сирень=...	Събирах разни неща край фермата на Хейдън и видях този =Люляк=...
Conversations/Bank/Celine/Relationship Lines/Relationship/post_8h_lines_best_friend/celine_post_8h_best_friend_7/1	They represent prosperity and joy, you know.	Tu sais, c'est une fleur qui représente la prospérité et la joie.	Ты знаешь, что они означают радость и процветание?	Знаеш ли, тя символизира благополучие и радост.
Conversations/Bank/Celine/Relationship Lines/Relationship/post_8h_lines_best_friend/celine_post_8h_best_friend_7/2	I hope it brightens up your day, just like you always do for me!	J'espère qu'elle illuminera ta journée, comme te voir illumine toujours la mienne !	Пускай они тебя сегодня обрадуют, как ты радуешь меня!	Надявам се да озари деня ти, както ти винаги озаряваш моя!
Conversations/Bank/Celine/Relationship Lines/Relationship/post_8h_lines_best_friend/celine_post_8h_best_friend_7/init	I saw this =Marigold= while foraging outside of town...	J'ai vu ce =souci= tandis que je faisais un peu de cueillette à l'extérieur de la ville...	Я увидела эти =бархатцы=, когда вышла из города пособирать цветы...	Докато събирах разни неща извън града, видях тази =Турта=...
Conversations/Bank/Celine/Relationship Lines/Relationship/post_8h_lines_best_friend/celine_post_8h_best_friend_8/1	It's known to represent resilience, since it can survive harsh conditions.	Elle est connue pour représenter la résistance, car elle est capable de survivre dans des conditions très difficiles.	Считается, что он символизирует стойкость, потому что может жить в суровых условиях.	Казват, че символизира издръжливост, защото оцелява при сурови условия.
Conversations/Bank/Celine/Relationship Lines/Relationship/post_8h_lines_best_friend/celine_post_8h_best_friend_8/2	You're the most resilient person I know... so I wanted you to have it, [Ari]!	Tu es la personne la plus résistante que je connais... alors je tenais à te l'offrir, [Ari] !	Ты самый стойкий человек из всех, что я знаю.. Так что я хочу отдать его тебе, [Ari].	Никой, когото познавам, не е по-издръжлив от теб... затова исках да я вземеш, [Ari]!
Conversations/Bank/Celine/Relationship Lines/Relationship/post_8h_lines_best_friend/celine_post_8h_best_friend_8/init	I was out for a walk in the Narrows and came across this =Heather=.	J'étais sortie me promener dans les Terrasses quand j'ai vu cette =bruyère=.	Я пошла гулять по Ущелью и нашла этот =вереск=.	Разхождах се из Теснините и попаднах на тази =Калуна=.
Conversations/Bank/Celine/Relationship Lines/Relationship/post_8h_lines_best_friend/celine_post_8h_best_friend_9/1	Poinsettias represent hope and good cheer.	Les euphorbes représentent l'espoir et la bonne humeur.	Пуансеттии означают надежду и бодрый настрой.	Коледните звезди символизират надеждата и доброто настроение.
Conversations/Bank/Celine/Relationship Lines/Relationship/post_8h_lines_best_friend/celine_post_8h_best_friend_9/2	Here, [Ari]. I want you to have it. I'm hoping it brings you plenty of both!	Tiens, [Ari]. Je te l'offre. J'espère qu'elle t'apportera beaucoup de l'une et de l'autre !	Возьми, [Ari]. Хочу, чтобы она была у тебя. Пускай она принесёт тебе и то и другое!	Заповядай, [Ari]. Искам да я вземеш. Дано ти донесе много и от двете!
Conversations/Bank/Celine/Relationship Lines/Relationship/post_8h_lines_best_friend/celine_post_8h_best_friend_9/init	I foraged this =Poinsettia= peeking out of the snow earlier...	J'ai cueilli cette =euphorbe= qui dépassait de la neige, tout à l'heure...	Недавно я приметила эту =пуансеттию=. Она выглядывала из-под снега...	По-рано събрах тази =Коледна звезда=, която надничаше изпод снега...
Conversations/Bank/Celine/Relationship Lines/Relationship/post_8h_lines_romantic/celine_post_8h_romantic_0/1	I... I hope it's okay if I tell you that a lot.	Je... J'espère que ce n'est pas un problème que je te le répète si souvent.	Надеюсь... ты не против, если я буду часто это тебе говорить.	I... I hope it's okay if I tell you that a lot.
Conversations/Bank/Celine/Relationship Lines/Relationship/post_8h_lines_romantic/celine_post_8h_romantic_0/init	I really like you, [Ari]...	Je t'aime vraiment beaucoup, [Ari]...	Ты мне очень нравишься, [Ari]...	I really like you, [Ari]...
Conversations/Bank/Celine/Relationship Lines/Relationship/post_8h_lines_romantic/celine_post_8h_romantic_1/1	But lately, I keep spacing out and doodling in the margins.	Mais ces derniers temps, je n'arrête pas de rêvasser et de faire des gribouillages dans la marge.	Но в последнее время я часто отвлекаюсь и рисую на полях.	But lately, I keep spacing out and doodling in the margins.
Conversations/Bank/Celine/Relationship Lines/Relationship/post_8h_lines_romantic/celine_post_8h_romantic_1/2	I don't know what's gotten into me! I'm just... distracted.	Je ne sais pas ce qui m'arrive ! Je suis... distraite.	Даже не знаю, что со мной такое! Я просто стала... рассеянной.	I don't know what's gotten into me! I'm just... distracted.
Conversations/Bank/Celine/Relationship Lines/Relationship/post_8h_lines_romantic/celine_post_8h_romantic_1/2/prompts/0	I can help you look over your notes.	Je peux t'aider à regarder tes notes.	Хочешь, я помогу тебе с записями?	I can help you look over your notes.
Conversations/Bank/Celine/Relationship Lines/Relationship/post_8h_lines_romantic/celine_post_8h_romantic_1/2/prompts/1	I want to see your doodles!	J'ai envie de voir tes gribouillages !	Можно посмотреть на твои рисунки?	I want to see your doodles!
Conversations/Bank/Celine/Relationship Lines/Relationship/post_8h_lines_romantic/celine_post_8h_romantic_1/3	I guess that might keep me on task...	J'imagine que ça pourrait m'aider à rester concentrée...	Возможно, с тобой мне будет проще сфокусироваться...	I guess that might keep me on task...
Conversations/Bank/Celine/Relationship Lines/Relationship/post_8h_lines_romantic/celine_post_8h_romantic_1/4	...	...	...	...
Conversations/Bank/Celine/Relationship Lines/Relationship/post_8h_lines_romantic/celine_post_8h_romantic_1/5	On second thought, maybe it won't.	Ou peut-être pas, en fait.	Хотя, знаешь, возможно, наоборот.	On second thought, maybe it won't.
Conversations/Bank/Celine/Relationship Lines/Relationship/post_8h_lines_romantic/celine_post_8h_romantic_1/6	O-oh! Well, I guess I could show you a few!	O-Oh ! Eh bien, je pourrais t'en montrer quelques-uns !	О-ой! Может, я и могу немного тебе показать.	O-oh! Well, I guess I could show you a few!
Conversations/Bank/Celine/Relationship Lines/Relationship/post_8h_lines_romantic/celine_post_8h_romantic_1/7	...	...	...	...
Conversations/Bank/Celine/Relationship Lines/Relationship/post_8h_lines_romantic/celine_post_8h_romantic_1/8	On second thought, maybe not.	Ou peut-être pas, en fait.	Хотя, знаешь, наверное, нет.	On second thought, maybe not.
Conversations/Bank/Celine/Relationship Lines/Relationship/post_8h_lines_romantic/celine_post_8h_romantic_1/init	I have a little journal where I like to keep notes on my garden...	J'ai un petit journal où j'aime noter ce qui se passe dans mon jardin...	Я пишу заметки о своём садике в небольшом журнале...	I have a little journal where I like to keep notes on my garden...
Conversations/Bank/Celine/Relationship Lines/Relationship/post_8h_lines_romantic/celine_post_8h_romantic_10/1	I love fantasy novels, but it's always hard waiting between releases.	J'adore les romans fantastiques, mais c'est toujours difficile d'attendre entre deux sorties.	Мне нравится фэнтези, но новых книг приходится долго ждать.	I love fantasy novels, but it's always hard waiting between releases.
Conversations/Bank/Celine/Relationship Lines/Relationship/post_8h_lines_romantic/celine_post_8h_romantic_10/10	Wondering what's going to happen next in the story.	On se demande toujours ce qui va se passer ensuite.	Можно разгадывать, что случится дальше.	Wondering what's going to happen next in the story.
Conversations/Bank/Celine/Relationship Lines/Relationship/post_8h_lines_romantic/celine_post_8h_romantic_10/11	Oooh, that's not a bad idea.	Oooh, ce n'est pas une mauvaise idée.	Ооо, неплохая идея.	Oooh, that's not a bad idea.
Conversations/Bank/Celine/Relationship Lines/Relationship/post_8h_lines_romantic/celine_post_8h_romantic_10/12	Do you have a particular recommendation?	Tu as une recommandation en particulier ?	А можешь посоветовать какой-нибудь?	Do you have a particular recommendation?
Conversations/Bank/Celine/Relationship Lines/Relationship/post_8h_lines_romantic/celine_post_8h_romantic_10/13	I'm curious to learn more about what you like...	Je suis curieuse de savoir ce que tu aimes...	Хочу больше узнать, что тебе нравится...	I'm curious to learn more about what you like...
Conversations/Bank/Celine/Relationship Lines/Relationship/post_8h_lines_romantic/celine_post_8h_romantic_10/14	A-about the genre.	D-Dans ce genre-là.	В смысле... в этом жанре!	A-about the genre.
Conversations/Bank/Celine/Relationship Lines/Relationship/post_8h_lines_romantic/celine_post_8h_romantic_10/2	It's not a big deal, since I can just re-read my old favorites...	Ce n'est pas très grave, je peux toujours relire mes anciens titres préférés.	Это не очень страшно: я могу пока перечитывать любимые старые...	It's not a big deal, since I can just re-read my old favorites...
Conversations/Bank/Celine/Relationship Lines/Relationship/post_8h_lines_romantic/celine_post_8h_romantic_10/3	But lately I've been thinking it might be fun to branch out a little.	Mais ces derniers temps, je me suis dit que ça pourrait être amusant de diversifier un peu mes lectures.	Но недавно я подумала, что можно почитать что-то ещё.	But lately I've been thinking it might be fun to branch out a little.
Conversations/Bank/Celine/Relationship Lines/Relationship/post_8h_lines_romantic/celine_post_8h_romantic_10/4	Do you have a favorite genre that you'd recommend?	Tu as un genre littéraire préféré que tu me conseillerais ?	Можешь порекомендовать свой любимый жанр?	Do you have a favorite genre that you'd recommend?
Conversations/Bank/Celine/Relationship Lines/Relationship/post_8h_lines_romantic/celine_post_8h_romantic_10/4/prompts/0	I like historical fiction, myself.	Personnellement, j'aime les romans historiques.	Лично я люблю исторические романы.	I like historical fiction, myself.
Conversations/Bank/Celine/Relationship Lines/Relationship/post_8h_lines_romantic/celine_post_8h_romantic_10/4/prompts/1	I recommend a good mystery book!	Je te conseille les romans policiers !	Попробуй взять хороший детектив!	I recommend a good mystery book!
Conversations/Bank/Celine/Relationship Lines/Relationship/post_8h_lines_romantic/celine_post_8h_romantic_10/4/prompts/2	How about a romance novel?	Que dirais-tu d'un roman d'amour ?	Как насчёт любовных романов?	How about a romance novel?
Conversations/Bank/Celine/Relationship Lines/Relationship/post_8h_lines_romantic/celine_post_8h_romantic_10/5	Oooh, I'll have to give it a try!	Oooh, il faut que j'essaie, alors !	Ооо, надо попробовать!	Oooh, I'll have to give it a try!
Conversations/Bank/Celine/Relationship Lines/Relationship/post_8h_lines_romantic/celine_post_8h_romantic_10/6	I've always enjoyed learning about history...	J'ai toujours aimé apprendre des choses sur l'histoire...	Мне всегда было интересно слушать про историю...	I've always enjoyed learning about history...
Conversations/Bank/Celine/Relationship Lines/Relationship/post_8h_lines_romantic/celine_post_8h_romantic_10/7	M-mostly the legends about heroes and dragons.	S-Surtout les légendes qui parlent de héros et de dragons.	П-правда, обычно это легенды про героев и драконов.	M-mostly the legends about heroes and dragons.
Conversations/Bank/Celine/Relationship Lines/Relationship/post_8h_lines_romantic/celine_post_8h_romantic_10/8	Oooh, I've been meaning to borrow one from Valen!	Oooh, j'avais justement l'intention d'en emprunter un à Valen !	Ооо, я как раз собиралась одолжить у Вален!	Oooh, I've been meaning to borrow one from Valen!
Conversations/Bank/Celine/Relationship Lines/Relationship/post_8h_lines_romantic/celine_post_8h_romantic_10/9	It does sound exciting...	Ça a effectivement l'air palpitant...	Наверное, это увлекательное чтение...	It does sound exciting...
Conversations/Bank/Celine/Relationship Lines/Relationship/post_8h_lines_romantic/celine_post_8h_romantic_10/init	Hi [Ari]! I was just doing some reading.	Salut, [Ari] ! J'étais en train de lire.	Привет, [Ari]! Я недавно читала и задумалась.	Hi [Ari]! I was just doing some reading.
Conversations/Bank/Celine/Relationship Lines/Relationship/post_8h_lines_romantic/celine_post_8h_romantic_11/1	I remember when it was all rocks and bramble.	Je me souviens de l'époque où il n'y avait que des rochers et des ronces.	Помню, раньше там были только камни и заросли.	I remember when it was all rocks and bramble.
Conversations/Bank/Celine/Relationship Lines/Relationship/post_8h_lines_romantic/celine_post_8h_romantic_11/2	It's come such a long way!	Elle a beaucoup changé, depuis !	Она у тебя так преобразилась!	It's come such a long way!
Conversations/Bank/Celine/Relationship Lines/Relationship/post_8h_lines_romantic/celine_post_8h_romantic_11/2/prompts/0	Oh, I'm glad you like how the farm's turned out!	Oh, ça me fait plaisir que l'évolution de la ferme te plaise !	Ой, я <p>рады</p><f>рада</f><m>рад</m><n>радо</n>, что тебе нравится моя ферма!	Oh, I'm glad you like how the farm's turned out!
Conversations/Bank/Celine/Relationship Lines/Relationship/post_8h_lines_romantic/celine_post_8h_romantic_11/2/prompts/1	It was your tulip seeds that got me started.	Ce sont tes bulbes de tulipes qui m'ont permis de commencer.	А всё началось с твоих семян тюльпана.	It was your tulip seeds that got me started.
Conversations/Bank/Celine/Relationship Lines/Relationship/post_8h_lines_romantic/celine_post_8h_romantic_11/3	I really do!	Ça me plaît beaucoup, c'est vrai !	Очень нравится!	I really do!
Conversations/Bank/Celine/Relationship Lines/Relationship/post_8h_lines_romantic/celine_post_8h_romantic_11/4	It's obvious how much love and effort you've put into restoring the land.	On voit tout de suite que tu y mets beaucoup d'amour et que tu te donnes du mal pour remettre le terrain en état.	Видно, как много труда и любви ты вкладываешь в восстановление земли.	It's obvious how much love and effort you've put into restoring the land.
Conversations/Bank/Celine/Relationship Lines/Relationship/post_8h_lines_romantic/celine_post_8h_romantic_11/5	It takes a special kind of person to make that happen.	Il faut être quelqu'un de spécial pour réaliser ce genre de choses.	Нужно быть особенным человеком, чтобы всё это делать.	It takes a special kind of person to make that happen.
Conversations/Bank/Celine/Relationship Lines/Relationship/post_8h_lines_romantic/celine_post_8h_romantic_11/6	O-oh. You remember that?	O-Oh. Tu te souviens de ça ?	О-ой! Ты правда помнишь?	O-oh. You remember that?
Conversations/Bank/Celine/Relationship Lines/Relationship/post_8h_lines_romantic/celine_post_8h_romantic_11/7	That's... so sweet, [Ari].	C'est... tellement gentil, [Ari].	Это... так мило, [Ari].	That's... so sweet, [Ari].
Conversations/Bank/Celine/Relationship Lines/Relationship/post_8h_lines_romantic/celine_post_8h_romantic_11/8	But you know, those seeds only bloomed because of your care!	Mais tu sais, ces fleurs ont poussé seulement parce que tu en as pris soin !	Но, знаешь, без твоей заботы эти семена бы не взошли!	But you know, those seeds only bloomed because of your care!
Conversations/Bank/Celine/Relationship Lines/Relationship/post_8h_lines_romantic/celine_post_8h_romantic_11/init	Hi [Ari]! I passed by your farm on my walk earlier...	Salut, [Ari] ! Je suis passée devant ta ferme en me promenant, tout à l'heure.	Привет, [Ari]! Я недавно проходила мимо твоей фермы...	Hi [Ari]! I passed by your farm on my walk earlier...
Conversations/Bank/Celine/Relationship Lines/Relationship/post_8h_lines_romantic/celine_post_8h_romantic_12/1	It's hard to believe she's growing up so fast!	J'ai du mal à croire qu'elle grandisse si vite !	Она так быстро растёт, даже не верится!	It's hard to believe she's growing up so fast!
Conversations/Bank/Celine/Relationship Lines/Relationship/post_8h_lines_romantic/celine_post_8h_romantic_12/2	I remember when she was just a baby...	Je me rappelle encore quand elle n'était qu'un bébé...	Я помню, когда она была совсем маленькая...	I remember when she was just a baby...
Conversations/Bank/Celine/Relationship Lines/Relationship/post_8h_lines_romantic/celine_post_8h_romantic_12/3	I always loved helping my mom take care of her.	J'adorais aider ma mère à s'occuper d'elle.	Мне так нравилось помогать маме за ней ухаживать.	I always loved helping my mom take care of her.
Conversations/Bank/Celine/Relationship Lines/Relationship/post_8h_lines_romantic/celine_post_8h_romantic_12/3/prompts/0	Do you think you want a family of your own someday?	Tu aurais envie de fonder ta propre famille un jour ?	Ты хочешь когда-нибудь завести свою семью?	Do you think you want a family of your own someday?
Conversations/Bank/Celine/Relationship Lines/Relationship/post_8h_lines_romantic/celine_post_8h_romantic_12/3/prompts/1	Do you miss it?	Ça te manque ?	Ты скучаешь по тем временам?	Do you miss it?
Conversations/Bank/Celine/Relationship Lines/Relationship/post_8h_lines_romantic/celine_post_8h_romantic_12/4	Well, I like to think I'd make a good mom...	Eh bien, j'aime à penser que je ferais une bonne maman...	Ну, мне хочется думать, что я буду хорошей мамой...	Well, I like to think I'd make a good mom...
Conversations/Bank/Celine/Relationship Lines/Relationship/post_8h_lines_romantic/celine_post_8h_romantic_12/5	Taking care of a child is a lot more work than tending a garden, though.	Même si prendre soin d'un enfant demande bien plus de travail que s'occuper d'un jardin.	Но заботиться о ребёнке гораздо сложнее, чем ухаживать за садом.	Taking care of a child is a lot more work than tending a garden, though.
Conversations/Bank/Celine/Relationship Lines/Relationship/post_8h_lines_romantic/celine_post_8h_romantic_12/6	Dell is certainly proof of that!	Dell en est la preuve vivante !	И Делл — тому подтверждение!	Dell is certainly proof of that!
Conversations/Bank/Celine/Relationship Lines/Relationship/post_8h_lines_romantic/celine_post_8h_romantic_12/7	I do, sometimes...	Oui, parfois...	Иногда скучаю...	I do, sometimes...
Conversations/Bank/Celine/Relationship Lines/Relationship/post_8h_lines_romantic/celine_post_8h_romantic_12/8	Taking care of a child is a lot more work than tending a garden, though.	Même si prendre soin d'un enfant demande bien plus de travail que s'occuper d'un jardin.	Но заботиться о ребёнке гораздо сложнее, чем ухаживать за садом.	Taking care of a child is a lot more work than tending a garden, though.
Conversations/Bank/Celine/Relationship Lines/Relationship/post_8h_lines_romantic/celine_post_8h_romantic_12/9	Dell is certainly proof of that!	Dell en est la preuve vivante !	И Делл — тому подтверждение!	Dell is certainly proof of that!
Conversations/Bank/Celine/Relationship Lines/Relationship/post_8h_lines_romantic/celine_post_8h_romantic_12/init	Dell's been helping out more around the shop lately.	Dell nous aide davantage au magasin, depuis quelque temps.	Делл стала больше помогать в универмаге.	Dell's been helping out more around the shop lately.
Conversations/Bank/Celine/Relationship Lines/Relationship/post_8h_lines_romantic/celine_post_8h_romantic_13/1	Sorry, I was lost in thought.	Désolée, j'étais perdue dans mes pensées.	Прости, я замечталась.	Sorry, I was lost in thought.
Conversations/Bank/Celine/Relationship Lines/Relationship/post_8h_lines_romantic/celine_post_8h_romantic_13/10	After all, this power requires a thorough investigation!	Après tout, ce pouvoir doit être étudié de très près !	В конце концов, это влияние надо тщательно исследовать!	After all, this power requires a thorough investigation!
Conversations/Bank/Celine/Relationship Lines/Relationship/post_8h_lines_romantic/celine_post_8h_romantic_13/11	...	...	...	...
Conversations/Bank/Celine/Relationship Lines/Relationship/post_8h_lines_romantic/celine_post_8h_romantic_13/12	I really really like you too, [Ari]!	Moi aussi, je t'aime vraiment beaucoup, [Ari]...	Ты мне тоже очень-очень нравишься, [Ari]!	I really really like you too, [Ari]!
Conversations/Bank/Celine/Relationship Lines/Relationship/post_8h_lines_romantic/celine_post_8h_romantic_13/2	I was thinking about our flower, the day it bloomed.	Je repensais à notre fleur, au jour où elle a éclos.	Я думала про наш цветок и про тот день, когда он расцвёл.	I was thinking about our flower, the day it bloomed.
Conversations/Bank/Celine/Relationship Lines/Relationship/post_8h_lines_romantic/celine_post_8h_romantic_13/3	Sharing one's true feelings... I never guessed it held such tangible power.	Partager sincèrement ses sentiments... Je n'aurais jamais imaginé que cela avait un pouvoir aussi tangible.	Оказалось, надо было всего лишь поделиться чувствами... Никогда бы не подумала, что в этом такая сила...	Sharing one's true feelings... I never guessed it held such tangible power.
Conversations/Bank/Celine/Relationship Lines/Relationship/post_8h_lines_romantic/celine_post_8h_romantic_13/4	It makes me feel silly that I didn't tell you how I felt sooner.	Je me sens un peu bête de ne pas t'avoir dit plus tôt ce que je ressentais réellement.	Теперь чувствую себя глупо, что не объяснилась тебе в чувствах раньше.	It makes me feel silly that I didn't tell you how I felt sooner.
Conversations/Bank/Celine/Relationship Lines/Relationship/post_8h_lines_romantic/celine_post_8h_romantic_13/4/prompts/0	Maybe we should try confessing in front of lots of plants... for science!	Peut-être qu'on devrait essayer de confesser ses sentiments devant plein de plantes... pour le bien de la science !	Давай попробуем признаться друг другу перед кучей растений... ради науки!	Maybe we should try confessing in front of lots of plants... for science!
Conversations/Bank/Celine/Relationship Lines/Relationship/post_8h_lines_romantic/celine_post_8h_romantic_13/4/prompts/1	I like you! I like you! I really really like you!	Je t'aime beaucoup ! Je t'aime beaucoup ! Je t'aime vraiment beaucoup !	Ты мне нравишься! Очень нравишься! Очень-очень нравишься!	I like you! I like you! I really really like you!
Conversations/Bank/Celine/Relationship Lines/Relationship/post_8h_lines_romantic/celine_post_8h_romantic_13/5	Yes! F-for science!	Mais oui ! P-Pour la science !	Да! Р-ради науки!	Yes! F-for science!
Conversations/Bank/Celine/Relationship Lines/Relationship/post_8h_lines_romantic/celine_post_8h_romantic_13/6	This power requires a thorough investigation!	Ce pouvoir doit être étudié de très près !	Это влияние надо тщательно исследовать!	This power requires a thorough investigation!
Conversations/Bank/Celine/Relationship Lines/Relationship/post_8h_lines_romantic/celine_post_8h_romantic_13/7	...	...	...	...
Conversations/Bank/Celine/Relationship Lines/Relationship/post_8h_lines_romantic/celine_post_8h_romantic_13/8	I really really like you, [Ari]!	Je t'aime vraiment beaucoup, [Ari] !	Ты мне очень-очень нравишься, [Ari]!	I really really like you, [Ari]!
Conversations/Bank/Celine/Relationship Lines/Relationship/post_8h_lines_romantic/celine_post_8h_romantic_13/9	Oh wait wait! Let me find a notebook!	Oh, attends, attends ! Laisse-moi chercher un carnet de notes !	Ой, погоди, погоди! Мне надо взять журнал.	Oh wait wait! Let me find a notebook!
Conversations/Bank/Celine/Relationship Lines/Relationship/post_8h_lines_romantic/celine_post_8h_romantic_13/init	Oh, [Ari]!	Oh, [Ari] !	Ой, [Ari]!	Oh, [Ari]!
Conversations/Bank/Celine/Relationship Lines/Relationship/post_8h_lines_romantic/celine_post_8h_romantic_2/1	I've been making $Vegetable Quiche$ with my family ever since I was little, so I'm pretty good at it!	Je cuisine des $quiches aux légumes$ avec ma famille depuis que je suis petite, alors je me débrouille plutôt bien !	Я с самого детства готовила $овощной киш$ вместе с семьёй, так что у меня неплохо получается!	I've been making $Vegetable Quiche$ with my family ever since I was little, so I'm pretty good at it!
Conversations/Bank/Celine/Relationship Lines/Relationship/post_8h_lines_romantic/celine_post_8h_romantic_2/2	I hope you like it!	J'espère que tu l'aimeras !	Надеюсь, тебе понравится!	I hope you like it!
Conversations/Bank/Celine/Relationship Lines/Relationship/post_8h_lines_romantic/celine_post_8h_romantic_2/init	Um, [Ari]? I made you something.	Hum, [Ari] ? Je t'ai préparé quelque chose.	Эмм, [Ari]? Я кое-что для тебя приготовила.	Um, [Ari]? I made you something.
Conversations/Bank/Celine/Relationship Lines/Relationship/post_8h_lines_romantic/celine_post_8h_romantic_3/1	"They refer to that time period as ""the springtime of their youth""."	Ils parlent de cette période comme celle du « printemps de leur jeunesse ».	Они говорят, что это время было «расцветом их молодости».	"They refer to that time period as ""the springtime of their youth""."
Conversations/Bank/Celine/Relationship Lines/Relationship/post_8h_lines_romantic/celine_post_8h_romantic_3/2	I wonder if in the future... I'll talk about these days in the same way.	Je me demande si, plus tard... j'évoquerai cette période de la même façon.	Интересно, я в будущем тоже буду... так говорить о нынешних днях?	I wonder if in the future... I'll talk about these days in the same way.
Conversations/Bank/Celine/Relationship Lines/Relationship/post_8h_lines_romantic/celine_post_8h_romantic_3/init	Mom and Dad sometimes talk about when they first got together...	Maman et papa parlent parfois de l'époque où ils se sont rencontrés...	Мама с папой иногда обсуждают, как они впервые сошлись...	Mom and Dad sometimes talk about when they first got together...
Conversations/Bank/Celine/Relationship Lines/Relationship/post_8h_lines_romantic/celine_post_8h_romantic_4/1	Last night, I dreamt that we were walking through a meadow, holding hands and laughing...	La nuit dernière, j'ai rêvé qu'on traversait une prairie. On se tenait la main et on riait...	Этой ночью мне приснилось, что мы с тобой гуляли по поляне, держались за руки и смеялись...	Last night, I dreamt that we were walking through a meadow, holding hands and laughing...
Conversations/Bank/Celine/Relationship Lines/Relationship/post_8h_lines_romantic/celine_post_8h_romantic_4/2	It was so nice. Maybe we should do that some time!	C'était tellement agréable. On devrait peut-être faire ça, à l'occasion !	И было так хорошо. Думаю, нам надо так погулять!	It was so nice. Maybe we should do that some time!
Conversations/Bank/Celine/Relationship Lines/Relationship/post_8h_lines_romantic/celine_post_8h_romantic_4/init	I don't usually tell anyone this... but I tend to have really vivid dreams.	Je ne raconte ça à personne, en général... mais mes rêves sont souvent très animés.	Обычно я никому не рассказываю... У меня бывают очень яркие сны.	I don't usually tell anyone this... but I tend to have really vivid dreams.
Conversations/Bank/Celine/Relationship Lines/Relationship/post_8h_lines_romantic/celine_post_8h_romantic_5/1	She keeps warning me we'll give each other cooties if we get too close.	Elle n'arrête pas de m'avertir qu'on risque de se donner des poux si on s'approche trop.	Она мне всё время говорит, что, если будем много общаться, словим бациллу.	She keeps warning me we'll give each other cooties if we get too close.
Conversations/Bank/Celine/Relationship Lines/Relationship/post_8h_lines_romantic/celine_post_8h_romantic_5/2	I don't know... I think I'll take my chances.	Quand même... Je crois que je vais prendre le risque.	Даже не знаю, что ей сказать... Я всё же рискну!	I don't know... I think I'll take my chances.
Conversations/Bank/Celine/Relationship Lines/Relationship/post_8h_lines_romantic/celine_post_8h_romantic_5/init	I think Dell figured out that we like each other...	Je crois que Dell a compris qu'on s'appréciait...	Кажется, Делл догадалась, что мы с тобой встречаемся...	I think Dell figured out that we like each other...
Conversations/Bank/Celine/Relationship Lines/Relationship/post_8h_lines_romantic/celine_post_8h_romantic_6/1	But that was before I met you.	Mais c'était avant que je te rencontre.	Но потом я встретила тебя.	But that was before I met you.
Conversations/Bank/Celine/Relationship Lines/Relationship/post_8h_lines_romantic/celine_post_8h_romantic_6/init	I used to think nothing could make me smile the way flowers do.	Je croyais autrefois que rien ne pourrait me donner le sourire comme le font les fleurs.	Раньше я думала, что ничто не радует меня так, как цветы.	I used to think nothing could make me smile the way flowers do.
Conversations/Bank/Celine/Relationship Lines/Relationship/post_8h_lines_romantic/celine_post_8h_romantic_7/1	A lot, actually.	Beaucoup, d'ailleurs.	Много думала.	A lot, actually.
Conversations/Bank/Celine/Relationship Lines/Relationship/post_8h_lines_romantic/celine_post_8h_romantic_7/2	I'm glad you stopped by to say hello.	Je suis contente que tu aies fait une halte pour dire bonjour.	Приятно, что ты <p>подошли</p><f>подошла</f><m>подошёл</m><n>подошло</n> поздороваться.	I'm glad you stopped by to say hello.
Conversations/Bank/Celine/Relationship Lines/Relationship/post_8h_lines_romantic/celine_post_8h_romantic_7/init	[Ari]! I was just thinking about you!	[Ari] ! J'étais justement en train de penser à toi !	[Ari]! Я как раз о тебе думала!	[Ari]! I was just thinking about you!
Conversations/Bank/Celine/Relationship Lines/Relationship/post_8h_lines_romantic/celine_post_8h_romantic_8/1	You always look nice, but today especially.	Tu l'es toujours, mais encore plus aujourd'hui.	Ты всегда хорошо выглядишь, но сегодня особенно.	You always look nice, but today especially.
Conversations/Bank/Celine/Relationship Lines/Relationship/post_8h_lines_romantic/celine_post_8h_romantic_8/init	Oh, you look really nice today...	Oh, tu es splendide, aujourd'hui...	Ой, ты так хорошо сегодня выглядишь...	Oh, you look really nice today...
Conversations/Bank/Celine/Relationship Lines/Relationship/post_8h_lines_romantic/celine_post_8h_romantic_9/1	Everything comes alive after winter... the meadows turn fragrant and blossom with color.	Tout prend vie après l'hiver... Les prés se mettent à embaumer et s'emplissent de fleurs colorées.	Природа оживает после зимы... Луга благоухают и цветут яркими красками.	Everything comes alive after winter... the meadows turn fragrant and blossom with color.
Conversations/Bank/Celine/Relationship Lines/Relationship/post_8h_lines_romantic/celine_post_8h_romantic_9/2	And now, there's something new...	Et puis, il y a maintenant un élément nouveau...	А теперь добавилось ещё кое-что...	And now, there's something new...
Conversations/Bank/Celine/Relationship Lines/Relationship/post_8h_lines_romantic/celine_post_8h_romantic_9/3	Spring was the season we first met.	C'est au printemps qu'a eu lieu notre première rencontre.	Весной я впервые встретила тебя.	Spring was the season we first met.
Conversations/Bank/Celine/Relationship Lines/Relationship/post_8h_lines_romantic/celine_post_8h_romantic_9/init	Did I ever tell you that spring is my favorite season, [Ari]?	Je t'ai déjà dit que le printemps était ma saison préférée, [Ari] ?	Я тебе уже говорила, что весна — моё любимое время года, [Ari]?	Did I ever tell you that spring is my favorite season, [Ari]?
Conversations/Bank/Celine/Tutorial Lines/gathering_lilacs/gathering_lilacs/1	Pretty, aren't they?	Il est joli, n'est-ce pas ?	Симпатично выглядит, правда?	Красиви са, нали?
Conversations/Bank/Celine/Tutorial Lines/gathering_lilacs/gathering_lilacs/init	Hello, [Ari]! I'm gathering lilacs today. They only really appear around Hayden's farm.	Bonjour, [Ari] ! Je cueille du lilas, aujourd'hui. On n'en trouve qu'à proximité de la ferme d'Hayden.	Привет, [Ari]! Я сегодня собираю сирень. Она цветёт только вокруг фермы Хейдена.	Здравей, [Ari]! Днес събирам люляк. Появява се най-вече около фермата на Хейдън.
