key	english	french	russian	bulgarian
Cutscenes/Story Events/Mines/caldarus_recovery/caldarus_recovery/1	Do not look so worried.	Inutile de te faire tant de souci !	Не тревожься за меня более.	Не се тревожи толкова.
Cutscenes/Story Events/Mines/caldarus_recovery/caldarus_recovery/2	Taking this form... it was a small price to pay to ensure your safety.	Prendre cette forme était un petit prix à payer pour ta sécurité.	Когда я принял такую форму... Это была небольшая цена за твою безопасность.	Това, че приех тази форма... бе малка цена, за да гарантирам безопасността ти.
Cutscenes/Story Events/Mines/caldarus_recovery/caldarus_recovery/2/prompts/0	Will you be okay?	Toi, ça va aller ?	С тобой всё будет хорошо?	Ще бъдеш ли добре?
Cutscenes/Story Events/Mines/caldarus_recovery/caldarus_recovery/2/prompts/1	Is there anything I can do?	Y a-t-il quoi que ce soit que je puisse faire pour toi ?	Я могу как-то помочь?	Мога ли да направя нещо?
Cutscenes/Story Events/Mines/caldarus_recovery/caldarus_recovery/3	I will mend, in time.	Cela passera, avec le temps.	Со временем я восстановлюсь.	Ще се възстановя с времето.
Cutscenes/Story Events/Mines/caldarus_recovery/caldarus_recovery/4	You have already done much for my sake. However...	Tu as déjà tant fait pour moi. Cela dit...	Ты уже очень много для меня <p>сделали</p><f>сделала</f><m>сделал</m><n>сделало</n>...	Вече направи много за мен. Обаче...
Cutscenes/Story Events/Mines/caldarus_recovery/caldarus_recovery/5	$Breaking the final seals$ will aid me in my recovery. I ask that you continue to offer up $Essence$ at my shrine as well.	$Briser les derniers sceaux$ m'aidera à recouvrer mes forces. J'aimerais aussi que tu continues à faire des offrandes d'$essence$ à mon autel.	Но если $раскрыть последние печати$, это ускорит моё восстановление. Кроме того, я прошу тебя продолжать приносить $эссенцию$ к моему святилищу.	$Разбиването на последните печати$ ще помогне за възстановяването ми. Моля те, продължавай да принасяш $есенция$ в светилището ми.
Cutscenes/Story Events/Mines/caldarus_recovery/caldarus_recovery/6	...	...	...	...
Cutscenes/Story Events/Mines/caldarus_recovery/caldarus_recovery/7	And... if you have time, a visit now and then would be greatly appreciated.	Et... si tu as l'occasion, me rendre visite de temps à autre me ferait très plaisir.	И ещё... Я буду благодарен, если ты будешь навещать меня, когда у тебя будет время.	И... ако имаш време, ще съм много благодарен да ме посещаваш от време на време.
Cutscenes/Story Events/Mines/caldarus_recovery/caldarus_recovery/8	Despite my condition, it is a marvel to be able to experience this world in a physical form once more.	Nonobstant mon état, c'est merveilleux de redécouvrir ce monde sous une forme charnelle.	Хотя я сейчас ослаблен, снова физически воспринимать мир — просто необыкновенное ощущение.	Въпреки състоянието ми е невероятно отново да мога да преживявам този свят в телесна форма.
Cutscenes/Story Events/Mines/caldarus_recovery/caldarus_recovery/9	Thank you for everything, [Ari].	Merci pour tout, [Ari].	Спасибо тебе за всё, [Ari].	Благодаря ти за всичко, [Ari].
Cutscenes/Story Events/Mines/caldarus_recovery/caldarus_recovery/init	[Ari]!	[Ari] !	[Ari]!	[Ari]!
Cutscenes/Story Events/Mines/dragon_tablet_pt_1/dragon_tablet_pt_1/1	You made it!	Tu as réussi !	Ты <p>добрались</p><f>добралась</f><m>добрался</m><n>добралось</n> до меня!	Успя!
Cutscenes/Story Events/Mines/dragon_tablet_pt_1/dragon_tablet_pt_1/10	Its remnants scattered and broken...	Ses restes ont été brisés, éparpillés...	Остались лишь разрозненные осколки.	Останките ѝ бяха разпръснати и разбити...
Cutscenes/Story Events/Mines/dragon_tablet_pt_1/dragon_tablet_pt_1/11	Until now.	Jusqu'à ce jour.	Но недавно всё изменилось.	Досега.
Cutscenes/Story Events/Mines/dragon_tablet_pt_1/dragon_tablet_pt_1/12	The shift began shortly before you came to Mistria. An $earthquake$ caused a $crack to appear in the Seal$.	Le changement a commencé très peu de temps avant ton arrivée à Mistria. Un $tremblement de terre$ a provoqué une $fissure dans le sceau$.	Незадолго до того, как ты <p>пришли</p><f>пришла</f><m>пришёл</m><n>пришло</n> в Мистрию. $Землетрясение$ вызвало $трещину в печати$.	Промяната започна малко преди да дойдеш в Мистрия. Едно $земетресение$ причини $пукнатина в Печата$.
Cutscenes/Story Events/Mines/dragon_tablet_pt_1/dragon_tablet_pt_1/13	Just big enough for $Magic$ to begin seeping through...	Juste assez grande pour que la $magie$ commence à filtrer...	Через неё $магия$ начала просачиваться наружу...	Достатъчно голяма, за да започне $магията$ да се просмуква през нея...
Cutscenes/Story Events/Mines/dragon_tablet_pt_1/dragon_tablet_pt_1/14	Winding its way upward, dispersing out into the land.	Elle s'est faufilée jusqu'à la surface, dispersée sur la terre.	Постепенно она поднималась наверх и распространялась по земле.	Тя си пробиваше път нагоре и се разпръскваше из земята.
Cutscenes/Story Events/Mines/dragon_tablet_pt_1/dragon_tablet_pt_1/15	But there was no one left in the world above who could recognize $Magic Essence$...	Mais plus personne dans le monde du dessus n'était capable de reconnaître l'$essence magique$...	Но в наземном мире не осталось существ, способных распознать $эссенцию магии$...	Но на повърхността вече нямаше никой, който да разпознае $магическата есенция$...
Cutscenes/Story Events/Mines/dragon_tablet_pt_1/dragon_tablet_pt_1/16	That is, not until you arrived.	Du moins, jusqu'à ce que tu arrives.	Пока не <p>появились</p><f>появилась</f><m>появился</m><n>появилось</n> ты.	Тоест, докато не пристигна ти.
Cutscenes/Story Events/Mines/dragon_tablet_pt_1/dragon_tablet_pt_1/17	Had you not awoken Lord Caldarus...	Si tu n'avais pas réveillé le seigneur Caldarus...	Если бы ты не <p>пробудили</p><f>пробудила</f><m>пробудил</m><n>пробудило</n> лорда Кальдаруса...	Без събуждането на лорд Калдаръс...
Cutscenes/Story Events/Mines/dragon_tablet_pt_1/dragon_tablet_pt_1/18	Had you not heard my call from underground...	Si tu n'avais pas entendu mon appel souterrain...	Если бы не <p>услышали</p><f>услышала</f><m>услышал</m><n>услышало</n> мой зов...	Без това, че чу повика ми от земните недра...
Cutscenes/Story Events/Mines/dragon_tablet_pt_1/dragon_tablet_pt_1/19	I-	Je...	Мне...	Аз—
Cutscenes/Story Events/Mines/dragon_tablet_pt_1/dragon_tablet_pt_1/2	Finally... we meet face to face.	Nous voici face à face... enfin.	Наконец-то... мы можем встретиться лицом к лицу.	Най-сетне... се срещаме лице в лице.
Cutscenes/Story Events/Mines/dragon_tablet_pt_1/dragon_tablet_pt_1/20	I cannot bear to think of how long that state of affairs may have lasted.	Je n'ose imaginer combien de temps encore cette situation aurait duré.	Мне больно представить, как долго ещё продлились бы эти горькие времена.	Не мога да понеса мисълта колко дълго би продължило това.
Cutscenes/Story Events/Mines/dragon_tablet_pt_1/dragon_tablet_pt_1/21	But you are finally here...	Mais te voici enfin...	Но наконец ты здесь...	Но най-сетне си тук...
Cutscenes/Story Events/Mines/dragon_tablet_pt_1/dragon_tablet_pt_1/22	The $Hero$ I have been waiting for.	<she>L'</she><he>Le </he><they>L'</they>$<she>Héroïne</she><he>Héros</he><they>Être héroïque</they>$ que j'attendais.	$Герой$, которого я ждала.	$<he>Героят, когото</he><she>Героинята, която</she><they>Героите, които</they> чаках$.
Cutscenes/Story Events/Mines/dragon_tablet_pt_1/dragon_tablet_pt_1/23	Come, let us make haste.	Viens, hâtons-nous.	Подойди скорее.	Ела, да побързаме.
Cutscenes/Story Events/Mines/dragon_tablet_pt_1/dragon_tablet_pt_1/24	The time has come to break $The Final Seal$.	L'heure est venue de briser le $sceau final$.	Настало время раскрыть $последнюю печать$.	Дойде време да разбием $Последния печат$.
Cutscenes/Story Events/Mines/dragon_tablet_pt_1/dragon_tablet_pt_1/25	I am sure that the $Dragonsworn Tablet$ will reveal your next steps.	Je suis certaine que la $tablette du paladin du dragon$ te révélera la marche à suivre.	Я уверена, $скрижаль драконоверного$ подскажет тебе, что делать дальше.	Сигурна съм, че $Плочата на Драконовия заклетник$ ще разкрие следващите ти стъпки.
Cutscenes/Story Events/Mines/dragon_tablet_pt_1/dragon_tablet_pt_1/3	I have long awaited your arrival.	J'attends depuis longtemps ta venue.	Я долго ждала твоего прибытия.	Отдавна чакам пристигането ти.
Cutscenes/Story Events/Mines/dragon_tablet_pt_1/dragon_tablet_pt_1/4	Longer than you can imagine...	Plus longtemps que tu ne peux l'imaginer...	Дольше, чем ты можешь себе представить...	По-дълго, отколкото можеш да си представиш...
Cutscenes/Story Events/Mines/dragon_tablet_pt_1/dragon_tablet_pt_1/5	Welcome to $The Final Seal$.	Bienvenue au $sceau final$.	Приветствую тебя. Пред тобой $последняя печать$.	Добре <he>дошъл</he><she>дошла</she><they>дошли</they> в $Последния печат$.
Cutscenes/Story Events/Mines/dragon_tablet_pt_1/dragon_tablet_pt_1/6	The $Gate Between Worlds$...	La $porte entre les mondes$...	$Врата между мирами$...	$Портата между световете$...
Cutscenes/Story Events/Mines/dragon_tablet_pt_1/dragon_tablet_pt_1/7	The point from which all $Magic$ originates.	Le point où toute $magie$ trouve sa source.	Источник всей $магии$ в мире.	Мястото, откъдето произлиза цялата $магия$.
Cutscenes/Story Events/Mines/dragon_tablet_pt_1/dragon_tablet_pt_1/8	For centuries this gate remained sealed.	Cette porte est restée scellée durant des siècles.	Многие столетия эти врата были запечатаны.	Векове наред тази порта оставаше запечатана.
Cutscenes/Story Events/Mines/dragon_tablet_pt_1/dragon_tablet_pt_1/9	$Magic$ all but disappeared from this world.	La $magie$ a presque totalement disparu de ce monde.	За это время $магия$ почти полностью исчезла.	$Магията$ почти бе изчезнала от този свят.
Cutscenes/Story Events/Mines/dragon_tablet_pt_1/dragon_tablet_pt_1/init	Hero!	<she>Héroïne</she><he>Héros</he><they>Être héroïque</they> !	Герой!	<he>Герою</he><she>Героиньо</she><they>Герои</they>!
Cutscenes/Story Events/Mines/dragon_tablet_pt_1/dragon_tablet_pt_1_follow_up_seridia/1	Perhaps you should $investigate the Tablet over there$...	Peut-être devrais-tu $étudier la tablette, là-bas$...	Вероятно, тебе стоит $изучить эту скрижаль$...	Може би трябва да $разгледаш плочата ей там$...
Cutscenes/Story Events/Mines/dragon_tablet_pt_1/dragon_tablet_pt_1_follow_up_seridia/2	I am sure that it will reveal which $offerings are needed to break the seal$.	Je suis certaine qu'elle révélera quelles sont les $offrandes nécessaires pour briser le sceau$.	Я уверена, она расскажет тебе, $какие подношения помогут раскрыть печать$.	Сигурна съм, че ще разкрие какви $приноси са нужни, за да се разбие печатът$.
Cutscenes/Story Events/Mines/dragon_tablet_pt_1/dragon_tablet_pt_1_follow_up_seridia/init	Yes, Hero? What is it?	Oui, <she>Héroïne</she><he>Héros</he><they>Être héroïque</they> ? Qu'y a-t-il ?	Слушаю тебя, герой. В чём дело?	Да, <he>герою</he><she>героиньо</she><they>герои</they>? Какво има?
Cutscenes/Story Events/Mines/dragon_tablet_pt_1/dragon_tablet_pt_1_follow_up_seridia/init/prompts/0	What should I do next?	Que dois-je faire ensuite ?	Что мне теперь делать?	Какво трябва да направя сега?
Cutscenes/Story Events/Mines/dragon_tablet_pt_1/dragon_tablet_pt_1_follow_up_seridia/init/prompts/1	I feel a little lost...	Je ne sais pas par où commencer...	Я слегка <p>запутались</p><f>запуталась</f><m>запутался</m><n>запуталось</n>...	Не знам какво да правя.
Cutscenes/Story Events/Mines/dragon_tablet_pt_2/dragon_tablet_pt_2/0	Ah, what did you say?	Ah, qu'as-tu dit ?	А? О чём это ты?	Ах, какво каза?
Cutscenes/Story Events/Mines/dragon_tablet_pt_2/dragon_tablet_pt_2/1	The $Dragonsworn Tablet$ appears blank?	La $tablette du paladin du dragon$ semble vierge ?	На $скрижали драконоверного$ не видно слов?	$Плочата на Драконовия заклетник$ изглежда празна?
Cutscenes/Story Events/Mines/dragon_tablet_pt_2/dragon_tablet_pt_2/10	However, that would require telling them about... everything.	Cependant, cela impliquerait de... tout leur révéler.	Однако для этого придётся им рассказать... всё, что случилось.	Но това би изисквало да им разкажем за... всичко.
Cutscenes/Story Events/Mines/dragon_tablet_pt_2/dragon_tablet_pt_2/11	How well do you know these people, Hero? Can they be trusted?	À quel point connais-tu ces personnes, <she>Héroïne</she><he>Héros</he><they>Être héroïque</they> ? Peut-on leur faire confiance ?	Как хорошо ты знаешь этих людей, герой? Им можно доверять?	Колко добре познаваш тези хора, <he>герою</he><she>героиньо</she><they>герои</they>? Може ли да им се има доверие?
Cutscenes/Story Events/Mines/dragon_tablet_pt_2/dragon_tablet_pt_2/11/prompts/0	I know them very well!	Je les connais très bien !	Я прекрасно их знаю!	Познавам ги много добре!
Cutscenes/Story Events/Mines/dragon_tablet_pt_2/dragon_tablet_pt_2/11/prompts/1	I know them fairly well.	Je les connais assez bien.	Я знаю их весьма неплохо.	Познавам ги сравнително добре.
Cutscenes/Story Events/Mines/dragon_tablet_pt_2/dragon_tablet_pt_2/11/prompts/2	I don't really know them...	Je ne les connais pas très bien...	Я их почти не знаю...	Всъщност не ги познавам...
Cutscenes/Story Events/Mines/dragon_tablet_pt_2/dragon_tablet_pt_2/12	Is that so? Surely you understand that it is a risk to involve others in this situation...	Vraiment ? Tu comprends sans doute qu'il est risqué d'impliquer d'autres personnes dans cette situation...	Вот как? Ты, вероятно, понимаешь, как мы рискуем, рассказывая другим о нашей проблеме...	Така ли? Сигурно разбираш, че е рисковано да намесваме други в тази ситуация...
Cutscenes/Story Events/Mines/dragon_tablet_pt_2/dragon_tablet_pt_2/13	Would you put your hand on the crystal for a moment?	Peux-tu poser ta main sur le cristal un moment ?	Ты не <p>могли</p><f>могла</f><m>мог</m><n>могло</n> бы ненадолго положить руки на этот кристалл?	Сложи ръка на кристала за миг.
Cutscenes/Story Events/Mines/dragon_tablet_pt_2/dragon_tablet_pt_2/14a	I sense that the bonds that you share with $Juniper$ and $Eiland$ are quite strong.	Je sens que les liens que tu partages avec $Juniper$ et $Eiland$ sont très forts.	Я чувствую, что твоя связь с $Джунипер$ и $Эйландом$ достаточно сильна.	Усещам, че връзките ти с $Джунипър$ и $Ейланд$ са доста силни.
Cutscenes/Story Events/Mines/dragon_tablet_pt_2/dragon_tablet_pt_2/14b	I sense that the bonds you share with $Juniper$ are not yet strong enough to entrust her with this matter.	Je sens que les liens que tu partages avec $Juniper$ ne sont pas encore assez forts pour lui confier ce problème.	Я чувствую, что твоя связь с $Джунипер$ недостаточно сильна, чтобы посвятить её в наше дело.	Усещам, че връзката ти с $Джунипър$ още не е достатъчно силна, за да ѝ поверим това.
Cutscenes/Story Events/Mines/dragon_tablet_pt_2/dragon_tablet_pt_2/14bc_extra	You will need to $strengthen your relationship$ before we can proceed.	Tu dois d'abord $renforcer votre relation$ avant que nous puissions continuer.	Мы сможем продолжить, когда ты $улучшишь отношения$.	Ще трябва да $укрепиш отношенията си$, преди да продължим.
Cutscenes/Story Events/Mines/dragon_tablet_pt_2/dragon_tablet_pt_2/14c	I sense that the bonds you share with $Eiland$ are not yet strong enough to entrust him with this matter.	Je sens que les liens que tu partages avec $Eiland$ ne sont pas encore assez forts pour lui confier ce problème.	Я чувствую, что твоя связь с $Эйландом$ недостаточно сильна, чтобы посвятить его в наше дело.	Усещам, че връзката ти с $Ейланд$ още не е достатъчно силна, за да му поверим това.
Cutscenes/Story Events/Mines/dragon_tablet_pt_2/dragon_tablet_pt_2/14d	I sense that the bonds you share with $Juniper$ and $Eiland$ are not yet strong enough to entrust them with this matter.	Je sens que les liens que tu partages avec $Juniper$ et $Eiland$ ne sont pas encore assez forts pour leur confier ce problème.	Я чувствую, что твои связи с $Джунипер$ и $Эйландом$ недостаточно сильные, чтобы посвятить их в наше дело.	Усещам, че връзките ти с $Джунипър$ и $Ейланд$ още не са достатъчно силни, за да им поверим това.
Cutscenes/Story Events/Mines/dragon_tablet_pt_2/dragon_tablet_pt_2/14d_extra	You will need to $strengthen your relationships$ before we can proceed.	Tu dois d'abord $renforcer vos relations$ avant que nous puissions continuer.	Мы сможем продолжить, когда ты $улучшишь отношения$.	Ще трябва да $укрепиш отношенията си$, преди да продължим.
Cutscenes/Story Events/Mines/dragon_tablet_pt_2/dragon_tablet_pt_2/15f	While I share your sense of urgency...	Bien que je partage ton sentiment d'urgence...	Я разделяю твою поспешность, однако...	Макар да споделям чувството ти за неотложност...
Cutscenes/Story Events/Mines/dragon_tablet_pt_2/dragon_tablet_pt_2/15t	While I remain somewhat wary of the risk...	Bien que je reste méfiante quant au risque que cela représente...	Я всё ещё осознаю опасность, однако...	Макар все още да съм предпазлива заради риска...
Cutscenes/Story Events/Mines/dragon_tablet_pt_2/dragon_tablet_pt_2/16f	Let us not forget the gravity of the task at hand.	N'oublions pas la gravité de la tâche qui nous incombe.	Давай не будем забывать, насколько серьёзна наша задача.	Нека не забравяме колко сериозна е задачата пред нас.
Cutscenes/Story Events/Mines/dragon_tablet_pt_2/dragon_tablet_pt_2/16t	Perhaps asking for their assistance would be for the best.	Peut-être que la meilleure solution serait de leur demander leur aide.	Возможно, попросить их о помощи будет лучшим решением.	Може би ще е най-добре да поискаме помощта им.
Cutscenes/Story Events/Mines/dragon_tablet_pt_2/dragon_tablet_pt_2/17f	The future of Mistria is at stake.	L'avenir de Mistria est en jeu.	На кону будущее Мистрии.	Бъдещето на Мистрия е заложено.
Cutscenes/Story Events/Mines/dragon_tablet_pt_2/dragon_tablet_pt_2/17t	We must uncover the details of how to break $The Final Seal$ as soon as possible.	Nous devons découvrir au plus vite la manière de briser $le sceau final$.	Мы должны больше узнать о $последней печати$. Чем раньше, тем лучше.	Трябва възможно най-скоро да разберем как се разбива $Последният печат$.
Cutscenes/Story Events/Mines/dragon_tablet_pt_2/dragon_tablet_pt_2/18f	We must wait to proceed until you have sufficiently $strengthened your relationships with Juniper and Eiland$.	Avant de continuer, nous devons patienter jusqu'à ce que tu aies suffisamment $renforcé ta relation avec Juniper et Eiland$.	Мы не сможем продолжить, пока ты не $наладишь отношения с Джунипер и с Эйландом$.	Трябва да изчакаме, докато достатъчно $укрепиш отношенията си с Джунипър и Ейланд$.
Cutscenes/Story Events/Mines/dragon_tablet_pt_2/dragon_tablet_pt_2/18t	The time has come to allow these friends of yours into the fold.	Le moment est venu d'associer tes amis.	Пришла пора посвятить твоих друзей в наш замысел.	Дойде време да посветим тези твои приятели в тайната.
Cutscenes/Story Events/Mines/dragon_tablet_pt_2/dragon_tablet_pt_2/19f	Only then may we allow them into the fold without worry.	Alors seulement nous pourrons sans inquiétude associer tes amis.	До тех пор мы не можем посвятить их в наш замысел.	Едва тогава можем спокойно да ги посветим в тайната.
Cutscenes/Story Events/Mines/dragon_tablet_pt_2/dragon_tablet_pt_2/19t	I recommend that you speak with $Juniper$ first, as she is more familiar with your situation.	Je te conseille d'aller parler d'abord à $Juniper$, car elle connaît mieux ta situation.	Я советую тебе сначала поговорить с $Джунипер$. Она более осведомлена о твоём положении.	Препоръчвам първо да поговориш с $Джунипър$, защото тя е по-запозната със ситуацията ти.
Cutscenes/Story Events/Mines/dragon_tablet_pt_2/dragon_tablet_pt_2/2	Are you certain? I had thought that with $Void Sight$...	En es-tu <he>certain</he><she>certaine</she><they>certain·e</they> ? Je pensais qu'avec la $Vision du néant$...	Ты <p>уверены</p><f>уверена</f><m>уверен</m><n>уверено</n>? Я думала, что $взор пустоты$ поможет...	Сигурна ли си? Мислех, че с $Погледа към Бездната$...
Cutscenes/Story Events/Mines/dragon_tablet_pt_2/dragon_tablet_pt_2/3	...	...	...	...
Cutscenes/Story Events/Mines/dragon_tablet_pt_2/dragon_tablet_pt_2/4	It seems that we have yet another puzzle to solve, Hero.	Il semble que nous ayons encore une énigme à résoudre, <she>Héroïne</she><he>Héros</he><they>Être héroïque</they>.	Видимо, перед нами встала ещё одна задача, герой.	Изглежда, че имаме още една загадка за решаване, <he>герою</he><she>героиньо</she><they>герои</they>.
Cutscenes/Story Events/Mines/dragon_tablet_pt_2/dragon_tablet_pt_2/5	Tell me... how were you able to progress through the other seal rooms before you could read $Witchspeak$?	Dis-moi... Comment as-tu réussi à progresser dans les autres salles des sceaux avant de savoir parler la $langue des sorcières$ ?	Расскажи... Как тебе удалось пройти через остальные печати, если ты не <p>научились</p><f>научилась</f><m>научился</m><n>научилось</n> читать $ведьмолект$?	Кажи ми... как успя да преминеш през другите зали с печати, преди да можеш да четеш $вещерския език$?
Cutscenes/Story Events/Mines/dragon_tablet_pt_2/dragon_tablet_pt_2/5/prompts/0	Juniper and Eiland helped me!	Juniper et Eiland m'ont apporté leur aide !	Мне помогали Джунипер и Эйланд!	Джунипър и Ейланд ми помогнаха!
Cutscenes/Story Events/Mines/dragon_tablet_pt_2/dragon_tablet_pt_2/5/prompts/1	I admit I had a little help...	J'ai eu un peu d'aide, je l'avoue...	Признаюсь, мне пришлось прибегнуть к помощи...	Признавам, че получих малко помощ...
Cutscenes/Story Events/Mines/dragon_tablet_pt_2/dragon_tablet_pt_2/6	Your friends assisted you? Do go on...	Tes amis t'ont apporté leur assistance ? Continue...	Тебе помогали друзья? Продолжай...	Приятелите ти са ти помогнали? Разказвай...
Cutscenes/Story Events/Mines/dragon_tablet_pt_2/dragon_tablet_pt_2/7	I see. So $Eiland$ is an expert when it comes to $History and Artifacts$.	Je vois. Ainsi, $Eiland$ est un expert en matière d'$Histoire et d'artéfacts$.	Понимаю. Значит, $Эйланд$ — специалист по $истории и арефактам$.	Ясно. Значи $Ейланд$ е експерт по $история и артефакти$.
Cutscenes/Story Events/Mines/dragon_tablet_pt_2/dragon_tablet_pt_2/8	And $Juniper$ knows something of both $Magic and Witchspeak$...	Et $Juniper$ sait tout de la $magie et de la langue des sorcières$...	А $Джунипер$ кое-что понимает в $магии и ведьмолекте$.	А $Джунипър$ разбира и от $магия, и от вещерския език$...
Cutscenes/Story Events/Mines/dragon_tablet_pt_2/dragon_tablet_pt_2/9	It is possible that they may be able to help us solve the mystery of the $Dragonsworn Tablet$.	Il est possible qu'ils soient en mesure de nous aider à résoudre le mystère de la $tablette du paladin du dragon$.	Возможно, они смогут помочь нам с разгадкой $скрижали драконоверного$.	Възможно е да успеят да ни помогнат да разгадаем тайната на $Плочата на Драконовия заклетник$.
Cutscenes/Story Events/Mines/dragon_tablet_pt_2/dragon_tablet_pt_2/init	The $Dragonsworn Tablet$ stands solemnly.	La $tablette du paladin du dragon$ se dresse avec solennité.	Перед вами возвышается $скрижаль драконоверного$.	$Плочата на Драконовия заклетник$ стои тържествено.
Cutscenes/Story Events/Mines/dragon_tablet_pt_2/dragon_tablet_pt_2/stitch_0	It looks blank, but you sense the words are merely hidden from sight.	Elle semble vierge, mais vous sentez que les mots sont simplement dissimulés.	На вид кажется, что она пуста, но вы чувствуете, что слова лишь скрыты от взора.	Изглежда празна, но усещаш, че думите просто са скрити от погледа.
Cutscenes/Story Events/Mines/dragon_tablet_pt_2/dragon_tablet_pt_2/stitch_1	Maybe the $Dragon Priestess$ knows how to reveal them...?	Peut-être que la $prêtresse dragon$ sait comment les révéler...?	Может, $жрица дракона$ знает, как их открыть?..	Може би $Драконовата жрица$ знае как да ги разкрие...?
Cutscenes/Story Events/Mines/dragon_tablet_pt_2/dragon_tablet_pt_2_follow_up_seridia_0/1	Remember, you must $strengthen your relationships with Juniper and Eiland$ before we can safely proceed.	Souviens-toi, tu dois $renforcer ta relation avec Juniper et Eiland$ avant que nous puissions continuer sans risque.	Не забывай, что нужно $наладить отношения с Джунипер и с Эйландом$, прежде чем мы сможем продолжить.	Не забравяй, че трябва да $укрепиш отношенията си с Джунипър и Ейланд$, преди да продължим безопасно.
Cutscenes/Story Events/Mines/dragon_tablet_pt_2/dragon_tablet_pt_2_follow_up_seridia_0/10	Well, will you try to befriend them for the sake of Mistria, then?	Eh bien, essaieras-tu de sympathiser avec eux pour le bien de Mistria, dans ce cas ?	Что ж, тогда, может, попробуешь подружиться с ними ради будущего Мистрии?	Е, тогава ще опиташ ли да се сприятелиш с тях заради Мистрия?
Cutscenes/Story Events/Mines/dragon_tablet_pt_2/dragon_tablet_pt_2_follow_up_seridia_0/10/prompts/0	Okay, I'll do my best!	D'accord, je vais faire de mon mieux !	Ладно, я постараюсь!	Добре, ще направя всичко възможно!
Cutscenes/Story Events/Mines/dragon_tablet_pt_2/dragon_tablet_pt_2_follow_up_seridia_0/10/prompts/1	I really don't want to...	Je n'en ai vraiment pas envie...	Я правда не хочу.	Наистина не искам...
Cutscenes/Story Events/Mines/dragon_tablet_pt_2/dragon_tablet_pt_2_follow_up_seridia_0/11	I see.	Je vois.	Понятно.	Ясно.
Cutscenes/Story Events/Mines/dragon_tablet_pt_2/dragon_tablet_pt_2_follow_up_seridia_0/12	I understand now that this will not be an easy task for you.	Je comprends que ce ne sera pas une tâche facile pour toi.	Теперь я вижу, что для тебя это непростая задача.	Сега разбирам, че това няма да е лесна задача за теб.
Cutscenes/Story Events/Mines/dragon_tablet_pt_2/dragon_tablet_pt_2_follow_up_seridia_0/13	But even if you were just to pretend-	Mais même si tu faisais seulement semblant...	Но, может, если бы ты <p>могли</p><f>могла</f><m>мог</m><n>могло</n> хотя бы притвориться...	Но дори само да се преструваш—
Cutscenes/Story Events/Mines/dragon_tablet_pt_2/dragon_tablet_pt_2_follow_up_seridia_0/13/prompts/0	Okay fiiine. I'll do it.	C'est booon. Je vais le faire.	Ла-адно. Будет сделано.	Добре де. Ще го направя.
Cutscenes/Story Events/Mines/dragon_tablet_pt_2/dragon_tablet_pt_2_follow_up_seridia_0/13/prompts/1	I don't want to put in the effort, even if I'm pretending!	Je n'ai pas envie de faire d'efforts, même pour faire semblant !	Я не хочу этим заниматься, даже понарошку!	Не искам да полагам усилия, дори да се преструвам!
Cutscenes/Story Events/Mines/dragon_tablet_pt_2/dragon_tablet_pt_2_follow_up_seridia_0/14	...	...	...	...
Cutscenes/Story Events/Mines/dragon_tablet_pt_2/dragon_tablet_pt_2_follow_up_seridia_0/15	......	......	......	......
Cutscenes/Story Events/Mines/dragon_tablet_pt_2/dragon_tablet_pt_2_follow_up_seridia_0/16	............	............	............	............
Cutscenes/Story Events/Mines/dragon_tablet_pt_2/dragon_tablet_pt_2_follow_up_seridia_0/17	Then perhaps I shall need to make things easier for you.	Dans ce cas, je vais peut-être devoir te faciliter les choses.	Тогда, возможно, мне стоит упростить тебе задачу.	Тогава може би ще трябва да ти улесня нещата.
Cutscenes/Story Events/Mines/dragon_tablet_pt_2/dragon_tablet_pt_2_follow_up_seridia_0/18	I would rather not do this, but it seems the situation is extreme.	J'aurais préféré éviter cela, mais la situation l'exige.	Не хочется прибегать к таким методам. Но, судя по всему, мы в отчаянном положении.	Предпочитам да не го правя, но положението изглежда крайно.
Cutscenes/Story Events/Mines/dragon_tablet_pt_2/dragon_tablet_pt_2_follow_up_seridia_0/19	Here. I will conjure some tokens of friendship from the void that you may gift to them.	Tiens. Je vais invoquer du néant quelques gages d'amitié que tu pourras leur offrir.	Сейчас. Я создам из пустоты небольшие дружеские подарки, которые ты сможешь им подарить.	Заповядай. Ще призова от Бездната няколко знака на приятелство, които да им подариш.
Cutscenes/Story Events/Mines/dragon_tablet_pt_2/dragon_tablet_pt_2_follow_up_seridia_0/2	It is inconsequential, whether you choose to become $Best Friends$ or =Something More=.	Qu'avec cette personne, vous deveniez $meilleurs amis$ ou =plus que cela= est sans conséquence.	Не важно, станете вы $лучшими друзьями$ или =чем-то большим=. 	Няма значение дали избереш да станете $Най-добри приятели$ или =Нещо повече=.
Cutscenes/Story Events/Mines/dragon_tablet_pt_2/dragon_tablet_pt_2_follow_up_seridia_0/20	These items are not of this world... so I cannot say how long they will last once gifted.	Ces objets ne proviennent pas de ce monde-ci... Je ne peux donc pas dire combien de temps ils dureront, une fois offerts.	Это предметы из другого мира... Так что я не могу поручиться, что такие подарки не исчезнут.	Тези предмети не са от този свят... затова не мога да кажа колко дълго ще съществуват, след като бъдат подарени.
Cutscenes/Story Events/Mines/dragon_tablet_pt_2/dragon_tablet_pt_2_follow_up_seridia_0/21	But perhaps $Eiland$ and $Juniper$ will like them despite that.	Mais peut-être qu'ils plairont malgré tout à $Eiland$ et $Juniper$.	Но, возможно, $Эйланду$ и $Джунипер$ они всё равно понравятся.	Но може пък $Ейланд$ и $Джунипър$ да ги харесат въпреки това.
Cutscenes/Story Events/Mines/dragon_tablet_pt_2/dragon_tablet_pt_2_follow_up_seridia_0/22	Good luck, Hero.	Bonne chance, <she>Héroïne</she><he>Héros</he><they>Être héroïque</they>.	Удачи, герой.	Успех, <he>герою</he><she>героиньо</she><they>герои</they>.
Cutscenes/Story Events/Mines/dragon_tablet_pt_2/dragon_tablet_pt_2_follow_up_seridia_0/3	We simply need to be assured that our trust is well-placed.	Nous devons simplement nous assurer que notre confiance est bien placée.	Для нас главное — иметь достаточные основания им доверять.	Трябва само да сме сигурни, че не се доверяваме напразно.
Cutscenes/Story Events/Mines/dragon_tablet_pt_2/dragon_tablet_pt_2_follow_up_seridia_0/4	Only then may we allow them into the fold.	Alors seulement nous pourrons les associer.	Только тогда мы сможем посвятить их в наш замысел.	Едва тогава можем да ги посветим в тайната.
Cutscenes/Story Events/Mines/dragon_tablet_pt_2/dragon_tablet_pt_2_follow_up_seridia_0/4/prompts/0	I'll do my best!	Je vais faire de mon mieux !	Я постараюсь!	Ще направя всичко възможно!
Cutscenes/Story Events/Mines/dragon_tablet_pt_2/dragon_tablet_pt_2_follow_up_seridia_0/4/prompts/1	But I don't want to...	Mais je n'ai pas envie...	Но я не хочу...	Но не искам...
Cutscenes/Story Events/Mines/dragon_tablet_pt_2/dragon_tablet_pt_2_follow_up_seridia_0/5	You... do not wish to strengthen your relationships with $Juniper$ and $Eiland$?	Tu... ne souhaites pas renforcer ta relation avec $Juniper$ et $Eiland$ ?	Ты... не желаешь улучшать отношения с $Джунипер$ и $Эйландом$?	Ти... не искаш да укрепиш отношенията си с $Джунипър$ и $Ейланд$?
Cutscenes/Story Events/Mines/dragon_tablet_pt_2/dragon_tablet_pt_2_follow_up_seridia_0/6	But Hero... you must gain their trust if we are to involve them in $Breaking the Final Seal$!	Mais <she>Héroïne</she><he>Héros</he><they>Être héroïque</they>... Tu dois d'abord gagner leur confiance si nous voulons qu'ils nous aident à $briser le sceau final$ !	Но, герой... Тебе необходимо заручиться их поддержкой, если мы хотим $раскрыть последнюю печать$!	Но, <he>герою</he><she>героиньо</she><they>герои</they>... трябва да спечелиш доверието им, ако ще ги включим в $Разбиването на Последния печат$!
Cutscenes/Story Events/Mines/dragon_tablet_pt_2/dragon_tablet_pt_2_follow_up_seridia_0/6/prompts/0	Okay, I'll do my best!	D'accord, je vais faire de mon mieux !	Ладно, я постараюсь!	Добре, ще направя всичко възможно!
Cutscenes/Story Events/Mines/dragon_tablet_pt_2/dragon_tablet_pt_2_follow_up_seridia_0/6/prompts/1	But I don't like them...	Mais je ne les apprécie pas...	Но они мне не нравятся...	Но не ги харесвам...
Cutscenes/Story Events/Mines/dragon_tablet_pt_2/dragon_tablet_pt_2_follow_up_seridia_0/7	You do not like them?	Tu ne les apprécies pas ?	Не нравятся?	Не ги харесваш?
Cutscenes/Story Events/Mines/dragon_tablet_pt_2/dragon_tablet_pt_2_follow_up_seridia_0/8	H-hero...	<he>H-Héros</he><she>H-Héroïne</she><they>Ê-Être héroïque</they>...	Г-герой...	Г-<he>герою</he><she>героиньо</she><they>герои</they>...
Cutscenes/Story Events/Mines/dragon_tablet_pt_2/dragon_tablet_pt_2_follow_up_seridia_0/9	...	...	...	...
Cutscenes/Story Events/Mines/dragon_tablet_pt_2/dragon_tablet_pt_2_follow_up_seridia_0/end	Wonderful. Good luck, Hero.	Fantastique. Bonne chance, <she>Héroïne</she><he>Héros</he><they>Être héroïque</they>.	Чудно. Удачи, герой.	Чудесно. Успех, <he>герою</he><she>героиньо</she><they>герои</they>.
Cutscenes/Story Events/Mines/dragon_tablet_pt_2/dragon_tablet_pt_2_follow_up_seridia_0/init	How are things progressing, Hero?	Comment les choses avancent-elles, <she>Héroïne</she><he>Héros</he><they>Être héroïque</they> ?	Как идут дела, герой?	Как вървят нещата, <he>герою</he><she>героиньо</she><they>герои</they>?
Cutscenes/Story Events/Mines/dragon_tablet_pt_2/dragon_tablet_pt_2_follow_up_seridia_1/1	I would recommend that you start by speaking with $Juniper$.	Je te conseille de commencer par aller parler à $Juniper$.	Я советую тебе сначала поговорить с $Джунипер$.	Препоръчвам първо да поговориш с $Джунипър$.
Cutscenes/Story Events/Mines/dragon_tablet_pt_2/dragon_tablet_pt_2_follow_up_seridia_1/2	She is the one most familiar with your situation...	C'est elle qui connaît le mieux ta situation...	Она более осведомлена о твоём положении...	Тя е най-запозната със ситуацията ти...
Cutscenes/Story Events/Mines/dragon_tablet_pt_2/dragon_tablet_pt_2_follow_up_seridia_1/init	The bonds that you share with $Juniper$ and $Eiland$ are quite strong.	Les liens que tu partages avec $Juniper$ et $Eiland$ sont très forts.	Твоя связь с $Джунипер$ и $Эйландом$ достаточно сильна.	Връзките ти с $Джунипър$ и $Ейланд$ са доста силни.
Cutscenes/Story Events/Mines/dragon_tablet_pt_3/dragon_tablet_pt_3/1	Now spill it.	Crache le morceau.	Давай рассказывай.	Now spill it.
Cutscenes/Story Events/Mines/dragon_tablet_pt_3/dragon_tablet_pt_3/10	Now let's see, where do we start...	Bon, alors, par où commencer...?	Давай подумаем, с чего бы начать...	Now let's see, where do we start...
Cutscenes/Story Events/Mines/dragon_tablet_pt_3/dragon_tablet_pt_3/10/prompts/0	I was thinking we should fill in Eiland next.	Je me disais qu'on devrait ensuite en informer Eiland.	Я думаю, стоит сообщить Эйланду.	I was thinking we should fill in Eiland next.
Cutscenes/Story Events/Mines/dragon_tablet_pt_3/dragon_tablet_pt_3/10/prompts/1	Well, we could use an expert on ancient artifacts...	Eh bien, un expert en artéfacts anciens nous serait utile...	Нам бы не помешал какой-нибудь знаток артефактов...	Well, we could use an expert on ancient artifacts...
Cutscenes/Story Events/Mines/dragon_tablet_pt_3/dragon_tablet_pt_3/11	Eiland, huh?	Eiland, hein ?	Предлагаешь позвать Эйланда?	Eiland, huh?
Cutscenes/Story Events/Mines/dragon_tablet_pt_3/dragon_tablet_pt_3/12	Well, I guess that makes sense. He seems to know a lot about the last $Dragonsworn$.	Ça se tient, c'est vrai. Il semble en savoir pas mal sur le dernier $paladin du dragon$.	Что ж, признаю, в этом есть смысл. Он много знает о последних $драконоверных$.	Well, I guess that makes sense. He seems to know a lot about the last $Dragonsworn$.
Cutscenes/Story Events/Mines/dragon_tablet_pt_3/dragon_tablet_pt_3/13	More than either of us, anyway.	Plus que toi ou moi, en tout cas.	По крайней мере, больше, чем мы с тобой.	More than either of us, anyway.
Cutscenes/Story Events/Mines/dragon_tablet_pt_3/dragon_tablet_pt_3/14	Though... couldn't we just go and ask Caldarus-	Quoique... Si on allait simplement interroger Caldarus...	Хотя... Почему бы нам просто не спросить у Кальдаруса...	Though... couldn't we just go and ask Caldarus-
Cutscenes/Story Events/Mines/dragon_tablet_pt_3/dragon_tablet_pt_3/15	I see... so the $Dragon Priestess$ thinks his involvement would be risky?	Je vois... Alors la $prêtresse dragon$ pense qu'il serait risqué de l'impliquer ?	Понятно... И $жрица дракона$ считает, что впутывать его слишком рискованно?	I see... so the $Dragon Priestess$ thinks his involvement would be risky?
Cutscenes/Story Events/Mines/dragon_tablet_pt_3/dragon_tablet_pt_3/16	Poor guy. Didn't realize he was in such bad shape.	Pauvre bougre. Je n'imaginais pas qu'il était en si piteux état.	Бедняга. Я не знала, что он настолько не в форме.	Poor guy. Didn't realize he was in such bad shape.
Cutscenes/Story Events/Mines/dragon_tablet_pt_3/dragon_tablet_pt_3/17	We'd better keep him in the dark for now.	Mieux vaut le laisser dans l'ignorance, pour l'instant.	Тогда пока что лучше ему не рассказывать.	We'd better keep him in the dark for now.
Cutscenes/Story Events/Mines/dragon_tablet_pt_3/dragon_tablet_pt_3/18	I suppose we should go get Eiland, then.	On pourrait aller chercher Eiland, dans ce cas.	Что ж, значит, надо идти за Эйландом.	I suppose we should go get Eiland, then.
Cutscenes/Story Events/Mines/dragon_tablet_pt_3/dragon_tablet_pt_3/19	I'm not sure how much he can help, but...	Je ne sais pas trop dans quelle mesure il pourra nous aider, mais...	Уж не знаю, насколько он будет полезен...	I'm not sure how much he can help, but...
Cutscenes/Story Events/Mines/dragon_tablet_pt_3/dragon_tablet_pt_3/2	You've been talking to some kind of ghost?	Tu as discuté avec une espèce de fantôme ?	Ты <p>общались</p><f>общалась</f><m>общался</m><n>общалось</n> с призраком?	You've been talking to some kind of ghost?
Cutscenes/Story Events/Mines/dragon_tablet_pt_3/dragon_tablet_pt_3/20	I really want to see his face when you reveal what's been going on.	J'ai vraiment envie de voir sa tête quand tu lui révéleras ce qui se passe.	Но я просто хочу увидеть его лицо, когда ты ему расскажешь, что тут происходит.	I really want to see his face when you reveal what's been going on.
Cutscenes/Story Events/Mines/dragon_tablet_pt_3/dragon_tablet_pt_3/21	[Ari], Juniper!	Oh, [Ari], Juniper !	[Ari], Джунипер!	[Ari], Juniper!
Cutscenes/Story Events/Mines/dragon_tablet_pt_3/dragon_tablet_pt_3/22	To what do I owe the pleasure...?	Qu'est-ce qui me vaut le plaisir...?	Чем обязан вашему визиту?...	To what do I owe the pleasure...?
Cutscenes/Story Events/Mines/dragon_tablet_pt_3/dragon_tablet_pt_3/23	Get ready, Eiland.	Accroche-toi, Eiland.	Держись, Эйланд.	Get ready, Eiland.
Cutscenes/Story Events/Mines/dragon_tablet_pt_3/dragon_tablet_pt_3/24	We're about to turn your world upside down.	On va mettre ton univers sens dessus dessous.	Сейчас мы перевернём весь твой мир с ног на голову.	We're about to turn your world upside down.
Cutscenes/Story Events/Mines/dragon_tablet_pt_3/dragon_tablet_pt_3/25	U-um. [Ari]?	Hum. [Ari] ?	Эмм. [Ari]?	U-um. [Ari]?
Cutscenes/Story Events/Mines/dragon_tablet_pt_3/dragon_tablet_pt_3/26	Should I be scared?	Je dois m'inquiéter ?	Это что-то страшное?	Should I be scared?
Cutscenes/Story Events/Mines/dragon_tablet_pt_3/dragon_tablet_pt_3/27	Eiland, Eiland, Eiland...	Eiland, Eiland, Eiland...	Эйланд, Эйланд, Эйланд...	Eiland, Eiland, Eiland...
Cutscenes/Story Events/Mines/dragon_tablet_pt_3/dragon_tablet_pt_3/28	You might want to sit back down for this.	Tu devrais peut-être t'asseoir.	Думаю, для такого рассказа тебе стоит присесть.	You might want to sit back down for this.
Cutscenes/Story Events/Mines/dragon_tablet_pt_3/dragon_tablet_pt_3/29	Go ahead, [Ari]. Tell him everything that you told me.	Vas-y, [Ari]. Raconte-lui tout ce que tu m'as dit.	Вперёд, [Ari]. Расскажи ему всё, что я уже слышала.	Go ahead, [Ari]. Tell him everything that you told me.
Cutscenes/Story Events/Mines/dragon_tablet_pt_3/dragon_tablet_pt_3/3	The spirit of a $Dragon Priestess$... standing guard at $The Gate Between Worlds$?	L'esprit d'une $prêtresse dragon$... qui monte la garde près de $la porte entre les mondes$ ?	Это был призрак $жрицы дракона$... И она охраняла $врата между мирами$?	The spirit of a $Dragon Priestess$... standing guard at $The Gate Between Worlds$?
Cutscenes/Story Events/Mines/dragon_tablet_pt_3/dragon_tablet_pt_3/30	Is it all true?	Tout cela est vrai ?	Это всё правда?	Is it all true?
Cutscenes/Story Events/Mines/dragon_tablet_pt_3/dragon_tablet_pt_3/31	Really, honestly true?	Vraiment, franchement vrai ?	В смысле действительно всё так и было?	Really, honestly true?
Cutscenes/Story Events/Mines/dragon_tablet_pt_3/dragon_tablet_pt_3/32	I can't believe it!	Je n'arrive pas à le croire...!	Поверить не могу!	I can't believe it!
Cutscenes/Story Events/Mines/dragon_tablet_pt_3/dragon_tablet_pt_3/33	The dragon $Caldarus$, the $Seals$ underground...	Le dragon $Caldarus$, le $sceau$ souterrain...	Дракон по имени $Кальдарус$ и подземные $печати$...	The dragon $Caldarus$, the $Seals$ underground...
Cutscenes/Story Events/Mines/dragon_tablet_pt_3/dragon_tablet_pt_3/34	Please, continue!	Je t'en prie, continue !	Пожалуйста, продолжай!	Please, continue!
Cutscenes/Story Events/Mines/dragon_tablet_pt_3/dragon_tablet_pt_3/35	W-wow.	W-Waouh.	О-ох.	W-wow.
Cutscenes/Story Events/Mines/dragon_tablet_pt_3/dragon_tablet_pt_3/36	All of this... it changes everything!	Ce que tu me racontes... Ça change tout !	Это же... Это совершенно всё меняет!	All of this... it changes everything!
Cutscenes/Story Events/Mines/dragon_tablet_pt_3/dragon_tablet_pt_3/37	It's a lot to take in.	Cela fait beaucoup de choses à intégrer.	Трудно сразу всё осмыслить.	It's a lot to take in.
Cutscenes/Story Events/Mines/dragon_tablet_pt_3/dragon_tablet_pt_3/38	I don't know that I've ever been this excited-	Je ne sais pas si j'ai déjà été aussi enthousiaste...	Не знаю даже, когда я в последний раз так волновался...	I don't know that I've ever been this excited-
Cutscenes/Story Events/Mines/dragon_tablet_pt_3/dragon_tablet_pt_3/39	About the past... or about the future!	À propos du passé... ou de l'avenir !	И о прошлом... И о будущем!	About the past... or about the future!
Cutscenes/Story Events/Mines/dragon_tablet_pt_3/dragon_tablet_pt_3/4	The place from which $all Magic originates$?	Le lieu où $toute magie trouve sa source$ ?	Это место, где $рождается вся магия$?	The place from which $all Magic originates$?
Cutscenes/Story Events/Mines/dragon_tablet_pt_3/dragon_tablet_pt_3/40	Thank you for entrusting me with your secret, [Ari].	Merci de m'avoir confié ton secret, [Ari].	Спасибо, что <p>поделились</p><f>поделилась</f><m>поделился</m><n>поделилось</n> со мной секретом, [Ari].	Thank you for entrusting me with your secret, [Ari].
Cutscenes/Story Events/Mines/dragon_tablet_pt_3/dragon_tablet_pt_3/41	I promise that I will help you however I can!	Je te promets de t'aider par tous les moyens !	Я обещаю сделать всё, что в моих силах!	I promise that I will help you however I can!
Cutscenes/Story Events/Mines/dragon_tablet_pt_3/dragon_tablet_pt_3/42	Yes, yes. How very touching.	Oui, oui. C'est très touchant.	Да, да. Очень трогательно.	Yes, yes. How very touching.
Cutscenes/Story Events/Mines/dragon_tablet_pt_3/dragon_tablet_pt_3/43	Now pick your jaw up off the floor so we can start brainstorming on how to crack that $Tablet$!	Maintenant, ramasse ta mâchoire pour qu'on commence à réfléchir à la façon de déchiffrer cette $tablette$ !	А теперь подними челюсть и давай подумаем, как нам разгадать, что написано на $скрижали$!	Now pick your jaw up off the floor so we can start brainstorming on how to crack that $Tablet$!
Cutscenes/Story Events/Mines/dragon_tablet_pt_3/dragon_tablet_pt_3/44	Right...	C'est juste...	Конечно...	Right...
Cutscenes/Story Events/Mines/dragon_tablet_pt_3/dragon_tablet_pt_3/45	Hm. So the $Tablet$ has a blank engraving plate...	Hm. Donc la $tablette$ est ornée d'une plaque de gravure vierge...	Хм. То есть на этой $скрижали$ нет высеченных надписей...	Hm. So the $Tablet$ has a blank engraving plate...
Cutscenes/Story Events/Mines/dragon_tablet_pt_3/dragon_tablet_pt_3/46	But you could sense there were words hidden there, [Ari]?	Mais tu as senti qu'une inscription y était cachée, c'est cela, [Ari] ?	Но ты чувствуешь, что там спрятан некий текст. Так, [Ari]?	But you could sense there were words hidden there, [Ari]?
Cutscenes/Story Events/Mines/dragon_tablet_pt_3/dragon_tablet_pt_3/47	It sounds to me like a form of $Magic$ encryption.	Ça m'évoque une forme de chiffrement $magique$.	По-моему, звучит как какой-то $магический$ шифр.	It sounds to me like a form of $Magic$ encryption.
Cutscenes/Story Events/Mines/dragon_tablet_pt_3/dragon_tablet_pt_3/48	These types of spells are incredibly rare and powerful.	Ce genre de sort est incroyablement rare et puissant.	Это крайне редкое и мощное колдовство.	These types of spells are incredibly rare and powerful.
Cutscenes/Story Events/Mines/dragon_tablet_pt_3/dragon_tablet_pt_3/49	The fact that you can sense words there at all is actually a great sign!	Le fait que tu perçoives la présence de mots est en réalité un excellent signe !	Если ты можешь хотя бы почувствовать слова — это уже хороший знак!	The fact that you can sense words there at all is actually a great sign!
Cutscenes/Story Events/Mines/dragon_tablet_pt_3/dragon_tablet_pt_3/5	And you want my help again to break this $Final Seal$!?	Et tu veux que je t'aide à nouveau à briser ce $sceau final$ ?!	И ты хочешь, чтобы я помогла тебе раскрыть $последнюю печать$?!	And you want my help again to break this $Final Seal$!?
Cutscenes/Story Events/Mines/dragon_tablet_pt_3/dragon_tablet_pt_3/50	It means you must meet part of the requirements to read it already.	Cela signifie que tu dois déjà remplir une partie des conditions pour pouvoir la lire.	Значит, какие-то условия для чтения ты уже <p>выполнили</p><f>выполнила</f><m>выполнил</m><n>выполнило</n>.	It means you must meet part of the requirements to read it already.
Cutscenes/Story Events/Mines/dragon_tablet_pt_3/dragon_tablet_pt_3/51	But what would the requirements be to read this so-called $Dragonsworn Tablet$?	Mais quelles seraient les conditions nécessaires pour lire cette soi-disant $tablette du paladin du dragon$ ?	Но что за условия могут быть необходимы, чтобы прочесть так называемую $скрижаль драконоверного$?	But what would the requirements be to read this so-called $Dragonsworn Tablet$?
Cutscenes/Story Events/Mines/dragon_tablet_pt_3/dragon_tablet_pt_3/52	"Did you say $""Dragonsworn"" Tablet$?"	As-tu dit la $« tablette du paladin du dragon »$ ?	Как ты сказала, $скрижаль «драконоверного»$?	"Did you say $""Dragonsworn"" Tablet$?"
Cutscenes/Story Events/Mines/dragon_tablet_pt_3/dragon_tablet_pt_3/53	The $Dragonsworn$-	$Paladin du dragon$...	Ведь $драконоверный$...	The $Dragonsworn$-
Cutscenes/Story Events/Mines/dragon_tablet_pt_3/dragon_tablet_pt_3/54	That's it!	C'est ça !	Точно!	That's it!
Cutscenes/Story Events/Mines/dragon_tablet_pt_3/dragon_tablet_pt_3/55	[Ari]...	[Ari]...	[Ari]...	[Ari]...
Cutscenes/Story Events/Mines/dragon_tablet_pt_3/dragon_tablet_pt_3/56	You repaired Caldarus' Shrine when you first came to Mistria.	Tu as restauré l'autel de Caldarus à ton arrivée à Mistria.	Ты <p>отремонтировали</p><f>отремонтировала</f><m>отремонтировал</m><n>отремонтировало</n> святилище Кальдаруса, когда <p>пришли</p><f>пришла</f><m>пришёл</m><n>пришло</n> в Мистрию.	You repaired Caldarus' Shrine when you first came to Mistria.
Cutscenes/Story Events/Mines/dragon_tablet_pt_3/dragon_tablet_pt_3/57	You have been tasked with returning his power with offerings of $Magic Essence$.	Tu as reçu pour mission de lui rendre sa puissance en lui offrant de l'$essence magique$.	Тебе выпала задача приносить $эссенцию магии$, чтобы вернуть его силу.	You have been tasked with returning his power with offerings of $Magic Essence$.
Cutscenes/Story Events/Mines/dragon_tablet_pt_3/dragon_tablet_pt_3/58	In return, he has granted you the ability not only to see that $Magic$, but to wield it, too.	En échange, il t'a accordé la capacité non seulement de voir, cette $magie$, mais aussi de la manipuler.	Взамен он даровал тебе силу видеть $магию$ и даже управлять ей.	In return, he has granted you the ability not only to see that $Magic$, but to wield it, too.
Cutscenes/Story Events/Mines/dragon_tablet_pt_3/dragon_tablet_pt_3/59	That makes YOU the $Dragonsworn$ of this age.	Ce qui fait de TOI, le $paladin du dragon$ de l'époque actuelle.	Это означает, что ТЫ $драконоверный$ нашей эпохи.	That makes YOU the $Dragonsworn$ of this age.
Cutscenes/Story Events/Mines/dragon_tablet_pt_3/dragon_tablet_pt_3/6	OH HO HO HO HO!	OH HO HO HO !	О-ХО-ХО-ХО-ХО!	OH HO HO HO HO!
Cutscenes/Story Events/Mines/dragon_tablet_pt_3/dragon_tablet_pt_3/60	And the $Dragonsworn Armor$ is sitting at Mistria's $Museum$ at this very moment!	Et l'$armure du paladin du dragon$ se trouve en ce moment même au $musée$ de Mistria !	А в мистрийском $музее$ прямо сейчас находятся $доспехи драконоверного$!	And the $Dragonsworn Armor$ is sitting at Mistria's $Museum$ at this very moment!
Cutscenes/Story Events/Mines/dragon_tablet_pt_3/dragon_tablet_pt_3/61	By all rights, that armor is yours, [Ari].	Cette armure te revient de droit, [Ari].	Он принадлежит тебе по праву, [Ari].	By all rights, that armor is yours, [Ari].
Cutscenes/Story Events/Mines/dragon_tablet_pt_3/dragon_tablet_pt_3/62	It's just a hunch, but... I think we should go and get it for you.	Ce n'est qu'une intuition, mais... je crois que nous devrions aller la chercher pour toi.	Это лишь моя догадка, но всё же... Я думаю, надо его достать и отдать тебе.	It's just a hunch, but... I think we should go and get it for you.
Cutscenes/Story Events/Mines/dragon_tablet_pt_3/dragon_tablet_pt_3/63	It may turn out to be the missing piece of the puzzle.	Elle pourrait bien être la pièce manquante du puzzle.	Возможно, это наш ключ к разгадке.	It may turn out to be the missing piece of the puzzle.
Cutscenes/Story Events/Mines/dragon_tablet_pt_3/dragon_tablet_pt_3/64	Eiland... That's not a bad theory.	Eiland... Cette théorie n'est pas mauvaise.	Эйланд... А это ведь неплохая гипотеза.	Eiland... That's not a bad theory.
Cutscenes/Story Events/Mines/dragon_tablet_pt_3/dragon_tablet_pt_3/65	I'm actually pretty impressed!	Je suis même assez impressionnée !	Я правда впечатлена!	I'm actually pretty impressed!
Cutscenes/Story Events/Mines/dragon_tablet_pt_3/dragon_tablet_pt_3/66	Good, it looks like we're alone.	On dirait que nous sommes seuls, tant mieux.	Отлично, кажется, мы одни.	Good, it looks like we're alone.
Cutscenes/Story Events/Mines/dragon_tablet_pt_3/dragon_tablet_pt_3/67	That saves us the trouble of needing to explain ourselves to Errol.	Cela nous évite d'avoir à nous expliquer auprès d'Errol.	И нам не придётся объясняться перед Эрролом.	That saves us the trouble of needing to explain ourselves to Errol.
Cutscenes/Story Events/Mines/dragon_tablet_pt_3/dragon_tablet_pt_3/68	Just a moment, I'll go and get the $Dragonsworn Armor$.	Un instant, je vais aller chercher l'$armure du paladin du dragon$.	Минутку, мне нужно достать $доспехи драконоверного$.	Just a moment, I'll go and get the $Dragonsworn Armor$.
Cutscenes/Story Events/Mines/dragon_tablet_pt_3/dragon_tablet_pt_3/69	There we are.	Nous y sommes.	Вот так.	There we are.
Cutscenes/Story Events/Mines/dragon_tablet_pt_3/dragon_tablet_pt_3/7	...	...	...	...
Cutscenes/Story Events/Mines/dragon_tablet_pt_3/dragon_tablet_pt_3/70	Go on, [Ari]! Try it on!	Vas-y, [Ari] ! Essaie-la !	Давай, [Ari]! Попробуй надеть!	Go on, [Ari]! Try it on!
Cutscenes/Story Events/Mines/dragon_tablet_pt_3/dragon_tablet_pt_3/71	!	 !	!	!
Cutscenes/Story Events/Mines/dragon_tablet_pt_3/dragon_tablet_pt_3/72	!	 !	!	!
Cutscenes/Story Events/Mines/dragon_tablet_pt_3/dragon_tablet_pt_3/73	That light...!	Cette lumière...!	Этот свет!..	That light...!
Cutscenes/Story Events/Mines/dragon_tablet_pt_3/dragon_tablet_pt_3/74	What was that?	Qu'est-ce que c'était ?	Что это было?	What was that?
Cutscenes/Story Events/Mines/dragon_tablet_pt_3/dragon_tablet_pt_3/75	Um, how do you feel, [Ari]?	Hum, comment te sens-tu, [Ari] ?	Эмм, как ощущения, [Ari]?	Um, how do you feel, [Ari]?
Cutscenes/Story Events/Mines/dragon_tablet_pt_3/dragon_tablet_pt_3/75/prompts/0	It fits surprisingly well!	Elle me va étonnamment bien !	Удивительно хорошо сидит!	It fits surprisingly well!
Cutscenes/Story Events/Mines/dragon_tablet_pt_3/dragon_tablet_pt_3/75/prompts/1	It feels like it was made for me.	On dirait qu'elle a été faite pour moi.	Кажется, будто он сделан специально для меня.	It feels like it was made for me.
Cutscenes/Story Events/Mines/dragon_tablet_pt_3/dragon_tablet_pt_3/76	Incredible...	Incroyable...	Невероятно...	Incredible...
Cutscenes/Story Events/Mines/dragon_tablet_pt_3/dragon_tablet_pt_3/77	Imagine that.	Eh ben, ça alors.	Кто бы мог подумать.	Imagine that.
Cutscenes/Story Events/Mines/dragon_tablet_pt_3/dragon_tablet_pt_3/78	It would make sense, wouldn't it?	Ce serait logique, non ?	Это же вполне логично.	It would make sense, wouldn't it?
Cutscenes/Story Events/Mines/dragon_tablet_pt_3/dragon_tablet_pt_3/79	I bet only the true $Dragonsworn$ can read the $Dragonsworn Tablet$.	Je parie que seul le véritable $paladin du dragon$ est capable de lire la $tablette du paladin du dragon$.	Наверняка только истинный $драконоверный$ способен прочесть $скрижаль драконоверного$.	I bet only the true $Dragonsworn$ can read the $Dragonsworn Tablet$.
Cutscenes/Story Events/Mines/dragon_tablet_pt_3/dragon_tablet_pt_3/8	AHEM!	HUM !	КХМ!	AHEM!
Cutscenes/Story Events/Mines/dragon_tablet_pt_3/dragon_tablet_pt_3/80	And now you have the proof!	Et à présent, tu as la preuve nécessaire !	И теперь у нас есть доказательства!	And now you have the proof!
Cutscenes/Story Events/Mines/dragon_tablet_pt_3/dragon_tablet_pt_3/81	You certainly look the part, [Ari].	Tu as la tête de l'emploi, [Ari], c'est certain.	Ты отлично <p>вжились</p><f>вжилась</f><m>вжился</m><n>вжилось</n> в роль, [Ari].	You certainly look the part, [Ari].
Cutscenes/Story Events/Mines/dragon_tablet_pt_3/dragon_tablet_pt_3/82	But will you really be able to read the $Tablet$ now?	Mais est-ce que tu seras capable de lire la $tablette$, maintenant ?	Но сможешь ли ты теперь прочесть $скрижаль$?	But will you really be able to read the $Tablet$ now?
Cutscenes/Story Events/Mines/dragon_tablet_pt_3/dragon_tablet_pt_3/83	I suppose there's only one way to find out.	Je crois qu'il n'y a qu'une seule façon de le savoir !	Полагаю, есть только один способ проверить.	I suppose there's only one way to find out.
Cutscenes/Story Events/Mines/dragon_tablet_pt_3/dragon_tablet_pt_3/84	You'd better go back down into the Ruins and see if you can read the $Dragonsworn Tablet$!	Tu ferais bien de retourner dans les ruines et de descendre voir si tu parviens à lire la $tablette du paladin du dragon$ !	Тебе надо спуститься в Руины и посмотреть, удастся ли прочесть $скрижаль драконоверного$!	You'd better go back down into the Ruins and see if you can read the $Dragonsworn Tablet$!
Cutscenes/Story Events/Mines/dragon_tablet_pt_3/dragon_tablet_pt_3/9	I would LOVE to, [Ari].	J'ADORERAIS le faire, [Ari] !	С УДОВОЛЬСТВИЕМ, [Ari].	I would LOVE to, [Ari].
Cutscenes/Story Events/Mines/dragon_tablet_pt_3/dragon_tablet_pt_3/init	Alright, [Ari]. Here we are.	Très bien, [Ari]. Nous y sommes.	Итак, [Ari], мы пришли.	Alright, [Ari]. Here we are.
Cutscenes/Story Events/Mines/dragon_tablet_pt_3/dragon_tablet_pt_3_follow_up_eiland/1	Sorry, I'm just so excited to hear what happens next!	Pardon, mais j'ai tellement hâte de savoir ce qui se passera ensuite !	Прости, мне просто не терпится узнать, что будет дальше!	Sorry, I'm just so excited to hear what happens next!
Cutscenes/Story Events/Mines/dragon_tablet_pt_3/dragon_tablet_pt_3_follow_up_eiland/init	Have you had a chance to check out the $Dragonsworn Tablet$ yet, [Ari]?	As-tu déjà pu aller vérifier la $tablette du paladin du dragon$, [Ari] ?	Ты уже <p>попробовали</p><f>попробовала</f><m>попробовал</m><n>попробовало</n> прочитать $скрижаль драконоверного$, [Ari]?	Have you had a chance to check out the $Dragonsworn Tablet$ yet, [Ari]?
Cutscenes/Story Events/Mines/dragon_tablet_pt_3/dragon_tablet_pt_3_follow_up_juniper/1	I hate to admit it, but I suspect Eiland's theory is right.	Je déteste avoir à l'admettre, mais la théorie d'Eiland est sans doute vraie.	Обидно это признавать, но я думаю, у Эйланда хорошая теория.	I hate to admit it, but I suspect Eiland's theory is right.
Cutscenes/Story Events/Mines/dragon_tablet_pt_3/dragon_tablet_pt_3_follow_up_juniper/2	I bet you'll be able to read it now, no problem.	Je parie que maintenant, tu seras capable de la lire sans problème.	Наверняка теперь ты без проблем сможешь всё прочитать.	I bet you'll be able to read it now, no problem.
Cutscenes/Story Events/Mines/dragon_tablet_pt_3/dragon_tablet_pt_3_follow_up_juniper/init	Let us know how things work out with the $Dragonsworn Tablet$.	Tiens-nous au courant de la façon dont ça se passera avec la $tablette du paladin du dragon$.	Сообщи, что у тебя выйдет с этой $скрижалью драконоверного$.	Let us know how things work out with the $Dragonsworn Tablet$.
Cutscenes/Story Events/Mines/dragon_tablet_pt_3/dragon_tablet_pt_3_follow_up_seridia_0/1	How wonderful!	C'est merveilleux !	Чудесно!	How wonderful!
Cutscenes/Story Events/Mines/dragon_tablet_pt_3/dragon_tablet_pt_3_follow_up_seridia_0/2	Well done, Hero.	Bravo, <she>Héroïne</she><he>Héros</he><they>Être héroïque</they>.	Отличная работа, герой.	Well done, Hero.
Cutscenes/Story Events/Mines/dragon_tablet_pt_3/dragon_tablet_pt_3_follow_up_seridia_0/3	Go now and see if you have truly gained the ability to read the $Dragonsworn Tablet$.	À présent, va voir si tu as réellement obtenu la capacité de lire la $tablette du paladin du dragon$.	Иди же и убедись, что теперь ты можешь прочесть $скрижаль драконоверного$.	Go now and see if you have truly gained the ability to read the $Dragonsworn Tablet$.
Cutscenes/Story Events/Mines/dragon_tablet_pt_3/dragon_tablet_pt_3_follow_up_seridia_0/init	So $Juniper$ and $Eiland$ were able to help you after all?	Alors, $Juniper$ et $Eiland$ ont pu t'aider, finalement ?	Итак, $Джунипер$ и $Эйланд$ в конце концов смогли тебе помочь?	So $Juniper$ and $Eiland$ were able to help you after all?
Cutscenes/Story Events/Mines/dragon_tablet_pt_3/dragon_tablet_pt_3_follow_up_seridia_1/1	All you need to do now is craft the necessary items at the $Dragon Forge$ in the $Priestess Quarters$ and then offer them at the $Dragonsworn Tablet$.	Tout ce qu'il te reste à faire est de fabriquer les objets nécessaires sur la $forge-dragon$ des $appartements de la prêtresse$ puis de les offrir à la $tablette du paladin du dragon$.	Осталось только сделать необходимые предметы с помощью $драконьей кузни$ в $покоях жриц$ и положить их у $скрижали драконоверного$.	All you need to do now is craft the necessary items at the $Dragon Forge$ in the $Priestess Quarters$ and then offer them at the $Dragonsworn Tablet$.
Cutscenes/Story Events/Mines/dragon_tablet_pt_3/dragon_tablet_pt_3_follow_up_seridia_1/2	I will be waiting.	Je t'attendrai.	Я буду ждать.	I will be waiting.
Cutscenes/Story Events/Mines/dragon_tablet_pt_3/dragon_tablet_pt_3_follow_up_seridia_1/init	I knew that you would be able to uncover the secret of the $Dragonsworn Tablet$, Hero!	Je savais que tu serais capable de découvrir le secret de la $tablette du paladin du dragon$, <she>Héroïne</she><he>Héros</he><they>Être héroïque</they> !	Я знала, что у тебя получится разгадать тайну $скрижали драконоверного$, герой!	I knew that you would be able to uncover the secret of the $Dragonsworn Tablet$, Hero!
Cutscenes/Story Events/Mines/dragon_tablet_pt_3/dragon_tablet_pt_3_turn_in/1	You want to speak to me... privately?	Tu veux me parler... en privé ?	Ты хочешь поговорить... наедине?	You want to speak to me... privately?
Cutscenes/Story Events/Mines/dragon_tablet_pt_3/dragon_tablet_pt_3_turn_in/2	Ooooh, how fun. I've been wondering when you might have an update for me!	Oooh, que c'est amusant. Je me demandais quand tu aurais du nouveau pour moi !	Ооо, любопытно! Я уже заждалась от тебя новостей!	Ooooh, how fun. I've been wondering when you might have an update for me!
Cutscenes/Story Events/Mines/dragon_tablet_pt_3/dragon_tablet_pt_3_turn_in/3	Right this way!	Par ici !	Пойдём со мной!	Right this way!
Cutscenes/Story Events/Mines/dragon_tablet_pt_3/dragon_tablet_pt_3_turn_in/init	Hey [Ari], what's up?	Salut, [Ari], ça va ?	Привет, [Ari], как дела?	Hey [Ari], what's up?
Cutscenes/Story Events/Mines/dragon_tablet_pt_4/dragon_tablet_pt_4/1	The time has come at last...	Le moment est enfin venu...	Заветный час настал...	The time has come at last...
Cutscenes/Story Events/Mines/dragon_tablet_pt_4/dragon_tablet_pt_4/10	"""Granter of Light""."	« La donneuse de lumière ».	Дарующая свет.	"""Granter of Light""."
Cutscenes/Story Events/Mines/dragon_tablet_pt_4/dragon_tablet_pt_4/100	Do you feel that? The flow of $Magic$... it is beginning to surge!	Vous sentez cela ? Le flux de $magie$... il commence à enfler !	Вы чувствуете? Поток $магии$... стремительно нарастает!	Do you feel that? The flow of $Magic$... it is beginning to surge!
Cutscenes/Story Events/Mines/dragon_tablet_pt_4/dragon_tablet_pt_4/101	No...! It cannot be!	Non...! C'est impossible !	О, нет!.. Не может быть!	No...! It cannot be!
Cutscenes/Story Events/Mines/dragon_tablet_pt_4/dragon_tablet_pt_4/102	Without any $Seal$ in place to hold it back-	Sans aucun $sceau$ en place pour le retenir...	$Печать$ его больше не сдерживает...	Without any $Seal$ in place to hold it back-
Cutscenes/Story Events/Mines/dragon_tablet_pt_4/dragon_tablet_pt_4/103	On your guard! The unbound $Magic$ is coalescing into a $Seismic Wave$... and we are directly in its path.	Soyez sur vos gardes ! La $magie$ libérée se transforme en $onde sismique$... et nous sommes droit sur son chemin.	Приготовьтесь! Когда рухнул барьер, $магия$ сформировала $сейсмическую волну$... И мы стоим прямо на её пути.	On your guard! The unbound $Magic$ is coalescing into a $Seismic Wave$... and we are directly in its path.
Cutscenes/Story Events/Mines/dragon_tablet_pt_4/dragon_tablet_pt_4/104	At this rate, $Mistria will be destroyed$... And right as things were starting to get interesting!	Si cela continue, $Mistria sera détruite$... Pile au moment où les choses commençaient à devenir intéressantes !	Если мы ничего не сделаем, $Мистрия будет разрушена$... А ведь мы только добрались до самого интересного места!	At this rate, $Mistria will be destroyed$... And right as things were starting to get interesting!
Cutscenes/Story Events/Mines/dragon_tablet_pt_4/dragon_tablet_pt_4/105	No! We must not allow that to happen!	Non ! Nous devons empêcher que cela se produise !	Нет! Мы не можем этого допустить!	No! We must not allow that to happen!
Cutscenes/Story Events/Mines/dragon_tablet_pt_4/dragon_tablet_pt_4/106	Pull yourselves together, both of you. Or have you forgotten you are in the presence of the Witch Queen?	Ressaisissez-vous, tous les deux. Où bien avez-vous oublié que vous êtes en présence de la Reine-sorcière ?	Соберитесь, оба! Ведите себя достойно в присутствии королевы-ведьмы!	Pull yourselves together, both of you. Or have you forgotten you are in the presence of the Witch Queen?
Cutscenes/Story Events/Mines/dragon_tablet_pt_4/dragon_tablet_pt_4/107	Listen well. By uniting our powers, we should be able to $cast a Spell to neutralize the wave of Magic$ before it obliterates your precious town.	Écoutez bien. En unissant nos pouvoirs, nous devrions pouvoir $lancer un sort afin de maîtriser l'onde magique$ avant qu'elle détruise votre précieuse ville.	Слушайте хорошенько. Объединив усилия, мы сможем создать $заклинание, которое поглотит волну магии$, прежде чем она снесёт вашу драгоценную деревушку.	Listen well. By uniting our powers, we should be able to $cast a Spell to neutralize the wave of Magic$ before it obliterates your precious town.
Cutscenes/Story Events/Mines/dragon_tablet_pt_4/dragon_tablet_pt_4/108	No, it couldn't be... another $earthquake$?	Non, ce n'est pas... encore un $tremblement de terre$ ?	О, нет, не может быть... Снова $землетрясение$?	No, it couldn't be... another $earthquake$?
Cutscenes/Story Events/Mines/dragon_tablet_pt_4/dragon_tablet_pt_4/109	Hurry everyone! Get away from the buildings! Get down and cover your heads!	Dépêchez-vous, tous ! Sortez des bâtiments ! Allongez-vous et protégez votre tête !	Всем внимание! Отходите от зданий! Ложитесь на землю и прикройте голову!	Hurry everyone! Get away from the buildings! Get down and cover your heads!
Cutscenes/Story Events/Mines/dragon_tablet_pt_4/dragon_tablet_pt_4/11	"""The Ancient One""."	« L'Ancêtre ».	Древняя.	"""The Ancient One""."
Cutscenes/Story Events/Mines/dragon_tablet_pt_4/dragon_tablet_pt_4/110	Come, [Ari]. Seridia is right. We must set everything else aside for now. Let us work together to protect Mistria, before it is too late!	Viens, [Ari]. Seridia a raison. Nous devons mettre tout le reste de côté pour l'instant. Agissons ensemble pour protéger Mistria, avant qu'il soit trop tard !	Пойдём, [Ari]. Серидия права. Сейчас мы должны отложить наши споры. Давай защитим Мистрию вместе, пока не поздно!	Come, [Ari]. Seridia is right. We must set everything else aside for now. Let us work together to protect Mistria, before it is too late!
Cutscenes/Story Events/Mines/dragon_tablet_pt_4/dragon_tablet_pt_4/111_adeline	[Ari]!? What-	Mais, [Ari] ?! Qu'est-ce que...	[Ari]!? Что...	[Ari]!? What-
Cutscenes/Story Events/Mines/dragon_tablet_pt_4/dragon_tablet_pt_4/111_balor	[Ari]!? What-	Mais, [Ari] ?! Qu'est-ce que...	[Ari]!? Что...	[Ari]!? What-
Cutscenes/Story Events/Mines/dragon_tablet_pt_4/dragon_tablet_pt_4/111_celine	[Ari]!? What-	Mais, [Ari] ?! Qu'est-ce que...	[Ari]!? Что...	[Ari]!? What-
Cutscenes/Story Events/Mines/dragon_tablet_pt_4/dragon_tablet_pt_4/111_eiland	[Ari]!? What-	Mais, [Ari] ?! Qu'est-ce que...	[Ari]!? Что...	[Ari]!? What-
Cutscenes/Story Events/Mines/dragon_tablet_pt_4/dragon_tablet_pt_4/111_hayden	[Ari]!? What-	Mais, [Ari] ?! Qu'est-ce que...	[Ari]!? Что...	[Ari]!? What-
Cutscenes/Story Events/Mines/dragon_tablet_pt_4/dragon_tablet_pt_4/111_juniper	[Ari]!? What-	Mais, [Ari] ?! Qu'est-ce que...	[Ari]!? Что...	[Ari]!? What-
Cutscenes/Story Events/Mines/dragon_tablet_pt_4/dragon_tablet_pt_4/111_march	[Ari]!? What-	Mais, [Ari] ?! Qu'est-ce que...	[Ari]!? Что...	[Ari]!? What-
Cutscenes/Story Events/Mines/dragon_tablet_pt_4/dragon_tablet_pt_4/111_reina	[Ari]!? What-	Mais, [Ari] ?! Qu'est-ce que...	[Ari]!? Что...	[Ari]!? What-
Cutscenes/Story Events/Mines/dragon_tablet_pt_4/dragon_tablet_pt_4/111_ryis	[Ari]!? What-	Mais, [Ari] ?! Qu'est-ce que...	[Ari]!? Что...	[Ari]!? What-
Cutscenes/Story Events/Mines/dragon_tablet_pt_4/dragon_tablet_pt_4/111_valen	[Ari]!? What-	Mais, [Ari] ?! Qu'est-ce que...	[Ari]!? Что...	[Ari]!? What-
Cutscenes/Story Events/Mines/dragon_tablet_pt_4/dragon_tablet_pt_4/112_adeline	The ground... it stopped shaking?	Le sol... s'est arrêté de trembler ?	Земля... больше не дрожит?	The ground... it stopped shaking?
Cutscenes/Story Events/Mines/dragon_tablet_pt_4/dragon_tablet_pt_4/112_balor	The ground... it stopped shaking?	Le sol... s'est arrêté de trembler ?	Земля... больше не дрожит?	The ground... it stopped shaking?
Cutscenes/Story Events/Mines/dragon_tablet_pt_4/dragon_tablet_pt_4/112_celine	The ground... it stopped shaking?	Le sol... s'est arrêté de trembler ?	Земля... больше не дрожит?	The ground... it stopped shaking?
Cutscenes/Story Events/Mines/dragon_tablet_pt_4/dragon_tablet_pt_4/112_eiland	The ground... it stopped shaking?	Le sol... s'est arrêté de trembler ?	Земля... больше не дрожит?	The ground... it stopped shaking?
Cutscenes/Story Events/Mines/dragon_tablet_pt_4/dragon_tablet_pt_4/112_hayden	The ground... it stopped shaking?	Le sol... s'est arrêté de trembler ?	Земля... больше не дрожит?	The ground... it stopped shaking?
Cutscenes/Story Events/Mines/dragon_tablet_pt_4/dragon_tablet_pt_4/112_juniper	The ground... it stopped shaking?	Le sol... s'est arrêté de trembler ?	Земля... больше не дрожит?	The ground... it stopped shaking?
Cutscenes/Story Events/Mines/dragon_tablet_pt_4/dragon_tablet_pt_4/112_march	The ground... it stopped shaking?	Le sol... s'est arrêté de trembler ?	Земля... больше не дрожит?	The ground... it stopped shaking?
Cutscenes/Story Events/Mines/dragon_tablet_pt_4/dragon_tablet_pt_4/112_reina	The ground... it stopped shaking?	Le sol... s'est arrêté de trembler ?	Земля... больше не дрожит?	The ground... it stopped shaking?
Cutscenes/Story Events/Mines/dragon_tablet_pt_4/dragon_tablet_pt_4/112_ryis	The ground... it stopped shaking?	Le sol... s'est arrêté de trembler ?	Земля... больше не дрожит?	The ground... it stopped shaking?
Cutscenes/Story Events/Mines/dragon_tablet_pt_4/dragon_tablet_pt_4/112_valen	The ground... it stopped shaking?	Le sol... s'est arrêté de trembler ?	Земля... больше не дрожит?	The ground... it stopped shaking?
Cutscenes/Story Events/Mines/dragon_tablet_pt_4/dragon_tablet_pt_4/113	We did it...	Nous avons réussi...	Мы справились...	We did it...
Cutscenes/Story Events/Mines/dragon_tablet_pt_4/dragon_tablet_pt_4/114	Mistria is safe!	Mistria est sauvée !	Мистрия в безопасности!	Mistria is safe!
Cutscenes/Story Events/Mines/dragon_tablet_pt_4/dragon_tablet_pt_4/115	Is that your way of saying thank you?	C'est là votre façon de me remercier ?	Не хотите сказать спасибо?	Is that your way of saying thank you?
Cutscenes/Story Events/Mines/dragon_tablet_pt_4/dragon_tablet_pt_4/116	I played quite a pivotal role, would you not agree?	J'ai joué un rôle central, n'êtes-vous pas d'accord ?	По-моему, без меня бы не обошлось. Или мне показалось?	I played quite a pivotal role, would you not agree?
Cutscenes/Story Events/Mines/dragon_tablet_pt_4/dragon_tablet_pt_4/117	...	...	...	...
Cutscenes/Story Events/Mines/dragon_tablet_pt_4/dragon_tablet_pt_4/118	In any event, we have another problem to solve.	Quoi qu'il en soit, nous avons un autre problème à résoudre.	В любом случае, мы столкнулись с новой проблемой.	In any event, we have another problem to solve.
Cutscenes/Story Events/Mines/dragon_tablet_pt_4/dragon_tablet_pt_4/119	It is too dangerous to leave the $Gate Between Worlds$ open. Yet to close it again would sever the flow of $Magic$ once more...	Il est trop dangereux de laisser ouverte la $porte entre les mondes$. Mais la refermer reviendrait à interrompre à nouveau le flux de $magie$...	Оставлять $врата между мирами$ открытыми слишком опасно. Но если их закрыть, поток $магии$ оборвётся вновь...	It is too dangerous to leave the $Gate Between Worlds$ open. Yet to close it again would sever the flow of $Magic$ once more...
Cutscenes/Story Events/Mines/dragon_tablet_pt_4/dragon_tablet_pt_4/12	"""Witch Queen""."	« La Reine-sorcière ».	Королева-ведьма.	"""Witch Queen""."
Cutscenes/Story Events/Mines/dragon_tablet_pt_4/dragon_tablet_pt_4/120	Thinking things through? How unlike you, Caldarus.	Tu réfléchis aux conséquences ? Cela ne te ressemble guère, Caldarus.	Пытаешься продумывать наперёд? На тебя не похоже, Кальдарус.	Thinking things through? How unlike you, Caldarus.
Cutscenes/Story Events/Mines/dragon_tablet_pt_4/dragon_tablet_pt_4/121	I can agree to forego the title of $Queen$ this time around-	Je peux accepter de renoncer au titre de $reine$, pour cette fois...	Я соглашусь на этот раз обойтись без $королевского титула$...	I can agree to forego the title of $Queen$ this time around-
Cutscenes/Story Events/Mines/dragon_tablet_pt_4/dragon_tablet_pt_4/122	But I WILL return to life above ground. I will not allow you to seal me away again!	Mais je VAIS retourner vivre à la surface. Je ne te laisserai pas m'enfermer à nouveau !	Но я ТОЧНО вернусь на поверхность. Я не позволю вам снова запечатать меня!	But I WILL return to life above ground. I will not allow you to seal me away again!
Cutscenes/Story Events/Mines/dragon_tablet_pt_4/dragon_tablet_pt_4/123	I have no intention of doing anything of the sort.	Je n'avais pas l'intention de le faire.	У меня нет такого намерения.	I have no intention of doing anything of the sort.
Cutscenes/Story Events/Mines/dragon_tablet_pt_4/dragon_tablet_pt_4/123/prompts/0	Are you suggesting a truce?	C'est une proposition de trêve ?	Вы предлагаете перемирие?	Are you suggesting a truce?
Cutscenes/Story Events/Mines/dragon_tablet_pt_4/dragon_tablet_pt_4/123/prompts/1	But what do we do about the Gate?	Mais que fait-on de la porte ?	Но что нам делать с вратами?	But what do we do about the Gate?
Cutscenes/Story Events/Mines/dragon_tablet_pt_4/dragon_tablet_pt_4/124	A truce...	Une trêve...	Перемирие...	A truce...
Cutscenes/Story Events/Mines/dragon_tablet_pt_4/dragon_tablet_pt_4/125	With Seridia?	Avec Seridia ?	С Серидией?	With Seridia?
Cutscenes/Story Events/Mines/dragon_tablet_pt_4/dragon_tablet_pt_4/126	I am not sure there is any path forward...	Je ne suis pas certain qu'il y ait d'autre issue...	Не думаю, что у нас есть иной путь...	I am not sure there is any path forward...
Cutscenes/Story Events/Mines/dragon_tablet_pt_4/dragon_tablet_pt_4/127	Other than to form a truce with Seridia.	Que celle de conclure une trêve avec Seridia.	Кроме перемирия с Серидией.	Other than to form a truce with Seridia.
Cutscenes/Story Events/Mines/dragon_tablet_pt_4/dragon_tablet_pt_4/128	A truce?	Une trêve ?	Перемирие?	A truce?
Cutscenes/Story Events/Mines/dragon_tablet_pt_4/dragon_tablet_pt_4/129	Well...	Eh bien...	Что ж...	Well...
Cutscenes/Story Events/Mines/dragon_tablet_pt_4/dragon_tablet_pt_4/13	But my true name...?	Mais mon véritable nom...?	Что же до моего настоящего имени?..	But my true name...?
Cutscenes/Story Events/Mines/dragon_tablet_pt_4/dragon_tablet_pt_4/130	I WAS planning to punish you, Caldarus.	J'envisageais EN EFFET de te châtier, Caldarus.	ДО ЭТОГО я планировала наказать тебя, Кальдарус.	I WAS planning to punish you, Caldarus.
Cutscenes/Story Events/Mines/dragon_tablet_pt_4/dragon_tablet_pt_4/131	To bestow upon you a worm-like existence worthy of your crimes.	De t'infliger une existence de vermisseau, à la hauteur de tes crimes...	Подарить тебе жизнь, подобную ничтожному червяку. Своими преступлениями ты её заслужил.	To bestow upon you a worm-like existence worthy of your crimes.
Cutscenes/Story Events/Mines/dragon_tablet_pt_4/dragon_tablet_pt_4/132	But at this point, what could I possibly do to you that you have not already done to yourself?	Mais à ce stade, que pourrais-je te faire subir de plus que ce que tu t'es déjà infligé à toi-même ?	Но, учитывая твоё положение, могу ли я наказать тебя больше, чем ты наказал себя сам?	But at this point, what could I possibly do to you that you have not already done to yourself?
Cutscenes/Story Events/Mines/dragon_tablet_pt_4/dragon_tablet_pt_4/133	...	...	...	...
Cutscenes/Story Events/Mines/dragon_tablet_pt_4/dragon_tablet_pt_4/134	We must not waste any more time quarreling.	Nous ne devons plus perdre notre temps en querelles.	Не будем больше тратить времени на споры.	We must not waste any more time quarreling.
Cutscenes/Story Events/Mines/dragon_tablet_pt_4/dragon_tablet_pt_4/135	[Ari] is our mutual $Dragonsworn$.	Comme [Ari] est notre $paladin du dragon$ à tous deux.	[Ari] — наш общий $драконоверный$.	[Ari] is our mutual $Dragonsworn$.
Cutscenes/Story Events/Mines/dragon_tablet_pt_4/dragon_tablet_pt_4/136	We must promise that we will protect <he>him</he><she>her</she><they>them</they><it>it</it><none>[Ari]</none>.	Nous devons promettre de <he>le protéger</he><she>la protéger</she><they>protéger sa vie</they>.	Мы должны пообещать, что защитим <p>их</p><f>её</f><m>его</m><n>его</n>.	We must promise that we will protect <he>him</he><she>her</she><they>them</they><it>it</it><none>[Ari]</none>.
Cutscenes/Story Events/Mines/dragon_tablet_pt_4/dragon_tablet_pt_4/137	That we will protect <he>his</he><she>her</she><they>their</they><it>its</it><none>[Ari]'s</none> world, and that neither of us will repeat our past mistakes.	De protéger son monde, et qu'aucun de nous deux ne répétera ses erreurs passées.	Защитим <p>их</p><f>её</f><m>его</m><n>его</n> мир и не будем повторять ошибок прошлого.	That we will protect <he>his</he><she>her</she><they>their</they><it>its</it><none>[Ari]'s</none> world, and that neither of us will repeat our past mistakes.
Cutscenes/Story Events/Mines/dragon_tablet_pt_4/dragon_tablet_pt_4/138	...	...	...	...
Cutscenes/Story Events/Mines/dragon_tablet_pt_4/dragon_tablet_pt_4/139	Fine.	Très bien.	Ладно.	Fine.
Cutscenes/Story Events/Mines/dragon_tablet_pt_4/dragon_tablet_pt_4/14	My true name is $Seridia$. Greetings, my $Dragonsworn$.	Mon nom véritable est $Seridia$. Je te salue, $paladin du dragon$.	Моё истинное имя — $Серидия$. Приветствую тебя, мой $драконоверный$.	My true name is $Seridia$. Greetings, my $Dragonsworn$.
Cutscenes/Story Events/Mines/dragon_tablet_pt_4/dragon_tablet_pt_4/140	I promise, [Ari]. I swear it upon the eternal void.	J'en fais la promesse, [Ari]. Je le jure sur le néant éternel.	Обещаю, [Ari]. Клянусь безграничностью пустоты.	I promise, [Ari]. I swear it upon the eternal void.
Cutscenes/Story Events/Mines/dragon_tablet_pt_4/dragon_tablet_pt_4/141	I promise as well. I swear upon the forests and fields of Mistria.	J'en fais aussi la promesse. Je le jure sur les forêts et les champs de Mistria.	Я тоже обещаю. Клянусь лесами и полями Мистрии.	I promise as well. I swear upon the forests and fields of Mistria.
Cutscenes/Story Events/Mines/dragon_tablet_pt_4/dragon_tablet_pt_4/142	Come now.	À présent, venez.	Пойдём.	Come now.
Cutscenes/Story Events/Mines/dragon_tablet_pt_4/dragon_tablet_pt_4/143	Applying a $barrier to the Gate$ should be possible if we combine our powers once more.	Il devrait être possible de $barrer la porte$ en associant une nouvelle fois nos pouvoirs.	У нас получится создать $защитный барьер на вратах$, если мы снова объединим наши усилия.	Applying a $barrier to the Gate$ should be possible if we combine our powers once more.
Cutscenes/Story Events/Mines/dragon_tablet_pt_4/dragon_tablet_pt_4/144	Hmph!	Mmpf !	Пф!	Hmph!
Cutscenes/Story Events/Mines/dragon_tablet_pt_4/dragon_tablet_pt_4/145	Not bad.	Pas mal.	Неплохо.	Not bad.
Cutscenes/Story Events/Mines/dragon_tablet_pt_4/dragon_tablet_pt_4/146	We will need to monitor the $Gate$ regularly to ensure the barrier remains stable.	Il nous faudra surveiller régulièrement cette $porte$ pour veiller à ce que cette barrière reste stable.	За $вратами$ нужно будет следить и периодически проверять стабильность барьера.	We will need to monitor the $Gate$ regularly to ensure the barrier remains stable.
Cutscenes/Story Events/Mines/dragon_tablet_pt_4/dragon_tablet_pt_4/147	Who do you think you are talking to? Such a matter is trivial.	À qui crois-tu parler ? C'est là un problème trivial.	Кому ты это рассказываешь? Это элементарное дело.	Who do you think you are talking to? Such a matter is trivial.
Cutscenes/Story Events/Mines/dragon_tablet_pt_4/dragon_tablet_pt_4/148	Now...	À présent...	Итак...	Now...
Cutscenes/Story Events/Mines/dragon_tablet_pt_4/dragon_tablet_pt_4/149	I think it is time for me to get settled into this new life of mine.	Je crois qu'il est temps pour moi de m'installer dans ma nouvelle vie.	Думаю, мне пора осваиваться в своей новой жизни.	I think it is time for me to get settled into this new life of mine.
Cutscenes/Story Events/Mines/dragon_tablet_pt_4/dragon_tablet_pt_4/15	Fear not. I shall not harm you.	N'aie crainte. Je ne te ferai aucun mal.	Не бойся. Я не причиню тебе вреда.	Fear not. I shall not harm you.
Cutscenes/Story Events/Mines/dragon_tablet_pt_4/dragon_tablet_pt_4/150	The world above must be quite different from the one I remember.	Le monde du dessus doit être assez différent de celui dont je me souviens.	Мир на поверхности наверняка не такой, каким я его запомнила.	The world above must be quite different from the one I remember.
Cutscenes/Story Events/Mines/dragon_tablet_pt_4/dragon_tablet_pt_4/151	I should like to go and see the consequences of your actions for myself, Caldarus.	J'aimerais aller constater par moi-même les conséquences de tes actes, Caldarus.	Я желаю сама лицезреть последствия твоих злоключений, Кальдарус.	I should like to go and see the consequences of your actions for myself, Caldarus.
Cutscenes/Story Events/Mines/dragon_tablet_pt_4/dragon_tablet_pt_4/152	Hm. Who put this statue here?	Hm. Qui a placé cette statue ici ?	Хм. Кто поставил здесь эту статую?	Hm. Who put this statue here?
Cutscenes/Story Events/Mines/dragon_tablet_pt_4/dragon_tablet_pt_4/153	It is a poor likeness.	Elle est fort peu ressemblante.	Не очень похожа.	It is a poor likeness.
Cutscenes/Story Events/Mines/dragon_tablet_pt_4/dragon_tablet_pt_4/154	Well, no matter.	Enfin, peu importe.	Впрочем, не важно.	Well, no matter.
Cutscenes/Story Events/Mines/dragon_tablet_pt_4/dragon_tablet_pt_4/155	Yes... much better.	Oui... c'est beaucoup mieux.	Да... Вот так гораздо лучше.	Yes... much better.
Cutscenes/Story Events/Mines/dragon_tablet_pt_4/dragon_tablet_pt_4/156	[Ari]...	[Ari]...	[Ari]...	[Ari]...
Cutscenes/Story Events/Mines/dragon_tablet_pt_4/dragon_tablet_pt_4/157	Thank you... for everything.	Merci... pour tout.	Спасибо тебе... за всё.	Thank you... for everything.
Cutscenes/Story Events/Mines/dragon_tablet_pt_4/dragon_tablet_pt_4/158f	Although we stand at the threshold of rather unprecedented times...	Bien que nous nous trouvions au seuil d'une époque sans précédent...	Мы стоим на пороге небывалых времён...	Although we stand at the threshold of rather unprecedented times...
Cutscenes/Story Events/Mines/dragon_tablet_pt_4/dragon_tablet_pt_4/158r	Although we stand at the threshold of rather unprecedented times...	Bien que nous nous trouvions au seuil d'une époque sans précédent...	Мы стоим на пороге небывалых времён...	Although we stand at the threshold of rather unprecedented times...
Cutscenes/Story Events/Mines/dragon_tablet_pt_4/dragon_tablet_pt_4/159f	I am certain we shall navigate them together, side by side.	Je suis certain que nous parviendrons à négocier ses écueils, côte à côte.	И всё же я уверен, что мы вступаем в них рука об руку, вместе с тобой.	I am certain we shall navigate them together, side by side.
Cutscenes/Story Events/Mines/dragon_tablet_pt_4/dragon_tablet_pt_4/159r	I am certain we shall navigate them together, side by side.	Je suis certain que nous parviendrons à négocier ses écueils, côte à côte.	И всё же я уверен, что мы вступаем в них рука об руку, вместе с тобой.	I am certain we shall navigate them together, side by side.
Cutscenes/Story Events/Mines/dragon_tablet_pt_4/dragon_tablet_pt_4/16	After all, it is thanks to you that I have finally attained my freedom.	Après tout, c'est grâce à toi que j'ai enfin atteint la liberté.	Ведь только благодаря тебе я смогла обрести свободу.	After all, it is thanks to you that I have finally attained my freedom.
Cutscenes/Story Events/Mines/dragon_tablet_pt_4/dragon_tablet_pt_4/160	Shall I walk you back to the farm?	Et si je te reconduisais à la ferme ?	Стоит ли мне проводить тебя до фермы?	Shall I walk you back to the farm?
Cutscenes/Story Events/Mines/dragon_tablet_pt_4/dragon_tablet_pt_4/161	With my power restored, I need no longer confine myself to the $Deep Woods$.	Puisque j'ai retrouvé mon pouvoir, je n'ai plus besoin de me confiner à $Boissombre$.	Ко мне вернулись силы, так что теперь я не скован границами $Глубокой чащи$.	With my power restored, I need no longer confine myself to the $Deep Woods$.
Cutscenes/Story Events/Mines/dragon_tablet_pt_4/dragon_tablet_pt_4/162	Ahahaha!	Ha ha ha ha !	А-ха-ха-ха!	Ahahaha!
Cutscenes/Story Events/Mines/dragon_tablet_pt_4/dragon_tablet_pt_4/163	Come, let us go.	Viens, allons-y.	Идём же, нам пора.	Come, let us go.
Cutscenes/Story Events/Mines/dragon_tablet_pt_4/dragon_tablet_pt_4/17	I was sealed at the bottom of these $Ruins$ for centuries. Powerless, alone... and left to rot.	J'ai été enfermée au plus profond de ces $ruines$ pendant des siècles. Impuissante, seule... On m'a laissé y croupir.	Долгие столетия я была заперта в самой глубине $Руин$. Меня оставили тут гнить... В одиночестве и без сил.	I was sealed at the bottom of these $Ruins$ for centuries. Powerless, alone... and left to rot.
Cutscenes/Story Events/Mines/dragon_tablet_pt_4/dragon_tablet_pt_4/18	I never imagined that $an earthquake would reveal my Shrine at the entrance on the surface$.	Jamais je n'aurais imaginé qu'un $tremblement de terre révélerait mon autel et l'entrée, en surface$.	Я и подумать не могла, что $землетрясение открыло моё святилище у входа на поверхности$.	I never imagined that $an earthquake would reveal my Shrine at the entrance on the surface$.
Cutscenes/Story Events/Mines/dragon_tablet_pt_4/dragon_tablet_pt_4/19	Nor that you would appear, bringing with you $offerings of Essence$...	Ni que tu apparaîtrais, apportant avec toi des $offrandes d'essence$...	И тем более, что ты его найдёшь и будешь делать $подношения эссенции$...	Nor that you would appear, bringing with you $offerings of Essence$...
Cutscenes/Story Events/Mines/dragon_tablet_pt_4/dragon_tablet_pt_4/19_alt	Nor that you would appear...	Ni que tu apparaîtrais...	И тем более, что ты его найдёшь...	Nor that you would appear...
Cutscenes/Story Events/Mines/dragon_tablet_pt_4/dragon_tablet_pt_4/2	Please, follow me.	Suis-moi, je te prie.	Пройди за мной.	Please, follow me.
Cutscenes/Story Events/Mines/dragon_tablet_pt_4/dragon_tablet_pt_4/20	At the same time that $Magic$ began to bleed through the $Seals$...	En même temps que la $magie$ se mettait à couler à travers le $sceau$...	В тот самый момент, когда через $печати$ начала просачиваться $магия$...	At the same time that $Magic$ began to bleed through the $Seals$...
Cutscenes/Story Events/Mines/dragon_tablet_pt_4/dragon_tablet_pt_4/21	This confluence of events is what allowed me to harness enough power to call out to you, [Ari]... 	Grâce à cette convergence d'événements, j'ai pu absorber suffisamment de puissance pour t'appeler, [Ari]... 	Лишь это судьбоносное стечение событий позволило мне собрать достаточно сил и позвать тебя, [Ari]...	This confluence of events is what allowed me to harness enough power to call out to you, [Ari]... 
Cutscenes/Story Events/Mines/dragon_tablet_pt_4/dragon_tablet_pt_4/22	And to manifest that convenient face and form as my power began to grow-	Et pour me présenter à toi sous cet aspect et avec ce visage bien utiles, à mesure que mon pouvoir grandissait...	И создать для общения с тобой подходящий облик, пока росли мои силы...	And to manifest that convenient face and form as my power began to grow-
Cutscenes/Story Events/Mines/dragon_tablet_pt_4/dragon_tablet_pt_4/23	[Ari]! Stay back!	Recule, [Ari] !	[Ari]! Отойди от неё!	[Ari]! Stay back!
Cutscenes/Story Events/Mines/dragon_tablet_pt_4/dragon_tablet_pt_4/24	My, who do we have here?	Tiens donc, mais qui vois-je ?	Ну и ну! Кто это к нам пожаловал?	My, who do we have here?
Cutscenes/Story Events/Mines/dragon_tablet_pt_4/dragon_tablet_pt_4/25	Do not tell me... Caldarus, is that you?	Ne me dis rien... Caldarus, est-ce bien toi ?	Только не говорите... Кальдарус, это ты?	Do not tell me... Caldarus, is that you?
Cutscenes/Story Events/Mines/dragon_tablet_pt_4/dragon_tablet_pt_4/26	AHAHAHAHA!	HA HA HA HA !	А-ХА-ХА-ХА-ХА!	AHAHAHAHA!
Cutscenes/Story Events/Mines/dragon_tablet_pt_4/dragon_tablet_pt_4/27	Seridia!	Seridia !	Серидия!	Seridia!
Cutscenes/Story Events/Mines/dragon_tablet_pt_4/dragon_tablet_pt_4/28	You succeeded, [Ari].	Tu as réussi, [Ari].	Ты <p>справились</p><f>справилась</f><m>справился</m><n>справилось</n>, [Ari].	You succeeded, [Ari].
Cutscenes/Story Events/Mines/dragon_tablet_pt_4/dragon_tablet_pt_4/29	My power, my memories... they are beginning to return to me.	Mon pouvoir, mes souvenirs... Ils commencent à revenir.	Моя сила и память... возвращаются ко мне.	My power, my memories... they are beginning to return to me.
Cutscenes/Story Events/Mines/dragon_tablet_pt_4/dragon_tablet_pt_4/3	Finally, the $Seal$ has been broken!	Le $sceau$ est brisé, enfin !	Наконец-то $печать$ раскрыта!	Finally, the $Seal$ has been broken!
Cutscenes/Story Events/Mines/dragon_tablet_pt_4/dragon_tablet_pt_4/30	And now I finally remember-	Et je me rappelle enfin...	Мне наконец-то удалось вспомнить...	And now I finally remember-
Cutscenes/Story Events/Mines/dragon_tablet_pt_4/dragon_tablet_pt_4/31	$Why I sealed this place to begin with$!	$La raison pour laquelle j'avais condamné ce lieu$ !	$Зачем я запечатал это место под землёй$!	$Why I sealed this place to begin with$!
Cutscenes/Story Events/Mines/dragon_tablet_pt_4/dragon_tablet_pt_4/32	So he admits it! Caldarus, the traitorous Dragon!	Ainsi, il le reconnaît ! Caldarus, le perfide dragon !	Он сам признался! Кальдарус, дракон-изменник!	So he admits it! Caldarus, the traitorous Dragon!
Cutscenes/Story Events/Mines/dragon_tablet_pt_4/dragon_tablet_pt_4/33	Betrayer of his own kind, and of his Queen.	Qui a trahi sa propre espèce... et sa reine.	Тот, кто предал свой род и свою королеву.	Betrayer of his own kind, and of his Queen.
Cutscenes/Story Events/Mines/dragon_tablet_pt_4/dragon_tablet_pt_4/34	Standing before me in $Mortal Form$, no less... something he once derided me for.	Et qui se tient devant moi sous une $forme mortelle$, rien de moins... Forme pour laquelle il me tourna jadis en dérision.	Ещё и предстал предо мной в $смертном обличье$... А ведь когда-то ты высмеивал за это меня.	Standing before me in $Mortal Form$, no less... something he once derided me for.
Cutscenes/Story Events/Mines/dragon_tablet_pt_4/dragon_tablet_pt_4/35	A traitor even to his own beliefs!	Traître même à ses propres convictions !	Ты изменил даже своим же убеждениям!	A traitor even to his own beliefs!
Cutscenes/Story Events/Mines/dragon_tablet_pt_4/dragon_tablet_pt_4/36	She speaks the truth, [Ari].  In order to save you, I-	Elle dit la vérité, [Ari]. Afin de te protéger, j'ai...	Она говорит правду, [Ari]. Я хотел спасти тебя, и...	She speaks the truth, [Ari].  In order to save you, I-
Cutscenes/Story Events/Mines/dragon_tablet_pt_4/dragon_tablet_pt_4/37	I had no choice but to relinquish eternity... and become $Mortal$.	Je n'ai eu d'autre choix que de renoncer à l'éternité... et devenir $mortel$.	У меня не было выбора. Я отказался от вечной жизни... и стал $смертным$.	I had no choice but to relinquish eternity... and become $Mortal$.
Cutscenes/Story Events/Mines/dragon_tablet_pt_4/dragon_tablet_pt_4/38	I am sorry. I did not wish to burden you with this knowledge...	Je suis désolé. Je ne souhaitais pas t'imposer le fardeau de cette connaissance.	Прости меня. Я не хотел тревожить тебя этим знанием.	I am sorry. I did not wish to burden you with this knowledge...
Cutscenes/Story Events/Mines/dragon_tablet_pt_4/dragon_tablet_pt_4/39	Tsk. Your deceit knows no bounds!	Tsss. Ta duplicité est vraiment sans limites !	Ц-ц-ц! Твой обман проникает повсюду!	Tsk. Your deceit knows no bounds!
Cutscenes/Story Events/Mines/dragon_tablet_pt_4/dragon_tablet_pt_4/4	It is all thanks to you.	Tout cela grâce à toi.	Благодаря твоим стараниям.	It is all thanks to you.
Cutscenes/Story Events/Mines/dragon_tablet_pt_4/dragon_tablet_pt_4/40	Enough!	Ça suffit !	Довольно!	Enough!
Cutscenes/Story Events/Mines/dragon_tablet_pt_4/dragon_tablet_pt_4/41	It was you who first betrayed our kind, Seridia.	C'est toi qui, la première, as trahi notre espèce, Seridia.	Ты первая предала наш род, Серидия.	It was you who first betrayed our kind, Seridia.
Cutscenes/Story Events/Mines/dragon_tablet_pt_4/dragon_tablet_pt_4/42	You, who chose to take on $Mortal Form$ in order to crown yourself $Witch Queen$.	Toi, qui as choisi d'adopter une $forme mortelle$ afin de te couronner toi-même $Reine-sorcière$.	Это ты решила принять $смертное обличье$, чтобы увенчать себя короной $королевы-ведьмы$.	You, who chose to take on $Mortal Form$ in order to crown yourself $Witch Queen$.
Cutscenes/Story Events/Mines/dragon_tablet_pt_4/dragon_tablet_pt_4/43	Accumulating more power with each successive incarnation-	Accumulant davantage de pouvoir à chaque nouvelle incarnation...	Каждое новое воплощение давало тебе больше власти...	Accumulating more power with each successive incarnation-
Cutscenes/Story Events/Mines/dragon_tablet_pt_4/dragon_tablet_pt_4/44	Causing untold suffering to those we swore to protect. Completely disrupting the harmony and balance of the world...	Provoquant d'indicibles souffrances à ceux que nous avions juré de protéger. Perturbant totalement l'harmonie et l'équilibre du monde...	И приносило бессчётные страдания тем, кого мы поклялись защищать. Ты совершенно разрушила мировую гармонию и равновесие...	Causing untold suffering to those we swore to protect. Completely disrupting the harmony and balance of the world...
Cutscenes/Story Events/Mines/dragon_tablet_pt_4/dragon_tablet_pt_4/45	I had no choice but to $seal you along with the source of your power$!	Je n'ai eu d'autre choix que de $t'enfermer avec la source de ton pouvoir$ !	У меня не было иного выбора. Я просто обязан был $запечатать тебя вместе с источником твоей силы$!	I had no choice but to $seal you along with the source of your power$!
Cutscenes/Story Events/Mines/dragon_tablet_pt_4/dragon_tablet_pt_4/46	Even if it meant $sealing my own$ as well.	Même si cela impliquait également de $me couper de mon propre pouvoir$.	Хотя знал, что $мои силы тоже исходили от него$.	Even if it meant $sealing my own$ as well.
Cutscenes/Story Events/Mines/dragon_tablet_pt_4/dragon_tablet_pt_4/47	Pay him no heed, [Ari].	Ne lui prête pas attention, [Ari].	Не обращай внимания, [Ari].	Pay him no heed, [Ari].
Cutscenes/Story Events/Mines/dragon_tablet_pt_4/dragon_tablet_pt_4/48	It is true that I have long enjoyed taking $Mortal Form$.	Il est vrai que j'apprécie depuis longtemps de prendre une $forme mortelle$.	Это правда, я долго наслаждалась благами $смертного обличья$.	It is true that I have long enjoyed taking $Mortal Form$.
Cutscenes/Story Events/Mines/dragon_tablet_pt_4/dragon_tablet_pt_4/49	Caldarus never did approve of such things...	Caldarus n'a jamais approuvé ce genre de choses...	Кальдарус никогда не ценил его прелестей...	Caldarus never did approve of such things...
Cutscenes/Story Events/Mines/dragon_tablet_pt_4/dragon_tablet_pt_4/5	The power of the $Dragon$ is returning as we speak. At last, balance shall be restored.	Le pouvoir du $dragon$ est en train de revenir en ce moment même. Enfin, l'équilibre sera rétabli.	Прямо сейчас я чувствую, как возвращаются силы $дракона$. Равновесие будет восстановлено.	The power of the $Dragon$ is returning as we speak. At last, balance shall be restored.
Cutscenes/Story Events/Mines/dragon_tablet_pt_4/dragon_tablet_pt_4/50	No, he preferred to stay in $Draconic Form$. Hiding away for all eternity in that forest of his.	Non, il préférait rester sous sa $forme de dragon$. Se cachant pour toute éternité dans sa forêt.	О, нет. Он предпочитал оставаться в $обличье дракона$ и прятаться в своём лесу целую вечность.	No, he preferred to stay in $Draconic Form$. Hiding away for all eternity in that forest of his.
Cutscenes/Story Events/Mines/dragon_tablet_pt_4/dragon_tablet_pt_4/51	He never was any fun.	Il n'a jamais été amusant.	Он никогда не умел жить со вкусом.	He never was any fun.
Cutscenes/Story Events/Mines/dragon_tablet_pt_4/dragon_tablet_pt_4/52	S-Seridia...	S-Seridia...	С-Серидия...	S-Seridia...
Cutscenes/Story Events/Mines/dragon_tablet_pt_4/dragon_tablet_pt_4/53	You see, death and rebirth mean nothing to one as powerful as I.	Tu vois, la mort et la renaissance ne signifient rien pour un être aussi puissant que moi.	Для таких могущественных созданий, как я, смерть и перерождение ничего не значат.	You see, death and rebirth mean nothing to one as powerful as I.
Cutscenes/Story Events/Mines/dragon_tablet_pt_4/dragon_tablet_pt_4/54	For I have lived a thousand lives...	Car j'ai déjà vécu mille vies...	Ведь я прожила уже тысячу жизней...	For I have lived a thousand lives...
Cutscenes/Story Events/Mines/dragon_tablet_pt_4/dragon_tablet_pt_4/55	And I shall live a thousand more!	Et j'en vivrai mille autres !	И ещё тысячу проживу!	And I shall live a thousand more!
Cutscenes/Story Events/Mines/dragon_tablet_pt_4/dragon_tablet_pt_4/56	You... stay away from [Ari]!	Laisse... [Ari] loin de tout cela !	Ты... [Ari], не приближайся к ней!	You... stay away from [Ari]!
Cutscenes/Story Events/Mines/dragon_tablet_pt_4/dragon_tablet_pt_4/57	To me, $my Dragonsworn$!	À moi, mon $paladin du dragon$ !	Ко мне, $мой драконоверный$!	To me, $my Dragonsworn$!
Cutscenes/Story Events/Mines/dragon_tablet_pt_4/dragon_tablet_pt_4/58	What did you just say?	Qu'as-tu dit ?	Что ты сказала?	What did you just say?
Cutscenes/Story Events/Mines/dragon_tablet_pt_4/dragon_tablet_pt_4/59	Oh, did you not know?	Oh, tu ne le savais pas ?	Ой, а ты и не знал?	Oh, did you not know?
Cutscenes/Story Events/Mines/dragon_tablet_pt_4/dragon_tablet_pt_4/6	I truly cannot thank you enough, $Dragonsworn$. Or should I call you... $[Ari]$?	En vérité, je ne te remercierai jamais assez, $paladin du dragon$. Ou peut-être devrais-je t'appeler... $[Ari]$ ?	Я безмерно тебе благодарна, $драконоверный$. Или мне стоит называть тебя... $[Ari]$?	I truly cannot thank you enough, $Dragonsworn$. Or should I call you... $[Ari]$?
Cutscenes/Story Events/Mines/dragon_tablet_pt_4/dragon_tablet_pt_4/60	[Ari] has been devotedly working to restore my power all this time.	Depuis tout ce temps, [Ari] travaille avec dévouement à restaurer mon pouvoir.	Всё это время [Ari] преданно <p>служили</p><f>служила</f><m>служил</m><n>служило</n> мне и <p>восстанавливали</p><f>восстанавливала</f><m>восстанавливал</m><n>восстанавливало</n> мои силы.	[Ari] has been devotedly working to restore my power all this time.
Cutscenes/Story Events/Mines/dragon_tablet_pt_4/dragon_tablet_pt_4/61	Offering $Essence$ at my $Shrine$...	En faisant des offrandes d'$essence$ à mon $autel$...	<p>Делали</p><f>Делала</f><m>Делал</m><n>Делало</n> подношения $эссенции$ у моего $святилища$...	Offering $Essence$ at my $Shrine$...
Cutscenes/Story Events/Mines/dragon_tablet_pt_4/dragon_tablet_pt_4/62	Helping me to $break the Seals$...	En m'aidant à $briser le sceau$...	<p>Помогали</p><f>Помогала</f><m>Помогал</m><n>Помогало</n> мне $раскрыть печати$...	Helping me to $break the Seals$...
Cutscenes/Story Events/Mines/dragon_tablet_pt_4/dragon_tablet_pt_4/63	[Ari] is my $Dragonsworn$.	Oui, [Ari] est mon $paladin du dragon$.	[Ari] — мой $драконоверный$.	[Ari] is my $Dragonsworn$.
Cutscenes/Story Events/Mines/dragon_tablet_pt_4/dragon_tablet_pt_4/64	You misunderstand.	Tu ne comprends pas.	Ты ошибаешься.	You misunderstand.
Cutscenes/Story Events/Mines/dragon_tablet_pt_4/dragon_tablet_pt_4/65	[Ari] has been working to restore my power. My memories.	En effet, [Ari] s'emploie à restaurer mon pouvoir. Mes souvenirs.	[Ari] <p>помогали</p><f>помогала</f><m>помогал</m><n>помогало</n> восстановить мои силы. И мою память.	[Ari] has been working to restore my power. My memories.
Cutscenes/Story Events/Mines/dragon_tablet_pt_4/dragon_tablet_pt_4/66	[Ari] is MY $Dragonsworn$!	Donc [Ari] est MON $paladin du dragon$ !	[Ari] — МОЙ $драконоверный$!	[Ari] is MY $Dragonsworn$!
Cutscenes/Story Events/Mines/dragon_tablet_pt_4/dragon_tablet_pt_4/66/prompts/0	I think I might actually be... both.	Je crois qu'en fait, je suis... les deux.	Мне кажется, я служу... вам обоим.	I think I might actually be... both.
Cutscenes/Story Events/Mines/dragon_tablet_pt_4/dragon_tablet_pt_4/66/prompts/1	The good news is you're both right!	La bonne nouvelle, c'est que vous avez tous les deux raison !	Хорошие новости: вы оба правы!	The good news is you're both right!
Cutscenes/Story Events/Mines/dragon_tablet_pt_4/dragon_tablet_pt_4/67	My, how amusing.	Tiens donc, que c'est amusant.	Ого, забавно.	My, how amusing.
Cutscenes/Story Events/Mines/dragon_tablet_pt_4/dragon_tablet_pt_4/68	But tell me, [Ari]...	Mais dis-moi, [Ari]...	Но скажи мне, [Ari]...	But tell me, [Ari]...
Cutscenes/Story Events/Mines/dragon_tablet_pt_4/dragon_tablet_pt_4/69	Do you think it wise? To align yourself with $the Dragon who plunged this world into darkness$?	Crois-tu que ce soit sage ? De prendre le parti du $dragon qui a plongé ce monde dans les ténèbres$ ?	Ты правда считаешь, что это разумно? Объединяться с $драконом, погрузившим мир во тьму$?	Do you think it wise? To align yourself with $the Dragon who plunged this world into darkness$?
Cutscenes/Story Events/Mines/dragon_tablet_pt_4/dragon_tablet_pt_4/7	My name?	Quel est mon nom ?	Как меня зовут?	My name?
Cutscenes/Story Events/Mines/dragon_tablet_pt_4/dragon_tablet_pt_4/70	After all, it was I who helped you return the light of $Magic$ to the world.	Après tout, c'est moi qui t'ai apporté l'aide nécessaire pour faire revenir la lumière de la $magie$ dans ce monde.	В конце концов, это я помогла тебе вернуть в этот мир свет $магии$.	After all, it was I who helped you return the light of $Magic$ to the world.
Cutscenes/Story Events/Mines/dragon_tablet_pt_4/dragon_tablet_pt_4/71	You must sever your ties with Caldarus! He cannot be trusted.	Tu dois trancher tes liens avec Caldarus ! On ne peut pas lui faire confiance.	Ты <p>должны</p><f>должна</f><m>должен</m><n>должно</n> оборвать связь с Кальдарусом! Ему нельзя доверять.	You must sever your ties with Caldarus! He cannot be trusted.
Cutscenes/Story Events/Mines/dragon_tablet_pt_4/dragon_tablet_pt_4/72	[Ari], I...	Écoute, [Ari], je...	[Ari], я...	[Ari], I...
Cutscenes/Story Events/Mines/dragon_tablet_pt_4/dragon_tablet_pt_4/72/prompts/0	I want to hear your side of the story.	Je tiens à entendre ta version de l'histoire.	Я хочу услышать твой рассказ.	I want to hear your side of the story.
Cutscenes/Story Events/Mines/dragon_tablet_pt_4/dragon_tablet_pt_4/72/prompts/1	You have some explaining to do!	Tu as quelques explications à donner !	Самое время объясниться!	You have some explaining to do!
Cutscenes/Story Events/Mines/dragon_tablet_pt_4/dragon_tablet_pt_4/73	Thank you.	Merci.	Спасибо.	Thank you.
Cutscenes/Story Events/Mines/dragon_tablet_pt_4/dragon_tablet_pt_4/74f	Yes, you deserve an explanation.	Oui, tu mérites d'avoir une explication.	Да, пора тебе всё объяснить.	Yes, you deserve an explanation.
Cutscenes/Story Events/Mines/dragon_tablet_pt_4/dragon_tablet_pt_4/74r	Yes, you deserve an explanation.	Oui, tu mérites d'avoir une explication.	Да, пора тебе всё объяснить.	Yes, you deserve an explanation.
Cutscenes/Story Events/Mines/dragon_tablet_pt_4/dragon_tablet_pt_4/75	Allow me to tell you what happened all those centuries ago...	Permets-moi de te raconter ce qu'il s'est passé, il y a de cela bien des siècles...	Позволь, я расскажу тебе, что случилось многие столетия назад...	Allow me to tell you what happened all those centuries ago...
Cutscenes/Story Events/Mines/dragon_tablet_pt_4/dragon_tablet_pt_4/76	Lord Caldarus, and honored Dragonsworn...	Seigneur Caldarus, honorable paladin du dragon...	Лорд Кальдарус и почтенный драконоверный...	Lord Caldarus, and honored Dragonsworn...
Cutscenes/Story Events/Mines/dragon_tablet_pt_4/dragon_tablet_pt_4/77	I fear we must begin preparations at once.	Il nous faut tout de suite commencer les préparatifs, je le crains.	Боюсь, нам пора готовиться к ритуалу.	I fear we must begin preparations at once.
Cutscenes/Story Events/Mines/dragon_tablet_pt_4/dragon_tablet_pt_4/78	Every day, Queen Seridia draws more and more Magic through the Gate. Her thirst for power is insatiable.	À chaque jour qui passe, la reine Seridia fait entrer davantage de magie par la porte. Sa soif de pouvoir est insatiable.	С каждым днём королева Серидия черпает из Врат всё больше магии. Её жажда власти неутолима.	Every day, Queen Seridia draws more and more Magic through the Gate. Her thirst for power is insatiable.
Cutscenes/Story Events/Mines/dragon_tablet_pt_4/dragon_tablet_pt_4/79	Raising towers, granting Spells to her vassals, and now creating Magic Weapons... each transgression further disrupts the balance of the world.	Elle érige des tours, accorde des sorts à ses vassaux, crée à présent des armes magiques... Chaque transgression déséquilibre un peu plus le monde.	Она воздвигает парящие башни, наделяет вассалов заклинаниями, а теперь ещё и создаёт волшебное оружие... Каждое её деяние разрушает мировое равновесие.	Raising towers, granting Spells to her vassals, and now creating Magic Weapons... each transgression further disrupts the balance of the world.
Cutscenes/Story Events/Mines/dragon_tablet_pt_4/dragon_tablet_pt_4/8	I have gone by many across the ages.	J'en ai reçu beaucoup, au fil des siècles.	За эти века я сменила много имён.	I have gone by many across the ages.
Cutscenes/Story Events/Mines/dragon_tablet_pt_4/dragon_tablet_pt_4/80	I am afraid we must proceed with our plan. Before it is too late!	Nous devons mettre en œuvre notre plan, j'en ai peur. Avant qu'il soit trop tard !	К сожалению, придётся осуществить наш план. Пока ещё не слишком поздно!	I am afraid we must proceed with our plan. Before it is too late!
Cutscenes/Story Events/Mines/dragon_tablet_pt_4/dragon_tablet_pt_4/81	Yes, it would seem that the time has come...	Oui, le moment semble venu...	Да, я вижу, что этот час настал...	Yes, it would seem that the time has come...
Cutscenes/Story Events/Mines/dragon_tablet_pt_4/dragon_tablet_pt_4/82	We cannot stand by while Seridia tears this world apart.	Nous ne pouvons rester les bras croisés tandis que Seridia déchire ce monde.	Мы не можем сидеть сложа руки, пока Серидия разрушает этот мир.	We cannot stand by while Seridia tears this world apart.
Cutscenes/Story Events/Mines/dragon_tablet_pt_4/dragon_tablet_pt_4/83	We must seal her... even if it means sealing the source of Magic with her.	Nous devons l'enfermer... Même si cela implique d'enfermer avec elle la source de la magie.	Мы обязаны запечатать её... Даже если вместе с ней придётся оборвать связь с источником магии.	We must seal her... even if it means sealing the source of Magic with her.
Cutscenes/Story Events/Mines/dragon_tablet_pt_4/dragon_tablet_pt_4/84	...	...	...	...
Cutscenes/Story Events/Mines/dragon_tablet_pt_4/dragon_tablet_pt_4/85	Are you certain there is no other way?	Êtes-vous certain qu'il n'y a pas d'autre moyen ?	Вы уверены, что нет другого способа?	Are you certain there is no other way?
Cutscenes/Story Events/Mines/dragon_tablet_pt_4/dragon_tablet_pt_4/86	I wish that there was, but there is no time. We must make our move.	J'aimerais que ce soit le cas, mais nous n'avons plus le temps. Nous devons agir.	Я бы хотел его найти, но время на исходе. Мы должны действовать сейчас.	I wish that there was, but there is no time. We must make our move.
Cutscenes/Story Events/Mines/dragon_tablet_pt_4/dragon_tablet_pt_4/87	My apologies, Priestess. You must persevere through the coming trials.	Mes excuses, Prêtresse. Vous devez endurer avec courage les épreuves à venir.	Приношу вам свои извинения, жрица. Вам придётся пережить трудные времена.	My apologies, Priestess. You must persevere through the coming trials.
Cutscenes/Story Events/Mines/dragon_tablet_pt_4/dragon_tablet_pt_4/88	Seridia's nobility will not be able to sustain their power without Magic. They are sure to travel eastward looking for me, hoping to secure a new Dragon Pact.	Les nobles entourant Seridia ne pourront maintenir leur pouvoir sans magie. Ils partiront vers l'est, dans l'espoir de sceller un nouveau pacte avec moi.	Лишившись магии, вельможи Серидии не смогут удержать свою власть. Они непременно пойдут на восток в надежде заключить новый Пакт дракона со мной.	Seridia's nobility will not be able to sustain their power without Magic. They are sure to travel eastward looking for me, hoping to secure a new Dragon Pact.
Cutscenes/Story Events/Mines/dragon_tablet_pt_4/dragon_tablet_pt_4/89	The Dragonsworn and I...	Le paladin du dragon et moi...	Я и мой драконоверный...	The Dragonsworn and I...
Cutscenes/Story Events/Mines/dragon_tablet_pt_4/dragon_tablet_pt_4/9	"""Dragon Priestess"", as you prefer to call me."	« La prêtresse dragon », comme tu préfères m'appeler.	Жрица дракона, как ты любишь меня называть.	"""Dragon Priestess"", as you prefer to call me."
Cutscenes/Story Events/Mines/dragon_tablet_pt_4/dragon_tablet_pt_4/90	We must ensure that balance returns, however long that may take.	Nous devons veiller à rétablir l'équilibre, quel que soit le temps que cela prendra.	Мы проследим, чтобы равновесие вернулось. Не важно, сколько времени нам потребуется.	We must ensure that balance returns, however long that may take.
Cutscenes/Story Events/Mines/dragon_tablet_pt_4/dragon_tablet_pt_4/91	I understand.	Je comprends.	Слушаюсь.	I understand.
Cutscenes/Story Events/Mines/dragon_tablet_pt_4/dragon_tablet_pt_4/92	I shall begin the preparations for the Seals underground.	Je vais commencer à préparer les sceaux souterrains.	Я немедленно начну готовить подземные печати.	I shall begin the preparations for the Seals underground.
Cutscenes/Story Events/Mines/dragon_tablet_pt_4/dragon_tablet_pt_4/93	...	...	...	...
Cutscenes/Story Events/Mines/dragon_tablet_pt_4/dragon_tablet_pt_4/94	Lord Caldarus, honored Dragonsworn...	Seigneur Caldarus, honorable paladin du dragon...	Лорд Кальдарус, почтенный драконоверный...	Lord Caldarus, honored Dragonsworn...
Cutscenes/Story Events/Mines/dragon_tablet_pt_4/dragon_tablet_pt_4/95	Until we meet again.	Au revoir.	До встречи.	Until we meet again.
Cutscenes/Story Events/Mines/dragon_tablet_pt_4/dragon_tablet_pt_4/96	And so $Seridia was sealed$...	Ainsi, $Seridia$ fut enfermée...	Таким образом $мы запечатали Серидию$...	And so $Seridia was sealed$...
Cutscenes/Story Events/Mines/dragon_tablet_pt_4/dragon_tablet_pt_4/97	I must admit... I did not foresee events playing out in such a manner.	Je dois l'admettre... Je n'avais pas envisagé que les événements se dérouleraient de la sorte.	Должен признать... Я не предусмотрел такое течение событий.	I must admit... I did not foresee events playing out in such a manner.
Cutscenes/Story Events/Mines/dragon_tablet_pt_4/dragon_tablet_pt_4/98	I had faith that $Magic$ would surely return one day, and flow back into harmony with $Nature$.	J'étais confiant et je pensais que la $magie$ reviendrait un jour, et s'écoulerait en harmonie avec la $nature$.	Я верил, что $магия$ однажды вернётся в мир и будет течь в гармонии с $природой$.	I had faith that $Magic$ would surely return one day, and flow back into harmony with $Nature$.
Cutscenes/Story Events/Mines/dragon_tablet_pt_4/dragon_tablet_pt_4/99	Like $Light$ and $Dark$, they are two sides of the same coin. There can be no lasting balance without both. Yet to think-	Comme la $lumière$ et l'$obscurité$, elles sont les deux faces d'une même médaille. Il n'y a pas d'équilibre durable sans l'une ou l'autre. Mais imaginer...	Как $свет$ и $тьма$ — они две стороны одной медали. Для устойчивого равновесия нужны обе. Я не мог помыслить...	Like $Light$ and $Dark$, they are two sides of the same coin. There can be no lasting balance without both. Yet to think-
Cutscenes/Story Events/Mines/dragon_tablet_pt_4/dragon_tablet_pt_4/init	Hero...!	<she>Héroïne</she><he>Héros</he><they>Être héroïque</they>...!	Герой!..	Hero...!
Cutscenes/Story Events/Mines/earth_seal/break_earth_seal/1	^The seal... well done...^	^Le sceau... Bravo...^	^Печать раскрыта... Хорошо...^	^Печатът... браво...^
Cutscenes/Story Events/Mines/earth_seal/break_earth_seal/2	^Offer essence... the dragon statue... above...^	^Offrir l'essence... statue de dragon... au dessus...^	^Приноси эссенцию... статуе дракона... наверху...^	^Принеси есенция... на статуята на дракона... горе...^
Cutscenes/Story Events/Mines/earth_seal/break_earth_seal/3	^Gain strength... to proceed.^	^Reprendre des forces... pour continuer.^	^Стань сильнее... и проходи...^	^Събери сили... за да продължиш.^
Cutscenes/Story Events/Mines/earth_seal/break_earth_seal/init	^Hero... thank you for breaking...^	^<she>Héroïne</she><he>Héros</he><they>Être héroïque</they>... merci d'avoir brisé...^	^Герой... спасибо тебе, что...^	^<he>Герою</he><she>Героиньо</she><they>Герои</they>... благодаря ти, че го разби...^
Cutscenes/Story Events/Mines/earth_seal/break_earth_seal_follow_up_celine/1	I'm so glad! The Codex Mistria really is useful, isn't it?	Ah, tant mieux ! Le Codex Mistria est très utile, n'est-ce pas ?	Как я рада! Какая же полезная книга — «Кодекс Мистрии»!	Толкова се радвам! Кодексът на Мистрия наистина е полезен, нали?
Cutscenes/Story Events/Mines/earth_seal/break_earth_seal_follow_up_celine/init	Did the translation work out for you, [Ari]?	La traduction t'a-t-elle été utile, [Ari] ?	Тебе помог перевод, [Ari]?	Успя ли с превода, [Ari]?
Cutscenes/Story Events/Mines/earth_seal/earth_seal/1	^Dragon's... power...^	^Pouvoir du... dragon...^	^Силу... дракона...^	^Силата... на дракона...^
Cutscenes/Story Events/Mines/earth_seal/earth_seal/2	^Restore...!^	^Restaurer...!^	^Возврати!..^	^Възстанови...!^
Cutscenes/Story Events/Mines/earth_seal/earth_seal/init	^Hero... break... seal...^	^<she>Héroïne</she><he>Héros</he><they>Être héroïque</they>... briser... sceau...^	^Герой... раскрой... печать...^	^<he>Герою</he><she>Героиньо</she><they>Герои</they>... разбий... печата...^
Cutscenes/Story Events/Mines/fire_seal/break_fire_seal/1	^A $Sealing Scroll$!?^	^Un $parchemin maudit$ ?!^	^$Свиток заточения$?!^	^Свитък за запечатване!?^
Cutscenes/Story Events/Mines/fire_seal/break_fire_seal/10	...	...	...	...
Cutscenes/Story Events/Mines/fire_seal/break_fire_seal/11	I do not have enough power. But... it is the only way...	Je n'ai pas assez de force. Mais... c'est le seul moyen...	Моих сил недостаточно, но... Иного пути нет...	Нямам достатъчно сила. Но... това е единственият начин...
Cutscenes/Story Events/Mines/fire_seal/break_fire_seal/12	[Ari], hold on! I am coming to save you!	[Ari], tiens bon ! J'arrive pour te sauver !	[Ari], держись! Я иду тебя спасать!	[Ari], издръж! Идвам да те спася!
Cutscenes/Story Events/Mines/fire_seal/break_fire_seal/13	[Ari]... Thank goodness you are safe.	[Ari]... Tu n'as rien, heureusement.	[Ari]... Какое счастье, что ты в порядке.	[Ari]... Слава на боговете, че си добре.
Cutscenes/Story Events/Mines/fire_seal/break_fire_seal/14	I do not have much strength left.	Je n'ai plus beaucoup de forces.	У меня почти не осталось сил.	Не ми остава много сила.
Cutscenes/Story Events/Mines/fire_seal/break_fire_seal/15	I must retreat to my temple within the $Deep Woods$... $Use your new spell to clear the way$ and join me there.	Je dois me réfugier dans mon temple, à $Boissombre$... $Sers-toi de ton nouveau sort pour te frayer un chemin$ et m'y rejoindre.	Мне придётся удалиться в свой храм в $Глубокой чаще$... $Используй своё новое заклинание, чтобы расчистить путь$ и приходи ко мне.	Трябва да се оттегля в храма си в $Дълбоката гора$... $Използвай новото си заклинание, за да разчистиш пътя$, и ела при мен там.
Cutscenes/Story Events/Mines/fire_seal/break_fire_seal/2	Your body is growing heavy and your senses are fading...	Votre corps se fait lourd et vos sens vous abandonnent...	Ваше тело тяжелеет и чувства притупляются...	Тялото ти натежава, а сетивата ти се замъгляват...
Cutscenes/Story Events/Mines/fire_seal/break_fire_seal/2/prompts/0	Call out for help.	Appeler au secours	Позвать на помощь.	Повикай за помощ.
Cutscenes/Story Events/Mines/fire_seal/break_fire_seal/2/prompts/1	Do nothing.	Ne rien faire	Ждать.	Не прави нищо.
Cutscenes/Story Events/Mines/fire_seal/break_fire_seal/3	You called out for help.	Vous avez appelé au secours.	Вы зовёте на помощь.	Повика за помощ.
Cutscenes/Story Events/Mines/fire_seal/break_fire_seal/4	[Ari]...? I can hear your voice calling out in my mind. What has happened?	[Ari]...? J'entends ton appel dans mon esprit. Que s'est-il passé ?	[Ari]?.. Я слышу твой зов в своём разуме. Что случилось?	[Ari]...? Чувам гласа ти, който ме вика в съзнанието ми. Какво се случи?
Cutscenes/Story Events/Mines/fire_seal/break_fire_seal/5	A $Sealing Scroll$!?	Un $parchemin maudit$ ?!	$Свиток заточения$?!	Свитък за запечатване!?
Cutscenes/Story Events/Mines/fire_seal/break_fire_seal/6	Hurry, [Ari]! You must take action before it is too late. With the fire seal broken, I bestow upon you a new spell - $Dragon's Breath$.	Vite, [Ari] ! Tu dois réagir avant qu'il ne soit trop tard. Maintenant que le sceau du feu a été brisé, je te confère un nouveau sort, le $Souffle du dragon$.	Поспеши, [Ari]! Надо действовать, пока не поздно. Печать огня раскрыта, поэтому я дарую тебе новое заклинание — $Дыхание дракона$.	Побързай, [Ari]! Трябва да действаш, преди да е станало твърде късно. Щом Печатът на огъня е разбит, ти дарявам ново заклинание — $Драконов дъх$.
Cutscenes/Story Events/Mines/fire_seal/break_fire_seal/7	Use it now to destroy the $Sealing Scroll$!	Utilise-le maintenant pour détruire le $parchemin maudit$ !	Используй его, чтобы уничтожить $свиток заточения$!	Използвай го сега, за да унищожиш $Свитъка за запечатване$!
Cutscenes/Story Events/Mines/fire_seal/break_fire_seal/8	[Ari]...? [Ari], can you hear me?	[Ari]...? [Ari], tu m'entends ?	[Ari]?.. [Ari], ты меня слышишь?	[Ari]...? [Ari], чуваш ли ме?
Cutscenes/Story Events/Mines/fire_seal/break_fire_seal/9	Please... wake up! You must use the spell!	Je t'en prie... réveille-toi ! Tu dois utiliser ce sort !	Пожалуйста... очнись! Ты <p>должны</p><f>должна</f><m>должен</m><n>должно</n> использовать заклинание!	Моля те... събуди се! Трябва да използваш заклинанието!
Cutscenes/Story Events/Mines/fire_seal/break_fire_seal/extra_1	^No...! It's a trap!^	^Non...! C'est un piège !^	^Нет!.. Это ловушка!^	^Не...! Това е капан!^
Cutscenes/Story Events/Mines/fire_seal/break_fire_seal/extra_2	^Quickly! You must flee, or you will be sealed as well!^	^Vite ! Fuis ou tu seras emprisonné<she>e</she><he></he><they>·e</they>, toi aussi !^	^Скорее! Беги, иначе тоже попадёшь в заточение!^	^Бързо! Бягай, иначе ще запечатат и теб!^
Cutscenes/Story Events/Mines/fire_seal/break_fire_seal/init	^Hero, valiantly done-^	^<she>Héroïne</she><he>Héros</he><they>Être héroïque</they>, bravo...^	^Доблестный герой...^	^<he>Герою</he><she>Героиньо</she><they>Герои</they>, чудесно се справи—^
Cutscenes/Story Events/Mines/fire_seal/break_fire_seal/loop_0	...			...
Cutscenes/Story Events/Mines/fire_seal/break_fire_seal/loop_1	...			...
Cutscenes/Story Events/Mines/fire_seal/break_fire_seal/loop_1/prompts/0	Call out for help.	Appeler au secours	Позвать на помощь.	Повикай за помощ.
Cutscenes/Story Events/Mines/fire_seal/break_fire_seal/loop_1/prompts/1	Do nothing.	Ne rien faire	Ждать.	Не прави нищо.
Cutscenes/Story Events/Mines/fire_seal/fire_seal/1	^I place my faith... in you...^	^J'ai confiance en toi...^	^Я верю... в тебя...^	^Вярвам... в теб...^
Cutscenes/Story Events/Mines/fire_seal/fire_seal/2	Hopefully Juniper can help me unravel the Seal's requirements.	J'espère que Juniper saura m'expliquer comment faire avec ce sceau.	Надеюсь, Джунипер поможет мне узнать, что требуется для этой печати.	Дано Джунипър може да ми помогне да разгадая изискванията на Печата.
Cutscenes/Story Events/Mines/fire_seal/fire_seal/init	^Hero, break the Fire Seal...^	^<she>Héroïne</she><he>Héros</he><they>Être héroïque</they>, brise le sceau du feu...^	^Герой, раскрой печать огня...^	^<he>Герою</he><she>Героиньо</she><they>Герои</they>, разбий Печата на огъня...^
Cutscenes/Story Events/Mines/post_earth_seal/post_earth_seal/1	The $Earth Seal$ has been broken. I owe you my sincere thanks.	Le $sceau de la terre$ a été brisé. Je t'en remercie infiniment.	$Печать земли$ раскрыта. Я хочу тебя искренне отблагодарить.	$Печатът на земята$ е разбит. Дължа ти искрени благодарности.
Cutscenes/Story Events/Mines/post_earth_seal/post_earth_seal/2	I will grant you $Growth$, you will be able to access this $Spell$ from your $Journal$. It can be used to $instantly grow plants in a 3x3 area$. Use it wisely.	Voici le sort de $Croissance$ qui permet de $faire pousser instantanément des plantes sur une zone de 3 lopins sur 3$. Tu peux y accéder depuis ton $carnet de bord$. Sers-t'en avec parcimonie.	Я дарую тебе $Взращивание$. Ты сможешь найти это $заклинание$ в своём $журнале$. Оно способно $моментально вырастить растения в области 3×3 клеток$. Используй его с умом.	Ще ти дам $Растеж$. Ще можеш да използваш това $заклинание$ от $Дневника$ си. С него можеш да $отгледаш мигновено растения в зона 3x3$. Използвай го разумно.
Cutscenes/Story Events/Mines/post_earth_seal/post_earth_seal/3	Some memories are returning...	Certains souvenirs me reviennent...	Ко мне возвращаются какие-то воспоминания...	Някои спомени се завръщат...
Cutscenes/Story Events/Mines/post_earth_seal/post_earth_seal/4	The $gate between realms$ was once cared for by the $Dragon Priestesses$.	La $porte entre les royaumes$ était autrefois sous la garde des $prêtresses dragon$.	За $вратами меж миров$ когда-то следила $жрицв дракона$.	$Портата между световете$ някога е била пазена от $Драконовите жрици$.
Cutscenes/Story Events/Mines/post_earth_seal/post_earth_seal/5	Dragons brought magic to this land through that gate eons ago.	C'est par là que les dragons firent entrer la magie en ce monde, il y a une éternité.	Много тысяч лет назад через эти врата драконы принесли магию на эту землю.	Преди еони драконите са донесли магията в тази земя през тази порта.
Cutscenes/Story Events/Mines/post_earth_seal/post_earth_seal/6	Our bond with humankind was mutually beneficial, yet the gate must have been closed at some point. Why, and by whom?	Le lien qui nous unissait à l'humanité profitait aux deux espèces, mais la porte fut probablement refermée à un moment donné. Par qui et pour quelle raison ?	У нас была взаимовыгодная связь с человечеством, но в какой-то момент врата оказались запечатаны. Кем и зачем?	Връзката ни с човечеството е била взаимноизгодна, но портата сигурно е била затворена в някакъв момент. Защо и от кого?
Cutscenes/Story Events/Mines/post_earth_seal/post_earth_seal/7	My memory fails me there, [Ari].	De cela, je n'ai aucun souvenir, [Ari].	Здесь моя память меня подводит, [Ari].	Там паметта ми се губи, [Ari].
Cutscenes/Story Events/Mines/post_earth_seal/post_earth_seal/8	Three seals remain. I entrust you to break them.	Il reste trois sceaux. Je te demande de les briser.	Тебе осталось раскрыть три печати. Я полагаюсь на тебя.	Остават три печата. Поверявам ти задачата да ги разбиеш.
Cutscenes/Story Events/Mines/post_earth_seal/post_earth_seal/init	Come here, [Ari]. I have something to say.	Viens ici, [Ari]. J'ai quelque chose à te dire.	Подойди, [Ari]. Я хочу кое-что тебе сказать.	Ела тук, [Ari]. Имам нещо да ти кажа.
Cutscenes/Story Events/Mines/post_water_seal/post_water_seal/1	The $Water Seal$ has been broken. A portion of my power has returned. You have done well.	Le $sceau de l'eau$ a été brisé. Une partie de mes pouvoirs est revenue. Tu n'as pas démérité.	$Печать воды$ раскрыта. Ко мне вернулась часть моей силы. Благодарю тебя за старания.	$Печатът на водата$ е разбит. Част от силата ми се върна. Справи се добре.
Cutscenes/Story Events/Mines/post_water_seal/post_water_seal/2	I will grant you $Summon Rain$, you will be able to access this $Spell$ from your $Journal$. It can be used to $summon a brief rain storm on your farm$. Use it wisely.	Voici le sort de la $Danse de la pluie$ qui permet de $déclencher une courte averse au-dessus de ta ferme$. Tu peux y accéder depuis ton $carnet de bord$. Sers-t'en avec parcimonie.	Я дарую тебе $Призыв дождя$. Ты сможешь найти это $заклинание$ в своём $журнале$. Оно способно $призвать короткий ливень на твоей ферме$. Используй его с умом.	Ще ти дам $Призоваване на дъжд$. Ще можеш да използваш това $заклинание$ от $Дневника$ си. То може да $призове кратка дъждовна буря във фермата ти$. Използвай го разумно.
Cutscenes/Story Events/Mines/post_water_seal/post_water_seal/3	Some memories are returning...	Certains souvenirs me reviennent...	Ко мне возвращаются какие-то воспоминания...	Някои спомени се завръщат...
Cutscenes/Story Events/Mines/post_water_seal/post_water_seal/4	There are $five seals$ in total. The earthquake must have damaged them...	Il existe $cinq sceaux$ en tout. Le tremblement de terre a dû les abîmer...	Всего есть $пять печатей$. Видимо, землетрясение их повредило...	Общо са $пет печата$. Земетресението сигурно ги е повредило...
Cutscenes/Story Events/Mines/post_water_seal/post_water_seal/5	The resulting flow of magic allowed me to awaken when you repaired my shrine.	Lorsque tu as restauré mon autel, le flux magique qui s'en est suivi m'a permis de me réveiller.	И возник поток магии, который пробудил меня, когда ты <p>расчистили</p><f>расчистила</f><m>расчистил</m><n>расчистило</n> моё святилище.	Потокът от магия, който се е получил, ми позволи да се пробудя, когато поправи светилището ми.
Cutscenes/Story Events/Mines/post_water_seal/post_water_seal/6	But who closed off the seals in the first place, or why, I cannot recall.	Malheureusement, je n'ai nul souvenir de qui aurait pu proscrire ces sceaux ni de la raison d'une telle décision.	Но кто и зачем наложил эти печати — я не в силах вспомнить.	Но не си спомням нито кой е затворил печатите, нито защо.
Cutscenes/Story Events/Mines/post_water_seal/post_water_seal/7	[Ari], you must reopen the other seals. I will do all I can to aid you along the way.	[Ari], tu dois briser les autres sceaux. Je ferai tout mon possible pour t'y aider.	[Ari], ты <p>должны</p><f>должна</f><m>должен</m><n>должно</n> раскрыть остальные печати. Я сделаю всё, что смогу, чтобы помочь тебе.	[Ari], трябва да отвориш отново останалите печати. Ще направя всичко по силите си, за да ти помогна.
Cutscenes/Story Events/Mines/post_water_seal/post_water_seal/8	For now, allow me to heal you.	Pour l'instant, permets-moi de te soigner.	А пока позволь мне тебя излечить.	Засега ми позволи да те излекувам.
Cutscenes/Story Events/Mines/post_water_seal/post_water_seal/9	Go with my blessing.	Va, tu as ma bénédiction.	Благословляю тебя.	Върви с благословията ми.
Cutscenes/Story Events/Mines/post_water_seal/post_water_seal/init	Approach, [Ari]. We must speak.	Approche, [Ari]. Nous devons parler.	Подойди, [Ari]. Нам нужно поговорить.	Приближи се, [Ari]. Трябва да поговорим.
Cutscenes/Story Events/Mines/priestess_quarters/priestess_quarters_pt_1/1	^You have arrived at the $Priestess Quarters$.^	^Tu te trouves à présent dans les $appartements de la prêtresse$.^	^Ты находишься в $покоях жриц$.^	^Пристигна в $Покоите на жрицата$.^
Cutscenes/Story Events/Mines/priestess_quarters/priestess_quarters_pt_1/10	^Do not look so forlorn!^	^N'aie pas l'air si triste !^	^Однако не предавайся отчаянию!^	^Не изглеждай толкова унил!^
Cutscenes/Story Events/Mines/priestess_quarters/priestess_quarters_pt_1/11	^You have reached hallowed ground. There are no traps here.^	^Tu as atteint un lieu sacré. Il n'y a ici aucun piège.^	^Ты <p>добрались</p><f>добралась</f><m>добрался</m><n>добралось</n> до священной земли. Здесь нет ловушек.^	^Достигна свещено място. Тук няма капани.^
Cutscenes/Story Events/Mines/priestess_quarters/priestess_quarters_pt_1/12	^The $Magic Key$ used to access the lower floors surely remains hidden in these quarters.^	^La $clé magique$ utilisée pour accéder aux niveaux inférieurs est sûrement cachée dans ces appartements.^	^Проход к нижним этажам открываетя $волшебным ключом$. Он наверняка спрятан в этих покоях.^	^$Магическият ключ$, с който се стига до долните етажи, със сигурност е скрит в тези покои.^
Cutscenes/Story Events/Mines/priestess_quarters/priestess_quarters_pt_1/13	^I must begin other preparations...^	^J'ai d'autres préparatifs à commencer...^	^Я должна заняться другими приготовлениями...^	^Трябва да започна други приготовления…^
Cutscenes/Story Events/Mines/priestess_quarters/priestess_quarters_pt_1/14	^So you will need to proceed through this trial alone.^	^Tu devras donc t'acquitter de cette épreuve sans mon aide.^	^Так что это испытание тебе придётся пройти в одиночку.^	^Затова ще трябва да преминеш през това изпитание без помощ.^
Cutscenes/Story Events/Mines/priestess_quarters/priestess_quarters_pt_1/15	^However, I am certain that you will find the $Magic Key$ in no time.^	^Néanmoins, je ne doute pas que tu trouveras la $clé magique$ en un rien de temps.^	^Однако я уверена, что очень скоро ты найдёшь $волшебный ключ$.^	^Но съм сигурна, че скоро ще намериш $Магическия ключ$.^
Cutscenes/Story Events/Mines/priestess_quarters/priestess_quarters_pt_1/2	^Ah...^	^Ah...^	^Ах...^	^Ах…^
Cutscenes/Story Events/Mines/priestess_quarters/priestess_quarters_pt_1/3	^High-ranking priestesses once lived in this place.^	^C'est ici que vivaient jadis les prêtresses de haut rang.^	^Когда-то здесь жили высокопоставленные жрицы.^	^Високопоставени жрици някога са живели тук.^
Cutscenes/Story Events/Mines/priestess_quarters/priestess_quarters_pt_1/4	^It was necessary, in order to remain close to the $Gate Between Worlds$.^	^Cela était nécessaire, afin d'être à proximité de la $porte entre les mondes$.^	^Им было необходимо находиться рядом с $вратами между мирами$.^	^Нужно е било, за да останат близо до $Портата между световете$.^
Cutscenes/Story Events/Mines/priestess_quarters/priestess_quarters_pt_1/5	"^What you know as $""The Final Seal""$.^"	^Ce que tu connais sous le nom de $« sceau final »$.^	^Для тебя это $«последняя печать»$.^	^Това, което познаваш като $„Последният печат“$.^
Cutscenes/Story Events/Mines/priestess_quarters/priestess_quarters_pt_1/6	^This door...?^	^Cette porte...?^	^Эта дверь?..^	^Тази врата…?^
Cutscenes/Story Events/Mines/priestess_quarters/priestess_quarters_pt_1/7	^No, no. $The Final Seal$ lies still farther below.^	^Non, non. $Le sceau final$ se trouve plus loin encore.^	^Нет-нет. $Последняя печать$ лежит ещё глубже под землёй.^	^Не, не. $Последният печат$ е още по-надолу.^
Cutscenes/Story Events/Mines/priestess_quarters/priestess_quarters_pt_1/8	^However, it does appear that this door is currently blocking your descent.^	^Il semble néanmoins que cette porte t'empêche de descendre.^	^Однако я вижу, что эта дверь преграждает твой путь.^	^Но изглежда тази врата в момента препречва пътя ти надолу.^
Cutscenes/Story Events/Mines/priestess_quarters/priestess_quarters_pt_1/9	^And... it is $locked$.^	^Et... elle est $verrouillée$.^	^И... она $заперта$.^	^И… е $заключена$.^
Cutscenes/Story Events/Mines/priestess_quarters/priestess_quarters_pt_1/init	^Greetings, Hero.^	^Je te salue, <he>Héros</he><she>Héroïne</she><they>Être héroïque</they>.^	^Приветствую, герой.^	^Привет, <he>герою</he><she>героиньо</she><they>герои</they>.^
Cutscenes/Story Events/Mines/priestess_quarters/priestess_quarters_pt_2/1	^I knew that you would pass the trial.^	^Je savais que tu réussirais cette épreuve.^	^Я знала, что ты пройдёшь это испытание.^	^Знаех, че ще преминеш изпитанието.^
Cutscenes/Story Events/Mines/priestess_quarters/priestess_quarters_pt_2/2	^The $Final Seal$ lies ahead.^	^Le $sceau final$ se trouve un peu plus loin.^	^$Последняя печать$ впереди.^	^$Последният печат$ е пред теб.^
Cutscenes/Story Events/Mines/priestess_quarters/priestess_quarters_pt_2/3	^Allow me to grant you a gift that will ease your final descent.^	^Permets-moi de t'offrir un cadeau qui simplifiera ton ultime descente.^	^Позволь мне наделить тебя даром, который поможет тебе в глубинах.^	^Позволи ми да ти дам дар, който ще улесни последното ти слизане.^
Cutscenes/Story Events/Mines/priestess_quarters/priestess_quarters_pt_2/4	^Use the $Sacred Light Spell$ on $Dark Floors$ if you wish to pass through them more easily.^	^Sers-toi du $sort Lumière sacrée$ pour franchir plus facilement les $niveaux obscurs$.^	^Используй заклинание $Благой свет$ на $тёмных этажах$, чтобы облегчить свой путь.^	^Използвай $Заклинанието за Свещена светлина$ върху $Тъмни етажи$, ако искаш да преминаваш през тях по-лесно.^
Cutscenes/Story Events/Mines/priestess_quarters/priestess_quarters_pt_2/5	^We will meet again at the bottom of the Ruins.^	^Nous nous retrouverons une fois encore tout au fond des ruines.^	^Мы ещё встретимся на самом дне Руин.^	^Ще се срещнем отново в дъното на Руините.^
Cutscenes/Story Events/Mines/priestess_quarters/priestess_quarters_pt_2/6	^I will be waiting...^	^Je t'attendrai...^	^Я буду ждать...^	^Ще чакам…^
Cutscenes/Story Events/Mines/priestess_quarters/priestess_quarters_pt_2/7	^And together, at long last, we will restore the power of the Dragon.^	^Et ensemble, enfin, nous restaurerons le pouvoir du dragon.^	^Вместе с тобой мы, наконец, восстановим силу дракона.^	^И най-сетне заедно ще възстановим силата на Дракона.^
Cutscenes/Story Events/Mines/priestess_quarters/priestess_quarters_pt_2/init	^Cleverly done, Hero!^	^Bravo, <he>Héros</he><she>Héroïne</she><they>Être héroïque</they> !^	^Отличная работа, герой!^	^Умно се справи, <he>герою</he><she>героиньо</she><they>герои</they>!^
Cutscenes/Story Events/Mines/priestess_quarters/priestess_quarters_pt_2_follow_up_caldarus/1	You wish to know more of the $Dragon Priestesses$?	Tu veux en savoir plus sur les $prêtresses dragon$ ?	Ты хочешь узнать больше про $жриц дракона$?	Искаш да знаеш повече за $Драконовите жрици$?
Cutscenes/Story Events/Mines/priestess_quarters/priestess_quarters_pt_2_follow_up_caldarus/2	Such dedicated souls.	Elles étaient des âmes dévouées.	Столь преданные души.	Толкова всеотдайни души.
Cutscenes/Story Events/Mines/priestess_quarters/priestess_quarters_pt_2_follow_up_caldarus/3	They showed... unwavering faith in me.	Elles m'ont accordé... une confiance inébranlable.	Они были полны... незыблемой веры в меня.	Те ми показаха… непоколебима вяра в мен.
Cutscenes/Story Events/Mines/priestess_quarters/priestess_quarters_pt_2_follow_up_caldarus/4	...	...	...	…
Cutscenes/Story Events/Mines/priestess_quarters/priestess_quarters_pt_2_follow_up_caldarus/5	Forgive me [Ari]. I find it painful, trying to recall their faces.	Pardonne-moi, [Ari]. Tenter de me rappeler leurs visages m'est douloureux.	Прости меня, [Ari]. Когда я пытаюсь вспомнить их лица, я чувствую боль.	Прости ми, [Ari]. Болезнено ми е да се опитвам да си спомня лицата им.
Cutscenes/Story Events/Mines/priestess_quarters/priestess_quarters_pt_2_follow_up_caldarus/5/prompts/0	Forget I asked!	Oublie ma question !	Забудь!	Забрави, че попитах!
Cutscenes/Story Events/Mines/priestess_quarters/priestess_quarters_pt_2_follow_up_caldarus/5/prompts/1	Just focus on resting.	Repose-toi, c'est le principal.	Тогда лучше отдыхай.	Просто се съсредоточи върху почивката.
Cutscenes/Story Events/Mines/priestess_quarters/priestess_quarters_pt_2_follow_up_caldarus/6	Thank you [Ari].	Merci, [Ari].	Спасибо, [Ari].	Благодаря ти, [Ari].
Cutscenes/Story Events/Mines/priestess_quarters/priestess_quarters_pt_2_follow_up_caldarus/7	Perhaps when my memories are restored, I will regale you with tales of those days.	Peut-être que lorsque j'aurai retrouvé la mémoire, je te divertirai avec des récits de cette époque.	Возможно, когда ко мне вернётся память, я поведаю тебе истории тех времён.	Може би когато спомените ми се върнат, ще ти разкажа истории за онези дни.
Cutscenes/Story Events/Mines/priestess_quarters/priestess_quarters_pt_2_follow_up_caldarus/init	A question? Certainly [Ari], what is it?	Une question ? Bien sûr, [Ari], de quoi s'agit-il ?	У тебя есть вопрос? Разумеется, [Ari], в чём дело?	Въпрос? Разбира се, [Ari], какъв е?
Cutscenes/Story Events/Mines/ruins_seal/break_ruins_seal_pt_1/1	^I am so glad to see that you are safe.^	^Je suis si heureuse que tu ailles bien.^	^Я так рада, что ты в порядке!^	^I am so glad to see that you are safe.^
Cutscenes/Story Events/Mines/ruins_seal/break_ruins_seal_pt_1/10	^No, it could not be.^	^Non, c'est impossible.^	^Нет, не может быть.^	^No, it could not be.^
Cutscenes/Story Events/Mines/ruins_seal/break_ruins_seal_pt_1/11	^!^	^ !^	^!^	^!^
Cutscenes/Story Events/Mines/ruins_seal/break_ruins_seal_pt_1/12	^Lord Caldarus has materialized in physical form!?^	^Le seigneur Caldarus s'est matérialisé sous une forme physique ?!^	^Лорд Кальдарус воплотился в физической форме?!^	^Lord Caldarus has materialized in physical form!?^
Cutscenes/Story Events/Mines/ruins_seal/break_ruins_seal_pt_1/13	^And he did so to save you from the $Sealing Scroll$?^	^Et il l'a fait pour te sauver du $parchemin maudit$ ?^	^Он решился на это, чтобы защитить тебя от $свитка заточения$?^	^And he did so to save you from the $Sealing Scroll$?^
Cutscenes/Story Events/Mines/ruins_seal/break_ruins_seal_pt_1/14	^It- it is nothing short of a miracle.^	^Ce n'est rien moins qu'un miracle.^	^Это... Это самое настоящее чудо.^	^It- it is nothing short of a miracle.^
Cutscenes/Story Events/Mines/ruins_seal/break_ruins_seal_pt_1/15	^Yet to take such a drastic measure...^	^Mais de là à prendre une mesure aussi radicale...^	^Но такие крайние меры...^	^Yet to take such a drastic measure...^
Cutscenes/Story Events/Mines/ruins_seal/break_ruins_seal_pt_1/16	^Lord Caldarus must be protected at all costs.^	^Le seigneur Caldarus doit être protégé à tout prix.^	^Лорда Кальдаруса следует защитить любой ценой.^	^Lord Caldarus must be protected at all costs.^
Cutscenes/Story Events/Mines/ruins_seal/break_ruins_seal_pt_1/17	^If he were to-^	^S'il devait lui arriver....^	^Если с ним что-то...^	^If he were to-^
Cutscenes/Story Events/Mines/ruins_seal/break_ruins_seal_pt_1/18	^No. We shall not let any harm come to him.^	^Non. Nous ne laisserons aucun mal lui être fait.^	^Нет. Мы никому не позволим ему навредить.^	^No. We shall not let any harm come to him.^
Cutscenes/Story Events/Mines/ruins_seal/break_ruins_seal_pt_1/19	^We will need to proceed with extreme caution, Hero.^	^Nous allons devoir continuer avec une extrême prudence, <he>Héros</he><she>Héroïne</she><they>Être héroïque</they>.^	^Герой, нам необходимо действовать очень осторожно.^	^We will need to proceed with extreme caution, Hero.^
Cutscenes/Story Events/Mines/ruins_seal/break_ruins_seal_pt_1/2	^To think that the $Fire Seal$ would be trapped...^	^Dire que le $sceau du feu$ était piégé...^	^Подумать только, $печать огня$ оказалась ловушкой...^	^To think that the $Fire Seal$ would be trapped...^
Cutscenes/Story Events/Mines/ruins_seal/break_ruins_seal_pt_1/20	^The last seal was trapped. Surely, this one must be as well.^	^Le dernier sceau était piégé. Celui-ci doit sûrement l'être aussi.^	^Прошлая печать была ловушкой. Наверняка и от этой можно ждать подобного.^	^The last seal was trapped. Surely, this one must be as well.^
Cutscenes/Story Events/Mines/ruins_seal/break_ruins_seal_pt_1/21	^Pray, do not touch anything in this room. It is not safe.^	^Je t'en prie, ne touche à rien dans cette pièce. Elle n'est pas sûre.^	^Прошу, не дотрагивайся до предметов в этой комнате.^	^Pray, do not touch anything in this room. It is not safe.^
Cutscenes/Story Events/Mines/ruins_seal/break_ruins_seal_pt_1/22	^We cannot risk attempting to open the $Ruins Seal$ in the usual manner.^	^Nous ne pouvons prendre le risque d'ouvrir le $sceau des ruines$ de la façon habituelle.^	^Мы не можем позволить себе раскрыть $печать руин$ так же, как и прежние. Это слишком большой риск.^	^We cannot risk attempting to open the $Ruins Seal$ in the usual manner.^
Cutscenes/Story Events/Mines/ruins_seal/break_ruins_seal_pt_1/23	^You are the only one who holds hope of reaching the $Final Seal$ through the ruins beyond, for I remain incorporeal.^	^Tu es la seule personne qui peut espérer atteindre le $sceau final$ en passant par ces ruines, car je suis désincarnée.^	^Увы, я бестелесна. Только ты можешь пробраться через руины, что лежат под нами, и достичь $последней печати$.^	^You are the only one who holds hope of reaching the $Final Seal$ through the ruins beyond, for I remain incorporeal.^
Cutscenes/Story Events/Mines/ruins_seal/break_ruins_seal_pt_1/24	^Lord Caldarus and I are relying on you.^	^Le seigneur Caldarus et moi nous appuyons sur toi.^	^Лорд Кальдарус и я полагаемся на тебя.^	^Lord Caldarus and I are relying on you.^
Cutscenes/Story Events/Mines/ruins_seal/break_ruins_seal_pt_1/25	^You are our only hope.^	^Tu es notre unique espoir.^	^Ты наша единственная надежда.^	^You are our only hope.^
Cutscenes/Story Events/Mines/ruins_seal/break_ruins_seal_pt_1/26	^For now, let us focus on the $Ruins Seal$.^	^Pour l'instant, concentrons-nous sur le $sceau des ruines$.^	^А пока давай вернёмся к $печати руин$.^	^For now, let us focus on the $Ruins Seal$.^
Cutscenes/Story Events/Mines/ruins_seal/break_ruins_seal_pt_1/27	^If we cannot break through it in the typical manner...^	^Si nous ne pouvons le briser de la façon habituelle...^	^Если мы не можем пройти на ту сторону обычным образом...^	^If we cannot break through it in the typical manner...^
Cutscenes/Story Events/Mines/ruins_seal/break_ruins_seal_pt_1/28	^Perhaps we can devise a way around it.^	^Nous pouvons peut-être imaginer un moyen de le contourner.^	^Возможно, получится сделать обходной путь.^	^Perhaps we can devise a way around it.^
Cutscenes/Story Events/Mines/ruins_seal/break_ruins_seal_pt_1/29	^So to speak.^	^En quelque sorte.^	^Образно выражаясь.^	^So to speak.^
Cutscenes/Story Events/Mines/ruins_seal/break_ruins_seal_pt_1/3	^I regret that I did not foresee it.^	^Je regrette de ne pas l'avoir anticipé.^	^Я сожалею, что не предвидела этого.^	^I regret that I did not foresee it.^
Cutscenes/Story Events/Mines/ruins_seal/break_ruins_seal_pt_1/30	^The boundary between worlds grows thinner, the closer we come to the $Final Seal$.^	^La frontière entre les mondes s'amincit, à mesure que nous approchons du $sceau final$.^	^По мере приближения к $последней печати$ граница между мирами становится тоньше.^	^The boundary between worlds grows thinner, the closer we come to the $Final Seal$.^
Cutscenes/Story Events/Mines/ruins_seal/break_ruins_seal_pt_1/31	^With enough draconic $Magic$, it should be possible...^	^Avec suffisamment de $magie$ du dragon, cela doit être possible...^	^Если собрать достаточно драконьей $магии$, то мы сможем...^	^With enough draconic $Magic$, it should be possible...^
Cutscenes/Story Events/Mines/ruins_seal/break_ruins_seal_pt_1/32	^Lord Caldarus has granted you $Dragon's Breath$, has he not?^	^Le seigneur Caldarus t'a octroyé le $Souffle du dragon$, n'est-ce pas ?^	^Лорд Кальдарус даровал тебе $Дыхание дракона$, верно?^	^Lord Caldarus has granted you $Dragon's Breath$, has he not?^
Cutscenes/Story Events/Mines/ruins_seal/break_ruins_seal_pt_1/33	^Come, Hero. If we cast it in unison, I believe we can $open a portal to a nearby plane of existence$.^	^Viens, <she>Héroïne</she><he>Héros</he><they>Être héroïque</they>. Si nous le lançons à l'unisson, je crois que nous pouvons $ouvrir un portail vers un plan d'existence voisin$.^	^Пойдём, герой. Думаю, если мы сотворим заклинание одновременно, у нас получится $открыть портал в соседний мир$.^	^Come, Hero. If we cast it in unison, I believe we can $open a portal to a nearby plane of existence$.^
Cutscenes/Story Events/Mines/ruins_seal/break_ruins_seal_pt_1/34	^We have succeeded! Wonderful!^	^Nous avons réussi ! Merveilleux !^	^У нас получилось! Замечательно!^	^We have succeeded! Wonderful!^
Cutscenes/Story Events/Mines/ruins_seal/break_ruins_seal_pt_1/35	^Now, follow me.^	^À présent, suis-moi.^	^Теперь пойдём со мной.^	^Now, follow me.^
Cutscenes/Story Events/Mines/ruins_seal/break_ruins_seal_pt_1/36	^Excellent, this should do nicely.^	^Parfait, cela devrait convenir.^	^Превосходно, так будет отлично.^	^Excellent, this should do nicely.^
Cutscenes/Story Events/Mines/ruins_seal/break_ruins_seal_pt_1/37	^Close your eyes, Hero. I shall grant you $Void Sight$.^	^Ferme les yeux, <she>Héroïne</she><he>Héros</he><they>Être héroïque</they>. Je vais t'octroyer la $Vision du néant$.^	^Закрой глаза, герой. Я дарую тебе $Взор пустоты$.^	^Close your eyes, Hero. I shall grant you $Void Sight$.^
Cutscenes/Story Events/Mines/ruins_seal/break_ruins_seal_pt_1/38	^You will need it in order to proceed.^	^Tu en auras besoin pour continuer.^	^Он потребуется тебе, чтобы пройти дальше.^	^You will need it in order to proceed.^
Cutscenes/Story Events/Mines/ruins_seal/break_ruins_seal_pt_1/39	^We are one step nearer to $the Magic Realm$ now, Hero.^	^Nous nous approchons encore du $royaume de la magie$, désormais, <he>Héros</he><she>Héroïne</she><they>Être héroïque</they>.^	^Теперь мы на шаг ближе к $миру магии$, герой.^	^We are one step nearer to $the Magic Realm$ now, Hero.^
Cutscenes/Story Events/Mines/ruins_seal/break_ruins_seal_pt_1/4	^Yet you have survived, and succeeded in breaking the seal!^	^Pourtant tu as survécu et réussi à briser le sceau !^	^Но тебе удалось выжить и раскрыть печать!^	^Yet you have survived, and succeeded in breaking the seal!^
Cutscenes/Story Events/Mines/ruins_seal/break_ruins_seal_pt_1/40	^Of course, we cannot truly reach it from here. Not while $two seals remain closed$.^	^Bien sûr, nous ne pouvons véritablement l'atteindre depuis là. Pas tant que $deux sceaux sont encore fermés$.^	^Конечно, по-настоящему коснуться его мы не можем. Пока нас отделяют $две закрытых печати$.^	^Of course, we cannot truly reach it from here. Not while $two seals remain closed$.^
Cutscenes/Story Events/Mines/ruins_seal/break_ruins_seal_pt_1/41	^This place is more of a connection point. A field between your world and mine.^	^Ce lieu est plutôt un point de connexion. Un champ entre ton monde et le mien.^	^Это место — своего рода связующее звено. Поляна между твоим и моим миром.^	^This place is more of a connection point. A field between your world and mine.^
Cutscenes/Story Events/Mines/ruins_seal/break_ruins_seal_pt_1/42	^But that makes it... malleable.^	^Mais cela le rend... malléable.^	^Но это делает его столь... Пластичным.^	^But that makes it... malleable.^
Cutscenes/Story Events/Mines/ruins_seal/break_ruins_seal_pt_1/43	^And that is just what we need.^	^Et c'est précisément ce dont nous avons besoin.^	^Именно это нам и нужно.^	^And that is just what we need.^
Cutscenes/Story Events/Mines/ruins_seal/break_ruins_seal_pt_1/44	^Do you see the $Cauldron$ there?^	^Vois-tu le $chaudron$, là-bas ?^	^Видишь тот $котёл$?^	^Do you see the $Cauldron$ there?^
Cutscenes/Story Events/Mines/ruins_seal/break_ruins_seal_pt_1/45	^You must gather $5 Void Stones, 5 Void Powders, 5 Void Herbs, and 5 Void Pearls$ and place them within.^	^Tu dois récolter $5 pierres du néant, 5 poudres du néant, 5 herbes du néant et 5 perles du néant$ et les placer à l'intérieur.^	^Тебе нужно собрать $5 пустотного камня, 5 пустотной пыли, 5 пустотной травы и 5 пустотных жемчужин$ и положить их внутрь.^	^You must gather $5 Void Stones, 5 Void Powders, 5 Void Herbs, and 5 Void Pearls$ and place them within.^
Cutscenes/Story Events/Mines/ruins_seal/break_ruins_seal_pt_1/46	^Your new $Void Sight$ ability will allow you to $see and harvest these items throughout the Mines$.^	^Ta nouvelle capacité $Vision du néant$ te permettra de $voir et récolter des objets partout dans les mines$.^	^$Взор пустоты$ — твоя новая способность — поможет тебе $обнаруживать и собирать эти предметы в шахтах$.^	^Your new $Void Sight$ ability will allow you to $see and harvest these items throughout the Mines$.^
Cutscenes/Story Events/Mines/ruins_seal/break_ruins_seal_pt_1/47	^Once you have collected the necessary materials, we will use them to create a $Void Mass$.^	^Une fois les matériaux nécessaires rassemblés, nous les utiliserons pour créer une $matière du néant$.^	^Когда ты соберёшь все необходимые материалы, мы создадим с их помощью $субстанцию пустоты$.^	^Once you have collected the necessary materials, we will use them to create a $Void Mass$.^
Cutscenes/Story Events/Mines/ruins_seal/break_ruins_seal_pt_1/48	^That will be our key to safely breaking the $Ruins Seal$.^	^Ce sera notre clé pour briser en toute sécurité le $sceau des ruines$.^	^Она станет ключом, который поможет нам безопасно преодолеть $печать руин$.^	^That will be our key to safely breaking the $Ruins Seal$.^
Cutscenes/Story Events/Mines/ruins_seal/break_ruins_seal_pt_1/49	^Go now, Hero.^	^Va, à présent, <he>Héros</he><she>Héroïne</she><they>Être héroïque</they>.^	^Иди же, герой.^	^Go now, Hero.^
Cutscenes/Story Events/Mines/ruins_seal/break_ruins_seal_pt_1/5	^Finally, my voice can reach you more clearly.^	^Enfin, ma voix peut te parvenir plus distinctement.^	^Наконец-то ты можешь чётко слышать мой голос.^	^Finally, my voice can reach you more clearly.^
Cutscenes/Story Events/Mines/ruins_seal/break_ruins_seal_pt_1/50	^But do not speak word of this to Lord Caldarus.^	^Mais ne dis pas un mot de tout cela au seigneur Caldarus.^	^Но не рассказывай о нашем плане лорду Кальдарусу.^	^But do not speak word of this to Lord Caldarus.^
Cutscenes/Story Events/Mines/ruins_seal/break_ruins_seal_pt_1/51	^He is much too weak, and we must not tempt him to intervene again.^	^Il est bien trop faible et nous ne devons pas le tenter d'intervenir à nouveau.^	^Он может снова захотеть вмешаться, а сейчас он слишком слаб.^	^He is much too weak, and we must not tempt him to intervene again.^
Cutscenes/Story Events/Mines/ruins_seal/break_ruins_seal_pt_1/52	^Let us protect him. He must stay safe until the $Final Seal$ is broken.^	^Protégeons-le. Il doit rester à l'abri tant que le $sceau final$ n'est pas brisé.^	^Мы защитим его. Он должен быть в безопасности, пока мы не раскроем $последнюю печать$.^	^Let us protect him. He must stay safe until the $Final Seal$ is broken.^
Cutscenes/Story Events/Mines/ruins_seal/break_ruins_seal_pt_1/6	^You have done well.^	^Tu as bien travaillé.^	^Отличная работа.^	^You have done well.^
Cutscenes/Story Events/Mines/ruins_seal/break_ruins_seal_pt_1/7	^I sense something, Hero. Draconic power...?^	^Je perçois quelque chose, <she>Héroïne</she><he>Héros</he><they>Être héroïque</they>. Le pouvoir d'un dragon...?^	^Герой, я чувствую что-то... Это сила дракона?..^	^I sense something, Hero. Draconic power...?^
Cutscenes/Story Events/Mines/ruins_seal/break_ruins_seal_pt_1/8	^Faint, like a trembling pulse.^	^Léger, comme une pulsation incertaine.^	^Слабая, будто дрожащий пульс.^	^Faint, like a trembling pulse.^
Cutscenes/Story Events/Mines/ruins_seal/break_ruins_seal_pt_1/9	^Weak... but alive.^	^Faible... mais vivant.^	^Неровный... но живой.^	^Weak... but alive.^
Cutscenes/Story Events/Mines/ruins_seal/break_ruins_seal_pt_1/init	^Hero! Thank goodness!^	^<he>Héros</he><she>Héroïne</she><they>Être héroïque</they> ! Quel soulagement !^	^Герой! Какое счастье!^	^Hero! Thank goodness!^
Cutscenes/Story Events/Mines/ruins_seal/break_ruins_seal_pt_2/1	^Excellent work!^	^Excellent travail !^	^Превосходная работа!^	^Excellent work!^
Cutscenes/Story Events/Mines/ruins_seal/break_ruins_seal_pt_2/10	^The $Void [Ari]$ is merely a tool. A means to an end.^	^Notre $[Ari] du néant$ n'est qu'un outil. Le moyen d'arriver à nos fins.^	^$<p>Пустотные [Ari]</p><f>Пустотная [Ari]</f><m>Пустотный [Ari]</m><n>Пустотное [Ari]</n>$ — это всего лишь инструмент. Орудие в наших руках.^	^The $Void [Ari]$ is merely a tool. A means to an end.^
Cutscenes/Story Events/Mines/ruins_seal/break_ruins_seal_pt_2/11	^It is not capable of thinking, nor feeling.^	^Ce n'est pas un être capable de penser ou de ressentir.^	^<p>Они</p><f>Она</f><m>Он</m><n>Оно</n> не имеет ни мыслей, ни чувств.^	^It is not capable of thinking, nor feeling.^
Cutscenes/Story Events/Mines/ruins_seal/break_ruins_seal_pt_2/12	^It is a kind of shadow. It can only move at your instruction.^	^C'est une sorte d'ombre. Qui ne peut se déplacer qu'en suivant tes instructions.^	^Это своего рода тень. <p>Они могут</p><f>Она может</f><m>Он может</m><n>Оно может</n> двигаться только по твоему приказу.^	^It is a kind of shadow. It can only move at your instruction.^
Cutscenes/Story Events/Mines/ruins_seal/break_ruins_seal_pt_2/13	^We shall utilize it to open the $Ruins Seal$ without risking harm to you.^	^Nous allons l'utiliser pour ouvrir le $sceau des ruines$ sans risquer de te blesser.^	^Мы используем <p>их</p><f>её</f><m>его</m><n>его</n>, чтобы раскрыть $печать руин$, не подвегая тебя опасности.^	^We shall utilize it to open the $Ruins Seal$ without risking harm to you.^
Cutscenes/Story Events/Mines/ruins_seal/break_ruins_seal_pt_2/14	^Come, let us return at once.^	^Viens, rentrons immédiatement.^	^Пойдём, вернёмся к печати.^	^Come, let us return at once.^
Cutscenes/Story Events/Mines/ruins_seal/break_ruins_seal_pt_2/15	^It is time to put our $decoy$ to the test.^	^Le moment est venu de tester notre $leurre$.^	^Настало время испытать нашего $двойника$ в действии.^	^It is time to put our $decoy$ to the test.^
Cutscenes/Story Events/Mines/ruins_seal/break_ruins_seal_pt_2/16	^If you would, please instruct the $Void [Ari]$ to take the rubbing of the $Ruins Seal Tablet$.^	^Si tu le veux bien, donne à notre $[Ari] du néant$ l'ordre de décalquer ce qui se trouve sur la $tablette du sceau des ruines$.^	^Если тебя не затруднит, попроси $<p>пустотных [Ari]</p><f>пустотную [Ari]</f><m>пустотного [Ari]</m><n>пустотное [Ari]</n>$ сделать оттиск $скрижали в печати руин$.^	^If you would, please instruct the $Void [Ari]$ to take the rubbing of the $Ruins Seal Tablet$.^
Cutscenes/Story Events/Mines/ruins_seal/break_ruins_seal_pt_2/17	^Ah...^	^Ah...^	^Ох...^	^Ah...^
Cutscenes/Story Events/Mines/ruins_seal/break_ruins_seal_pt_2/18	^I am grateful that we did not attempt to have you try that directly. Would you not agree?^	^Heureusement que nous n'avons pas tenté de te le faire faire directement. Tu n'es pas d'accord ?^	^Я рада, что мы решили не посылать к скрижали тебя. Ты ведь <p>согласны</p><f>согласна</f><m>согласен</m><n>согласно</n>?^	^I am grateful that we did not attempt to have you try that directly. Would you not agree?^
Cutscenes/Story Events/Mines/ruins_seal/break_ruins_seal_pt_2/19	^Now, about the translation...^	^Bien, la traduction à présent...	^Что касается перевода...^	^Now, about the translation...^
Cutscenes/Story Events/Mines/ruins_seal/break_ruins_seal_pt_2/2	^This is everything we need in order to create the $Void Mass$.^	^C'est tout ce dont nous avons besoin pour créer la $matière du néant$.^	^Теперь у нас есть всё необходимое, чтобы создать $субстанцию пустоты$.^	^This is everything we need in order to create the $Void Mass$.^
Cutscenes/Story Events/Mines/ruins_seal/break_ruins_seal_pt_2/20	^What is it?^	^Qu'y a-t-il ?^	^Что случилось?^	^What is it?^
Cutscenes/Story Events/Mines/ruins_seal/break_ruins_seal_pt_2/20/prompts/0	The Witchspeak... I can read it!	La langue des sorcières... J'arrive à la lire !	^Ведьмолект... Я его понимаю!^	The Witchspeak... I can read it!
Cutscenes/Story Events/Mines/ruins_seal/break_ruins_seal_pt_2/20/prompts/1	I guess I won't need a translator after all!	Je crois que je ne vais pas avoir besoin de traduction, finalement !	^Кажется, переводчик мне уже не нужен!^	I guess I won't need a translator after all!
Cutscenes/Story Events/Mines/ruins_seal/break_ruins_seal_pt_2/21	^Oh my! Is that so?^	^Oh ! Vraiment ?^	^Вот это да! Неужели?^	^Oh my! Is that so?^
Cutscenes/Story Events/Mines/ruins_seal/break_ruins_seal_pt_2/22	^It would seem that your proficiency in $Magic$ has grown quite significantly.^	^Il semblerait que tes compétences en $magie$ aient augmenté significativement.^	^Кажется, твоё мастерство $магии$ существенно выросло.^	^It would seem that your proficiency in $Magic$ has grown quite significantly.^
Cutscenes/Story Events/Mines/ruins_seal/break_ruins_seal_pt_2/23	^Tell me, what are the requirements?^	^Dis-moi, quelles sont les conditions ?^	^Скажи мне, что же нам требуется?^	^Tell me, what are the requirements?^
Cutscenes/Story Events/Mines/ruins_seal/break_ruins_seal_pt_2/24	^I see. A $Breath of Flame$, a $Smoke Moth$, a $Firesail Fish$, and a piece of $Obsidian$...^	^Je vois. Un $soufflefeu$, une $phalène fumigène$, une $caudale de feu$ et un morceau d'$obsidienne$...^	^Ясно. $Огнецвет$, $дымная бабочка$, $огненный парусник$ и кусочек $обсидиана$...^	^I see. A $Breath of Flame$, a $Smoke Moth$, a $Firesail Fish$, and a piece of $Obsidian$...^
Cutscenes/Story Events/Mines/ruins_seal/break_ruins_seal_pt_2/25	^I presume this task should be no trouble for one of your talents.^	^Je suppose que pour une personne aussi douée que toi, cela ne sera pas un problème.^	^Полагаю, при твоих талантах эта задача тебя не обременит.^	^I presume this task should be no trouble for one of your talents.^
Cutscenes/Story Events/Mines/ruins_seal/break_ruins_seal_pt_2/26	^However, you will not be able to offer these items to the $Ruins Seal Tablet$ directly-^	^Cependant, tu ne pourras pas offrir directement ces objets à la $tablette du sceau des ruines$...^	^Однако у тебя не выйдет преподнести эти предметы напрямую к $скрижали в печати руин$...^	^However, you will not be able to offer these items to the $Ruins Seal Tablet$ directly-^
Cutscenes/Story Events/Mines/ruins_seal/break_ruins_seal_pt_2/27	^Instead, be sure to give them to the $Void [Ari]$.^	^Tu devras au contraire les offrir à notre $[Ari] du néant$.^	^Вместо этого передай их, пожалуйста, $<p>пустотным [Ari]</p><f>пустотной [Ari]</f><m>пустотному [Ari]</m><n>пустотному [Ari]</n>$.^	^Instead, be sure to give them to the $Void [Ari]$.^
Cutscenes/Story Events/Mines/ruins_seal/break_ruins_seal_pt_2/28	^Once the items are gathered, it will open the seal for us.^	^Une fois les objets rassemblés, cet être ouvrira le sceau pour nous.^	^Когда мы соберём их все, <p>они раскроют</p><f>она раскроет</f><m>он раскроет</m><n>оно раскроет</n> печать за нас.^	^Once the items are gathered, it will open the seal for us.^
Cutscenes/Story Events/Mines/ruins_seal/break_ruins_seal_pt_2/29	^Best of luck with your task. I shall await your return.^	^Bonne chance dans cette tâche. Je vais attendre ton retour.^	^Желаю успехов в сборе предметов. Я буду ждать твоего возвращения.^	^Best of luck with your task. I shall await your return.^
Cutscenes/Story Events/Mines/ruins_seal/break_ruins_seal_pt_2/3	^Let us proceed.^	^Continuons.^	^Приступим же.^	^Let us proceed.^
Cutscenes/Story Events/Mines/ruins_seal/break_ruins_seal_pt_2/4	^Beautiful, is it not?^	^C'est magnifique, n'est-ce pas ?^	^Она прекрасна, правда?^	^Beautiful, is it not?^
Cutscenes/Story Events/Mines/ruins_seal/break_ruins_seal_pt_2/5	^Now, it is time to create our $decoy$.^	^À présent, il est temps de créer notre $leurre$.^	^А теперь пора сделать нашего $двойника$.^	^Now, it is time to create our $decoy$.^
Cutscenes/Story Events/Mines/ruins_seal/break_ruins_seal_pt_2/6	^Stand back, if you would...^	^Si tu veux bien reculer...^	^Отойди, если тебя не затруднит...^	^Stand back, if you would...^
Cutscenes/Story Events/Mines/ruins_seal/break_ruins_seal_pt_2/7	^I shall transform the $Void Mass$...^	^Je vais transformer la $matière du néant$...^	^Сейчас я сделаю из $субстанции пустоты$...^	^I shall transform the $Void Mass$...^
Cutscenes/Story Events/Mines/ruins_seal/break_ruins_seal_pt_2/8	^Into our $Void [Ari]$.^	^En $[Ari] du néant$.^	^$<p>новых пустотных [Ari]</p><f>новую пустотную [Ari]</f><m>нового пустотного [Ari]</m><n>новое пустотное [Ari]</n>$.^	^Into our $Void [Ari]$.^
Cutscenes/Story Events/Mines/ruins_seal/break_ruins_seal_pt_2/9	^Fear not!^	^N'aie pas peur !^	^Не бойся!^	^Fear not!^
Cutscenes/Story Events/Mines/ruins_seal/break_ruins_seal_pt_2/init	^I see that you have succeeded in gathering all the necessary materials!^	^Je vois que tu as réussi à rassembler tous les matériaux nécessaires !^	^Вижу, тебе удалось собрать необходимые материалы.^	^I see that you have succeeded in gathering all the necessary materials!^
Cutscenes/Story Events/Mines/ruins_seal/break_ruins_seal_pt_3/1	^I see that the $Void [Ari]$ now holds the necessary offerings.^	^Je vois que notre $[Ari] du néant$ tient désormais les offrandes nécessaires.^	^Как я вижу, все необходимые подношения у $<p>пустотных [Ari]</p><f>пустотной [Ari]</f><m>пустотного [Ari]</m><n>пустотной [Ari]</n>$.^	^I see that the $Void [Ari]$ now holds the necessary offerings.^
Cutscenes/Story Events/Mines/ruins_seal/break_ruins_seal_pt_3/10	^This last chapter of the journey... we shall see it through together.^	^Ce dernier chapitre du voyage... nous en viendrons à bout ensemble.^	^Близится последняя глава нашего пути... И мы пройдём его вместе.^	^This last chapter of the journey... we shall see it through together.^
Cutscenes/Story Events/Mines/ruins_seal/break_ruins_seal_pt_3/11	^I shall stand by you in Lord Caldarus' stead until the $Final Seal$ is broken.^	^Je me tiendrai à tes côtés, en lieu et place du seigneur Caldarus, jusqu'à ce que le $sceau final$ soit brisé.^	^Я буду сопровождать тебя вместо лорда Кальдаруса, пока не будет раскрыта $последняя печать$.^	^I shall stand by you in Lord Caldarus' stead until the $Final Seal$ is broken.^
Cutscenes/Story Events/Mines/ruins_seal/break_ruins_seal_pt_3/12	^Go forth now...^	^Avance, à présent...^	^Иди же.^	^Go forth now...^
Cutscenes/Story Events/Mines/ruins_seal/break_ruins_seal_pt_3/13	^We shall meet again in the ruins below.^	^Nous nous retrouvons dans les ruines, plus bas.^	^Мы встретимся снова в глубине руин.^	^We shall meet again in the ruins below.^
Cutscenes/Story Events/Mines/ruins_seal/break_ruins_seal_pt_3/14	^The time of the Dragon's full awakening draws near.^	^L'heure du réveil total du dragon approche.^	^Всё ближе час полного пробуждения дракона.^	^The time of the Dragon's full awakening draws near.^
Cutscenes/Story Events/Mines/ruins_seal/break_ruins_seal_pt_3/2	^Let us keep our distance while you direct it to break the seal.^	^Gardons nos distances pendant que tu lui ordonnes de briser le sceau.^	^Направь <p>их</p><f>её</f><m>его</m><n>его</n> к печати, а мы будем держаться на расстоянии.^	^Let us keep our distance while you direct it to break the seal.^
Cutscenes/Story Events/Mines/ruins_seal/break_ruins_seal_pt_3/3	^Go on, there is no reason to worry. You are safe.^	^Vas-y, tu n'as pas à t'inquiéter. Tu es en sécurité.^	^Давай же, нам не о чем беспокоиться. Ты в безопасности.^	^Go on, there is no reason to worry. You are safe.^
Cutscenes/Story Events/Mines/ruins_seal/break_ruins_seal_pt_3/4	^Ah... well done, $Void [Ari]$.^	^Ah... bravo, $[Ari] du néant$.^	^Ах... Отличная работа, $<p>пустотные [Ari]</p><f>пустотная [Ari]</f><m> пустотный [Ari]</m><n>пустотное [Ari]</n>$/^	^Ah... well done, $Void [Ari]$.^
Cutscenes/Story Events/Mines/ruins_seal/break_ruins_seal_pt_3/5	^Thank you for fulfilling your purpose.^	^Merci d'avoir rempli ton office.^	^Спасибо, ты <p>выполнили</p><f>выполнила</f><m>выполнил</m><n>выполнило</n> своё предназначение.^	^Thank you for fulfilling your purpose.^
Cutscenes/Story Events/Mines/ruins_seal/break_ruins_seal_pt_3/6	^And thank you, as well.^	^Et merci à toi aussi.^	^И спасибо тебе.^	^And thank you, as well.^
Cutscenes/Story Events/Mines/ruins_seal/break_ruins_seal_pt_3/7	^You have succeeded in breaking the $Ruins Seal$.^	^Tu as réussi à briser le $sceau des ruines$.^	^Тебе удалось раскрыть $печать руин$.^	^You have succeeded in breaking the $Ruins Seal$.^
Cutscenes/Story Events/Mines/ruins_seal/break_ruins_seal_pt_3/8	^Be sure to proceed with caution.^	^Avance prudemment.^	^Ступай внимательно.^	^Be sure to proceed with caution.^
Cutscenes/Story Events/Mines/ruins_seal/break_ruins_seal_pt_3/9	^And remember, we must not burden Lord Caldarus with news of these events.^	^Et rappelle-toi que nous ne devons pas encombrer le seigneur Caldarus en l'informant de ces événements.^	^И помни: нам нельзя тревожить лорда Кальдаруса известиями о произошедшем здесь.^	^And remember, we must not burden Lord Caldarus with news of these events.^
Cutscenes/Story Events/Mines/ruins_seal/break_ruins_seal_pt_3/init	^You have succeeded once again!^	^Tu as réussi, une fois encore !^	^И вновь ты <p>вернулись</p><f>вернулась</f><m>вернулся</m><n>вернулось</n> с успехом!^	^You have succeeded once again!^
Cutscenes/Story Events/Mines/ruins_seal/break_ruins_seal_pt_3_follow_up_caldarus/1	My apologies, I do not feel very well today.	Excuse-moi, je ne me sens pas très bien, aujourd'hui.	Прошу прощения, я сегодня не очень хорошо себя чувствую.	My apologies, I do not feel very well today.
Cutscenes/Story Events/Mines/ruins_seal/break_ruins_seal_pt_3_follow_up_caldarus/2	I am not sure what has come over me.	Je ne sais pas bien ce qui m'arrive.	Не знаю, что на меня нашло.	I am not sure what has come over me.
Cutscenes/Story Events/Mines/ruins_seal/break_ruins_seal_pt_3_follow_up_caldarus/3	Perhaps I just need to rest.	J'ai peut-être simplement besoin de me reposer.	Возможно, нужно просто отдохнуть.	Perhaps I just need to rest.
Cutscenes/Story Events/Mines/ruins_seal/break_ruins_seal_pt_3_follow_up_caldarus/init	[Ari]...	Oh, [Ari]...	[Ari]...	[Ari]...
Cutscenes/Story Events/Mines/sealing_scroll/delivering_the_sealing_scroll/1	It was a pleasure doing business with you.	Ce fut un plaisir de faire affaire avec toi.	С тобой приятно было иметь дело.	За мен беше удоволствие да правим бизнес.
Cutscenes/Story Events/Mines/sealing_scroll/delivering_the_sealing_scroll/2	I'm not sure what you're planning to do with it, but the seller repeatedly warned me that it isn't to be opened under any circumstances.	J'ignore ce que tu comptes en faire, mais celui qui me l'a vendu m'a prévenu à plusieurs reprises de ne l'ouvrir en aucun cas.	Не знаю, что ты собираешься с ним делать, но продавец несколько раз предостерегал меня, что свиток ни при каких условиях нельзя открывать.	Не знам какво смяташ да правиш с него, но продавачът неведнъж ме предупреди да не се отваря при никакви обстоятелства.
Cutscenes/Story Events/Mines/sealing_scroll/delivering_the_sealing_scroll/3	I'm not sure I believe all their talk of curses and magic, but...	Je ne crois pas à ces histoires de magie et de malédictions, mais...	Я не очень-то верю в рассказы про магию и проклятия, но...	Не знам дали вярвам на всичките приказки за проклятия и магия, но...
Cutscenes/Story Events/Mines/sealing_scroll/delivering_the_sealing_scroll/4	Better to keep yourself safe, [Ari].	Mieux vaut prévenir que guérir, [Ari].	Лучше побереги себя, [Ari].	По-добре се пази, [Ari].
Cutscenes/Story Events/Mines/sealing_scroll/delivering_the_sealing_scroll/init	Good morning, [Ari]. I wanted to hand you the $Sealing Scroll$ personally.	Bonjour, [Ari]. Je tenais à te remettre le $parchemin maudit$ en main propre.	Доброе утро, [Ari]. Я хотел отдать $свиток заточения$ тебе лично в руки.	Добро утро, [Ari]. Исках лично да ти предам $Свитъка за запечатване$.
Cutscenes/Story Events/Mines/sealing_scroll/procuring_the_sealing_scroll/1	They've gone to some lengths to keep their identity secret, and have asked that they be paid in untraceable ingots and gemstones.	Il s'est donné beaucoup de mal pour rester anonyme et a demandé à être payé en lingots et en gemmes non numérotés.	Он приложил немало усилий, чтобы скрыть свою личность, и запросил оплату в неотслеживаемых слитках и драгоценных камнях.	Продавачът полага големи усилия да пази самоличността си в тайна и иска плащане в непроследими кюлчета и скъпоценни камъни.
Cutscenes/Story Events/Mines/sealing_scroll/procuring_the_sealing_scroll/2	Are you sure you're up for this?	Tu es sûr<she>e</she><he></he><they>·e</they> de toi ?	Ты <p>уверены</p><f>уверена</f><m>уверен</m><n>уверено</n>, что тебе это нужно?	Смяташ ли, че ще се справиш с това?
Cutscenes/Story Events/Mines/sealing_scroll/procuring_the_sealing_scroll/2/prompts/0	Yes, thank you for hunting the scroll down!	Oui, merci de t'être lancé sur la piste de ce parchemin pour moi !	Да, спасибо, что разыскал этот свиток!	Да, благодаря, че откри свитъка!
Cutscenes/Story Events/Mines/sealing_scroll/procuring_the_sealing_scroll/2/prompts/1	Do you think you could do a little haggling for me?	Tu penses que tu pourrais faire baisser un peu le prix ?	Может, у тебя получится слегка сбить цену?	Мислиш ли, че можеш малко да се попазариш вместо мен?
Cutscenes/Story Events/Mines/sealing_scroll/procuring_the_sealing_scroll/3	You're very welcome, of course. It's been quite the challenge!	Oh, mais de rien. Ça s'est révélé être un sacré défi !	Всегда пожалуйста. Это было весьма непросто!	Винаги съм на разположение, разбира се. Беше си доста предизвикателство!
Cutscenes/Story Events/Mines/sealing_scroll/procuring_the_sealing_scroll/4	I'm flattered you think so highly of my skills, but I suspect if we try to haggle, the seller will simply disappear.	Je suis flatté que tu m'en penses capable, mais j'ai peur que si j'essaie de marchander, il ne disparaisse dans la nature.	Мне льстит, что ты так высоко оцениваешь мой профессионализм, но я подозреваю, что, если начнём торговаться, продавец просто исчезнет.	Поласкан съм, че мислиш толкова високо за уменията ми, но подозирам, че ако опитаме да се пазарим, продавачът просто ще изчезне.
Cutscenes/Story Events/Mines/sealing_scroll/procuring_the_sealing_scroll/5	You'll need $10 Silver Ingots$, $10 Rubies$, $10 Sapphires$, and $10 Emeralds$.	Il va me falloir $10 lingots d'argent$, $10 rubis$, $10 saphirs$ et $10 émeraudes$.	От тебя требуется $10 слитков серебра$, $10 рубинов$, $10 сапфиров$ и $10 изумрудов$.	Ще ти трябват $10 сребърни кюлчета$, $10 рубина$, $10 сапфира$ и $10 смарагда$.
Cutscenes/Story Events/Mines/sealing_scroll/procuring_the_sealing_scroll/6	I know. Let's just count our blessings that they didn't ask for more.	Je sais. Mais réjouissons-nous qu'il n'ait pas demandé plus encore.	Понимаю. Нам остаётся благодарить судьбу, что они не запросили ещё больше.	Знам. Нека просто се радваме, че не поиска повече.
Cutscenes/Story Events/Mines/sealing_scroll/procuring_the_sealing_scroll/7	I'll leave the $Payment Box$ by my wagon.	J'ai placé le $coffre de paiement$ à côté de mon chariot.	Я поставлю $ящик для оплаты$ возле своего фургона.	Ще оставя $Кутията за плащане$ до вагона си.
Cutscenes/Story Events/Mines/sealing_scroll/procuring_the_sealing_scroll/init	There you are! Good news, I've made contact with a seller.	Te voilà ! Bonne nouvelle, j'ai trouvé un vendeur.	Вот ты где! Хорошие новости: мне удалось выйти на продавца.	Ето те! Имам добри новини — свързах се с продавач.
Cutscenes/Story Events/Mines/sealing_scroll/procuring_the_sealing_scroll_finished/1	I'll make the exchange tonight and then $deliver the Sealing Scroll to you tomorrow$.	Je procéderai à l'échange ce soir et je $t'apporterai le parchemin maudit demain$.	Сегодня ночью я проведу обмен и $завтра передам тебе свиток заточения$.	Ще направя размяната тази вечер и $утре ще ти донеса Свитъка за запечатване$.
Cutscenes/Story Events/Mines/sealing_scroll/procuring_the_sealing_scroll_finished/init	Pure silver ingots and exceptional quality gemstones. I'm sure the seller will be very pleased.	Des lingots d'argent pur et des gemmes de grande qualité. Je suis certain que le vendeur sera très content.	Это слитки чистого серебра и драгоценности высочайшего качества. Уверен, продавец будет доволен.	Кюлчета от чисто сребро и скъпоценни камъни с изключително качество. Сигурен съм, че продавачът ще е много доволен.
Cutscenes/Story Events/Mines/stone_refinery/stone_refinery_pt_1/1	Hey, [Ari]!	Salut, [Ari] !	Привет, [Ari]!	Здравей, [Ari]!
Cutscenes/Story Events/Mines/stone_refinery/stone_refinery_pt_1/10	Credible sources say that the device crushes and converts $Stone$ into other useful materials, such as gems and $Refined Stone$!	Si j'en crois mes sources, cette machine broie de la $pierre$ et la transforme en matériaux plus utiles, comme des gemmes ou de la $pierre affinée$.	Надёжные источники сообщают, что эта машина дробит $камень$ и превращает его в другие полезные материалы, например, драгоценные камни и $плиточный камень$!	Надеждни източници твърдят, че устройството раздробява и преобразува $камък$ в други полезни материали, като скъпоценни камъни и $обработен камък$!
Cutscenes/Story Events/Mines/stone_refinery/stone_refinery_pt_1/11	It would be an enormous boon to have such a remarkable device here!	Disposer d'une telle machine ici, à Mistria, serait une véritable aubaine !	Такое замечательное устройство могло бы невероятно облегчить нам жизнь!	Ще е огромна придобивка да имаме такова забележително устройство тук!
Cutscenes/Story Events/Mines/stone_refinery/stone_refinery_pt_1/12	Now we just have to find a place for it!	Il ne nous reste plus qu'à trouver l'endroit où l'installer.	Осталось только найти для него место!	Сега просто трябва да намерим място за него!
Cutscenes/Story Events/Mines/stone_refinery/stone_refinery_pt_1/13	Ooooh, now I get why you wanted to talk to us!	Oooh, je comprends pourquoi tu nous as réunis ici.	Ооо, теперь понятно, зачем ты нас позвала.	Ооо, сега разбирам защо искаше да говориш с нас!
Cutscenes/Story Events/Mines/stone_refinery/stone_refinery_pt_1/14	Indeed, such a device will need its own bespoke workshop. Shall we all take a look inside the entryway to the Mines?	En effet, ce genre de machine doit avoir un atelier à elle. Si nous allions tous jeter un œil à l'entrée des mines ?	Действительно, для такой машины надо соорудить специальную мастерскую. Давайте пройдём ко входу в шахты.	Разбира се, на такова устройство ще му трябва специално работно помещение. Да огледаме ли входа на Мините?
Cutscenes/Story Events/Mines/stone_refinery/stone_refinery_pt_1/15	As Curator of the Museum, I would say that construction near this dragon statue would be inadvisable.	En tant que conservateur du musée, je déconseille d'installer la machine si près de cette statue de dragon.	Как куратор музея я не рекомедую производить строительные работы возле статуи дракона.	Като куратор на Музея бих казал, че строежът близо до тази драконова статуя не е добра идея.
Cutscenes/Story Events/Mines/stone_refinery/stone_refinery_pt_1/16	I think over here would work!	Je pense que ça irait, ici !	Я думаю, можно вот здесь!	Мисля, че ей тук ще стане!
Cutscenes/Story Events/Mines/stone_refinery/stone_refinery_pt_1/17	It's been a while since I've done any mining, this is going to feel so good!	Il y avait longtemps que je n'avais pas repris la pioche, ça me fait un bien fou !	Я так давно не работал в шахте — уже соскучился!	Отдавна не съм копал. Това ще е страхотно!
Cutscenes/Story Events/Mines/stone_refinery/stone_refinery_pt_1/18	I'm glad to have you on board, Olric.	Je suis contente de t'avoir avec nous, Olric.	Рада, что тебе не терпится взяться за работу, Ольрик.	Радвам се, че си с нас, Олрик.
Cutscenes/Story Events/Mines/stone_refinery/stone_refinery_pt_1/19	Now, I'm no expert on this kind of work, but I have some plans I was hoping to run by you all...	Bien, étant donné que je ne suis pas experte en la matière, je voulais vous soumettre mes plans...	Разумеется, я не специалист по таким работам, но я подготовила кое-какие планы. Давайте согласуем их с вами...	Не съм специалист по такава работа, но имам няколко плана, които се надявах да обсъдя с всички вас…
Cutscenes/Story Events/Mines/stone_refinery/stone_refinery_pt_1/2	Thank you all for coming!	Merci à tous d'être venus !	Спасибо всем, что пришли!	Благодаря на всички, че дойдохте!
Cutscenes/Story Events/Mines/stone_refinery/stone_refinery_pt_1/20	$200 pieces of Wood$, $400 Stone$, $20 Sap$ and $5000 tesserae$ should be enough to handle building out the room and shipping the $Stone Refinery$ to Mistria!	Je crois que $200 rondins de bois$, $400 pierres$, $20 mesures de résine$ et $5 000 tesserae$ devraient suffire à la construction de l'atelier et au transport de l'$affinerie$ à Mistria.	$200 единиц древесины$, $400 камня$, $20 смолы$ и $5000 тессер$ должно хватить, чтобы оборудовать помещение и перевезти $камнетёсную установку$ в Мистрию!	$200 броя дърво$, $400 камък$, $20 смола$ и $5000 тесери$ би трябвало да стигнат за изграждането на помещението и доставката на $пречиствателя за камъни$ до Мистрия!
Cutscenes/Story Events/Mines/stone_refinery/stone_refinery_pt_1/21	These blueprints look quite good to me. The addition of a $Storage Chest$ is a nice touch!	Ces plans me paraissent parfaits. L'ajout d'un $coffre de rangement$ est un plus non négligeable.	Чертежи выглядят весьма надёжно. Здорово, что предусмотрен $сундук для хранения$!	Тези чертежи ми изглеждат много добри. Добавянето на $сандък за съхранение$ е чудесен щрих!
Cutscenes/Story Events/Mines/stone_refinery/stone_refinery_pt_1/21/prompts/0	You can count on me to gather all the materials!	Je m'occupe de réunir tous les matériaux.	Сбор материалов можете предоставить мне!	Можеш да разчиташ на мен да събера всички материали!
Cutscenes/Story Events/Mines/stone_refinery/stone_refinery_pt_1/21/prompts/1	I can't wait to get refining!	J'ai hâte d'affiner de la pierre.	Уже хочу обрабатывать камни!	Нямам търпение да започна с пречистването!
Cutscenes/Story Events/Mines/stone_refinery/stone_refinery_pt_1/22	That's so cool of you, [Ari]!	C'est super sympa de ta part, [Ari] !	Крутое предложение, [Ari]!	Много яко от твоя страна, [Ari]!
Cutscenes/Story Events/Mines/stone_refinery/stone_refinery_pt_1/23	I was just thinking the same thing!	Je me disais la même chose !	Я как раз хотел сказать то же самое!	Тъкмо същото си мислех!
Cutscenes/Story Events/Mines/stone_refinery/stone_refinery_pt_1/24	Wonderful! I'll set out a $Donation Box$ outside the Mines.	Formidable ! Je vais installer la $boîte de dons$ à l'extérieur des mines.	Чудно! Я поставлю $ящик для пожертвований$ у входа в шахты.	Чудесно! Ще поставя $кутия за дарения$ пред Мините.
Cutscenes/Story Events/Mines/stone_refinery/stone_refinery_pt_1/3	I'm delighted to share that the King's Council has officially congratulated Mistria on our rising $Town Rank$.	Je suis ravie de vous annoncer que le Conseil royal a décerné ses félicitations à Mistria suite à notre progression au $classement des villes$.	С радостью сообщаю вам, что королевский совет официально поздравляет нас с повышением $ранга города$.	С радост споделям, че Кралският съвет официално поздрави Мистрия за повишаването на $Ранга на града$ ни.
Cutscenes/Story Events/Mines/stone_refinery/stone_refinery_pt_1/4	Mistria is quickly becoming one of the highest ranked regions in all of Aldaria!	Mistria est en passe de devenir l'une des régions les mieux classées d'Aldaria !	Мистрия быстро становится одним из самых высокоранговых регионов во всей Альдарии!	Мистрия бързо се превръща в един от най-високо оценените райони в цяла Алдария!
Cutscenes/Story Events/Mines/stone_refinery/stone_refinery_pt_1/5	What an honor, I couldn't be happier with the progress our little village has made!	Quel honneur ! Je suis si heureux de la façon dont notre modeste ville s'est relevée !	Какая честь! Я счастлив видеть, как растёт наша маленькая деревня.	Каква чест! Не бих могла да съм по-щастлива от напредъка на малкото ни село!
Cutscenes/Story Events/Mines/stone_refinery/stone_refinery_pt_1/6	In addition...	Et ce n'est pas tout...	А также...	Освен това…
Cutscenes/Story Events/Mines/stone_refinery/stone_refinery_pt_1/7	The King himself has offered us an opportunity to receive something called a $Stone Refinery$, delivered straight to Mistria from the Capital!	Le roi en personne a proposé de nous doter d'un truc appelé une $affinerie$. Elle partira directement de la capitale.	Король лично предоставил нам возможность получить так называемую $камнетёсную установку$ с доставкой прямо из столицы!	Самият крал ни предлага възможността да получим нещо, наречено $пречиствател за камъни$, доставено направо в Мистрия от Столицата!
Cutscenes/Story Events/Mines/stone_refinery/stone_refinery_pt_1/8	Whoa! Double whoa! Triple-	Waouh ! Double waouh ! Triple...	Ого! Дважды ого! Трижды...	Уау! Двойно уау! Тройно-
Cutscenes/Story Events/Mines/stone_refinery/stone_refinery_pt_1/9	Let me illuminate [Ari], Olric. There has been much talk in mining circles of the kingdom's new $Stone Refinery$ technology.	Laisse-moi expliquer à [Ari] ce que c'est, Olric. Dans la communauté des mineurs, il est beaucoup question d'une nouvelle technologie royale appelée l'$affinage$.	Давай [Ari] тоже послушает, Ольрик. Среди шахтёров широко обсуждается новая технология нашего королевства — $камнетёсная установка$.	Нека ти обясня, [Ari], Олрик. В миньорските среди се говори много за новата технология $пречиствател за камъни$ на кралството.
Cutscenes/Story Events/Mines/stone_refinery/stone_refinery_pt_1/init	[Ari]! I see Adeline has summoned you as well.	[Ari] ! Je vois qu'Adeline t'a également demandé de venir.	[Ari]! Вижу, Аделина и тебя позвала.	[Ari]! Виждам, че и Аделайн те е повикала.
Cutscenes/Story Events/Mines/stone_refinery/stone_refinery_pt_1_follow_up_eiland/1	"I inquired if they're working on a ""Dessert Refinery"" in the Capital as well, but no such luck..."	J'ai demandé si quelqu'un travaillait à une « affinerie à desserts », mais visiblement non...	Я осведомился, не разрабатывают ли в столице десертодельную установку, но, к сожалению, нет...	Попитах дали и в Столицата работят по „рафинерия за десерти“, но за жалост няма такъв късмет…
Cutscenes/Story Events/Mines/stone_refinery/stone_refinery_pt_1_follow_up_eiland/init	My sister told me about the $Stone Refinery$! Quite exciting!	Ma sœur m'a tout raconté au sujet de l'$affinerie$. Quelle bonne nouvelle !	Сестра рассказала мне про $камнетёсную установку$! Впечатляющий проект!	Сестра ми ми разказа за $пречиствателя за камъни$! Доста вълнуващо!
Cutscenes/Story Events/Mines/stone_refinery/stone_refinery_pt_1_follow_up_march_high_hearts/1	You're gathering materials for it, right? Here.	Tu récupères les matériaux pour la construction, je crois ? Tiens.	Ты же собираешь для неё материалы? Держи.	Събираш материалите, нали? Заповядай.
Cutscenes/Story Events/Mines/stone_refinery/stone_refinery_pt_1_follow_up_march_high_hearts/2	I- I just want to make my brother happy.	J-Je veux juste que mon frère soit heureux.	Я... Я просто хочу порадовать брата.	А-аз просто искам брат ми да е щастлив.
Cutscenes/Story Events/Mines/stone_refinery/stone_refinery_pt_1_follow_up_march_high_hearts/init	Olric won't stop talking my ear off about this $Stone Refinery$.	Olric me fatigue les oreilles avec son $affinerie$.	Ольрик мне все уши прожужжал насчёт этой $камнетёсной установки$.	Олрик не спира да ми надува главата за този $пречиствател за камъни$.
Cutscenes/Story Events/Mines/stone_refinery/stone_refinery_pt_1_follow_up_march_low_hearts/1	You're gathering materials for it, right? Here.	Tu récupères les matériaux pour la construction, je crois ? Tiens.	Ты же собираешь для неё материалы? Держи.	Събираш материалите, нали? Заповядай.
Cutscenes/Story Events/Mines/stone_refinery/stone_refinery_pt_1_follow_up_march_low_hearts/2	Don't get the wrong idea! I just want to make my brother happy.	Ne va pas t'imaginer des trucs ! Je veux juste que mon frère soit heureux.	Только не подумай там себе ничего! Я просто хочу порадовать брата.	Не си прави грешни изводи! Просто искам брат ми да е щастлив.
Cutscenes/Story Events/Mines/stone_refinery/stone_refinery_pt_1_follow_up_march_low_hearts/init	Olric won't stop talking my ear off about this $Stone Refinery$.	Olric me fatigue les oreilles avec son $affinerie$.	Ольрик мне все уши прожужжал насчёт этой $камнетёсной установки$.	Олрик не спира да ми надува главата за този $пречиствател за камъни$.
Cutscenes/Story Events/Mines/stone_refinery/stone_refinery_pt_2/1	A succinct assessment, Olric.	Rapide et précis, Olric.	Исчерпывающее описание, Ольрик.	Кратка и точна оценка, Олрик.
Cutscenes/Story Events/Mines/stone_refinery/stone_refinery_pt_2/10	Or a really weird rock...	À moins que ce soit une pierre vraiment bizarre...	Или очень странный камень...	Или много странен камък…
Cutscenes/Story Events/Mines/stone_refinery/stone_refinery_pt_2/11	My word!	Mes aïeux !	Ничего себе!	Боже мой!
Cutscenes/Story Events/Mines/stone_refinery/stone_refinery_pt_2/12	Although, considering the recently uncovered Dragon Statue, I suppose it isn't that unexpected.	Tout bien réfléchi, après la découverte récente de la statue de dragon, cela ne devrait pas plus nous surprendre.	Хотя, учитывая недавно обнаруженную статую дракона, этого можно было ожидать.	Макар че предвид наскоро откритата драконова статуя, предполагам, че не е чак толкова неочаквано.
Cutscenes/Story Events/Mines/stone_refinery/stone_refinery_pt_2/13	Lady Adeline, shall we let your brother know? I suspect he would be most interested.	Dame Adeline, ne devrions-nous pas en informer votre frère ? Je crois que cela l'intéressera beaucoup.	Леди Аделина, нам стоит сообщить вашему брату? Подозреваю, ему было бы интересно взглянуть.	Госпожице Аделайн, да уведомим ли брат ви? Подозирам, че много ще се заинтересува.
Cutscenes/Story Events/Mines/stone_refinery/stone_refinery_pt_2/14	Of course! Let's go!	Bien sûr ! En route.	Разумеется! Пойдём!	Разбира се! Да вървим!
Cutscenes/Story Events/Mines/stone_refinery/stone_refinery_pt_2/2	Rad!	Génial !	Круто!	Яко!
Cutscenes/Story Events/Mines/stone_refinery/stone_refinery_pt_2/3	I'll stand back, shall I?	Je vais plus loin, d'accord ?	Мне отойти, да?	Ще се дръпна назад, нали?
Cutscenes/Story Events/Mines/stone_refinery/stone_refinery_pt_2/3/prompts/0	Let's get started!	C'est parti !	Давайте приступим!	Да започваме!
Cutscenes/Story Events/Mines/stone_refinery/stone_refinery_pt_2/3/prompts/1	Dibs on any gold or gems!	J'ai la priorité sur l'or ou les pierres précieuses !	Золото и драгоценности чур мои!	Първият намерен злато или скъпоценни камъни са мои!
Cutscenes/Story Events/Mines/stone_refinery/stone_refinery_pt_2/4	Yeah! Lead the way, Errol!	On y va ! À toi l'honneur, Errol !	Ага! Начинай, Эррол!	Да! Води ни, Ерол!
Cutscenes/Story Events/Mines/stone_refinery/stone_refinery_pt_2/5	We can do that? Dibs on any cool rocks!	On a le droit ? Alors, moi, c'est sur les pierres qui ont une bonne tête.	А так можно? Тогда все крутые камни чур мои!	Можем ли да направим това? Първите интересни камъни са мои!
Cutscenes/Story Events/Mines/stone_refinery/stone_refinery_pt_2/6	Here we go!	Allons-y !	Поехали!	Ето, започваме!
Cutscenes/Story Events/Mines/stone_refinery/stone_refinery_pt_2/7	Ahh, what a joy it is to see the Mine's facilities expanded.	Ah, je suis si heureux de voir la mine se développer.	Ах, как же отрадно видеть, что шахты расширяются!	Ах, каква радост е да видя разширени съоръженията на Мините.
Cutscenes/Story Events/Mines/stone_refinery/stone_refinery_pt_2/8	How impressive is this $Stone Refinery$? Just think what we can accomplish with this!	Cette $affinerie$ est très impressionnante ! Imaginez un peu tout ce qu'on va pouvoir réaliser grâce à elle !	На что способна $камнетёсная установка$? Только подумайте, какие горизонты она нам открывает!	Колко впечатляващ е този $пречиствател за камъни$! Само си представи какво можем да постигнем с него!
Cutscenes/Story Events/Mines/stone_refinery/stone_refinery_pt_2/9	Hey, I think I found some kind of artifact!	Hé, je crois que j'ai trouvé une espèce d'artéfact !	Эй, кажется, я тут нашёл какой-то артефакт!	Хей, мисля, че намерих някакъв артефакт!
Cutscenes/Story Events/Mines/stone_refinery/stone_refinery_pt_2/init	Current structural integrity seems stable, as long as we brace the ceiling as we go, I think we're good.	L'intégrité structurelle est correcte. Il faudra juste étayer un peu le plafond et ce sera bon.	Конструктивная прочность на текущий момент стабильна. Если укрепим потолок, то, когда будем копать, думаю, всё будет в порядке.	Текущата здравина на конструкцията изглежда стабилна. Докато укрепваме тавана по пътя, мисля, че всичко ще е наред.
Cutscenes/Story Events/Mines/stone_refinery/stone_refinery_pt_2_follow_up_adeline/1	I guess some dreams do come true!	Mais, certains rêves se réalisent visiblement !	Видно, иногда мечты сбываются!	Явно някои мечти наистина се сбъдват!
Cutscenes/Story Events/Mines/stone_refinery/stone_refinery_pt_2_follow_up_adeline/init	Only in my wildest dreams did I ever imagine we'd be lucky enough to get something like a $Stone Refinery$ shipped to Mistria.	Même dans mes rêves les plus fous, je n'aurais jamais imaginé que nous puissions obtenir une $affinerie$ à Mistria.	Я могла лишь мечтать, что нам в Мистрии посчастливится добыть такое чудо техники, как $камнетёсная установка$.	Само в най-смелите си мечти съм си представяла, че ще имаме късмета да получим нещо като $пречиствател за камъни$ в Мистрия.
Cutscenes/Story Events/Mines/stone_refinery/stone_refinery_pt_2_follow_up_eiland/1	I'm hoping to do more research and discover what it was used for!	Je vais poursuivre mes recherches et tenter de découvrir à quoi il pouvait servir.	Надеюсь, я смогу исследовать её подробнее и выяснить её назначение!	Надявам се да проуча още и да разбера за какво е била използвана!
Cutscenes/Story Events/Mines/stone_refinery/stone_refinery_pt_2_follow_up_eiland/init	That Chalice you discovered in the Mine's entrance... I've never seen anything quite like it.	Ce calice que tu as trouvé à l'entrée des mines... Je n'avais jamais rien vu de tel jusqu'à présent.	Эта чаша, которую вы обнаружили у входа в шахты... не похожа ни на что, что я видел.	Онази чаша, която откри на входа на Мините… Никога не съм виждал нещо подобно.
Cutscenes/Story Events/Mines/stone_refinery/stone_refinery_pt_2_follow_up_ryis/1	Or is that just me...?	Ou c'est juste moi ?	Или только мне так кажется?..	Или само на мен ми се струва така…?
Cutscenes/Story Events/Mines/stone_refinery/stone_refinery_pt_2_follow_up_ryis/init	That $Refined Stone$ that the $Stone Refinery$ can make is pretty interesting, don't you think?	Cette $pierre affinée$ produite par l'$affinerie$ est très intéressante, pas vrai ?	$Плиточный камень$, который получается на $камнетёсной установке$, выглядит довольно интересно, правда?	Този $обработен камък$, който $пречиствателят за камъни$ може да прави, е доста интересен, не мислиш ли?
Cutscenes/Story Events/Mines/stone_refinery/stone_refinery_pt_2_turn_in/1	How exciting!	Fabuleux !	Как славно!	Колко вълнуващо!
Cutscenes/Story Events/Mines/stone_refinery/stone_refinery_pt_2_turn_in/2	Haha, you've done nothing but surprise me since you first arrived here, [Ari]!	Ha ha, tu n'as fait que me surprendre depuis ton arrivée ici, [Ari] !	Ха-ха, ты и так с самого приезда один большой сюрприз, [Ari]!	Ха-ха, откакто пристигна тук, не спираш да ме изненадваш, [Ari]!
Cutscenes/Story Events/Mines/stone_refinery/stone_refinery_pt_2_turn_in/3	Let's gather the others!	Appelons les autres !	Пойдём соберём остальных!	Да съберем останалите!
Cutscenes/Story Events/Mines/stone_refinery/stone_refinery_pt_2_turn_in/init	I know that look on your face! Let me guess, it's time to get the $Stone Refinery$ workshop built?	Je connais ce regard ! Laisse-moi deviner. Tout est prêt pour la construction de l'atelier destiné à l'$affinerie$, c'est ça ?	По лицу вижу, зачем ты <p>пришли</p><f>пришла</f><m>пришёл</m><n>пришло</n>! Дай угадаю: пора строить $камнетёсную установку$?	Познавам този поглед! Да позная, време е да построим работилницата за $пречиствателя за камъни$?
Cutscenes/Story Events/Mines/stone_refinery/stone_refinery_pt_2_turn_in/init/prompts/0	It is!	C'est ça !	Ага!	Точно така!
Cutscenes/Story Events/Mines/stone_refinery/stone_refinery_pt_2_turn_in/init/prompts/1	Aww, I wanted to surprise you!	Oh, j'espérais te faire la surprise...	Эх, я <p>думали</p><f>думала</f><m>думал</m><n>думало</n>, будет сюрприз!	Ауу, исках да те изненадам!
Cutscenes/Story Events/Mines/translating_the_earth_tablet/translating_the_earth_tablet/1	...	...	...	…
Cutscenes/Story Events/Mines/translating_the_earth_tablet/translating_the_earth_tablet/10	It's always SUCH a delight when you open your mouth.	C'est toujours un TEL bonheur quand tu ouvres la bouche pour parler.	Я ТАК люблю, когда ты открываешь рот.	Винаги е ТОЛКОВА приятно, когато отвориш уста.
Cutscenes/Story Events/Mines/translating_the_earth_tablet/translating_the_earth_tablet/11	I'm sure you've seen Celine with her head buried in that tome, the Codex Mistria.	J'imagine que tu as déjà vu Céline le nez dans ce grimoire, le Codex Mistria.	Уверена, ты <p>замечали</p><f>замечала</f><m>замечал</m><n>замечало</n>, как Селин с головой погружается в ту книгу, «Кодекс Мистрии».	Сигурна съм, че си виждал Селин с глава, заровена в онзи том, Кодексът на Мистрия.
Cutscenes/Story Events/Mines/translating_the_earth_tablet/translating_the_earth_tablet/12	From what I've heard, esoteric hardly begins to describe the contents. It may be just what we need!	Si j'en crois ce qu'on dit, son contenu est pour le moins ésotérique. C'est peut-être précisément ce qu'il nous faut !	Насколько я слышала про её содержание, эзотерика — это слабо сказано. Возможно, это как раз то, что нам нужно!	Доколкото съм чувала, „езотеричен“ едва ли описва съдържанието му. Може да е точно това, което ни трябва!
Cutscenes/Story Events/Mines/translating_the_earth_tablet/translating_the_earth_tablet/13	[Ari] and Juniper? This is a surprise!	[Ari] et Juniper ?! Pour une surprise...	[Ari] и Джунипер? Вот это сюрприз!	[Ari] и Джунипър? Каква изненада!
Cutscenes/Story Events/Mines/translating_the_earth_tablet/translating_the_earth_tablet/14	Celine, we come to you with a mission of utmost importance.	Céline, nous venons te voir pour une mission de la plus haute importance.	Селин, у нас к тебе миссия чрезвычайной важности.	Селин, идваме при теб с мисия от изключителна важност.
Cutscenes/Story Events/Mines/translating_the_earth_tablet/translating_the_earth_tablet/15	Ooh, sounds fun. I'll put on some tea.	Oh, vous m'intéressez. Je vais faire du thé.	О, звучит весело. Пойду поставлю чай.	О, звучи забавно. Ще сложа чайника.
Cutscenes/Story Events/Mines/translating_the_earth_tablet/translating_the_earth_tablet/16	And I just picked up a packet of those cookies you like, Juniper.	Et je viens d'acheter un paquet de ces biscuits que tu aimes tant, Juniper.	И я как раз взяла пачку печенья, которое тебе так нравится, Джунипер.	А тъкмо купих пакет от онези бисквити, които харесваш, Джунипър.
Cutscenes/Story Events/Mines/translating_the_earth_tablet/translating_the_earth_tablet/17	How lovely!	C'est très gentil !	Как мило!	Колко мило!
Cutscenes/Story Events/Mines/translating_the_earth_tablet/translating_the_earth_tablet/18	Er- I mean... I suppose this will give us time to fill you in on all the details...	Enfin... Ça nous laissera le temps de tout t'expliquer en détail.	Эм, то есть... Хорошо, так у нас будет время ввести тебя в курс дела...	Ъъ… Искам да кажа… Това ще ни даде време да те запознаем с всички подробности…
Cutscenes/Story Events/Mines/translating_the_earth_tablet/translating_the_earth_tablet/19	What an incredible sounding place! I'd love to see what grows in the Tide Caverns.	Cet endroit a l'air absolument fascinant ! J'aimerais beaucoup voir la flore de ces Mines marines.	Звучит как невероятно интересное место! Я бы так хотела посмотреть, что растёт в Приливных пещерах.	Какво невероятно място! Ще ми е интересно да видя какво расте в Приливните пещери.
Cutscenes/Story Events/Mines/translating_the_earth_tablet/translating_the_earth_tablet/19/prompts/0	Sure, let's go!	Entendu ! Allons-y !	Хорошо, пойдём!	Разбира се, да вървим!
Cutscenes/Story Events/Mines/translating_the_earth_tablet/translating_the_earth_tablet/19/prompts/1	It's really incredibly dangerous down there...	C'est un endroit vraiment très dangereux...	Там на самом деле невероятно опасно...	Там долу е наистина много опасно…
Cutscenes/Story Events/Mines/translating_the_earth_tablet/translating_the_earth_tablet/2	...	...	...	…
Cutscenes/Story Events/Mines/translating_the_earth_tablet/translating_the_earth_tablet/2/prompts/0	Offer your thoughts.	Lui proposer votre aide	Высказать свои предположения.	Кажи какво мислиш.
Cutscenes/Story Events/Mines/translating_the_earth_tablet/translating_the_earth_tablet/2/prompts/1	Try not to breathe loudly.	Essayer de ne pas respirer trop bruyamment	Постараться дышать потише.	Опитай се да не дишаш шумно.
Cutscenes/Story Events/Mines/translating_the_earth_tablet/translating_the_earth_tablet/20	Please focus, you two.	Bien, on se concentre.	Ну-ка соберитесь, вы двое.	Моля ви, съсредоточете се и двамата.
Cutscenes/Story Events/Mines/translating_the_earth_tablet/translating_the_earth_tablet/21	I think I'll stick with viewing the samples in the Museum.	Dans ce cas, je me contenterai plutôt d'étudier les échantillons au musée.	Думаю, я лучше посмотрю на образцы в музее.	Мисля, че ще се придържам към разглеждането на образците в Музея.
Cutscenes/Story Events/Mines/translating_the_earth_tablet/translating_the_earth_tablet/22	Let's see what the Codex has to say...	Voir ce que le Codex en dit...	Давайте посмотрим, что про это есть в «Кодексе»...	Да видим какво казва Кодексът…
Cutscenes/Story Events/Mines/translating_the_earth_tablet/translating_the_earth_tablet/23	An elementally charged, underground environment... That certainly narrows down our search.	Un endroit sous terre qui rayonne du pouvoir élémentaire de l'eau... Cela devrait limiter les recherches.	Подземная среда, насыщенная стихией... Это определённо сужает нашу область поиска.	Подземна среда, наситена със стихийна магия… Това със сигурност стеснява търсенето.
Cutscenes/Story Events/Mines/translating_the_earth_tablet/translating_the_earth_tablet/24	Is there anything else that could aid us, Juniper?	Tu as d'autres informations qui nous seraient utiles, Juniper ?	Есть ещё какие-то полезные сведения, Джунипер?	Има ли нещо друго, което би ни помогнало, Джунипър?
Cutscenes/Story Events/Mines/translating_the_earth_tablet/translating_the_earth_tablet/25	Witchspeak is a highly contextual language, so there's a good chance the correct plant will help me translate the rest of the text.	Le contexte joue beaucoup dans la langue des sorcières. Il y a de grandes chances que la bonne plante m'aide à comprendre le reste du texte.	Ведьмолект — очень контекстуальный язык, так что весьма вероятно, что подходящее растение поможет мне перевести остаток текста.	Вещерският език зависи много от контекста, така че правилното растение вероятно ще ми помогне да преведа останалата част от текста.
Cutscenes/Story Events/Mines/translating_the_earth_tablet/translating_the_earth_tablet/26	That's useful!	Ça devrait nous être utile !	Да, это полезно!	Това е полезно!
Cutscenes/Story Events/Mines/translating_the_earth_tablet/translating_the_earth_tablet/27	I think our best bet is probably $Jade Dulse$.	Je crois que notre meilleure option est la $dulse de jade$.	Думаю, самой вероятный кандидат — это $нефритовые водоросли$.	Мисля, че най-добрият ни избор вероятно е $нефритно водорасло$.
Cutscenes/Story Events/Mines/translating_the_earth_tablet/translating_the_earth_tablet/28	Let's give it a try...	Essayons...	Давай попробуем...	Да опитаме…
Cutscenes/Story Events/Mines/translating_the_earth_tablet/translating_the_earth_tablet/29	Find the $fish whose arrow flies true$;	Trouvez le $poisson qui ne rate jamais sa cible$...	Найди $рыбу с разящей стрелой$;	Намери $рибата, чиято стрела лети право$;
Cutscenes/Story Events/Mines/translating_the_earth_tablet/translating_the_earth_tablet/3	Hush!	Chut !	Тсс!	Тихо!
Cutscenes/Story Events/Mines/translating_the_earth_tablet/translating_the_earth_tablet/30	A $jewel the color of the blue sea$;	Une $pierre d'un bleu aussi profond que la mer$...	И $камень цвета морской синевы$;	Едно $бижу с цвета на синьото море$;
Cutscenes/Story Events/Mines/translating_the_earth_tablet/translating_the_earth_tablet/31	Gather up $dulse of jade$;	Procurez-vous une $dulse de jade$...	Собери $водоросли цвета нефрита$;	Събери $нефритно водорасло$;
Cutscenes/Story Events/Mines/translating_the_earth_tablet/translating_the_earth_tablet/32	Find the $hunter in the coral$.	Trouvez la $prédatrice du corail$.	Найди $охотника в кораллах$.	Намери $ловеца в коралите$.
Cutscenes/Story Events/Mines/translating_the_earth_tablet/translating_the_earth_tablet/33	This is certainly it!	C'est sûrement ça !	Это точно подходит!	Това определено е!
Cutscenes/Story Events/Mines/translating_the_earth_tablet/translating_the_earth_tablet/34	How exciting!	Comme c'est excitant !	Вот это да!	Колко вълнуващо!
Cutscenes/Story Events/Mines/translating_the_earth_tablet/translating_the_earth_tablet/35	Sounds like there's still some puzzle solving to do huh, [Ari].	Visiblement, tu as encore quelques énigmes à résoudre, [Ari].	Кажется, загадки на этом не закончились, да, [Ari]?	Изглежда все още има загадка за разгадаване, нали, [Ari]?
Cutscenes/Story Events/Mines/translating_the_earth_tablet/translating_the_earth_tablet/35/prompts/0	I'll have it solved in no time!	Je vais percer ce mystère en un rien de temps.	Я всё мигом разгадаю!	Ще я реша за нула време!
Cutscenes/Story Events/Mines/translating_the_earth_tablet/translating_the_earth_tablet/35/prompts/1	But what if the Museum needs those things too?	Mais si le musée veut aussi exposer ces trouvailles ?	А вдруг музею тоже нужны все эти штуки?	Но ако и на Музея му трябват тези неща?
Cutscenes/Story Events/Mines/translating_the_earth_tablet/translating_the_earth_tablet/36	Well, I suppose you have succeeded once already.	Eh bien, tu as déjà réussi une première fois.	Что ж, один раз у тебя уже получилось.	Е, предполагам, че вече веднъж успя.
Cutscenes/Story Events/Mines/translating_the_earth_tablet/translating_the_earth_tablet/37	I trust you'll make the obvious and correct choice.	J'ose espérer que tu feras le bon choix.	Я верю, что ты сможешь сделать очевидно правильный выбор.	Сигурна съм, че ще направиш очевидния и правилен избор.
Cutscenes/Story Events/Mines/translating_the_earth_tablet/translating_the_earth_tablet/38	Your assistance has been invaluable, Celine. Thank you.	Tu nous as été d'une grande aide, Céline. Merci beaucoup.	Спасибо тебе за бесценную помощь, Селин.	Помощта ти беше безценна, Селин. Благодаря ти.
Cutscenes/Story Events/Mines/translating_the_earth_tablet/translating_the_earth_tablet/39	Anytime!	Tout le plaisir est pour moi !	Обращайся!	Винаги!
Cutscenes/Story Events/Mines/translating_the_earth_tablet/translating_the_earth_tablet/4	...	...	...	…
Cutscenes/Story Events/Mines/translating_the_earth_tablet/translating_the_earth_tablet/40	Let us know if you need any further assistance, [Ari]. I look forward to hearing what you discover next.	N'hésite pas à venir nous voir si tu as encore besoin d'aide, [Ari]. J'ai hâte de voir tes prochaines découvertes.	Скажи, если тебе понадобится помощь в дальнейшем, [Ari]. Я уже жду, что ты откроешь дальше.	Кажи ни, ако ти трябва още помощ, [Ari]. Нямам търпение да чуя какво ще откриеш после.
Cutscenes/Story Events/Mines/translating_the_earth_tablet/translating_the_earth_tablet/41	And feel free to come over anytime, you two! This was fun!	Et repassez quand vous voulez ! Je me suis bien amusée !	И заходите в гости, когда захотите! С вами было весело!	И елате по всяко време, и двамата! Беше забавно!
Cutscenes/Story Events/Mines/translating_the_earth_tablet/translating_the_earth_tablet/5	Well!	Bon !	Что ж!	Е, добре!
Cutscenes/Story Events/Mines/translating_the_earth_tablet/translating_the_earth_tablet/6	There are some extremely unusual terms here that I haven't encountered before. I can't be sure of the translation.	Il y a des termes assez rares que je n'avais encore jamais rencontrés. Je ne suis pas entièrement sûre de ma traduction.	Здесь встречаются необыкновенно странные слова, которых я раньше не встречала. Поэтому я не могу быть точно уверена в переводе.	Тук има изключително необичайни термини, които не съм срещала. Не мога да съм сигурна в превода.
Cutscenes/Story Events/Mines/translating_the_earth_tablet/translating_the_earth_tablet/7	You said that the caverns below the Mines are elementally charged with water?	Tu as dit que les grottes situées sous les mines rayonnaient du pouvoir élémentaire de l'eau ?	Ты <p>говорили</p><f>говорила</f><m>говорил</m><n>говорило</n>, что пещеры под шахтами насыщены стихией воды?	Каза, че пещерите под Мините са наситени с водна магия?
Cutscenes/Story Events/Mines/translating_the_earth_tablet/translating_the_earth_tablet/8	We're going to need the assistance of someone who specializes in very exotic flora.	Nous allons avoir besoin d'une personne spécialisée dans la flore exotique.	Нам нужна помощь кого-то, кто разбирается в самой экзотической флоре.	Ще ни трябва помощта на някой, който се специализира в много екзотична флора.
Cutscenes/Story Events/Mines/translating_the_earth_tablet/translating_the_earth_tablet/8/prompts/0	Celine loves plants!	Céline adore les plantes !	Селин обожает растения!	Селин обича растенията!
Cutscenes/Story Events/Mines/translating_the_earth_tablet/translating_the_earth_tablet/8/prompts/1	Dozy! But what can we bribe him with?	Dozy ! Mais il faudrait le soudoyer avec quelque chose.	Дрёма! Но как нам его подкупить?	Доузи! Но с какво да го подкупим?
Cutscenes/Story Events/Mines/translating_the_earth_tablet/translating_the_earth_tablet/9	I'm glad to see you've been paying attention!	Je suis heureuse de voir que tu m'as écoutée !	Рада, что ты так <p>наблюдательны</p><f>наблюдательна</f><m>наблюдателен</m><n>наблюдательно</n>!	Радвам се, че си внимавал.
Cutscenes/Story Events/Mines/translating_the_earth_tablet/translating_the_earth_tablet/init	I should only need a moment to translate this.	Je devrais pouvoir traduire ça assez rapidement.	Я смогу перевести этот текст за минутку.	Трябва ми само миг, за да преведа това.
Cutscenes/Story Events/Mines/translating_the_earth_tablet/translating_the_earth_tablet_follow_up_celine/1	I wonder what other secrets it's hiding...	Je me demande quels autres secrets il renferme.	Интересно, какие тайны он ещё хранит...	Чудя се какви други тайни крие…
Cutscenes/Story Events/Mines/translating_the_earth_tablet/translating_the_earth_tablet_follow_up_celine/init	I never would have thought that the Codex Mistria could be used to help solve an ancient riddle!	Jamais je n'aurais imaginé que le Codex Mistria puisse servir à résoudre de vieilles énigmes !	Никогда бы не подумала, что «Кодекс Мистрии» может помочь разгадать древнюю загадку!	Никога не бих си помислила, че Кодексът на Мистрия може да помогне за решаването на древна загадка!
Cutscenes/Story Events/Mines/translating_the_earth_tablet/translating_the_earth_tablet_follow_up_eiland/1	To think she was stumped and had to ask for help!	Quand je pense qu'elle a fait chou blanc et qu'elle a dû se résoudre à demander de l'aide !	Подумать только, даже она зашла в тупик и просила о помощи!	Да си представиш, че се е затруднила и е трябвало да поиска помощ!
Cutscenes/Story Events/Mines/translating_the_earth_tablet/translating_the_earth_tablet_follow_up_eiland/init	Juniper showed me the rubbing of the second tablet! What an amazing find.	Juniper m'a montré le calque de la deuxième tablette. Quelle découverte incroyable !	Джунипер показала мне резьбу на второй скрижали! Потрясающая находка.	Джунипър ми показа претривката от втората плоча! Каква невероятна находка.
Cutscenes/Story Events/Mines/translating_the_earth_tablet/translating_the_earth_tablet_follow_up_juniper/1	Of course, without me, you never would have solved it.	Mais quoi qu'il en soit, tu n'y serais pas arrivé<she>e</she><he></he><they>·e</they> sans moi.	Разумеется, без меня ты бы не <p>расшифровали</p><f>расшифровала</f><m>расшифровал</m><n>расшифровало</n> её никогда!	Разбира се, без мен никога нямаше да я решиш.
Cutscenes/Story Events/Mines/translating_the_earth_tablet/translating_the_earth_tablet_follow_up_juniper/2	Oh ho ho ho!	Oh ho ho ho !	О-хо-хо-хо!	Охо-хо-хо!
Cutscenes/Story Events/Mines/translating_the_earth_tablet/translating_the_earth_tablet_follow_up_juniper/init	I'll admit that the difficulty of that tablet's translation was humbling.	Je reconnais que le mal que j'ai eu à traduire cette tablette m'a donné une bonne leçon d'humilité.	Признаю, перевод этой скрижали оказался неожидано трудным.	Признавам, че трудността при превода на тази плоча ме смири.
Cutscenes/Story Events/Mines/translating_the_earth_tablet/translating_the_earth_tablet_turn_in/1	Come with me, the last thing we need are gawkers.	Suis-moi. Ce n'est pas le moment qu'on nous entende.	Пойдём со мной, зеваки нам не нужны.	Ела с мен, последното, от което имаме нужда, са зяпачи.
Cutscenes/Story Events/Mines/translating_the_earth_tablet/translating_the_earth_tablet_turn_in/init	You found another tablet, even deeper underground?	Tu as trouvé une nouvelle tablette, plus bas dans les mines ?	Ты <p>нашли</p><f>нашла</f><m>нашёл</m><n>нашло</n> ещё одну скрижаль, ещё глубже под землёй?	Намери още една плоча, още по-дълбоко под земята?
Cutscenes/Story Events/Mines/translating_the_fire_tablet/translating_the_fire_tablet/1	You're going to need a $Faceted Rock Gem$, a $Rockroot$, and an $Emerald$.	Tu auras besoin d'une $pierre de roche ciselée$, d'une $racine de roche$ et d'une $émeraude$.	Тебе понадобится $гранёный камень$, $камнекорень$ и $изумруд$.	You're going to need a $Faceted Rock Gem$, a $Rockroot$, and an $Emerald$.
Cutscenes/Story Events/Mines/translating_the_fire_tablet/translating_the_fire_tablet/10	I've heard rumors that they still circulate among Aldaria's nobility, but we'll need to be... discreet.	La rumeur veut qu'il en reste quelques exemplaires entre les mains de la noblesse d'Aldaria, mais il faut faire preuve de discrétion.	По слухам, они встречаются в кругах альдарийской знати, но добыть его надо... без шума.	I've heard rumors that they still circulate among Aldaria's nobility, but we'll need to be... discreet.
Cutscenes/Story Events/Mines/translating_the_fire_tablet/translating_the_fire_tablet/11	They're not exactly illegal, but the fewer people who know we're looking for one, the better.	Cela n'a rien d'illégal, mais mieux vaut ne pas ébruiter le fait que nous en cherchons un.	Не то чтобы это было нелегально, но чем меньше людей знает, что мы его ищем, тем лучше.	They're not exactly illegal, but the fewer people who know we're looking for one, the better.
Cutscenes/Story Events/Mines/translating_the_fire_tablet/translating_the_fire_tablet/11/prompts/0	Balor can help, let's ask him.	Demandons à Balor, il pourra nous aider.	Давай попросим Балора, он может помочь.	Balor can help, let's ask him.
Cutscenes/Story Events/Mines/translating_the_fire_tablet/translating_the_fire_tablet/11/prompts/1	Eiland might have some noble connections we can use!	Eiland connaît sûrement des membres de l'aristocratie qui pourraient nous aider.	У Эйланда могут быть полезные связи среди дворян!	Eiland might have some noble connections we can use!
Cutscenes/Story Events/Mines/translating_the_fire_tablet/translating_the_fire_tablet/12	I can see we're on the same wavelength.	Je vois que nous sommes sur la même longueur d'onde.	Я вижу, мы с тобой на одной волне.	I can see we're on the same wavelength.
Cutscenes/Story Events/Mines/translating_the_fire_tablet/translating_the_fire_tablet/13	I'm afraid our young nobleman possesses an unusually honest demeanor. I think it's best that we don't get him entangled in this.	Je crains que notre jeune ami ne soit par trop honnête. Nous ferions mieux de le laisser en dehors de ça.	Боюсь, у нашего юного дворянина слишком честный характер. Думаю, лучше не впутывать его в это дело.	I'm afraid our young nobleman possesses an unusually honest demeanor. I think it's best that we don't get him entangled in this.
Cutscenes/Story Events/Mines/translating_the_fire_tablet/translating_the_fire_tablet/14	Balor always seems to have just what his customers need, and he's too smart to ask more questions than necessary. Come.	Balor arrive toujours à obtenir ce que cherchent ses clients, et il est assez malin pour ne poser que les questions nécessaires. Viens.	У Балора каким-то образом всегда находится то, что нужно заказчику. И он достаточно умён, чтобы не задавать лишних вопросов. Пойдём.	Balor always seems to have just what his customers need, and he's too smart to ask more questions than necessary. Come.
Cutscenes/Story Events/Mines/translating_the_fire_tablet/translating_the_fire_tablet/15	Hmm, I was sure I locked that door.	Mmm, j'étais pourtant sûr d'avoir fermé cette porte à clé.	Хмм, я уверен, что запирал дверь.	Hmm, I was sure I locked that door.
Cutscenes/Story Events/Mines/translating_the_fire_tablet/translating_the_fire_tablet/16	You did.	Tout à fait.	Это правда.	You did.
Cutscenes/Story Events/Mines/translating_the_fire_tablet/translating_the_fire_tablet/17	I'd apologize, but we needed to catch you away from prying eyes.	Je m'excuse, mais nous devions te rencontrer en privé.	Прошу прощения, нам необходимо поговорить с тобой... вдали от чужих глаз.	I'd apologize, but we needed to catch you away from prying eyes.
Cutscenes/Story Events/Mines/translating_the_fire_tablet/translating_the_fire_tablet/18	Ah. Here to place a... special order?	Ah. Vous avez... une commande spéciale ?	А. Вас интересует... особый заказ?	Ah. Here to place a... special order?
Cutscenes/Story Events/Mines/translating_the_fire_tablet/translating_the_fire_tablet/19	Precisely. We're in the market for a $Sealing Scroll$.	En effet. Nous aimerions nous procurer un $parchemin maudit$.	Именно. Мы разыскиваем $свиток заточения$.	Precisely. We're in the market for a $Sealing Scroll$.
Cutscenes/Story Events/Mines/translating_the_fire_tablet/translating_the_fire_tablet/2	Oh ho ho!	Ho ho ho !	О-хо-хо!	Oh ho ho!
Cutscenes/Story Events/Mines/translating_the_fire_tablet/translating_the_fire_tablet/20	I see.	Je vois.	Понимаю.	I see.
Cutscenes/Story Events/Mines/translating_the_fire_tablet/translating_the_fire_tablet/21	I'll need a few days to track down a seller. I should warn you, it isn't going to come cheap.	Il me faudra quelques jours pour trouver un vendeur. Mais sachez tout de même que ça ne sera pas donné.	На поиски продавца у меня уйдёт несколько дней. И предупреждаю: это обойдётся недёшево.	I'll need a few days to track down a seller. I should warn you, it isn't going to come cheap.
Cutscenes/Story Events/Mines/translating_the_fire_tablet/translating_the_fire_tablet/22	That won't be a problem, right [Ari]?	[Ari], le prix ne sera pas un problème, hein ?	Это же не проблема, да, [Ari]?	That won't be a problem, right [Ari]?
Cutscenes/Story Events/Mines/translating_the_fire_tablet/translating_the_fire_tablet/23	Then I think we have an agreement. I'll notify you when I have a lead, [Ari].	Dans ce cas, marché conclu. Je te ferai signe quand j'aurai une piste, [Ari].	Тогда, думаю, договорились. Я сообщу тебе, когда появится зацепка, [Ari].	Then I think we have an agreement. I'll notify you when I have a lead, [Ari].
Cutscenes/Story Events/Mines/translating_the_fire_tablet/translating_the_fire_tablet/24	Wonderful!	Fantastique !	Чудно!	Wonderful!
Cutscenes/Story Events/Mines/translating_the_fire_tablet/translating_the_fire_tablet/3	There's the usual flowery language as well, but who needs to hear that again, am I right?	Comme d'habitude, il y a toutes ces tournures ampoulées, mais inutile de repasser dessus, non ?	Ещё тут всякие витиеватые фразочки, но мы же не хотим снова их слушать, правда?	There's the usual flowery language as well, but who needs to hear that again, am I right?
Cutscenes/Story Events/Mines/translating_the_fire_tablet/translating_the_fire_tablet/3/prompts/0	Wow, Juniper!	Waouh, Juniper !	Ну ты даёшь, Джунипер!	Wow, Juniper!
Cutscenes/Story Events/Mines/translating_the_fire_tablet/translating_the_fire_tablet/3/prompts/1	Aren't there usually four items?	Il n'y a pas quatre objets, d'habitude ?	Разве обычно не четыре предмета?	Aren't there usually four items?
Cutscenes/Story Events/Mines/translating_the_fire_tablet/translating_the_fire_tablet/4	Oh, a translation like this is no big deal for someone of my talents. However...	Oh, pour quelqu'un d'aussi doué que moi, ce genre de traduction n'a rien d'insurmontable.	Такой перевод не представляет трудности для таланта моего уровня. Вот только...	Oh, a translation like this is no big deal for someone of my talents. However...
Cutscenes/Story Events/Mines/translating_the_fire_tablet/translating_the_fire_tablet/5	O-Of course! I was just getting to it.	B-Bien sûr, j'y venais...	Р-разумеется! Я как раз к этому подвожу.	O-Of course! I was just getting to it.
Cutscenes/Story Events/Mines/translating_the_fire_tablet/translating_the_fire_tablet/6	The fourth item is... unusual. Even in a list as odd as this one.	Le quatrième objet est... peu commun. Même comparé aux objets d'une telle liste.	Четвёртый предмет весьма... странный. Даже для такого набора.	The fourth item is... unusual. Even in a list as odd as this one.
Cutscenes/Story Events/Mines/translating_the_fire_tablet/translating_the_fire_tablet/7	Have you ever heard of a $Sealing Scroll$?	Tu as déjà entendu parler d'un $parchemin maudit$ ?	Ты когда-нибудь <p>слышали</p><f>слышала</f><m>слышал</m><n>слышало</n> о $свитке заточения$?	Have you ever heard of a $Sealing Scroll$?
Cutscenes/Story Events/Mines/translating_the_fire_tablet/translating_the_fire_tablet/8	I'm not surprised you haven't, they're very rare, and extremely dangerous.	Si ça ne te dit rien, c'est normal. C'est un objet très rare et très dangereux.	Неудивительно, что нет. Это очень редкие и чрезвычайно опасные предметы.	I'm not surprised you haven't, they're very rare, and extremely dangerous.
Cutscenes/Story Events/Mines/translating_the_fire_tablet/translating_the_fire_tablet/9	And powerful.	Mais aussi très puissant.	И очень могущественные.	And powerful.
Cutscenes/Story Events/Mines/translating_the_fire_tablet/translating_the_fire_tablet/init	Ahem, let's begin.	Bien, au travail.	Итак, начнём.	Ahem, let's begin.
Cutscenes/Story Events/Mines/translating_the_fire_tablet/translating_the_fire_tablet_follow_up_balor/init	No update on your special order yet, [Ari]. Don't worry, my contacts haven't failed me yet.	Je n'ai pas encore de retour sur ta commande spéciale, [Ari]. Mais ne t'en fais pas, mes contacts sont toujours arrivés à leurs fins.	Пока обновлений по твоему особому заказу нет, [Ari]. Не беспокойся, мои контакты ещё ни разу меня не подводили.	No update on your special order yet, [Ari]. Don't worry, my contacts haven't failed me yet.
Cutscenes/Story Events/Mines/translating_the_fire_tablet/translating_the_fire_tablet_follow_up_juniper/1	Once he's tracked down the $Sealing Scroll$, maybe I'll have a few other orders for him.	S'il nous trouve bien le $parchemin maudit$, j'aurai peut-être quelques commandes pour lui.	Возможно, когда он найдёт $свиток заточения$, у меня к нему будет ещё парочка заказов.	Once he's tracked down the $Sealing Scroll$, maybe I'll have a few other orders for him.
Cutscenes/Story Events/Mines/translating_the_fire_tablet/translating_the_fire_tablet_follow_up_juniper/2	Oh ho ho!	Ho ho ho !	О-хо-хо!	Oh ho ho!
Cutscenes/Story Events/Mines/translating_the_fire_tablet/translating_the_fire_tablet_follow_up_juniper/init	I honestly expected more pushback from Balor.	À vrai dire, je pensais que Balor aurait été plus réticent.	Честно говоря, я ожидала от Балора больше сопротивления.	I honestly expected more pushback from Balor.
Cutscenes/Story Events/Mines/translating_the_fire_tablet/translating_the_fire_tablet_turn_in/1	I was starting to think the trail had gone cold.	Je commençais à me dire que tu n'irais pas plus loin.	Я уж начала думать, что они у вас закончились.	I was starting to think the trail had gone cold.
Cutscenes/Story Events/Mines/translating_the_fire_tablet/translating_the_fire_tablet_turn_in/2	Let me gather my notes and then we'll get started.	Je rassemble mes notes et je suis à toi.	Сейчас достану свои записи и приступим.	Let me gather my notes and then we'll get started.
Cutscenes/Story Events/Mines/translating_the_fire_tablet/translating_the_fire_tablet_turn_in/init	Well, well! Another mysterious bit of text.	Voyez-vous ça ! Un autre texte mystérieux.	Ну-ну! Ещё один таинственный текст, значит.	Well, well! Another mysterious bit of text.
Cutscenes/Story Events/Mines/translating_the_water_tablet/translating_the_water_tablet/1	I hate to admit it, but this translation is a bit beyond me...	Ça m'ennuie de l'admettre, mais cette traduction dépasse mes compétences.	Мне не хочется признавать, но этот перевод для меня трудноват...	Не ми се иска да го призная, но този превод е малко над възможностите ми…
Cutscenes/Story Events/Mines/translating_the_water_tablet/translating_the_water_tablet/10	To the Bathhouse!	Allons aux bains !	Вперёд, в купальню!	Към Баните!
Cutscenes/Story Events/Mines/translating_the_water_tablet/translating_the_water_tablet/11	Ah, I can just tell by the look on your faces that you're here to discuss something interesting.	Ah, je vois à vos têtes que vous venez discuter d'un sujet intéressant.	А, по вашим лицам сразу видно, что вы хотите обсудить что-то интересное.	Ах, само по лицата ви разбирам, че сте дошли да обсъдите нещо интересно.
Cutscenes/Story Events/Mines/translating_the_water_tablet/translating_the_water_tablet/12	That is to say, interesting to you. If it's not interesting to me, you'll find my help to be very expensive.	C'est-à-dire, intéressant pour vous. Si je n'y trouve pas mon intérêt, mon aide vous coûtera très cher.	То есть интересное вам. Если меня это не заинтересует, то помощь обойдётся вам весьма дорого.	Тоест интересно за вас. Ако не е интересно за мен, помощта ми ще ви излезе много скъпо.
Cutscenes/Story Events/Mines/translating_the_water_tablet/translating_the_water_tablet/13	Oh ho ho ho!	Oh ho ho ho !	О-хо-хо-хо!	Охо-хо-хо!
Cutscenes/Story Events/Mines/translating_the_water_tablet/translating_the_water_tablet/14	Perceptive as always, Juniper. Our friend [Ari] found a Witchspeak tablet deep in the Mines.	Toujours aussi perspicace, Juniper. [Ari] a trouvé une tablette rédigée dans la langue des sorcières au fond de la mine.	Ты, как всегда, крайне проницательна, Джунипер. <p>Наши дорогие</p><f>Наша дорогая</f><m>Наш дорогой</m><n>Наше дорогое</n> [Ari] <p>нашли</p><f>нашла</f><m>нашёл</m><n>нашло</n> в глубине шахт скрижаль на ведьмолекте.	Както винаги проницателна, Джунипър. Нашият приятел [Ari] намери плоча на вещерски език дълбоко в Мините.
Cutscenes/Story Events/Mines/translating_the_water_tablet/translating_the_water_tablet/15	What!	Pardon ?!	Что?!	Какво!
Cutscenes/Story Events/Mines/translating_the_water_tablet/translating_the_water_tablet/16	Well, that is to say... I suppose I could take a look.	Enfin, je veux dire que... je peux toujours y jeter un œil.	То есть я хочу сказать... Ладно, я могу взглянуть.	Е, тоест… Предполагам, че мога да погледна.
Cutscenes/Story Events/Mines/translating_the_water_tablet/translating_the_water_tablet/17	We're grateful for your assistance! Let me fill you in on the details...	Merci beaucoup de ton aide ! Permets-moi de te présenter l'affaire.	Благодарим за помощь! Позволь ввести тебя в курс дела...	Благодарни сме за помощта ти! Нека те запознаем с подробностите…
Cutscenes/Story Events/Mines/translating_the_water_tablet/translating_the_water_tablet/18	I have some thoughts about the tablet's syntax, Juniper-	J'ai quelques pistes concernant la syntaxe de la tablette, Juniper, et...	У меня есть некоторые соображения насчёт синтаксиса этой скрижали, Джунипер...	Имам някои мисли за синтаксиса на плочата, Джунипър-
Cutscenes/Story Events/Mines/translating_the_water_tablet/translating_the_water_tablet/19	Silence, nerd.	Boucle-la, l'intello.	Молчать, зануда.	Мълчи, зубрачке.
Cutscenes/Story Events/Mines/translating_the_water_tablet/translating_the_water_tablet/2	[Ari], this is written in a language called $Witchspeak$. It was spoken a very long time ago.	[Ari], c'est écrit dans une langue appelée la $langue des sorcières$. On ne la parle plus depuis très longtemps.	[Ari], эта письменность называется $ведьмолект$. На нём говорили давным-давно.	[Ari], това е написано на език, наречен $вещерски език$. Говорел се е преди много време.
Cutscenes/Story Events/Mines/translating_the_water_tablet/translating_the_water_tablet/20	Fascinating.	C'est fascinant.	Потрясающе.	Очарователно.
Cutscenes/Story Events/Mines/translating_the_water_tablet/translating_the_water_tablet/21	Before I tell you what's on the tablet, I have one request in return.	Avant de vous révéler ce qui est inscrit sur la tablette, j'ai une requête.	Прежде, чем я сообщу вам, что тут написано, я хочу кое о чём попросить вас взамен.	Преди да ви кажа какво пише на плочата, имам една молба в замяна.
Cutscenes/Story Events/Mines/translating_the_water_tablet/translating_the_water_tablet/22	If you find any more of these tablets, [Ari], you bring the rubbings directly to me.	Si jamais tu trouves d'autres tablettes de ce genre, [Ari], apporte-moi directement le calque du texte.	Если найдёшь ещё подобные скрижали, [Ari], приноси все письмена сразу ко мне.	Ако намериш още такива плочи, [Ari], носи претривките направо при мен.
Cutscenes/Story Events/Mines/translating_the_water_tablet/translating_the_water_tablet/22/prompts/0	Fair enough.	Ça me va.	Звучит честно.	Честно е.
Cutscenes/Story Events/Mines/translating_the_water_tablet/translating_the_water_tablet/22/prompts/1	Hmm, I dunno...	Mmm, je ne sais pas trop...	Хмм, ну не знаю...	Хм, не знам…
Cutscenes/Story Events/Mines/translating_the_water_tablet/translating_the_water_tablet/23	Of course Juniper, we're all in this together.	Bien sûr, Juniper. Nous travaillons tous ensemble.	Разумеется, Джунипер. Это наше общее дело.	Разбира се, Джунипър, всички сме заедно в това.
Cutscenes/Story Events/Mines/translating_the_water_tablet/translating_the_water_tablet/24	Now isn't the time to bargain, [Ari]! We agree!	Le moment est mal choisi pour négocier, [Ari] ! Nous sommes d'accord.	Мы не в том положении, чтобы торговаться, [Ari]! Мы согласны!	Сега не е време за пазарлъци, [Ari]! Съгласни сме!
Cutscenes/Story Events/Mines/translating_the_water_tablet/translating_the_water_tablet/25	Lovely! Let me read it aloud for you two.	Parfait ! Je vais vous lire ce que dit cette tablette.	Прекрасно! Давайте я вам зачитаю вслух:	Чудесно! Ще ви го прочета на глас.
Cutscenes/Story Events/Mines/translating_the_water_tablet/translating_the_water_tablet/26	Oh earthbound mortals who wish to remove the seal,\nGather proof of your desire to unite these lands again,\nPlace in the dragon's hold four offerings:	Oh mortels terrestres qui désirez briser le sceau,\nPour prouver votre désir de réunifier ces terres,\nPrésentez quatre offrandes au dragon :	О, смертные обитатели земли, желающие сорвать печать,\nДокажите своё желание вновь объединить эти земли,\nПередайте в лапы дракона четыре подношения:	О, земни смъртни, желаещи да премахнат печата,\nСъберете доказателство за желанието си отново да обедините тези земи,\nПоставете в драконовата лапа четири дара:
Cutscenes/Story Events/Mines/translating_the_water_tablet/translating_the_water_tablet/27	From the earth's good graces, a $Ruby$;	Un $rubis$ issu des bienfaits de la terre...	$Рубин$ из объятий земли;	От благодатта на земята, един $рубин$;
Cutscenes/Story Events/Mines/translating_the_water_tablet/translating_the_water_tablet/28	Catch a swiftly flowing $Fish of Stone$;	Un $poisson de pierre$ insaisissable...	Поймайте резвую $рыбу из камня$;	Уловете бързотечаща $Каменна риба$;
Cutscenes/Story Events/Mines/translating_the_water_tablet/translating_the_water_tablet/29	A $Moth$ who gathers near the flame;	Une $phalène$ qui aime la proximité des flammes...	$Мотылька$, что летит на пламя;	$Молец$, който лети към пламъка;
Cutscenes/Story Events/Mines/translating_the_water_tablet/translating_the_water_tablet/3	There are a lot of legends surrounding it. Most spectacularly, there are claims it was how humans and dragons originally communicated with each other.	Elle est entourée de nombreuses légendes. La plus spectaculaire laisse entendre que c'était la langue utilisée par les humains et les dragons pour communiquer.	Вокруг него ходит много легенд. Самая впечатляющая из них утверждает, что на нём общались между собой люди и драконы.	Около него има много легенди. Най-впечатляващата гласи, че така хората и драконите първоначално са общували помежду си.
Cutscenes/Story Events/Mines/translating_the_water_tablet/translating_the_water_tablet/30	A $Brown Mushroom$ of the Mines.	Un $champignon brun$ provenant des mines.	И $коричневый гриб$ из шахт.	Една $кафява гъба$ от Мините.
Cutscenes/Story Events/Mines/translating_the_water_tablet/translating_the_water_tablet/31	Incredible!	Incroyable !	Невероятно!	Невероятно!
Cutscenes/Story Events/Mines/translating_the_water_tablet/translating_the_water_tablet/32	Please understand that in Witchspeak it's much more poetic and expressive, but I've done the best I can with our common tongue.	La langue des sorcières est bien plus poétique et bien plus lyrique, mais j'ai fait mon maximum avec le peu de vocabulaire de notre langue.	Пожалуйста, учтите, что в ведьмолекте всё гораздо более поэтично и выразительно. Но я постаралась передать получше нашим простым языком.	Разберете, че на вещерския език това е много по-поетично и изразително, но направих всичко възможно с нашия общ език.
Cutscenes/Story Events/Mines/translating_the_water_tablet/translating_the_water_tablet/33	The only one I'm familiar with is the ruby, which I believe you can find in the Mines.	La seule chose qui me parle dans cette liste, c'est le rubis. On peut en trouver dans les mines, me semble-t-il.	Из этого списка я могу опознать только рубин. Насколько я знаю, они встречаются в шахтах.	Единственото, което познавам, е рубинът, и вярвам, че можеш да го намериш в Мините.
Cutscenes/Story Events/Mines/translating_the_water_tablet/translating_the_water_tablet/34	I would assume that means the rest can be found in the Mines as well.	On pourrait en déduire qu'il en va de même pour les autres éléments.	Я бы предположил, что всё остальное можно найти там же.	Предполагам, че това значи, че и останалите могат да се намерят в Мините.
Cutscenes/Story Events/Mines/translating_the_water_tablet/translating_the_water_tablet/34/prompts/0	You can count on me!	Vous pouvez compter sur moi !	Можете на меня положиться!	Можеш да разчиташ на мен!
Cutscenes/Story Events/Mines/translating_the_water_tablet/translating_the_water_tablet/34/prompts/1	A millennia old scavenger hunt!	Une chasse au trésor millénaire !	Это задание-загадка из древних времён!	Търсене на съкровища от преди хилядолетия!
Cutscenes/Story Events/Mines/translating_the_water_tablet/translating_the_water_tablet/35	I'm sure we can!	Je n'ai aucun doute là-dessus !	Я в тебе уверен!	Сигурна съм, че можем!
Cutscenes/Story Events/Mines/translating_the_water_tablet/translating_the_water_tablet/36	I suppose that's one way of looking at it...	Pourquoi pas ? C'est une façon de voir les choses...	Да, на это можно посмотреть и так...	Предполагам, че и така може да се погледне на нещата…
Cutscenes/Story Events/Mines/translating_the_water_tablet/translating_the_water_tablet/37	What an incredible mystery! Good luck, [Ari]. We'll be waiting to hear an update with bated breath.	Quel mystère passionnant ! Bonne chance, [Ari]. Je suis plus qu'impatient d'avoir de tes nouvelles.	Какая захватывающая тайна! Удачи, [Ari]! Мы будем ждать новостей, затаив дыхание!	Каква невероятна загадка! Успех, [Ari]. Ще чакаме новини със затаен дъх.
Cutscenes/Story Events/Mines/translating_the_water_tablet/translating_the_water_tablet/4	Today we have an incomplete knowledge of it. Much of our understanding comes from unreliable secondary sources.	De nos jours, nous n'en savons presque plus rien. Les quelques connaissances qui nous restent proviennent de sources secondaires et peu fiables.	Сегодня нам о нём известно мало. Преимущественно наши сведения основываются на ненадёжных вторичных источниках.	Днес знанията ни за него са непълни. Голяма част от разбирането ни идва от ненадеждни вторични източници.
Cutscenes/Story Events/Mines/translating_the_water_tablet/translating_the_water_tablet/5	But lately I've begun to suspect that there might be someone in town who knows a lot more about it than I do...	Cependant, depuis peu, je me demande s'il n'y a pas quelqu'un en ville qui maîtrise bien mieux le sujet que moi...	Но в последнее время я заподозрил, что кое-кто в нашем городе может знать о нём гораздо больше меня...	Но напоследък започнах да подозирам, че в града може да има някой, който знае много повече за него от мен…
Cutscenes/Story Events/Mines/translating_the_water_tablet/translating_the_water_tablet/5/prompts/0	Let's go ask Juniper!	Allons voir Juniper !	Пойдём спросим Джунипер!	Да отидем да попитаме Джунипър!
Cutscenes/Story Events/Mines/translating_the_water_tablet/translating_the_water_tablet/5/prompts/1	Balor! I know he's hiding something...	Balor ! Je sens qu'il nous cache quelque chose...	Балор! Я чую, он что-то скрывает...	Балор! Знам, че крие нещо…
Cutscenes/Story Events/Mines/translating_the_water_tablet/translating_the_water_tablet/6	I can see we're on the same page!	Les grands esprits se rencontrent !	Вижу, мы с тобой на одной волне!	Виждам, че мислим еднакво!
Cutscenes/Story Events/Mines/translating_the_water_tablet/translating_the_water_tablet/7	While I'm sure Balor has many secrets, I don't think a working knowledge of Witchspeak is one of them.	Balor a sans doute pas mal de secrets à nous cacher, mais je ne pense pas que la maîtrise de la langue des sorcières en fasse partie.	Я согласен, что у Балора наверняка есть свои тайны. Но не думаю, что среди них практическое знание ведьмолекта.	Сигурна съм, че Балор има много тайни, но едва ли сред тях е познаването на вещерския език.
Cutscenes/Story Events/Mines/translating_the_water_tablet/translating_the_water_tablet/8	Juniper has dropped a few hints about the arcane and unknown. I'm sure she can help us.	Juniper parle souvent de sorcellerie et d'occulte. Je suis sûr qu'elle pourra nous aider.	У Джунипер иногда проскальзывают намёки на мистику и тайны. Уверен, она нам поможет.	Джунипър е подхвърляла няколко намека за тайнственото и непознатото. Сигурна съм, че може да ни помогне.
Cutscenes/Story Events/Mines/translating_the_water_tablet/translating_the_water_tablet/9	I suspect requesting for her to meet us at the Manor House will not bear fruit. She'll want to be on her home territory.	J'imagine qu'elle refusera de venir si nous l'invitons au manoir. Elle voudra jouer sur son terrain.	Подозреваю, уговорить её прийти в особняк не получится. Она захочет общаться на своей территории.	Подозирам, че ако я помолим да се срещне с нас в Имението, няма да постигнем нищо. Тя ще иска да е на своя територия.
Cutscenes/Story Events/Mines/translating_the_water_tablet/translating_the_water_tablet/init	To think this has been below Mistria this whole time!	Dire que tout ce temps, c'était enterré dans le sol de Mistria.	Подумать только! Она всё это время лежала под мистрийской землёй.	Да си помислиш, че през цялото време това е било под Мистрия!
Cutscenes/Story Events/Mines/translating_the_water_tablet/translating_the_water_tablet_turn_in/1	You found a hidden chamber in the depths of the Mines...	Tu as découvert une antichambre cachée tout au fond des mines...	Ты <p>нашли</p><f>нашла</f><m>нашёл</m><n>нашло</n> потайную комнату в глубине шахт...	Намерил си скрита зала в дълбините на Мините…
Cutscenes/Story Events/Mines/translating_the_water_tablet/translating_the_water_tablet_turn_in/2	Filled with unknown artifacts...	Elle regorgeait d'artéfacts inconnus...	Полную неопознанных артефактов...	Пълна с непознати артефакти…
Cutscenes/Story Events/Mines/translating_the_water_tablet/translating_the_water_tablet_turn_in/3	Including a stone seal and a tablet with an unknown language on it?	Dont un sceau et une tablette en pierre recouverts d'un texte dans une langue inconnue.	И среди них каменная печать и скрижаль на неопознанном языке?	Включително каменен печат и плоча с непознат език върху нея?
Cutscenes/Story Events/Mines/translating_the_water_tablet/translating_the_water_tablet_turn_in/4	Which you want my help translating?	Et tu veux que je t'aide à les traduire...	И хочешь, чтобы я помог её перевести?	И искаш помощта ми да я преведа?
Cutscenes/Story Events/Mines/translating_the_water_tablet/translating_the_water_tablet_turn_in/5	@INCREDIBLE!	INCROYABLE !	@ПОТРЯСАЮЩЕ!	@НЕВЕРОЯТНО!
Cutscenes/Story Events/Mines/translating_the_water_tablet/translating_the_water_tablet_turn_in/6	Let's get this to my office!	Apportons tout ça dans mon bureau !	Пойдём скорее в мой кабинет!	Да я занесем в кабинета ми!
Cutscenes/Story Events/Mines/translating_the_water_tablet/translating_the_water_tablet_turn_in/init	Well hello [Ari]! What's this you've given me?	Bonjour, [Ari] ! Qu'est-ce que c'est que ça ?	Здравствуй-здравствуй, [Ari]! Что это ты мне даёшь?	А, здравей, [Ari]! Какво ми носиш?
Cutscenes/Story Events/Mines/translating_the_water_tablet/translating_the_water_tablet_turn_in/init/prompts/0	Give Eiland a summary of the events in the Mines.	Faire à Eiland un résumé des événements survenus dans les mines	Кратко пересказать Эйланду события в шахтах.	Разкажи на Айленд накратко какво се случи в Мините.
Cutscenes/Story Events/Mines/translating_the_water_tablet/translating_the_water_tablet_turn_in/init/prompts/1	Exaggerate your adventures in the Mines.	Exagérer les aventures que vous avez vécues dans les mines	Приукрасить свои приключения в шахтах.	Преувеличи приключенията си в Мините.
Cutscenes/Story Events/Mines/unlocking_the_mines_pt_1/unlocking_the_mines_pt_1/1	I hope you haven't roped [Ari] into your schemes, Eiland.	J'espère que vous n'avez pas entraîné [Ari] dans vos petites combines, Eiland.	Вы и <p>их</p><f>её</f><m>его</m><n>его</n> решили вовлечь в свои схемы, Эйланд?	Надявам се, че не си въвлякъл [Ari] в някоя от схемите си, Айленд.
Cutscenes/Story Events/Mines/unlocking_the_mines_pt_1/unlocking_the_mines_pt_1/1/prompts/0	What's this all about?	De quoi s'agit-il ?	О чём речь?	За какво става дума?
Cutscenes/Story Events/Mines/unlocking_the_mines_pt_1/unlocking_the_mines_pt_1/1/prompts/1	Ooh, I do love a good scheme.	Oh, rien ne vaut une jolie combine.	О, обожаю всякие схемы.	О, харесвам добра схема.
Cutscenes/Story Events/Mines/unlocking_the_mines_pt_1/unlocking_the_mines_pt_1/10	Shipments of $Ore$ would be invaluable to the town, and there are surely incredible $Artifacts$ just waiting to be discovered in the depths.	L'expédition de $minerais$ serait plus que précieuse pour la ville et les profondeurs abritent certainement d'incroyables $artéfacts$ qui n'attendent que d'être découverts.	Поставки $руды$ могли бы сильно помочь городу. Кроме того, в глубинах шахт спрятано столько прекрасных $артефактов$, которые только и ждут, чтобы их нашли.	Доставките на $руда$ биха били безценни за града, а в дълбините със сигурност чакат да бъдат открити невероятни $артефакти$.
Cutscenes/Story Events/Mines/unlocking_the_mines_pt_1/unlocking_the_mines_pt_1/10/prompts/0	Weren't the Mines condemned after the earthquake?	Les mines n'ont pas été condamnées après le tremblement de terre ?	Разве шахты не опасны после землетрясения?	Нали Мините бяха затворени след земетресението?
Cutscenes/Story Events/Mines/unlocking_the_mines_pt_1/unlocking_the_mines_pt_1/10/prompts/1	The more dangerous the adventure, the better!	Plus l'aventure est dangereuse, mieux c'est !	Чем опаснее приключение, тем лучше!	Колкото по-опасно е приключението, толкова по-добре!
Cutscenes/Story Events/Mines/unlocking_the_mines_pt_1/unlocking_the_mines_pt_1/11	Haha, they sure were.	Ha ha, si, absolument.	Ха-ха, это так.	Ха-ха, наистина бяха.
Cutscenes/Story Events/Mines/unlocking_the_mines_pt_1/unlocking_the_mines_pt_1/12	...	...	...	…
Cutscenes/Story Events/Mines/unlocking_the_mines_pt_1/unlocking_the_mines_pt_1/13	...	...	...	…
Cutscenes/Story Events/Mines/unlocking_the_mines_pt_1/unlocking_the_mines_pt_1/14	No rewards without risks, eh?	Toute récompense mérite qu'on prenne des risques, non ?	Кто не рискует, тот не пьёт шампанское, разве не так?	Няма награда без риск, нали?
Cutscenes/Story Events/Mines/unlocking_the_mines_pt_1/unlocking_the_mines_pt_1/15	That's the spirit!	J'aime cet état d'esprit !	Мне нравится твой настрой!	Това е духът!
Cutscenes/Story Events/Mines/unlocking_the_mines_pt_1/unlocking_the_mines_pt_1/16	While I appreciate the... enthusiasm, I simply can't approve of a reopening at this time.	Bien que j'apprécie votre... enthousiasme, je ne peux pas accepter une réouverture pour le moment.	Ну, ваш энтузиазм я, конечно, ценю, но... Я не могу одобрить распечатывание шахт. Не сейчас.	Оценявам… ентусиазма ви, но просто не мога да одобря повторното отваряне сега.
Cutscenes/Story Events/Mines/unlocking_the_mines_pt_1/unlocking_the_mines_pt_1/17	Structural damage, ore seam slippage, the elevator has stopped working...	Il y a eu des dégâts structurels, des glissements de terrain, l'ascenseur ne fonctionne plus...	Помимо структурных повреждений и проскальзывания рудного пласта, ещё и лифт перестал работать...	Структурни щети, разместени рудни жили, асансьорът не работи…
Cutscenes/Story Events/Mines/unlocking_the_mines_pt_1/unlocking_the_mines_pt_1/18	And I've been hearing strange sounds from below...	Et j'ai entendu des bruits étranges monter de là-dessous...	И из нижних уровней доносятся странные звуки...	А отдолу се чуват и странни звуци…
Cutscenes/Story Events/Mines/unlocking_the_mines_pt_1/unlocking_the_mines_pt_1/19	Surely you're not keeping the Mines shut over some eerie noises, Errol.	Ne me dites pas que vous gardez les mines fermées à cause de bruits bizarres, Errol.	Эррол, неужто тебя пугают какие-то непонятные шумы?	Едва ли държиш Мините затворени заради някакви зловещи шумове, Ерол.
Cutscenes/Story Events/Mines/unlocking_the_mines_pt_1/unlocking_the_mines_pt_1/2	I believe the time has come to discuss reopening the Mines.	Je pense qu'il est temps d'envisager la réouverture des mines.	Полагаю, пришло время обсудить повторное открытие шахт.	Смятам, че е време да обсъдим повторното отваряне на Мините.
Cutscenes/Story Events/Mines/unlocking_the_mines_pt_1/unlocking_the_mines_pt_1/20	...	...	...	…
Cutscenes/Story Events/Mines/unlocking_the_mines_pt_1/unlocking_the_mines_pt_1/21	Er- I would be happy to reconvene on the matter when Mistria's $Town Rank$ has reached at least $Stone Star Rank$, if that would satisfy you two.	Euh... Je serai prêt à rediscuter du sujet quand Mistria aura atteint le rang $étoile de pierre$ au $classement des villes$, si cela vous convient à tous les deux.	Эм... Ну, я готов вернуться к этому обсуждению, когда $городской ранг$ Мистрии поднимется хотя бы до $«Каменной звезды»$. Давайте сойдёмся пока на этом.	Ъъ… Ще се радвам да обсъдим въпроса отново, когато $Рангът на града$ на Мистрия достигне поне $Ранг Каменна звезда$, ако това ви устройва.
Cutscenes/Story Events/Mines/unlocking_the_mines_pt_1/unlocking_the_mines_pt_1/22	I can see there's no budging you, Errol.	Je vois qu'il n'y a pas moyen de vous faire changer d'avis, Errol.	Что ж, вижу, так просто тебя не уговорить, Эррол.	Виждам, че няма да те разубедим, Ерол.
Cutscenes/Story Events/Mines/unlocking_the_mines_pt_1/unlocking_the_mines_pt_1/23	Well at least we have a goal in sight, [Ari]!	Bon, au moins, nous avons un objectif en vue, [Ari] !	Ну, как минимум, теперь у нас есть цель, [Ari]!	Е, поне вече имаме ясна цел, [Ari]!
Cutscenes/Story Events/Mines/unlocking_the_mines_pt_1/unlocking_the_mines_pt_1/23/prompts/0	How can I help?	Comment puis-je me rendre utile ?	Чем я могу помочь?	Как мога да помогна?
Cutscenes/Story Events/Mines/unlocking_the_mines_pt_1/unlocking_the_mines_pt_1/23/prompts/1	I guess those mines will stay closed...	Je crois que ces mines vont rester fermées...	Видимо, шахты так и не откроются...	Явно тези Мини ще си останат затворени…
Cutscenes/Story Events/Mines/unlocking_the_mines_pt_1/unlocking_the_mines_pt_1/24	N-not necessarily!	P-Pas forcément !	Н-не обязательно!	Н-не е задължително!
Cutscenes/Story Events/Mines/unlocking_the_mines_pt_1/unlocking_the_mines_pt_1/25	Turning in $items for Museum Sets$, completing $Requests$, and $Shipping$ items are all ways that you can help to raise Mistria's $Renown$!	Offrir des $objets pour les collections du musée$, satisfaire des $requêtes$ et $expédier$ des objets sont autant de moyens d'accroître la $renommée$ de Mistria !	$Репутацию$ Мистрии можно поднять, передавая в музей $предметы из коллекций$, выполняя $прошения$, и $поставляя товары$!	Предаването на $предмети за музейни комплекти$, изпълнението на $поръчки$ и $изпращането$ на предмети са начини да помогнеш за повишаване на $Известността$ на Мистрия!
Cutscenes/Story Events/Mines/unlocking_the_mines_pt_1/unlocking_the_mines_pt_1/26	Let's get to it. The Mines will be reopened in no time!	Mettons-nous à l'ouvrage. Les mines rouvriront en un rien de temps !	Так что вперёд! И шахты откроются, не успеем мы и глазом моргнуть!	Да се заемаме. Мините ще бъдат отворени отново за нула време!
Cutscenes/Story Events/Mines/unlocking_the_mines_pt_1/unlocking_the_mines_pt_1/27	I'm glad to see you so enthused, Eiland.	Je suis ravi de vous voir aussi enthousiaste, Eiland.	Рвения вам, конечно, не занимать, Эйланд. Это радует.	Радвам се да те видя толкова ентусиазиран, Айленд.
Cutscenes/Story Events/Mines/unlocking_the_mines_pt_1/unlocking_the_mines_pt_1/3	Then you'll love this! I believe the time has come to discuss reopening the Mines.	Alors, tu vas adorer la suite ! Je pense qu'il est temps d'envisager la réouverture des mines.	Значит, тебе понравится. Полагаю, пришло время обсудить повторное открытие шахт.	Тогава това ще ти хареса! Смятам, че е време да обсъдим повторното отваряне на Мините.
Cutscenes/Story Events/Mines/unlocking_the_mines_pt_1/unlocking_the_mines_pt_1/4	Eiland, with all due respect, I believe we should be focusing on the Museum.	Eiland, avec tout le respect que je vous dois, je crois qu'on devrait se concentrer sur le musée.	Эйланд, при всём уважении, нам бы сосредоточиться на музее.	Айленд, при цялото ми уважение, смятам, че трябва да се съсредоточим върху Музея.
Cutscenes/Story Events/Mines/unlocking_the_mines_pt_1/unlocking_the_mines_pt_1/5	We don't have the workforce to reopen the Mines in a commercial capacity.	Nous n'avons pas le personnel nécessaire pour rouvrir les mines et les exploiter commercialement.	У нас недостаточно людей, чтобы возобновить работу шахт.	Нямаме достатъчно работници, за да подновим добива в Мините.
Cutscenes/Story Events/Mines/unlocking_the_mines_pt_1/unlocking_the_mines_pt_1/6	Whereas the Museum is drawing interest from as far as the Capital already!	Alors que le musée suscite déjà de l'intérêt jusque dans la capitale !	А музей уже привлекает внимание людей аж из столицы!	А Музеят вече привлича интерес чак от Столицата!
Cutscenes/Story Events/Mines/unlocking_the_mines_pt_1/unlocking_the_mines_pt_1/7	I believe it is the surest way to raise Mistria's Renown, which should be our top priority.	Il me semble que c'est le meilleur moyen d'accroître la renommée de Mistria, ce qui doit être notre priorité absolue.	Это лучший способ поднять репутацию Мистрии. А это — наша главная задача.	Смятам, че това е най-сигурният начин да повишим Известността на Мистрия и това трябва да ни е основен приоритет.
Cutscenes/Story Events/Mines/unlocking_the_mines_pt_1/unlocking_the_mines_pt_1/8	We are in agreement that the Museum should be our focus, Errol.	Nous sommes d'accord, Errol : il faut nous concentrer sur le musée.	Я согласен, Эррол. Музей — то, на чём нам стоит сосредоточиться.	Съгласни сме, че Музеят трябва да е приоритетът ни, Ерол.
Cutscenes/Story Events/Mines/unlocking_the_mines_pt_1/unlocking_the_mines_pt_1/9	However, with the arrival of [Ari], I believe we now have the perfect person to begin exploring the Mines!	Mais maintenant que nous avons [Ari], je crois que nous tenons la personne idéale pour entreprendre l'exploration des mines !	Но раз уж [Ari] здесь, с <p>их</p><f>её</f><m>его</m><n>его</n> помощью у нас есть возможность исследовать шахты!	Но с идването на [Ari] смятам, че вече имаме идеалния човек, който да започне да проучва Мините!
Cutscenes/Story Events/Mines/unlocking_the_mines_pt_1/unlocking_the_mines_pt_1/init	[Ari]! Thank you for joining us!	[Ari] ! Merci de te joindre à nous !	[Ari]! Спасибо, что <p>пришли</p><f>пришла</f><m>пришёл</m><n>пришло</n>!	[Ari]! Благодаря, че дойде!
Cutscenes/Story Events/Mines/unlocking_the_mines_pt_1/unlocking_the_mines_pt_1_follow_up_adeline/init	I was walking by the old mine and heard some odd noises...	J'ai entendu des bruits étranges en passant près de l'ancienne mine...	Я проходила мимо шахты и услышала какие-то странные звуки...	Минавах покрай старата мина и чух странни звуци…
Cutscenes/Story Events/Mines/unlocking_the_mines_pt_1/unlocking_the_mines_pt_1_follow_up_balor/1	Of course, it could also speed along my profits as well!	Bien entendu, cela pourrait aussi augmenter rapidement mes profits !	Разумеется, мои доходы тоже бы значительно повысились!	А това би увеличило и моите печалби!
Cutscenes/Story Events/Mines/unlocking_the_mines_pt_1/unlocking_the_mines_pt_1_follow_up_balor/init	Mistria's recovery could happen a lot faster if the Mine was reopened.	Mistria pourrait se reconstruire bien plus vite si les mines étaient rouvertes.	Мистрия могла бы оправиться сильно быстрее, если бы шахты снова открылись.	Възстановяването на Мистрия би станало много по-бързо, ако Мините бъдат отворени отново.
Cutscenes/Story Events/Mines/unlocking_the_mines_pt_1/unlocking_the_mines_pt_1_follow_up_celine/init	I was walking by the old mine and heard some odd noises...	J'ai entendu des bruits étranges en passant près de l'ancienne mine...	Я проходила мимо шахты и услышала какие-то странные звуки...	Минавах покрай старата мина и чух странни звуци…
Cutscenes/Story Events/Mines/unlocking_the_mines_pt_1/unlocking_the_mines_pt_1_follow_up_eiland/init	I want those mines unsealed, [Ari]. There are dangers, certainly, but the potential for discovery is worth the risks.	Je tiens à ce que les mines reprennent leur activité, [Ari]. Certes, des dangers existent, mais les découvertes potentielles valent qu'on prenne des risques.	Я хочу, чтобы шахты были распечатаны, [Ari]. Да, это опасно, но потенциальные находки внутри оправдывают риски.	Искам Мините отново отворени, [Ari]. Със сигурност има опасности, но възможността за открития си струва риска.
Cutscenes/Story Events/Mines/unlocking_the_mines_pt_1/unlocking_the_mines_pt_1_follow_up_elsie/init	I was walking by the old mine and heard some odd noises...	J'ai entendu des bruits étranges en passant près de l'ancienne mine...	Я проходила мимо шахты и услышала какие-то странные звуки...	Минавах покрай старата мина и чух странни звуци…
Cutscenes/Story Events/Mines/unlocking_the_mines_pt_1/unlocking_the_mines_pt_1_follow_up_errol/init	Eiland is keen on reopening the Mines, but some things just can't be rushed.	Eiland a très envie de rouvrir les mines, mais il faut parfois ne pas se précipiter.	Эйланд очень уж хочет открыть шахты, но с некоторыми вещами лучше не торопиться.	Айленд иска Мините да бъдат отворени отново, но някои неща просто не бива да се прибързват.
Cutscenes/Story Events/Mines/unlocking_the_mines_pt_1/unlocking_the_mines_pt_1_follow_up_generic/init	I was walking by the old mine and heard some odd noises...			Минавах покрай старата мина и чух странни звуци…
Cutscenes/Story Events/Mines/unlocking_the_mines_pt_1/unlocking_the_mines_pt_1_follow_up_hemlock/init	I was walking by the old mine and heard some odd noises...	J'ai entendu des bruits étranges en passant près de l'ancienne mine...	Я проходил мимо шахты и услышал какие-то странные звуки...	Минавах покрай старата мина и чух странни звуци…
Cutscenes/Story Events/Mines/unlocking_the_mines_pt_1/unlocking_the_mines_pt_1_follow_up_josephine/init	I was walking by the old mine and heard some odd noises...	J'ai entendu des bruits étranges en passant près de l'ancienne mine...	Я проходила мимо шахты и услышала какие-то странные звуки...	Минавах покрай старата мина и чух странни звуци…
Cutscenes/Story Events/Mines/unlocking_the_mines_pt_1/unlocking_the_mines_pt_1_follow_up_nora/init	I was walking by the old mine and heard some odd noises...	J'ai entendu des bruits étranges en passant près de l'ancienne mine...	Я проходила мимо шахты и услышала какие-то странные звуки...	Минавах покрай старата мина и чух странни звуци…
Cutscenes/Story Events/Mines/unlocking_the_mines_pt_1/unlocking_the_mines_pt_1_follow_up_olric/1	Don't tell him, but I got lost in there before the earthquake, too...	Ne lui dis pas, hein, mais je m'y perdais déjà avant...	Не говори ему, но я и до землетрясения там постоянно терялся...	Не му казвай, но и аз се изгубих там преди земетресението…
Cutscenes/Story Events/Mines/unlocking_the_mines_pt_1/unlocking_the_mines_pt_1_follow_up_olric/init	I think Errol sealed the Mines off after the earthquake because I kept getting lost in there. All the tunnels got messed up!	Je crois qu'Errol a condamné les mines après le tremblement de terre parce que je n'arrêtais pas de m'y perdre. Ça a mis le bazar dans tous les tunnels !	Мне кажется, после землетрясения Эррол закрыл шахты, чтобы я в них не терялся. Там все ходы перепутались!	Мисля, че Ерол запечата Мините след земетресението, защото все се губех вътре. Всички тунели се объркаха!
Cutscenes/Story Events/Mines/unlocking_the_mines_pt_1/unlocking_the_mines_pt_1_follow_up_reina/init	I was walking by the old mine and heard some odd noises...	J'ai entendu des bruits étranges en passant près de l'ancienne mine...	Я проходила мимо шахты и услышала какие-то странные звуки...	Минавах покрай старата мина и чух странни звуци…
Cutscenes/Story Events/Mines/unlocking_the_mines_pt_1/unlocking_the_mines_pt_1_follow_up_ryis/init	I was walking by the old mine and heard some odd noises...	J'ai entendu des bruits étranges en passant près de l'ancienne mine...	Я проходил мимо шахты и услышал какие-то странные звуки...	Минавах покрай старата мина и чух странни звуци…
Cutscenes/Story Events/Mines/unlocking_the_mines_pt_2/unlocking_the_mines_pt_2/1	Why, just think... if we leave the Mines closed we can continue to focus our efforts on other town initiatives-	Réfléchissez une seconde... Si les mines restent fermées, nous pourrons continuer à concentrer nos efforts sur d'autres projets pour la ville...	Только подумай... Мы можем оставить шахты запечатанными и сосредоточить усилия на других инициативах...	Само си помислете... ако оставим Мините затворени, можем да насочим усилията си към други градски начинания—
Cutscenes/Story Events/Mines/unlocking_the_mines_pt_2/unlocking_the_mines_pt_2/10	The $Elevator$ isn't working, but Errol believes that if you can rediscover the $Elevator Platforms$ further down that it can be restarted.	L'$ascenseur$ ne fonctionne pas, mais d'après Errol, si tu parviens à retrouver les $monte-charge$, plus bas, il doit être possible de les remettre en marche.	$Лифт$ хоть и не работает, Эррол думает, что если ты найдешь на нижних уровнях $платформы$, его можно будет запустить вновь.	$Асансьорът$ не работи, но Ерол смята, че ако преоткриеш $асансьорните платформи$ по-надолу, ще може да бъде пуснат отново.
Cutscenes/Story Events/Mines/unlocking_the_mines_pt_2/unlocking_the_mines_pt_2/11	Incredible! ANOTHER dragon statue?! This wasn't here before the earthquake!	Incroyable ! ENCORE une statue de dragon ?! Elle n'était pas là avant le séisme !	Невероятно! ЕЩЁ ОДНА статуя дракона?! До землетрясения её здесь не было!	Невероятно! ОЩЕ една статуя на дракон?! Тук я нямаше преди земетресението!
Cutscenes/Story Events/Mines/unlocking_the_mines_pt_2/unlocking_the_mines_pt_2/11/prompts/0	It looks like the statue on my farm!	Elle ressemble à celle qu'il y a sur ma ferme !	Похожа на статую на моей ферме!	Прилича на статуята във фермата ми!
Cutscenes/Story Events/Mines/unlocking_the_mines_pt_2/unlocking_the_mines_pt_2/11/prompts/1	Another astounding find by [Ari]!	Et voilà, [Ari] fait une nouvelle découverte extraordinaire !	[Ari] совершает ещё одну великолепную находку!	Още една изумителна находка на [Ari]!
Cutscenes/Story Events/Mines/unlocking_the_mines_pt_2/unlocking_the_mines_pt_2/12	Haha, it seems the archaeologist bug has bit you too!	Ha ha, on dirait que tu as toi aussi attrapé le virus de l'archéologie !	Ха-ха, вижу, тебя заразила страсть к археологии!	Хаха, явно и теб те е ухапала археоложката буболечка!
Cutscenes/Story Events/Mines/unlocking_the_mines_pt_2/unlocking_the_mines_pt_2/13	I need to confer with Errol and begin a thorough search of the Mine's history. It's hard to believe that there's no record of this statue.	Je dois aller parler à Errol et commencer à me plonger sérieusement dans l'histoire des mines. J'ai du mal à croire qu'il n'existe aucune trace de cette statue.	Нужно будет обсудить это с Эрролом и свериться с историческими документами по шахте. Должны же быть в них какие-то записи об этой статуе.	Трябва да се посъветвам с Ерол и да започна щателно проучване на историята на Мините. Трудно е да повярвам, че няма нито един запис за тази статуя.
Cutscenes/Story Events/Mines/unlocking_the_mines_pt_2/unlocking_the_mines_pt_2/14	I hate to cut and run so soon, but this is of immense archaeological importance. Will you be alright on your own, [Ari]?	Je regrette de devoir filer aussi vite, mais cet objet est d'une importance archéologique capitale. Tu pourras te débrouiller sans moi, [Ari] ?	Мне жаль, что приходится так сразу убегать, но это очень важная археологическая находка. Ты справишься без меня, [Ari]?	Не ми се иска да си тръгвам толкова скоро, но това е от огромно археологическо значение. Ще се оправиш ли, [Ari]?
Cutscenes/Story Events/Mines/unlocking_the_mines_pt_2/unlocking_the_mines_pt_2/15	Best of luck! We're all looking forward to your findings!	Bonne chance ! Nous avons tous hâte de voir ce que tu vas découvrir !	Удачи тебе! Мы с нетерпением ждём твоих находок!	Успех! Всички очакваме с нетърпение находките ти!
Cutscenes/Story Events/Mines/unlocking_the_mines_pt_2/unlocking_the_mines_pt_2/2	Errol, we both know the town's growth will not continue without a reliable source of stone and ore. New artifacts for the Museum would be a boon too!	Errol, nous savons tous les deux que la croissance de la ville ne durera pas sans source fiable de pierre et de minerai. Avoir de nouveaux artéfacts serait aussi un plus pour le musée !	Эррол, нам обоим известно, что рост города очень сильно опирается на надёжный источник камня и руды. И новые артефакты музею не помешают!	Ерол, и двамата знаем, че градът няма да продължи да се развива без надежден източник на камък и руда. А новите артефакти за музея също ще са от голяма полза!
Cutscenes/Story Events/Mines/unlocking_the_mines_pt_2/unlocking_the_mines_pt_2/3	I can see there is no dissuading you two.	Je vois bien que je n'arriverai pas à vous dissuader, tous les deux.	Понимаю, вас двоих не переубедить.	Виждам, че няма да ви разубедя и двамата.
Cutscenes/Story Events/Mines/unlocking_the_mines_pt_2/unlocking_the_mines_pt_2/4	Alright, alright. We shall proceed with the reopening.	D'accord, d'accord. Nous allons rouvrir.	Хорошо, хорошо. Откроем шахты.	Добре, добре. Ще продължим с повторното отваряне.
Cutscenes/Story Events/Mines/unlocking_the_mines_pt_2/unlocking_the_mines_pt_2/5	Be careful [Ari]. The earthquake has revealed cave passages beneath the Mines that are yet unexplored.	Fais bien attention, [Ari]. Le tremblement de terre a révélé sous les mines des grottes et des passages qui n'ont jamais été explorés.	Будь <p>осторожны</p><f>осторожна</f><m>осторожен</m><n>осторожно</n>, [Ari]. Землетрясение открыло подземные пещеры в глубинах шахт. Их пока никто не исследовал.	Внимавай, [Ari]. Земетресението е разкрило неизследвани пещерни проходи под Мините.
Cutscenes/Story Events/Mines/unlocking_the_mines_pt_2/unlocking_the_mines_pt_2/6	I trust you're ready to handle whatever lies below. Keep your wits about you.	J'espère que tu es <he>prêt</he><she>prête</she><they>prêt·e</they> à affronter ce que tu croiseras là en dessous. Sois très <he>vigilant</he><she>vigilant</she><they>vigilant·e</they> !	Но, думаю, ты <p>готовы</p><f>готова</f><m>готов</m><n>готово</n> ко всему, с чем предстоит столкнуться внизу. Держи ухо востро.	Вярвам, че ще се справиш с всичко, което се крие долу. Бъди нащрек.
Cutscenes/Story Events/Mines/unlocking_the_mines_pt_2/unlocking_the_mines_pt_2/7	For Mistria!	Pour Mistria !	За Мистрию!	За Мистрия!
Cutscenes/Story Events/Mines/unlocking_the_mines_pt_2/unlocking_the_mines_pt_2/8	Good luck. I will do what I can to assist the both of you with your finds at the Museum.	Bonne chance. Je ferai tout mon possible pour vous aider quand vous aurez des trouvailles destinées au musée.	Удачи. Я помогу всем, чем смогу, с вашими находками для музея.	Успех. Ще направя каквото мога, за да помагам и на двама ви с находките в музея.
Cutscenes/Story Events/Mines/unlocking_the_mines_pt_2/unlocking_the_mines_pt_2/9	With the main shaft collapsed, you'll need to take the ladder down to start your descent.	Le puits principal s'étant effondré, tu devras emprunter l'échelle pour commencer à descendre.	Поскольку главный туннель обвалился, тебе придется спуститься вниз по лестнице.	Главната шахта е срутена, затова ще трябва да слезеш по стълбата.
Cutscenes/Story Events/Mines/unlocking_the_mines_pt_2/unlocking_the_mines_pt_2/init	[Ari]! What a joyous day! Mistria's Town Rank improvement shows that we're on the right track.	[Ari] ! Quelle heureuse journée ! La progression de Mistria au classement des villes prouve que nous sommes sur la bonne voie.	[Ari]! Какой чудесный день! Городской ранг Мистрии поднимается, а это значит, мы на верном пути.	[Ari]! Какъв радостен ден! Повишаването на Ранга на града на Мистрия показва, че сме на прав път.
Cutscenes/Story Events/Mines/unlocking_the_mines_pt_2/unlocking_the_mines_pt_2_follow_up_adeline/1	Oh, but does this mean we'll have a steady source of ore again? We were barely getting by with Balor's connections.	Oh, ça veut dire que nous allons de nouveau avoir un approvisionnement régulier en minerai ? Nous nous en sortions à peine grâce aux relations de Balor.	Ох, если подумать, это значит, у нас снова будет постоянный источник руды. Поставок от связей Балора нам едва хватало.	О, но това означава ли, че отново ще имаме сигурен източник на руда? Едва се справяхме само с връзките на Балор.
Cutscenes/Story Events/Mines/unlocking_the_mines_pt_2/unlocking_the_mines_pt_2_follow_up_adeline/init	The Mines are open again? Please be careful down there!	Les mines sont à nouveau ouvertes ? Fais très attention, là en bas !	Шахты снова открыты? Пожалуйста, осторожнее там, внизу!	Мините пак са отворени? Моля те, внимавай там долу!
Cutscenes/Story Events/Mines/unlocking_the_mines_pt_2/unlocking_the_mines_pt_2_follow_up_balor/1	Let me know if you come across any gems or precious stones...	Fais-moi savoir si tu tombes sur des gemmes ou des pierres précieuses...	Найдёшь какие-нибудь драгоценные камни, не забудь сообщить...	Кажи ми, ако попаднеш на скъпоценни или други ценни камъни…
Cutscenes/Story Events/Mines/unlocking_the_mines_pt_2/unlocking_the_mines_pt_2_follow_up_balor/init	Eiland, that devil! He got the Mines open, did he?	Sacré Eiland ! Il a fait rouvrir les mines, c'est ça ?	Эйланд, пройдоха, снова открыл шахты, да?	Този дявол Айленд! Значи е успял да отвори Мините?
Cutscenes/Story Events/Mines/unlocking_the_mines_pt_2/unlocking_the_mines_pt_2_follow_up_eiland/1	And let me know if there's anything worth surveying down there!	Et fais-moi savoir si tu y trouves quoi que ce soit qui vaille la peine d'être étudié !	И сообщи, если найдешь что-нибудь, стоящее оценки.	И ми кажи, ако долу има нещо, което си заслужава да бъде проучено!
Cutscenes/Story Events/Mines/unlocking_the_mines_pt_2/unlocking_the_mines_pt_2_follow_up_eiland/init	I'm thrilled that you're exploring the Mines, [Ari]. Do be careful.	Je suis aux anges que tu explores les mines, [Ari]. Sois très <he>prudent</he><she>prudent</she><they>prudent·e</they>.	Я так рад, что ты исследуешь шахты, [Ari]. Но соблюдай осторожность.	Толкова съм развълнуван, че изследваш Мините, [Ari]. Наистина внимавай.
Cutscenes/Story Events/Mines/unlocking_the_mines_pt_2/unlocking_the_mines_pt_2_follow_up_errol/init	It does my old heart good to see the Mines reopened, even in a provisional capacity.	Cela réchauffe mon vieux cœur de voir les mines ouvertes à nouveau, même partiellement.	Открытие шахт, пусть даже условное, греет мою старую душу.	Сгрява старото ми сърце да видя Мините отново отворени, макар и временно.
Cutscenes/Story Events/Mines/unlocking_the_mines_pt_2/unlocking_the_mines_pt_2_follow_up_march/1	I guess there's more to you than I thought.	Je me suis peut-être trompé sur toi.	Ты не так <p>просты</p><f>проста</f><m>прост</m><n>прост</n>, как кажешься.	Май в теб има повече, отколкото си мислех.
Cutscenes/Story Events/Mines/unlocking_the_mines_pt_2/unlocking_the_mines_pt_2_follow_up_march/init	You went into the Mines? And you came out in one piece?	Tu es <he>descendu</he><she>descendue</she><they>descendu·e</they> dans les mines ? Et <he>revenu</he><she>revenue</she><they>revenu·e</they> en un seul morceau ?	Ты <p>ходили</p><f>ходила</f><m>ходил</m><n>ходило</n> в шахты и <p>вернулись целыми</p><f>вернулась целой</f><m>вернулся целым</m><n>вернулось целым</n>?	Влезе в Мините и излезе невредим?
Cutscenes/Story Events/Mines/unlocking_the_mines_pt_2/unlocking_the_mines_pt_2_follow_up_olric/1	I love working at the Blacksmith's with March, but I do miss breaking rocks.	J'adore travailler à la forge avec March, mais ça me manque de casser de la roche.	Мне, конечно, нравится работать в кузне с Мартом, но я скучаю по колке камушков.	Обичам да работя с Марч в ковачницата, но ми липсва да троша камъни.
Cutscenes/Story Events/Mines/unlocking_the_mines_pt_2/unlocking_the_mines_pt_2_follow_up_olric/2	Break some rocks for me, okay?	Tu en casseras un peu pour moi, d'accord ?	Наколись там вдоволь и за меня, хорошо?	Потроши малко камъни и вместо мен, става ли?
Cutscenes/Story Events/Mines/unlocking_the_mines_pt_2/unlocking_the_mines_pt_2_follow_up_olric/init	I heard you got down into the Mines, [Ari]! That's awesome!	J'ai entendu dire que tu étais <he>descendu</he><she>descendue</she><they>descendu·e</they> dans les mines, [Ari] ! C'est génial !	Я слышал, ты <p>спустились</p><f>спустилась</f><m>спустился</m><n>спустилось</n> в шахты, [Ari]! Круто!	Чух за експедицията ти в Мините, [Ari]! Страхотно!
Cutscenes/Story Events/Mines/water_seal/break_water_seal/1	^Dragon... Priestess...^	^Prêtresse... dragon...^	^Жрица... дракона...^	^Драконовата... жрица...^
Cutscenes/Story Events/Mines/water_seal/break_water_seal/2	^Meet... below...^	^Retrouvons... en bas...^	^Ищи меня... глубже...^	^Среща... долу...^
Cutscenes/Story Events/Mines/water_seal/break_water_seal/init	^Hero... thank you... I am...^	^<she>Héroïne</she><he>Héros</he><they>Être héroïque</they>... Merci... Je suis...^	^Герой... Спасибо... Я...^	^<he>Герою</he><she>Героиньо</she><they>Герои</they>... благодаря ти... Аз съм...^
Cutscenes/Story Events/Mines/water_seal/break_water_seal_follow_up_eiland/1	I can't wait to find out what you discover next. How exciting!	J'ai tellement hâte de savoir ce que tu vas découvrir ensuite. C'est palpitant !	Я уже жду, какие потрясающие находки ты принесёшь дальше. Дух захватывает!	Нямам търпение да разбера какво ще откриеш след това. Колко вълнуващо!
Cutscenes/Story Events/Mines/water_seal/break_water_seal_follow_up_eiland/init	The tablet translation helped you find a path leading deeper underground? Incredible!	La traduction de la tablette t'a permis de découvrir un chemin menant plus bas encore ? Incroyable !	Перевод этой скрижали помог тебе найти путь ещё глубже в шахты? Невероятно!	Преводът на плочата ти помогна да откриеш път към по-дълбоките нива? Невероятно!
Cutscenes/Story Events/Mines/water_seal/break_water_seal_follow_up_juniper/1	You're hiding something from me aren't you?	Tu ne serais pas en train de me cacher quelque chose ?	Ты от меня что-то скрываешь, да ведь?	Криеш нещо от мен, нали?
Cutscenes/Story Events/Mines/water_seal/break_water_seal_follow_up_juniper/2	I can feel an increase in magic energy. What exactly did you do?	Je sens une hausse des flux d'énergie magique. Qu'as-tu fait, exactement ?	Я чувствую, как усилились потоки магии. Что ты такое <p>сделали</p><f>сделала</f><m>сделал</m><n>сделало</n>?	Усещам засилване на магическата енергия. Какво точно направи?
Cutscenes/Story Events/Mines/water_seal/break_water_seal_follow_up_juniper/3	You broke a magic seal!? You expect me to believe that?	Tu aurais brisé un sceau magique ?! Tu penses que je vais gober ça ?	Ты <p>раскрыли</p><f>раскрыла</f><m>раскрыл</m><n>раскрыло</n> магическую печать?! Думаешь, я поверю?	Разби магически печат? Очакваш да ти повярвам?
Cutscenes/Story Events/Mines/water_seal/break_water_seal_follow_up_juniper/4	Oh ho ho ho!	Oh ho ho ho !	О-хо-хо-хо!	О, хо-хо-хо!
Cutscenes/Story Events/Mines/water_seal/break_water_seal_follow_up_juniper/5	You should really stick to farming. Leave the magic stuff to me.	Retourne à l'agriculture et laisse-moi m'occuper de tout ce qui a trait à la magie.	Лучше занимайся дальше своей фермой. А магию оставь мне.	По-добре се придържай към земеделието. Остави магическите неща на мен.
Cutscenes/Story Events/Mines/water_seal/break_water_seal_follow_up_juniper/init	[Ari], [Ari], [Ari]...	[Ari], [Ari], [Ari]...	[Ari], [Ari], [Ari]...	[Ari], [Ari], [Ari]...
Cutscenes/Story Events/Mines/water_seal/water_seal/1	^Hero... the Water Seal...^	^<she>Héroïne</she><he>Héros</he><they>Être héroïque</they>... Le sceau... de l'eau...^	^Герой... Печать воды...^	^<he>Герою</he><she>Героиньо</she><they>Герои</they>... Печатът на водата...^
Cutscenes/Story Events/Mines/water_seal/water_seal/2	The tablet has an unknown language inscribed upon it. $Eiland might be able to translate the text if you take a rubbing of the tablet to him$.	Un texte rédigé dans une langue inconnue est gravé sur la tablette. $Si vous en apportez un calque à Eiland, il pourra peut-être le traduire.$	Скрижаль покрыта письменами на незнакомом языке. $Возможно, Эйланд сможет их перевести, если ему показать текст$.	На плочата е изписан непознат език. $Айленд може да успее да преведе текста, ако му занесеш претривка от плочата$.
Cutscenes/Story Events/Mines/water_seal/water_seal/init	A faint whisper breaks the silence...	Un murmure à peine audible vient briser le silence...	В тишине раздаётся слабый шёпот...	Тих шепот разкъсва тишината...
Cutscenes/Story Events/Town Repair/apiaries_and_terrariums/apiaries_and_terrariums/1	Ahem!	Hum hum !	Кхм!	Ahem!
Cutscenes/Story Events/Town Repair/apiaries_and_terrariums/apiaries_and_terrariums/10	Access to all kinds of fresh, delicious $Honey$!	L'accès à plein de délicieux $miels$ tout frais !	У нас будет собственный свежий $мёд$!	Access to all kinds of fresh, delicious $Honey$!
Cutscenes/Story Events/Town Repair/apiaries_and_terrariums/apiaries_and_terrariums/11	And $Terrariums$ can house $Bugs$ that make all sorts of useful things!	Et un $terrarium$ peut abriter des $insectes$ capables de faire plein de trucs utiles !	А в $террариумах$ можно держать $жуков$. Они дают самые разные полезные вещи!	And $Terrariums$ can house $Bugs$ that make all sorts of useful things!
Cutscenes/Story Events/Town Repair/apiaries_and_terrariums/apiaries_and_terrariums/12	To be sure we're qualified for the program, the society has asked us to ship them... a lot of bugs.	Afin de vérifier que nous avons les qualifications nécessaires pour le programme, la Société nous a demandé de leur envoyer... plein d'insectes.	В качестве подтверждения квалификации для вступления в программу общество требует отправить им... много жуков.	To be sure we're qualified for the program, the society has asked us to ship them... a lot of bugs.
Cutscenes/Story Events/Town Repair/apiaries_and_terrariums/apiaries_and_terrariums/13	I'm good, but there's only so many hours in a day.	Je suis doué, mais les journées ne sont pas extensibles.	Я за, но за день многого не успеть.	I'm good, but there's only so many hours in a day.
Cutscenes/Story Events/Town Repair/apiaries_and_terrariums/apiaries_and_terrariums/14	I could really use your help, [Ari].	Ton aide me serait vraiment utile, [Ari].	Мне бы очень пригодилась твоя помощь, [Ari].	I could really use your help, [Ari].
Cutscenes/Story Events/Town Repair/apiaries_and_terrariums/apiaries_and_terrariums/14/prompts/0	Of course!	Bien sûr !	Ну разумеется!	Of course!
Cutscenes/Story Events/Town Repair/apiaries_and_terrariums/apiaries_and_terrariums/14/prompts/1	Sure! Maybe Reina and Adeline could help too?	Entendu ! Peut-être que Reina et Adeline pourraient nous aider aussi ?	Конечно! Может, Рейна и Аделина тоже смогут помочь?	Sure! Maybe Reina and Adeline could help too?
Cutscenes/Story Events/Town Repair/apiaries_and_terrariums/apiaries_and_terrariums/15	I knew I could count on you!	Je savais que je pouvais compter sur toi !	Я знал, что могу на тебя рассчитывать!	I knew I could count on you!
Cutscenes/Story Events/Town Repair/apiaries_and_terrariums/apiaries_and_terrariums/16	I um... well.	Je euh... eh bien.	Я, эмм...	I um... well.
Cutscenes/Story Events/Town Repair/apiaries_and_terrariums/apiaries_and_terrariums/17	I guess I could keep a look out.	Je pourrai toujours ouvrir l'œil.	Ну, наверное, я могу посмотреть, если кто-то попадётся.	I guess I could keep a look out.
Cutscenes/Story Events/Town Repair/apiaries_and_terrariums/apiaries_and_terrariums/18	I suppose if it means we'll get new kinds of $Honey$ in stock...	Si ça veut dire qu'on pourra avoir de nouveaux types de $miel$ en stock...	Раз уже это необходимо, чтобы получить новые виды $мёда$...	I suppose if it means we'll get new kinds of $Honey$ in stock...
Cutscenes/Story Events/Town Repair/apiaries_and_terrariums/apiaries_and_terrariums/19	Oh don't worry about it you two, [Ari] and I can handle it!	Oh, ne vous inquiétez pas de ça, toutes les deux, avec [Ari], on se débrouillera !	Ой, вы лучше не переживайте. [Ari] и я справимся вдвоём!	Oh don't worry about it you two, [Ari] and I can handle it!
Cutscenes/Story Events/Town Repair/apiaries_and_terrariums/apiaries_and_terrariums/2	I have here a letter from the Royal Society of Entomologists!	J'ai ici une lettre de la Société royale d'entomologie !	У меня есть письмо от Королевского энтомологического общества!	I have here a letter from the Royal Society of Entomologists!
Cutscenes/Story Events/Town Repair/apiaries_and_terrariums/apiaries_and_terrariums/20	After all, this job calls for the professional touch of the true entomologist!	Après tout, cette mission nécessite le savoir-faire professionnel d'un véritable entomologiste !	В конце концов, эта работа требует профессионализма настоящих энтомологов!	After all, this job calls for the professional touch of the true entomologist!
Cutscenes/Story Events/Town Repair/apiaries_and_terrariums/apiaries_and_terrariums/21	If you could $ship 20 bugs$, [Ari], I'll cover the rest, okay?	Si tu peux $expédier 20 insectes$, [Ari], je m'occuperai du reste, d'accord ?	[Ari], ты сможешь $отправить 20 жуков$, а я займусь остальным, ладно?	If you could $ship 20 bugs$, [Ari], I'll cover the rest, okay?
Cutscenes/Story Events/Town Repair/apiaries_and_terrariums/apiaries_and_terrariums/22	After you've shipped them, come and see me, okay, [Ari]?	Une fois que tu les auras expédiés, viens me voir, d'accord, [Ari] ?	Когда отправишь, приходи ко мне, хорошо, [Ari]?	After you've shipped them, come and see me, okay, [Ari]?
Cutscenes/Story Events/Town Repair/apiaries_and_terrariums/apiaries_and_terrariums/3	It congratulates Mistria on its recovery efforts and contributions to the science of Entomology!	Elle félicite Mistria pour ses efforts de conservation et sa contribution à la science entomologique !	Они поздравляют Мистрию с успехами в восстановлении и отмечают вклад в энтомологическую науку!	It congratulates Mistria on its recovery efforts and contributions to the science of Entomology!
Cutscenes/Story Events/Town Repair/apiaries_and_terrariums/apiaries_and_terrariums/4	It's wonderful to hear that a society from the Capital has taken notice of our hard work!	C'est fantastique d'apprendre qu'une société savante de la capitale a remarqué notre travail !	Как чудесно, что столичное общество заметило наши труды!	It's wonderful to hear that a society from the Capital has taken notice of our hard work!
Cutscenes/Story Events/Town Repair/apiaries_and_terrariums/apiaries_and_terrariums/4/prompts/0	Did they include a medal?	Ils ont ajouté une médaille ?	Они случайно не прислали медаль?	Did they include a medal?
Cutscenes/Story Events/Town Repair/apiaries_and_terrariums/apiaries_and_terrariums/4/prompts/1	Wow Luc, that's amazing!	Waouh, Luc, c'est incroyable !	Ух ты, Люк, это потрясающе!	Wow Luc, that's amazing!
Cutscenes/Story Events/Town Repair/apiaries_and_terrariums/apiaries_and_terrariums/5	Something even better than a medal, [Ari]!	Encore mieux qu'une médaille, [Ari] !	Ещё лучше, чем медаль, [Ari]!	Something even better than a medal, [Ari]!
Cutscenes/Story Events/Town Repair/apiaries_and_terrariums/apiaries_and_terrariums/6	It is, isn't it?	Mais oui, hein ?	Это точно!	It is, isn't it?
Cutscenes/Story Events/Town Repair/apiaries_and_terrariums/apiaries_and_terrariums/7	In recognition of our hard work...	En guise de reconnaissance pour tout notre travail...	В знак признания наших усердных трудов...	In recognition of our hard work...
Cutscenes/Story Events/Town Repair/apiaries_and_terrariums/apiaries_and_terrariums/8	They'd like to offer us an opportunity to apply to their $Apiary and Terrarium$ program!	Ils aimeraient nous offrir l'opportunité de nous inscrire à leur programme $Ruche et terrarium$ !	Они дают нам возможность вступить в их программу $ульев и террариумов$!	They'd like to offer us an opportunity to apply to their $Apiary and Terrarium$ program!
Cutscenes/Story Events/Town Repair/apiaries_and_terrariums/apiaries_and_terrariums/9	Keeping $Bees$ in $Apiaries$? That would mean...	Garder des $abeilles$ dans des $ruches$ ? Ça voudrait dire...	В $ульях$ обычно держат $пчёл$. Значит...	Keeping $Bees$ in $Apiaries$? That would mean...
Cutscenes/Story Events/Town Repair/apiaries_and_terrariums/apiaries_and_terrariums/init	[Ari], you came!	Tu es là, [Ari] !	[Ari], ты <p>пришли</p><f>пришла</f><m>пришёл</m><n>пришло</n>!	[Ari], you came!
Cutscenes/Story Events/Town Repair/apiaries_and_terrariums/apiaries_and_terrariums_follow_up_post_luc/1	Isn't the terrarium cool? I can't wait to see what kind of bugs we'll find with it!	Il est sympa ce terrarium, hein ? J'ai hâte de voir quelles petites bêtes on pourra trouver grâce à lui !	Террариум — это так круто, правда? Уже хочу начать рассаживать там жуков!	Isn't the terrarium cool? I can't wait to see what kind of bugs we'll find with it!
Cutscenes/Story Events/Town Repair/apiaries_and_terrariums/apiaries_and_terrariums_follow_up_post_luc/init	[Ari]! Thank you so much for shipping all those insects!	Merci beaucoup d'avoir expédié tous ces insectes, [Ari] !	[Ari]! Большое спасибо, что <p>отправили</p><f>отправила</f><m>отправил</m><n>отправило</n> столько насекомых!	[Ari]! Thank you so much for shipping all those insects!
Cutscenes/Story Events/Town Repair/apiaries_and_terrariums/apiaries_and_terrariums_follow_up_post_terithia/1	Bet you could fish up all sorts of interesting creatures with that $Bait$!	Je parie qu'on pourrait pêcher toutes sortes de créatures intéressantes avec un $appât$ pareil !	Наверняка с такой $наживкой$ получится достать каких-нибудь интересных тварей!	Bet you could fish up all sorts of interesting creatures with that $Bait$!
Cutscenes/Story Events/Town Repair/apiaries_and_terrariums/apiaries_and_terrariums_follow_up_post_terithia/init	Luc was telling me about that Terrarium thingy.	Luc m'a parlé de son truc, le terrarium.	Люк рассказывал мне про эти новые террариумы.	Luc was telling me about that Terrarium thingy.
Cutscenes/Story Events/Town Repair/apiaries_and_terrariums/apiaries_and_terrariums_follow_up_pre_adeline/init	That Luc! I wish I had half his gumption when I was his age.	Sacré Luc ! Si seulement j'avais eu la moitié de sa jugeote, au même âge.	Ай да Люк! Мне бы в его возрасте такую решимость!	That Luc! I wish I had half his gumption when I was his age.
Cutscenes/Story Events/Town Repair/apiaries_and_terrariums/apiaries_and_terrariums_follow_up_pre_hemlock/1	On the one hand, that means Luc will be able to keep more bugs.	D'un côté, ça veut dire que Luc gardera encore plus d'insectes.	С одной стороны, это значит, что у Люка будет ещё больше жуков.	On the one hand, that means Luc will be able to keep more bugs.
Cutscenes/Story Events/Town Repair/apiaries_and_terrariums/apiaries_and_terrariums_follow_up_pre_hemlock/2	But on the other hand, it means my little guy will be even happier!	Mais d'un autre, ça veut dire que ce petit bonhomme sera encore plus heureux !	Но с другой стороны, это значит, что мой мальчик будет доволен!	But on the other hand, it means my little guy will be even happier!
Cutscenes/Story Events/Town Repair/apiaries_and_terrariums/apiaries_and_terrariums_follow_up_pre_hemlock/3	Seems worth it to me.	Pour moi, ça en vaut la peine.	А значит, это того стоит!	Seems worth it to me.
Cutscenes/Story Events/Town Repair/apiaries_and_terrariums/apiaries_and_terrariums_follow_up_pre_hemlock/init	Terrariums huh...	Des terrariums, hein...	Террариумы, значит...	Terrariums huh...
Cutscenes/Story Events/Town Repair/apiaries_and_terrariums/apiaries_and_terrariums_follow_up_pre_reina/1	I've been helping him write to the Royal Society of Entomologists like every week.	Je l'ai aidé à rédiger son courrier à la Société royale d'entomologie, comme chaque semaine.	Я помогала ему писать письма в Королевское энтомологическое общество, по-моему, каждую неделю.	I've been helping him write to the Royal Society of Entomologists like every week.
Cutscenes/Story Events/Town Repair/apiaries_and_terrariums/apiaries_and_terrariums_follow_up_pre_reina/2	He was so tickled when they wrote back calling him a Fellow Scientist!	Il était tellement content quand ils lui ont répondu en l'appelant « cher confrère » !	Ему так понравилось, когда они в ответном письме назвали его коллегой-учёным!	He was so tickled when they wrote back calling him a Fellow Scientist!
Cutscenes/Story Events/Town Repair/apiaries_and_terrariums/apiaries_and_terrariums_follow_up_pre_reina/init	Thanks for agreeing to help Luc, [Ari].	Merci d'avoir accepté d'aider Luc, [Ari].	Спасибо, что <p>согласились</p><f>согласилась</f><m>согласился</m><n>согласилось</n> помочь Люку, [Ari].	Thanks for agreeing to help Luc, [Ari].
Cutscenes/Story Events/Town Repair/apiaries_and_terrariums/apiaries_and_terrariums_turn_in/1	We just heard from the Royal Society of Entomologists...	Nous venons d'avoir des nouvelles de la Société royale d'entomologie...	Мы только что получили новости из Королевского энтомологического общества...	We just heard from the Royal Society of Entomologists...
Cutscenes/Story Events/Town Repair/apiaries_and_terrariums/apiaries_and_terrariums_turn_in/2	They approved our application for the $Apiary & Terrarium$ program! Congratulations!	Ils ont approuvé notre candidature au programme $Ruche et terrarium$ ! Félicitations !	Они приняли нашу заявку на вступление в программу $ульев и террариумов$! Поздравляю!	They approved our application for the $Apiary & Terrarium$ program! Congratulations!
Cutscenes/Story Events/Town Repair/apiaries_and_terrariums/apiaries_and_terrariums_turn_in/3	And here's the included equipment they provided to get you started.	Et voici l'équipement qu'ils ont fourni pour débuter.	А вот снаряжение, которое они предоставили для начала работы.	And here's the included equipment they provided to get you started.
Cutscenes/Story Events/Town Repair/apiaries_and_terrariums/apiaries_and_terrariums_turn_in/4	Best of luck on your bug hunting!	Bonne chance dans ta chasse aux petites bêtes !	Удачи в ваших поисках насекомых!	Best of luck on your bug hunting!
Cutscenes/Story Events/Town Repair/apiaries_and_terrariums/apiaries_and_terrariums_turn_in/init	There you are, [Ari]!	Te voilà, [Ari] !	А вот и [Ari]!	There you are, [Ari]!
Cutscenes/Story Events/Town Repair/lost_and_found/lost_and_found/1	Welcome! Pull up a chair.	Bienvenue ! Prends place.	Приветствую! Располагайся.	Welcome! Pull up a chair.
Cutscenes/Story Events/Town Repair/lost_and_found/lost_and_found/10	You're really going to leave the Dragonguard out of another meeting!?	Vous allez encore refuser à la Garde des dragons d'assister à une autre réunion ?!	Вы снова не позвали на собрание Драконью стражу?!	You're really going to leave the Dragonguard out of another meeting!?
Cutscenes/Story Events/Town Repair/lost_and_found/lost_and_found/11	How are we gonna protect Mistria at this rate?	Comment on va protéger Mistria, si ça continue comme ça ?	Как мы тогда будем защищать Мистрию?	How are we gonna protect Mistria at this rate?
Cutscenes/Story Events/Town Repair/lost_and_found/lost_and_found/12	Hemlock, I thought Reina was going to distract them with chocolate bars?	Hemlock, je croyais que Reina devait les distraire avec des barres de chocolat ?	Хемлок, Рейна же собиралась отвлечь их шоколадками?	Hemlock, I thought Reina was going to distract them with chocolate bars?
Cutscenes/Story Events/Town Repair/lost_and_found/lost_and_found/13	She did!	Elle l'a fait !	Она так и сделала!	She did!
Cutscenes/Story Events/Town Repair/lost_and_found/lost_and_found/14	Oh yeah, we ate those super fast.	Ah oui, on les a mangées super vite.	О да, мы молниеносно их слопали.	Oh yeah, we ate those super fast.
Cutscenes/Story Events/Town Repair/lost_and_found/lost_and_found/15	My tummy hurts!	J'ai mal au ventre !	У меня живот разболелся!	My tummy hurts!
Cutscenes/Story Events/Town Repair/lost_and_found/lost_and_found/16	Now listen you three, you march yourselves right back to the Inn-	Bon, écoutez, tous les trois, vous retournez à l'auberge au pas de charge...	Так, слушайте, вы втроём — бегом обратно в трактир и...	Now listen you three, you march yourselves right back to the Inn-
Cutscenes/Story Events/Town Repair/lost_and_found/lost_and_found/17	No no, it's fine. They can stay.	Non, non, ça va. Ils peuvent rester.	Да ничего страшного. Пускай остаются.	No no, it's fine. They can stay.
Cutscenes/Story Events/Town Repair/lost_and_found/lost_and_found/18	Yay!	Youpi !	Ура!	Yay!
Cutscenes/Story Events/Town Repair/lost_and_found/lost_and_found/19	As long as you're all quiet, okay?	Seulement si vous vous tenez tranquilles, d'accord ?	Но только если будете вести себя тихо, понятно?	As long as you're all quiet, okay?
Cutscenes/Story Events/Town Repair/lost_and_found/lost_and_found/2	Thank you all for coming today.	Merci à tous d'être venus aujourd'hui.	Спасибо всем, что пришли.	Thank you all for coming today.
Cutscenes/Story Events/Town Repair/lost_and_found/lost_and_found/20	You got it, Dad!	Compris, papa !	Так точно, папа!	You got it, Dad!
Cutscenes/Story Events/Town Repair/lost_and_found/lost_and_found/21	Now... where was I...	Bien... Où en étais-je...?	Итак... на чём я остановилась...	Now... where was I...
Cutscenes/Story Events/Town Repair/lost_and_found/lost_and_found/22	Oh, yes. We have several items on today's agenda, there's a grant proposal to review, the establishment of a $Lost & Found$, and-	Ah oui. Nous avons plusieurs points à l'ordre du jour : examiner une offre de prêt, la mise en place d'un service des $Objets trouvés$, et...	Ах, да. Сегодня на повестке у нас несколько пунктов. Нам нужно рассмотреть заявку на грант, проект $ящика находок$ и...	Oh, yes. We have several items on today's agenda, there's a grant proposal to review, the establishment of a $Lost & Found$, and-
Cutscenes/Story Events/Town Repair/lost_and_found/lost_and_found/23	If I may interject, I second the $Lost & Found$ proposal.	Si je peux me permettre d'intervenir, je suis favorable à la proposition pour les $Objets trouvés$.	Позвольте вмешаться: я хочу поддержать проект $ящика находок$.	If I may interject, I second the $Lost & Found$ proposal.
Cutscenes/Story Events/Town Repair/lost_and_found/lost_and_found/24	Last week Olric left a rock outside the museum that Eiland and I were convinced had some archaeological merit before he came back to claim it.	La semaine dernière, Olric a laissé une pierre devant le musée qu'Eiland et moi avons prise pour une trouvaille archéologique avant qu'il vienne la récupérer.	На прошлой неделе Ольрик оставил возле музея камень. Мы с Эйландом были убеждены, что он представляет археологическую ценность, пока он не пришёл его забрать.	Last week Olric left a rock outside the museum that Eiland and I were convinced had some archaeological merit before he came back to claim it.
Cutscenes/Story Events/Town Repair/lost_and_found/lost_and_found/25	"It was, to quote Olric, ""a pretty rad rock"", but it certainly wasn't a high water mark for the Historical Society."	C'était, pour citer Olric, « une pierre d'enfer », mais certainement pas le summum pour la Société d'histoire.	Это был, как выразился Ольрик «обалденный камень», но для Исторического общества это определённо недостаточно высокая планка.	"It was, to quote Olric, ""a pretty rad rock"", but it certainly wasn't a high water mark for the Historical Society."
Cutscenes/Story Events/Town Repair/lost_and_found/lost_and_found/26	At any rate, a $Lost & Found Chest$ would be a net win for the town.	Quoi qu'il en soit, une $boîte à objets trouvés$ serait un vrai gain pour la ville.	В любом случае $ящик находок$ был бы полезен для всего города.	At any rate, a $Lost & Found Chest$ would be a net win for the town.
Cutscenes/Story Events/Town Repair/lost_and_found/lost_and_found/27	Although we will need some volunteer help gathering the lost items floating around town.	Même s'il nous faudrait une personne volontaire pour rassembler les objets égarés dans toute la ville.	Правда, нам понадобится доброволец, чтобы собирать по городу потерянные предметы.	Although we will need some volunteer help gathering the lost items floating around town.
Cutscenes/Story Events/Town Repair/lost_and_found/lost_and_found/27/prompts/0	Who did you have in mind?	À qui pensais-tu ?	И кто у тебя на примете?	Who did you have in mind?
Cutscenes/Story Events/Town Repair/lost_and_found/lost_and_found/27/prompts/1	Sounds like a lot of work...	C'est beaucoup de travail, j'ai l'impression...	Кажется, работы будет немало...	Sounds like a lot of work...
Cutscenes/Story Events/Town Repair/lost_and_found/lost_and_found/28	Why, I think the very person might be right in front of us! I nominate-	Eh bien, je pense que cette personne se trouve juste sous nos yeux ! J'ai nommé...	Ну как же! По-моему, этот человек стоит прямо перед нами. Я предлагаю...	Why, I think the very person might be right in front of us! I nominate-
Cutscenes/Story Events/Town Repair/lost_and_found/lost_and_found/3	As I'm sure you're all aware, Mistria's town rank has risen yet again!	Comme vous le savez sans doute tous, Mistria a encore grimpé dans le classement des villes !	Как вы наверняка знаете, ранг Мистрии снова вырос!	As I'm sure you're all aware, Mistria's town rank has risen yet again!
Cutscenes/Story Events/Town Repair/lost_and_found/lost_and_found/30	Oh, I suspect the person I have in mind could take care of it while they were already running around Mistria!	Oh, j'imagine que la personne à laquelle je pense pourrait s'en charger pendant qu'elle parcourt Mistria en tous sens !	О, я заметил, что этот человек и так много бегает по Мистрии, так что сможет заняться этим по пути!	Oh, I suspect the person I have in mind could take care of it while they were already running around Mistria!
Cutscenes/Story Events/Town Repair/lost_and_found/lost_and_found/31	I nominate-	J'ai nommé...	Я предлагаю...	I nominate-
Cutscenes/Story Events/Town Repair/lost_and_found/lost_and_found/32	Way ahead of you, Eiland! The Dragonguard can handle it!	Preums, Eiland ! La Garde des dragons peut s'en charger !	Мы всё уже решили, Эйланд! Это работа для Драконьей стражи!	Way ahead of you, Eiland! The Dragonguard can handle it!
Cutscenes/Story Events/Town Repair/lost_and_found/lost_and_found/33	Excuse me?	Pardon ?	Прошу прощения?	Excuse me?
Cutscenes/Story Events/Town Repair/lost_and_found/lost_and_found/34	Of course! We're out on patrol protecting the town all the time anyway.	Bien sûr ! On patrouille déjà en permanence dans toute la ville pour la protéger.	Кто же ещё! Мы и так постоянно патрулируем город, охраняя его.	Of course! We're out on patrol protecting the town all the time anyway.
Cutscenes/Story Events/Town Repair/lost_and_found/lost_and_found/35	Yeah, you really should let us help.	Oui, vous devriez vraiment nous laisser vous aider.	Точно. Лучше разрешите вам помогать.	Yeah, you really should let us help.
Cutscenes/Story Events/Town Repair/lost_and_found/lost_and_found/36	Then maybe you won't all look so tired!	Peut-être que vous auriez tous l'air moins fatigués !	Может, тогда у вас не будут такие усталые лица.	Then maybe you won't all look so tired!
Cutscenes/Story Events/Town Repair/lost_and_found/lost_and_found/37	Maple...	Maple...	Мэйпл...	Maple...
Cutscenes/Story Events/Town Repair/lost_and_found/lost_and_found/38	Well, if they're volunteering... I personally don't have an issue accepting their help.	Eh bien, s'ils se portent volontaires... pour moi ce n'est pas un problème d'accepter leur aide.	Что ж, раз они сами вызвались... Лично у меня нет возражений, чтобы разрешить им помочь.	Well, if they're volunteering... I personally don't have an issue accepting their help.
Cutscenes/Story Events/Town Repair/lost_and_found/lost_and_found/39	It's heartening to have such civic minded youths in Mistria! I'm all for it.	Ça fait chaud au cœur de voir le civisme de la jeunesse de Mistria ! J'y suis favorable.	Я тронут зарождающейся гражданской активностью мистрийской молодёжи! Полностью поддерживаю.	It's heartening to have such civic minded youths in Mistria! I'm all for it.
Cutscenes/Story Events/Town Repair/lost_and_found/lost_and_found/4	Congratulations everyone!	Félicitations à tous !	Поздравляю всех нас!	Congratulations everyone!
Cutscenes/Story Events/Town Repair/lost_and_found/lost_and_found/40	Very well! I'll officially assign the Dragonguard to this very important project.	Très bien ! Je confie officiellement ce projet très important à la Garde des dragons.	Отлично! Тогда я официально назначаю Драконью стражу на это крайне важное дело.	Very well! I'll officially assign the Dragonguard to this very important project.
Cutscenes/Story Events/Town Repair/lost_and_found/lost_and_found/41	We did it, Dragonguard!	On a réussi, Garde des dragons !	Драконья стража, мы справились!	We did it, Dragonguard!
Cutscenes/Story Events/Town Repair/lost_and_found/lost_and_found/42	I'll set up a $Lost & Found Chest$ south of the $stairs into town$.	J'installerai une $boîte à objets trouvés$ au sud des $escaliers qui mènent en ville$.	Я поставлю $ящик находок$ к югу от $ступеней в город$.	I'll set up a $Lost & Found Chest$ south of the $stairs into town$.
Cutscenes/Story Events/Town Repair/lost_and_found/lost_and_found/43	Children, please gather $any items that have been left around during the week$ into the chest $every Monday$ so that they can be claimed.	Les enfants, vous ramasserez $tous les objets abandonnés durant la semaine$ et les mettrez dans la boîte $chaque lundi$, afin qu'ils soient récupérés.	Дети, я прошу вас $каждый понедельник$ собирать в этот ящик $все бесхозные предметы, которые вы найдёте за неделю$. Там их можно будет забрать.	Children, please gather $any items that have been left around during the week$ into the chest $every Monday$ so that they can be claimed.
Cutscenes/Story Events/Town Repair/lost_and_found/lost_and_found/44	Noooo problem!	Paaaas de problème !	Без проблем!	Noooo problem!
Cutscenes/Story Events/Town Repair/lost_and_found/lost_and_found/45	Wonderful! Thank you, Dragonguard. Now, onto the next item-	Fantastique ! Merci, Garde des dragons. Passons au point suivant...	Чудесно! Спасибо, Драконья стража. Тогда перейдём к следующему вопросу...	Wonderful! Thank you, Dragonguard. Now, onto the next item-
Cutscenes/Story Events/Town Repair/lost_and_found/lost_and_found/46	Just a moment, Lady Adeline.	Encore un instant, Dame Adeline.	Минутку, леди Аделина.	Just a moment, Lady Adeline.
Cutscenes/Story Events/Town Repair/lost_and_found/lost_and_found/47	We haven't discussed the Dragonguard's payment yet.	Nous n'avons pas encore parlé du paiement de la Garde des dragons.	Мы ещё не обговорили оплату труда Драконьей стражи.	We haven't discussed the Dragonguard's payment yet.
Cutscenes/Story Events/Town Repair/lost_and_found/lost_and_found/5	I think special thanks are in order to one Mistrian in particular...	Je crois que des remerciements s'imposent pour une personne de Mistria en particulier...	Я думаю, один из жителей Мистрии заслужил особую благодарность...	I think special thanks are in order to one Mistrian in particular...
Cutscenes/Story Events/Town Repair/lost_and_found/lost_and_found/6	Well done [Ari]! We all appreciate your hard work!	Bravo, [Ari] ! Nous te sommes tous reconnaissants pour ton travail !	Хорошая работа, [Ari]! Мы все признательны тебе за труд.	Well done [Ari]! We all appreciate your hard work!
Cutscenes/Story Events/Town Repair/lost_and_found/lost_and_found/7	Hear, hear!	Bien dit, bravo !	Точно, точно!	Hear, hear!
Cutscenes/Story Events/Town Repair/lost_and_found/lost_and_found/8	Now, on to new business-	Bien, concernant les nouvelles tâches...	А теперь поговорим о новых делах...	Now, on to new business-
Cutscenes/Story Events/Town Repair/lost_and_found/lost_and_found/9	How about some old business, old people!	Et si on parlait des vieilles tâches, hein, les vieilles personnes !	А как насчёт старых дел, старички?	How about some old business, old people!
Cutscenes/Story Events/Town Repair/lost_and_found/lost_and_found/init	[Ari]! I'm so glad you could make it to our meeting!	[Ari] ! Je suis si contente que tu aies pu venir à notre réunion !	[Ari]!  Я рада, что у тебя получилось прийти на наше совещание.	[Ari]! I'm so glad you could make it to our meeting!
Cutscenes/Story Events/Town Repair/lost_and_found/lost_and_found_follow_up_adeline/1	But we negotiated her down from everyone in the Dragonguard getting a patrol pony, so I consider it a win.	Mais nous avons refusé d'octroyer à chacun de ses membres un poney pour leur patrouille, j'estime donc que nous sommes gagnants.	Но мы начинали с патрульного пони для каждого члена Драконьей стражи. Так что в моих глазах это победа.	But we negotiated her down from everyone in the Dragonguard getting a patrol pony, so I consider it a win.
Cutscenes/Story Events/Town Repair/lost_and_found/lost_and_found_follow_up_adeline/init	Maple successfully negotiated an extra snack for the Dragonguard on town clean-up days.	Maple a réussi à négocier un encas supplémentaire pour la Garde des dragons les jours de nettoyage de la ville.	Мэйпл успешно выторговала у меня угощение для всей Драконьей стражи в день сдачи находок.	Maple successfully negotiated an extra snack for the Dragonguard on town clean-up days.
Cutscenes/Story Events/Town Repair/lost_and_found/lost_and_found_follow_up_hemlock/init	Those kids! When I told Jo they broke into a council meeting she couldn't stop laughing.	Ces gosses ! Quand j'ai raconté à Jo qu'ils avaient débarqué dans une réunion du conseil, elle ne pouvait plus s'arrêter de rire.	Ну и дети! Когда я рассказал Джо, что они вломились на совещание, она так расхохоталась.	Those kids! When I told Jo they broke into a council meeting she couldn't stop laughing.
Cutscenes/Story Events/Town Repair/lost_and_found/lost_and_found_follow_up_nora/1	I guess she's growing up!	C'est qu'elle grandit !	Моя девочка растёт!	I guess she's growing up!
Cutscenes/Story Events/Town Repair/lost_and_found/lost_and_found_follow_up_nora/init	I couldn't be happier about Dell and her friends finally doing something useful with their time for the town.	Je suis ravie que Dell et ses amis aient enfin trouvé le moyen d'employer utilement leur temps pour la ville.	Я так довольна, что Делл с друзьями наконец займётся чем-то полезным для города.	I couldn't be happier about Dell and her friends finally doing something useful with their time for the town.
Cutscenes/Story Events/Town Repair/mistril_rank/mistril_rank/1	You're not going to believe who arrived in town this morning...	Tu ne vas jamais croire qui est arrivé en ville, ce matin.		You're not going to believe who arrived in town this morning...
Cutscenes/Story Events/Town Repair/mistril_rank/mistril_rank/10m	I hope you'll excuse the suddenness of our visit.	J'espère que vous nous pardonnerez cette visite impromptue.		I hope you'll excuse the suddenness of our visit.
Cutscenes/Story Events/Town Repair/mistril_rank/mistril_rank/10u	There is no need for formalities... you may simply call me Wiscar.	Inutile de s'embarrasser de formalités... Tu peux m'appeler tout simplement Wiscar.		There is no need for formalities... you may simply call me Wiscar.
Cutscenes/Story Events/Town Repair/mistril_rank/mistril_rank/11	Mother, Father, welcome home!	Mère, Père, bienvenue à la maison !		Mother, Father, welcome home!
Cutscenes/Story Events/Town Repair/mistril_rank/mistril_rank/12	But, er... to what do we owe the pleasure?	Mais, euh... Que nous vaut le plaisir...?		But, er... to what do we owe the pleasure?
Cutscenes/Story Events/Town Repair/mistril_rank/mistril_rank/13	We're delighted to see you, of course, it's just that we weren't expecting-	Nous sommes ravis de vous voir, bien sûr, seulement nous ne nous attendions pas à...		We're delighted to see you, of course, it's just that we weren't expecting-
Cutscenes/Story Events/Town Repair/mistril_rank/mistril_rank/14	Patience, my son! There is plenty of time yet for all that.	Patience, mon fils ! Nous avons tout le temps pour cela.		Patience, my son! There is plenty of time yet for all that.
Cutscenes/Story Events/Town Repair/mistril_rank/mistril_rank/15	We were hoping we could take a little time to enjoy the day.	Nous espérions profiter un peu de la journée.		We were hoping we could take a little time to enjoy the day.
Cutscenes/Story Events/Town Repair/mistril_rank/mistril_rank/16	Mistria has changed so much since we first left for the Capital...	Mistria a tellement changé depuis que nous en sommes partis pour la capitale...		Mistria has changed so much since we first left for the Capital...
Cutscenes/Story Events/Town Repair/mistril_rank/mistril_rank/17	If you have the time, why don't you take us on a tour?	Si vous en avez le temps, pourquoi ne pas nous faire une petite visite ?		If you have the time, why don't you take us on a tour?
Cutscenes/Story Events/Town Repair/mistril_rank/mistril_rank/18	You've all worked so hard on Mistria's restoration, after all.	Vous avez tous travaillé si dur à la restauration de Mistria, après tout.		You've all worked so hard on Mistria's restoration, after all.
Cutscenes/Story Events/Town Repair/mistril_rank/mistril_rank/19	It's one thing to hear about the changes in your letters, and another to appreciate them in person!	C'est une chose d'entendre parler de tous ces changements dans tes lettres et c'en est une autre de les voir en personne !		It's one thing to hear about the changes in your letters, and another to appreciate them in person!
Cutscenes/Story Events/Town Repair/mistril_rank/mistril_rank/2	The Baron and Baroness! My parents are here!	Le baron et la baronne ! Mes parents sont là !		The Baron and Baroness! My parents are here!
Cutscenes/Story Events/Town Repair/mistril_rank/mistril_rank/20	Of course, Mother, we would be happy to!	Bien sûr, Mère, nous en serions ravis !		Of course, Mother, we would be happy to!
Cutscenes/Story Events/Town Repair/mistril_rank/mistril_rank/21	I must admit, I am nearly lost for words!	Je dois reconnaître que j'en reste presque sans voix !		I must admit, I am nearly lost for words!
Cutscenes/Story Events/Town Repair/mistril_rank/mistril_rank/22	I can hardly believe how wonderful the town is looking!	J'ai du mal à réaliser combien la ville est belle !		I can hardly believe how wonderful the town is looking!
Cutscenes/Story Events/Town Repair/mistril_rank/mistril_rank/23	I was about to say the same!	J'allais dire la même chose.		I was about to say the same!
Cutscenes/Story Events/Town Repair/mistril_rank/mistril_rank/24	It's clear how hard you've worked for Mistria's sake.	Il est évident que vous avez travaillé très dur pour Mistria.		It's clear how hard you've worked for Mistria's sake.
Cutscenes/Story Events/Town Repair/mistril_rank/mistril_rank/25	I'm so proud of you all!	Je suis tellement fier de vous tous !		I'm so proud of you all!
Cutscenes/Story Events/Town Repair/mistril_rank/mistril_rank/26	Oh well, it was really all [Ari] and Adeline-	Oh, eh bien, c'est surtout à [Ari] et Adeline que l'on...		Oh well, it was really all [Ari] and Adeline-
Cutscenes/Story Events/Town Repair/mistril_rank/mistril_rank/27	That's not true, Eiland...	Ce n'est pas vrai, Eiland...		That's not true, Eiland...
Cutscenes/Story Events/Town Repair/mistril_rank/mistril_rank/28	Your work with [Ari] at the Museum played a huge role in raising our $Town Rank$!	Le travail que tu as accompli avec [Ari] au musée a aussi beaucoup contribué à faire monter Mistria au $classement des villes$ !		Your work with [Ari] at the Museum played a huge role in raising our $Town Rank$!
Cutscenes/Story Events/Town Repair/mistril_rank/mistril_rank/29	Ah!	Ah !		Ah!
Cutscenes/Story Events/Town Repair/mistril_rank/mistril_rank/3	They said they've come with news from the Capital. Isn't this exciting?	Ils m'ont dit qu'ils arrivaient avec des nouvelles de la capitale. C'est formidable, non ?		They said they've come with news from the Capital. Isn't this exciting?
Cutscenes/Story Events/Town Repair/mistril_rank/mistril_rank/30	The $Town$-	Le $classement$...		The $Town$-
Cutscenes/Story Events/Town Repair/mistril_rank/mistril_rank/31	$Rank$...	$des villes$...		$Rank$...
Cutscenes/Story Events/Town Repair/mistril_rank/mistril_rank/32	We were enjoying ourselves so much, we nearly forgot why we came out here in the first place!	Nous passions un si bon moment que nous avons failli oublier la raison initiale de notre venue !		We were enjoying ourselves so much, we nearly forgot why we came out here in the first place!
Cutscenes/Story Events/Town Repair/mistril_rank/mistril_rank/33	Not to worry!	Ce n'est rien de grave !		Not to worry!
Cutscenes/Story Events/Town Repair/mistril_rank/mistril_rank/34	Why don't we just get started now?	Si nous commencions tout de suite ?		Why don't we just get started now?
Cutscenes/Story Events/Town Repair/mistril_rank/mistril_rank/35	We have a big announcement to make, you see.	Nous avons une grande nouvelle à vous annoncer, voyez-vous.		We have a big announcement to make, you see.
Cutscenes/Story Events/Town Repair/mistril_rank/mistril_rank/36	One we'd like the whole town to hear.	Et nous aimerions que tous les habitants l'entendent.		One we'd like the whole town to hear.
Cutscenes/Story Events/Town Repair/mistril_rank/mistril_rank/37	Would you three help us gather everyone?	Pourriez-vous nous aider à rassembler tout le monde ?		Would you three help us gather everyone?
Cutscenes/Story Events/Town Repair/mistril_rank/mistril_rank/38	Thank you all for coming on such short notice!	Merci à tous d'être venus au pied levé !		Thank you all for coming on such short notice!
Cutscenes/Story Events/Town Repair/mistril_rank/mistril_rank/39	It does my heart wonders to see you all again.	Mon cœur se réjouit de tous vous voir à nouveau.		It does my heart wonders to see you all again.
Cutscenes/Story Events/Town Repair/mistril_rank/mistril_rank/4	Come on, they're waiting for us just up the road!	Viens, ils nous attendent tout près d'ici !		Come on, they're waiting for us just up the road!
Cutscenes/Story Events/Town Repair/mistril_rank/mistril_rank/40	Salutations, My Lord, My lady!	Je vous salue, Messire, Madame !		Salutations, My Lord, My lady!
Cutscenes/Story Events/Town Repair/mistril_rank/mistril_rank/41	Welcome home, dears!	Bienvenue à la maison, mes chers !		Welcome home, dears!
Cutscenes/Story Events/Town Repair/mistril_rank/mistril_rank/42	It's about time you came back for a visit! We've missed you!	Il était temps que vous reveniez nous rendre visite ! Vous nous avez manqué !		It's about time you came back for a visit! We've missed you!
Cutscenes/Story Events/Town Repair/mistril_rank/mistril_rank/43	Now, I'm sure you must be wondering about the news we've come to share.	Bien, je suis certaine que vous vous demandez la raison de notre venue.		Now, I'm sure you must be wondering about the news we've come to share.
Cutscenes/Story Events/Town Repair/mistril_rank/mistril_rank/44	As you know, Mistria has quickly exceeded all expectations with its achievement of $Diamond Star Town Rank$...	Comme vous le savez, Mistria a rapidement dépassé toutes les attentes en parvenant au rang d'$étoile de diamant$...		As you know, Mistria has quickly exceeded all expectations with its achievement of $Diamond Star Town Rank$...
Cutscenes/Story Events/Town Repair/mistril_rank/mistril_rank/45	The highest honor awarded by the Kingdom's $Renown$ system!	Il s'agit de la plus haute récompense qu'offre le système de $renommée$ du royaume !		The highest honor awarded by the Kingdom's $Renown$ system!
Cutscenes/Story Events/Town Repair/mistril_rank/mistril_rank/46	That is, until now.	Du moins, jusqu'à aujourd'hui.		That is, until now.
Cutscenes/Story Events/Town Repair/mistril_rank/mistril_rank/47	The moment we have all been waiting for has finally arrived.	Le moment que nous attendions tous est enfin arrivé.		The moment we have all been waiting for has finally arrived.
Cutscenes/Story Events/Town Repair/mistril_rank/mistril_rank/48	We are incredibly honored and delighted to announce...	Nous avons l'incroyable honneur et l'immense plaisir de vous annoncer...		We are incredibly honored and delighted to announce...
Cutscenes/Story Events/Town Repair/mistril_rank/mistril_rank/49	By the King's royal decree...	Que par décret royal...		By the King's royal decree...
Cutscenes/Story Events/Town Repair/mistril_rank/mistril_rank/50	A new $Town Rank$ has been created especially for Mistria, which now sits at the top position in the Kingdom!	Un nouveau $rang$ a été créé spécialement pour Mistria, qui occupe désormais la première place du classement !		A new $Town Rank$ has been created especially for Mistria, which now sits at the top position in the Kingdom!
Cutscenes/Story Events/Town Repair/mistril_rank/mistril_rank/51	Congratulations on your achievement of $Mistril Star Town Rank$!	Félicitations ! La ville a décroché l'$Étoile de mistril$ !		Congratulations on your achievement of $Mistril Star Town Rank$!
Cutscenes/Story Events/Town Repair/mistril_rank/mistril_rank/52	And in recognition of [Ari]'s role in Mistria's rapid ascension-	De plus, en reconnaissance du rôle joué par [Ari] dans l'ascension fulgurante de Mistria...		And in recognition of [Ari]'s role in Mistria's rapid ascension-
Cutscenes/Story Events/Town Repair/mistril_rank/mistril_rank/53	King Kelinien has prepared a special award just for <he>him</he><she>her</she><they>them</they><it>it</it><none>[Ari]</none>.	Le roi Kelinien a préparé une récompense spéciale<he> rien que pour lui</he><she> rien que pour elle</she><they>qui lui est exclusivement réservée</they>.		King Kelinien has prepared a special award just for <he>him</he><she>her</she><they>them</they><it>it</it><none>[Ari]</none>.
Cutscenes/Story Events/Town Repair/mistril_rank/mistril_rank/54	Presenting the $Mistril Star Trophy$!	Voici le $trophée Étoile de Mistril$ !		Presenting the $Mistril Star Trophy$!
Cutscenes/Story Events/Town Repair/mistril_rank/mistril_rank/55	Congratulations, [Ari]!	Félicitations, [Ari] !		Congratulations, [Ari]!
Cutscenes/Story Events/Town Repair/mistril_rank/mistril_rank/56	Congratulations!	Félicitations !		Congratulations!
Cutscenes/Story Events/Town Repair/mistril_rank/mistril_rank/57	We thank you for all that you have done for this town and its people.	Nous te remercions de tout ce que tu as fait pour cette ville et ses habitants.		We thank you for all that you have done for this town and its people.
Cutscenes/Story Events/Town Repair/mistril_rank/mistril_rank/58	You're a true Mistrian, through and through!	Tu es <he>un vrai mistrien</he><she>une vraie mistrienne</she><they>chez toi à Mistria</they>, aucun doute là-dessus !		You're a true Mistrian, through and through!
Cutscenes/Story Events/Town Repair/mistril_rank/mistril_rank/59a	Hear hear!	Bravo, bravo !		Hear hear!
Cutscenes/Story Events/Town Repair/mistril_rank/mistril_rank/59e	Hear hear!	Bravo, bravo !		Hear hear!
Cutscenes/Story Events/Town Repair/mistril_rank/mistril_rank/5m	Greetings, [Ari]!	Bonjour, [Ari] !		Greetings, [Ari]!
Cutscenes/Story Events/Town Repair/mistril_rank/mistril_rank/5u	Ah! You must be [Ari].	Ah ! Tu dois être [Ari].		Ah! You must be [Ari].
Cutscenes/Story Events/Town Repair/mistril_rank/mistril_rank/6m	It's so good to see you again!	Quel plaisir de te revoir !		It's so good to see you again!
Cutscenes/Story Events/Town Repair/mistril_rank/mistril_rank/6u	We've heard so much about you!	Nous avons tant entendu parler de toi !		We've heard so much about you!
Cutscenes/Story Events/Town Repair/mistril_rank/mistril_rank/7m	We've been meaning to pay another visit since the wedding, but things have been quite busy at court as of late.	Nous voulions vous rendre visite après le mariage, mais nous avons eu fort à faire à la cour, ces derniers temps.		We've been meaning to pay another visit since the wedding, but things have been quite busy at court as of late.
Cutscenes/Story Events/Town Repair/mistril_rank/mistril_rank/7u	I am Baroness Linnet, Eiland and Adeline's mother.	Je suis la baronne Linnet, la mère d'Eiland et d'Adeline.		I am Baroness Linnet, Eiland and Adeline's mother.
Cutscenes/Story Events/Town Repair/mistril_rank/mistril_rank/8m	Indeed they have!	Absolument !		Indeed they have!
Cutscenes/Story Events/Town Repair/mistril_rank/mistril_rank/8u	It's a pleasure to finally meet you, [Ari].	C'est un plaisir de faire enfin ta connaissance, [Ari].		It's a pleasure to finally meet you, [Ari].
Cutscenes/Story Events/Town Repair/mistril_rank/mistril_rank/9m	Though from what I hear, the same is true of Mistria.	Mais si j'en crois ce que l'on dit, il en est allé de même à Mistria.		Though from what I hear, the same is true of Mistria.
Cutscenes/Story Events/Town Repair/mistril_rank/mistril_rank/9u	As you may have guessed, I am their father, Baron Wiscar.	Comme tu l'auras deviné, je suis leur père, le baron Wiscar.		As you may have guessed, I am their father, Baron Wiscar.
Cutscenes/Story Events/Town Repair/mistril_rank/mistril_rank/init	[Ari]! I was just on my way to get you!	[Ari] ! Je venais te chercher !		[Ari]! I was just on my way to get you!
Cutscenes/Story Events/Town Repair/repair_haydens_barn/repair_haydens_barn_pt_1/1	Now don't belabor the point Henrietta! You know these things can't move quickly.	Arrête de toujours revenir là-dessus, Henrietta ! Tu sais que ça prend du temps.	Не надо зацикливаться на теме, Генриетта! Ты же знаешь, подобные решения принимаются небыстро.	Now don't belabor the point Henrietta! You know these things can't move quickly.
Cutscenes/Story Events/Town Repair/repair_haydens_barn/repair_haydens_barn_pt_1/10	Why, that'd be a dream come true! Just think of the possibilities!	Eh ben, ça serait le rêve ! Imaginez les possibilités !	Да это была бы просто мечта! Столько зверей можно было бы заселить!	Why, that'd be a dream come true! Just think of the possibilities!
Cutscenes/Story Events/Town Repair/repair_haydens_barn/repair_haydens_barn_pt_1/11	Sheep and horses... heck, maybe even rabbits!	Des moutons, des chevaux... et peut-être même des lapins !	Овцы, лошади... да что там, может, даже кролики!	Sheep and horses... heck, maybe even rabbits!
Cutscenes/Story Events/Town Repair/repair_haydens_barn/repair_haydens_barn_pt_1/12	All with their own valuable produce! We could turn the products Mistria currently has to import into valuable exports.	Qui deviendraient de précieuses marchandises. Nous pourrions exporter plein de produits que Mistria doit importer actuellement.	И все дают ценные фермерские продукты! Вместо того, чтобы ввозить их в Мистрию, мы могли бы наладить прибыльный экспорт.	All with their own valuable produce! We could turn the products Mistria currently has to import into valuable exports.
Cutscenes/Story Events/Town Repair/repair_haydens_barn/repair_haydens_barn_pt_1/13	And just imagine how cute they'd all be!	Sans compter que ça serait trop mignon, tous ces animaux différents !	И представляете, какие они будут миленькие!	And just imagine how cute they'd all be!
Cutscenes/Story Events/Town Repair/repair_haydens_barn/repair_haydens_barn_pt_1/14	Don't think for a minute I'd leave you out of this, [Ari]. Any new animals I start raising I'll make available to you as well.	Mais ne va pas croire que je garderai tout pour moi, [Ari]. Tous les animaux que j'élèverai seront également disponibles pour toi.	Только не подумай, что я с тобой не поделюсь, [Ari]. Все новые животные, которых я начну разводить, будут доступны и тебе.	Don't think for a minute I'd leave you out of this, [Ari]. Any new animals I start raising I'll make available to you as well.
Cutscenes/Story Events/Town Repair/repair_haydens_barn/repair_haydens_barn_pt_1/14/prompts/0	I'm just happy to help!	Si je peux aider, ça me suffit.	Я просто хочу помочь!	I'm just happy to help!
Cutscenes/Story Events/Town Repair/repair_haydens_barn/repair_haydens_barn_pt_1/14/prompts/1	Add ducks to the list and you can count me in.	Ajoute des canards à ta liste et tu peux compter sur moi.	Внесите в список уток, тогда я в деле.	Add ducks to the list and you can count me in.
Cutscenes/Story Events/Town Repair/repair_haydens_barn/repair_haydens_barn_pt_1/15	You're an inspiration, [Ari]!	Tout le monde devrait prendre exemple sur toi, [Ari] !	Ты просто образец для подражания, [Ari]!	You're an inspiration, [Ari]!
Cutscenes/Story Events/Town Repair/repair_haydens_barn/repair_haydens_barn_pt_1/16	What do you think, Henrietta? You'd need to share the coop.	Qu'en dis-tu, Henrietta ? Tu devras partager le poulailler.	Что думаешь, Генриетта? Придётся делить с ними вольер.	What do you think, Henrietta? You'd need to share the coop.
Cutscenes/Story Events/Town Repair/repair_haydens_barn/repair_haydens_barn_pt_1/17	(Henrietta seems to think about it for a moment before nodding her head)	(Henrietta semble réfléchir quelques instants avant d'acquiescer.)	(Генриетта некоторое время раздумывает, а затем кивает.)	(Henrietta seems to think about it for a moment before nodding her head)
Cutscenes/Story Events/Town Repair/repair_haydens_barn/repair_haydens_barn_pt_1/18	It's a deal!	C'est d'accord !	Значит, решили!	It's a deal!
Cutscenes/Story Events/Town Repair/repair_haydens_barn/repair_haydens_barn_pt_1/19	This is no small upgrade, though.	En revanche, nous ne parlons pas d'une petite extension.	Но улучшение потребуется немаленькое.	This is no small upgrade, though.
Cutscenes/Story Events/Town Repair/repair_haydens_barn/repair_haydens_barn_pt_1/2	Thanks for coming, [Ari]! I'm very excited to share my latest proposal with you two.	Merci d'être venu<she>e</she><he></he><they>·e</they>, [Ari] ! Je suis impatiente de vous soumettre ma dernière proposition, à tous les deux.	Спасибо, что <p>пришли</p><f>пришла</f><m>пришёл</m><n>пришло</n>, [Ari]! Спешу поделиться с вами своим новым предложением.	Thanks for coming, [Ari]! I'm very excited to share my latest proposal with you two.
Cutscenes/Story Events/Town Repair/repair_haydens_barn/repair_haydens_barn_pt_1/20	[Ari], you'll need to gather $400 Wood$, $500 Stone$, $8 Iron Ingots$, and $4000t$. I'll put the $Donation Box$ next to Hayden's barn.	[Ari], il nous faudra $400 rondins de bois$, $500 pierres$, $8 lingots de fer$ et $4 000 tesserae$. Je place la $boîte de dons$ à l'extérieur de la grange d'Hayden.	[Ari], тебе надо собрать $400 древесины$, $500 камня$, $8 слитков железа$ и $4000 тессер$. Я поставлю $ящик для пожертвований$ возле хлева Хейдена.	[Ari], you'll need to gather $400 Wood$, $500 Stone$, $8 Iron Ingots$, and $4000t$. I'll put the $Donation Box$ next to Hayden's barn.
Cutscenes/Story Events/Town Repair/repair_haydens_barn/repair_haydens_barn_pt_1/21	I know this is asking a lot of both of you, but if we all work together, Mistria's future will be even brighter!	Je sais que je vous en demande beaucoup, mais si nous travaillons tous ensemble, je suis certaine que l'avenir de Mistria sera encore plus radieux.	Понимаю, что это серьёзный запрос к вам обоим. Но, работая вместе, мы сможем обеспечить Мистрии светлое будущее!	I know this is asking a lot of both of you, but if we all work together, Mistria's future will be even brighter!
Cutscenes/Story Events/Town Repair/repair_haydens_barn/repair_haydens_barn_pt_1/3	I've been excited since I got your letter! The new General Store has been the talk of the town.	Dès que j'ai reçu ta lettre, j'ai eu envie d'en savoir plus ! Tout le monde ne parle que du magasin général depuis qu'il a fait peau neuve.	Я всё жду, что ты расскажешь, с тех пор, как получил письмо! Все только и говорят об обновлённом универмаге.	I've been excited since I got your letter! The new General Store has been the talk of the town.
Cutscenes/Story Events/Town Repair/repair_haydens_barn/repair_haydens_barn_pt_1/4	But I can't think of what we could do around this old farm that'd match...	En revanche, je ne vois pas trop ce qu'on pourrait faire d'approchant avec cette vieille ferme...	Но я даже не представляю, как можно сделать что-то подобное на моей старой ферме...	But I can't think of what we could do around this old farm that'd match...
Cutscenes/Story Events/Town Repair/repair_haydens_barn/repair_haydens_barn_pt_1/4/prompts/0	What if you started selling new kinds of animals?	Et si tu vendais de nouvelles espèces d'animaux ?	Может, тебе стоит открыть продажу других животных?	What if you started selling new kinds of animals?
Cutscenes/Story Events/Town Repair/repair_haydens_barn/repair_haydens_barn_pt_1/4/prompts/1	Advanced chicken training. Better eggs, faster laying times!	Pourquoi pas un centre d'entraînement pour les poules ? Des œufs de meilleure qualité et plus souvent !	Продвинутая подготовка кур. Улучшить яйца, сократить время кладки!	Advanced chicken training. Better eggs, faster laying times!
Cutscenes/Story Events/Town Repair/repair_haydens_barn/repair_haydens_barn_pt_1/5	How did you guess, [Ari]? Maybe I should start running my plans by you first!	Comment tu as deviné, [Ari] ? Je devrais peut-être te soumettre mes propositions en premier !	Как ты <p>догадались</p><f>догадалась</f><m>догадался</m><n>догадалось</n>, [Ari]? Может, мне стоит обсуждать предварительные идеи с тобой!	How did you guess, [Ari]? Maybe I should start running my plans by you first!
Cutscenes/Story Events/Town Repair/repair_haydens_barn/repair_haydens_barn_pt_1/6	(Henrietta makes a loud cluck. She seems to be saying bring it on)	(Henrietta caquette bruyamment. Elle semble être prête à relever le défi.)	(Генриетта громко кудахчет. Кажется, она хочет сказать: давай, попробуй!)	(Henrietta makes a loud cluck. She seems to be saying bring it on)
Cutscenes/Story Events/Town Repair/repair_haydens_barn/repair_haydens_barn_pt_1/7	No one in Mistria knows more about animals than you, Hayden. Well, [Ari] might be a close second.	Hayden, tu es celui qui s'y connaît le mieux en animaux à Mistria. Même si [Ari] n'arrive pas loin derrière.	Во всей Мистрии никто не знает о животных больше, чем ты, Хейден. Возможно, [Ari] на втором месте с небольшим отрывом.	No one in Mistria knows more about animals than you, Hayden. Well, [Ari] might be a close second.
Cutscenes/Story Events/Town Repair/repair_haydens_barn/repair_haydens_barn_pt_1/8	Aw shucks. I don't like to brag, but I do try to do my best by them. Not sure I could fit additional livestock here though...	Oooh, c'est gentil. Sans vouloir me vanter, c'est vrai que je donne tout pour eux. Par contre, je ne sais pas si je pourrais abriter plus de bêtes, ici...	Да брось. Не хочу хвастаться, но я стараюсь давать им самое лучшее. И всё же я не уверен, что смогу уместить на ферме больше скота...	Aw shucks. I don't like to brag, but I do try to do my best by them. Not sure I could fit additional livestock here though...
Cutscenes/Story Events/Town Repair/repair_haydens_barn/repair_haydens_barn_pt_1/9	What if we built you a larger barn and coop, ones big enough to accommodate all kinds of new animals?	Et si nous construisions une grange et un poulailler plus grands, pour accueillir plein de nouveaux animaux ?	А если мы построим тебе более просторные хлев и вольер, чтобы ты смог разводить самых разных животных?	What if we built you a larger barn and coop, ones big enough to accommodate all kinds of new animals?
Cutscenes/Story Events/Town Repair/repair_haydens_barn/repair_haydens_barn_pt_1/init	Grain rates are determined by the king's high council, but you make a compelling argument about a sliding scale for imports, Henrietta.	Le haut conseil du roi fixe le cours du grain, mais ton idée d'un barème dégressif pour les importations est sensée, Henrietta.	Цены на зерно устанавливает королевский верховный совет, однако твои доводы в пользу скользящих налогов на импорт звучат убедительно, Генриетта.	Grain rates are determined by the king's high council, but you make a compelling argument about a sliding scale for imports, Henrietta.
Cutscenes/Story Events/Town Repair/repair_haydens_barn/repair_haydens_barn_pt_1_follow_up_adeline/1	I can't wait for the new animals to arrive!	J'ai hâte de voir tous ces nouveaux animaux.	Так хочется, чтобы поскорее появились новые животные!	I can't wait for the new animals to arrive!
Cutscenes/Story Events/Town Repair/repair_haydens_barn/repair_haydens_barn_pt_1_follow_up_adeline/init	I've been dreaming of growing Mistria's economy with new exports ever since I was a little girl.	Toute petite déjà, je rêvais de développer l'économie de Mistria en exportant de nouveaux produits.	Я с самого детства мечтала расширить экономику Мистрии за счёт новых экспортных товаров.	I've been dreaming of growing Mistria's economy with new exports ever since I was a little girl.
Cutscenes/Story Events/Town Repair/repair_haydens_barn/repair_haydens_barn_pt_1_follow_up_balor/1	We could set the entire market on its head!	Ce serait une occasion en or de renverser le marché !	Мы сможем перевернуть весь рынок!	We could set the entire market on its head!
Cutscenes/Story Events/Town Repair/repair_haydens_barn/repair_haydens_barn_pt_1_follow_up_balor/init	Hayden let slip Adeline's little plan. Do you know how much a thoroughbred Aldarian race horse sells for?	Hayden n'a pas su tenir sa langue, il m'a parlé du petit projet d'Adeline. Tu sais quel prix peut atteindre un pur-sang aldarien ?	Хейден слегка проговорился о плане Аделины. А ты знаешь, сколько стоит чистокровная альдарийская скаковая лошадь?	Hayden let slip Adeline's little plan. Do you know how much a thoroughbred Aldarian race horse sells for?
Cutscenes/Story Events/Town Repair/repair_haydens_barn/repair_haydens_barn_pt_1_follow_up_hayden/1	Henrietta's been quizzing me!	Henrietta me bombarde de questions !	Генриетта проводит мне тесты!	Henrietta's been quizzing me!
Cutscenes/Story Events/Town Repair/repair_haydens_barn/repair_haydens_barn_pt_1_follow_up_hayden/init	I've been familiarizing myself with all the new animals I'll have in stock after the upgrade is done.	J'ai commencé à me renseigner sur les nouveaux animaux qui arriveront, une fois l'extension terminée.	Я начал изучать новых животных, которые у меня появятся после улучшения.	I've been familiarizing myself with all the new animals I'll have in stock after the upgrade is done.
Cutscenes/Story Events/Town Repair/repair_haydens_barn/repair_haydens_barn_pt_1_follow_up_landen/1	Then told me he could handle the actual building part.	Et puis, il m'a dit qu'il se chargerait aussi de la construction.	А затем сказал, что само строительство он может провести и один.	Then told me he could handle the actual building part.
Cutscenes/Story Events/Town Repair/repair_haydens_barn/repair_haydens_barn_pt_1_follow_up_landen/2	Who does he think built Hayden's barn in the first place?!	Il ne s'est pas demandé qui avait bâti la première grange d'Hayden.	А кто же, по его мнению, построил нынешний хлев Хейдена?!	Who does he think built Hayden's barn in the first place?!
Cutscenes/Story Events/Town Repair/repair_haydens_barn/repair_haydens_barn_pt_1_follow_up_landen/init	"Ryis came asking me for advice about constructing the most ""state of the art barn"" in the whole country..."	Ryis est venu me voir. Il voulait savoir ce qu'il fallait pour concevoir « la grange la plus sophistiquée » de tout le pays...	Риз подошёл ко мне спросить совета, как построить хлев «высочайшего уровня во всей стране»...	"Ryis came asking me for advice about constructing the most ""state of the art barn"" in the whole country..."
Cutscenes/Story Events/Town Repair/repair_haydens_barn/repair_haydens_barn_pt_2/1	I appreciate hearing that from you, Landen.	Venant de toi, ça me fait très plaisir, Landen.	От тебя приятно это слышать, Ланден.	I appreciate hearing that from you, Landen.
Cutscenes/Story Events/Town Repair/repair_haydens_barn/repair_haydens_barn_pt_2/10	Would you look at that, Henrietta!	Regarde un peu ça, Henrietta !	Взгляни, Генриетта!	Would you look at that, Henrietta!
Cutscenes/Story Events/Town Repair/repair_haydens_barn/repair_haydens_barn_pt_2/11	Haha, I think we've got her seal of approval.	Ha ha, j'ai l'impression qu'elle a donné son accord.	Ха-ха, по-моему, она довольна нашей работой.	Haha, I think we've got her seal of approval.
Cutscenes/Story Events/Town Repair/repair_haydens_barn/repair_haydens_barn_pt_2/12	That was fun! You and [Ari] are shaping up into fine carpenters.	C'était un plaisir ! [Ari] et toi, vous êtes devenus très bons en menuiserie.	Славно поработали! И ты и [Ari] можете стать превосходными плотниками.	That was fun! You and [Ari] are shaping up into fine carpenters.
Cutscenes/Story Events/Town Repair/repair_haydens_barn/repair_haydens_barn_pt_2/13	Thanks. Maybe next time Adeline has a big project for us, you could join in from the start.	Merci. La prochaine fois qu'Adeline nous proposera un gros projet, tu pourrais y participer dès le début, non ?	Спасибо. Может, в следующий раз, когда у Аделины будет для нас крупный проект, ты сможешь присоединиться сразу?	Thanks. Maybe next time Adeline has a big project for us, you could join in from the start.
Cutscenes/Story Events/Town Repair/repair_haydens_barn/repair_haydens_barn_pt_2/14	I'd like that.	J'aimerais beaucoup.	С удовольствием.	I'd like that.
Cutscenes/Story Events/Town Repair/repair_haydens_barn/repair_haydens_barn_pt_2/15	Thank you all! And now the real work begins for you, Hayden.	Un grand merci ! C'est là que commence le plus dur pour toi, Hayden.	Спасибо всем! А для тебя, Хейден, работа только начинается.	Thank you all! And now the real work begins for you, Hayden.
Cutscenes/Story Events/Town Repair/repair_haydens_barn/repair_haydens_barn_pt_2/16	And I can't wait! Time to get the new animals settled.	J'attendais ça avec impatience ! Il est temps d'installer les nouveaux animaux.	Жду не дождусь! Пора заселять новых животных.	And I can't wait! Time to get the new animals settled.
Cutscenes/Story Events/Town Repair/repair_haydens_barn/repair_haydens_barn_pt_2/17	You come on by any time you like for your own, [Ari]!	Tu passes quand tu veux choisir le tien, [Ari] !	А ты, [Ari], можешь зайти и взять их себе, когда захочешь!	You come on by any time you like for your own, [Ari]!
Cutscenes/Story Events/Town Repair/repair_haydens_barn/repair_haydens_barn_pt_2/2	Uncle, really. [Ari] and I have got this. Aren't you supposed to be retired?	Oncle Landen, [Ari] et moi, on va s'en occuper. Tu n'es pas censé être à la retraite ?	Ну правда, дядя. [Ari] и я можем справиться вдвоём. Разве ты не на пенсии?	Uncle, really. [Ari] and I have got this. Aren't you supposed to be retired?
Cutscenes/Story Events/Town Repair/repair_haydens_barn/repair_haydens_barn_pt_2/3	What a thing to say! Me? Retired?	Balivernes ! Retraité ? Moi ?	Что за ерунда! Я? На пенсии?	What a thing to say! Me? Retired?
Cutscenes/Story Events/Town Repair/repair_haydens_barn/repair_haydens_barn_pt_2/3/prompts/0	Many hands make light work!	À plusieurs, le travail avance plus vite.	Вместе дело спорится!	Many hands make light work!
Cutscenes/Story Events/Town Repair/repair_haydens_barn/repair_haydens_barn_pt_2/3/prompts/1	I'm sure Landen can pitch in while we do the heavy lifting.	Landen s'occupera des finitions pendant qu'on gérera le gros œuvre.	Я не против, если мы возьмём тяжёлую работу, а Ланден будет помогать.	I'm sure Landen can pitch in while we do the heavy lifting.
Cutscenes/Story Events/Town Repair/repair_haydens_barn/repair_haydens_barn_pt_2/4	See? [Ari] gets it.	Tu vois ? [Ari] a tout compris.	Видишь? Вот [Ari] меня понимает.	See? [Ari] gets it.
Cutscenes/Story Events/Town Repair/repair_haydens_barn/repair_haydens_barn_pt_2/5	Now you listen here-	Alors, tu m'écoutes bien...	Так что послушай меня...	Now you listen here-
Cutscenes/Story Events/Town Repair/repair_haydens_barn/repair_haydens_barn_pt_2/6	Landen, we are honored to have someone with your decades of experience so generously lending us your aid. Right, Hayden?	Landen, nous sommes très heureux d'avoir les conseils d'un professionnel avec plusieurs décennies d'expérience. Pas vrai, Hayden ?	Ланден, мы очень благодарны, что ты готов поделиться с нами своим многолетним опытом. Для нас это большая честь, да, Хейден?	Landen, we are honored to have someone with your decades of experience so generously lending us your aid. Right, Hayden?
Cutscenes/Story Events/Town Repair/repair_haydens_barn/repair_haydens_barn_pt_2/7	Oh, absolutely!	Oh, tout à fait !	О, безусловно!	Oh, absolutely!
Cutscenes/Story Events/Town Repair/repair_haydens_barn/repair_haydens_barn_pt_2/8	That's more like it! Come on you two, let's get to work.	Je préfère ça ! Allez, venez vous deux, nous avons du pain sur la planche.	Вот это я и хотел услышать! Пойдёмте, ребята, за работу.	That's more like it! Come on you two, let's get to work.
Cutscenes/Story Events/Town Repair/repair_haydens_barn/repair_haydens_barn_pt_2/9	Yes, Uncle.	D'accord, oncle Landen.	Хорошо, дядя.	Yes, Uncle.
Cutscenes/Story Events/Town Repair/repair_haydens_barn/repair_haydens_barn_pt_2/init	This barn sure takes me back. You've kept my work in great condition, Hayden!	Cette grange me rappelle bien des souvenirs. Elle est encore très belle. Tu l'as très bien entretenue, Hayden !	Этот хлев вызывает такую ностальгию. Вижу, ты содержишь мою работу в отличном виде, Хейден!	This barn sure takes me back. You've kept my work in great condition, Hayden!
Cutscenes/Story Events/Town Repair/repair_haydens_barn/repair_haydens_barn_pt_2_follow_up_adeline/1	I've got even bigger plans, just you wait and see!	J'ai des projets encore plus importants, tu verras !	У меня есть и более грандиозные планы. Погоди — ещё узнаешь!	I've got even bigger plans, just you wait and see!
Cutscenes/Story Events/Town Repair/repair_haydens_barn/repair_haydens_barn_pt_2_follow_up_adeline/init	Isn't it wonderful how much Mistria has grown? But we can't rest on our laurels yet!	C'est incroyable comme Mistria s'est développé ? Enfin, pas question de nous reposer sur nos lauriers !	Мистрия так выросла — просто чудеса! Но ещё не время почивать на лаврах!	Isn't it wonderful how much Mistria has grown? But we can't rest on our laurels yet!
Cutscenes/Story Events/Town Repair/repair_haydens_barn/repair_haydens_barn_pt_2_follow_up_hayden/1	Have you just been repaying me back for those turnip seeds I gave you when you moved in?	C'est ta façon de me remercier pour les semis de navet que je t'ai offerts à ton arrivée ?	Ты до сих пор расплачиваешься со мной за семена репы, которые я тебе подарил, когда ты <p>приехали</p><f>приехала</f><m>приехал</m><n>приехало</n>?	Have you just been repaying me back for those turnip seeds I gave you when you moved in?
Cutscenes/Story Events/Town Repair/repair_haydens_barn/repair_haydens_barn_pt_2_follow_up_hayden/2	Gya ha ha!	Gah ha ha !	Га-ха-ха!	Gya ha ha!
Cutscenes/Story Events/Town Repair/repair_haydens_barn/repair_haydens_barn_pt_2_follow_up_hayden/init	I really can't thank you enough, [Ari]. Repairing the bridge, then the Mill, and now the new barn and coop...	Je ne sais pas comment te remercier, [Ari]. Tu as retapé le pont, puis le moulin. Maintenant, la grange et le poulailler...	Я тебе бесконечно благодарен, [Ari]. Сначала ремонт моста, потом мельница, а теперь ещё хлев и вольер...	I really can't thank you enough, [Ari]. Repairing the bridge, then the Mill, and now the new barn and coop...
Cutscenes/Story Events/Town Repair/repair_haydens_barn/repair_haydens_barn_pt_2_follow_up_henrietta/init	(Henrietta seems to be thanking you for the new coop)	(On dirait qu'Henrietta vous remercie pour le nouveau poulailler.)	(Кажется, Генриетта благодарит вас за новый вольер.)	(Henrietta seems to be thanking you for the new coop)
Cutscenes/Story Events/Town Repair/repair_haydens_barn/repair_haydens_barn_pt_2_follow_up_landen/1	To take help from me when I offer it! Hahaha!	C'est d'accepter mon aide quand je la lui propose ! Ha ha ha !	Принимать мою помощь, когда я предлагаю! Ха-ха-ха!	To take help from me when I offer it! Hahaha!
Cutscenes/Story Events/Town Repair/repair_haydens_barn/repair_haydens_barn_pt_2_follow_up_landen/init	Don't get me wrong. I'm happy to let Ryis take over the family business, but he's still got to learn one important lesson...	Ne te méprends pas sur ce que je vais dire. Ryis a repris l'affaire familiale, mais il lui reste une grande leçon à apprendre...	Не подумай плохого, я с радостью передам семейное дело Ризу. Но он ещё не усвоил один важный урок...	Don't get me wrong. I'm happy to let Ryis take over the family business, but he's still got to learn one important lesson...
Cutscenes/Story Events/Town Repair/repair_haydens_barn/repair_haydens_barn_pt_2_turn_in/init	Hayden is going to be so excited! Let's gather everyone up.	Hayden va être très ému ! Faisons venir tout le monde.	Как же Хейден обрадуется! Давай всех соберём.	Hayden is going to be so excited! Let's gather everyone up.
Cutscenes/Story Events/Town Repair/repair_the_beach_bridge/repair_the_beach_bridge_pt_1/1	Beautiful out here, isn't it?	C'est magnifique ici, n'est-ce pas ?	Красивый тут вид, да?	Beautiful out here, isn't it?
Cutscenes/Story Events/Town Repair/repair_the_beach_bridge/repair_the_beach_bridge_pt_1/10	That's true!	Absolument !	Это верно!	That's true!
Cutscenes/Story Events/Town Repair/repair_the_beach_bridge/repair_the_beach_bridge_pt_1/11	I'll set out a $Donation Box$. I think $300 Wood$, $150 Stone$, $50 Fiber$ and then $1000t$ delivered to Terithia should cover it.	Je vais installer une $boîte de dons$. Je pense que $300 rondins de bois$, $150 pierres$, $50 poignées de fibre$ et $1 000 tesserae$, le tout livré à Terithia, devraient suffire.	Я поставлю $ящик для пожертвований$. Думаю, если принесёшь Теризии $300 древесины$, $150 камня$, $50 волокна$ и $1000 тессер$, этого должно хватить.	I'll set out a $Donation Box$. I think $300 Wood$, $150 Stone$, $50 Fiber$ and then $1000t$ delivered to Terithia should cover it.
Cutscenes/Story Events/Town Repair/repair_the_beach_bridge/repair_the_beach_bridge_pt_1/12	I'll work with Ryis on some blueprints.	Je vais discuter des plans avec Ryis.	Я поговорю с Ризом насчёт чертежей.	I'll work with Ryis on some blueprints.
Cutscenes/Story Events/Town Repair/repair_the_beach_bridge/repair_the_beach_bridge_pt_1/2	There's a lot to love here in Mistria, but I personally think nothing beats our beach!	Il y a beaucoup d'endroits très beaux à Mistria, mais personnellement, c'est notre plage que je préfère !	В Мистрии много хороших мест, но мне лично больше всего по душе пляж.	There's a lot to love here in Mistria, but I personally think nothing beats our beach!
Cutscenes/Story Events/Town Repair/repair_the_beach_bridge/repair_the_beach_bridge_pt_1/3	You picked the perfect spot to build a house, Terithia.	Tu as vraiment choisi le lieu idéal pour ta maison, Terithia.	Тогда ты выбрала идеальное место для дома, Теризия.	You picked the perfect spot to build a house, Terithia.
Cutscenes/Story Events/Town Repair/repair_the_beach_bridge/repair_the_beach_bridge_pt_1/4	Funny thing though... it's even nicer on that little island to the west of here.	C'est vrai, mais tu sais... la petite île à l'ouest d'ici est encore plus agréable.	Но вот что любопытно... на том островке к западу ещё более отличное местечко.	Funny thing though... it's even nicer on that little island to the west of here.
Cutscenes/Story Events/Town Repair/repair_the_beach_bridge/repair_the_beach_bridge_pt_1/5	I remember! Before the earthquake destroyed the bridge, it was a great spot for $Fishing$ and $Foraging$. Also, it's really pretty!	Je m'en souviens ! C'était l'endroit rêvé pour la $pêche$ et la $cueillette$, sans compter que c'était très joli. Malheureusement, le tremblement de terre a détruit le pont pour y accéder.	Я помню! До землетрясения, когда у нас ещё был мост, там можно было $ловить рыбу$ и $собирать растения$. И ещё там очень красиво!	I remember! Before the earthquake destroyed the bridge, it was a great spot for $Fishing$ and $Foraging$. Also, it's really pretty!
Cutscenes/Story Events/Town Repair/repair_the_beach_bridge/repair_the_beach_bridge_pt_1/6	I sometimes take my boat past there, and it still has all those things!	Je m'y rends parfois en bateau, et je peux te garantir que l'île n'a rien perdu de son charme !	Иногда я проплываю мимо него на лодке и вижу, что всё это никуда не делось!	I sometimes take my boat past there, and it still has all those things!
Cutscenes/Story Events/Town Repair/repair_the_beach_bridge/repair_the_beach_bridge_pt_1/7	So I thought, why not share it again with the rest of the town?	C'est pour ça que je me suis dit que ce serait sympa d'en faire à nouveau profiter les autres habitants.	Так что я подумала: почему бы не поделиться идеей с остальными жителями?	So I thought, why not share it again with the rest of the town?
Cutscenes/Story Events/Town Repair/repair_the_beach_bridge/repair_the_beach_bridge_pt_1/8	What do you think, [Ari]?	Qu'en penses-tu, [Ari] ?	Что думаешь, [Ari]?	What do you think, [Ari]?
Cutscenes/Story Events/Town Repair/repair_the_beach_bridge/repair_the_beach_bridge_pt_1/8/prompts/0	More beach sounds like a win to me!	La plage, je suis toujours pour !	Больше пляжа — всегда к лучшему!	More beach sounds like a win to me!
Cutscenes/Story Events/Town Repair/repair_the_beach_bridge/repair_the_beach_bridge_pt_1/8/prompts/1	Well, I have some experience with bridges...	Eh bien, j'ai une certaine expérience des ponts...	Что ж, у меня уже есть опыт в строительстве мостов...	Well, I have some experience with bridges...
Cutscenes/Story Events/Town Repair/repair_the_beach_bridge/repair_the_beach_bridge_pt_1/9	Me too!	Moi aussi !	Я тоже так думаю!	Me too!
Cutscenes/Story Events/Town Repair/repair_the_beach_bridge/repair_the_beach_bridge_pt_1/init	Hey, [Ari]!	Salut, [Ari] !	Привет, [Ari]!	Hey, [Ari]!
Cutscenes/Story Events/Town Repair/repair_the_beach_bridge/repair_the_beach_bridge_pt_2/1	Stone pillars, wooden slats, and rope to tie it all together! Easy to replace if anything starts to wear out.	Des piliers de pierre et des lattes de bois, le tout maintenu par des cordages ! Chaque pièce peut se remplacer facilement si elle s'use.	Опоры из камня, дорожка из дерева, и всё связано верёвкой! Всё легко заменяется при износе.	Stone pillars, wooden slats, and rope to tie it all together! Easy to replace if anything starts to wear out.
Cutscenes/Story Events/Town Repair/repair_the_beach_bridge/repair_the_beach_bridge_pt_2/2	And flexible enough to ride through an earthquake!	Et l'ensemble est assez souple pour résister à un tremblement de terre !	А гибкая конструкция может пережить землетрясение!	And flexible enough to ride through an earthquake!
Cutscenes/Story Events/Town Repair/repair_the_beach_bridge/repair_the_beach_bridge_pt_2/2/prompts/0	We've done a good day's work.	On a bien travaillé.	Сегодня мы славно поработали.	We've done a good day's work.
Cutscenes/Story Events/Town Repair/repair_the_beach_bridge/repair_the_beach_bridge_pt_2/2/prompts/1	Time for island exploration!	Il est temps d'aller explorer l'île !	Пора исследовать остров!	Time for island exploration!
Cutscenes/Story Events/Town Repair/repair_the_beach_bridge/repair_the_beach_bridge_pt_2/3	I'll say!	Comme tu dis !	Да уж!	I'll say!
Cutscenes/Story Events/Town Repair/repair_the_beach_bridge/repair_the_beach_bridge_pt_2/4	Kya ha ha!	Hé hé hé !	Кя-ха-ха!	Kya ha ha!
Cutscenes/Story Events/Town Repair/repair_the_beach_bridge/repair_the_beach_bridge_pt_2/5	I'll pass on the good word to the rest of the town.	Je vais annoncer la bonne nouvelle au reste de la ville.	Я передам вести остальным жителям.	I'll pass on the good word to the rest of the town.
Cutscenes/Story Events/Town Repair/repair_the_beach_bridge/repair_the_beach_bridge_pt_2/init	Wow, you two!	Waouh, bravo à vous deux !	Вот это вы молодцы!	Wow, you two!
Cutscenes/Story Events/Town Repair/repair_the_beach_bridge/repair_the_beach_bridge_pt_2_turn_in/1	Great! Let's grab Adeline and head to the build site!	Parfait ! Allons chercher Adeline et rendons-nous sur place !	Отлично! Пойдём за Аделиной — и к стройплощадке!	Great! Let's grab Adeline and head to the build site!
Cutscenes/Story Events/Town Repair/repair_the_beach_bridge/repair_the_beach_bridge_pt_2_turn_in/init	We're ready to start on the Beach Bridge?	Tout est prêt pour lancer la construction du pont de la plage ?	Мы готовы приступить к строительству моста?	We're ready to start on the Beach Bridge?
Cutscenes/Story Events/Town Repair/repair_the_bell_tower/repair_the_bell_tower_pt_1/1	I know this seems out of the blue, but I've got such good memories of this $Bell Tower$ from when my family would visit Mistria.			I know this seems out of the blue, but I've got such good memories of this $Bell Tower$ from when my family would visit Mistria.
Cutscenes/Story Events/Town Repair/repair_the_bell_tower/repair_the_bell_tower_pt_1/10	I should have, but it's been one thing after another since the earthquake.			I should have, but it's been one thing after another since the earthquake.
Cutscenes/Story Events/Town Repair/repair_the_bell_tower/repair_the_bell_tower_pt_1/11	Still, let's see what we're working with.			Still, let's see what we're working with.
Cutscenes/Story Events/Town Repair/repair_the_bell_tower/repair_the_bell_tower_pt_1/12	Woodwork could use a refresh... foundation needs to be shored up...			Woodwork could use a refresh... foundation needs to be shored up...
Cutscenes/Story Events/Town Repair/repair_the_bell_tower/repair_the_bell_tower_pt_1/13	The biggest issue is that the Tower's Crystal Resonator is damaged, and I don't have much expertise with them.			The biggest issue is that the Tower's Crystal Resonator is damaged, and I don't have much expertise with them.
Cutscenes/Story Events/Town Repair/repair_the_bell_tower/repair_the_bell_tower_pt_1/14	And here I was hoping for a quick fix...			And here I was hoping for a quick fix...
Cutscenes/Story Events/Town Repair/repair_the_bell_tower/repair_the_bell_tower_pt_1/15	Well, there isn't a particular rush! The bell still rings, don't it?			Well, there isn't a particular rush! The bell still rings, don't it?
Cutscenes/Story Events/Town Repair/repair_the_bell_tower/repair_the_bell_tower_pt_1/16	It's not like it's going to fall over anytime soon.			It's not like it's going to fall over anytime soon.
Cutscenes/Story Events/Town Repair/repair_the_bell_tower/repair_the_bell_tower_pt_1/17	Landen-			Landen-
Cutscenes/Story Events/Town Repair/repair_the_bell_tower/repair_the_bell_tower_pt_1/18	But hey! It sounds like a fun project. I'm happy to donate my labor free of charge! I'll even clear my schedule!			But hey! It sounds like a fun project. I'm happy to donate my labor free of charge! I'll even clear my schedule!
Cutscenes/Story Events/Town Repair/repair_the_bell_tower/repair_the_bell_tower_pt_1/19	Now we're talking!			Now we're talking!
Cutscenes/Story Events/Town Repair/repair_the_bell_tower/repair_the_bell_tower_pt_1/2	Hearing the bell ring out over the town every time evening fell... it was magical.			Hearing the bell ring out over the town every time evening fell... it was magical.
Cutscenes/Story Events/Town Repair/repair_the_bell_tower/repair_the_bell_tower_pt_1/20	However, the recent plaza project used up a lot of the Carpenter's Shops extra stock. I could use some help with the materials...			However, the recent plaza project used up a lot of the Carpenter's Shops extra stock. I could use some help with the materials...
Cutscenes/Story Events/Town Repair/repair_the_bell_tower/repair_the_bell_tower_pt_1/21	What do you say, [Ari]?			What do you say, [Ari]?
Cutscenes/Story Events/Town Repair/repair_the_bell_tower/repair_the_bell_tower_pt_1/21/prompts/0	You can all rely on me!			You can all rely on me!
Cutscenes/Story Events/Town Repair/repair_the_bell_tower/repair_the_bell_tower_pt_1/21/prompts/1	Will the bell still ring at nightfall like this?			Will the bell still ring at nightfall like this?
Cutscenes/Story Events/Town Repair/repair_the_bell_tower/repair_the_bell_tower_pt_1/22	You're the best, [Ari].			You're the best, [Ari].
Cutscenes/Story Events/Town Repair/repair_the_bell_tower/repair_the_bell_tower_pt_1/23	Well, maybe...but who knows what it's going to sound like.			Well, maybe...but who knows what it's going to sound like.
Cutscenes/Story Events/Town Repair/repair_the_bell_tower/repair_the_bell_tower_pt_1/24	We could really use your help, [Ari].			We could really use your help, [Ari].
Cutscenes/Story Events/Town Repair/repair_the_bell_tower/repair_the_bell_tower_pt_1/25	Based on what we talked about... would $20 Refined Stone$ and $30 Hardwood$ be adequate for the building repairs?			Based on what we talked about... would $20 Refined Stone$ and $30 Hardwood$ be adequate for the building repairs?
Cutscenes/Story Events/Town Repair/repair_the_bell_tower/repair_the_bell_tower_pt_1/26	We'll need a $Dragon-Forged Fang$ and a $Dragon-Forged Core$ to fix the Crystal Restonator, too.			We'll need a $Dragon-Forged Fang$ and a $Dragon-Forged Core$ to fix the Crystal Restonator, too.
Cutscenes/Story Events/Town Repair/repair_the_bell_tower/repair_the_bell_tower_pt_1/27	But when it's working again, I can make some upgrades so you can $change the sound of the Bell's toll$!			But when it's working again, I can make some upgrades so you can $change the sound of the Bell's toll$!
Cutscenes/Story Events/Town Repair/repair_the_bell_tower/repair_the_bell_tower_pt_1/28	You'll even be able to $play Sound Crystals in town$, if you'd like. I've already got some really fun melodies in mind.			You'll even be able to $play Sound Crystals in town$, if you'd like. I've already got some really fun melodies in mind.
Cutscenes/Story Events/Town Repair/repair_the_bell_tower/repair_the_bell_tower_pt_1/29	I'll place the $Donation Box$ outside the Bell Tower for you, [Ari]. Come and let me know when you've gathered the materials!			I'll place the $Donation Box$ outside the Bell Tower for you, [Ari]. Come and let me know when you've gathered the materials!
Cutscenes/Story Events/Town Repair/repair_the_bell_tower/repair_the_bell_tower_pt_1/3	I know the bell still works, but I'd really like to help out and get the rest of the tower fixed up!			I know the bell still works, but I'd really like to help out and get the rest of the tower fixed up!
Cutscenes/Story Events/Town Repair/repair_the_bell_tower/repair_the_bell_tower_pt_1/4	That's so inspiring to hear, Zorel! I'm glad you have such fond memories of Mistria.			That's so inspiring to hear, Zorel! I'm glad you have such fond memories of Mistria.
Cutscenes/Story Events/Town Repair/repair_the_bell_tower/repair_the_bell_tower_pt_1/5	The Bell Tower was damaged in the earthquake, but since it remained mostly functional, we made the decision to seal it while we dealt with more urgent repairs.			The Bell Tower was damaged in the earthquake, but since it remained mostly functional, we made the decision to seal it while we dealt with more urgent repairs.
Cutscenes/Story Events/Town Repair/repair_the_bell_tower/repair_the_bell_tower_pt_1/6	Landen, can you give us an update on the Bell Tower's condition?			Landen, can you give us an update on the Bell Tower's condition?
Cutscenes/Story Events/Town Repair/repair_the_bell_tower/repair_the_bell_tower_pt_1/7	Well, I won't lie. It's seen better days!			Well, I won't lie. It's seen better days!
Cutscenes/Story Events/Town Repair/repair_the_bell_tower/repair_the_bell_tower_pt_1/8	What with the earthquake and me retiring, maintenance hasn't been what it should be.			What with the earthquake and me retiring, maintenance hasn't been what it should be.
Cutscenes/Story Events/Town Repair/repair_the_bell_tower/repair_the_bell_tower_pt_1/9	A Bell Tower has a lot of specialized parts, see? My mentor, Old Jacque passed a lot of it down to me, but I haven't had a chance yet to pass it down to Ryis.			A Bell Tower has a lot of specialized parts, see? My mentor, Old Jacque passed a lot of it down to me, but I haven't had a chance yet to pass it down to Ryis.
Cutscenes/Story Events/Town Repair/repair_the_bell_tower/repair_the_bell_tower_pt_1/init	[Ari], you came!			[Ari], you came!
Cutscenes/Story Events/Town Repair/repair_the_bell_tower/repair_the_bell_tower_pt_1_follow_up_adeline/1	I should do a town audit! I don't want another surprise like that.			I should do a town audit! I don't want another surprise like that.
Cutscenes/Story Events/Town Repair/repair_the_bell_tower/repair_the_bell_tower_pt_1_follow_up_adeline/init	I had no idea how bad of shape the Bell Tower had gotten since the earthquake...			I had no idea how bad of shape the Bell Tower had gotten since the earthquake...
Cutscenes/Story Events/Town Repair/repair_the_bell_tower/repair_the_bell_tower_pt_1_follow_up_landen/1	My mentor Jacque used to go on and on about it. He said it was a marvel of engineering.			My mentor Jacque used to go on and on about it. He said it was a marvel of engineering.
Cutscenes/Story Events/Town Repair/repair_the_bell_tower/repair_the_bell_tower_pt_1_follow_up_landen/2	He didn't build it, and he didn't know who did. It's been in this town a long, long time.			He didn't build it, and he didn't know who did. It's been in this town a long, long time.
Cutscenes/Story Events/Town Repair/repair_the_bell_tower/repair_the_bell_tower_pt_1_follow_up_landen/3	Also he'd get real antsy if our repair work didn't wrap up before sunset.			Also he'd get real antsy if our repair work didn't wrap up before sunset.
Cutscenes/Story Events/Town Repair/repair_the_bell_tower/repair_the_bell_tower_pt_1_follow_up_landen/4	I wonder why...			I wonder why...
Cutscenes/Story Events/Town Repair/repair_the_bell_tower/repair_the_bell_tower_pt_1_follow_up_landen/init	I'm excited to get back to work on the Bell Tower!			I'm excited to get back to work on the Bell Tower!
Cutscenes/Story Events/Town Repair/repair_the_bell_tower/repair_the_bell_tower_pt_1_follow_up_ryis/1	I'm glad we're finally going to fix it properly, but it's weird how insistent he is that we drop everything to do it as soon as you gather the supplies.			I'm glad we're finally going to fix it properly, but it's weird how insistent he is that we drop everything to do it as soon as you gather the supplies.
Cutscenes/Story Events/Town Repair/repair_the_bell_tower/repair_the_bell_tower_pt_1_follow_up_ryis/init	Landen filled me in on the Bell Tower project.			Landen filled me in on the Bell Tower project.
Cutscenes/Story Events/Town Repair/repair_the_bell_tower/repair_the_bell_tower_pt_1_follow_up_zorel/1	It makes my heart hurt to hear the bell the way it is now.			It makes my heart hurt to hear the bell the way it is now.
Cutscenes/Story Events/Town Repair/repair_the_bell_tower/repair_the_bell_tower_pt_1_follow_up_zorel/init	Thanks again for helping out with the Bell Tower, [Ari].			Thanks again for helping out with the Bell Tower, [Ari].
Cutscenes/Story Events/Town Repair/repair_the_bell_tower/repair_the_bell_tower_pt_2/1	Yeah! Should be an interesting challenge.			Yeah! Should be an interesting challenge.
Cutscenes/Story Events/Town Repair/repair_the_bell_tower/repair_the_bell_tower_pt_2/10	Wonderful work, everyone!			Wonderful work, everyone!
Cutscenes/Story Events/Town Repair/repair_the_bell_tower/repair_the_bell_tower_pt_2/11	And before we go...			And before we go...
Cutscenes/Story Events/Town Repair/repair_the_bell_tower/repair_the_bell_tower_pt_2/2	That's the spirit, just follow my lead!			That's the spirit, just follow my lead!
Cutscenes/Story Events/Town Repair/repair_the_bell_tower/repair_the_bell_tower_pt_2/3	You just sit back and relax, [Ari]! You've done more than enough.			You just sit back and relax, [Ari]! You've done more than enough.
Cutscenes/Story Events/Town Repair/repair_the_bell_tower/repair_the_bell_tower_pt_2/4	Zorel, it's safe to come in and fix the $Crystal Resonator$!			Zorel, it's safe to come in and fix the $Crystal Resonator$!
Cutscenes/Story Events/Town Repair/repair_the_bell_tower/repair_the_bell_tower_pt_2/5	And there we are! Good as new. Better even!			And there we are! Good as new. Better even!
Cutscenes/Story Events/Town Repair/repair_the_bell_tower/repair_the_bell_tower_pt_2/6	Shall we go inside?			Shall we go inside?
Cutscenes/Story Events/Town Repair/repair_the_bell_tower/repair_the_bell_tower_pt_2/7	It's so beautiful in here! I'd forgotten, it's been ages since I've been inside.			It's so beautiful in here! I'd forgotten, it's been ages since I've been inside.
Cutscenes/Story Events/Town Repair/repair_the_bell_tower/repair_the_bell_tower_pt_2/8	Uncle Landen passed down all of his maintenance notes. I'll be able to keep the tower in great condition from now on.			Uncle Landen passed down all of his maintenance notes. I'll be able to keep the tower in great condition from now on.
Cutscenes/Story Events/Town Repair/repair_the_bell_tower/repair_the_bell_tower_pt_2/9	The resonator is fully repaired! I've already put in some $new bell tunes$ if anyone wants to play around with it later.			The resonator is fully repaired! I've already put in some $new bell tunes$ if anyone wants to play around with it later.
Cutscenes/Story Events/Town Repair/repair_the_bell_tower/repair_the_bell_tower_pt_2/init	You ready, Ryis?			You ready, Ryis?
Cutscenes/Story Events/Town Repair/repair_the_bell_tower/repair_the_bell_tower_pt_2_follow_up_adeline/init	It does my heart good to know the Bell Tower will grace Mistria for future generations to enjoy!			It does my heart good to know the Bell Tower will grace Mistria for future generations to enjoy!
Cutscenes/Story Events/Town Repair/repair_the_bell_tower/repair_the_bell_tower_pt_2_follow_up_dell/1	Maybe I'm not breaking big enough stuff...			Maybe I'm not breaking big enough stuff...
Cutscenes/Story Events/Town Repair/repair_the_bell_tower/repair_the_bell_tower_pt_2_follow_up_dell/init	Landen sure is lucky. When I break something, my parents don't get a buncha people in town to help ME fix it.			Landen sure is lucky. When I break something, my parents don't get a buncha people in town to help ME fix it.
Cutscenes/Story Events/Town Repair/repair_the_bell_tower/repair_the_bell_tower_pt_2_follow_up_eiland/1	I should make time to talk to him. As an archaeologist, an area's oral traditions can tell us quite a lot that would otherwise be missed.			I should make time to talk to him. As an archaeologist, an area's oral traditions can tell us quite a lot that would otherwise be missed.
Cutscenes/Story Events/Town Repair/repair_the_bell_tower/repair_the_bell_tower_pt_2_follow_up_eiland/init	Ryis mentioned that Landen had quite a few tall tales to tell him about the Bell Tower.			Ryis mentioned that Landen had quite a few tall tales to tell him about the Bell Tower.
Cutscenes/Story Events/Town Repair/repair_the_bell_tower/repair_the_bell_tower_pt_2_follow_up_landen/1	Thanks again for the supplies, [Ari]. You really did me a solid!			Thanks again for the supplies, [Ari]. You really did me a solid!
Cutscenes/Story Events/Town Repair/repair_the_bell_tower/repair_the_bell_tower_pt_2_follow_up_landen/init	Can't tell you how glad I am that the Bell Tower is back to the way it should be.			Can't tell you how glad I am that the Bell Tower is back to the way it should be.
Cutscenes/Story Events/Town Repair/repair_the_bell_tower/repair_the_bell_tower_pt_2_follow_up_ryis/1	Frankly, I've never seen another building like it.			Frankly, I've never seen another building like it.
Cutscenes/Story Events/Town Repair/repair_the_bell_tower/repair_the_bell_tower_pt_2_follow_up_ryis/init	I can see why my Uncle held off on teaching me about the Bell Tower's repair.			I can see why my Uncle held off on teaching me about the Bell Tower's repair.
Cutscenes/Story Events/Town Repair/repair_the_bell_tower/repair_the_bell_tower_pt_2_follow_up_zorel/1	It's nice to think my melodies will sound out over Mistria from now on.			It's nice to think my melodies will sound out over Mistria from now on.
Cutscenes/Story Events/Town Repair/repair_the_bell_tower/repair_the_bell_tower_pt_2_follow_up_zorel/init	The bell's sounding great now, huh?			The bell's sounding great now, huh?
Cutscenes/Story Events/Town Repair/repair_the_bell_tower/repair_the_bell_tower_pt_2_turn_in/1	You're the best, [Ari]! Let's go get everyone!			You're the best, [Ari]! Let's go get everyone!
Cutscenes/Story Events/Town Repair/repair_the_bell_tower/repair_the_bell_tower_pt_2_turn_in/init	All the materials are ready for the Bell Tower?			All the materials are ready for the Bell Tower?
Cutscenes/Story Events/Town Repair/repair_the_bridge_pt_1/repair_the_bridge_pt_1/1	Adeline, you know I'm up for it, but this... is a big project.	Adeline, tu sais que je te suis à fond, mais... c'est un gros projet.	Аделина, ты знаешь, я только за, но это... такой крупный проект.	Adeline, you know I'm up for it, but this... is a big project.
Cutscenes/Story Events/Town Repair/repair_the_bridge_pt_1/repair_the_bridge_pt_1/10	Gathering materials locally would definitely speed things up!	Rassembler des matériaux au niveau local accélérerait en effet beaucoup les choses !	Если использовать местные материалы, то дело сдвинется с мёртвой точки!	Gathering materials locally would definitely speed things up!
Cutscenes/Story Events/Town Repair/repair_the_bridge_pt_1/repair_the_bridge_pt_1/11	That farmland of yours is loaded with high quality stone and timber, [Ari].	Le terrain sur lequel se trouve ta ferme est plein de pierres et de bois de construction de très bonne qualité, [Ari].	На твоём участке полным полно камней и древесины высокого качества, [Ari].	That farmland of yours is loaded with high quality stone and timber, [Ari].
Cutscenes/Story Events/Town Repair/repair_the_bridge_pt_1/repair_the_bridge_pt_1/12	If you're willing to do the gathering, we can compensate for the materials!	Si tu veux bien te charger de récupérer tout ce qu'il nous faut, nous t'indemniserons pour les matériaux !	Если ты сможешь заняться сбором, то мы компенсируем затраты!	If you're willing to do the gathering, we can compensate for the materials!
Cutscenes/Story Events/Town Repair/repair_the_bridge_pt_1/repair_the_bridge_pt_1/13	By my calculations... $60 Stone$ and $60 Wood$ should be enough.	D'après mes calculs... $60 pierres$ et $60 rondins de bois$ devraient faire l'affaire.	По моим подсчётам... $60 камня$ и $60 древесины$ должно хватить.	By my calculations... $60 Stone$ and $60 Wood$ should be enough.
Cutscenes/Story Events/Town Repair/repair_the_bridge_pt_1/repair_the_bridge_pt_1/14	Sounds right to me!	Ça me paraît correct !	Да, по-моему, тоже!	Sounds right to me!
Cutscenes/Story Events/Town Repair/repair_the_bridge_pt_1/repair_the_bridge_pt_1/15	With a repaired bridge, we'll be able to get the Saturday Market up and running again!	Une fois le pont réparé, nous pourrons relancer le marché du samedi.	Когда мы отремонтируем мост, сможем снова устраивать Субботний базар!	With a repaired bridge, we'll be able to get the Saturday Market up and running again!
Cutscenes/Story Events/Town Repair/repair_the_bridge_pt_1/repair_the_bridge_pt_1/16	I'll set up a $Donation Box$ here at the bridge for you to deposit any gathered materials.	Je vais installer une $boîte de dons$ à côté du pont pour que tu puisses y déposer les matériaux.	Я поставлю $ящик для пожертвований$ возле моста. Складывай собранные материалы туда.	I'll set up a $Donation Box$ here at the bridge for you to deposit any gathered materials.
Cutscenes/Story Events/Town Repair/repair_the_bridge_pt_1/repair_the_bridge_pt_1/17	Come talk to me when you're finished, and we'll begin the repairs!	Viens me voir quand tu auras terminé et nous lancerons les réparations.	Подойди ко мне, когда всё соберёшь, и мы начнём ремонт!	Come talk to me when you're finished, and we'll begin the repairs!
Cutscenes/Story Events/Town Repair/repair_the_bridge_pt_1/repair_the_bridge_pt_1/18	We're counting on you!	Nous comptons sur toi !	Мы на тебя рассчитываем!	We're counting on you!
Cutscenes/Story Events/Town Repair/repair_the_bridge_pt_1/repair_the_bridge_pt_1/2	You can rely on me to keep Mistria supplied with the basics until the construction is done, but I can't work miracles.	Tu peux compter sur moi pour que Mistria ne manque d'aucun produit de base d'ici la fin des travaux, mais je ne peux pas faire de miracles.	Я могу обеспечивать Мистрию базовыми продуктами, пока идёт стройка. Но я всё-таки не волшебник.	You can rely on me to keep Mistria supplied with the basics until the construction is done, but I can't work miracles.
Cutscenes/Story Events/Town Repair/repair_the_bridge_pt_1/repair_the_bridge_pt_1/3	Without the bridge, I can't get my wagon in and out of town. And there's only so much I can carry in on my back.	Sans pont, impossible d'aller jusqu'en ville ou d'en partir avec mon chariot. Et il y a des limites à ce que je peux transporter sur mon dos.	Без моста я не могу привезти в город фургон. А на спине много не утащишь.	Without the bridge, I can't get my wagon in and out of town. And there's only so much I can carry in on my back.
Cutscenes/Story Events/Town Repair/repair_the_bridge_pt_1/repair_the_bridge_pt_1/4	I've allocated all the resources I can for this, but the earthquake relief from the Capital hasn't been as robust as we'd hoped for...	J'ai débloqué toutes les ressources restantes pour ça, mais les aides du fond pour la reconstruction étaient moins importantes qu'espérées...	Я выделила все доступные ресурсы, но столичная помощь пострадавшим от землетрясения оказалась не такой солидной, как мы рассчитывали...	I've allocated all the resources I can for this, but the earthquake relief from the Capital hasn't been as robust as we'd hoped for...
Cutscenes/Story Events/Town Repair/repair_the_bridge_pt_1/repair_the_bridge_pt_1/5	I've talked it over with the other merchants in town, we're happy to contribute funds. You've got our backing!	J'en ai touché deux mots aux autres commerçants de la ville et tout le monde est d'accord pour mettre de l'argent. Tu peux compter sur nous !	Я поговорила с другими местными торговцами. Мы готовы поделиться средствами. Мы тебя поддержим!	I've talked it over with the other merchants in town, we're happy to contribute funds. You've got our backing!
Cutscenes/Story Events/Town Repair/repair_the_bridge_pt_1/repair_the_bridge_pt_1/6	That's wonderful to hear, Nora!	C'est merveilleux, Nora !	Какая замечательная новость, Нора!	That's wonderful to hear, Nora!
Cutscenes/Story Events/Town Repair/repair_the_bridge_pt_1/repair_the_bridge_pt_1/7	However, with the whole kingdom in dire need of repair materials, we can't afford the inflated prices on the stone and wood we'll need...	Malheureusement, le royaume tout entier achète des matériaux pour la reconstruction. Les prix de la pierre et du bois se sont envolés et notre budget n'y suffira pas...	Однако сейчас стройматериалы нужны по всему королевству, и цены на камень и древесину так взмахнули, что они нам не по карману...	However, with the whole kingdom in dire need of repair materials, we can't afford the inflated prices on the stone and wood we'll need...
Cutscenes/Story Events/Town Repair/repair_the_bridge_pt_1/repair_the_bridge_pt_1/7/prompts/0	Sounds like it's my time to shine!	C'est là que j'entre en jeu !	Кажется, это работа как раз для меня!	Sounds like it's my time to shine!
Cutscenes/Story Events/Town Repair/repair_the_bridge_pt_1/repair_the_bridge_pt_1/7/prompts/1	I suppose I could lend a hand...	Je suppose que je pourrais donner un coup de main...	Возможно, я <p>могли</p><f>могла</f><m>мог</m><n>могло</n> бы помочь...	I suppose I could lend a hand...
Cutscenes/Story Events/Town Repair/repair_the_bridge_pt_1/repair_the_bridge_pt_1/8	Wonderful, [Ari]! I knew you were the right person for the job!	C'est fantastique, [Ari] ! Je savais que tu étais la personne toute désignée pour t'occuper de ça !	Чудно, [Ari]! Я знала, что ты сможешь нас выручить!	Wonderful, [Ari]! I knew you were the right person for the job!
Cutscenes/Story Events/Town Repair/repair_the_bridge_pt_1/repair_the_bridge_pt_1/9	I knew you were the right person for the job!	Je savais que tu étais la personne toute désignée pour t'occuper de ça !	Я знала, что ты сможешь нас выручить!	I knew you were the right person for the job!
Cutscenes/Story Events/Town Repair/repair_the_bridge_pt_1/repair_the_bridge_pt_1/init	Hey, [Ari]! We were just getting started.	Te voilà, [Ari] ! Nous venons de commencer.	Привет, [Ari]! Мы как раз собирались начинать.	Hey, [Ari]! We were just getting started.
Cutscenes/Story Events/Town Repair/repair_the_bridge_pt_1/repair_the_bridge_pt_1_follow_up_adeline/1	I've been trying to wrangle promises out of the old Saturday Market merchants to return when we're ready.	J'ai fait promettre à quelques commerçants du samedi de revenir quand nous serons à nouveau prêts.	Я уже раздаю обещания торговцам со старого Субботнего базара, чтобы они вернулись, когда мы всё починим.	I've been trying to wrangle promises out of the old Saturday Market merchants to return when we're ready.
Cutscenes/Story Events/Town Repair/repair_the_bridge_pt_1/repair_the_bridge_pt_1_follow_up_adeline/2	The sooner the bridge is repaired the better!	Plus vite le pont sera réparé, mieux ce sera !	Чем быстрее отремонтируем мост, тем лучше!	The sooner the bridge is repaired the better!
Cutscenes/Story Events/Town Repair/repair_the_bridge_pt_1/repair_the_bridge_pt_1_follow_up_adeline/init	[Ari]! Hope the stone and wood collecting is going well.	J'espère que tu t'en sors avec les pierres et le bois, [Ari].	[Ari]! Надеюсь, сбор камня и дерева идёт хорошо.	[Ari]! Hope the stone and wood collecting is going well.
Cutscenes/Story Events/Town Repair/repair_the_bridge_pt_1/repair_the_bridge_pt_1_follow_up_march/1	Don't worry about any iron goods, Adeline already secured everything that Ryis needs from me.	Ne t'inquiète pas pour ce qui est des pièces métalliques, Adeline m'a commandé tout ce dont Ryis aura besoin.	О железных деталях не беспокойся. Всё, что нужно Ризу, Аделина уже заказала у меня.	Don't worry about any iron goods, Adeline already secured everything that Ryis needs from me.
Cutscenes/Story Events/Town Repair/repair_the_bridge_pt_1/repair_the_bridge_pt_1_follow_up_march/2	You'd better be making this your top priority, [Ari].	Ce serait bien que tu t'occupes de ça en priorité, [Ari].	Советую отнестись к этому делу серьёзно, [Ari].	You'd better be making this your top priority, [Ari].
Cutscenes/Story Events/Town Repair/repair_the_bridge_pt_1/repair_the_bridge_pt_1_follow_up_march/init	Heard you're helping out with the broken bridge repairs.	Il paraît que tu donnes un coup de main pour la réparation du pont.	Я слышал, ты <p>решили</p><f>решила</f><m>решил</m><n>решило</n> помочь с починкой моста.	Heard you're helping out with the broken bridge repairs.
Cutscenes/Story Events/Town Repair/repair_the_bridge_pt_1/repair_the_bridge_pt_1_follow_up_ryis/1	Hopefully the new bridge will last even longer!	Espérons que le nouveau pont tiendra encore plus longtemps !	Надеюсь, новый мост простоит ещё дольше!	Hopefully the new bridge will last even longer!
Cutscenes/Story Events/Town Repair/repair_the_bridge_pt_1/repair_the_bridge_pt_1_follow_up_ryis/init	Eiland told me that the bridge had stood for hundreds of years before the earthquake...	Eiland m'a dit que ce pont avait résisté des centaines d'années, jusqu'au tremblement de terre...	Эйланд говорит, это до землетрясения этот мост стоял здесь многие сотни лет...	Eiland told me that the bridge had stood for hundreds of years before the earthquake...
Cutscenes/Story Events/Town Repair/repair_the_bridge_pt_2/repair_the_bridge_pt_2/1	Nice work [Ari]! Now it's my turn.	Excellent travail, [Ari] ! C'est à moi de jouer, maintenant.	Отличная работа, [Ari]! Теперь мой черёд.	Nice work [Ari]! Now it's my turn.
Cutscenes/Story Events/Town Repair/repair_the_bridge_pt_2/repair_the_bridge_pt_2/2	Just let us know how we can help, Ryis.	Dis-nous si tu as besoin d'aide, Ryis.	Позови, если надо будет помочь, Риз.	Just let us know how we can help, Ryis.
Cutscenes/Story Events/Town Repair/repair_the_bridge_pt_2/repair_the_bridge_pt_2/3	Are we done, Ryis? Feels like we're done.	C'est terminé, Ryis ? J'en ai l'impression.	Мы закончили, Риз? Судя по виду, закончили.	Are we done, Ryis? Feels like we're done.
Cutscenes/Story Events/Town Repair/repair_the_bridge_pt_2/repair_the_bridge_pt_2/4	We sure are! This bridge is going to last a long, long time.	Tout à fait ! Ce pont va durer très très longtemps.	Так точно! Этот мост простоит ещё очень долго.	We sure are! This bridge is going to last a long, long time.
Cutscenes/Story Events/Town Repair/repair_the_bridge_pt_2/repair_the_bridge_pt_2/5	Great job, everyone!	Beau travail, tout le monde !	Какие вы все молодцы!	Great job, everyone!
Cutscenes/Story Events/Town Repair/repair_the_bridge_pt_2/repair_the_bridge_pt_2/6	I'll let the Saturday Market merchants know that the bridge is repaired!	Je vais prévenir les vendeurs du samedi que le pont est réparé !	Я расскажу торговцам с Субботнего базара, что наш мост готов!	I'll let the Saturday Market merchants know that the bridge is repaired!
Cutscenes/Story Events/Town Repair/repair_the_bridge_pt_2/repair_the_bridge_pt_2/7	Let me help you, Adeline. Together, I'm sure we can guarantee that Saturday will be market day in Mistria again!	Laisse-moi t'aider, Adeline. Ensemble, nous referons du samedi le jour du marché à Mistria.	Я тебе помогу, Аделина. Вместе мы точно сможем снова сделать субботу в Мистрии базарным днём!	Let me help you, Adeline. Together, I'm sure we can guarantee that Saturday will be market day in Mistria again!
Cutscenes/Story Events/Town Repair/repair_the_bridge_pt_2/repair_the_bridge_pt_2/8	Cheers to that!	Bien dit !	Удачи вам!	Cheers to that!
Cutscenes/Story Events/Town Repair/repair_the_bridge_pt_2/repair_the_bridge_pt_2/init	It's time! Let's get this bridge repaired.	Il est temps de réparer ce pont.	Всё готово! Давайте приступим к починке моста.	It's time! Let's get this bridge repaired.
Cutscenes/Story Events/Town Repair/repair_the_bridge_pt_2/repair_the_bridge_pt_2_follow_up_celine/1	She told me they're going to place a big restock order for the General Store, I hope Balor has enough room in his wagon!	Elle m'a dit qu'ils allaient passer une très grosse commande pour refaire les stocks du magasin général. J'espère que Balor aura assez de place dans son chariot.	Она сказала, что они готовят крупный заказ продуктов для универмага. Надеюсь, у Балора в фургоне хватит места!	She told me they're going to place a big restock order for the General Store, I hope Balor has enough room in his wagon!
Cutscenes/Story Events/Town Repair/repair_the_bridge_pt_2/repair_the_bridge_pt_2_follow_up_celine/init	My mom is over the moon about the bridge being repaired, [Ari]!	Ma mère est aux anges que le pont ait été réparé, [Ari] !	Моя мама вне себя от счастья после ремонта моста, [Ari].	My mom is over the moon about the bridge being repaired, [Ari]!
Cutscenes/Story Events/Town Repair/repair_the_bridge_pt_2/repair_the_bridge_pt_2_follow_up_dell/1	I've been saving my allowance for this!	J'ai économisé mon argent de poche en attendant ça.	Я всё это время копила карманные деньги!	I've been saving my allowance for this!
Cutscenes/Story Events/Town Repair/repair_the_bridge_pt_2/repair_the_bridge_pt_2_follow_up_dell/init	Now that the bridge is repaired, the Saturday Market is back on!	Maintenant que le pont est réparé, le marché du samedi va pouvoir reprendre.	Мост починили, и теперь к нам вернулся Субботний базар!	Now that the bridge is repaired, the Saturday Market is back on!
Cutscenes/Story Events/Town Repair/repair_the_bridge_pt_2/repair_the_bridge_pt_2_follow_up_eiland/1	I should probably warn you that my sister has moved up the timetables of several of her other initiatives as a result...	Bon, je dois te prévenir que suite à ça, ma sœur a devancé la mise en œuvre de plusieurs autres projets...	Вероятно, стоит тебя предупредить, что теперь моя сестра подвинула график нескольких других амбициозных проектов...	I should probably warn you that my sister has moved up the timetables of several of her other initiatives as a result...
Cutscenes/Story Events/Town Repair/repair_the_bridge_pt_2/repair_the_bridge_pt_2_follow_up_eiland/2	Still, it's all to help Mistria grow. Exciting times are ahead!	Tout cela, c'est pour que Mistria se développe. Un bel avenir nous attend !	В любом случае, всё это делается ради Мистрии. У нас впереди большое будущее!	Still, it's all to help Mistria grow. Exciting times are ahead!
Cutscenes/Story Events/Town Repair/repair_the_bridge_pt_2/repair_the_bridge_pt_2_follow_up_eiland/init	[Ari], thank you so much for your help repairing the bridge!	[Ari], merci de l'aide que tu as apportée pour réparer le pont !	[Ari], спасибо тебе большое за помощь с ремонтом моста!	[Ari], thank you so much for your help repairing the bridge!
Cutscenes/Story Events/Town Repair/repair_the_bridge_pt_2/repair_the_bridge_pt_2_follow_up_hayden/1	You wouldn't believe how excited Henrietta was when I told her!	Henrietta a eu du mal à contenir sa joie, quand je lui ai dit !	Ты не представляешь, как Генриетта обрадовалась, когда я ей рассказал!	You wouldn't believe how excited Henrietta was when I told her!
Cutscenes/Story Events/Town Repair/repair_the_bridge_pt_2/repair_the_bridge_pt_2_follow_up_hayden/init	The bridge is repaired, woohoo!	Le pont est réparé, youhou !	Мост починили, урааа!	The bridge is repaired, woohoo!
Cutscenes/Story Events/Town Repair/repair_the_bridge_pt_2/repair_the_bridge_pt_2_follow_up_juniper/1	Feel free to use the Bathhouse to clean up.	D'ailleurs, passe donc aux bains si tu as besoin de te décrasser.	Если хочешь, заходи отмыться в купальню.	Feel free to use the Bathhouse to clean up.
Cutscenes/Story Events/Town Repair/repair_the_bridge_pt_2/repair_the_bridge_pt_2_follow_up_juniper/init	If it isn't the talk of the town. I suppose I have to hand it to you, you're willing to get your hands dirty.	C'est donc de toi que tout le monde parle. Je dois reconnaître que tu n'hésites pas à mettre la main à la pâte.	Весь город о тебе говорит. Что ж, должна признать, ты не чураешься грязной работы.	If it isn't the talk of the town. I suppose I have to hand it to you, you're willing to get your hands dirty.
Cutscenes/Story Events/Town Repair/repair_the_bridge_pt_2/repair_the_bridge_pt_2_follow_up_march/1	And I already congratulated Ryis, he did a great job.	Oui, j'ai déjà félicité Ryis, il a fait de l'excellent travail.	Я уже поздравил Риза, он отлично справился.	And I already congratulated Ryis, he did a great job.
Cutscenes/Story Events/Town Repair/repair_the_bridge_pt_2/repair_the_bridge_pt_2_follow_up_march/2	What, you want a pat on the head for doing the bare minimum? Nah.	Quoi ? Tu veux des remerciements alors que tu as fait le strict minimum ? Oublie.	Хочешь, чтобы я тебя похвалил за минимальные усилия? Нет уж.	What, you want a pat on the head for doing the bare minimum? Nah.
Cutscenes/Story Events/Town Repair/repair_the_bridge_pt_2/repair_the_bridge_pt_2_follow_up_march/3	Oh!	Oh !	А!	Oh!
Cutscenes/Story Events/Town Repair/repair_the_bridge_pt_2/repair_the_bridge_pt_2_follow_up_march/4	Well... you're welcome.	Ah, euh... Merci.	Что ж... обращайтесь.	Well... you're welcome.
Cutscenes/Story Events/Town Repair/repair_the_bridge_pt_2/repair_the_bridge_pt_2_follow_up_march/init	What?	Quoi ?	Что?	What?
Cutscenes/Story Events/Town Repair/repair_the_bridge_pt_2/repair_the_bridge_pt_2_follow_up_march/init/prompts/0	The bridge is repaired!	Le pont est réparé.	Ремонт моста закончен!	The bridge is repaired!
Cutscenes/Story Events/Town Repair/repair_the_bridge_pt_2/repair_the_bridge_pt_2_follow_up_march/init/prompts/1	Couldn't have repaired the bridge without your support!	On n'aurait pas pu réparer le pont sans ton aide !	Без твоей помощи мы бы не справились с ремонтом моста!	Couldn't have repaired the bridge without your support!
Cutscenes/Story Events/Town Repair/repair_the_bridge_pt_2/repair_the_bridge_pt_2_follow_up_reina/1	Adeline told me all about how you helped out with the bridge. The whole inn thanks you, [Ari]!	Adeline m'a dit que tu avais beaucoup contribué à la réparation du pont. Toute l'auberge te remercie, [Ari] !	Аделина мне столько рассказывала, как ты <p>помогали</p><f>помогала</f><m>помогал</m><n>помогало</n> ремонтировать мост. В трактире только о тебе и говорят, [Ari]!	Adeline told me all about how you helped out with the bridge. The whole inn thanks you, [Ari]!
Cutscenes/Story Events/Town Repair/repair_the_bridge_pt_2/repair_the_bridge_pt_2_follow_up_reina/init	Well look who it is!	Regardez qui voilà !	Смотрите, кто к нам пришёл!	Well look who it is!
Cutscenes/Story Events/Town Repair/repair_the_bridge_pt_2/repair_the_bridge_pt_2_follow_up_valen/1	Be sure to stop by the Saturday Market and enjoy it with the rest of us!	Viens au marché du samedi. Tout le monde y sera !	Обязательно зайди на Субботний базар вместе с нами!	Be sure to stop by the Saturday Market and enjoy it with the rest of us!
Cutscenes/Story Events/Town Repair/repair_the_bridge_pt_2/repair_the_bridge_pt_2_follow_up_valen/init	Thank you for your help repairing the bridge, [Ari].	Merci d'avoir participé à la réparation du pont, [Ari].	Спасибо за помощь с ремонтом моста, [Ari].	Thank you for your help repairing the bridge, [Ari].
Cutscenes/Story Events/Town Repair/repair_the_bridge_pt_2/repair_the_bridge_pt_2_turn_in/1	That's great news!	C'est une excellente nouvelle !	Какая отличная новость!	That's great news!
Cutscenes/Story Events/Town Repair/repair_the_bridge_pt_2/repair_the_bridge_pt_2_turn_in/2	Oh, that's nice-	Oh, c'est bien...	А, это хорошо...	Oh, that's nice-
Cutscenes/Story Events/Town Repair/repair_the_bridge_pt_2/repair_the_bridge_pt_2_turn_in/3	Wait, what?!	Qu'est-ce que tu as dit ?!	Погоди, что?!	Wait, what?!
Cutscenes/Story Events/Town Repair/repair_the_bridge_pt_2/repair_the_bridge_pt_2_turn_in/4	That's wonderful news!	C'est une excellente nouvelle !	Это же чудесная новость!	That's wonderful news!
Cutscenes/Story Events/Town Repair/repair_the_bridge_pt_2/repair_the_bridge_pt_2_turn_in/5	Come on, let's go tell everyone!	Allons prévenir tout le monde !	Пойдём расскажем остальным!	Come on, let's go tell everyone!
Cutscenes/Story Events/Town Repair/repair_the_bridge_pt_2/repair_the_bridge_pt_2_turn_in/init	Hey there, [Ari]! What's up?	Bonjour, [Ari] ! Qu'y a-t-il ?	Привет, [Ari]! Как твои дела?	Hey there, [Ari]! What's up?
Cutscenes/Story Events/Town Repair/repair_the_bridge_pt_2/repair_the_bridge_pt_2_turn_in/init/prompts/0	I've gathered what we need to repair the bridge!	J'ai récolté tout ce qu'il nous faut pour réparer le pont !	Я <p>собрали</p><f>собрала</f><m>собрал</m><n>собрало</n> всё, что нужно для ремонта моста!	I've gathered what we need to repair the bridge!
Cutscenes/Story Events/Town Repair/repair_the_bridge_pt_2/repair_the_bridge_pt_2_turn_in/init/prompts/1	Nothing much, just completed the bridge repair donation.	Rien de spécial, j'ai fini de récolter les matériaux pour le pont.	Да ничего, просто <p>закончили</p><f>закончила</f><m>закончил</m><n>закончило</n> сбор материалов для моста.	Nothing much, just completed the bridge repair donation.
Cutscenes/Story Events/Town Repair/repair_the_general_store/repair_the_general_store_pt_1/1	So what's this all about, Adeline? Your letter was pretty vague.	De quoi s'agit-il, Adeline ? Tu es restée assez vague dans ta lettre.	Так в чём же дело, Аделина? В твоём письме не было подробностей.	So what's this all about, Adeline? Your letter was pretty vague.
Cutscenes/Story Events/Town Repair/repair_the_general_store/repair_the_general_store_pt_1/10	Exactly! Everyone who lives in Mistria would see some benefit.	Exactement ! Cela améliorerait la vie de tous les habitants de Mistria, d'une manière ou d'une autre.	Вот именно! Это будет выгодно всем обитателям Мистрии.	Exactly! Everyone who lives in Mistria would see some benefit.
Cutscenes/Story Events/Town Repair/repair_the_general_store/repair_the_general_store_pt_1/11	That is, if you two are up to the challenges of running a larger store...	Évidemment, il faut que vous vous sentiez capables de gérer un magasin plus grand, tous les deux...	Разумеется, только если вы готовы справляться с управлением большим магазином...	That is, if you two are up to the challenges of running a larger store...
Cutscenes/Story Events/Town Repair/repair_the_general_store/repair_the_general_store_pt_1/12	Absolutely!	Aucun problème !	Непременно!	Absolutely!
Cutscenes/Story Events/Town Repair/repair_the_general_store/repair_the_general_store_pt_1/13	I thought that might be the case.	Je me doutais que ce serait le cas.	Я так и подумала.	I thought that might be the case.
Cutscenes/Story Events/Town Repair/repair_the_general_store/repair_the_general_store_pt_1/14	Unfortunately, since this isn't a recovery project, I'm afraid the Capital won't be able to assist.	Malheureusement, comme il ne s'agit pas d'un projet de reconstruction, la capitale ne nous aidera pas.	К сожалению, поскольку это не восстановительный проект, мы не можем полагаться на помощь из столицы.	Unfortunately, since this isn't a recovery project, I'm afraid the Capital won't be able to assist.
Cutscenes/Story Events/Town Repair/repair_the_general_store/repair_the_general_store_pt_1/14/prompts/0	If we all pitch in, it'll be no problem!	Si nous participons tous, on y arrivera !	Всё получится, если мы все вложим средства!	If we all pitch in, it'll be no problem!
Cutscenes/Story Events/Town Repair/repair_the_general_store/repair_the_general_store_pt_1/14/prompts/1	Stock more seeds and another bag upgrade, and you can count me in!	Si ça veut dire plus de graines et un sac encore plus grand, comptez sur moi !	Можете рассчитывать на меня, если привезёте больше семян и улучшение инвентаря!	Stock more seeds and another bag upgrade, and you can count me in!
Cutscenes/Story Events/Town Repair/repair_the_general_store/repair_the_general_store_pt_1/15	Thank you!	Merci !	Спасибо!	Thank you!
Cutscenes/Story Events/Town Repair/repair_the_general_store/repair_the_general_store_pt_1/16	Ooh, a hard bargainer!  You got a deal.	Oooh, quelqu'un qui sait négocier ! Marché conclu.	Смотрите, как жёстко торгуется! Будет сделано.	Ooh, a hard bargainer!  You got a deal.
Cutscenes/Story Events/Town Repair/repair_the_general_store/repair_the_general_store_pt_1/17	Now, I've already secured Ryis and March's involvement, and I've come up with a list for each of us.	Bien, Ryis et March ont déjà dit qu'ils participeraient. J'ai préparé une liste pour chacun d'entre nous.	Итак, я уже заручилась поддержкой Риза и Марта, и для всех нас я тоже подготовила смету.	Now, I've already secured Ryis and March's involvement, and I've come up with a list for each of us.
Cutscenes/Story Events/Town Repair/repair_the_general_store/repair_the_general_store_pt_1/18	[Ari], from you we'll need $500 Stone$, $300 Wood$, $5 Copper Ingots$, $5 Iron Ingots$ and $3000 tesserae$. I'll set up the $Donation Box$ outside the General Store.	[Ari], il nous faudra $500 pierres$, $300 rondins de bois$, $5 lingots d'argent$, $5 lingots de fer$ et $3 000 tesserae$. La $boîte de dons$ sera placée devant le magasin.	[Ari], от тебя требуется $500 камня$, $300 древесины$, $5 слитков меди$, $5 слитков железа$ и $3000 тессер$. Я поставлю $ящик для пожертвований$ возле универмага.	[Ari], from you we'll need $500 Stone$, $300 Wood$, $5 Copper Ingots$, $5 Iron Ingots$ and $3000 tesserae$. I'll set up the $Donation Box$ outside the General Store.
Cutscenes/Story Events/Town Repair/repair_the_general_store/repair_the_general_store_pt_1/19	We've got a lot of work ahead of us, but I'm sure we can do it!	Ce ne sera pas une partie de plaisir, mais je suis certaine que nous pourrons y arriver !	Нам предстоит много работы, но я уверена, что мы справимся!	We've got a lot of work ahead of us, but I'm sure we can do it!
Cutscenes/Story Events/Town Repair/repair_the_general_store/repair_the_general_store_pt_1/2	Mistria's bounced back from the earthquake quite nicely, don't you all think?	Mistria a redressé la barre depuis le tremblement de terre, vous ne trouvez pas ?	Мистрия хорошо оправилась после землетрясения, правда?	Mistria's bounced back from the earthquake quite nicely, don't you all think?
Cutscenes/Story Events/Town Repair/repair_the_general_store/repair_the_general_store_pt_1/20	I can't wait for the Grand Opening!	Je me vois déjà à l'inauguration !	Уже хочу провести торжественное открытие!	I can't wait for the Grand Opening!
Cutscenes/Story Events/Town Repair/repair_the_general_store/repair_the_general_store_pt_1/3	I'll say! You've unearthed a real talent for managing things, Adeline.	Comme tu dis ! Et tu t'es révélée être une vraie gestionnaire, Adeline.	Ещё как! Ты откопала настоящий организаторский талант, Аделина.	I'll say! You've unearthed a real talent for managing things, Adeline.
Cutscenes/Story Events/Town Repair/repair_the_general_store/repair_the_general_store_pt_1/4	But I don't want us to rest on our laurels. There's no reason why we can't become the best town in Aldaria!	Je ne veux pas que nous nous reposions sur nos lauriers. Pourquoi n'essaierions-nous pas de devenir la ville la plus attrayante de tout Aldaria ?	Но, по-моему, рассабляться нам ещё рано. Ничто нам не мешает стать лучшим городом в Альдарии!	But I don't want us to rest on our laurels. There's no reason why we can't become the best town in Aldaria!
Cutscenes/Story Events/Town Repair/repair_the_general_store/repair_the_general_store_pt_1/5	We're with you of course, but where do we start?	Nous sommes à tes côtés, mais par où commencer ?	Я не против, конечно, но с чего ты предлагаешь начать?	We're with you of course, but where do we start?
Cutscenes/Story Events/Town Repair/repair_the_general_store/repair_the_general_store_pt_1/5/prompts/0	How about upgrading the General Store?	Pourquoi ne pas rénover le magasin général ?	Может, нам улучшить универмаг?	How about upgrading the General Store?
Cutscenes/Story Events/Town Repair/repair_the_general_store/repair_the_general_store_pt_1/5/prompts/1	How about upgrading my farm?	Pourquoi ne pas rénover ma ferme ?	Может, нам улучшить мою ферму?	How about upgrading my farm?
Cutscenes/Story Events/Town Repair/repair_the_general_store/repair_the_general_store_pt_1/6	Just what I was thinking!	Tu lis dans mes pensées !	Как раз это я и хотела предложить!	Just what I was thinking!
Cutscenes/Story Events/Town Repair/repair_the_general_store/repair_the_general_store_pt_1/7	Close, but you'll need access to more supplies for that! Let's upgrade the General Store!	Ça viendra, mais il nous faudra plus de matériaux pour ça ! Rénovons plutôt le magasin général !	Близко, но для этого нам нужно больше материалов. Давайте улучшим универмаг!	Close, but you'll need access to more supplies for that! Let's upgrade the General Store!
Cutscenes/Story Events/Town Repair/repair_the_general_store/repair_the_general_store_pt_1/8	It'd be a dream come true!	Ce serait le rêve !	Я была бы просто счастлива!	It'd be a dream come true!
Cutscenes/Story Events/Town Repair/repair_the_general_store/repair_the_general_store_pt_1/9	More stock, a better selection... just think of all the new puns I could come up with with that kind of material!	Plus de marchandises, plus de choix... Encore plus d'occasions de trouver des jeux de mots !	Увеличить запасы, расширить ассортимент... А сколько новых каламбуров я бы придумал с таким материалом!	More stock, a better selection... just think of all the new puns I could come up with with that kind of material!
Cutscenes/Story Events/Town Repair/repair_the_general_store/repair_the_general_store_pt_1/init	Hey, [Ari]!	Salut, [Ari] !	Привет, [Ari]!	Hey, [Ari]!
Cutscenes/Story Events/Town Repair/repair_the_general_store/repair_the_general_store_pt_1_celine_follow_up/1	It's been my mom's dream for a long time to have a bigger store.	Cela fait des années que ma mère rêve d'une plus grande surface.	Моя мама давно мечтает расширить магазин.	It's been my mom's dream for a long time to have a bigger store.
Cutscenes/Story Events/Town Repair/repair_the_general_store/repair_the_general_store_pt_1_celine_follow_up/2	And it's been my dad's dream to eat an entire cake in one sitting.	Alors que mon père, lui, rêve de manger un gâteau entier en une seule fois.	А мой папа мечтает съесть целый торт за один присест...	And it's been my dad's dream to eat an entire cake in one sitting.
Cutscenes/Story Events/Town Repair/repair_the_general_store/repair_the_general_store_pt_1_celine_follow_up/3	I... I don't know why I told you that.	Je... Je ne sais pas pourquoi je te raconte ça.	Я... не знаю, к чему я это рассказала.	I... I don't know why I told you that.
Cutscenes/Story Events/Town Repair/repair_the_general_store/repair_the_general_store_pt_1_celine_follow_up/init	Oh [Ari]! My parents said you're helping with the General Store remodeling!	Oh, [Ari] ! Mes parents m'ont appris que tu participais aux travaux du magasin général.	О, [Ari]! Мои родители говорят, что ты помогаешь им с перепланировкой универмага.	Oh [Ari]! My parents said you're helping with the General Store remodeling!
Cutscenes/Story Events/Town Repair/repair_the_general_store/repair_the_general_store_pt_1_dell_follow_up/1	Guess I'll just have to dig it myself!	Tant pis, je le creuserai moi-même !	Видимо, придётся копать самой!	Guess I'll just have to dig it myself!
Cutscenes/Story Events/Town Repair/repair_the_general_store/repair_the_general_store_pt_1_dell_follow_up/init	Since we're going to remodel the store anyway, I want to add a secret tunnel to my room... but mom said no.	Comme ils vont refaire tout le magasin, j'ai demandé à avoir un tunnel secret jusqu'à ma chambre... mais maman a dit non.	Раз уж мы затеяли перепланировку, я хочу потайной ход в свою комнату... Но мама мне не разрешает.	Since we're going to remodel the store anyway, I want to add a secret tunnel to my room... but mom said no.
Cutscenes/Story Events/Town Repair/repair_the_general_store/repair_the_general_store_pt_1_ryis_follow_up/1	Can't believe I get to design a whole store! It's going to be fun.	J'ai du mal à réaliser que je vais refaire une boutique entière. Je sens que ça va bien me plaire.	Такая неожиданная возможность спроектировать целый магазин! Это будет интересно.	Can't believe I get to design a whole store! It's going to be fun.
Cutscenes/Story Events/Town Repair/repair_the_general_store/repair_the_general_store_pt_1_ryis_follow_up/init	Thanks for helping out again with the General Store.	Merci de nous aider une fois de plus.	Спасибо ещё раз, что помогаешь с универмагом.	Thanks for helping out again with the General Store.
Cutscenes/Story Events/Town Repair/repair_the_general_store/repair_the_general_store_pt_2/1	Alright folks, give me a season and you'll have your brand new and improved General Store.	Écoutez-moi tous ! À la saison prochaine, nous aurons un magasin général flambant neuf !	Ну что ж, дайте мне один квартал, и у вас будет красивый свеженький универмаг.	Alright folks, give me a season and you'll have your brand new and improved General Store.
Cutscenes/Story Events/Town Repair/repair_the_general_store/repair_the_general_store_pt_2/10	Look at that mess! Time to show off the family's famous sweeping technique!	Regardez-moi cette saleté ! Vous allez avoir droit à une démonstration de ma célèbre technique de balayage.	Ну и бардак! Пора показать вам знаменитую семейную технику подметания!	Look at that mess! Time to show off the family's famous sweeping technique!
Cutscenes/Story Events/Town Repair/repair_the_general_store/repair_the_general_store_pt_2/11	Wow!	Waouh !	Ух ты!	Wow!
Cutscenes/Story Events/Town Repair/repair_the_general_store/repair_the_general_store_pt_2/12	It's so beautiful...	C'est magnifique...	Как красиво...	It's so beautiful...
Cutscenes/Story Events/Town Repair/repair_the_general_store/repair_the_general_store_pt_2/13	Everyone, thank you. This is a turning point for all of Mistria!	Merci à tous, du fond du cœur. C'est un vrai tournant pour tout Mistria.	Спасибо вам всем. Для Мистрии это исторический момент!	Everyone, thank you. This is a turning point for all of Mistria!
Cutscenes/Story Events/Town Repair/repair_the_general_store/repair_the_general_store_pt_2/14	You took the words out of my mouth!	Je n'aurais pas dit mieux !	Я как раз хотела это сказать!	You took the words out of my mouth!
Cutscenes/Story Events/Town Repair/repair_the_general_store/repair_the_general_store_pt_2/15	I'm glad we all got to be a part of it!	Je suis heureux que tout le monde ait pu mettre la main à la pâte.	Я рад, что смог принять в этом участие!	I'm glad we all got to be a part of it!
Cutscenes/Story Events/Town Repair/repair_the_general_store/repair_the_general_store_pt_2/15/prompts/0	It was fun!	C'était génial !	Было весело!	It was fun!
Cutscenes/Story Events/Town Repair/repair_the_general_store/repair_the_general_store_pt_2/15/prompts/1	Is it too late for me to be a carpenter?	Il est trop tard pour que je me lance dans la menuiserie ?	Мне ещё не поздно обучиться на плотника?	Is it too late for me to be a carpenter?
Cutscenes/Story Events/Town Repair/repair_the_general_store/repair_the_general_store_pt_2/16	It really was!	Tu l'as dit !	Это правда!	It really was!
Cutscenes/Story Events/Town Repair/repair_the_general_store/repair_the_general_store_pt_2/17	Seems like you can turn your hand to pretty much anything, [Ari].	Je crois que tu as des talents dans de nombreux domaines, [Ari].	Кажется, в твоих руках любое дело спорится, [Ari].	Seems like you can turn your hand to pretty much anything, [Ari].
Cutscenes/Story Events/Town Repair/repair_the_general_store/repair_the_general_store_pt_2/18	All right family, let's get those shelves stocked!	Allez, il est temps de réapprovisionner ces rayons.	Итак, мои родные, пойдёмте набивать полки!	All right family, let's get those shelves stocked!
Cutscenes/Story Events/Town Repair/repair_the_general_store/repair_the_general_store_pt_2/2	A season?!	À la saison prochaine ?!	Квартал?!	A season?!
Cutscenes/Story Events/Town Repair/repair_the_general_store/repair_the_general_store_pt_2/3	Don't worry, Mom! All of you can stay at my place!	Ne t'en fais pas, maman. Je vous hébergerai pendant les travaux !	Не переживай, мам! Вы можете пока пожить у меня!	Don't worry, Mom! All of you can stay at my place!
Cutscenes/Story Events/Town Repair/repair_the_general_store/repair_the_general_store_pt_2/4	Well, I think I could speed things up if I had a little assistance...	Eh bien, avec un peu d'aide, les choses pourraient avancer plus rapidement...	Ну, я мог бы работать быстрее, если бы мне помогли...	Well, I think I could speed things up if I had a little assistance...
Cutscenes/Story Events/Town Repair/repair_the_general_store/repair_the_general_store_pt_2/5	How about it, [Ari]?	Qu'en dis-tu, [Ari] ?	Что думаешь, [Ari]?	How about it, [Ari]?
Cutscenes/Story Events/Town Repair/repair_the_general_store/repair_the_general_store_pt_2/5/prompts/0	You bet!	Quelle question !	Я <p>готовы</p><f>готова</f><m>готов</m><n>готово</n>!	You bet!
Cutscenes/Story Events/Town Repair/repair_the_general_store/repair_the_general_store_pt_2/5/prompts/1	We'll get this done in an impossibly short time!	On va finir tout ça en un clin d'œil !	Мы управимся в невозможно короткий срок!	We'll get this done in an impossibly short time!
Cutscenes/Story Events/Town Repair/repair_the_general_store/repair_the_general_store_pt_2/6	Let's get to it!	C'est parti !	Тогда приступим!	Let's get to it!
Cutscenes/Story Events/Town Repair/repair_the_general_store/repair_the_general_store_pt_2/7	Let's get to it!	C'est parti !	Тогда приступим!	Let's get to it!
Cutscenes/Story Events/Town Repair/repair_the_general_store/repair_the_general_store_pt_2/8	I'm gonna help too!	Je vais les aider !	Я тоже буду помогать!	I'm gonna help too!
Cutscenes/Story Events/Town Repair/repair_the_general_store/repair_the_general_store_pt_2/9	No, Dell.	Non, Dell.	Нет, Делл.	No, Dell.
Cutscenes/Story Events/Town Repair/repair_the_general_store/repair_the_general_store_pt_2/init	Looks like we're ready to start!	Je crois que les travaux peuvent commencer !	Кажется, можем приступать!	Looks like we're ready to start!
Cutscenes/Story Events/Town Repair/repair_the_general_store/repair_the_general_store_pt_2_celine_follow_up/1	It's getting me fired up for gardening!	Ça me donne encore plus envie de jardiner !	Мне сразу хочется пойти работать в саду!	It's getting me fired up for gardening!
Cutscenes/Story Events/Town Repair/repair_the_general_store/repair_the_general_store_pt_2_celine_follow_up/init	Isn't the new seed selection at the General Store nice?	La nouvelle sélection de semis est plutôt impressionnante, hein ?	В универмаге теперь такой большой выбор семян!	Isn't the new seed selection at the General Store nice?
Cutscenes/Story Events/Town Repair/repair_the_general_store/repair_the_general_store_pt_2_dell_follow_up/1	Mom still says I shouldn't though...	Même si maman me dit toujours d'arrêter...	Но мама всё равно мне не даёт...	Mom still says I shouldn't though...
Cutscenes/Story Events/Town Repair/repair_the_general_store/repair_the_general_store_pt_2_dell_follow_up/init	There's so much more room to run around in the store now!	Maintenant, j'ai plein de place pour courir dans le magasin !	В магазине стало много места, там так хорошо бегать!	There's so much more room to run around in the store now!
Cutscenes/Story Events/Town Repair/repair_the_general_store/repair_the_general_store_pt_2_holt_follow_up/init	Never thought it'd feel so fancy in my own store! Do you think I should start wearing a tie?	Je ne pensais pas un jour me retrouver dans un magasin si élégant ! Tu crois que je devrais porter la cravate ?	Я и не думал, что мой магазин станет таким роскошным местом! Как думаешь, мне теперь стоит надевать галстук?	Never thought it'd feel so fancy in my own store! Do you think I should start wearing a tie?
Cutscenes/Story Events/Town Repair/repair_the_general_store/repair_the_general_store_pt_2_nora_follow_up/1	You're telling me! Maybe I'll treat myself to a new binder... I bet Adeline can recommend one.	Ne m'en parle pas ! Je vais peut-être même craquer pour un nouveau classeur... Adeline aura bien une marque à me conseiller.	И не говори! Может, пора прикупить новый журнал... Наверняка Аделина может посоветовать хороший.	You're telling me! Maybe I'll treat myself to a new binder... I bet Adeline can recommend one.
Cutscenes/Story Events/Town Repair/repair_the_general_store/repair_the_general_store_pt_2_nora_follow_up/2	Of course!	Quelle question !	Ну конечно!	Of course!
Cutscenes/Story Events/Town Repair/repair_the_general_store/repair_the_general_store_pt_2_nora_follow_up/init	I've had to redo all my store spreadsheets to account for the new space.	Maintenant que nous avons beaucoup plus de place, j'ai dû refaire mes provisionnels.	Мне пришлось переделать всю бухгалтерию, чтобы поставить на учёт всё это новое пространство.	I've had to redo all my store spreadsheets to account for the new space.
Cutscenes/Story Events/Town Repair/repair_the_general_store/repair_the_general_store_pt_2_nora_follow_up/init/prompts/0	Lucky!	Quelle chance !	Повезло!	Lucky!
Cutscenes/Story Events/Town Repair/repair_the_general_store/repair_the_general_store_pt_2_nora_follow_up/init/prompts/1	And you're happy about that...?	Et ça t'a plu...?	И тебя это радует?..	And you're happy about that...?
Cutscenes/Story Events/Town Repair/repair_the_general_store/repair_the_general_store_pt_2_ryis_follow_up/1	But the General Store project was very satisfying. We made a good team, huh?	Mais ce projet du magasin général était particulièrement gratifiant. On forme une bonne équipe, toi et moi, hein ?	Но проект универмага мне особенно понравился. У нас с тобой вышла хорошая команда!	But the General Store project was very satisfying. We made a good team, huh?
Cutscenes/Story Events/Town Repair/repair_the_general_store/repair_the_general_store_pt_2_ryis_follow_up/init	Repair work is needed, and I like doing it...	S'il y a de la rénovation à faire, je ne dis jamais non...	Ремонт всегда нужен, а мне нравится ремонтировать...	Repair work is needed, and I like doing it...
Cutscenes/Story Events/Town Repair/repair_the_general_store/repair_the_general_store_pt_2_turn_in/1	Wonderful!	Fantastique !	Чудесно!	Wonderful!
Cutscenes/Story Events/Town Repair/repair_the_general_store/repair_the_general_store_pt_2_turn_in/2	Does that mean we're ready to upgrade the General Store?	Tu veux dire que les rénovations du magasin général peuvent commencer ?	Неужели у нас всё готово для улучшения универмага?	Does that mean we're ready to upgrade the General Store?
Cutscenes/Story Events/Town Repair/repair_the_general_store/repair_the_general_store_pt_2_turn_in/3	I'll gather everyone together and meet you there!	Je préviens tout le monde et on se retrouve sur place !	Я позову всех, увидимся на месте!	I'll gather everyone together and meet you there!
Cutscenes/Story Events/Town Repair/repair_the_general_store/repair_the_general_store_pt_2_turn_in/init	Hey [Ari]! You look like you've got something to tell me.	Tiens, [Ari] ! Je vois sur ton visage que tu as quelque chose à m'annoncer.	Привет, [Ari]! Ты как будто хочешь мне что-то сказать?	Hey [Ari]! You look like you've got something to tell me.
Cutscenes/Story Events/Town Repair/repair_the_general_store/repair_the_general_store_pt_2_turn_in/init/prompts/0	I donated everything we need for the General Store!	J'ai récolté tout ce qu'il nous faut pour le magasin général !	Я <p>собрали</p><f>собрала</f><m>собрал</m><n>собрало</n> всё, что нужно для универмага!	I donated everything we need for the General Store!
Cutscenes/Story Events/Town Repair/repair_the_general_store/repair_the_general_store_pt_2_turn_in/init/prompts/1	Who's ready to shop?	On va faire les boutiques ?	Приготовься к шикарному шоппингу!	Who's ready to shop?
Cutscenes/Story Events/Town Repair/repair_the_inn/repair_the_inn_pt_1/1	Can I get you two a bite to eat?	Je vous sers quelque chose à manger ?	Может, вам принести чего-нибудь перекусить?	Can I get you two a bite to eat?
Cutscenes/Story Events/Town Repair/repair_the_inn/repair_the_inn_pt_1/10	It was a project that I don't think Hayden could have done alone, but it benefits everyone living here.	C'était un projet que Hayden n'aurait pas pu se permettre, mais il bénéficie à tous les habitants de la ville.	Я думаю, в одиночку Хейден бы не взялся за такой проект, но он полезен для всего города.	It was a project that I don't think Hayden could have done alone, but it benefits everyone living here.
Cutscenes/Story Events/Town Repair/repair_the_inn/repair_the_inn_pt_1/11	I'll say! We haven't had to worry about our orders being too big ever since!	Comme tu dis ! Depuis, nous n'avons plus à nous inquiéter si nous passons de grosses commandes !	Это точно! С тех пор мы не волнуемся, что у нас для Хейдена будут слишком большие заказы.	I'll say! We haven't had to worry about our orders being too big ever since!
Cutscenes/Story Events/Town Repair/repair_the_inn/repair_the_inn_pt_1/12	And the quality has never been better!	Et la qualité des produits n'a jamais été aussi bonne !	И качество выросло как никогда!	And the quality has never been better!
Cutscenes/Story Events/Town Repair/repair_the_inn/repair_the_inn_pt_1/13	I'm so glad to hear that!	Ça me fait plaisir d'entendre ça !	Как приятно это слышать!	I'm so glad to hear that!
Cutscenes/Story Events/Town Repair/repair_the_inn/repair_the_inn_pt_1/14	I think I see where this is going, Adeline.	Je vois où tu veux en venir, Adeline.	Кажется, я понимаю, к чему ты ведёшь, Аделина.	I think I see where this is going, Adeline.
Cutscenes/Story Events/Town Repair/repair_the_inn/repair_the_inn_pt_1/15	The Sleeping Dragon Inn is the first place travelers come to when they arrive in Mistria and it's the hub of our social life.	C'est à l'auberge du Dragon qui dort qu'arrivent tous les voyageurs et c'est le cœur de notre vie sociale.	Трактир «Спящий дракон» — первое место, куда попадают приезжие. К тому же для Мистрии это центр городской жизни.	The Sleeping Dragon Inn is the first place travelers come to when they arrive in Mistria and it's the hub of our social life.
Cutscenes/Story Events/Town Repair/repair_the_inn/repair_the_inn_pt_1/16	With an upgrade, the sky's the limit!	Avec quelques améliorations, plus rien ne pourra nous arrêter !	Если его расширить, можно достичь небывалых высот!	With an upgrade, the sky's the limit!
Cutscenes/Story Events/Town Repair/repair_the_inn/repair_the_inn_pt_1/17	Well, I dunno... we can't really go much bigger than we are, don't have the staff.	Je ne sais pas trop... Nous ne pouvons pas vraiment nous agrandir, nous manquerions de personnel.	Ну, не знаю... Сильно больше, чем сейчас, мы не вырастем, просто не хватит персонала.	Well, I dunno... we can't really go much bigger than we are, don't have the staff.
Cutscenes/Story Events/Town Repair/repair_the_inn/repair_the_inn_pt_1/18	It's a lovely thought, but I wouldn't want to put so much of a burden on you two.	C'est très gentil de votre part, mais je ne veux pas vous imposer ça, à vous deux.	Это занимательная идея, но я не хочу загружать вас работой.	It's a lovely thought, but I wouldn't want to put so much of a burden on you two.
Cutscenes/Story Events/Town Repair/repair_the_inn/repair_the_inn_pt_1/19	It wouldn't be any trouble, really. You've both given so much! The town relies on everything the Inn provides.	Ça ne nous poserait aucun souci, je t'assure ! Vous contribuez tellement à la vie de Mistria, tous les deux. La vie de notre ville tourne autour de cette auberge.	Нам не сложно, честно. Вы вдвоём так много сделали! Ваш трактир обслуживает весь город.	It wouldn't be any trouble, really. You've both given so much! The town relies on everything the Inn provides.
Cutscenes/Story Events/Town Repair/repair_the_inn/repair_the_inn_pt_1/19/prompts/0	I'd love to help!	J'aimerais vous aider !	Я с радостью вам помогу!	I'd love to help!
Cutscenes/Story Events/Town Repair/repair_the_inn/repair_the_inn_pt_1/19/prompts/1	Come oooon!	Alleeez !	Ну дава-а-айте!	Come oooon!
Cutscenes/Story Events/Town Repair/repair_the_inn/repair_the_inn_pt_1/2	No no, this isn't about us! We're here to talk about the Inn.	Non, nous ne venons pas pour ça ! Nous venons parler de l'auberge.	Нет-нет, мы здесь не за этим! Мы хотим поговорить про трактир.	No no, this isn't about us! We're here to talk about the Inn.
Cutscenes/Story Events/Town Repair/repair_the_inn/repair_the_inn_pt_1/20	That's sweet of you, but-	C'est très gentil de ta part, mais...	Очень приятно это слышать, но...	That's sweet of you, but-
Cutscenes/Story Events/Town Repair/repair_the_inn/repair_the_inn_pt_1/21	Oh, I'm not sure-	Oh, je ne sais pas si...	Ох, я не уверена...	Oh, I'm not sure-
Cutscenes/Story Events/Town Repair/repair_the_inn/repair_the_inn_pt_1/22	Hold it right there!	Un instant !	Ну-ка погодите!	Hold it right there!
Cutscenes/Story Events/Town Repair/repair_the_inn/repair_the_inn_pt_1/23	Reina, goodness! You gave me such a start!	Oh, Reina ! J'ai failli faire une attaque !	Боже мой, Рейна! Ты меня напугала!	Reina, goodness! You gave me such a start!
Cutscenes/Story Events/Town Repair/repair_the_inn/repair_the_inn_pt_1/24	A little bird told me that we were next up for improvements-	Mon petit doigt m'a dit que l'auberge était sur la liste des rénovations...	Мне птичка напела, что мы следующие в очереди на улучшение...	A little bird told me that we were next up for improvements-
Cutscenes/Story Events/Town Repair/repair_the_inn/repair_the_inn_pt_1/25	Sorry, I got excited.	Désolée, je n'ai pas pu résister.	Простите, я не сдержалась.	Sorry, I got excited.
Cutscenes/Story Events/Town Repair/repair_the_inn/repair_the_inn_pt_1/26	And I've just put the finishing touches on my proposal!	Il se trouve que je viens tout juste de terminer mes plans.	И я как раз только что доделала свой план!	And I've just put the finishing touches on my proposal!
Cutscenes/Story Events/Town Repair/repair_the_inn/repair_the_inn_pt_1/27	An upgraded, state of the art kitchen and bar! We'll be able to offer even more dishes!	Une cuisine et un bar dernier cri ! On pourra proposer des tas de nouveaux plats.	Улучшенная кухня, оборудованная по последнему слову техники! Мы сможем готовить ещё больше разных блюд!	An upgraded, state of the art kitchen and bar! We'll be able to offer even more dishes!
Cutscenes/Story Events/Town Repair/repair_the_inn/repair_the_inn_pt_1/28	Well, now! And what's this about furniture and decor?	Voyez-vous ça ! Et pour ce qui est du mobilier et de la décoration ?	Ну и ну! А что тут написано про мебель и оформление?	Well, now! And what's this about furniture and decor?
Cutscenes/Story Events/Town Repair/repair_the_inn/repair_the_inn_pt_1/29	Ryis and Landen have already agreed to help us do some redecorating.	Ryis et Landen ont déjà accepté de nous aider pour la décoration.	Риз и Ланден уже согласились помочь нам с деталями интерьера.	Ryis and Landen have already agreed to help us do some redecorating.
Cutscenes/Story Events/Town Repair/repair_the_inn/repair_the_inn_pt_1/3	At least let me make us some drinks!	Laissez-moi au moins vous offrir un verre !	Давай хотя бы напитками угостим!	At least let me make us some drinks!
Cutscenes/Story Events/Town Repair/repair_the_inn/repair_the_inn_pt_1/3/prompts/0	I'll have something fruity!	Quelque chose de fruité pour moi.	Я хочу что-нибудь фруктовое!	I'll have something fruity!
Cutscenes/Story Events/Town Repair/repair_the_inn/repair_the_inn_pt_1/3/prompts/1	Bitter and full-bodied, please!	Quelque chose d'amer mais qui a du corps !	Что-нибудь полнотелое и горькое, пожалуйста!	Bitter and full-bodied, please!
Cutscenes/Story Events/Town Repair/repair_the_inn/repair_the_inn_pt_1/3/prompts/2	Can I get a glass of water?	Je peux avoir un verre d'eau ?	Можно мне стакан воды?	Can I get a glass of water?
Cutscenes/Story Events/Town Repair/repair_the_inn/repair_the_inn_pt_1/30	We'll even stock some of the new decor for sale! They'll be perfect souvenirs for our visitors, don't you think?	Et nous proposerons même ce nouveau style à la vente ! Ça fera de jolis souvenirs pour les visiteurs, vous ne trouvez pas ?	Мы закажем побольше, чтобы можно было их продавать! Будет отличный сувенир для гостей.	We'll even stock some of the new decor for sale! They'll be perfect souvenirs for our visitors, don't you think?
Cutscenes/Story Events/Town Repair/repair_the_inn/repair_the_inn_pt_1/31	Runners for the tables, new cushions for the chairs, you've really thought of everything, Reina.	De jolis tissus pour couvrir les tables, de nouveaux coussins pour les chaises... Tu as pensé à tout, Reina.	Дорожки для столов и подушки для стульев — всё у тебя продумано до мелочей, Рейна!	Runners for the tables, new cushions for the chairs, you've really thought of everything, Reina.
Cutscenes/Story Events/Town Repair/repair_the_inn/repair_the_inn_pt_1/32	And this soup cauldron proposal-	Et cette nouvelle marmite pour la soupe...	А что касается супового котла...	And this soup cauldron proposal-
Cutscenes/Story Events/Town Repair/repair_the_inn/repair_the_inn_pt_1/33	That's right, bigger servings for everyone, loaded with delicious ingredients!	Oui, tout le monde aura droit à des rations plus généreuses et on mettra plein de délicieux ingrédients !	Увеличим, буду большие порции для всех и вкусные ингредиенты!	That's right, bigger servings for everyone, loaded with delicious ingredients!
Cutscenes/Story Events/Town Repair/repair_the_inn/repair_the_inn_pt_1/34	This looks fantastic, Reina!	Tout ça est fantastique, Reina !	Рейна, это просто невероятный план!	This looks fantastic, Reina!
Cutscenes/Story Events/Town Repair/repair_the_inn/repair_the_inn_pt_1/34/prompts/0	When do we start?	Quand est-ce qu'on s'y met ?	Когда начинаем?	When do we start?
Cutscenes/Story Events/Town Repair/repair_the_inn/repair_the_inn_pt_1/34/prompts/1	Jo, Hemlock, what do you two think?	Jo, Hemlock, qu'en dites-vous ?	Джо, Хемлок, а вы что думаете?	Jo, Hemlock, what do you two think?
Cutscenes/Story Events/Town Repair/repair_the_inn/repair_the_inn_pt_1/35	As soon as my parents approve!	Dès que mes parents nous donnent le feu vert !	Как только родители согласятся!	As soon as my parents approve!
Cutscenes/Story Events/Town Repair/repair_the_inn/repair_the_inn_pt_1/36	I'm a bit overwhelmed, to tell you the truth!	Cela fait beaucoup d'un coup, pour être très honnête !	Честно говоря, это всё так внезапно...	I'm a bit overwhelmed, to tell you the truth!
Cutscenes/Story Events/Town Repair/repair_the_inn/repair_the_inn_pt_1/37	With a proposal this well thought out, how could we say no?	Avec des propositions aussi abouties, comment refuser ?	Такое детально распланированное предложение — разве мы можем отказаться?	With a proposal this well thought out, how could we say no?
Cutscenes/Story Events/Town Repair/repair_the_inn/repair_the_inn_pt_1/38	I'm so proud of you, Reina.	Je suis très fière de toi, Reina.	Я тобой горжусь, Рейна.	I'm so proud of you, Reina.
Cutscenes/Story Events/Town Repair/repair_the_inn/repair_the_inn_pt_1/39	Aw, you two...	Oh, arrêtez, tous les deux...	Ой, перестаньте...	Aw, you two...
Cutscenes/Story Events/Town Repair/repair_the_inn/repair_the_inn_pt_1/4	You got it!	Entendu !	Сейчас!	You got it!
Cutscenes/Story Events/Town Repair/repair_the_inn/repair_the_inn_pt_1/40	I'll get the $Donation Box$ set up outside. We're all counting on you, [Ari].	Je vais installer la $boîte de dons$ dehors. Nous comptons tous sur toi, [Ari].	Я поставлю у входа $ящик для пожертвований$. Мы рассчитываем на тебя, [Ari].	I'll get the $Donation Box$ set up outside. We're all counting on you, [Ari].
Cutscenes/Story Events/Town Repair/repair_the_inn/repair_the_inn_pt_1/5	Ooh, me too!	Oooh, pour moi aussi !	О, мне тоже налей!	Ooh, me too!
Cutscenes/Story Events/Town Repair/repair_the_inn/repair_the_inn_pt_1/6	I've got a bottle here from the winter of the Two Week Blizzard, let's crack it open!	J'ai là une bouteille qui remonte à l'hiver du Blizzard de deux semaines. Débouchons-la pour l'occasion !	У меня тут осталась бутылочка с зимы Двухнедельной метели. Давайте откроем!	I've got a bottle here from the winter of the Two Week Blizzard, let's crack it open!
Cutscenes/Story Events/Town Repair/repair_the_inn/repair_the_inn_pt_1/7	I suppose I'll have what [Ari] is having then.	Je prends comme [Ari].	Тогда я возьму то же, что и [Ari].	I suppose I'll have what [Ari] is having then.
Cutscenes/Story Events/Town Repair/repair_the_inn/repair_the_inn_pt_1/8	So what can we help you two with?	Alors, qu'est-ce qu'on peut faire pour vous ?	Так как мы можем вам помочь?	So what can we help you two with?
Cutscenes/Story Events/Town Repair/repair_the_inn/repair_the_inn_pt_1/9	As you know, we recently rebuilt Hayden's barn and coop, giving him the room to raise new animals and securing a new source of exports for the town.	Comme vous le savez, nous avons rénové la grange et le poulailler d'Hayden pour qu'il accueille plus d'animaux et qu'on puisse exporter de nouveaux produits.	Как вы знаете, мы недавно обновили хлев и вольер Хейдена. Теперь у него воявилось место для новых животных, а у города — новые экспортные товары.	As you know, we recently rebuilt Hayden's barn and coop, giving him the room to raise new animals and securing a new source of exports for the town.
Cutscenes/Story Events/Town Repair/repair_the_inn/repair_the_inn_pt_1/init	And here's [Ari]!	Voilà [Ari] !	А вот и [Ari]!	And here's [Ari]!
Cutscenes/Story Events/Town Repair/repair_the_inn/repair_the_inn_pt_1_follow_up_adeline/1	Thank goodness for Reina!	Heureusement que Reina est intervenue !	Повезло, что Рейна нас выручила!	Thank goodness for Reina!
Cutscenes/Story Events/Town Repair/repair_the_inn/repair_the_inn_pt_1_follow_up_adeline/init	I never expected Jo and Hemlock to decline, they caught me completely off guard.	Je n'imaginais pas que Jo et Hemlock refuseraient. Ça m'a vraiment déstabilisée.	Я не ожидала, что Джо и Хемлок захотят отказаться, это было так внезапно.	I never expected Jo and Hemlock to decline, they caught me completely off guard.
Cutscenes/Story Events/Town Repair/repair_the_inn/repair_the_inn_pt_1_follow_up_hemlock/init	Lots to do around here before we can start construction, but don't you worry [Ari], we'll be ready as soon as you've collected all the materials!	Nous avons du pain sur la planche avant de lancer les travaux, mais ne t'en fais pas, [Ari]. Quand tu auras réuni tous les matériaux, nous serons prêts !	Перед началом строительства ещё много всего надо сделать. Но не волнуйся, [Ari]: когда соберёшь материалы, мы будем готовы!	Lots to do around here before we can start construction, but don't you worry [Ari], we'll be ready as soon as you've collected all the materials!
Cutscenes/Story Events/Town Repair/repair_the_inn/repair_the_inn_pt_1_follow_up_josephine/init	That daughter of mine! She's grown up into a fine business woman.	Ma fille ne cesse de m'impressionner ! Elle est devenue une vraie entrepreneuse.	Вот это у меня дочь! Выросла в такую деловую женщину.	That daughter of mine! She's grown up into a fine business woman.
Cutscenes/Story Events/Town Repair/repair_the_inn/repair_the_inn_pt_1_follow_up_kids/1	And I suggested the special menu for our bug customers!	Et c'est moi qui ai suggéré le menu spécial pour nos clients insectes.	А я предложил особое меню для посетителей-жуков.	And I suggested the special menu for our bug customers!
Cutscenes/Story Events/Town Repair/repair_the_inn/repair_the_inn_pt_1_follow_up_kids/2	She told me there wasn't any room for the arena royale though.	Par contre, elle m'a dit qu'il n'y aurait pas assez de place pour l'arène royale.	А мне она сказала, что на гладиаторскую арену не хватит места.	She told me there wasn't any room for the arena royale though.
Cutscenes/Story Events/Town Repair/repair_the_inn/repair_the_inn_pt_1_follow_up_kids/3	Wait... did my sister use ANY of our ideas?	Attendez... Est-ce que notre sœur a gardé une seule de nos idées ?	Стоп... Сестра не использовала НИ ОДНУ из наших идей?	Wait... did my sister use ANY of our ideas?
Cutscenes/Story Events/Town Repair/repair_the_inn/repair_the_inn_pt_1_follow_up_kids/init	Did Reina show you the plans for the Inn? We helped, you know! I proposed the six room Princess Suite!	Reina t'a montré les plans de rénovation de l'auberge ? On l'a aidée, tu sais ! J'ai eu l'idée de la suite princière avec ses six pièces.	Рейна тебе показывала планы трактира? Между прочим, мы ей помогали! Я предложила построить покои принцессы из шести комнат.	Did Reina show you the plans for the Inn? We helped, you know! I proposed the six room Princess Suite!
Cutscenes/Story Events/Town Repair/repair_the_inn/repair_the_inn_pt_1_follow_up_landen/init	That Reina had quite the proposal for the Inn, didn't she? Branded furniture, now why didn't I think of that?	Les propositions de Reina pour l'auberge sont impressionnantes. Comment n'ai-je pas pensé à du mobilier de marque ?	У Рейны такие серьёзные планы на трактир! Фирменная мебель — как же я сам не догадался?	That Reina had quite the proposal for the Inn, didn't she? Branded furniture, now why didn't I think of that?
Cutscenes/Story Events/Town Repair/repair_the_inn/repair_the_inn_pt_1_follow_up_ryis/1	We'll really be leaving our mark on Mistria for generations to come.	On aura laissé notre marque sur Mistria pour les siècles à venir.	Наш след останется в истории Мистрии для будущих поколений.	We'll really be leaving our mark on Mistria for generations to come.
Cutscenes/Story Events/Town Repair/repair_the_inn/repair_the_inn_pt_1_follow_up_ryis/init	Pretty cool to think that when we're done with the Inn, we'll have worked on every building on that street, huh?	J'aime bien cette idée qu'une fois l'auberge terminée, on aura rénové tous les bâtiments de cette rue. Sympa, non ?	Занимательная мысль: трактир — последнее здание на этой улице, с которым мы ещё не работали.	Pretty cool to think that when we're done with the Inn, we'll have worked on every building on that street, huh?
Cutscenes/Story Events/Town Repair/repair_the_inn/repair_the_inn_pt_2/10	I'm ready!	Je suis prête !	Я готова!	I'm ready!
Cutscenes/Story Events/Town Repair/repair_the_inn/repair_the_inn_pt_2/11	Your mission is to help me decorate the dining room! The whole town is depending on you!	Votre mission consiste à m'aider à décorer la salle à manger. La ville compte sur vous !	Ваша задача — помочь мне оформить обеденный зал! Весь город на вас рассчитывает!	Your mission is to help me decorate the dining room! The whole town is depending on you!
Cutscenes/Story Events/Town Repair/repair_the_inn/repair_the_inn_pt_2/12	Oh, and Balor, Olric, come with us.	Oh, Balor et Olric, suivez-nous.	А, Балор, Ольрик, вы тоже нужны.	Oh, and Balor, Olric, come with us.
Cutscenes/Story Events/Town Repair/repair_the_inn/repair_the_inn_pt_2/13	You can do the heavy lifting!	On a des trucs lourds à déplacer !	Будете помогать с тяжёлыми вещами!	You can do the heavy lifting!
Cutscenes/Story Events/Town Repair/repair_the_inn/repair_the_inn_pt_2/14	Helping out the Dragonguard? Wow!	On va aider la Garde des dragons ? Waouh !	Помогать Драконьей страже? Ничего себе!	Helping out the Dragonguard? Wow!
Cutscenes/Story Events/Town Repair/repair_the_inn/repair_the_inn_pt_2/15	It's all coming together so fast, I think they're almost done.	Tout va si vite. Je crois qu'ils ont presque terminé.	Как быстро всё строится! По-моему, они почти закончили.	It's all coming together so fast, I think they're almost done.
Cutscenes/Story Events/Town Repair/repair_the_inn/repair_the_inn_pt_2/16	Would you look at that!	Regarde-moi ça !	Какая красота!	Would you look at that!
Cutscenes/Story Events/Town Repair/repair_the_inn/repair_the_inn_pt_2/17	Shall we go inside?	Que diriez-vous d'entrer ?	Приглашаю вас внутрь!	Shall we go inside?
Cutscenes/Story Events/Town Repair/repair_the_inn/repair_the_inn_pt_2/18	Welcome to the new and improved Sleeping Dragon Inn, everyone!	Bienvenue à la toute nouvelle auberge du Dragon qui dort !	Приветствуем вас в обновлённом трактире «Спящий дракон»!	Welcome to the new and improved Sleeping Dragon Inn, everyone!
Cutscenes/Story Events/Town Repair/repair_the_inn/repair_the_inn_pt_2/19	It's a dream come true!	J'ai l'impression de rêver !	Это просто мечта!	It's a dream come true!
Cutscenes/Story Events/Town Repair/repair_the_inn/repair_the_inn_pt_2/2	Only too happy to contribute, seeing as we'll all be benefiting.	Nous sommes ravis de participer, puisque nous en profiterons tous.	Мы рады вас поддержать, ведь обновление пойдёт на пользу всем.	Only too happy to contribute, seeing as we'll all be benefiting.
Cutscenes/Story Events/Town Repair/repair_the_inn/repair_the_inn_pt_2/20	Say, the bar is already stocked!	Mais le bar est déjà approvisionné !	Ничего себе, бар уже битком набит!	Say, the bar is already stocked!
Cutscenes/Story Events/Town Repair/repair_the_inn/repair_the_inn_pt_2/21	No thanks are necessary, but I wouldn't say no to a drink!	Inutile de nous remercier, mais je ne refuserais pas un verre !	Можете не благодарить, хотя выпить я бы сейчас не отказался!	No thanks are necessary, but I wouldn't say no to a drink!
Cutscenes/Story Events/Town Repair/repair_the_inn/repair_the_inn_pt_2/22	I'd say drinks are on the house for all of you!	Écoutez tous ! C'est la maison qui régale !	Сегодня вам всем напитки за счёт заведения!	I'd say drinks are on the house for all of you!
Cutscenes/Story Events/Town Repair/repair_the_inn/repair_the_inn_pt_2/23	And I'll get cooking! I can't wait to break in my new kitchen!	Moi, je vais préparer à manger ! J'ai hâte d'étrenner ma toute nouvelle cuisine !	Пойду займусь готовкой! Мне уже так хочется опробовать новую кухню!	And I'll get cooking! I can't wait to break in my new kitchen!
Cutscenes/Story Events/Town Repair/repair_the_inn/repair_the_inn_pt_2/24	Thank you everyone, I can't tell you how much I'm looking forward to welcoming you all here for many more seasons to come!	Merci à tous. Vous n'imaginez pas à quel point je serai heureuse de vous accueillir ici pour encore bien des saisons.	Трудно передать, как я вам всем благодарна. Надеюсь видеть вас у нас в гостях ещё много-много лет!	Thank you everyone, I can't tell you how much I'm looking forward to welcoming you all here for many more seasons to come!
Cutscenes/Story Events/Town Repair/repair_the_inn/repair_the_inn_pt_2/3	You two ready?	Vous êtes prêts, vous deux ?	Вы готовы?	You two ready?
Cutscenes/Story Events/Town Repair/repair_the_inn/repair_the_inn_pt_2/4	Always!	À ton avis ?!	Всегда готовы!	Always!
Cutscenes/Story Events/Town Repair/repair_the_inn/repair_the_inn_pt_2/5	Come on Hayden, let's get these planter boxes ready!	Viens, Hayden. Allons installer ces nouvelles jardinières !	Пойдём, Хейден, пора расставлять клумбы!	Come on Hayden, let's get these planter boxes ready!
Cutscenes/Story Events/Town Repair/repair_the_inn/repair_the_inn_pt_2/6	I've got the finest Sweetwater Farm soil ready for 'em!	J'ai apporté la meilleure terre de la ferme de Doucerive pour les remplir !	Я собрал лучший грунт с фермы «Сладководье»!	I've got the finest Sweetwater Farm soil ready for 'em!
Cutscenes/Story Events/Town Repair/repair_the_inn/repair_the_inn_pt_2/7	Dragonguard, assemble!	Garde des dragons, formez les rangs !	Драконья стража, общий сбор!	Dragonguard, assemble!
Cutscenes/Story Events/Town Repair/repair_the_inn/repair_the_inn_pt_2/8	Oh boy, oh boy!	Bon sang, bon sang !	Сейчас-сейчас!	Oh boy, oh boy!
Cutscenes/Story Events/Town Repair/repair_the_inn/repair_the_inn_pt_2/9	Time to show everyone what we've got!	Il est temps de montrer à tout le monde de quoi on est capables !	Покажем им, на что мы способны!	Time to show everyone what we've got!
Cutscenes/Story Events/Town Repair/repair_the_inn/repair_the_inn_pt_2/init	My word! It looks like most of the town came out!	Oh là là ! Presque toute la ville est présente !	Боже мой! Кажется, тут чуть ли не весь город собрался!	My word! It looks like most of the town came out!
Cutscenes/Story Events/Town Repair/repair_the_inn/repair_the_inn_pt_2_follow_up_balor/init	I'm glad they left my room alone in the construction, some of the merchandise I keep in there is quite delicate.	Heureusement que personne n'a touché à ma chambre, pendant les travaux. Les marchandises que j'y stocke sont fragiles.	Я доволен, что мою комнату не трогали во время реставрации. Я там храню некоторые весьма хрупкие товары.	I'm glad they left my room alone in the construction, some of the merchandise I keep in there is quite delicate.
Cutscenes/Story Events/Town Repair/repair_the_inn/repair_the_inn_pt_2_follow_up_hemlock/1	We're not raising the prices though.	Mais nous n'augmenterons pas les prix pour autant.	Но цены мы повышать не будем.	We're not raising the prices though.
Cutscenes/Story Events/Town Repair/repair_the_inn/repair_the_inn_pt_2_follow_up_hemlock/init	Business is right up with the Inn's refurbishment!	Les affaires sont florissantes depuis la rénovation de l'auberge.	После обновления трактира дела пошли в гору!	Business is right up with the Inn's refurbishment!
Cutscenes/Story Events/Town Repair/repair_the_inn/repair_the_inn_pt_2_follow_up_josephine/init	The Inn has been in the family for generations, it's so wonderful to see what it's grown into!	Cette auberge est dans notre famille depuis plusieurs générations. C'est merveilleux de voir ce qu'elle est devenue !	Наша семья содержит этот трактир уже много поколений. Чудесно видеть, как он преобразился!	The Inn has been in the family for generations, it's so wonderful to see what it's grown into!
Cutscenes/Story Events/Town Repair/repair_the_inn/repair_the_inn_pt_2_follow_up_maple/1	But the Inn looks so nice now, it's hard to imagine there's a better place to go in all of Aldaria!	Mais la nouvelle auberge est si belle que je ne suis pas sûre de trouver un meilleur endroit dans tout Aldaria !	Но трактир теперь так чудно выглядит. Вряд ли во всей Альдарии найдётся более уютное место!	But the Inn looks so nice now, it's hard to imagine there's a better place to go in all of Aldaria!
Cutscenes/Story Events/Town Repair/repair_the_inn/repair_the_inn_pt_2_follow_up_maple/init	You know, when I grow up I was planning to go to the Capital to seek my fortune...	Tu sais, j'avais l'intention de tenter ma chance à la capitale, quand je serai grande...	Знаешь, я собиралась поехать искать счастья в столице, когда вырасту...	You know, when I grow up I was planning to go to the Capital to seek my fortune...
Cutscenes/Story Events/Town Repair/repair_the_inn/repair_the_inn_pt_2_follow_up_reina/init	I really can't thank you enough, [Ari]. The new kitchen is a dream to work in!	Je ne sais pas comment te remercier, [Ari]. Cette nouvelle cuisine est une merveille !	Я тебе безмерно благодарна, [Ari]. Работать на новой кухне — одно удовольствие!	I really can't thank you enough, [Ari]. The new kitchen is a dream to work in!
Cutscenes/Story Events/Town Repair/repair_the_inn/repair_the_inn_pt_2_turn_in/init	Are we ready to get started on the Inn? The whole town has been looking forward to this!	Les travaux de l'auberge peuvent commencer ? Tous les habitants ont hâte de voir le résultat !	Мы готовы начинать расширение трактира? Горожане уже заждались!	Are we ready to get started on the Inn? The whole town has been looking forward to this!
Cutscenes/Story Events/Town Repair/repair_the_mill/repair_the_mill_pt_1/1	So, if we combine what we have in the town's coffers with the grant I've secured from the Capital, we've made huge progress toward repairing the $Mill$!	Donc, en additionnant les réserves de la ville et le prêt que j'ai obtenu de la capitale, on n'est plus très loin de pouvoir retaper le $moulin$.	Так вот, если взять всю нашу казну и добавить грант, который я получила из столицы, то будет почти достаточно для восстановления $мельницы$!	So, if we combine what we have in the town's coffers with the grant I've secured from the Capital, we've made huge progress toward repairing the $Mill$!
Cutscenes/Story Events/Town Repair/repair_the_mill/repair_the_mill_pt_1/10	I'll set up a $Donation Box$ at the door of the Mill. You can deposit the materials there and then bring the funds to me when you're ready.	J'installe une $boîte de dons$ devant la porte du moulin. Tu pourras y déposer les matériaux et m'apporter les fonds quand tout sera prêt.	Я поставлю $ящик для пожертвований$ у входа в мельницу, можешь складывать материалы туда. Приходи ко мне, когда будешь <p>готовы</p><f>готова</f><m>готов</m><n>готово</n>.	I'll set up a $Donation Box$ at the door of the Mill. You can deposit the materials there and then bring the funds to me when you're ready.
Cutscenes/Story Events/Town Repair/repair_the_mill/repair_the_mill_pt_1/11	It's a big job so take your time!	C'est beaucoup demander, alors prends ton temps.	Это серьёзная задача, так что не спеши!	It's a big job so take your time!
Cutscenes/Story Events/Town Repair/repair_the_mill/repair_the_mill_pt_1/12	Good to have your help on this.	C'est bien que tu sois là pour nous aider.	Спасибо, что помогаешь нам.	Good to have your help on this.
Cutscenes/Story Events/Town Repair/repair_the_mill/repair_the_mill_pt_1/13	Yahoo! You can do it, [Ari]!	Youhou ! Tu vas y arriver, [Ari] !	Ура! Ты справишься, [Ari]!	Yahoo! You can do it, [Ari]!
Cutscenes/Story Events/Town Repair/repair_the_mill/repair_the_mill_pt_1/2	Fantastic!	Génial !	Потрясающе!	Fantastic!
Cutscenes/Story Events/Town Repair/repair_the_mill/repair_the_mill_pt_1/3	But we're still $1000t$ short...	Il nous manque encore $1 000 tesserae$...	Но нам всё ещё не хватает $1000 тессер$...	But we're still $1000t$ short...
Cutscenes/Story Events/Town Repair/repair_the_mill/repair_the_mill_pt_1/4	Ah...	Ah...	Эх...	Ah...
Cutscenes/Story Events/Town Repair/repair_the_mill/repair_the_mill_pt_1/5	We need more building materials too. At least another $150 Wood$,\n$200 Stone$, and $2 Copper Ingots$ to complete the repairs.	Sans compter les matériaux de construction. Il nous faut encore au moins $150 rondins de bois$, $200 pierres$ et $2 lingots de cuivre$ pour les réparations.	И строительные материалы тоже нужны. На завершение ремонта понадобится ещё $150 древесины$, $200 камня$ и $2 слитка меди$.	We need more building materials too. At least another $150 Wood$,\n$200 Stone$, and $2 Copper Ingots$ to complete the repairs.
Cutscenes/Story Events/Town Repair/repair_the_mill/repair_the_mill_pt_1/5/prompts/0	Don't worry, I can help!	Aucun souci, je vais participer !	Не переживайте, я помогу!	Don't worry, I can help!
Cutscenes/Story Events/Town Repair/repair_the_mill/repair_the_mill_pt_1/5/prompts/1	Feels like everyone is waiting for me to volunteer...	J'ai l'impression que vous attendez tous que je me porte volontaire...	Все уже ждут, что я вызовусь помогать...	Feels like everyone is waiting for me to volunteer...
Cutscenes/Story Events/Town Repair/repair_the_mill/repair_the_mill_pt_1/6	What a splendid idea!	Quelle super idée !	Замечательная идея!	What a splendid idea!
Cutscenes/Story Events/Town Repair/repair_the_mill/repair_the_mill_pt_1/7	[Ari], you're the best!	[Ari], tu es génial<she>e</she><he></he><they>·e</they> !	[Ari], ты лучше всех.	[Ari], you're the best!
Cutscenes/Story Events/Town Repair/repair_the_mill/repair_the_mill_pt_1/8	You can count on me to get the job done fast when you've gathered the materials!	Une fois les matériaux réunis, je me mettrai en priorité sur les réparations.	Я всё быстро построю, как только соберёшь материалы. Можешь на меня положиться!	You can count on me to get the job done fast when you've gathered the materials!
Cutscenes/Story Events/Town Repair/repair_the_mill/repair_the_mill_pt_1/9	And I'll teach you all there is to know about raising animals and milling their feed when it's ready!	Et je t'apprendrai tout sur les animaux d'élevage et la préparation de leur nourriture !	А я тогда расскажу тебе, как ухаживать за животными и изготавливать молотый корм!	And I'll teach you all there is to know about raising animals and milling their feed when it's ready!
Cutscenes/Story Events/Town Repair/repair_the_mill/repair_the_mill_pt_1/init	[Ari]! Great timing, we were just about to get started.	[Ari], tu arrives à point nommé ! Nous étions sur le point de commencer.	[Ari]! Ты вовремя, мы как раз только собрались.	[Ari]! Great timing, we were just about to get started.
Cutscenes/Story Events/Town Repair/repair_the_mill/repair_the_mill_pt_2/1	Whew!	Pfiou !	Фух!	Whew!
Cutscenes/Story Events/Town Repair/repair_the_mill/repair_the_mill_pt_2/2	Wonderful work everyone! Mistria finally has its mill back! You'll be able to make all kinds of $new products$ now, [Ari].	Vous avez tous fait un travail remarquable ! Mistria a retrouvé son moulin ! Désormais, tu pourras fabriquer plein de $nouveaux produits$, [Ari].	Чудесная работа, ребята! Наконец-то в Мистрии снова есть мельница! [Ari], теперь ты можешь делать много $новых продуктов$.	Wonderful work everyone! Mistria finally has its mill back! You'll be able to make all kinds of $new products$ now, [Ari].
Cutscenes/Story Events/Town Repair/repair_the_mill/repair_the_mill_pt_2/3	Would you like to hear more about how to $process items$?	Tu veux savoir comment $fabriquer des objets$.	Хочешь, я расскажу тебе, как $пользоваться мельницей$?	Would you like to hear more about how to $process items$?
Cutscenes/Story Events/Town Repair/repair_the_mill/repair_the_mill_pt_2/3/prompts/0	Yes, please!	Oui, s'il te plaît.	Расскажи, пожалуйста!	Yes, please!
Cutscenes/Story Events/Town Repair/repair_the_mill/repair_the_mill_pt_2/3/prompts/1	I think I'm good.	Je vais me débrouiller.	Спасибо, я справлюсь.	I think I'm good.
Cutscenes/Story Events/Town Repair/repair_the_mill/repair_the_mill_pt_2/5	Ohh, I suppose you've done this before, huh?	Oh, j'imagine que ce n'est pas ta première fois, hein ?	О, так значит, ты уже <p>знакомы</p><f>знакома</f><m>знаком</m><n>знакомо</n> с процессом.	Ohh, I suppose you've done this before, huh?
Cutscenes/Story Events/Town Repair/repair_the_mill/repair_the_mill_pt_2/6	I won't have to import overpriced grain anymore! Henrietta and the rest of my animals are going to be thrilled.	Je n'aurai plus à faire venir du grain hors de prix, maintenant ! Henrietta et mes autres animaux seront très contents.	Мне больше не придётся заказывать дорогущее импортное зерно! Генриетта и остальные животные порадуются.	I won't have to import overpriced grain anymore! Henrietta and the rest of my animals are going to be thrilled.
Cutscenes/Story Events/Town Repair/repair_the_mill/repair_the_mill_pt_2/7	If you want to try your own hand at $raising animals$, [Ari], you'll need somewhere for them to live.	[Ari], si tu veux $élever des animaux$, il leur faudra un endroit où vivre.	Если хочешь тоже попробовать $выращивать животных$, [Ari], тебе нужно место, куда их поселить.	If you want to try your own hand at $raising animals$, [Ari], you'll need somewhere for them to live.
Cutscenes/Story Events/Town Repair/repair_the_mill/repair_the_mill_pt_2/8	Just come by the workshop! With the right materials, we can set you up with $Coops$ and $Barns$.	Passe à l'atelier ! Si tu as les matériaux adéquats, on te construira des $granges$ et des $poulaillers$.	Приходи ко мне в мастерскую! Если будут материалы, ты сможешь строить $вольеры$ и $хлева$.	Just come by the workshop! With the right materials, we can set you up with $Coops$ and $Barns$.
Cutscenes/Story Events/Town Repair/repair_the_mill/repair_the_mill_pt_2/9	Thank you again everyone!	Encore merci à tout le monde !	Спасибо всем ещё раз!	Thank you again everyone!
Cutscenes/Story Events/Town Repair/repair_the_mill/repair_the_mill_pt_2/init	Incredible!	Incroyable !	Невероятно!	Incredible!
Cutscenes/Story Events/Town Repair/repair_the_mill/repair_the_mill_pt_2_turn_in/init	You're indispensable, [Ari]! Let's get this mill running again!	On n'y arrivera pas sans toi, [Ari] ! Le moulin doit reprendre du service.	Это неоценимый труд, [Ari]! Пойдём заведём нашу мельницу снова!	You're indispensable, [Ari]! Let's get this mill running again!
Cutscenes/Story Events/Town Repair/repair_the_summit_stairs/repair_the_summit_stairs/1	I wouldn't call it a party, but it is needful work.	Bon, ce n'est peut-être pas une fête, mais c'est un travail très utile.	Я бы не сказал, что это очень весело, но работа необходимая.	I wouldn't call it a party, but it is needful work.
Cutscenes/Story Events/Town Repair/repair_the_summit_stairs/repair_the_summit_stairs/10	I've needed to watch my step around here, especially at night.	Je dois toujours faire attention où je mets les pieds, par ici, surtout la nuit.	В этом месте надо смотреть под ноги, особенно ночью.	I've needed to watch my step around here, especially at night.
Cutscenes/Story Events/Town Repair/repair_the_summit_stairs/repair_the_summit_stairs/11	With the foot traffic the square gets, we're lucky no one twisted an ankle or worse.	Vu le passage sur la place, nous avons de la chance que personne ne se soit foulé une cheville, ou pire.	Учитывая, сколько людей бывает на этой площади, нам повезло, что никто не подвернул ногу.	With the foot traffic the square gets, we're lucky no one twisted an ankle or worse.
Cutscenes/Story Events/Town Repair/repair_the_summit_stairs/repair_the_summit_stairs/12	Hey, you three!	Salut, vous trois !	Привет, ребята!	Hey, you three!
Cutscenes/Story Events/Town Repair/repair_the_summit_stairs/repair_the_summit_stairs/13	Doing some repairs? Looks fun!	Vous remettez un peu les choses en état ? Ça a l'air amusant !	Решили починить площадь? Выглядит интересно!	Doing some repairs? Looks fun!
Cutscenes/Story Events/Town Repair/repair_the_summit_stairs/repair_the_summit_stairs/13/prompts/0	Why don't you two join us?	Vous ne voulez pas nous aider, toutes les deux ?	Хотите с нами?	Why don't you two join us?
Cutscenes/Story Events/Town Repair/repair_the_summit_stairs/repair_the_summit_stairs/13/prompts/1	I'm having a blast!	Je m'éclate !	Да мы просто развлекаемся!	I'm having a blast!
Cutscenes/Story Events/Town Repair/repair_the_summit_stairs/repair_the_summit_stairs/14	Why not?	Pourquoi pas ?	Почему бы и нет?	Why not?
Cutscenes/Story Events/Town Repair/repair_the_summit_stairs/repair_the_summit_stairs/16	Oooh, count me in!	Oh, bien sûr !	Ооо, я тоже хочу!	Oooh, count me in!
Cutscenes/Story Events/Town Repair/repair_the_summit_stairs/repair_the_summit_stairs/17	Definitely better to take care of these cracks now!	Il vaut mieux reboucher tout de suite ces fissures.	Эти трещины лучше заделать как можно скорее!	Definitely better to take care of these cracks now!
Cutscenes/Story Events/Town Repair/repair_the_summit_stairs/repair_the_summit_stairs/18	Knowing my sister, Dell would probably try to dig these even deeper...	Connaissant ma sœur, elle serait capable de continuer à creuser...	Я знаю свою сестру: Делл наверняка захочет раскопать их ещё глубже...	Knowing my sister, Dell would probably try to dig these even deeper...
Cutscenes/Story Events/Town Repair/repair_the_summit_stairs/repair_the_summit_stairs/19	We're making such good progress. Thanks for helping out you two!	Nous avançons bien. Merci à toutes les deux de nous aider !	Мы уже так много сделали. Спасибо вам большое!	We're making such good progress. Thanks for helping out you two!
Cutscenes/Story Events/Town Repair/repair_the_summit_stairs/repair_the_summit_stairs/2	Well, maybe it's both!	Disons que ça peut être les deux à la fois !	По-моему, и то и другое!	Well, maybe it's both!
Cutscenes/Story Events/Town Repair/repair_the_summit_stairs/repair_the_summit_stairs/20	It hardly feels like work when we all get to chat!	Quand on papote, le travail avance tout seul.	Мы так хорошо болтаем, что это почти и не работа!	It hardly feels like work when we all get to chat!
Cutscenes/Story Events/Town Repair/repair_the_summit_stairs/repair_the_summit_stairs/21	This is going to leave us with a lot of leftover stone...	Il va nous rester pas mal de pierres inutilisées...	У нас останется много ненужного камня...	This is going to leave us with a lot of leftover stone...
Cutscenes/Story Events/Town Repair/repair_the_summit_stairs/repair_the_summit_stairs/22	I think we have a use for it. Why don't we fix the steps up to the Summit?	Je crois qu'on va leur trouver une utilité. Pourquoi ne pas réparer les marches qui mènent au sommet avec ?	Думаю, нам есть, куда его применить. Может, починим ступени на Вершину?	I think we have a use for it. Why don't we fix the steps up to the Summit?
Cutscenes/Story Events/Town Repair/repair_the_summit_stairs/repair_the_summit_stairs/23	Ooh, these would make perfect repair materials! And there's less hauling for us to do as well.	Oooh, ce serait un matériau parfait pour les réparations ! Et nous n'aurons pas beaucoup de transport à faire.	Точно, это как раз подходящий материал! И таскать придётся не так далеко.	Ooh, these would make perfect repair materials! And there's less hauling for us to do as well.
Cutscenes/Story Events/Town Repair/repair_the_summit_stairs/repair_the_summit_stairs/24	My word, was tidying the Museum campus on the docket for today?	Ça alors, je ne savais pas que le nettoyage des abords du musée était prévu aujourd'hui.	Ничего себе, у вас сегодня на повестке уборка музейного двора?	My word, was tidying the Museum campus on the docket for today?
Cutscenes/Story Events/Town Repair/repair_the_summit_stairs/repair_the_summit_stairs/25	I think these youngsters are trying to get one up on us, Errol! Let's show them what we can do!	Je crois que ces gamins essaient de nous couper l'herbe sous le pied, Errol ! On va leur montrer de quoi on est capables !	Смотри-ка, Эррол, молодёжь перед нами выделывается! Сейчас мы им покажем!	I think these youngsters are trying to get one up on us, Errol! Let's show them what we can do!
Cutscenes/Story Events/Town Repair/repair_the_summit_stairs/repair_the_summit_stairs/26	Apologies, I can see my exuberance has gotten the better of me.	Mes excuses, je crois que mon enthousiasme a pris le dessus.	Ох, простите мой чрезмерный энтузиазм.	Apologies, I can see my exuberance has gotten the better of me.
Cutscenes/Story Events/Town Repair/repair_the_summit_stairs/repair_the_summit_stairs/27	You old show off!	Espèce de vieux frimeur !	Вот же старый хвастун!	You old show off!
Cutscenes/Story Events/Town Repair/repair_the_summit_stairs/repair_the_summit_stairs/28	Isn't it wonderful to restore old stonework? Untold generations of Mistrians have made use of these steps!	Ce n'est pas fantastique de restaurer ces anciennes volées de marches, non ? Imagine toutes ces générations de Mistriens qui les ont gravies !	Восстанавливать старую кладку — чудесное занятие, правда? По этим ступеням ходили многие поколения мистрийцев!	Isn't it wonderful to restore old stonework? Untold generations of Mistrians have made use of these steps!
Cutscenes/Story Events/Town Repair/repair_the_summit_stairs/repair_the_summit_stairs/29	More importantly, we'll finally have access to that lemon tree up on the hill again!	Plus important encore, nous pourrons à nouveau arriver au citronnier de la colline !	А самое главное, мы, наконец, сможем добраться до лимонного дерева на том холме!	More importantly, we'll finally have access to that lemon tree up on the hill again!
Cutscenes/Story Events/Town Repair/repair_the_summit_stairs/repair_the_summit_stairs/3	With Mistria back on its feet, I thought it was high time to take care of some of the debris and other damage the earthquake left behind.	Maintenant que Mistria sort la tête de l'eau, je me disais qu'il était temps de nous occuper des débris qui jonchent encore la ville et des dégâts encore visibles.	Мистрия встала на ноги, так что я подумала: пора разделаться с обломками и прочим уроном от землетрясения.	With Mistria back on its feet, I thought it was high time to take care of some of the debris and other damage the earthquake left behind.
Cutscenes/Story Events/Town Repair/repair_the_summit_stairs/repair_the_summit_stairs/30	And the summit! The view up there can't be beat.	Et monter jusqu'au sommet ! On a une vue imprenable de là-haut.	И до Вершины! Оттуда самый лучший вид.	And the summit! The view up there can't be beat.
Cutscenes/Story Events/Town Repair/repair_the_summit_stairs/repair_the_summit_stairs/31	So that's what all the noise was.	Ah, c'est pour ça qu'il y a autant de boucan !	Так вот что это за шум.	So that's what all the noise was.
Cutscenes/Story Events/Town Repair/repair_the_summit_stairs/repair_the_summit_stairs/32	...	...	...	...
Cutscenes/Story Events/Town Repair/repair_the_summit_stairs/repair_the_summit_stairs/33	Ryis!	Ryis !	Риз!	Ryis!
Cutscenes/Story Events/Town Repair/repair_the_summit_stairs/repair_the_summit_stairs/34	March?	March ?	Март?	March?
Cutscenes/Story Events/Town Repair/repair_the_summit_stairs/repair_the_summit_stairs/35	Let's go!	Allons-y !	Пойдём!	Let's go!
Cutscenes/Story Events/Town Repair/repair_the_summit_stairs/repair_the_summit_stairs/36	Whew! I'd say that's a job well done.	Eh bien, c'est ce que j'appelle du travail bien fait.	Фух! По-моему, отлично поработали.	Whew! I'd say that's a job well done.
Cutscenes/Story Events/Town Repair/repair_the_summit_stairs/repair_the_summit_stairs/37	Shall we head up to the summit? I confess I've missed the view.	Et si nous allions jusqu'au sommet ? Je dois avouer que la vue m'a manqué.	Может, поднимемся на Вершину? Признаюсь, я соскучился по этому виду.	Shall we head up to the summit? I confess I've missed the view.
Cutscenes/Story Events/Town Repair/repair_the_summit_stairs/repair_the_summit_stairs/38	Yeah!	Oui !	Давайте!	Yeah!
Cutscenes/Story Events/Town Repair/repair_the_summit_stairs/repair_the_summit_stairs/39	I can't believe it! My whole list checked off so quickly!	Je n'arrive pas à y croire ! Nous avons déjà terminé tout ce que j'avais sur ma liste !	В моём списке уже выполнены все пункты! Даже не верится!	I can't believe it! My whole list checked off so quickly!
Cutscenes/Story Events/Town Repair/repair_the_summit_stairs/repair_the_summit_stairs/4	I'm sure the whole town would appreciate it being dealt with.	Je suis sûre que tous les habitants aimeraient que tout soit remis en état.	Наверняка весь город порадуется, когда мы всё приберём.	I'm sure the whole town would appreciate it being dealt with.
Cutscenes/Story Events/Town Repair/repair_the_summit_stairs/repair_the_summit_stairs/4/prompts/0	Let's get beautifying!	Que l'embellissement commence !	Займёмся благоустройством!	Let's get beautifying!
Cutscenes/Story Events/Town Repair/repair_the_summit_stairs/repair_the_summit_stairs/4/prompts/1	Seems like a lot of work for three people...	Ça va faire beaucoup pour trois personnes...	С виду здесь работы больше, чем на троих...	Seems like a lot of work for three people...
Cutscenes/Story Events/Town Repair/repair_the_summit_stairs/repair_the_summit_stairs/40	Next time just put out a request, Adeline.	La prochaine fois, tu devrais juste mettre une requête, Adeline.	В следующий раз просто повесь прошение, Аделина.	Next time just put out a request, Adeline.
Cutscenes/Story Events/Town Repair/repair_the_summit_stairs/repair_the_summit_stairs/41	Miss Celine is correct. Where Mistria is concerned, I believe there is no one in town who wouldn't pitch in.	Mademoiselle Céline a raison. Quand cela concerne Mistria, tous les habitants sont prêts à apporter leur aide.	Мисс Селин права. Когда дело касается Мистрии, по-моему, никто в городе не откажется помочь.	Miss Celine is correct. Where Mistria is concerned, I believe there is no one in town who wouldn't pitch in.
Cutscenes/Story Events/Town Repair/repair_the_summit_stairs/repair_the_summit_stairs/42	Everyone... thank you.	Merci... à vous tous.	Ребята... Спасибо вам всем.	Everyone... thank you.
Cutscenes/Story Events/Town Repair/repair_the_summit_stairs/repair_the_summit_stairs/5	Thanks, [Ari]!	Merci [Ari] !	Спасибо, [Ari]!	Thanks, [Ari]!
Cutscenes/Story Events/Town Repair/repair_the_summit_stairs/repair_the_summit_stairs/6	W-well I'm sure we can make a start of things at least!	B-Bon, nous pouvons au moins commencer !	Н-ну, мы можем хотя бы начать!	W-well I'm sure we can make a start of things at least!
Cutscenes/Story Events/Town Repair/repair_the_summit_stairs/repair_the_summit_stairs/7	It would go faster with more help, but...	C'est vrai que nous irions plus vite avec un peu d'aide, mais...	Мы бы справились быстрее, если бы у нас была помощь, но...	It would go faster with more help, but...
Cutscenes/Story Events/Town Repair/repair_the_summit_stairs/repair_the_summit_stairs/8	Eiland, we talked about this. Everyone is so busy already, we need to shoulder the extra burden!	Eiland, nous en avons déjà parlé. Tout le monde a largement de quoi faire, c'est à nous de gérer les tâches supplémentaires.	Эйланд, мы уже это обсуждали. У всех и так есть свои дела, так что эта обязанность ложится на нас!	Eiland, we talked about this. Everyone is so busy already, we need to shoulder the extra burden!
Cutscenes/Story Events/Town Repair/repair_the_summit_stairs/repair_the_summit_stairs/9	The sooner we start the sooner we're done! Let's go!	Plus vite nous nous y mettrons, plus vite nous aurons terminé !	Чем раньше начнём, тем раньше закончим! Давайте!	The sooner we start the sooner we're done! Let's go!
Cutscenes/Story Events/Town Repair/repair_the_summit_stairs/repair_the_summit_stairs/init	[Ari], you're here! Now we can get the party started!	[Ari], te voilà ! La fête peut enfin commencer !	[Ari], ты здесь! Что ж, пора повеселиться!	[Ari], you're here! Now we can get the party started!
Cutscenes/Story Events/Town Repair/replenishing_mistrias_food_reserves_1/replenishing_mistrias_food_reserves_1/1	We ran short in the days after the earthquake, it'd be a weight off my mind to know we have extra stock.	Nous avons connu une pénurie dans les jours qui ont suivi le tremblement de terre et je me sentirais rassurée en sachant que nous avons des réserves.	Весь запас ушёл в дни после землетрясения. Мне бы жилось спокойнее, если бы я знала, что у нас есть ещё.	We ran short in the days after the earthquake, it'd be a weight off my mind to know we have extra stock.
Cutscenes/Story Events/Town Repair/replenishing_mistrias_food_reserves_1/replenishing_mistrias_food_reserves_1/10	I had something a little more substantial in mind...	Je pensais à quelque chose d'un peu plus nourrissant...	Я имела в виду что-то более существенное...	I had something a little more substantial in mind...
Cutscenes/Story Events/Town Repair/replenishing_mistrias_food_reserves_1/replenishing_mistrias_food_reserves_1/11	Could you ship $10 Crops$ to help resupply our food rations? I'll give you these seeds to get you started!	Pourrais-tu expédier $10 produits cultivés$ pour reconstituer nos réserves de nourriture ? Je te donne ces graines pour que tu puisses t'y mettre !	Могу я попросить тебя отправить $10 плодов$? Это поможет пополнить запасы продовольствия. Я дам тебе семена, чтобы было, с чего начинать!	Could you ship $10 Crops$ to help resupply our food rations? I'll give you these seeds to get you started!
Cutscenes/Story Events/Town Repair/replenishing_mistrias_food_reserves_1/replenishing_mistrias_food_reserves_1/12	Locally grown crops keep well, and they're filling and nutritious too.	Les cultures de proximité se conservent bien, et elles sont saines et nourrissantes.	Местные культуры хорошо хранятся. К тому же они питательные и сытные.	Locally grown crops keep well, and they're filling and nutritious too.
Cutscenes/Story Events/Town Repair/replenishing_mistrias_food_reserves_1/replenishing_mistrias_food_reserves_1/13	I think we'll all sleep easier with the emergency stockpile refilled, don't you?	Nous dormirons tous mieux quand nous aurons reconstitué nos réserves d'urgences, pas vrai ?	Думаю, когда у нас будут чрезвычайные запасы, мы все сможем спать спокойно.	I think we'll all sleep easier with the emergency stockpile refilled, don't you?
Cutscenes/Story Events/Town Repair/replenishing_mistrias_food_reserves_1/replenishing_mistrias_food_reserves_1/2	That's a great idea! Our first aid supplies should cover all the bases.	Très bonne idée ! Nous devons pouvoir répondre à toutes les urgences.	Отличная идея! Нам нужен широкий ассортимент средств первой помощи. На всякий случай.	That's a great idea! Our first aid supplies should cover all the bases.
Cutscenes/Story Events/Town Repair/replenishing_mistrias_food_reserves_1/replenishing_mistrias_food_reserves_1/3	Excellent, I'll get to work.	Parfait, je me mets au travail.	Замечательно, пойду займусь этим.	Excellent, I'll get to work.
Cutscenes/Story Events/Town Repair/replenishing_mistrias_food_reserves_1/replenishing_mistrias_food_reserves_1/4	Here to pitch in as well, [Ari]?	Tu viens apporter ton aide, [Ari] ?	Ты тоже <p>пришли</p><f>пришла</f><m>пришёл</m><n>пришло</n> помочь, [Ari]?	Here to pitch in as well, [Ari]?
Cutscenes/Story Events/Town Repair/replenishing_mistrias_food_reserves_1/replenishing_mistrias_food_reserves_1/5	Many hands make light work, I'll leave you two to it.	À plusieurs, le travail avance vite. Je vous laisse gérer.	Вместе работается веселее. Я вас оставлю.	Many hands make light work, I'll leave you two to it.
Cutscenes/Story Events/Town Repair/replenishing_mistrias_food_reserves_1/replenishing_mistrias_food_reserves_1/6	Thanks for answering my letter.	Merci d'avoir répondu à ma lettre.	Спасибо, что <p>отозвались</p><f>отозвалась</f><m>отозвался</m><n>отозвалось</n> на письмо.	Thanks for answering my letter.
Cutscenes/Story Events/Town Repair/replenishing_mistrias_food_reserves_1/replenishing_mistrias_food_reserves_1/7	I've sent out personal requests to anyone who might be able to help us rebuild our emergency stockpile.	J'ai envoyé une requête à chaque personne susceptible de nous aider à reconstituer nos réserves d'urgence.	Я отправила персональные запросы всем, кто может помочь с пополнением наших чрезвычайных запасов.	I've sent out personal requests to anyone who might be able to help us rebuild our emergency stockpile.
Cutscenes/Story Events/Town Repair/replenishing_mistrias_food_reserves_1/replenishing_mistrias_food_reserves_1/8	I don't like to think about what might have happened without it in the aftermath of the earthquake. Unfortunately it's pretty much used up...	Je n'ose pas imaginer ce qui serait arrivé après le tremblement de terre si nous n'avions pas pu piocher dedans. Malheureusement, il n'en reste plus grand-chose...	Боюсь даже думать, как бы мы без них справились после землетрясения. К сожалению, теперь они на исходе...	I don't like to think about what might have happened without it in the aftermath of the earthquake. Unfortunately it's pretty much used up...
Cutscenes/Story Events/Town Repair/replenishing_mistrias_food_reserves_1/replenishing_mistrias_food_reserves_1/8/prompts/0	You can count on me!	Tu peux compter sur moi !	Можешь на меня положиться!	You can count on me!
Cutscenes/Story Events/Town Repair/replenishing_mistrias_food_reserves_1/replenishing_mistrias_food_reserves_1/8/prompts/1	You won't believe how many berries I can donate!	Tu n'imagines pas combien de baies je peux donner !	Ты даже не представляешь, сколько я могу насобирать вам ягод!	You won't believe how many berries I can donate!
Cutscenes/Story Events/Town Repair/replenishing_mistrias_food_reserves_1/replenishing_mistrias_food_reserves_1/9	If only we could stockpile your enthusiasm too!	Si seulement nous pouvions faire des réserves de ton enthousiasme !	Вот бы нам запас твоего энтузиазма!	If only we could stockpile your enthusiasm too!
Cutscenes/Story Events/Town Repair/replenishing_mistrias_food_reserves_1/replenishing_mistrias_food_reserves_1/init	Your request is reasonable, but could I suggest we add a sleep aid to the list of medicines? It keeps well.	Ta demande est raisonnable, mais je te conseille d'ajouter des somnifères à la liste de médicaments. On n'en a jamais trop.	У тебя хороший запрос, но я бы ещё предложила добавить в список лекарств снотворное. Оно хорошо хранится.	Your request is reasonable, but could I suggest we add a sleep aid to the list of medicines? It keeps well.
Cutscenes/Story Events/Town Repair/replenishing_mistrias_food_reserves_1/replenishing_mistrias_food_reserves_1_march_post/1	Why am I surprised. You're a real piece of work.	Bizarrement, ça ne me surprend pas. Tu es vraiment un drôle de numéro.	Почему я не удивлён. Ты тот ещё фрукт.	Why am I surprised. You're a real piece of work.
Cutscenes/Story Events/Town Repair/replenishing_mistrias_food_reserves_1/replenishing_mistrias_food_reserves_1_march_post/2	Get out of here!	Va-t'en !	Проваливай!	Get out of here!
Cutscenes/Story Events/Town Repair/replenishing_mistrias_food_reserves_1/replenishing_mistrias_food_reserves_1_march_post/init	What?	De quoi ?	Что?	What?
Cutscenes/Story Events/Town Repair/replenishing_mistrias_food_reserves_1/replenishing_mistrias_food_reserves_1_march_post/init/prompts/0	Just thought you might have something you want to offload...	J'avais cru que tu voulais me donner quelque chose.	Мне показалось, что ты хотел чем-то поделиться...	Just thought you might have something you want to offload...
Cutscenes/Story Events/Town Repair/replenishing_mistrias_food_reserves_1/replenishing_mistrias_food_reserves_1_march_post/init/prompts/1	Cough up the seeds Adeline gave you, March!	File-moi les graines qu'Adeline t'a données, March !	Отдавай семена, которые тебе дала Аделина, Март!	Cough up the seeds Adeline gave you, March!
Cutscenes/Story Events/Town Repair/replenishing_mistrias_food_reserves_1/replenishing_mistrias_food_reserves_1_march_pre/1	Emergency preparedness is a job for everyone, and that includes you.	Tout le monde doit contribuer aux réserves d'urgence, et ça vaut aussi pour toi.	Подготовка к чрезвычайным ситуациям — это долг каждого, и тебя в том числе.	Emergency preparedness is a job for everyone, and that includes you.
Cutscenes/Story Events/Town Repair/replenishing_mistrias_food_reserves_1/replenishing_mistrias_food_reserves_1_march_pre/init	Adeline wanted extra nails, barrel hoops, pots...	Adeline voulait des clous en plus, mais aussi des anneaux de cerclage pour les tonneaux, des pots...	Аделина просила больше гвоздей, ободы для бочек, кастрюли...	Adeline wanted extra nails, barrel hoops, pots...
Cutscenes/Story Events/Town Repair/replenishing_mistrias_food_reserves_1/replenishing_mistrias_food_reserves_1_ryis_post/1	Adeline gave me some seeds after I turned in my part for the stockpile, and... well...	Adeline m'a donné des graines quand j'ai livré ce qu'elle voulait garder en réserve et, euh...	Когда я представил свою работу для чрезвычайных запасов, Аделина отсыпала мне семян... В общем, вот...	Adeline gave me some seeds after I turned in my part for the stockpile, and... well...
Cutscenes/Story Events/Town Repair/replenishing_mistrias_food_reserves_1/replenishing_mistrias_food_reserves_1_ryis_post/2	Here you go, [Ari].	Tiens [Ari], c'est pour toi.	Возьми, [Ari].	Here you go, [Ari].
Cutscenes/Story Events/Town Repair/replenishing_mistrias_food_reserves_1/replenishing_mistrias_food_reserves_1_ryis_post/init	Not that I was expecting to be paid but...	Ce n'est pas que je m'attendais à être payé, mais...	Я не рассчитывал на оплату, но...	Not that I was expecting to be paid but...
Cutscenes/Story Events/Town Repair/replenishing_mistrias_food_reserves_1/replenishing_mistrias_food_reserves_1_ryis_pre/1	I've been putting together a brace of new barrels for it!	Moi, je contribue en fabriquant de nouveaux tonneaux.	Я наделал ей кучу бочек!	I've been putting together a brace of new barrels for it!
Cutscenes/Story Events/Town Repair/replenishing_mistrias_food_reserves_1/replenishing_mistrias_food_reserves_1_ryis_pre/init	Adeline told me you're pitching in for the emergency stockpile, [Ari].	Adeline m'a dit que tu donnais un coup de main pour reconstituer les réserves d'urgence, [Ari].	Аделина рассказала мне, что ты тоже помогаешь с чрезвычайными запасами, [Ari].	Adeline told me you're pitching in for the emergency stockpile, [Ari].
Cutscenes/Story Events/Town Repair/replenishing_mistrias_food_reserves_1/replenishing_mistrias_food_reserves_1_turn_in_complete/1	On behalf of the whole town, thank you, [Ari]!	La ville et moi te remercions, [Ari].	Благодарю тебя от имени всего города, [Ari].	On behalf of the whole town, thank you, [Ari]!
Cutscenes/Story Events/Town Repair/replenishing_mistrias_food_reserves_1/replenishing_mistrias_food_reserves_1_turn_in_complete/2	Now, as you know, funds are a bit tight in Mistria at the moment, but I don't want you to leave empty handed.	Bien, comme tu le sais, les caisses de Mistria sont loin d'être pleines, mais je ne veux pas que tu repartes les mains vides.	Ты знаешь, что Мистрия сейчас испытывает нехватку средств, но я не хочу оставлять тебя без оплаты.	Now, as you know, funds are a bit tight in Mistria at the moment, but I don't want you to leave empty handed.
Cutscenes/Story Events/Town Repair/replenishing_mistrias_food_reserves_1/replenishing_mistrias_food_reserves_1_turn_in_complete/3	You earned these! Thank you again.	Tu l'as bien mérité ! Encore merci.	Поэтому возьми! Спасибо ещё раз.	You earned these! Thank you again.
Cutscenes/Story Events/Town Repair/replenishing_mistrias_food_reserves_1/replenishing_mistrias_food_reserves_1_turn_in_complete/init	Oh, you completed the shipment for our emergency stockpile! Wonderful!	Oh, tu as livré ce qu'on t'avait demandé pour nos réserves d'urgence ! Super !	О, ты <p>справились</p><f>справилась</f><m>справился</m><n>справилось</n> с поставкой еды для наших чрезвычайных запасов! Чудесно!	Oh, you completed the shipment for our emergency stockpile! Wonderful!
Cutscenes/Story Events/Town Repair/replenishing_mistrias_food_reserves_1/replenishing_mistrias_food_reserves_1_valen_post/1	Enjoy.	Tiens.	На здоровье.	Enjoy.
Cutscenes/Story Events/Town Repair/replenishing_mistrias_food_reserves_1/replenishing_mistrias_food_reserves_1_valen_post/init	While I appreciate the thought, I think you'll get more use out of my reward from Adeline then I will, [Ari].	Je sais que c'est l'intention qui compte, mais la récompense qu'Adeline m'a donnée te sera bien plus utile, [Ari].	Я ценю заботу Аделины, но думаю, что это вознаграждение гораздо нужнее подойдёт тебе, [Ari].	While I appreciate the thought, I think you'll get more use out of my reward from Adeline then I will, [Ari].
Cutscenes/Story Events/Town Repair/replenishing_mistrias_food_reserves_1/replenishing_mistrias_food_reserves_1_valen_pre/1	Although I'm sure her current one has less chocolate bars in it.	J'imagine qu'il y a bien moins de barres chocolatées dans l'actuel.	Хотя сейчас, я думаю, там уже не так много шоколадок.	Although I'm sure her current one has less chocolate bars in it.
Cutscenes/Story Events/Town Repair/replenishing_mistrias_food_reserves_1/replenishing_mistrias_food_reserves_1_valen_pre/init	Adeline's always had a knack for emergency planning, even as a child she had a well-stocked go bag.	Adeline a toujours essayé d'anticiper les situations d'urgence. Petite, elle avait déjà un kit de premiers secours tout prêt.	У Аделины всегда был талант к планированию чрезвычайных ситуаций. Даже в детстве у неё в сумке был запас на всякий случай.	Adeline's always had a knack for emergency planning, even as a child she had a well-stocked go bag.
Cutscenes/Story Events/Town Repair/replenishing_mistrias_food_reserves_2/replenishing_mistrias_food_reserves_2_pt_1/1	We've been discussing preparing long-lasting rations to fill up the remainder of the town's food reserves.	Nous évoquions la possibilité de préparer des rations longue conservation pour finir de reconstituer les réserves de nourriture de la ville.	Мы тут рассуждаем, получится ли заготовить долгосрочные припасы, чтобы пополнить городской запас продовольствия.	We've been discussing preparing long-lasting rations to fill up the remainder of the town's food reserves.
Cutscenes/Story Events/Town Repair/replenishing_mistrias_food_reserves_2/replenishing_mistrias_food_reserves_2_pt_1/10	Oh ho, I welcome a little friendly competition!	Ho ho, je n'ai rien contre un peu de compétition !	Хо-хо, я не против дружеской конкуренции!	Oh ho, I welcome a little friendly competition!
Cutscenes/Story Events/Town Repair/replenishing_mistrias_food_reserves_2/replenishing_mistrias_food_reserves_2_pt_1/11	Reina, you said you need another $10 Cheeses$ for your recipe, right?	Reina, tu as dit qu'il te fallait $10 fromages$ de plus pour ta recette, c'est ça ?	Рейна, ты говорила, что для рецепта нужно ещё $10 сыров$, так?	Reina, you said you need another $10 Cheeses$ for your recipe, right?
Cutscenes/Story Events/Town Repair/replenishing_mistrias_food_reserves_2/replenishing_mistrias_food_reserves_2_pt_1/12	If you haven't already made $Cheese$, the $Mill$ should come in handy.	Si tu n'as encore jamais fait de $fromage$, le $moulin$ pourrait t'être utile.	Если ты ещё не <p>пробовали</p><f>пробовала</f><m>пробовал</m><n>пробовало</n> делать $сыр$, воспользуйся $мельницей$.	If you haven't already made $Cheese$, the $Mill$ should come in handy.
Cutscenes/Story Events/Town Repair/replenishing_mistrias_food_reserves_2/replenishing_mistrias_food_reserves_2_pt_1/13	Just get some fresh $Milk$ from your cows, bring it to the $Mill$, and before you know it you'll have as much cheese as you can carry!	Il te suffit de recueillir du $lait$ frais auprès de tes vaches et de l'apporter au $moulin$, tu auras plein de fromages en un rien de temps !	Возьми у коров свежего $молока$, принеси на $мельницу$ — и сыра у тебя будет сколько унесёшь.	Just get some fresh $Milk$ from your cows, bring it to the $Mill$, and before you know it you'll have as much cheese as you can carry!
Cutscenes/Story Events/Town Repair/replenishing_mistrias_food_reserves_2/replenishing_mistrias_food_reserves_2_pt_1/14	And how many eggs does the recipe call for again?	Et il te faut combien d'œufs pour ta recette, déjà ?	Напомни, сколько яиц нужно было для рецепта?	And how many eggs does the recipe call for again?
Cutscenes/Story Events/Town Repair/replenishing_mistrias_food_reserves_2/replenishing_mistrias_food_reserves_2_pt_1/15	$12 Eggs$ would let me mix up enough to keep the whole town fed!	Avec $12 œufs$, je devrais pouvoir nourrir la ville entière !	$12 яиц$ нам хватит, чтобы наделать на весь город!	$12 Eggs$ would let me mix up enough to keep the whole town fed!
Cutscenes/Story Events/Town Repair/replenishing_mistrias_food_reserves_2/replenishing_mistrias_food_reserves_2_pt_1/16	And I've been experimenting with the recipe. These'll be the best tasting rations in Aldaria!	Et je me suis entraînée à préparer cette recette. Ce seront les meilleures rations de secours de tout Aldaria !	А ещё я немного поэкспериментировала с рецептом. Это будет самый вкусный запас провизии в Альдарии!	And I've been experimenting with the recipe. These'll be the best tasting rations in Aldaria!
Cutscenes/Story Events/Town Repair/replenishing_mistrias_food_reserves_2/replenishing_mistrias_food_reserves_2_pt_1/17	Well now! Maybe make a few extra for us hard-working volunteers?	Voyez-vous ça ! Tu en prépareras quelques-unes de plus pour les bénévoles qui se tuent à la tâche ?	Ну и ну! Может, сделаешь нам добавки за добровольную помощь?	Well now! Maybe make a few extra for us hard-working volunteers?
Cutscenes/Story Events/Town Repair/replenishing_mistrias_food_reserves_2/replenishing_mistrias_food_reserves_2_pt_1/18	Of course!	Bien sûr !	Ну разумеется!	Of course!
Cutscenes/Story Events/Town Repair/replenishing_mistrias_food_reserves_2/replenishing_mistrias_food_reserves_2_pt_1/19	I'll set up the $Donation Box$... hmm. Would outside the Inn work, Reina?	Je vais installer une $boîte de dons$. Mmm... Reina, ça irait à l'extérieur de l'auberge ?	Я поставлю $ящик для пожертвований$... Хмм. Возле входа в трактир пойдёт, Рейна?	I'll set up the $Donation Box$... hmm. Would outside the Inn work, Reina?
Cutscenes/Story Events/Town Repair/replenishing_mistrias_food_reserves_2/replenishing_mistrias_food_reserves_2_pt_1/20	Sure would!	Aucun problème !	В самый раз!	Sure would!
Cutscenes/Story Events/Town Repair/replenishing_mistrias_food_reserves_2/replenishing_mistrias_food_reserves_2_pt_1/21	And to sweeten the pot...	Et pour te motiver...	А чтобы лучше работалось...	And to sweeten the pot...
Cutscenes/Story Events/Town Repair/replenishing_mistrias_food_reserves_2/replenishing_mistrias_food_reserves_2_pt_1/22	How about I throw in some cosmetics for your hard working chickens and cows as a reward, [Ari]?	Si j'ajoutais quelques jolis accessoires pour récompenser tes bêtes qui vont travailler dur, [Ari] ?	Давай-ка я добавлю в награду украшений для твоих рабочих курочек и коров, [Ari].	How about I throw in some cosmetics for your hard working chickens and cows as a reward, [Ari]?
Cutscenes/Story Events/Town Repair/replenishing_mistrias_food_reserves_2/replenishing_mistrias_food_reserves_2_pt_1/23	Gya ha ha!	Gah ha ha !	Га-ха-ха!	Gya ha ha!
Cutscenes/Story Events/Town Repair/replenishing_mistrias_food_reserves_2/replenishing_mistrias_food_reserves_2_pt_1/3	It's a tall order!	Ça ne sera pas une mince affaire !	Это большое дело!	It's a tall order!
Cutscenes/Story Events/Town Repair/replenishing_mistrias_food_reserves_2/replenishing_mistrias_food_reserves_2_pt_1/4	I'm happy to help with the cooking, but I need the ingredients.	Je m'occuperai de la préparation avec plaisir, mais il me faudra les ingrédients.	Я с удовольствием помогу с готовкой, но мне нужны ингредиенты.	I'm happy to help with the cooking, but I need the ingredients.
Cutscenes/Story Events/Town Repair/replenishing_mistrias_food_reserves_2/replenishing_mistrias_food_reserves_2_pt_1/5	The Inn has been positively bustling now that the earthquake damage is repaired. I can't have our regulars go hungry!	L'auberge ne désemplit pas depuis que les stigmates du tremblement de terre ont été réparés. Je ne peux pas faire faux bond à mes habitués !	После того, как ущерб от землетрясения устранили, в трактире всегда много народу. Нельзя, чтобы наши постоянные клиенты голодали!	The Inn has been positively bustling now that the earthquake damage is repaired. I can't have our regulars go hungry!
Cutscenes/Story Events/Town Repair/replenishing_mistrias_food_reserves_2/replenishing_mistrias_food_reserves_2_pt_1/6	You know I'll give as much as I can spare for the town, Adeline.	Tu sais que je donnerais tout ce que je peux pour la ville, Adeline.	Ты ведь знаешь, Аделина: я готов отдать ради города всё, что у меня есть.	You know I'll give as much as I can spare for the town, Adeline.
Cutscenes/Story Events/Town Repair/replenishing_mistrias_food_reserves_2/replenishing_mistrias_food_reserves_2_pt_1/7	But I'm afraid my flock and herd are already at capacity. I don't think we can cover your whole request.	Malheureusement, je ne peux pas demander plus à mes bêtes. Je ne suis pas en mesure de fournir tout ce que tu demandes.	Но, к сожалению, и хлев и вольер у меня уже заполнены. Боюсь, мы не сможем целиком закрыть твой запрос.	But I'm afraid my flock and herd are already at capacity. I don't think we can cover your whole request.
Cutscenes/Story Events/Town Repair/replenishing_mistrias_food_reserves_2/replenishing_mistrias_food_reserves_2_pt_1/8	I've been meaning to expand the barn and get more animals but, well...	Je voulais agrandir la grange pour accueillir plus d'animaux, mais...	Я думал о том, чтобы ещё расширить хлев и завести больше животных, но...	I've been meaning to expand the barn and get more animals but, well...
Cutscenes/Story Events/Town Repair/replenishing_mistrias_food_reserves_2/replenishing_mistrias_food_reserves_2_pt_1/8/prompts/0	Just tell me how I can help!	Dites-moi ce que je peux faire pour aider !	Просто скажите, как вам помочь!	Just tell me how I can help!
Cutscenes/Story Events/Town Repair/replenishing_mistrias_food_reserves_2/replenishing_mistrias_food_reserves_2_pt_1/8/prompts/1	Moo-ve over, Hayden!	Meuuuh fais pas d'ombre, Hayden !	Дай-ка ме-е-е, Хейден!	Moo-ve over, Hayden!
Cutscenes/Story Events/Town Repair/replenishing_mistrias_food_reserves_2/replenishing_mistrias_food_reserves_2_pt_1/9	That's what I like to hear!	C'est ça que je veux entendre !	Как приятно это слышать!	That's what I like to hear!
Cutscenes/Story Events/Town Repair/replenishing_mistrias_food_reserves_2/replenishing_mistrias_food_reserves_2_pt_1/init	[Ari], welcome!	Bienvenue [Ari] !	[Ari], добро пожаловать!	[Ari], welcome!
Cutscenes/Story Events/Town Repair/replenishing_mistrias_food_reserves_2/replenishing_mistrias_food_reserves_2_pt_1_follow_up_nora/1	We're lucky to have so many talented do-it-yourselfers in Mistria to make up for it!	Heureusement, certains habitants de Mistria sont pleins de ressources et ils y remédieront.	Нам в Мистрии повезло, что у нас есть столько умелых рукоделов!	We're lucky to have so many talented do-it-yourselfers in Mistria to make up for it!
Cutscenes/Story Events/Town Repair/replenishing_mistrias_food_reserves_2/replenishing_mistrias_food_reserves_2_pt_1_follow_up_nora/init	Food supplies with a long shelf life have been in high demand since the earthquake, and I don't think that demand is going anywhere.	On nous demande énormément d'aliments longue conservation depuis le tremblement de terre. Hélas, nous ne sommes pas en mesure d'y répondre.	После землетрясения вырос спрос на припасы, которые могут долго храниться. И, думаю, этот спрос никуда не денется.	Food supplies with a long shelf life have been in high demand since the earthquake, and I don't think that demand is going anywhere.
Cutscenes/Story Events/Town Repair/replenishing_mistrias_food_reserves_2/replenishing_mistrias_food_reserves_2_pt_1_follow_up_olric/1	I offered to make some of my famous rock cakes for the cause, but Adeline turned me down. I wonder why...	J'ai proposé à Adeline mes fameuses briques à la sauce caillou, mais elle a refusé. Je me demande bien pourquoi...	Я предложил Аделине сделать свои знаменитые каменные пирожные, но она мне отказала. Интересно, почему...	I offered to make some of my famous rock cakes for the cause, but Adeline turned me down. I wonder why...
Cutscenes/Story Events/Town Repair/replenishing_mistrias_food_reserves_2/replenishing_mistrias_food_reserves_2_pt_1_follow_up_olric/init	I hear you're donating to the town food reserves, [Ari]!	Il paraît que tu aides à reconstituer les réserves de nourriture de la ville, [Ari] ?	Я слышал, ты собираешь еду для городских запасов, [Ari]!	I hear you're donating to the town food reserves, [Ari]!
Cutscenes/Story Events/Town Repair/replenishing_mistrias_food_reserves_2/replenishing_mistrias_food_reserves_2_pt_1_follow_up_reina/1	But if you had tried the old emergency rations...bleh.	Si tu avais goûté aux anciennes rations de secours... Beurk !	Но если бы ты <p>попробовали</p><f>попробовала</f><m>попробовал</m><n>попробовало</n> еду из прошлого чрезвычайного запаса... Просто фу.	But if you had tried the old emergency rations...bleh.
Cutscenes/Story Events/Town Repair/replenishing_mistrias_food_reserves_2/replenishing_mistrias_food_reserves_2_pt_1_follow_up_reina/2	I'm up for the challenge!	En tout cas, je suis prête à relever le défi !	Я лучше постараюсь!	I'm up for the challenge!
Cutscenes/Story Events/Town Repair/replenishing_mistrias_food_reserves_2/replenishing_mistrias_food_reserves_2_pt_1_follow_up_reina/init	It's not easy making food last a long time and taste good.	C'est loin d'être facile de cuisiner des plats qui se conservent longtemps et bons au goût.	Сделать еду вкусной и долго хранящейся не так-то просто.	It's not easy making food last a long time and taste good.
Cutscenes/Story Events/Town Repair/replenishing_mistrias_food_reserves_2/replenishing_mistrias_food_reserves_2_pt_2/1	Almost there...	Ça sera bientôt prêt...	Уже почти...	Almost there...
Cutscenes/Story Events/Town Repair/replenishing_mistrias_food_reserves_2/replenishing_mistrias_food_reserves_2_pt_2/2	Whew!	Pfiou !	Фух!	Whew!
Cutscenes/Story Events/Town Repair/replenishing_mistrias_food_reserves_2/replenishing_mistrias_food_reserves_2_pt_2/3	Twice-baked rations, with my own secret blend of herbs and spices. Dig in!	Des rations double cuisson relevées de mon mélange secret d'herbes et d'épices. Allez-y, goûtez !	Дважды запечённые припасы с моим фирменным набором трав и специй. Налетайте!	Twice-baked rations, with my own secret blend of herbs and spices. Dig in!
Cutscenes/Story Events/Town Repair/replenishing_mistrias_food_reserves_2/replenishing_mistrias_food_reserves_2_pt_2/3/prompts/0	You've done it again, Reina! Superb!	Tu t'es encore surpassée, Reina ! C'est un délice !	Ты снова на высоте, Рейна! Это превосходно!	You've done it again, Reina! Superb!
Cutscenes/Story Events/Town Repair/replenishing_mistrias_food_reserves_2/replenishing_mistrias_food_reserves_2_pt_2/3/prompts/1	Seconds, please.	Il y a du rab ?	Добавки, пожалуйста.	Seconds, please.
Cutscenes/Story Events/Town Repair/replenishing_mistrias_food_reserves_2/replenishing_mistrias_food_reserves_2_pt_2/4	Yaaaaay!	Génial !	Ура-а-а!	Yaaaaay!
Cutscenes/Story Events/Town Repair/replenishing_mistrias_food_reserves_2/replenishing_mistrias_food_reserves_2_pt_2/5	I agree with [Ari] that they're very good, but if we eat too much now I'll have to put out another donation request!	Je suis d'accord avec [Ari]. C'est délicieux. Mais si nous en mangeons trop, je devrais relancer une requête !	[Ari] <p>правы</p><f>права</f><m>прав</m><n>право</n> насчёт отменного вкуса, но если мы всё съедим, то придётся устраивать ещё один сбор!	I agree with [Ari] that they're very good, but if we eat too much now I'll have to put out another donation request!
Cutscenes/Story Events/Town Repair/replenishing_mistrias_food_reserves_2/replenishing_mistrias_food_reserves_2_pt_2/6	Surviving on these would be a real pleasure! Hemlock, make sure you put on a beer reserve that would pair as well.	Je ne me plaindrais pas si je devais survivre en mangeant ça ! Hemlock, prépare-nous une bière de secours qui irait avec.	Для чрезвычайной ситуации это просто роскошь! Хемлок, не хочешь вдобавок отложить на чёрный день запас пива?	Surviving on these would be a real pleasure! Hemlock, make sure you put on a beer reserve that would pair as well.
Cutscenes/Story Events/Town Repair/replenishing_mistrias_food_reserves_2/replenishing_mistrias_food_reserves_2_pt_2/7	Way ahead of you, Hayden!	Je ne t'ai pas attendu, Hayden !	Я уже обо всём подумал, Хейден!	Way ahead of you, Hayden!
Cutscenes/Story Events/Town Repair/replenishing_mistrias_food_reserves_2/replenishing_mistrias_food_reserves_2_pt_2/8	I think the whole town will be delighted to know that the next time there's trouble, Mistria will be ready!	Les habitants seront sûrement ravis de savoir qu'en cas de nouveau coup dur, Mistria sera prête !	Думаю, все в городе обрадуются, когда узнают, что теперь Мистрия будет готова, когда придёт беда!	I think the whole town will be delighted to know that the next time there's trouble, Mistria will be ready!
Cutscenes/Story Events/Town Repair/replenishing_mistrias_food_reserves_2/replenishing_mistrias_food_reserves_2_pt_2/init	Keep an eye on that stove, Dad!	Ne quitte pas le feu des yeux, papa !	Следи за плитой, папа!	Keep an eye on that stove, Dad!
Cutscenes/Story Events/Town Repair/replenishing_mistrias_food_reserves_2/replenishing_mistrias_food_reserves_2_pt_2_follow_up_eiland/1	With the reserves filling up, Adeline has dropped those meetings!	Maintenant que les réserves sont pleines, Adeline a annulé les autres réunions prévues à ce sujet !	Но теперь у нас есть запас, и Аделина перестала их созывать!	With the reserves filling up, Adeline has dropped those meetings!
Cutscenes/Story Events/Town Repair/replenishing_mistrias_food_reserves_2/replenishing_mistrias_food_reserves_2_pt_2_follow_up_eiland/init	I need to thank you, [Ari]. You wouldn't believe the meetings Adeline and I had to try and figure out what to do if another disaster hit Mistria.	Je tiens à te remercier, [Ari]. Tu n'imagines pas toutes ces réunions passées à essayer de savoir quoi faire en cas de nouveau coup dur.	Я должен тебя поблагодарить, [Ari]. Ты не поверишь, сколько у нас с Аделиной было совещаний о том, что делать, если в Мистрии случится ещё одна катастрофа.	I need to thank you, [Ari]. You wouldn't believe the meetings Adeline and I had to try and figure out what to do if another disaster hit Mistria.
Cutscenes/Story Events/Town Repair/replenishing_mistrias_food_reserves_2/replenishing_mistrias_food_reserves_2_pt_2_follow_up_josephine/1	Too bad we didn't come up with a better name for them though...	Dommage que nous n'ayons pas trouvé un nom plus appétissant pour ce plat...	Жаль только, что мы не придумали название получше...	Too bad we didn't come up with a better name for them though...
Cutscenes/Story Events/Town Repair/replenishing_mistrias_food_reserves_2/replenishing_mistrias_food_reserves_2_pt_2_follow_up_josephine/init	Did you hear, [Ari]? Everyone liked those rations so much that we added them to the menu at the Inn!	Tu es au courant, [Ari] ? Les rations de secours ont tellement de succès que nous les avons ajoutées à la carte de l'auberge !	Ты уже <p>слышали</p><f>слышала</f><m>слышал</m><n>слышало</n>, [Ari]? Эти припасы так всем понравились, что мы решили добавить их в меню!	Did you hear, [Ari]? Everyone liked those rations so much that we added them to the menu at the Inn!
Cutscenes/Story Events/Town Repair/replenishing_mistrias_food_reserves_2/replenishing_mistrias_food_reserves_2_pt_2_turn_in/1	Taste testing!	Celle où on goûte les plats !	Дегустация!	Taste testing!
Cutscenes/Story Events/Town Repair/replenishing_mistrias_food_reserves_2/replenishing_mistrias_food_reserves_2_pt_2_turn_in/init	Hey, [Ari]! If you've turned in everything for the food reserves, it's time for the next step!	Bonjour [Ari] ! Si tu as rempli ta part pour ce qui est des réserves de nourriture, passons à l'étape suivante...	Привет, [Ari]! Если ты <p>приготовили</p><f>приготовила</f><m>приготовил</m><n>приготовило</n> всё для запасов продовольствия, то пора перейти к следующему этапу!	Hey, [Ari]! If you've turned in everything for the food reserves, it's time for the next step!
Cutscenes/Story Events/Town Repair/upgrade_the_carpenters_shop/upgrade_the_carpenters_shop_pt_1/1	Hoho, I can see you've brought [Ari]! Your proposal must have really caught Adeline's attention, Ryis!	Ho ho, tu as mis [Ari] à contribution ! Ta proposition a réellement dû retenir l'attention d'Adeline, Ryis !	Хо-хо, вижу, что и [Ari] будет с нами! Тебе явно удалось заинтересовать Аделину своим предложением, Риз!	Hoho, I can see you've brought [Ari]! Your proposal must have really caught Adeline's attention, Ryis!
Cutscenes/Story Events/Town Repair/upgrade_the_carpenters_shop/upgrade_the_carpenters_shop_pt_1/10	I thought that'd catch your interest! Tell you what, when we're done, I'll throw in a $Small Greenhouse Blueprint$ for free.	J'étais sûr que ça allait t'intéresser ! D'ailleurs, quand on aura terminé, je t'offrirai un $plan de petite serre$.	Я знал, что ты заинтересуешься! Знаешь что, когда закончим, я дам тебе $чертёж маленького парника$ бесплатно.	I thought that'd catch your interest! Tell you what, when we're done, I'll throw in a $Small Greenhouse Blueprint$ for free.
Cutscenes/Story Events/Town Repair/upgrade_the_carpenters_shop/upgrade_the_carpenters_shop_pt_1/11	And we can cover all of the ordinary materials, since we have some in stock.	Et nous pouvons fournir tous les matériaux de base, puisque nous les avons en stock.	И мы предоставим все обычные материалы, они ведь есть у нас в продаже.	And we can cover all of the ordinary materials, since we have some in stock.
Cutscenes/Story Events/Town Repair/upgrade_the_carpenters_shop/upgrade_the_carpenters_shop_pt_1/12	Thank you, Ryis!	Merci, Ryis !	Спасибо, Риз!	Thank you, Ryis!
Cutscenes/Story Events/Town Repair/upgrade_the_carpenters_shop/upgrade_the_carpenters_shop_pt_1/13	Now, I'm delighted to report that Mistria's recent turnaround has meant the town's coffers are finally in the black!	Bien, je suis ravie de vous annoncer que l'activité ayant repris à Mistria, les coffres de la ville se sont renfloués !	Итак, рада сообщить, что благодаря недавним улучшениям благосостояния Мистрии городская казна наконец-то в плюсе!	Now, I'm delighted to report that Mistria's recent turnaround has meant the town's coffers are finally in the black!
Cutscenes/Story Events/Town Repair/upgrade_the_carpenters_shop/upgrade_the_carpenters_shop_pt_1/14	A larger, more advanced Carpenter's Shop benefits the whole town, so we're happy to cover the tesserae costs.	Une menuiserie plus grande et plus développée bénéficiera à toute la ville. Nous couvrirons les dépenses nécessaires.	Большая и хорошо оснащённая столярная мастерская будет полезна всему городу, так что мы готовы покрыть расходы в тессерах.	A larger, more advanced Carpenter's Shop benefits the whole town, so we're happy to cover the tesserae costs.
Cutscenes/Story Events/Town Repair/upgrade_the_carpenters_shop/upgrade_the_carpenters_shop_pt_1/15	[Ari], if you could handle gathering $100 Refined Stone$, $100 Glass$, $30 Crystal$, and $30 Obsidian$, we'd have all we need.	[Ari], si tu pouvais t'occuper de récolter $100 pierres affinées$, $100 morceaux de verre$, $30 cristaux$ et $30 fragments d'obsidienne$, nous aurions tout ce qu'il nous faut.	[Ari], если ты сможешь собрать $100 плиточного камня$, $100 стекла$, $30 кристаллов$ и $30 обсидиана$, у нас будет всё, что нужно.	[Ari], if you could handle gathering $100 Refined Stone$, $100 Glass$, $30 Crystal$, and $30 Obsidian$, we'd have all we need.
Cutscenes/Story Events/Town Repair/upgrade_the_carpenters_shop/upgrade_the_carpenters_shop_pt_1/15/prompts/0	You can count on me!	Tu peux compter sur moi !	Можете на меня рассчитывать!	You can count on me!
Cutscenes/Story Events/Town Repair/upgrade_the_carpenters_shop/upgrade_the_carpenters_shop_pt_1/15/prompts/1	Of course! Lucky we built that Stone Refinery, huh?	Bien sûr ! Heureusement qu'on a construit l'affinerie, hein ?	Разумеется! Хорошо, что мы построили камнетёсную установку.	Of course! Lucky we built that Stone Refinery, huh?
Cutscenes/Story Events/Town Repair/upgrade_the_carpenters_shop/upgrade_the_carpenters_shop_pt_1/16	Yahoo!	Merveilleux !	Ура!	Yahoo!
Cutscenes/Story Events/Town Repair/upgrade_the_carpenters_shop/upgrade_the_carpenters_shop_pt_1/17	Who needs luck when we've got you in town, [Ari]?	Depuis ton arrivée, nous n'avons plus à compter uniquement sur la chance, [Ari] !	Зачем полагаться на удачу, когда у нас есть [Ari]?	Who needs luck when we've got you in town, [Ari]?
Cutscenes/Story Events/Town Repair/upgrade_the_carpenters_shop/upgrade_the_carpenters_shop_pt_1/18	Wonderful! I'll put the $Donation Box$ right outside the Carpenter's Shop. Then when you're done come talk to me!	Très bien ! Je vais placer la $boîte de dons$ juste à l'extérieur de la menuiserie. Viens me voir quand tu auras terminé de tout récolter !	Чудесно! Я поставлю $ящик для пожертвований$ рядом со входом в столярную мастерскую. Когда всё соберёшь, приходи и сообщи мне.	Wonderful! I'll put the $Donation Box$ right outside the Carpenter's Shop. Then when you're done come talk to me!
Cutscenes/Story Events/Town Repair/upgrade_the_carpenters_shop/upgrade_the_carpenters_shop_pt_1/19	Thank you, [Ari].	En tout cas, merci, [Ari].	Спасибо, [Ari].	Thank you, [Ari].
Cutscenes/Story Events/Town Repair/upgrade_the_carpenters_shop/upgrade_the_carpenters_shop_pt_1/2	Well, really it's [Ari]'s fault.	Tout ça, c'est grâce à [Ari].	Ну, вообще-то, это [Ari] <p>виноваты</p><f>виновата</f><m>виноват</m><n>виновато</n>.	Well, really it's [Ari]'s fault.
Cutscenes/Story Events/Town Repair/upgrade_the_carpenters_shop/upgrade_the_carpenters_shop_pt_1/3	Mistria's town rank has been shooting up and the projects have been quickly getting more complex.	Mistria a très vite grimpé au classement des villes et les projets deviennent de plus en plus complexes.	Ранг Мистрии буквально взлетел вверх, и проекты стали приходить всё более сложные.	Mistria's town rank has been shooting up and the projects have been quickly getting more complex.
Cutscenes/Story Events/Town Repair/upgrade_the_carpenters_shop/upgrade_the_carpenters_shop_pt_1/4	Those fancy schmancy vendor booths really caught us off guard!	Ces demandes de stands tape-à-l'œil nous ont pris au dépourvu !	Эти модники-торговцы со своими щегольскими киосками застали нас врасплох!	Those fancy schmancy vendor booths really caught us off guard!
Cutscenes/Story Events/Town Repair/upgrade_the_carpenters_shop/upgrade_the_carpenters_shop_pt_1/5	Nothing we couldn't handle of course, but we had to do some improvising.	Bien entendu, on s'en est sortis, mais il a fallu improviser.	Мы, конечно, со всем справились, но пришлось импровизировать.	Nothing we couldn't handle of course, but we had to do some improvising.
Cutscenes/Story Events/Town Repair/upgrade_the_carpenters_shop/upgrade_the_carpenters_shop_pt_1/6	So I talked it over with my uncle, and we submitted a blueprint for a new addition to the shop to Adeline.	Après avoir discuté avec mon oncle, j'ai proposé à Adeline un plan d'extension pour la menuiserie.	В общем, я обсудил всё с дядей, и мы подали Аделине проект по расширению мастерской.	So I talked it over with my uncle, and we submitted a blueprint for a new addition to the shop to Adeline.
Cutscenes/Story Events/Town Repair/upgrade_the_carpenters_shop/upgrade_the_carpenters_shop_pt_1/7	It was very comprehensive! You two certainly made a powerful case.	C'était très complet ! Vous aviez vraiment de bons arguments à faire valoir, tous les deux.	Очень детальный проект! Вы вдвоём приводите крайне убедительные аргументы.	It was very comprehensive! You two certainly made a powerful case.
Cutscenes/Story Events/Town Repair/upgrade_the_carpenters_shop/upgrade_the_carpenters_shop_pt_1/8	I'll spare you busy folks all the technical details, but it'll let us take on big new custom orders!	Tout le monde est très occupé, je vous épargnerai donc tous les détails techniques, mais cela nous permettra d'accepter de nouvelles grosses commandes sur mesure !	Вы у нас такие занятые, так что не буду вас утруждать техническими подробностями. Расширение позволит нам брать более крупные и сложные заказы!	I'll spare you busy folks all the technical details, but it'll let us take on big new custom orders!
Cutscenes/Story Events/Town Repair/upgrade_the_carpenters_shop/upgrade_the_carpenters_shop_pt_1/9	A larger workshop would mean that a $second story upgrade on your house$ would be possible, and we'd be able to start selling $Greenhouse$ blueprints.	Avec un atelier plus grand, nous pourrions $ajouter un étage à ta maison$, et nous pourrions aussi vendre des plans pour construire des $serres$.	Большая мастерская откроет возможность $достроить к твоему дому второй этаж$. А ещё мы сможем продавать чертежи $парников$.	A larger workshop would mean that a $second story upgrade on your house$ would be possible, and we'd be able to start selling $Greenhouse$ blueprints.
Cutscenes/Story Events/Town Repair/upgrade_the_carpenters_shop/upgrade_the_carpenters_shop_pt_1/9/prompts/0	So I could start growing crops out of season?	Ça veut dire que je pourrai lancer des cultures hors de la saison habituelle ?	И я смогу выращивать растения вне сезона?	So I could start growing crops out of season?
Cutscenes/Story Events/Town Repair/upgrade_the_carpenters_shop/upgrade_the_carpenters_shop_pt_1/9/prompts/1	A Greenhouse would look great on my farm...	Une serre, ça ferait joli, dans ma ferme...	$Парник$ неплохо будет смотреться на моей ферме...	A Greenhouse would look great on my farm...
Cutscenes/Story Events/Town Repair/upgrade_the_carpenters_shop/upgrade_the_carpenters_shop_pt_1/init	Hey, [Ari]! We're in the back, come on in!	Hé, [Ari] ! On est dans l'arrière-boutique, entre !	Привет, [Ari]! Мы тут, сзади, заходи!	Hey, [Ari]! We're in the back, come on in!
Cutscenes/Story Events/Town Repair/upgrade_the_carpenters_shop/upgrade_the_carpenters_shop_pt_1_follow_up_landen/1	But just thinking about expanding the workshop... all that extra space and new tools...	Mais quand je pense à l'extension de la menuiserie... à tout cet espace en plus et à tous ces nouveaux outils...	Но как только вспоминаю про расширение мастерской... столько свободного места и новых инструментов...	But just thinking about expanding the workshop... all that extra space and new tools...
Cutscenes/Story Events/Town Repair/upgrade_the_carpenters_shop/upgrade_the_carpenters_shop_pt_1_follow_up_landen/2	My hands get itchy just thinking about all the projects I could take on!	J'en ai des picotements dans les mains en imaginant tous les projets que je pourrais réaliser !	У меня руки чешутся, когда я думаю, какие проекты мог бы там сделать!	My hands get itchy just thinking about all the projects I could take on!
Cutscenes/Story Events/Town Repair/upgrade_the_carpenters_shop/upgrade_the_carpenters_shop_pt_1_follow_up_landen/init	I know, I know, I'm retired.	Je sais, je sais, je suis censé être à la retraite.	Знаю, знаю, я на пенсии.	I know, I know, I'm retired.
Cutscenes/Story Events/Town Repair/upgrade_the_carpenters_shop/upgrade_the_carpenters_shop_pt_1_follow_up_march/1	...	...	...	...
Cutscenes/Story Events/Town Repair/upgrade_the_carpenters_shop/upgrade_the_carpenters_shop_pt_1_follow_up_march/2	Here, for the $Donation Box$. Don't tell Ryis, okay?	Tiens, mets ça dans la $boîte de dons$. Et ne dis rien à Ryis, d'accord ?	Вот, это для $ящика для пожертвований$. Не говори Ризу, ладно?	Here, for the $Donation Box$. Don't tell Ryis, okay?
Cutscenes/Story Events/Town Repair/upgrade_the_carpenters_shop/upgrade_the_carpenters_shop_pt_1_follow_up_march/init	Ryis won't stop talking about all the exciting new projects he could do if his shop gets that expansion.	Ryis n'arrête pas de parler de tous les nouveaux projets passionnants qu'il pourrait réaliser grâce à l'extension de la menuiserie.	Риз всё время болтает о потрясающих новых проектах, которые он сможет сделать, если мастерскую расширить.	Ryis won't stop talking about all the exciting new projects he could do if his shop gets that expansion.
Cutscenes/Story Events/Town Repair/upgrade_the_carpenters_shop/upgrade_the_carpenters_shop_pt_1_follow_up_ryis/init	I'm excited about the shop expansion, but take your time okay, [Ari]?	C'est vrai que j'ai très hâte de voir la menuiserie agrandie, mais prends ton temps, d'accord [Ari] ?	Я уже предвкушаю расширение мастерской, но ты не спеши, [Ari], хорошо?	I'm excited about the shop expansion, but take your time okay, [Ari]?
Cutscenes/Story Events/Town Repair/upgrade_the_carpenters_shop/upgrade_the_carpenters_shop_pt_2/1	Nicely done everyone!	Beau travail, tout le monde !	Отлично поработали, ребята!	Nicely done everyone!
Cutscenes/Story Events/Town Repair/upgrade_the_carpenters_shop/upgrade_the_carpenters_shop_pt_2/2	Wonderful work, all of you! I haven't seen a finer workshop anywhere in Aldaria.	Merci pour tous vos efforts ! Je n'ai jamais vu plus bel atelier dans tout Aldaria !	Какие вы все молодцы! Я во всей Альдарии не видела такой прекрасной мастерской.	Wonderful work, all of you! I haven't seen a finer workshop anywhere in Aldaria.
Cutscenes/Story Events/Town Repair/upgrade_the_carpenters_shop/upgrade_the_carpenters_shop_pt_2/3	Here's that $Small Greenhouse Blueprint$, [Ari]. And thank you again, for everything.	Voilà le $plan de petite serre$ que je t'avais promis, [Ari]. Et encore merci pour tout.	Вот $чертёж маленького парника$, о котором я говорил, [Ari]. И ещё раз спасибо тебе за всё.	Here's that $Small Greenhouse Blueprint$, [Ari]. And thank you again, for everything.
Cutscenes/Story Events/Town Repair/upgrade_the_carpenters_shop/upgrade_the_carpenters_shop_pt_2/4	And feel free to swing on by if you want to see the rest of the new projects we can offer now!	N'hésite pas à passer si tu veux voir tous les nouveaux projets que nous pouvons réaliser dorénavant !	Заходи к нам, когда будет удобно: посмотришь на остальные проекты, которые у нас появились!	And feel free to swing on by if you want to see the rest of the new projects we can offer now!
Cutscenes/Story Events/Town Repair/upgrade_the_carpenters_shop/upgrade_the_carpenters_shop_pt_2/init	Whew!	Pfiou !	Фух!	Whew!
Cutscenes/Story Events/Town Repair/upgrade_the_carpenters_shop/upgrade_the_carpenters_shop_pt_2_follow_up_celine/1	I love gardening outdoors, but it's awfully tempting...	J'adore jardiner en plein air, mais c'est tout de même très tentant...	Я люблю работать на улице, но всё равно звучит очень заманчиво...	I love gardening outdoors, but it's awfully tempting...
Cutscenes/Story Events/Town Repair/upgrade_the_carpenters_shop/upgrade_the_carpenters_shop_pt_2_follow_up_celine/2	I could grow all my favorite flowers out of season!	Je pourrais faire pousser toutes mes fleurs préférées à n'importe quelle saison !	Я могла бы выращивать свои любимые цветы в любое время года!	I could grow all my favorite flowers out of season!
Cutscenes/Story Events/Town Repair/upgrade_the_carpenters_shop/upgrade_the_carpenters_shop_pt_2_follow_up_celine/init	Did you hear that the Carpenter's Shop is selling Greenhouses now?	Tu as entendu que la menuiserie pouvait te construire une serre, maintenant ?	Ты <p>слышали</p><f>слышала</f><m>слышал</m><n>слышало</n>, что в столярной мастерской теперь продаются парники?	Did you hear that the Carpenter's Shop is selling Greenhouses now?
Cutscenes/Story Events/Town Repair/upgrade_the_carpenters_shop/upgrade_the_carpenters_shop_pt_2_follow_up_landen/1	So I made you a =Vegetable Pot Pie=! Go on, take it!	Pour te remercier, je t'ai préparé une =tourte aux légumes= ! Tiens !	И я решил приготовить для тебя =овощной пирог=! Вот, возьми!	So I made you a =Vegetable Pot Pie=! Go on, take it!
Cutscenes/Story Events/Town Repair/upgrade_the_carpenters_shop/upgrade_the_carpenters_shop_pt_2_follow_up_landen/init	I know I've already thanked you, [Ari] but well, you've really gone above and beyond for Ryis and myself...	Je sais que je t'ai déjà dit merci, [Ari], mais tu ne t'es clairement pas ménagé<she>e</she><he></he><they>·e</they> pour Ryis et moi...	Я знаю, что мы тебя уже благодарили, [Ari], но, в общем, ты ведь изо всех сил <p>постарались</p><f>постаралась</f><m>постарался</m><n>постаралось</n> ради нас с Ризом...	I know I've already thanked you, [Ari] but well, you've really gone above and beyond for Ryis and myself...
Cutscenes/Story Events/Town Repair/upgrade_the_carpenters_shop/upgrade_the_carpenters_shop_pt_2_follow_up_ryis/1	After all the projects he's been helping us out on, I thought he already had!	Après tous les coups de main qu'il nous a donnés récemment, je croyais que c'était déjà le cas !	Учитывая, сколько проектов он нам уже помог сделать, я думал, он давно вернулся!	After all the projects he's been helping us out on, I thought he already had!
Cutscenes/Story Events/Town Repair/upgrade_the_carpenters_shop/upgrade_the_carpenters_shop_pt_2_follow_up_ryis/init	With the extra room at the shop now, Uncle Landen has been talking about coming out of retirement again.	Vu tout l'espace en plus dans l'atelier, oncle Landen se dit à nouveau qu'il va arrêter la retraite et se remettre au travail.	В новой мастерской стало так много места, что дядя Ланден говорит, что может уйти с пенсии и вернуться к работе.	With the extra room at the shop now, Uncle Landen has been talking about coming out of retirement again.
Cutscenes/Story Events/Town Repair/upgrade_the_carpenters_shop/upgrade_the_carpenters_shop_pt_2_turn_in/init	Ooh, Ryis and Landen will be so excited! Come on, let's get started!	Oh, Ryis et Landen vont être ravis ! Allez, on s'y met !	Ух, Риз и Ланден так обрадуются! Ладно, давай приступим!	Ooh, Ryis and Landen will be so excited! Come on, let's get started!
Cutscenes/Story Events/Town Repair/upgrade_the_saturday_market/upgrade_the_saturday_market/1	A letter arrived from the $Aldarian Merchant's Guild$, Nora.	Nous avons reçu une lettre de la $guilde des marchands d'Aldaria$, Nora.	Пришло письмо из $Альдарийской гильдии торговцев$, Нора.	A letter arrived from the $Aldarian Merchant's Guild$, Nora.
Cutscenes/Story Events/Town Repair/upgrade_the_saturday_market/upgrade_the_saturday_market/10	And uh... $Wheedle$. He's apparently very high up in the Merchant's Guild, specializing in $extremely high-end goods$.	Et le deuxième, c'est, hum... $Wheedle$. Apparemment, il a un poste très élevé au sein de la guilde des marchands. Sa spécialité, ce sont les $produits très haut de gamme$.	И эмм... $Хлюст$. Оказывается, он важная персона в гильдии торговцев. Его профиль — $самые элитные товары$.	And uh... $Wheedle$. He's apparently very high up in the Merchant's Guild, specializing in $extremely high-end goods$.
Cutscenes/Story Events/Town Repair/upgrade_the_saturday_market/upgrade_the_saturday_market/11	You're right, I have heard about them. Supposedly, they're both real characters.	Tu as raison. Je le connais de nom. De ce que je sais, ils ont tous deux de fortes personnalités.	Действительно, я о них наслышана. Говорят, у них обоих так себе характер.	You're right, I have heard about them. Supposedly, they're both real characters.
Cutscenes/Story Events/Town Repair/upgrade_the_saturday_market/upgrade_the_saturday_market/12	But I shouldn't let rumors stand in the way of letting everyone in Mistria enjoy their booths.	Mais ne laissons pas les rumeurs empêcher les habitants de Mistria de profiter de leurs stands.	Но я не хочу мешать мистрийцам посещать их лавки из-за слухов.	But I shouldn't let rumors stand in the way of letting everyone in Mistria enjoy their booths.
Cutscenes/Story Events/Town Repair/upgrade_the_saturday_market/upgrade_the_saturday_market/13	I feel the same way.	C'est ce que je me dis aussi.	Я тоже так считаю.	I feel the same way.
Cutscenes/Story Events/Town Repair/upgrade_the_saturday_market/upgrade_the_saturday_market/14	Now, the Capital will be covering their traveling expenses...	Bien, c'est la capitale qui paiera leurs déplacements...	Итак, в столице оплатят их транспортные расходы...	Now, the Capital will be covering their traveling expenses...
Cutscenes/Story Events/Town Repair/upgrade_the_saturday_market/upgrade_the_saturday_market/15	And before you worry about it Nora, I volunteer the front lawn of the Manor House for them to set up their booths.	Et avant que tu ne poses la question Nora, je mettrai à leur disposition les pelouses devant le manoir pour qu'ils s'y installent.	И не волнуйся о размещении, Нора: я предоставлю для них площадку перед фасадом особняка.	And before you worry about it Nora, I volunteer the front lawn of the Manor House for them to set up their booths.
Cutscenes/Story Events/Town Repair/upgrade_the_saturday_market/upgrade_the_saturday_market/16	But the Merchant's Guild has sent along... er, exacting requirements for the construction of their booths, which Mistria needs to cover.	Par contre, la guilde des marchands a également envoyé, euh... des instructions très précises pour la construction de leurs étals, et c'est à Mistria d'en assumer les frais.	Но гильдия торговцев прислала с письмом, эм... крайне суровые требования, чтобы соорудить их лавки, которые оплачиваются за счёт Мистрии.	But the Merchant's Guild has sent along... er, exacting requirements for the construction of their booths, which Mistria needs to cover.
Cutscenes/Story Events/Town Repair/upgrade_the_saturday_market/upgrade_the_saturday_market/17	Let me see...	Voyons voir...	Давай посмотрим...	Let me see...
Cutscenes/Story Events/Town Repair/upgrade_the_saturday_market/upgrade_the_saturday_market/18	$Gold Ingots$? For a market booth?!	Des $lingots d'or$ ? Pour des stands ?!	$Слитки золота$? Для лавки на базаре?!	$Gold Ingots$? For a market booth?!
Cutscenes/Story Events/Town Repair/upgrade_the_saturday_market/upgrade_the_saturday_market/19	These numbers are unfortunately after I negotiated them down... they were even worse initially...	Hélas, ce sont les chiffres après négociations... Ils étaient bien plus élevés au départ.	К сожалению, это — цифры уже после того, как я с ними поторговалась... Вначале они были ещё хуже...	These numbers are unfortunately after I negotiated them down... they were even worse initially...
Cutscenes/Story Events/Town Repair/upgrade_the_saturday_market/upgrade_the_saturday_market/2	That is big news!	Quelle grande nouvelle !	Это серьёзная новость!	That is big news!
Cutscenes/Story Events/Town Repair/upgrade_the_saturday_market/upgrade_the_saturday_market/20	There's enough in the Market coffers to take this down by another 20%, but even then it's outrageous.	Les réserves du marché peuvent absorber 20 % des coûts, mais cela reste exorbitant.	Из выручки базара мы можем покрыть ещё 20%, но даже так остаётся неподъёмная сумма.	There's enough in the Market coffers to take this down by another 20%, but even then it's outrageous.
Cutscenes/Story Events/Town Repair/upgrade_the_saturday_market/upgrade_the_saturday_market/21	I suppose the Saturday Market doesn't need to have an upgrade this year... or this decade...	Bien, le marché du samedi se passera d'améliorations cette année... Voire les dix prochaines années.	Видимо, Субботний базар обойдётся без расширения в ближайший год... или десять лет...	I suppose the Saturday Market doesn't need to have an upgrade this year... or this decade...
Cutscenes/Story Events/Town Repair/upgrade_the_saturday_market/upgrade_the_saturday_market/21/prompts/0	If the Saturday Market needs a helping hand, it's got mine!	Si le marché du samedi a besoin d'un coup de pouce, je suis là !	Если Субботнему базару нужна помощь, то я <p>готовы</p><f>готова</f><m>готов</m><n>готово</n>!	If the Saturday Market needs a helping hand, it's got mine!
Cutscenes/Story Events/Town Repair/upgrade_the_saturday_market/upgrade_the_saturday_market/21/prompts/1	If it'll get my old pal Wheedle back in town, count me in!	Si ça permet à mon vieux copain Wheedle de revenir en ville, comptez sur moi !	Я помогу, если это поможет вернуть моего старого дружка Хлюста!	If it'll get my old pal Wheedle back in town, count me in!
Cutscenes/Story Events/Town Repair/upgrade_the_saturday_market/upgrade_the_saturday_market/22	Oh, [Ari]! Thank you!	Oh, [Ari] ! Merci !	Ого, [Ari]! Спасибо!	Oh, [Ari]! Thank you!
Cutscenes/Story Events/Town Repair/upgrade_the_saturday_market/upgrade_the_saturday_market/23	I... I didn't know you and Wheedle were such good friends! In any case...	Je... Je ne savais pas que vous vous connaissiez si bien, Wheedle et toi ! Quoi qu'il en soit...	Я... не знала, что вы с Хлюстом так хорошо дружите! В любом случае...	I... I didn't know you and Wheedle were such good friends! In any case...
Cutscenes/Story Events/Town Repair/upgrade_the_saturday_market/upgrade_the_saturday_market/24	We'll need $8 Gold Ingots$, $20 Obsidian$, $20 Crystal$, $100 Hard Wood$, and $50 Refined Stone$.	Nous aurons besoin de $8 lingots d'or$, de $20 fragments d'obsidienne$, de $20 cristaux$, de $100 rondins de bois dur$ et de $50 pierres affinées$.	Нам нужно $8 слитков золота$, $20 обсидиана$, $20 кристаллов$, $100 твёрдой древесины$ и $50 плиточного камня$.	We'll need $8 Gold Ingots$, $20 Obsidian$, $20 Crystal$, $100 Hard Wood$, and $50 Refined Stone$.
Cutscenes/Story Events/Town Repair/upgrade_the_saturday_market/upgrade_the_saturday_market/25	You're a lifesaver, [Ari].	Tu nous sauves la mise, [Ari].	Ты нас выручаешь, [Ari].	You're a lifesaver, [Ari].
Cutscenes/Story Events/Town Repair/upgrade_the_saturday_market/upgrade_the_saturday_market/26	I'll set up the $Donation Box$ outside the Manor House.	Je vais installer la $boîte de dons$ à l'extérieur du manoir.	Я поставлю рядом с особняком $ящик для пожертвований$.	I'll set up the $Donation Box$ outside the Manor House.
Cutscenes/Story Events/Town Repair/upgrade_the_saturday_market/upgrade_the_saturday_market/3	The $Aldarian Merchant's Guild$ handles all the business in the Capital, as well as any incoming and outgoing shipments in the country.	La $guilde des marchands d'Aldaria$ chapeaute tous les commerces de la capitale et supervise la réception et l'expédition des marchandises.	$Альдарийская гильдия торговцев$ заведует всей столичной торговлей, а также всеми импортом и экспортом в стране.	The $Aldarian Merchant's Guild$ handles all the business in the Capital, as well as any incoming and outgoing shipments in the country.
Cutscenes/Story Events/Town Repair/upgrade_the_saturday_market/upgrade_the_saturday_market/4	A little place like Mistria would normally be beneath their notice.	Une petite ville comme Mistria ne devrait normalement pas attirer leur attention.	Обычно они не обращают внимания на маленькие местечки вроде Мистрии.	A little place like Mistria would normally be beneath their notice.
Cutscenes/Story Events/Town Repair/upgrade_the_saturday_market/upgrade_the_saturday_market/5	They're impressed with how successful our $Saturday Market$ has become, and with how high our town rank has risen.	Ils sont très impressionnés par le succès de notre $marché du samedi$ ainsi que par notre place au classement des villes.	Они впечатлены успехами нашего $Субботнего базара$ и ростом ранга Мистрии.	They're impressed with how successful our $Saturday Market$ has become, and with how high our town rank has risen.
Cutscenes/Story Events/Town Repair/upgrade_the_saturday_market/upgrade_the_saturday_market/6	In fact, they're so impressed, they're considering adding Mistria to the weekly travel routes of $two of their top vendors$!	À tel point qu'ils songent à ajouter Mistria aux tournées hebdomadaires de $deux de leurs meilleurs vendeurs$ !	Более того, они настолько впечатлены, что собираются добавить Мистрию в еженедельный торговый маршрут $двух своих лучших торговцев$!	In fact, they're so impressed, they're considering adding Mistria to the weekly travel routes of $two of their top vendors$!
Cutscenes/Story Events/Town Repair/upgrade_the_saturday_market/upgrade_the_saturday_market/7	That's- That's incredible! Anyone I'd know?	C'est... C'est incroyable ! Je les connais ?	Это... Просто невероятно! Кто-то из них мне знаком?	That's- That's incredible! Anyone I'd know?
Cutscenes/Story Events/Town Repair/upgrade_the_saturday_market/upgrade_the_saturday_market/8	I think you'll recognize both their names.	Je crois qu'aucun de ces deux noms ne te sera inconnu.	Я думаю, ты знаешь обоих.	I think you'll recognize both their names.
Cutscenes/Story Events/Town Repair/upgrade_the_saturday_market/upgrade_the_saturday_market/9	First up is $Taliferro$, he's the Royal Chef whose $Cooking Challenge$ booth has been a huge hit across Aldaria.	Le premier, c'est $Taliferro$, le cuisinier royal. Son stand de $défis gastronomiques$ rencontre un succès fou dans tout Aldaria.	Во-первых, $Талиферро$, придворный шеф. $Смотр блюд$ в его лавке — настоящий хит по всей Альдарии.	First up is $Taliferro$, he's the Royal Chef whose $Cooking Challenge$ booth has been a huge hit across Aldaria.
Cutscenes/Story Events/Town Repair/upgrade_the_saturday_market/upgrade_the_saturday_market/init	What's this all about, Adeline? I haven't seen you this excited since we got in that special order of colored pens.	Que se passe-t-il, Adeline ? Je ne t'ai pas vue aussi enthousiaste depuis que nous avons reçu cette commande spéciale de surligneurs de toutes les couleurs.	В чём дело, Аделина? По-моему, в последний раз ты была так взволнована, когда привезли твой заказ цветных ручек.	What's this all about, Adeline? I haven't seen you this excited since we got in that special order of colored pens.
Cutscenes/Story Events/Town Repair/upgrade_the_saturday_market/upgrade_the_saturday_market_follow_up_landen/1	Ryis and I are going to make the best booths they've ever seen!	Ryis et moi allons leur construire des stands comme ils n'en ont jamais vu auparavant !	Мы с Ризом построим им такие лавки, каких они в жизни не видали!	Ryis and I are going to make the best booths they've ever seen!
Cutscenes/Story Events/Town Repair/upgrade_the_saturday_market/upgrade_the_saturday_market_follow_up_landen/init	There you are! Thank you so much for helping out with those goofy requirements for those snooty Capital vendors.	Te voilà ! Merci de nous aider à répondre aux exigences ridicules de ces commerçants prétentieux de la capitale.	Вот ты где! Спасибо тебе огромное, что <p>помогли</p><f>помогла</f><m>помог</m><n>помогло</n> выполнить эти дурацкие требования столичных задир.	There you are! Thank you so much for helping out with those goofy requirements for those snooty Capital vendors.
Cutscenes/Story Events/Town Repair/upgrade_the_saturday_market/upgrade_the_saturday_market_follow_up_march/1	I'm looking forward to working on the new vendor booths.	J'ai hâte de me mettre aux stands de ces nouveaux vendeurs.	Мне уже не терпится приступить к лавкам для этих новых торговцев.	I'm looking forward to working on the new vendor booths.
Cutscenes/Story Events/Town Repair/upgrade_the_saturday_market/upgrade_the_saturday_market_follow_up_march/init	Never thought I'd see the day where a town project required me to do gold ornamentation work...	Je ne pensais pas un jour voir un projet pour la ville qui nécessiterait des fioritures en or...	Не думал, что настанет день, когда для городского проекта потребуется орнамент из золота...	Never thought I'd see the day where a town project required me to do gold ornamentation work...
Cutscenes/Story Events/Town Repair/upgrade_the_saturday_market/upgrade_the_saturday_market_follow_up_nora/1	It's such a big milestone for the town!	C'est une étape très importante pour la ville !	Это очень важный этап для развития города!	It's such a big milestone for the town!
Cutscenes/Story Events/Town Repair/upgrade_the_saturday_market/upgrade_the_saturday_market_follow_up_nora/init	I can't thank you enough for helping out with these market booths, [Ari].	Je ne sais pas comment te remercier de nous aider à la réalisation de ces stands, [Ari].	Не могу выразить, как я тебе благодарна за помощь с новыми лавками, [Ari].	I can't thank you enough for helping out with these market booths, [Ari].
Cutscenes/Story Events/Town Repair/upgrade_the_saturday_market/upgrade_the_saturday_market_follow_up_ryis/1	It's a really exciting project! I've roped in March to help with the gold ornamentation, he loves working on that kind of thing.	C'est un projet super intéressant ! J'ai demandé à March qu'il nous aide pour les décorations en or. C'est le genre de trucs qu'il aime.	Это такой интересный проект! Я привлёк Марта, чтобы он сделал золотые орнаменты. Он обожает такую тонкую работу.	It's a really exciting project! I've roped in March to help with the gold ornamentation, he loves working on that kind of thing.
Cutscenes/Story Events/Town Repair/upgrade_the_saturday_market/upgrade_the_saturday_market_follow_up_ryis/init	Landen and I have been working on the new vendor booth's blueprints.	Landen et moi avons mis au point les plans pour les stands des nouveaux vendeurs.	Мы с Ланденом готовим чертежи для лавок новых торговцев.	Landen and I have been working on the new vendor booth's blueprints.
Cutscenes/Story Events/Town Repair/upgrade_the_saturday_market/upgrade_the_saturday_market_post_turn_in/1	I'll let Ryis know, I'm sure he and Landen are raring to go.	Je vais avertir Ryis. Je suis certaine que lui et Landen ont très hâte de s'y mettre.	Я сообщу Ризу. Уверена, им с Ланденом уже не терпится приступить.	I'll let Ryis know, I'm sure he and Landen are raring to go.
Cutscenes/Story Events/Town Repair/upgrade_the_saturday_market/upgrade_the_saturday_market_post_turn_in/2	We should be able to get everything ready for the new vendors to join us on $Saturday$!	Tout devrait être fin prêt pour que les vendeurs exposent dès $samedi$ !	К $субботе$ мы должны успеть всё приготовить для новых продавцов!	We should be able to get everything ready for the new vendors to join us on $Saturday$!
Cutscenes/Story Events/Town Repair/upgrade_the_saturday_market/upgrade_the_saturday_market_post_turn_in/init	You've gathered all the materials for the new Saturday Market vendors? Incredible work, [Ari]!	Tu as tous les matériaux pour les nouveaux stands du marché du samedi ? Tu es incroyable, [Ari] !	Ты <p>собрали</p><f>собрала</f><m>собрал</m><n>собрало</n> все материалы для новых лавок Субботнего базара? Потрясающая работа, [Ari]!	You've gathered all the materials for the new Saturday Market vendors? Incredible work, [Ari]!
Cutscenes/Story Events/Town Repair/upgrade_the_saturday_market/upgrade_the_saturday_market_pre_turn_in/init	[Ari]! I can't wait to tell you all about the news. Come on!	[Ari] ! J'ai tellement hâte de te raconter les dernières nouvelles. Viens !	[Ari]! Есть одна новость, я так хочу тебе рассказать! Пойдём!	[Ari]! I can't wait to tell you all about the news. Come on!
Cutscenes/Story Events/Town Repair/upgrade_the_saturday_market_plaza/upgrade_the_saturday_market_plaza/1	Such a long list of potential vendors! It's certainly flattering.			Such a long list of potential vendors! It's certainly flattering.
Cutscenes/Story Events/Town Repair/upgrade_the_saturday_market_plaza/upgrade_the_saturday_market_plaza/10	First off is Zorel, she's a popular musician from the Capital.			First off is Zorel, she's a popular musician from the Capital.
Cutscenes/Story Events/Town Repair/upgrade_the_saturday_market_plaza/upgrade_the_saturday_market_plaza/11	I'll say she is! My sisters wrote to me about attending one of her shows last year. And she wants to open up a vendor booth?			I'll say she is! My sisters wrote to me about attending one of her shows last year. And she wants to open up a vendor booth?
Cutscenes/Story Events/Town Repair/upgrade_the_saturday_market_plaza/upgrade_the_saturday_market_plaza/12	That's right. She's selling $Song Crystals$ that play music when placed inside a special device called a $Crystal Resonator$.			That's right. She's selling $Song Crystals$ that play music when placed inside a special device called a $Crystal Resonator$.
Cutscenes/Story Events/Town Repair/upgrade_the_saturday_market_plaza/upgrade_the_saturday_market_plaza/13	I don't pretend to understand it, but she's passionate about them and wants to spread them across Aldaria.			I don't pretend to understand it, but she's passionate about them and wants to spread them across Aldaria.
Cutscenes/Story Events/Town Repair/upgrade_the_saturday_market_plaza/upgrade_the_saturday_market_plaza/14	In close second is Stillwell. He's a fortune teller-			In close second is Stillwell. He's a fortune teller-
Cutscenes/Story Events/Town Repair/upgrade_the_saturday_market_plaza/upgrade_the_saturday_market_plaza/15	Oh please.			Oh please.
Cutscenes/Story Events/Town Repair/upgrade_the_saturday_market_plaza/upgrade_the_saturday_market_plaza/16	Well, whatever your personal opinions are about fortune telling, he's VERY popular. Even my parents have been to see him.			Well, whatever your personal opinions are about fortune telling, he's VERY popular. Even my parents have been to see him.
Cutscenes/Story Events/Town Repair/upgrade_the_saturday_market_plaza/upgrade_the_saturday_market_plaza/17	"In his application he writes that it's ""vitally important"" he be given a booth here."			"In his application he writes that it's ""vitally important"" he be given a booth here."
Cutscenes/Story Events/Town Repair/upgrade_the_saturday_market_plaza/upgrade_the_saturday_market_plaza/18	If nothing else, I believe he could be a big draw. People travel from all over Aldaria to see him in the Capital.			If nothing else, I believe he could be a big draw. People travel from all over Aldaria to see him in the Capital.
Cutscenes/Story Events/Town Repair/upgrade_the_saturday_market_plaza/upgrade_the_saturday_market_plaza/19	So we just gotta find a place for their booths, huh...			So we just gotta find a place for their booths, huh...
Cutscenes/Story Events/Town Repair/upgrade_the_saturday_market_plaza/upgrade_the_saturday_market_plaza/2	But Nora's right. There just isn't any space left in the town square to accommodate more booths...			But Nora's right. There just isn't any space left in the town square to accommodate more booths...
Cutscenes/Story Events/Town Repair/upgrade_the_saturday_market_plaza/upgrade_the_saturday_market_plaza/20	I volunteer my room!			I volunteer my room!
Cutscenes/Story Events/Town Repair/upgrade_the_saturday_market_plaza/upgrade_the_saturday_market_plaza/21	Noted.			Noted.
Cutscenes/Story Events/Town Repair/upgrade_the_saturday_market_plaza/upgrade_the_saturday_market_plaza/22	Does anyone else have any other ideas?			Does anyone else have any other ideas?
Cutscenes/Story Events/Town Repair/upgrade_the_saturday_market_plaza/upgrade_the_saturday_market_plaza/23	What about that rise of land west of the Blacksmith's Shop?			What about that rise of land west of the Blacksmith's Shop?
Cutscenes/Story Events/Town Repair/upgrade_the_saturday_market_plaza/upgrade_the_saturday_market_plaza/24	March and I have already talked about how nice a little plaza would be up there if it was cleaned up.			March and I have already talked about how nice a little plaza would be up there if it was cleaned up.
Cutscenes/Story Events/Town Repair/upgrade_the_saturday_market_plaza/upgrade_the_saturday_market_plaza/25	That's a great idea! We never had the time before, but I think we could manage it now.			That's a great idea! We never had the time before, but I think we could manage it now.
Cutscenes/Story Events/Town Repair/upgrade_the_saturday_market_plaza/upgrade_the_saturday_market_plaza/26	It seems we're all in agreement!			It seems we're all in agreement!
Cutscenes/Story Events/Town Repair/upgrade_the_saturday_market_plaza/upgrade_the_saturday_market_plaza/27	I'll start running the numbers, it won't be cheap to build a whole new plaza...			I'll start running the numbers, it won't be cheap to build a whole new plaza...
Cutscenes/Story Events/Town Repair/upgrade_the_saturday_market_plaza/upgrade_the_saturday_market_plaza/27/prompts/0	You know you can count on me!			You know you can count on me!
Cutscenes/Story Events/Town Repair/upgrade_the_saturday_market_plaza/upgrade_the_saturday_market_plaza/27/prompts/1	A new plaza and new vendors? I'm in!			A new plaza and new vendors? I'm in!
Cutscenes/Story Events/Town Repair/upgrade_the_saturday_market_plaza/upgrade_the_saturday_market_plaza/28	I'm so glad we can always count on you, [Ari].			I'm so glad we can always count on you, [Ari].
Cutscenes/Story Events/Town Repair/upgrade_the_saturday_market_plaza/upgrade_the_saturday_market_plaza/29	The whole town will certainly benefit!			The whole town will certainly benefit!
Cutscenes/Story Events/Town Repair/upgrade_the_saturday_market_plaza/upgrade_the_saturday_market_plaza/3	Adeline... what would you say to calling an impromptu meeting with the Carpenters and Blacksmiths?			Adeline... what would you say to calling an impromptu meeting with the Carpenters and Blacksmiths?
Cutscenes/Story Events/Town Repair/upgrade_the_saturday_market_plaza/upgrade_the_saturday_market_plaza/30	Whoa whoa whoa!			Whoa whoa whoa!
Cutscenes/Story Events/Town Repair/upgrade_the_saturday_market_plaza/upgrade_the_saturday_market_plaza/31	Now [Ari], you've done your share and then some. Let us take our share of the load!			Now [Ari], you've done your share and then some. Let us take our share of the load!
Cutscenes/Story Events/Town Repair/upgrade_the_saturday_market_plaza/upgrade_the_saturday_market_plaza/32	Yeah! Your laurels need resting or they're going to get worn out.			Yeah! Your laurels need resting or they're going to get worn out.
Cutscenes/Story Events/Town Repair/upgrade_the_saturday_market_plaza/upgrade_the_saturday_market_plaza/33	I don't know if I agree with Olric's phrasing, but I agree to his sentiment.			I don't know if I agree with Olric's phrasing, but I agree to his sentiment.
Cutscenes/Story Events/Town Repair/upgrade_the_saturday_market_plaza/upgrade_the_saturday_market_plaza/34	Yeah, [Ari]. You leave the plaza to us!			Yeah, [Ari]. You leave the plaza to us!
Cutscenes/Story Events/Town Repair/upgrade_the_saturday_market_plaza/upgrade_the_saturday_market_plaza/35	Quick everyone! Let's get started right now, or else [Ari] will sneak in somehow!			Quick everyone! Let's get started right now, or else [Ari] will sneak in somehow!
Cutscenes/Story Events/Town Repair/upgrade_the_saturday_market_plaza/upgrade_the_saturday_market_plaza/36	That does sound like <he>him</he><she>her</she><they>them</they><it>it</it><none>[Ari]</none>...			That does sound like <he>him</he><she>her</she><they>them</they><it>it</it><none>[Ari]</none>...
Cutscenes/Story Events/Town Repair/upgrade_the_saturday_market_plaza/upgrade_the_saturday_market_plaza/37	I call dibs on breaking all the rocks!			I call dibs on breaking all the rocks!
Cutscenes/Story Events/Town Repair/upgrade_the_saturday_market_plaza/upgrade_the_saturday_market_plaza/38	Weren't they enthusiastic!			Weren't they enthusiastic!
Cutscenes/Story Events/Town Repair/upgrade_the_saturday_market_plaza/upgrade_the_saturday_market_plaza/38/prompts/0	But I still want to help...			But I still want to help...
Cutscenes/Story Events/Town Repair/upgrade_the_saturday_market_plaza/upgrade_the_saturday_market_plaza/38/prompts/1	Guess my time to shine is over...			Guess my time to shine is over...
Cutscenes/Story Events/Town Repair/upgrade_the_saturday_market_plaza/upgrade_the_saturday_market_plaza/39	Are you sure you don't want to relax? Well, if you insist...			Are you sure you don't want to relax? Well, if you insist...
Cutscenes/Story Events/Town Repair/upgrade_the_saturday_market_plaza/upgrade_the_saturday_market_plaza/4	They might have some good ideas about how we could make more space.			They might have some good ideas about how we could make more space.
Cutscenes/Story Events/Town Repair/upgrade_the_saturday_market_plaza/upgrade_the_saturday_market_plaza/40	Well, if you insist on contributing...			Well, if you insist on contributing...
Cutscenes/Story Events/Town Repair/upgrade_the_saturday_market_plaza/upgrade_the_saturday_market_plaza/41	Adeline, didn't the vendors have some unusual materials requests for building their booths?			Adeline, didn't the vendors have some unusual materials requests for building their booths?
Cutscenes/Story Events/Town Repair/upgrade_the_saturday_market_plaza/upgrade_the_saturday_market_plaza/42	They certainly did! They're looking for $50 Voidite$, $20 Refined Stone$, $5 Mistril Ingots$, $10 Monster Cores$ and $5 Monster Blocks$.			They certainly did! They're looking for $50 Voidite$, $20 Refined Stone$, $5 Mistril Ingots$, $10 Monster Cores$ and $5 Monster Blocks$.
Cutscenes/Story Events/Town Repair/upgrade_the_saturday_market_plaza/upgrade_the_saturday_market_plaza/43	It'd be a huge help if you could handle gathering those for us, [Ari].			It'd be a huge help if you could handle gathering those for us, [Ari].
Cutscenes/Story Events/Town Repair/upgrade_the_saturday_market_plaza/upgrade_the_saturday_market_plaza/44	Thank you!			Thank you!
Cutscenes/Story Events/Town Repair/upgrade_the_saturday_market_plaza/upgrade_the_saturday_market_plaza/45	I'll set up the $Donation Box$ at the new plaza to the $west of the Blacksmith's$ for you.			I'll set up the $Donation Box$ at the new plaza to the $west of the Blacksmith's$ for you.
Cutscenes/Story Events/Town Repair/upgrade_the_saturday_market_plaza/upgrade_the_saturday_market_plaza/46	Just let me know when it's done!			Just let me know when it's done!
Cutscenes/Story Events/Town Repair/upgrade_the_saturday_market_plaza/upgrade_the_saturday_market_plaza/47	Thank you [Ari], and Adeline. I can't believe the Saturday Market is going to be growing again!			Thank you [Ari], and Adeline. I can't believe the Saturday Market is going to be growing again!
Cutscenes/Story Events/Town Repair/upgrade_the_saturday_market_plaza/upgrade_the_saturday_market_plaza/5	That's a great plan! I'll go see if Ryis and Landen are available.			That's a great plan! I'll go see if Ryis and Landen are available.
Cutscenes/Story Events/Town Repair/upgrade_the_saturday_market_plaza/upgrade_the_saturday_market_plaza/6	[Ari], can you go get March and Olric? And Nora, can you get set up in the Dining Room?			[Ari], can you go get March and Olric? And Nora, can you get set up in the Dining Room?
Cutscenes/Story Events/Town Repair/upgrade_the_saturday_market_plaza/upgrade_the_saturday_market_plaza/7	Well now, there's suddenly so much interest in our little market!			Well now, there's suddenly so much interest in our little market!
Cutscenes/Story Events/Town Repair/upgrade_the_saturday_market_plaza/upgrade_the_saturday_market_plaza/8	Before we talk about space, how about you tell us who the stand out applicants are, Nora?			Before we talk about space, how about you tell us who the stand out applicants are, Nora?
Cutscenes/Story Events/Town Repair/upgrade_the_saturday_market_plaza/upgrade_the_saturday_market_plaza/9	Well...			Well...
Cutscenes/Story Events/Town Repair/upgrade_the_saturday_market_plaza/upgrade_the_saturday_market_plaza/init	[Ari], I'm so glad you could make it! I've just finished filling Adeline in.			[Ari], I'm so glad you could make it! I've just finished filling Adeline in.
Cutscenes/Story Events/Town Repair/upgrade_the_saturday_market_plaza/upgrade_the_saturday_market_plaza_follow_up_adeline/1	I'm so excited to see the new vendors, aren't you?			I'm so excited to see the new vendors, aren't you?
Cutscenes/Story Events/Town Repair/upgrade_the_saturday_market_plaza/upgrade_the_saturday_market_plaza_follow_up_adeline/init	Thanks again for offering to help with gathering the materials for the new booths, [Ari]!			Thanks again for offering to help with gathering the materials for the new booths, [Ari]!
Cutscenes/Story Events/Town Repair/upgrade_the_saturday_market_plaza/upgrade_the_saturday_market_plaza_follow_up_landen/1	Some of my finest woodcrafting! Those benches are practically works of art!			Some of my finest woodcrafting! Those benches are practically works of art!
Cutscenes/Story Events/Town Repair/upgrade_the_saturday_market_plaza/upgrade_the_saturday_market_plaza_follow_up_landen/init	See the $Plaza$ yet, [Ari]?			See the $Plaza$ yet, [Ari]?
Cutscenes/Story Events/Town Repair/upgrade_the_saturday_market_plaza/upgrade_the_saturday_market_plaza_follow_up_march/1	You need $Refined Stone$ for the new vendor booths, right?			You need $Refined Stone$ for the new vendor booths, right?
Cutscenes/Story Events/Town Repair/upgrade_the_saturday_market_plaza/upgrade_the_saturday_market_plaza_follow_up_march/2	Here, take these.			Here, take these.
Cutscenes/Story Events/Town Repair/upgrade_the_saturday_market_plaza/upgrade_the_saturday_market_plaza_follow_up_march/3	Good luck with the rest.			Good luck with the rest.
Cutscenes/Story Events/Town Repair/upgrade_the_saturday_market_plaza/upgrade_the_saturday_market_plaza_follow_up_march/init	I had a good time building the new $Plaza$. It's nice to see that empty land get some use!			I had a good time building the new $Plaza$. It's nice to see that empty land get some use!
Cutscenes/Story Events/Town Repair/upgrade_the_saturday_market_plaza/upgrade_the_saturday_market_plaza_follow_up_nora/1	We're going to have the best market for miles around!			We're going to have the best market for miles around!
Cutscenes/Story Events/Town Repair/upgrade_the_saturday_market_plaza/upgrade_the_saturday_market_plaza_follow_up_nora/init	Thanks again for supporting me with the market expansion, [Ari].			Thanks again for supporting me with the market expansion, [Ari].
Cutscenes/Story Events/Town Repair/upgrade_the_saturday_market_plaza/upgrade_the_saturday_market_plaza_follow_up_olric/1	I want you to know that I made sure not to have too much fun laying down the flagstone.			I want you to know that I made sure not to have too much fun laying down the flagstone.
Cutscenes/Story Events/Town Repair/upgrade_the_saturday_market_plaza/upgrade_the_saturday_market_plaza_follow_up_olric/init	Sorry that you couldn't help with building the $Plaza$, [Ari].			Sorry that you couldn't help with building the $Plaza$, [Ari].
Cutscenes/Story Events/Town Repair/upgrade_the_saturday_market_plaza/upgrade_the_saturday_market_plaza_follow_up_ryis/1	I've been doing so much restoration work around Mistria that it felt nice to build something totally new.			I've been doing so much restoration work around Mistria that it felt nice to build something totally new.
Cutscenes/Story Events/Town Repair/upgrade_the_saturday_market_plaza/upgrade_the_saturday_market_plaza_follow_up_ryis/init	Building the $Plaza$ was really fun!			Building the $Plaza$ was really fun!
Cutscenes/Story Events/Town Repair/upgrade_the_saturday_market_plaza/upgrade_the_saturday_market_plaza_turn_in/1	Nora and I will take it from here.			Nora and I will take it from here.
Cutscenes/Story Events/Town Repair/upgrade_the_saturday_market_plaza/upgrade_the_saturday_market_plaza_turn_in/2	You just look forward to seeing the new vendors at the next Saturday Market!			You just look forward to seeing the new vendors at the next Saturday Market!
Cutscenes/Story Events/Town Repair/upgrade_the_saturday_market_plaza/upgrade_the_saturday_market_plaza_turn_in/init	You got all the materials for the new vendor's booths? That's so exciting!			You got all the materials for the new vendor's booths? That's so exciting!
Cutscenes/Story Events/adeline_quest_board/adeline_quest_board/1	Your timing is perfect! I'm sure you're eager to start helping Mistria and its citizens, so I'm here to tell you all about our town's $Request Board$. Come with me!	Tu tombes à pic ! Tu as sûrement hâte d'aider Mistria et ses habitants, alors je vais te parler du $panneau des requêtes$. Suis-moi !	Ты как раз вовремя! Я уверена, тебе не терпится начать помогать Мистрии и её жителям, так что позволь рассказать тебе про $доску прошений$. Пошли со мной!	Точно навреме си! Сигурно нямаш търпение да помогнеш на Мистрия и жителите ѝ, затова искам да ти разкажа за нашето $Табло за заявки$. Ела с мен!
Cutscenes/Story Events/adeline_quest_board/adeline_quest_board/10	With your help we'll repair the earthquake's damage, raise Mistria's $Town Rank$, and put this village back on the map!	Avec ton aide, nous allons réparer les dégâts provoqués par le tremblement de terre, faire monter Mistria au $classement des villes$ et rendre à cette petite ville la place qui lui revient dans le royaume !	С твоей помощью мы непременно восстановимся после землетрясения, поднимем $ранг$ Мистрии и вернём наш городок на карту!	С твоя помощ ще поправим щетите от земетресението, ще повишим $Ранга на града$ и ще върнем Мистрия на картата!
Cutscenes/Story Events/adeline_quest_board/adeline_quest_board/11	Why don't you go ahead now and accept your first $Request$? It's one I just put up for you!	Que dirais-tu d'accepter ta toute première $requête$ ? Je l'ai affichée spécialement pour toi !	Почему бы тебе не принять своё первое $прошение$? Я поместила его на доску специально для тебя!	Сега приеми първата си $заявка$! Току-що я закачих за теб!
Cutscenes/Story Events/adeline_quest_board/adeline_quest_board/12	Perfect! That was easy, right?	Parfait ! Ce n'était pas compliqué, hein ?	Прекрасно! Не сложно, правда?	Чудесно! Лесно беше, нали?
Cutscenes/Story Events/adeline_quest_board/adeline_quest_board/13	I'm sure you want to meet your new neighbors as much as they want to meet you!	Je suis certaine que tu as hâte de faire la connaissance de tes nouveaux voisins, tout comme eux ont envie de mettre un visage sur ton nom.	Уверена, ты хочешь познакомиться со своими новыми соседями. Как и они с тобой!	Сигурна съм, че искаш да се запознаеш с новите си съседи толкова, колкото и те с теб!
Cutscenes/Story Events/adeline_quest_board/adeline_quest_board/14	And as you get to know them better, your $Journal$ can keep track of your relationships with them and even document their favorite gifts.	Et à mesure que tu apprendras à les connaître, ta relation avec chacun d'entre eux sera consignée dans ton $carnet de bord$. Tu y trouveras même les objets qu'ils aiment recevoir en cadeau.	Когда познакомишься с ними поближе, в твой $журнал$ запишется информация об отношениях с ними. И даже о том, какие подарки им понравились.	А като ги опознаеш по-добре, $Дневникът$ ти ще следи отношенията ти с тях и дори ще записва любимите им подаръци.
Cutscenes/Story Events/adeline_quest_board/adeline_quest_board/14/prompts/0	And what do you like, Adeline?	Et toi, qu'est-ce que tu aimes, Adeline ?	А что нравится тебе, Аделина?	А ти какво харесваш, Аделайн?
Cutscenes/Story Events/adeline_quest_board/adeline_quest_board/14/prompts/1	And what can I do to make you like me, Adeline?	Qu'est-ce que je peux faire pour te plaire, Adeline ?	А что мне сделать, чтобы понравиться тебе, Аделина?	Как мога да те накарам да ме харесаш, Аделайн?
Cutscenes/Story Events/adeline_quest_board/adeline_quest_board/15	Well, =Tulips= are nice, and they are in season right now! I hope you'll be growing some on your farm!	Eh bien... J'aime les =tulipes= et il se trouve qu'on est en plein dans la saison ! J'espère que tu en feras pousser dans ta ferme !	Ну, мне нравятся =тюльпаны=. Они сейчас как раз в сезоне! Надеюсь, ты вырастишь их на своей ферме!	Е, =лалетата= са хубави, а сега им е сезонът! Надявам се, че ще отглеждаш такива във фермата си!
Cutscenes/Story Events/adeline_quest_board/adeline_quest_board/16	Ah-	Ah...	Ах...	А-
Cutscenes/Story Events/adeline_quest_board/adeline_quest_board/17	Well, I wouldn't say no to a =Tulip=, [Ari].	Eh bien, je ne refuse jamais une =tulipe=, [Ari].	Ну, я бы не отказалась от =тюльпана=, [Ari].	Е, не бих отказала =лале=, [Ari].
Cutscenes/Story Events/adeline_quest_board/adeline_quest_board/18	A-Anyway we've still got a lot of things to talk about!	M-Mais il nous reste encore de nombreux sujets à aborder !	В-в любом случае, нам ещё многое нужно обсудить!	Т-Така де, все още имаме много да си говорим!
Cutscenes/Story Events/adeline_quest_board/adeline_quest_board/19	You can view the $Map$ in your $Journal$. It should give you a good idea where people are, isn't that helpful? And each time you meet someone, it will update!	Tu peux consulter la $carte$ dans ton $carnet de bord$ pour savoir où se trouve chacun des villageois. Pratique, non ? Et à chaque fois que tu parleras à quelqu'un, il se mettra à jour !	Ты можешь посмотреть $карту$ в своем $журнале$. На ней можно увидеть, где находятся жители. Полезно, да? И когда познакомишься с кем-то, она обновится!	Можеш да видиш $Картата$ в $Дневника$ си. Тя ще ти помогне да разбереш къде са хората. Полезно е, нали? И ще се обновява всеки път, когато се запознаеш с някого!
Cutscenes/Story Events/adeline_quest_board/adeline_quest_board/2	As the name implies, villagers post their $Requests$ here every day. You'll receive rewards whenever you complete them!	Comme son nom l'indique, les habitants y affichent leurs $requêtes$ tous les jours. À chaque fois que tu en termineras une, tu recevras une récompense !	Как можно понять из названия, здесь каждый день жители размещают свои $прошения$. Выполнишь их задания — и получишь награду!	Както подсказва името, жителите оставят тук своите $заявки$ всеки ден. Ще получаваш награди, щом ги изпълниш!
Cutscenes/Story Events/adeline_quest_board/adeline_quest_board/20	You can think of this as the first step on our path to restoring the town.	Vois ça comme la première étape de la réhabilitation du village.	Считай это первым шагом на пути к восстановлению города.	Може да го приемеш като първата крачка по пътя ни към възстановяването на града.
Cutscenes/Story Events/adeline_quest_board/adeline_quest_board/21	Isn't this exciting? Come talk to me once you're done meeting everyone!	Ce n'est pas génial ?! Viens me retrouver lorsque tu auras fait la connaissance de tout le monde.	Разве не здорово? Поговори со мной, когда закончишь со всеми знакомиться!	Не е ли вълнуващо? Ела да поговорим, щом се запознаеш с всички!
Cutscenes/Story Events/adeline_quest_board/adeline_quest_board/3	It's a great way to earn $Money$, $Equipment$, and most importantly, $Renown$!	C'est un très bon moyen de gagner de l'$argent$, de l'$équipement$, et plus important encore, d'accroître notre $renommée$.	Это отличный способ заработать $денег$, получить $экипировку$, и, что самое главное, улучшить $репутацию$!	Чудесен начин да спечелиш $пари$, $екипировка$ и най-важното — $известност$!
Cutscenes/Story Events/adeline_quest_board/adeline_quest_board/3/prompts/0	Renown?	Notre renommée ?	Репутацию?	Известност?
Cutscenes/Story Events/adeline_quest_board/adeline_quest_board/3/prompts/1	Can't wait to get started!	J'ai hâte de m'y mettre !	Не терпится начать!	Нямам търпение да започна!
Cutscenes/Story Events/adeline_quest_board/adeline_quest_board/4	Ah yes, let me explain the basics...	Ah oui, laisse-moi t'expliquer les grandes lignes...	Ах, конечно, позволь рассказать...	А, да, нека обясня накратко...
Cutscenes/Story Events/adeline_quest_board/adeline_quest_board/5	I'm so glad! Allow me to explain the basics of $Renown$...	Ça me fait tellement plaisir ! Laisse-moi t'expliquer la $renommée$ dans les grandes lignes...	Я очень рада! Позволь рассказать тебе про $репутацию$...	Толкова се радвам! Нека ти обясня накратко за $известността$...
Cutscenes/Story Events/adeline_quest_board/adeline_quest_board/6	As you know, Mistria is just one of the many towns that make up the Kingdom of Aldaria. All of them receive a $Town Rank$ according to their $Renown Level$.	Comme tu le sais, Mistria n'est qu'une des nombreuses villes du royaume d'Aldaria. Chacune d'elles se voit attribuer une place au $classement des villes$ en fonction de son $niveau de renommée$.	Как тебе известно, Мистрия — лишь один из многих городов в Королевстве Альдария. Всем городам присваивается $ранг$, соответствующий $уровню репутации$.	Както знаеш, Мистрия е само един от многото градове в Кралство Алдария. Всеки получава $Ранг на града$ според $нивото си на известност$.
Cutscenes/Story Events/adeline_quest_board/adeline_quest_board/7	Towns with a higher $Town Rank$ enjoy more popularity and more support from the Capital.	Les mieux placées au $classement des villes$ sont plus populaires et reçoivent davantage de soutien de la capitale.	Города с высоким $рангом$ популярнее и получают больше поддержки от столицы.	Градовете с по-висок $Ранг на града$ се радват на по-голяма известност и повече подкрепа от Столицата.
Cutscenes/Story Events/adeline_quest_board/adeline_quest_board/8	Mistria's $Renown Level$ was improving prior to the earthquake... Since then, though, we're down two entire $Town Ranks$.	Le $niveau de renommée$ de Mistria augmentait avant le tremblement de terre... mais depuis, nous avons perdu deux places au $classement des villes$.	До землетрясения $репутация$ Мистрии росла... Но с тех пор мы опустились на целых два $ранга$.	$Нивото на известност$ на Мистрия се подобряваше преди земетресението... Но след него изгубихме цели два $Ранга на града$.
Cutscenes/Story Events/adeline_quest_board/adeline_quest_board/9	As daughter and heiress of Mistria's Baron, improving this situation is my highest priority.	En tant que fille et héritière du baron de Mistria, ma priorité est de faire en sorte que la situation s'améliore.	Для меня, дочери и наследницы барона Мистрии, улучшить ситуацию — первостепенная задача.	Като дъщеря и наследница на барона на Мистрия, подобряването на положението е най-важният ми приоритет.
Cutscenes/Story Events/adeline_quest_board/adeline_quest_board/init	Hi there, [Ari]! I was hoping I'd run into you!	Salut, [Ari] ! J'espérais justement te voir.	Привет, [Ari]! Тебя-то я и надеялось встретить!	Здравей, [Ari]! Надявах се да те срещна!
Cutscenes/Story Events/adeline_quest_board/adeline_quest_board_follow_up/init	Don't forget to check your Journal's $Map$, it's a great way to help you find your way around!	N'oublie pas de consulter la $carte$ dans ton carnet de bord, c'est le meilleur moyen de te repérer !	И не забывай проверять $карту$ в своём журнале. Это поможет тебе не потеряться!	Не забравяй да проверяваш $Картата$ в $Дневника$ си — много помага да се ориентираш!
Cutscenes/Story Events/birth/ari_birth/init	[Ari], what is it? The baby is coming!? Let's get you to the Clinic!			[Ari], какво има? Бебето идва!? Да те заведем в Клиниката!
Cutscenes/Story Events/birth/spouse_birth/init	[Ari], wake up, the baby is coming! Can you help me to the Clinic?			[Ari], събуди се, бебето идва! Можеш ли да ми помогнеш да стигна до Клиниката?
Cutscenes/Story Events/birth/stork_birth/init	[Ari], do you hear that?			[Ari], чуваш ли това?
Cutscenes/Story Events/cop_some_ore/cop_some_ore/1	It's good to hear you back at work, March! I guess that means someone completed your request?	Je suis heureuse de voir que tu as pu te remettre au travail, March ! Je suppose que quelqu'un t'a donné ce que tu cherchais ?	Как приятно слышать, что ты снова за работой, Март! Надо думать, кто-то выполнил твою просьбу?	Радвам се да чуя, че пак работиш, Марч! Значи някой е изпълнил заявката ти?
Cutscenes/Story Events/cop_some_ore/cop_some_ore/10	With enough practice, anyone can be a passable blacksmith.	Avec de l'entraînement, n'importe qui peut devenir forgeron.	Кто угодно может стать сносным кузнецом, если будет практиковаться.	С достатъчно практика всеки може да стане що-годе сносен ковач.
Cutscenes/Story Events/cop_some_ore/cop_some_ore/11	But a true artisan like myself can take it a step further and infuse the metal with new power! You're not ready for that.	Mais un véritable artisan comme moi va plus loin et donne au métal de nouveaux pouvoirs ! Tu n'es pas encore <she>prête</she><he>prêt</he><they>prêt·e</they>.	Но настоящий мастер вроде меня может пойти дальше. Я могу придать металлу новую силу! Ты к такому не <p>готовы</p><f>готова</f><m>готов</m><n>готово</n>.	Но истински майстор като мен може да отиде по-далеч и да пропие метала с нова сила! За това още е рано.
Cutscenes/Story Events/cop_some_ore/cop_some_ore/12	Would you like to view the $Blacksmithing Tutorial$?	Lire le $tutoriel consacré à la ferronnerie$ ?	Показать $инструкцию по кузнечному делу$?	Искаш ли да видиш $Урока по ковачество$?
Cutscenes/Story Events/cop_some_ore/cop_some_ore/12/prompts/0	Yes	Oui	Да	Да
Cutscenes/Story Events/cop_some_ore/cop_some_ore/12/prompts/1	No	Non	Нет	Не
Cutscenes/Story Events/cop_some_ore/cop_some_ore/15	Go on, pick it up.	Tiens, prends-le.	Ну, чего ждёшь? Забирай.	Хайде, вземи я.
Cutscenes/Story Events/cop_some_ore/cop_some_ore/16	You're giving it to [Ari]? How generous, March!	Tu en fais cadeau à [Ari] ? C'est très généreux de ta part, March !	Ты отдашь <p>им</p><f>ей</f><m>ему</m><n>им</n> слиток? Как щедро с твоей стороны, Март!	Даваш я на [Ari]? Колко щедро, Марч!
Cutscenes/Story Events/cop_some_ore/cop_some_ore/17	I-	Je...	Я...	А-
Cutscenes/Story Events/cop_some_ore/cop_some_ore/18	Y-yeah.	Euh, oui.	Д-да...	Д-да.
Cutscenes/Story Events/cop_some_ore/cop_some_ore/19	Sure! Why not!	Oui ! Pourquoi pas ?	Конечно! Почему бы и нет!	Разбира се! Защо не!
Cutscenes/Story Events/cop_some_ore/cop_some_ore/2	Lady Adeline! Uh... yes, it does.	Dame Adeline ! Euh... oui, c'est ça.	Леди Аделина! Эм... да, всё так.	Лейди Аделайн! Ъъ... да, така е.
Cutscenes/Story Events/cop_some_ore/cop_some_ore/2/prompts/0	Happy to help out!	C'est toujours un plaisir de rendre service !	<p>Рады</p><f>Рада</f><m>Рад</m><n>Радо</n> помочь!	Радвам се, че помогнах!
Cutscenes/Story Events/cop_some_ore/cop_some_ore/2/prompts/1	Yeah, by me! And March has been a real jerk about it!	Oui, moi ! Mais March n'a pas été très agréable !	Да, это я! И Март что-то не очень благодарен!	Да, аз! А Марч беше истински грубиян за това!
Cutscenes/Story Events/cop_some_ore/cop_some_ore/20	What did I tell you, [Ari]? He's a big softy, really. I'm sure he'll be happy to let you use this $Forge$ whenever you want to work on your $Blacksmithing$.	J'avais raison, [Ari]. Ce garçon a bon fond. Je suis sûre qu'il sera ravi de te laisser utiliser la $forge$ dès que tu auras besoin de t'exercer à la $ferronnerie$.	Я же говорила, [Ari]. У него доброе сердце. Уверена, он будет рад дать тебе попользоваться $кузней$, если ты захочешь заняться $кузнечным делом$.	Какво ти казах, [Ari]? Той всъщност е голяма мека душа. Сигурна съм, че с радост ще ти позволи да използваш тази $ковачница$, когато поискаш да се занимаваш с $ковачество$.
Cutscenes/Story Events/cop_some_ore/cop_some_ore/21	I... I...	Je... Hum...	Я... Ну...	Аз... аз...
Cutscenes/Story Events/cop_some_ore/cop_some_ore/22	Fine! I have other work to take care of!	D'accord ! J'y vais. J'ai du pain sur la planche.	Ладно! У меня есть и другая работа, которую нужно делать!	Добре! Имам друга работа за вършене!
Cutscenes/Story Events/cop_some_ore/cop_some_ore/3	Oh how wonderful! Thank you [Ari]!	Oh, c'est merveilleux ! Merci, [Ari] !	О, как замечательно! Спасибо, [Ari]!	О, колко чудесно! Благодаря ти, [Ari]!
Cutscenes/Story Events/cop_some_ore/cop_some_ore/4	Haha, March isn't great at expressing himself, but I'm sure he was thrilled. Isn't that right, March?	Ha ha, March a du mal à exprimer ses sentiments, mais je suis sûre que ça lui a fait très plaisir. Pas vrai, March ?	Ха-ха, у Марта не всегда получается должным образом выразить свои чувства, но я уверена, он очень благодарен. Ведь так, Март?	Хаха, Марч не е особено добър в изразяването, но съм сигурна, че е бил доволен. Нали така, Марч?
Cutscenes/Story Events/cop_some_ore/cop_some_ore/5	Thanks, [Ari].	Merci, [Ari].	Спасибо, [Ari].	Благодаря, [Ari].
Cutscenes/Story Events/cop_some_ore/cop_some_ore/6	I have an idea! As an extra reward, why don't you give [Ari] a quick lesson in $Blacksmithing$? Doesn't that sound like fun?	J'ai une idée ! Tu pourrais donner un petit cours de $ferronnerie$ à [Ari] pour te faire pardonner ? Ce serait super !	У меня есть идея! Как насчет небольшого урока по $кузнечному делу$ в качестве дополнительной награды? По-моему, звучит весело!	Имам идея! Като допълнителна награда, защо не дадеш на [Ari] кратък урок по $ковачество$? Не звучи ли забавно?
Cutscenes/Story Events/cop_some_ore/cop_some_ore/7	...	...	...	...
Cutscenes/Story Events/cop_some_ore/cop_some_ore/8	S-sure.	O-Oui, bien sûr.	Л-ладно.	Д-добре.
Cutscenes/Story Events/cop_some_ore/cop_some_ore/9	Blacksmithing is a craft that takes time, skill and good materials.	La ferronnerie est un art qui exige du temps, de la technique et de bons matériaux.	Кузнечное дело требует времени, навыков и хороших материалов.	Ковачеството е занаят, който изисква време, умения и добри материали.
Cutscenes/Story Events/cop_some_ore/cop_some_ore/init	There! Now scram, I've got work to do.	Allez ! File maintenant, j'ai du travail.	Вот! Всё, кыш. У меня работы по горло.	Ето! Сега изчезвай, имам работа.
Cutscenes/Story Events/cop_some_ore/cop_some_ore_anticipation_1/1	He may not show it, but he appreciates when people pitch in.	Il ne le montre pas, mais il aime quand les gens mettent la main à la pâte.	Он этого не показывает, но он всегда рад, когда другие вкладываются.	Не си личи, но оценява, когато хората се отзовават.
Cutscenes/Story Events/cop_some_ore/cop_some_ore_anticipation_1/init	Not that you need to bother, but March might warm up to you if you bring him that ore he needs.	N'y vois aucune obligation, mais March se détendrait peut-être si tu lui apportais le minerai dont il a besoin.	Это не то чтобы обязательно, но если хочешь расположить к себе Марта, просто принеси ему руду, которая ему нужна.	Не че трябва да се занимаваш, но Марч може да се поотпусне към теб, ако му донесеш нужната руда.
Cutscenes/Story Events/cop_some_ore/cop_some_ore_anticipation_2/1	Tell me if you see a cool rock.	Si tu vois une pierre intéressante, préviens-moi.	Если увидишь в шахтах какой-нибудь крутой камень, обязательно скажи.	Кажи ми, ако видиш готин камък.
Cutscenes/Story Events/cop_some_ore/cop_some_ore_anticipation_2/init	Are you headed into the Mines for that copper? Now [Ari], this is important:	Tu descends dans les mines pour trouver du cuivre ? Dans ce cas, écoute-moi bien, [Ari].	Ты идёшь в шахты за медью, да? Послушай, [Ari], это очень важно:	Отиваш в Мините за тази мед? Сега, [Ari], това е важно:
Cutscenes/Story Events/cop_some_ore/cop_some_ore_follow_up_1/init	Between you and me, you really helped March out of a tough spot with that copper. Thanks, [Ari]!	Tu as tiré March d'un mauvais pas en lui apportant ce cuivre, tu sais. Merci, [Ari] !	Только между нами, но ты очень <p>выручили</p><f>выручила</f><m>выручил</m><n>выручило</n> Марта той медной рудой. Спасибо, [Ari]!	Само между нас — наистина помогна на Марч в труден момент с тази мед. Благодаря, [Ari]!
Cutscenes/Story Events/cop_some_ore/cop_some_ore_follow_up_2/1	Probably. I think.	Enfin, probablement.	Наверное. Мне так кажется.	Вероятно. Така мисля.
Cutscenes/Story Events/cop_some_ore/cop_some_ore_follow_up_2/init	I wouldn't call March gracious, but he'll remember that you ventured into the Mines for his copper.	March n'est pas le plus sympathique au monde, mais il saura se souvenir que tu es <she>descendue</she><he>descendu</he><they>descendu·e</they> dans les mines pour lui trouver du cuivre.	Я бы не сказал, что Март — человек благодарный, но он точно запомнит, что ты <p>спустились</p><f>спустилась</f><m>спустился</m><n>спустилось</n> в шахты, чтобы достать ему медь.	Не бих нарекла Марч благодарен, но ще помни похода ти до Мините за неговата мед.
Cutscenes/Story Events/cop_some_ore/cop_some_ore_follow_up_3/init	Wow, you went into the Mines? You're so brave, [Ari]!	Waouh, tu as exploré les mines ? C'est vraiment courageux de ta part, [Ari] !	Вау! Ты <p>спустились</p><f>спустилась</f><m>спустился</m><n>спустилось</n> в шахты? Ты <p>такие смелые</p><f>такая смелая</f><m>такой смелый</m><n>такое смелое</n>, [Ari]!	Еха, в Мините? Каква смелост, [Ari]!
Cutscenes/Story Events/cop_some_ore/cop_some_ore_follow_up_4/1	In case she asks: absolutely not.	Si c'est le cas, c'est hors de question.	Если спросит: я не разрешаю.	В случай че попита: абсолютно не.
Cutscenes/Story Events/cop_some_ore/cop_some_ore_follow_up_4/init	Dell's going to ask you to take her into the Mines next time.	Dell te demandera sûrement de l'y emmener la prochaine fois.	Делл непременно попросит тебя взять её с собой в шахты в следующий раз.	Следващия път Дел ще те помоли да я заведеш в Мините.
Cutscenes/Story Events/cop_some_ore/cop_some_ore_follow_up_5/init	You went into the Mines? Take me next time! Pleaaaase!	Tu es <she>allée</she><he>allé</he><they>allé·e</they> dans les mines ? Je veux venir avec toi la prochaine fois ! Dis oui, dis oui, dis oui !	Ты <p>ходили</p><f>ходила</f><m>ходил</m><n>ходило</n> в шахты? Возьми меня с собой в следующий раз! Пожа-а-алуйста!	<he>Бил си</he><she>Била си</she><they>Били сте</they> в Мините? Вземи ме следващия път! Моля те-е-е!
Cutscenes/Story Events/cop_some_ore/cop_some_ore_turn_in/1	Fine, let's go get your reward...	Bon, voilà ta récompense...	Ну ладно, ладно, пойдём за твоей наградой...	Добре, да вземем наградата ти...
Cutscenes/Story Events/cop_some_ore/cop_some_ore_turn_in/init	What the- YOU completed my request?	Comment ? Tu as fait ce que je demandais ?	Чего? Это ТЫ <p>выполнили</p><f>выполнила</f><m>выполнил</m><n>выполнило</n> мою просьбу?	Какво по-... ТИ изпълни заявката ми?
Cutscenes/Story Events/crafting_tutorial/crafting_tutorial/1	Any time you want tips you only have to ask!	Et si tu as besoin de conseils, n'hésite pas à venir me voir !	Если нужен совет — только спроси!	Ако някога имаш нужда от съвет, просто попитай!
Cutscenes/Story Events/crafting_tutorial/crafting_tutorial/10	Let's have you make a few more sections of fence while you're here to make sure you've got the hang of it.	Fabrique quelques clôtures de plus pour t'assurer que tu as bien tout compris.	Давай сделаем ещё несколько заборов, пока мы все здесь. Просто чтобы убедиться, что у тебя всё получается.	Нека, докато си тук, изработиш още няколко секции от ограда, за да се уверим, че си <he>разбрал</he><she>разбрала</she><they>разбрали</they> как се прави.
Cutscenes/Story Events/crafting_tutorial/crafting_tutorial/2	I think you'll find being able to make your own fences handy. You can use them to section off your land to keep your farm organized.	Tu te rendras compte que c'est très pratique de savoir fabriquer ses clôtures. Elles te permettent de délimiter les différents lopins de terre et d'organiser ta ferme.	Думаю, тебе будет полезно научиться делать собственные заборы. Их можно использовать для разделения земли на участке по секциям, чтобы всё было организованно.	Ще видиш колко удобно е да можеш да изработваш собствени огради. Можеш да ги използваш, за да разделяш земята си и да поддържаш фермата си подредена.
Cutscenes/Story Events/crafting_tutorial/crafting_tutorial/3	They'll keep your chickens out of your corn and the weeds from overtaking your fields!	Elles éviteront que les poules aillent picorer le maïs ou que les mauvaises herbes envahissent tes champs !	И курицы не будут клевать твою кукурузу, и сорняками поля не зарастут!	Така кокошките ти няма да влизат в царевицата, а плевелите няма да превземат нивите ти!
Cutscenes/Story Events/crafting_tutorial/crafting_tutorial/4	They're great practice too. You'll be on to bigger projects in no time.	Et c'est un exercice très formateur. Tu pourras bientôt passer à des projets plus ambitieux.	Ну и для практики полезно. Начнём с этого, а там и до более серьёзных изделий дойдёшь.	Освен това са добра тренировка. Скоро ще се заемеш с по-големи проекти.
Cutscenes/Story Events/crafting_tutorial/crafting_tutorial/5	Ready to get technical about how to craft them?	Alors, on passe aux travaux pratiques ?	<p>Готовы</p><f>Готова</f><m>Готов</m><n>Готово</n> научиться делать заборы?	<he>Готов ли си</he><she>Готова ли си</she><they>Готови ли сте</they> да разгледаме по-подробно как се изработват?
Cutscenes/Story Events/crafting_tutorial/crafting_tutorial/5/prompts/0	Let's start my fencing lesson!	Je suis tout ouïe !	Давай начнем забористый урок!	Да започнем урока за оградите!
Cutscenes/Story Events/crafting_tutorial/crafting_tutorial/5/prompts/1	I think I'm good!	Ça ira, merci !	Думаю, я и так справлюсь!	Мисля, че се справям!
Cutscenes/Story Events/crafting_tutorial/crafting_tutorial/7	I like that confidence! You remind me of, well, me!	Ton enthousiasme me plaît ! Tu me fais penser à... Eh bien, à moi !	Мне нравится твоя уверенность. Ты напоминаешь мне... ну, меня!	Харесва ми тази увереност! Напомняш ми на... ами, на мен самия!
Cutscenes/Story Events/crafting_tutorial/crafting_tutorial/8	Nicely done!	Beau travail !	Неплохо!	Чудесно!
Cutscenes/Story Events/crafting_tutorial/crafting_tutorial/9	I'll say!	Eh bien !	Вот это да!	И още как!
Cutscenes/Story Events/crafting_tutorial/crafting_tutorial/init	So this is where you'll be crafting today. Feel free to use it any time. There's also a crafting station in town, and you can even buy one from us to place on your farm!	C'est ici qu'on va travailler le bois aujourd'hui. Tu viens quand tu veux. Il y a un autre établi en ville, et tu peux même nous en acheter un pour l'installer dans ta ferme !	Сегодня будем работать здесь. Можешь пользоваться этим станком, когда захочешь. Ещё один станок стоит в городе. Кроме того, ты можешь купить у нас такой же себе на ферму!	Тук можеш да изработваш предмети. Работната маса е на твое разположение по всяко време. В града също има работна маса, а можеш дори да си купиш такава от нас и да я поставиш във фермата си!
Cutscenes/Story Events/crafting_tutorial/crafting_tutorial_turn_in/init	Looks like you're ready for your crafting lesson. Come on, I just need to get a few things together first.	Visiblement, tu as hâte de commencer le cours de menuiserie. Laisse-moi finir deux ou trois choses et je suis à toi.	Вижу, ты <p>готовы</p><f>готова</f><m>готов</m><n>готово</n> к уроку по ремеслу. Пойдём, мне нужно кое-что взять.	Изглежда, че си <he>готов</he><she>готова</she><they>готови</they> за урока по изработка. Хайде, първо трябва да подготвя няколко неща.
Cutscenes/Story Events/day_zero/day_zero/1	Didn't expect to see anyone else out this way. The roads have been a real mess since the $earthquake$.	Je ne m'attendais pas à croiser quelqu'un par ici. Les routes sont en mauvais état depuis le $tremblement de terre$.	Не ожидал увидеть здесь кого-то. Дороги в совсем плачевном состоянии после $землетрясения$.	Не очаквах да видя някого тук. Пътищата са в ужасно състояние след $земетресението$.
Cutscenes/Story Events/day_zero/day_zero/10	Lord Eiland! Look who I found out at the edge of the forest!	Eiland ! Regarde sur qui je suis tombé à l'orée de la forêt !	Лорд Эйланд. Посмотрите-ка кого я нашёл на опушке!	Лорд Айленд! Виж кого намерих на края на гората!
Cutscenes/Story Events/day_zero/day_zero/11	[Ari], I presume! Welcome, welcome! I'm Eiland, it's wonderful to meet you!	Tu es [Ari], c'est ça ? Bienvenue ! Je m'appelle Eiland et je suis ravi de faire ta connaissance !	[Ari], полагаю! Добро пожаловать! Меня зовут Эйланд. Как приятно с тобой познакомиться!	[Ari], предполагам! <he>Добре дошъл, добре дошъл</he><she>Добре дошла, добре дошла</she><they>Добре дошли, добре дошли</they>! Аз съм Айленд, много ми е приятно да се запознаем!
Cutscenes/Story Events/day_zero/day_zero/12	You're in good hands, [Ari]. I'm off to the Inn, it's been a long day and I need a hot meal. See you around!	Je te laisse entre de bonnes mains, [Ari]. Moi, je vais à l'auberge. La journée a été longue et j'ai besoin d'un bon repas. À bientôt !	Ты в хороших руках, [Ari]. А я пойду-ка в трактир. День был долгий, я бы не отказался от горячей трапезы. Увидимся!	В добри ръце си, [Ari]. Отивам към хана, денят беше дълъг и имам нужда от топла храна. Ще се видим!
Cutscenes/Story Events/day_zero/day_zero/13	So what do you think? Nice isn't it? You're right outside of town, great soil for farming...	Alors, qu'en penses-tu ? L'endroit a du charme, hein ? Le village est juste à côté, la terre est fertile...	Ну, и как тебе? Неплохо, правда ведь? Прямо рядом с городом, почва плодородная...	Е, какво мислиш? Хубаво е, нали? Точно извън града си, а почвата е чудесна за земеделие...
Cutscenes/Story Events/day_zero/day_zero/14	And look at this house! Four stout walls with a rich history! Let's go inside, shall we?	Et regarde un peu cette chaumière ! Quatre murs solides chargés d'histoire ! Allez, entrons.	И посмотри на этот дом! Четыре твердые стены с богатой историей! Зайдём?	А виж тази къща! Четири здрави стени с богата история! Да влезем вътре, а?
Cutscenes/Story Events/day_zero/day_zero/15	Ah-	Ah...	Ах!..	Ад-
Cutscenes/Story Events/day_zero/day_zero/16	J-just a minute!	En-Encore quelques minutes !	М-минуту!	С-само минутка!
Cutscenes/Story Events/day_zero/day_zero/17	It, er, appears we're not quite ready for you.	Hum, il semblerait que tout ne soit pas prêt pour t'accueillir.	Кажется, хм... Кажется, мы ещё не готовы.	Изглежда, ъъ, че още не сме напълно готови за теб.
Cutscenes/Story Events/day_zero/day_zero/18	But not to worry! I'm sure she'll only need a moment.	Mais ne t'inquiète pas ! Elle aura vite terminé, j'en suis sûr.	Но не волнуйся! Я думаю, ей нужны всего пара мгновений.	Но не се тревожи! Сигурен съм, че ще ѝ трябва само минутка.
Cutscenes/Story Events/day_zero/day_zero/18/prompts/0	Should we go in and help...?	Elle n'a pas besoin d'un coup de main...?	Может, нам помочь?..	Да влезем ли да помогнем...?
Cutscenes/Story Events/day_zero/day_zero/18/prompts/1	I'm used to roughing it, honestly.	Franchement, j'ai vu pire.	Мне не привыкать к лишениям.	Свикнал съм да се оправям и сам.
Cutscenes/Story Events/day_zero/day_zero/19	No need!	Oui, mais non.	Не стоит!	Няма нужда!
Cutscenes/Story Events/day_zero/day_zero/2	I'm Balor, a traveling merchant. Pleased to meet you.	Je m'appelle Balor, je suis marchand itinérant. Enchanté de faire ta connaissance.	Меня зовут Балор. Я — странствующий торговец. Приятно познакомиться.	Аз съм Балор, пътуващ търговец. Приятно ми е да се запознаем.
Cutscenes/Story Events/day_zero/day_zero/20	Ahaha...	Ha ha ha...	Ах-ха-ха...	Ха-ха...
Cutscenes/Story Events/day_zero/day_zero/21	You must be [Ari]! I'm Adeline, thank you so much for answering my request!	Tu dois être [Ari] ! Moi, c'est Adeline. Merci beaucoup d'avoir répondu à mon appel !	Ты, должно быть, [Ari]! Меня зовут Аделина. Спасибо большое, что <p>откликнулись</p><f>откликнулась</f><m>откликнулся</m><n>откликнулось</n> на мою просьбу!	Ти трябва да си [Ari]! Аз съм Аделин, много ти благодаря, че отговори на молбата ми!
Cutscenes/Story Events/day_zero/day_zero/22	My brother and I are so excited to have a real adventurer here to help the town.	Mon frère et moi sommes ravis d'accueillir quelqu'un comme toi, qui aime l'aventure et qui souhaite aider notre petite ville.	Мы с братом так рады видеть <p>настоящих приключенцев</p><f>настоящую приключенку</f><m>настоящего приключенца</m><n>настоящего приключенца</n>!	С брат ми сме много развълнувани, че тук ще ни помага <he>истински приключенец</he><she>истинска приключенка</she><they>човек с истински приключенски дух</they>.
Cutscenes/Story Events/day_zero/day_zero/23	I hope you like your new farm! It has a lot of potential, don't you think?	J'espère que ta nouvelle ferme te plaît ! Elle a beaucoup de potentiel, tu ne trouves pas ?	Надеюсь, тебе нравится твоя новая ферма! У неё большой потенциал, <p>осогласны</p><f>согласна</f><m>согласен</m><n>согласно</n>?	Надявам се да ти хареса новата ти ферма! Има голям потенциал, не мислиш ли?
Cutscenes/Story Events/day_zero/day_zero/24	Why don't you come inside?	Et tu n'as pas vu l'intérieur. Entrons.	Почему бы тебе не зайти внутрь? 	Защо не влезеш?
Cutscenes/Story Events/day_zero/day_zero/25	Welcome to your new home!	Bienvenue dans ta nouvelle maison !	Добро пожаловать в твой новый дом!	<he>Добре дошъл</he><she>Добре дошла</she><they>Добре дошли</they> в новия ти дом!
Cutscenes/Story Events/day_zero/day_zero/25/prompts/0	How cozy!	Je m'y sens déjà chez moi !	Как уютно!	Колко е уютно!
Cutscenes/Story Events/day_zero/day_zero/25/prompts/1	Wow, that was fast!	Waouh, tu as fait vite !	Ого, это было быстро!	Еха, това стана бързо!
Cutscenes/Story Events/day_zero/day_zero/26	I'm glad you think so!	Ça me fait plaisir que tu dises ça !	Я так рада, что тебе нравится!	Радвам се, че мислиш така!
Cutscenes/Story Events/day_zero/day_zero/27	Haha...	Ha ha...	Ха-ха...	Хаха...
Cutscenes/Story Events/day_zero/day_zero/28	Would you like a quick tour of the room?	Tu veux que je te présente rapidement ton logement ?	Как насчёт небольшого тура по комнате?	Искаш ли набързо да ти покажа стаята?
Cutscenes/Story Events/day_zero/day_zero/28/prompts/0	Yes, please!	J'aimerais beaucoup !	Да, пожалуйста!	Да, моля!
Cutscenes/Story Events/day_zero/day_zero/28/prompts/1	I'm good!	Ça ira, merci !	Не нужно!	Добре съм!
Cutscenes/Story Events/day_zero/day_zero/29	Wonderful!	Fantastique !	Чудесно!	Чудесно!
Cutscenes/Story Events/day_zero/day_zero/3	Let me guess, you're here at Lady Adeline's request? She mentioned someone had taken her up on her offer.	Laisse-moi deviner... Tu viens à la demande de dame Adeline, c'est ça ? Elle nous a dit que quelqu'un avait accepté son offre.	Дай угадаю, ты здесь по просьбе леди Аделины? Она упоминала, что кто-то откликнулся на её предложение.	Да позная, тук си по молба на лейди Аделин? Тя спомена, че някой е приел предложението ѝ.
Cutscenes/Story Events/day_zero/day_zero/3/prompts/0	"She said she was looking for a ""capable adventurer""!"	Elle cherchait une personne qui a « le goût de l'aventure » !	Она говорила, что ищет «компетентного приключенца»!	Каза, че търси <he>„способен приключенец“</he><she>„способна приключенка“</she><they>„човек с приключенски умения“</they>!
Cutscenes/Story Events/day_zero/day_zero/3/prompts/1	There was something about free land and a house...	L'annonce parlait d'un lopin de terre et d'une maison...	Там было что-то про бесплатную землю и дом...	Нещо за безплатна земя и къща...
Cutscenes/Story Events/day_zero/day_zero/30	Of course!	Comme tu voudras !	Разумеется!	Разбира се!
Cutscenes/Story Events/day_zero/day_zero/31	This here is your $Diary$! You can write in it when you want to $record your story$.	Voici ton $journal$ ! Tu peux écrire dedans pour $sauvegarder ta progression$.	Это твой $дневник$! Сюда можно $записать свою историю$.	Това тук е твоят $дневник$! Можеш да пишеш в него, когато искаш да $записваш историята си$.
Cutscenes/Story Events/day_zero/day_zero/32	And this of course is your new $Bed$!	Et voici ton nouveau $lit$ !	А это, конечно, твоя новая $кровать$! 	А това, разбира се, е новото ти $легло$!
Cutscenes/Story Events/day_zero/day_zero/33	Make sure you get to sleep by $2 am$ each day to keep your $Stamina$ up.	Veille à bien te coucher chaque soir avant $2 h du matin$ pour ne pas voir ton $endurance$ diminuer.	Не забывай ложиться спать до $2 ночи$, чтобы восстанавливать $выносливость$.	Не забравяй да си легнеш до $2 ч. през нощта$ всеки ден, за да поддържаш нивото на $издръжливостта$ си.
Cutscenes/Story Events/day_zero/day_zero/34	We've also put this $Calendar$ up for you. You can use it to check when Mistria holds its $Festivals$ and to check when everyone in town's $Birthdays$ are!	Nous t'avons également accroché ce $calendrier$. Consulte-le pour connaître la date des $fêtes$ organisées à Mistria ainsi que l'anniversaire de chaque habitant !	А еще мы повесили для тебя этот $календарь$.\nНа нём можно посмотреть даты $празднеств$ в Мистрии и $дни рождения$ жителей!	Поставили сме и този $календар$ за теб. Можеш да го използваш, за да проверяваш кога в Мистрия се провеждат $фестивалите$ и кога са $рождените дни$ на всички жители на града!
Cutscenes/Story Events/day_zero/day_zero/35	And this $Storage Chest$ here was made by Mistria's very own carpenter, Ryis!	Et ce $coffre de rangement$ a été fabriqué par Ryis, notre menuisier, ici à Mistria.	А вот этот $сундук для вещей$ сделал наш местный плотник, Риз!	А този $сандък за съхранение$ е изработен от местния дърводелец на Мистрия, Райс!
Cutscenes/Story Events/day_zero/day_zero/36	You can $store items$ here if your bag starts to get too full.	Tu peux y $stocker des objets$ si ton sac est plein.	В нем можно $хранить вещи$, которые не помещаются в твою сумку.	Можеш да $съхраняваш предмети$ тук, ако чантата ти започне да се препълва.
Cutscenes/Story Events/day_zero/day_zero/37	And that's about it for your tour!	Je crois que nous avons fait le tour !	И на этом тур завершён!	И това е всичко от обиколката!
Cutscenes/Story Events/day_zero/day_zero/38	I thought you might be hungry when you got here, so I stopped by the Inn and picked up a bowl of their famous $Vegetable Soup$!	Je me suis dit que tu aurais sûrement un petit creux en arrivant, alors je suis passée à l'auberge pour t'apporter un bol de leur délicieuse $soupe de légumes$ !	Я подумала: ты, наверное, <p>проголодались</p><f>проголодалась</f><m>проголодался</m><n>проголодалось</n> с дороги, так что я зашла в трактир и взяла миску их знаменитого $овощного супа$!	Помислих, че може да си <he>гладен</he><she>гладна</she><they>гладни</they>, когато пристигнеш, затова минах през хана и взех купа от прочутата им $зеленчукова супа$!
Cutscenes/Story Events/day_zero/day_zero/39	Well I'm sure you're worn out from your long day. We won't keep you up.	Bien, cette longue journée a dû t'épuiser. Nous allons te laisser te reposer.	Что ж, я думаю, ты <p>устали</p><f>устала</f><m>устал</m><n>устало</n> после долгого дня, так что не будем задерживать.	Сигурно си <he>изморен</he><she>изморена</she><they>изморени</they> от пътуването. Няма да те задържаме повече.
Cutscenes/Story Events/day_zero/day_zero/4	Well, Mistria could certainly use the help to get back on its feet.	Un peu d'aide ne serait pas de trop ! Nous avons du pain sur la planche pour que Mistria retrouve sa splendeur.	Ну, приключенцы бы нам точно пригодились! Чтобы поставить Мистрию на ноги, предстоит многое сделать.	Определено би ни помогнал такъв човек! Има много работа, за да върнем Мистрия на крака.
Cutscenes/Story Events/day_zero/day_zero/40	Welcome to Mistria, [Ari]. We're so glad to have you!	En tout cas, bienvenue à Mistria. Nous sommes heureux que tu sois là, [Ari] !	Добро пожаловать в Мистрию, [Ari]. Мы очень рады тебе!	<he>Добре дошъл</he><she>Добре дошла</she><they>Добре дошли</they> в Мистрия, [Ari]. Радваме се, че си тук!
Cutscenes/Story Events/day_zero/day_zero/41	Let's meet up tomorrow so we can start discussing our plans for the town restoration.	Nous nous reverrons demain pour discuter de nos projets de réhabilitation du village.	Давай встретимся завтра и обсудим планы по восстановлению города.	Нека се срещнем утре, за да започнем да обсъждаме плановете си за възстановяването на града.
Cutscenes/Story Events/day_zero/day_zero/5	I've seen the area! It's a nice spot, quite close to town.	Je connais l'endroit ! C'est un coin charmant, à deux pas du village.	Я видел участок! Очаровательное местечко, и к городу близко.	Виждал съм района! Чудесно място е, съвсем близо до града.
Cutscenes/Story Events/day_zero/day_zero/6	I'll walk with you the rest of the way, if you don't mind the company. No wagons can get through since the bridge collapsed, so I've had to carry what I can on foot.	Si tu veux bien, je fais le reste du chemin avec toi. Les chariots ne peuvent plus passer depuis que le pont s'est écroulé, alors j'ai transporté tout ce que je pouvais à pied.	Если ты не против компании, я провожу тебя. Через обвалившийся мост фургон не проедет, вот я и таскаю всё на своих двоих.	Ще те придружа през останалата част от пътя, ако нямаш нищо против компанията. Откакто мостът се срути, каруците не могат да минават, така че нося пеша каквото успея.
Cutscenes/Story Events/day_zero/day_zero/7	Great, let's go!	Bien, en route !	Здорово! Вперёд!	Чудесно, да вървим!
Cutscenes/Story Events/day_zero/day_zero/8	Whew!	Pfiou !	Фух!	Уф!
Cutscenes/Story Events/day_zero/day_zero/9	We should be able to make it before it gets dark. Come on, we'll head straight to your new farmstead!	Nous devrions arriver avant la tombée de la nuit. Viens, allons directement à ta nouvelle ferme !	Думаю, успеем до темноты. Вперёд! Я проведу тебя прямо к твоему новому участку!	Трябва да стигнем преди да се стъмни. Хайде, ще отидем направо до новата ти ферма!
Cutscenes/Story Events/day_zero/day_zero/init	Oh? Hello there.	Bonjour !	Ну привет!	Здравей!
Cutscenes/Story Events/do_a_bro_a_favor/do_a_bro_a_favor/1	Ah haha, I just help out around here. I actually used to be a miner! Then the earthquake hit and we had to close the $Mines$.	Ah ha ha ! Non, je donne juste un coup de main ici. Je travaillais dans les $mines$ ! Elles ont fermé après le tremblement de terre.	Ах-ха-ха, я тут просто помогаю. Я раньше был шахтёром! Потом произошло землетрясение и $шахты$ пришлось закрыть.	А, хаха, просто помагам тук. Всъщност преди бях миньор! После земетресението удари и трябваше да затворим $мините$.
Cutscenes/Story Events/do_a_bro_a_favor/do_a_bro_a_favor/10	"Hmph. Well enjoy your ""chitchat"" with my brother, but try not to waste too much of his time. Olric, come to my room when you're done, I need you to look over a blueprint."	Mmpf. Papote avec mon frère si ça te chante, mais ne lui fais pas trop perdre son temps. Olric, viens me voir quand tu auras fini, j'ai besoin que tu jettes à un œil à un plan.	Хмф. Ну, наслаждайся болтовней с моим братом, но не трать слишком много его времени. Ольрик, как закончишь тут, зайди в мою комнату. Хочу, чтобы ты глянул один чертёж.	Хм. Забавлявай се с „приказките“ с брат ми, но гледай да не му губиш много от времето. Олрик, ела в стаята ми, като приключиш, трябва да прегледаш един чертеж.
Cutscenes/Story Events/do_a_bro_a_favor/do_a_bro_a_favor/11	"Oh? If getting a handout from my brother counts as a ""special request"" I'm not sure I'd go bragging about it."	Oh ? Si récupérer un don de mon frère est une « requête spéciale », j'éviterais de m'en vanter.	Да ну? Это получать подачки от моего брата — «особое поручение»? Я бы таким не хвастался.	А? Ако да измъкнеш подарък от брат ми се води „специална молба“, не бих се хвалил с това.
Cutscenes/Story Events/do_a_bro_a_favor/do_a_bro_a_favor/12	Olric, come to my room after you're done seeing [Ari] out.	Olric, viens me voir une fois que tu auras terminé avec [Ari].	Ольрик, зайди ко мне в комнату, как закончишь и [Ari] уйдёт.	Олрик, ела в стаята ми, след като изпратиш [Ari].
Cutscenes/Story Events/do_a_bro_a_favor/do_a_bro_a_favor/13	Ah ha... sorry. He doesn't mean it.	Ah ha... Désolé, il ne pense pas ce qu'il dit.	Ха-ха... Извини уж. Он это не специально.	Аха... извинявай. Той не го мисли наистина.
Cutscenes/Story Events/do_a_bro_a_favor/do_a_bro_a_favor/14	So um, as for my favor... If you could like, give March a chance, that'd be way cool of you. He doesn't have a lot of friends.	Alors, pour ce qui est de mon petit service... Si tu pouvais laisser une chance à March, ce serait sympa de ta part. Il n'a pas beaucoup d'amis.	Ну, как бы там ни было... Если сделаешь мне одолжение и дашь Марту шанс, будет очень здорово. У него не очень много друзей.	Та, за моята молба... Ако можеш, дай шанс на Марч. Ще е много готино от твоя страна. Той няма много приятели.
Cutscenes/Story Events/do_a_bro_a_favor/do_a_bro_a_favor/15	I'll talk to you later, [Ari].	À plus tard, [Ari].	Позже поговорим, [Ari].	Ще се видим по-късно, [Ari].
Cutscenes/Story Events/do_a_bro_a_favor/do_a_bro_a_favor/2	Aw, thanks for noticing! I used to be a miner, before the earthquake hit and we had to shut down the $Mines$. I just help out around here, my brother is the blacksmith in town.	Oh, tu as remarqué ! J'étais mineur avant le tremblement de terre, mais les $mines$ ont fermé depuis. Je donne juste un coup de main. C'est mon frère, le forgeron de la ville.	О, приятно, что это заметно! Я раньше был шахтёром, до того, как произошло землетрясение и $шахты$ пришлось закрыть. Тут я просто помогаю брату. Он местный кузнец.	О, благодаря, че забеляза! Преди бях миньор, преди земетресението да удари и да се наложи да затворим $мините$. Сега просто помагам тук, а брат ми е ковачът на града.
Cutscenes/Story Events/do_a_bro_a_favor/do_a_bro_a_favor/3	If you want to know more about the $Mines$, you should talk to $Errol$! He used to be the Mine's Foreman but now he's our Museum Curator. I respect him a lot, he's way chiseled.	Si tu veux en savoir plus sur les $mines$, va parler à $Errol$ ! Il était contremaître avant. Il est conservateur du musée maintenant. Je l'admire vraiment. Il a de la bouteille.	Если хочешь разузнать побольше про $шахты$, спроси $Эррола$! Он раньше был главным шахтёром, а сейчас курирует музей. Я его очень уважаю, он очень крепкий.	Ако искаш да научиш повече за $мините$, трябва да говориш с $Ерол$! Преди беше надзирател на мините, а сега е уредник на музея. Изглежда сякаш е издялан от камък.
Cutscenes/Story Events/do_a_bro_a_favor/do_a_bro_a_favor/4	Oh, that's right! I wanted you to have my old $Pickaxe$! Breaking rocks is a great way of getting toned!	Au fait, je voulais te donner mon ancienne $pioche$ ! Casser des cailloux, c'est parfait pour se muscler !	Ах, точно, я хотел отдать тебе свою старую $кирку$! Колка камней кого угодно сделает спортсменом!	О, вярно! Исках да ти дам старата си $кирка$! Чупенето на камъни е чудесен начин да влезеш във форма!
Cutscenes/Story Events/do_a_bro_a_favor/do_a_bro_a_favor/5	It's a little old, but should be strong enough to break small rocks. If you want a stronger pickaxe, you'll have to $Forge$ it, or buy one from us here.	Elle date un peu, mais elle devrait suffire pour de petits rochers. Si tu en veux une plus robuste, tu devras la $forger$ ou nous en acheter une ici.	Она слегка старовата, но с мелкими камнями ещё справляется. Если захочешь кирку покрепче, придётся воспользоваться $кузней$ или купить её у нас, здесь.	Малко е стара, но трябва да е достатъчно здрава за малки камъни. Ако искаш по-здрава кирка, ще трябва да я $изковеш$ или да си купиш от нас.
Cutscenes/Story Events/do_a_bro_a_favor/do_a_bro_a_favor/6	I'm glad you'll be putting this one to good use.	Je suis content de savoir qu'elle te servira.	В любом случае я рад, что эта кирка ещё может тебе послужить.	Радвам се, че ще я използваш добре.
Cutscenes/Story Events/do_a_bro_a_favor/do_a_bro_a_favor/7	These days I help out my little bro March around our family forge! He's a great blacksmith but... uh... He's a little, well, not, like, great with other people-	En ce moment, j'aide mon petit frère March à la forge familiale ! C'est un super forgeron, mais... euh... il est un peu, disons... qu'il n'est pas très sociable.	Сейчас я помогаю моему младшему бро Марту в нашей семейной кузне! Он отличный кузнец, но... ммм... Не очень хорошо ладит с людьми...	Напоследък помагам на малкия си брат Марч в семейната ни ковачница! Той е страхотен ковач, но... ъъ... как да го кажа... не се разбира особено с хората...
Cutscenes/Story Events/do_a_bro_a_favor/do_a_bro_a_favor/8	Olric, are you out here? I need-	Olric, tu es là ? Il me faut...	Ольрик, ты здесь? Мне нужно...	Олрик, тук ли си? Трябва ми...
Cutscenes/Story Events/do_a_bro_a_favor/do_a_bro_a_favor/9	Huh. What are you doing here?	Hein ? Qu'est-ce que tu fais ici ?	Хм? А ты что тут делаешь?	А? Какво правиш тук?
Cutscenes/Story Events/do_a_bro_a_favor/do_a_bro_a_favor/9/prompts/0	Hi, March!	Salut, March !	Привет, Март!	Здрасти, Марч!
Cutscenes/Story Events/do_a_bro_a_favor/do_a_bro_a_favor/9/prompts/1	Don't you keep up? I'm here by special request!	Tu ne suis pas ce qui se passe ? Je viens répondre à une requête spéciale !	Не следишь за новостями? Я тут по особому поручению!	Не следиш ли? Тук съм по специална молба!
Cutscenes/Story Events/do_a_bro_a_favor/do_a_bro_a_favor/init	Ah, here we are!	Ah, voilà !	А, вот же она!	А, ето ни!
Cutscenes/Story Events/do_a_bro_a_favor/do_a_bro_a_favor/init/prompts/0	So you must be the blacksmith.	Donc, c'est toi, le forgeron.	Ты, наверное, кузнец.	Значи ти си ковачът.
Cutscenes/Story Events/do_a_bro_a_favor/do_a_bro_a_favor/init/prompts/1	Wow you're incredibly ripped.	Waouh, tu es super musclé.	Ого, ты такой мускулистый.	Еха, доста си як.
Cutscenes/Story Events/do_a_bro_a_favor/do_a_bro_a_favor_followup/1	Mistria was once known for them! Rich in $minerals$ and $ores$ of all kinds. I was proud to be the Foreman.	Elles faisaient la gloire de Mistria autrefois ! Elles regorgent de $minéraux$ et de $minerais$ de toutes sortes. J'étais fier d'en être le contremaître.	Мистрия ими раньше славилась! Очень богатая $минералами$ и $рудой$ самых разных видов. Я очень гордился, что был главным шахтёром.	Някога Мистрия беше известна с тях! Там имаше $минерали$ и $руди$ от всякакъв вид. Гордеех се, че бях надзирател.
Cutscenes/Story Events/do_a_bro_a_favor/do_a_bro_a_favor_followup/2	But after the earthquake, that all changed.	Mais tout a changé depuis le tremblement de terre.	Но всё изменилось после землетрясения.	Но след земетресението всичко се промени.
Cutscenes/Story Events/do_a_bro_a_favor/do_a_bro_a_favor_followup/3	The Mines were badly damaged, and our $Town Rank$ sunk. That, along with... well...	Les mines ont subi de gros dégâts et le $classement de la ville$ a chuté. En plus de... de...	Шахты разрушило, и $городской ранг$ упал на дно. Это, и...	Мините пострадаха тежко и $рангът на града$ ни падна. А и... нали...
Cutscenes/Story Events/do_a_bro_a_favor/do_a_bro_a_favor_followup/4	Er... Suffice to say, I had to seal them up.	Bref... j'ai été contraint de les fermer.	Эм... Ну, скажем, мне пришлось их запечатать.	Ъъ... Накратко, наложи се да ги запечатам.
Cutscenes/Story Events/do_a_bro_a_favor/do_a_bro_a_favor_followup/5	My priorities now are building up the $Museum$ and our $Town Rank$.	Ma priorité maintenant, c'est de développer le $musée$ et de faire remonter le $classement de la ville$.	Сейчас я больше сосредоточен на поднятии $городского ранга$ через деятельность $музея$.	Сега приоритетите ми са да развивам $Музея$ и да повишавам $ранга на града$.
Cutscenes/Story Events/do_a_bro_a_favor/do_a_bro_a_favor_followup/6	So don't worry yourself about those $Mines$, eh? Some things are better left alone.	Alors, oublie les $mines$, d'accord ? Parfois, il vaut mieux ne pas revenir sur le passé.	Так что не переживай насчет этих $шахт$, ладно? Некоторые вещи лучше не трогать.	Затова не се тревожи за $Мините$, става ли? Някои неща е по-добре да оставим на мира.
Cutscenes/Story Events/do_a_bro_a_favor/do_a_bro_a_favor_followup/init	Oh? Olric said you should talk to me about the $Mines$, you say?	Oh ? Olric t'a dit de venir me voir pour parler des $mines$ ?	Ох? Ольрик сказал, что ты можешь спросить меня про $шахты$?	О? Олрик ти е казал да поговорим за $Мините$?
Cutscenes/Story Events/do_a_bro_a_favor/do_a_bro_a_favor_turn_in/init	Thanks for taking my request, [Ari]! Now where did I put that $Pickaxe$...	Merci d'avoir accepté ma requête, [Ari] ! Bon, où ai-je mis cette $pioche$...?	Спасибо, что <p>приняли</p><f>приняла</f><m>принял</m><n>приняло</n> мою просьбу, [Ari]! Так, куда же я дел $кирку$...	Благодаря, че прие молбата ми, [Ari]! Сега къде ли сложих онази $кирка$...
Cutscenes/Story Events/dying/dying/1	You gave us quite a scare.	Tu nous as fait une belle frayeur.	Ты нас всех <p>напугали</p><f>напугала</f><m>напугал</m><n>напугало</n>.	Доста ни уплаши.
Cutscenes/Story Events/dying/dying/2	Please take your health more seriously, [Ari].	S'il te plaît, [Ari]. Fais plus attention à ta santé !	Пожалуйста, заботься о своём здоровье, [Ari].	Моля те, отнасяй се по-сериозно към здравето си, [Ari].
Cutscenes/Story Events/dying/dying/3	You're lucky we found you by that dragon statue in the Mines.	Tu as de la chance qu'on t'ait retrouvé<he></he><she>e</she><they>·e</they> au pied de cette statue de dragon, dans la mine.	Тебе повезло, что мы нашли тебя возле статуи дракона в шахтах.	Добре, че те открихме при статуята на дракона в Мините.
Cutscenes/Story Events/dying/dying/4	Well, I'm glad you seem to be doing better. Let's get you home to rest.	En tout cas, tu as l'air d'aller mieux, c'est l'essentiel. Je te ramène chez toi pour que tu te reposes.	Что ж, я рада, что тебе стало лучше. Давай отведём тебя домой, чтобы ты <p>отдохнули</p><f>отдохнула</f><m>отдохнул</m><n>отдохнуло</n>.	Радвам се, че изглежда се чувстваш по-добре. Да те приберем да си починеш.
Cutscenes/Story Events/dying/dying/init	Ah, you're awake!	Ah, tu es réveillé<he></he><she>e</she><they>·e</they> !	А, ты <p>очнулись</p><f>очнулась</f><m>очнулся</m><n>очнулось</n>!	А, най-сетне отвори очи!
Cutscenes/Story Events/dying/dying_dating_valen/1	Don't scare me like that!	Tu m'as fait une de ces peurs !		Не ме плаши така!
Cutscenes/Story Events/dying/dying_dating_valen/2	Please take your health more seriously...	Je t'en prie, fais plus attention à ta santé...		Моля те, отнасяй се по-сериозно към здравето си...
Cutscenes/Story Events/dying/dying_dating_valen/3	If not for your own sake, then for mine.	Si tu ne le fais pas pour toi, fais-le pour moi.		Ако не заради себе си, то поне заради мен.
Cutscenes/Story Events/dying/dying_dating_valen/4	Well, I'm glad you seem to be feeling better. Let's get you home to rest.	En tout cas, tu sembles aller mieux, c'est l'essentiel. Je te ramène chez toi pour que tu te reposes.		Радвам се, че изглежда се чувстваш по-добре. Да те приберем да си починеш.
Cutscenes/Story Events/dying/dying_dating_valen/init	[Ari], you're awake!	[Ari], tu as repris conscience !		[Ari], най-сетне отвори очи!
Cutscenes/Story Events/dying/dying_married_valen/1	Don't scare your wife like that!	Arrête de faire des frayeurs pareilles à ta femme !		Не плаши жена си така!
Cutscenes/Story Events/dying/dying_married_valen/2	Please take your health more seriously...	Je t'en prie, fais plus attention à ta santé...		Моля те, отнасяй се по-сериозно към здравето си...
Cutscenes/Story Events/dying/dying_married_valen/3	If not for your own sake, then for mine.	Si tu ne le fais pas pour toi, fais-le pour moi.		Ако не заради себе си, то поне заради мен.
Cutscenes/Story Events/dying/dying_married_valen/4	Well, I'm glad you seem to be feeling better. Let's get you back home to rest.	En tout cas, tu sembles aller mieux, c'est l'essentiel. Je te ramène à la maison pour que tu te reposes.		Радвам се, че изглежда се чувстваш по-добре. Да те приберем у дома да си починеш.
Cutscenes/Story Events/dying/dying_married_valen/init	[Ari], you're awake!	[Ari], tu as repris conscience !		[Ari], най-сетне отвори очи!
Cutscenes/Story Events/elsie_dating_tutorial/elsie_dating_tutorial/1	A little bird told me that you and [ELSIE_ROMANTIC_NPC] have confessed your feelings for each other... and have started $Dating$!	Mon petit doigt m'a dit que vous vous étiez avoué vos sentiments avec [ELSIE_ROMANTIC_NPC]... et que vous $sortiez ensemble$ !	Одна птичка мне напела, что ты и [ELSIE_ROMANTIC_NPC] признались друг другу в чувствах... и теперь $в отношениях$!	Едно птиченце ми каза, че ти и [ELSIE_ROMANTIC_NPC] сте си признали чувствата... и сте започнали $да се срещате$!
Cutscenes/Story Events/elsie_dating_tutorial/elsie_dating_tutorial/10	But do keep in mind that when the time comes... $you can only marry one person$.	Toutefois, n'oublie pas que le moment venu... $tu ne pourras te marier qu'avec une seule personne$.	Но помни, что, когда придёт время... ты сможешь $вступить в брак только с кем-то одним$.	Но имай предвид, че когато му дойде времето... $можеш да сключиш брак само с един човек$.
Cutscenes/Story Events/elsie_dating_tutorial/elsie_dating_tutorial/11	So make sure you choose well.	Tâche de bien choisir.	Так что присматривайся как следует.	Затова избирай добре.
Cutscenes/Story Events/elsie_dating_tutorial/elsie_dating_tutorial/12	Let's see now, what else...	Que puis-je te dire d'autre ?	Так, что ещё тебе надо знать...	Я да видим, какво още...
Cutscenes/Story Events/elsie_dating_tutorial/elsie_dating_tutorial/13	Oh, yes! There's the matter of $where to go on your Dates$!	Ah, oui ! Tu dois aussi décider de $l'endroit où tu souhaites inviter cette personne$ !	Ах, да! Ещё ведь нужно выбрать $место для свидания$!	О, да! Остава въпросът $къде да ходите на срещи$!
Cutscenes/Story Events/elsie_dating_tutorial/elsie_dating_tutorial/14	Sometimes you will encounter $Date Inspiration Items$ that will inspire new $Date Types$ when used!	Tu trouveras parfois des objets qui te donneront des $idées de rendez-vous$. Si tu les utilises, tu auras accès à de nouveaux $types de rendez-vous$ !	Иногда ты можешь найти $идеи свиданий$. Их можно использовать, чтобы открыть новые $виды свиданий$!	Понякога ще намираш $предмети с идеи за срещи$, които при използване отключват нови $видове срещи$!
Cutscenes/Story Events/elsie_dating_tutorial/elsie_dating_tutorial/15	Here, [Ari]. I have two $Date Inspiration$ items here. This should be enough to get you started.	C'est pour toi, [Ari]. Voici deux objets qui te donneront des $idées de rendez-vous$. Ça sera un bon début.	Возьми, [Ari]. Две $идеи свиданий$ у меня для тебя уже есть. Для начала этого тебе должно хватить.	Ето, [Ari]. Имам два $предмета с идеи за срещи$. Това би трябвало да ти стигне за начало.
Cutscenes/Story Events/elsie_dating_tutorial/elsie_dating_tutorial/15_no_deep_woods	Here, [Ari]. I have a $Date Inspiration$ item here. This should be enough to get you started.	C'est pour toi, [Ari]. Voici un objet qui te donnera une $idée de rendez-vous$. Ça sera un bon début.	Возьми, [Ari]. Одна $идея свидания$ у меня для тебя уже есть. Для начала этого тебе должно хватить.	Ето, [Ari]. Имам $предмет с идея за среща$. Това би трябвало да ти стигне за начало.
Cutscenes/Story Events/elsie_dating_tutorial/elsie_dating_tutorial/16	$The first time you go on a new Date with someone$, you will receive a $Photo Card$ commemorating the occasion.	$Lors de ton premier rendez-vous avec la personne de ton choix$, tu recevras une $photo souvenir$ pour te rappeler ce moment.	$Когда ты впервые пригласишь кого-то на новое свидание$, ты получишь $фотокарточку$ в честь этого события.	$При първата среща от нов вид с някого$ ще получиш $снимка от среща$, която ще ти напомня за случая.
Cutscenes/Story Events/elsie_dating_tutorial/elsie_dating_tutorial/17	You can collect these $Photo Cards$ and even $place them in your house to view them any time$. Isn't that fun?	Tu peux collectionner ces $photos souvenirs$ et même les $placer chez toi pour les regarder quand l'envie t'en prend$. C'est sympa, non ?	Эти $фотокарточки$ можно собирать и $развешивать у себя дома, чтобы посмотреть, когда хочешь$. Приятно, правда?	Можеш да събираш тези $снимки от срещи$ и дори $да ги поставиш у дома си, за да ги разглеждаш по всяко време$. Не е ли забавно?
Cutscenes/Story Events/elsie_dating_tutorial/elsie_dating_tutorial/18	With a little luck, I'm sure you will find all kinds of $Date Inspiration Items$, enjoy all sorts of $Dates$, and collect lots of cute $Photo Cards$!	J'espère que tu trouveras des tas d'$idées de rendez-vous$, que tu auras de nombreux $rendez-vous galants différents$ et que tu collectionneras plein de jolies $photos souvenirs$ !	Я уверена, что всё будет хорошо, и ты найдёшь ещё много $идей для свиданий$, попробуешь самые разные $свидания$ и соберёшь много симпатичных $фотокарточек$!	С малко късмет със сигурност ще намериш всякакви $предмети с идеи за срещи$, ще се насладиш на различни $срещи$ и ще събереш много сладки $снимки от срещи$!
Cutscenes/Story Events/elsie_dating_tutorial/elsie_dating_tutorial/19	Good luck, [Ari]! I'll be cheering you on!	Bonne chance [Ari] ! Je suis de tout cœur avec toi !	Удачи, [Ari]! Я буду болеть за тебя!	Успех, [Ari]! Ще те подкрепям!
Cutscenes/Story Events/elsie_dating_tutorial/elsie_dating_tutorial/2	How wonderful. I'm so happy for you both!	C'est merveilleux. Je suis si heureuse pour vous deux !	Как замечательно! Я очень за вас рада.	Колко чудесно. Много се радвам за вас!
Cutscenes/Story Events/elsie_dating_tutorial/elsie_dating_tutorial/20	Would you like to view the $Dating Tutorial$?	Lire le $tutoriel consacré aux rendez-vous galants$ ?	Показать $инструкцию по свиданиям$?	Искаш ли да видиш $Урока за срещите$?
Cutscenes/Story Events/elsie_dating_tutorial/elsie_dating_tutorial/20/prompts/0	Yes	Oui	Да	Да
Cutscenes/Story Events/elsie_dating_tutorial/elsie_dating_tutorial/20/prompts/1	No	Non	Нет	Не
Cutscenes/Story Events/elsie_dating_tutorial/elsie_dating_tutorial/3	I hope you don't mind my stopping by, but I thought that perhaps you could use some tips on $Dating$, to get you started.	J'espère que tu ne t'offusqueras pas de ma visite, mais je tenais à te donner quelques petits conseils sur la façon de bien commencer une nouvelle $relation amoureuse$.	Надеюсь, ты не против моего вторжения. Я подумала, что сперва тебе не помешает парочка советов про $отношения$.	Надявам се, че нямаш нищо против да мина, но си помислих, че може да ти трябват няколко съвета за $срещите$, за да започнеш.
Cutscenes/Story Events/elsie_dating_tutorial/elsie_dating_tutorial/4	The first thing you need to keep in mind is that $timing is important$!	Tout d'abord, sache que le $moment choisi pour un rendez-vous est très important$ !	Первое, что тебе надо запомнить: $важно выбирать правильный момент$!	Първото, което трябва да помниш, е, че $времето е важно$!
Cutscenes/Story Events/elsie_dating_tutorial/elsie_dating_tutorial/5	Everyone is busy with work during the week, so $weekends are the best time to invite someone out on a Date$.	Pendant la semaine, tout le monde est très occupé, il vaut donc mieux $attendre le week-end pour inviter quelqu'un à un rendez-vous galant$.	На неделе все заняты своими делами, так что $лучше всего устраивать свидания на выходных$.	През седмицата всички са заети с работа, затова $уикендите са най-подходящото време да поканиш някого на среща$.
Cutscenes/Story Events/elsie_dating_tutorial/elsie_dating_tutorial/6	Both $Saturday$ and $Sunday$ are perfect days to do so.	Le $samedi$ et le $dimanche$ sont les jours les plus indiqués pour cela.	И $суббота$ и $воскресенье$ отлично подходят.	И $събота$, и $неделя$ са чудесни дни за това.
Cutscenes/Story Events/elsie_dating_tutorial/elsie_dating_tutorial/7	Just keep in mind that you can only go on $one Date per week, per partner$.	Souviens-toi que tu ne peux avoir $qu'un rendez-vous par semaine et par personne$.	Но не забывай, что ты можешь устроить $с одним партнёром только одно свидание в неделю$.	Само помни, че можеш да имаш $само по една среща седмично с всеки партньор$.
Cutscenes/Story Events/elsie_dating_tutorial/elsie_dating_tutorial/8	So theoretically... $if you were dating two people$, you could go on a $Date$ with one person on $Saturday$ and one on $Sunday$ in the same week.	Donc, théoriquement... si tu sortais $avec deux personnes différentes$, au cours d'une même semaine, tu pourrais $inviter$ l'une le $samedi$ et l'autre le $dimanche$.	Так что теоретически... $если ты в отношениях с двумя людьми$, за одну неделю ты можешь пойти на $свидание$ с одним в $субботу$ и с другим в $воскресенье$.	Теоретично... $ако се срещаш с двама души$, можеш да имаш $среща$ с единия в $събота$ и с другия в $неделя$ през същата седмица.
Cutscenes/Story Events/elsie_dating_tutorial/elsie_dating_tutorial/9	I'm not here to judge, [Ari]. The only way to know if someone is right for you is to spend more time with them.	Je ne juge pas, [Ari]. La seule façon de savoir si une personne est faite pour toi, c'est de passer du temps avec elle.	Я не осуждаю, [Ari]. Единственный способ понять, что человек тебе подходит — это провести достаточно времени вместе.	Не съм тук, за да те съдя, [Ari]. Единственият начин да разбереш дали някой е подходящ за теб е да прекараш повече време с този човек.
Cutscenes/Story Events/elsie_dating_tutorial/elsie_dating_tutorial/init	[Ari]! Good morning!	Bien le bonjour, [Ari] !	[Ari]! Доброе утро!	[Ari]! Добро утро!
Cutscenes/Story Events/farm_introduction/farm_introduction/1	It looks like we're going to be neighbors! So I thought I'd bring you a little housewarming- um, fieldwarming present...	Je suis très heureuse de t'avoir pour <she>voisine</she><he>voisin</he><they>voisin·e</they> ! D'ailleurs, je t'ai apporté un petit cadeau de crémaillère... ou plutôt de « jardinière ».	Так здорово, что мы теперь соседи! Кстати, я принесла тебе небольшой гостинец для твоего, эм, поля...	Изглежда, че ще бъдем съседи! Затова ти донесох малък подарък за новия дом... ъъ, за новото поле.
Cutscenes/Story Events/farm_introduction/farm_introduction/10	Ah, don't mind my horse. He just likes meeting new folks as much as I do!	Ah, ne fais pas attention à mon cheval. Il est comme moi. Il adore voir de nouvelles têtes !	Ах, не парься по поводу моей коняшки. Он просто любит знакомиться с людьми, как и я!	Ха, не му се сърди. Конят ми също обича да се запознава с нови хора!
Cutscenes/Story Events/farm_introduction/farm_introduction/11	GYA HA HA!	GAH HA HA !	ГА-ХА-ХА!	ХА ХА ХА!
Cutscenes/Story Events/farm_introduction/farm_introduction/11/prompts/0	It's fine. Pleasure's all mine!	Aucun problème. Tout le plaisir est pour moi !	Всё в порядке. Приятно познакомиться!	Няма нищо. За мен е удоволствие!
Cutscenes/Story Events/farm_introduction/farm_introduction/11/prompts/1	I think I need to lie down...	Il va me falloir quelques instants pour reprendre mes esprits.	Кажется, мне нужно прилечь...	Май трябва да полегна...
Cutscenes/Story Events/farm_introduction/farm_introduction/12	A farmer after my own heart! Here, I brought you a little something!	<she>Une fermière</she><he>Un fermier</he><they>Un·e paysan·ne</they> comme je les aime ! Au fait, j'ai un petit quelque chose pour toi.	Такие фермеры мне по душе! Вот, принёс тебе небольшой подарок!	Фермер по душа! Ето, донесох ти нещо дребно!
Cutscenes/Story Events/farm_introduction/farm_introduction/13	Well now, my apologies. Here, let me make it up to you.	Eh bien, je suis désolé. Je tiens à me faire pardonner.	Ох, ну извиняй. Вот, подарок в знак примирения.	Е, добре... Извинявай. Ето, нека да се реванширам.
Cutscenes/Story Events/farm_introduction/farm_introduction/14	Take this $Watering Can$! You'll need to $water your crops every day$ if you want them to grow big and strong.	Prends donc cet $arrosoir$. Tu dois $arroser tes cultures tous les jours$ pour qu'elles poussent jusqu'à devenir belles et vigoureuses.	Это $лейка$! $Поливать грядки нужно каждый день$, чтобы растения были большими и здоровыми.	Вземи тази $лейка$! Ще трябва да $поливаш културите си всеки ден$, ако искаш да пораснат големи и здрави.
Cutscenes/Story Events/farm_introduction/farm_introduction/15	And here are 3 bags of $Turnip Seeds$! Turnips are good raw, and they're even better cooked!	Et voilà aussi 3 sachets de $semis de navet$ ! Les navets peuvent se manger crus, mais ils sont encore meilleurs cuits !	Ну и ещё возьми 3 мешочка $семян репы$! Репа и сырая-то вкусная, а приготовленная — просто объеденье!	А ето ти и 3 торбички със $семена от ряпа$! Ряпата е вкусна сурова, а сготвена е още по-добра!
Cutscenes/Story Events/farm_introduction/farm_introduction/16	The whole town will surely appreciate more shipments of fresh produce.	Les habitants du village seront sûrement contents de recevoir davantage de produits frais.	Больше свежего урожая городу точно не помешает.	Целият град със сигурност ще се радва на още доставки на пресни продукти.
Cutscenes/Story Events/farm_introduction/farm_introduction/17	It's been a good while since I've been out here, things sure have gotten overgrown... You need any pointers on getting started with your field, [Ari]?	Ça faisait un bail que je n'étais pas passé par là, la nature a repris ses droits... Tu veux quelques conseils pour débuter dans l'agriculture, [Ari] ?	Давненько я тут не был. Как тут всё заросло-то... [Ari], тебе нужен совет, с чего начать?	Отдавна не съм идвал насам — всичко е доста обрасло... Имаш ли нужда от съвети как да започнеш с полето си, [Ari]?
Cutscenes/Story Events/farm_introduction/farm_introduction/17/prompts/0	I'd love some tips from you two!	Bien sûr, avec plaisir.	Пара советов будет к месту!	С удоволствие ще послушам съветите ти!
Cutscenes/Story Events/farm_introduction/farm_introduction/17/prompts/1	Thanks, but I already know my way around a farm...	Merci, mais je sais comment marche une ferme.	Спасибо, но я и так знаю, как разработать землю...	Благодаря, но вече знам как се работи във ферма...
Cutscenes/Story Events/farm_introduction/farm_introduction/19	Wow so you've done this before! That's great!	Waouh, alors tu t'y connais ! C'est super !	Ого, значит у тебя уже есть опыт! Как здорово!	Еха, значи вече си <he>правил</he><she>правила</she><they>правили</they> това! Чудесно!
Cutscenes/Story Events/farm_introduction/farm_introduction/2	Here is a $Hoe$, you'll need it to $till your fields$! I love gardening myself, so I had this extra one laying around.	Voici une $houe$, elle te servira à $labourer ton champ$ ! Comme j'adore m'occuper de mon jardin, j'en ai toujours une d'avance.	Это $мотыга$! Тебе она пригодится, чтобы $вскапывать землю$! Я очень люблю садоводство, так что у меня завалялась одна лишняя.	Ето ти $мотика$ — ще ти трябва, за да $разореш полето си$! И аз обичам да се занимавам с градинарство, затова имах една в повече.
Cutscenes/Story Events/farm_introduction/farm_introduction/20	Now don't be shy [Ari], come by anytime if you want to chat. I'd love to introduce you to all my animals!	Bien, n'hésite surtout pas, [Ari]. Tu viens me voir quand tu veux. J'ai hâte de te présenter à tous mes animaux !	Не стесняйся, [Ari], и заходи, если захочешь поболтать. Представлю тебя своим животным!	Не се притеснявай, [Ari], минавай по всяко време, ако искаш да си поговорим. Ще се радвам да те запозная с всичките си животни!
Cutscenes/Story Events/farm_introduction/farm_introduction/21	I'm sure you must be eager to meet up with Adeline. Just head $north of here$ and the road will take you right into $town$!	Tu as sûrement envie d'aller retrouver Adeline. Il te suffit d'aller $vers le nord$ et de suivre la route jusqu'au $centre-ville$.	Тебе, наверное, не терпится пообщаться с Аделиной. Просто направляйся на $север отсюда$, и дорога приведёт тебя прямиком в $город$!	Сигурно нямаш търпение да се срещнеш с Аделайн. Тръгни $на север оттук$ и пътят ще те отведе право в $града$!
Cutscenes/Story Events/farm_introduction/farm_introduction/3	If you want to $expand your field's size$ though, you'll need a $Shovel$. They are available at my family's $General Store$.	Pour $agrandir ton champ$, tu auras besoin d'une $pelle$. Tu peux en acheter une au $magasin général$ que tient ma famille.	Если захочешь расширить грядку, тебе понадобится $лопата$. Их можно купить в $универмаге$ моей семьи.	Ако искаш да $разшириш полето си$, ще ти трябва $лопата$. Можеш да я купиш от $Смесения магазин$ на семейството ми.
Cutscenes/Story Events/farm_introduction/farm_introduction/4	And here are 3 bags of $Tulip Seeds$ to get you started! Our store also carries a selection of other $Seeds$ so be sure to stop by.	Et voilà 3 sachets de $semis de tulipe$ pour te lancer ! Nous vendons différents types de $semis$ dans notre boutique, alors n'hésite pas à nous rendre visite.	А ещё вот тебе 3 мешочка $семян тюльпанов$ для начала! В нашем магазине продаются и другие $семена$, так что непременно загляни.	А ето ти и 3 торбички със $семена от лалета$, с които да започнеш! В магазина ни има и други $семена$, така че непременно ни навести.
Cutscenes/Story Events/farm_introduction/farm_introduction/5	I hope you'll consider growing lots of flowers!	J'espère que tu feras pousser beaucoup de fleurs !	Надеюсь, ты вырастишь много разных цветов!	Надявам се да отглеждаш много цветя!
Cutscenes/Story Events/farm_introduction/farm_introduction/5/prompts/0	Thank you, I love flowers!	Merci, j'adore les fleurs !	Спасибо, я люблю цветы!	Благодаря, обожавам цветята!
Cutscenes/Story Events/farm_introduction/farm_introduction/5/prompts/1	I'm more into potatoes...	Je préfère les pommes de terre...	Я больше по картошке...	Аз повече си падам по картофите...
Cutscenes/Story Events/farm_introduction/farm_introduction/6	Oh, I'm so glad! You know, Mistria has a rich horticultural history-	Oh, je suis ravie de l'entendre ! Mistria a une grande tradition horticole, tu sais.	Ох, я так рада! Ты знаешь, в Мистрии очень богатая история садоводства...	Еха, много се радвам! Знаеш ли, Мистрия има богата история в отглеждането на растения —
Cutscenes/Story Events/farm_introduction/farm_introduction/7	Oh, did you know that potato plants flower too? You'll actually be able to tell that they're ready to harvest when their flowers bloom-	Oh, mais tu savais que les plants de pommes de terre fleurissent ? C'est d'ailleurs ainsi que tu sauras qu'elles sont prêtes à être récoltées.	Ох, а ты знаешь, что у картофеля тоже бывают цветы? По цветению сразу можно понять, когда картофель созрел...	Знаеше ли, че картофените растения също цъфтят? Ще разбереш, че са готови за прибиране, когато цветовете им разцъфнат —
Cutscenes/Story Events/farm_introduction/farm_introduction/8	Morning neighbor! The name's Hayden, I run $Sweetwater Farm$ to the west. You don't gotta tell me your name, [Ari], you're already the talk of the town!	Bonjour ! Je m'appelle Hayden, je m'occupe de la $ferme de Doucerive$, à côté. Pas la peine de me dire comment tu t'appelles, [Ari]. Tout le monde ne parle que de toi !	Утречка, <p>сосед</p><f>соседка</f><m>сосед</m><n>сосед</n>! Звать Хейден, я управляю $фермой «Сладководье»$, что на западе. А твоё имя я уже знаю, [Ari], о тебе весь город жужжит!	Добро утро, <he>съседе</he><she>съседке</she><they>съседе</they>! Казвам се Хейдън и ръководя $Ферма Сладка вода$ на запад. Няма нужда да ми казваш името си, [Ari] — вече всички в града говорят за теб!
Cutscenes/Story Events/farm_introduction/farm_introduction/9	Hayden! You almost galloped straight into poor [Ari]!	Hayden ! Tu as bien failli renverser [Ari] en arrivant à cette vitesse !	Хейден! Ты чуть не сшиб беднягу!	Хейдън! За малко да връхлетиш право върху <he>горкия</he><she>горката</she><they>горките</they> [Ari]!
Cutscenes/Story Events/farm_introduction/farm_introduction/init	Ah... hello! You must be [ARI]. I'm Celine, it's nice to meet you!	Ah, bonjour ! Tu dois être [ARI]. Je m'appelle Céline, enchantée de faire ta connaissance ! Je vis dans la petite maison un peu plus au nord.	Ах, привет! Ты, должно быть, [ARI]. Я — Селин. Рада познакомиться! Я живу в домике, что на севере отсюда.	А... здравей! Ти сигурно си [Ari]. Аз съм Селин, приятно ми е да се запознаем!
Cutscenes/Story Events/find_the_weathervane/find_the_weathervane/1	I just wanted to check in and see if everything was alright over here. Seems like there was no damage!	Je voulais juste m'assurer que tout allait bien. À ce que je vois, il n'y a pas de dégâts !	Я хотел проверить, всё ли тут в порядке. Кажется, обошлось без повреждений.	Само исках да проверя дали тук всичко е наред. Изглежда, че няма щети!
Cutscenes/Story Events/find_the_weathervane/find_the_weathervane/2	Although... the $Weathervane$ blew clear off my new barn...	Même si... la $girouette$ de ma toute nouvelle grange s'est envolée...	Хотя... У меня снесло $флюгер$ с моего новенького хлева...	Само че... вятърът отнесе $ветропоказателя$ от новата ми плевня...
Cutscenes/Story Events/find_the_weathervane/find_the_weathervane/3	Would you mind helping me find it? I'd like to get it back on before Ryis and Landen find out...	Tu veux bien m'aider à la chercher ? J'aimerais bien la remettre en place avant que Ryis et Landen ne s'en rendent compte.	Можешь помочь мне его найти? Я хочу поставить его на место, пока Риз с Ланденом не узнали...	Ще ми помогнеш ли да го намеря? Искам да го върна на мястото му, преди Райс и Ландън да разберат...
Cutscenes/Story Events/find_the_weathervane/find_the_weathervane/4	The wind was blowing northwest... so I'm betting it ended up $somewhere in the Narrows$.	Le vent soufflait au nord-ouest... donc à tous les coups, elle a atterri $quelque part aux Terrasses$.	Ветер дул на северо-запад... Так что, думаю, он улетел $куда-то в Ущелье$.	Вятърът духаше на северозапад... Така че се обзалгам, че е отлетял $някъде в Теснините$.
Cutscenes/Story Events/find_the_weathervane/find_the_weathervane/5	Let me know if you manage to find it!	Fais signe si tu arrives à la retrouver !	Если найдёшь, скажи мне, пожалуйста!	Кажи ми, ако успееш да го намериш!
Cutscenes/Story Events/find_the_weathervane/find_the_weathervane/init	Morning [Ari]! That was some windstorm that rolled through last night...	Bonjour, [Ari] ! Ça a bien soufflé, la nuit dernière...	Утречко, [Ari]! Прошлой ночью прошёл такой сильный ураган...	Добро утро, [Ari]! Каква буря само имаше снощи...
Cutscenes/Story Events/find_the_weathervane/find_the_weathervane_turn_in/1	Now I'll get this back on before anyone finds out...	Bon, je vais la remettre avant que quelqu'un s'en aperçoive.	Сейчас поставлю его на место, пока никто не узнал...	Сега ще го върна на мястото му, преди някой да разбере...
Cutscenes/Story Events/find_the_weathervane/find_the_weathervane_turn_in/init	Oh, you found my $Weathervane$! Thank you, [Ari].	Oh, tu as retrouvé ma $girouette$ ! Merci [Ari].	О, ты <p>нашли</p><f>нашла</f><m>нашёл</m><n>нашло</n> мой $флюгер$! Спасибо, [Ari].	О, намери $ветропоказателя$ ми! Благодаря ти, [Ari].
Cutscenes/Story Events/find_the_weathervane_setup/find_the_weathervane_setup/init	A fierce wind blew in overnight...	Le vent a soufflé très fort la nuit dernière.	Этой ночью так бушует ветер...	През нощта се разрази силен вятър...
Cutscenes/Story Events/full_restore/full_restore/1	I am grateful.	Je t'en suis reconnaissant.	Благодарю.	Благодарен съм.
Cutscenes/Story Events/full_restore/full_restore/2	...	...	...	...
Cutscenes/Story Events/full_restore/full_restore/3	The powers and sight of a dragon are vast.	Grands sont les pouvoirs et la vigilance d'un dragon.	Взор дракона широк и велика его сила.	Силите и зрението на един дракон са необятни.
Cutscenes/Story Events/full_restore/full_restore/4	As I was saying...	Comme je le disais...	Я собирался сказать...	Както казвах...
Cutscenes/Story Events/full_restore/full_restore/5	I have now recalled a particular $Spell$ suitable for human use, as well as the means by which to bestow it to you.	Un $sort de magie$ dont les humains peuvent faire usage m'est revenu et je sais également comment te le transmettre.	Я вспомнил одно $заклинание$, которое может применить и человек. И у меня есть силы наделить им тебя.	Сега си спомних едно $заклинание$, подходящо за човешка употреба, както и как да ти го предам.
Cutscenes/Story Events/full_restore/full_restore/6	I will now grant you the $Full Restore Spell$, you will be able to access it from your $Journal$. As its name suggests, casting it will $fully restore your Health and Stamina$.	Je vais te conférer le $sort de Revitalisation$. Tu le verras dans ton $carnet de bord$. Il te permettra de récupérer $ta santé et ton endurance$ dans leur intégralité.	Сейчас я передам тебе $Заклинание полного восстановления$. Ты сможешь найти его в своём $журнале$. Как видно из названия, оно $восполняет твои здоровье и выносливость$.	Ще ти дам $заклинанието „Пълно възстановяване“$. Ще можеш да го използваш от $Дневника$ си. Както подсказва името, то ще $възстановява изцяло здравето и издръжливостта ти$.
Cutscenes/Story Events/full_restore/full_restore/7	Your $Mana$ will restore bit by bit each night after a $Spell$ has been cast. Use it wisely.	Après avoir lancé un $sort$, tu récupéreras un peu de $mana$ au cours des nuits suivantes. Fais-en un usage raisonnable.	После того, как ты используешь $заклинание$, твоя $мана$ будет понемногу восстанавливаться каждую ночь. Используй его с умом.	Твоята $мана$ се възстановява малко по малко всяка нощ, след като е използвано $заклинание$. Използвай я разумно.
Cutscenes/Story Events/full_restore/full_restore/7/prompts/0	Thank you for entrusting me with this spell, great Caldarus.	Merci de m'avoir enseigné ce sort, grand Caldarus.	Спасибо, что наделил меня этим заклинанием, великий Кальдарус.	Благодаря ти, велики Калдаръс, че ми повери това заклинание.
Cutscenes/Story Events/full_restore/full_restore/7/prompts/1	Full Restore? Really? Couldn't you have given it a cooler name?	Revitalisation ? Sérieux ? Tu n'as pas trouvé de nom qui en jette plus ?	Полное восстановление? Серьёзно? Можно было бы и покруче назвать.	Пълно възстановяване? Наистина ли? Не можеше ли да му дадеш по-готино име?
Cutscenes/Story Events/full_restore/full_restore/8	You are most welcome. Practice your magic and continue to hone your abilities. We will speak again soon.	Je t'en prie. Continue à améliorer ta magie et à affiner tes compétences. Nous nous reparlerons bientôt.	Пожалуйста. Упражняйся в магии и продолжай совершенствовать свои навыки. Скоро мы встретимся снова.	Няма защо. Упражнявай магията си и продължавай да усъвършенстваш способностите си. Скоро пак ще говорим.
Cutscenes/Story Events/full_restore/full_restore/9	"I would have thought that being granted magical powers by a dragon would have been ""cool"" enough on its own. Wake, brazen mortal."	J'imaginais que recevoir des pouvoirs magiques de la part d'un dragon en « jetait » déjà suffisamment. Ne fais pas preuve d'insolence, simple mortel<she>le</she><he></he><they>·le</they>.	На твоём месте я бы решил, что получить от дракона магическую силу достаточно «круто» само по себе. Пробудись же, дерзкий смертный.	Мислех, че това да получиш магически сили от дракон е достатъчно „готино“ само по себе си. Събуди се, дръзки смъртни.
Cutscenes/Story Events/full_restore/full_restore/init	You have been hard at work around Mistria, [Ari]. The magic returning to me through your efforts has begun to clear my mind.	Tu travailles dur pour Mistria, [Ari]. C'est grâce à toi que je sens la magie revenir et mon esprit s'éclaircit.	Ты делаешь столько полезных дел для Мистрии, [Ari]. Благодаря твоим усилиям ко мне возвращается магия, а с ней — и воспоминания.	Трудиш се усърдно из Мистрия, [Ari]. Магията, която се връща към мен благодарение на усилията ти, започна да прояснява съзнанието ми.
Cutscenes/Story Events/full_restore/full_restore/init/prompts/0	It's an honor to help out!	C'est un honneur de pouvoir aider !	Почту за честь помочь!	За мен е чест да помогна!
Cutscenes/Story Events/full_restore/full_restore/init/prompts/1	Wait, you've been WATCHING me?	Une minute... Tu m'OBSERVAIS ?	Погоди, ты что, СЛЕДИЛ за мной?	Чакай, <he>НАБЛЮДАВАЛ СИ</he><she>НАБЛЮДАВАЛА СИ</she><they>НАБЛЮДАВАЛИ СТЕ</they> ме?
Cutscenes/Story Events/jos_cooking_class/jos_cooking_class/1	Ready to learn some cooking basics? Today we're making the Inn's famous $Vegetable Soup$!	Aujourd'hui, nous allons préparer la célèbre $soupe de légumes$ de l'auberge ! On s'y met ?	<p>Готовы</p><f>Готова</f><m>Готов</m><n>Готово</n> изучить основы кулинарии? Сегодня мы готовим знаменитый фирменный $овощной суп$!	Готови ли сте да научите основите на готвенето? Днес ще приготвим прочутата $зеленчукова супа$ на хана!
Cutscenes/Story Events/jos_cooking_class/jos_cooking_class/1/prompts/0	Mmm can't wait!	Miam, j'ai hâte !	Ммм, жду не дождусь!	Ммм, нямам търпение!
Cutscenes/Story Events/jos_cooking_class/jos_cooking_class/1/prompts/1	How about we start with something like a cake?	On ne pourrait pas commencer par de la pâtisserie ?	Может, лучше начнём с тортиков?	А може ли да започнем с нещо като торта?
Cutscenes/Story Events/jos_cooking_class/jos_cooking_class/10	Oh! Uhh, I thought this would be a private cooking lesson...?	Oh ! Mais, euh... je croyais que c'était un cours de cuisine particulier ?	Ох! Ммм, я думал, это будет приватный урок...	О! Ъъ... мислех, че урокът по готвене ще е насаме...?
Cutscenes/Story Events/jos_cooking_class/jos_cooking_class/11	Nonsense, the more the merrier! Come on in, March!	Mais non, voyons ! Plus on est de fous, plus on rit ! Allez, entre, March !	Ничего подобного. Вместе веселее! Заходи, Март!	Глупости, колкото повече, толкова по-весело! Влизай, Марч!
Cutscenes/Story Events/jos_cooking_class/jos_cooking_class/12	Would you like to view the $Cooking Tutorial$?	Lire le $tutoriel consacré à la cuisine$ ?	Показать $инструкцию по готовке$?	Искаш ли да разгледаш $урока по готвене$?
Cutscenes/Story Events/jos_cooking_class/jos_cooking_class/12/prompts/0	Yes	Oui	Да	Да
Cutscenes/Story Events/jos_cooking_class/jos_cooking_class/12/prompts/1	No	Non	Нет	Не
Cutscenes/Story Events/jos_cooking_class/jos_cooking_class/15	Wonderful job, everyone!	Félicitations, tout le monde !	Отличная работа, ребята!	Чудесна работа, всички!
Cutscenes/Story Events/jos_cooking_class/jos_cooking_class/16	This is going to make my time on the road so much more bearable! I should have asked for lessons ages ago.	Mes voyages sur les routes seront beaucoup moins pénibles ! J'aurais dû prendre des cours de cuisine depuis longtemps.	Нужно было попросить научить меня этому раньше. В дороге это сильно облегчит жизнь!	Това ще направи времето ми на път много по-поносимо! Трябваше да поискам уроци още отдавна.
Cutscenes/Story Events/jos_cooking_class/jos_cooking_class/17	Such a good way to use up leftovers too, I've already got some ideas...	Réutiliser les restes, ça évite le gaspillage. J'ai tout un tas d'idées...	И какой прекрасный способ пустить в ход остатки. У меня уже начинают появляться идеи...	А и е чудесен начин да оползотворим остатъците. Вече ми хрумват разни неща...
Cutscenes/Story Events/jos_cooking_class/jos_cooking_class/18	Olric makes such a production out of cooking, but it wasn't THAT hard.	Olric me rebat les oreilles avec la cuisine, mais ce n'est pas si compliqué.	Ольрик так драматизирует готовку, а по итогу — НИЧЕГО-ТО И сложного.	Олрик прави цяло събитие от готвенето, а то не беше ЧАК толкова трудно.
Cutscenes/Story Events/jos_cooking_class/jos_cooking_class/19	I'm so proud of you all! It's not easy learning new things, but you've all taken your first step into the culinary world.	Je suis très fière de vous ! Ce n'est pas facile d'apprendre de nouvelles choses, mais vous venez de faire vos premiers pas dans l'univers de la gastronomie.	Я так вами всеми горжусь! Учиться новому непросто, но вы сделали свой первый шаг в мир кулинарии.	Толкова се гордея с всички ви! Не е лесно да научите нещо ново, но всички направихте първата си крачка в кулинарния свят.
Cutscenes/Story Events/jos_cooking_class/jos_cooking_class/2	Wonderful!	Fantastique !	Чудесно!	Чудесно!
Cutscenes/Story Events/jos_cooking_class/jos_cooking_class/20	Feel free to use our $Kitchen$ here if you want to practice! You can also get your own from the $Carpenter's Shop$!	N'hésitez pas à vous servir de notre $cuisine$ pour vous exercer ! Vous pouvez même vous en faire construire une à la $menuiserie$ !	Пользуйся нашей $кухней$ на здоровье, если захочешь попрактиковаться! Или можешь купить себе свою в $столярной мастерской$!	Ползвайте нашата $кухня$ тук, ако искате да се упражнявате! Можете да си купите и своя от $Дърводелницата$!
Cutscenes/Story Events/jos_cooking_class/jos_cooking_class/21	Thanks for coming everyone!	Merci à tout le monde d'avoir participé !	Спасибо, что пришли, ребята!	Благодаря, че дойдохте, всички!
Cutscenes/Story Events/jos_cooking_class/jos_cooking_class/3	Ooh, I like that attitude! Let's see how you do with the soup first, [Ari]!	Oh, j'aime cet entrain ! Voyons d'abord comment tu vas t'en sortir avec la soupe, [Ari] !	О, мне нравится твой настрой! Но давай всё же посмотрим, как ты справишься с супом, [Ari]!	О, харесва ми този ентусиазъм! Но първо да видим как ще се справиш със супата, [Ari]!
Cutscenes/Story Events/jos_cooking_class/jos_cooking_class/4	We've got Balor chopping vegetables-	Balor émince les légumes...	Балор сегодня шинкует нам овощи...	Балор реже зеленчуците...
Cutscenes/Story Events/jos_cooking_class/jos_cooking_class/5	I wouldn't have thought my knife technique could get any better, but Jo here is a talented woman.	Je ne pensais pas que ma technique de coupe pourrait s'améliorer, mais Jo est une excellente enseignante.	Не думал, что мою технику с ножом можно улучшить, но Джо у нас очень талантливая женщина.	Не мислех, че техниката ми с ножа може да стане още по-добра, но Джо наистина я бива.
Cutscenes/Story Events/jos_cooking_class/jos_cooking_class/6	Celine is tending the cauldron-	Céline surveille le chaudron...	Селин следит за чаном...	Селийн наглежда казана...
Cutscenes/Story Events/jos_cooking_class/jos_cooking_class/7	It turns out a watched pot DOES boil!	[Ari] ! C'est trop drôle ! C'est moi qui fais bouillir la marmite.	[Ari]! Весело, правда? Смотреть, как всё тут БУЛЬКАЕТ!	[Ari]! Не е ли забавно? Излиза, че тенджерата под наблюдение НАИСТИНА завира!
Cutscenes/Story Events/jos_cooking_class/jos_cooking_class/8	And Reina and I are here to give our expert guidance!	Quant à Reina et moi, nous sommes là pour vous guider !	А мы с Рейной — даём экспертные советы.	А Рейна и аз сме тук, за да ви напътстваме като истински специалисти!
Cutscenes/Story Events/jos_cooking_class/jos_cooking_class/9	Come over here, [Ari]! You can help me sort through the produce.	Viens par ici, [Ari] ! Tu vas m'aider à trier les ingrédients.	Сюда, [Ari]! Поможешь мне рассортировать ингредиенты.	Ела насам, [Ari]! Можеш да ми помогнеш да подберем зеленчуците.
Cutscenes/Story Events/jos_cooking_class/jos_cooking_class/init	[Ari]! You're just in time. We're just about to start the class.	[Ari] ! Pile au bon moment. Nous allions commencer le cours.	Да ну? Это получать подачки от моего брата — «особое поручение»? Я бы таким не хвастался.	[Ari]! Тъкмо навреме си. Тъкмо започваме урока.
Cutscenes/Story Events/jos_cooking_class/jos_cooking_class_follow_up_1/init	You did great at the cooking class, [Ari]! Come by any time for pointers, okay?	Le cours de cuisine t'a plu, à ce que je vois, [Ari] ! N'hésite pas à venir pour des conseils, d'accord ?	Ты отлично <p>справились</p><f>справилась</f><m>справился</m><n>справилось</n>, [Ari]! Заходи за советами, ладно?	Справи се чудесно в урока по готвене, [Ari]! Ела по всяко време, ако искаш съвет, става ли?
Cutscenes/Story Events/jos_cooking_class/jos_cooking_class_follow_up_2/init	Jo's cooking class was just the thing! Now my road rations don't taste like I picked them up off the road.	J'ai adoré le cours de cuisine de Jo ! Maintenant, en voyage, je n'aurai plus l'impression de manger des trucs faisandés.	Урок Джо был то, что нужно! Теперь мои походные пайки по вкусу не напоминают грязь.	Урокът на Джо по готвене беше точно каквото ми трябваше! Вече полевите ми дажби нямат вкус, сякаш съм ги вдигнал от пътя.
Cutscenes/Story Events/jos_cooking_class/jos_cooking_class_follow_up_3/init	Wasn't Jo's cooking class fun? She made it so easy!	Le cours de cuisine de Jo était super, pas vrai ? Elle rend tout ça très simple !	Какой весёлый урок был у Джо, правда? У неё всё так легко выходит!	Не беше ли забавен урокът на Джо по готвене? Тя го направи толкова лесно!
Cutscenes/Story Events/jos_cooking_class/jos_cooking_class_follow_up_4/1	It's only natural. Soon I'll be the best blacksmith AND the best cook in Mistria.	Mais c'est normal... Bientôt, je serai le meilleur forgeron ET le meilleur cuisinier de Mistria.	Ничего удивительного. Скоро я буду не только лучшим кузнецом в Мистрии, но и лучшим поваром.	Съвсем естествено. Скоро ще съм най-добрият ковач И най-добрият готвач в Мистрия.
Cutscenes/Story Events/jos_cooking_class/jos_cooking_class_follow_up_4/init	Olric was pretty impressed with my cooking after I took Jo's class.	Olric a été impressionné par ma cuisine après le cours de Jo.	Ольрик аж впечатлился от моей стряпни после урока у Джо.	Олрик беше доста впечатлен от готвенето ми, след като взех урока на Джо.
Cutscenes/Story Events/jos_cooking_class/jos_cooking_class_follow_up_5/init	[Ari]! I hope my cooking lesson opened your mind to the possibilities of the culinary arts!	[Ari] ! J'espère que mon cours de cuisine t'a ouvert les yeux sur les merveilles que recèlent les arts de la cuisine !	[Ari]! Надеюсь, мой урок помог раскрыть тебе глаза на потенциал кулинарного мастерства!	[Ari]! Надявам се урокът ми по готвене да ти е разкрил възможностите на кулинарното изкуство!
Cutscenes/Story Events/museum_donation_wanted/museum_donation_wanted/1	I assume this is about my letter?	J'imagine que tu es là au sujet de ma lettre ?	Полагаю, ты здесь по поводу моего письма?	Предполагам, че става дума за писмото ми?
Cutscenes/Story Events/museum_donation_wanted/museum_donation_wanted/10	Splendid! As an official surveyor, let me give you a small stipend to welcome you.	Épatant ! Puisque tu es désormais <he>un contributeur officiel</he><she>une contributrice officielle</she><they>un·e contributeur·rice officiel·le</they>, permets-moi de t'offrir ce cadeau de bienvenue.	Великолепно! Позволь мне как официальному оценщику выдать тебе небольшое вступительное пособие.	Чудесно! Като официален оценител ще ти дам малко възнаграждение като приветствие.
Cutscenes/Story Events/museum_donation_wanted/museum_donation_wanted/2	Excellent!	Excellent !	Отлично!	Отлично!
Cutscenes/Story Events/museum_donation_wanted/museum_donation_wanted/3	In my talks with Lord Eiland and Lady Adeline, they entreated me to concern myself with objects from antiquity...	Suite à une discussion avec messire Eiland et dame Adeline, j'ai reçu pour mission de m'intéresser de près aux objets anciens...	Я общался с лордом Эйландом и леди Аделиной, и они решили доверить мне кураторство над предметами древности...	В разговорите ми с лорд Айленд и лейди Аделайн те ме помолиха да се заема с предметите от древността...
Cutscenes/Story Events/museum_donation_wanted/museum_donation_wanted/4	As well as to use the Museum to showcase the many unique specimens of Mistria.	Ils m'ont également demandé d'utiliser le musée pour exposer les nombreux spécimens originaires de Mistria.	А ещё они позволили мне выставлять в музее уникальные диковинки Мистрии.	Както и да използвам Музея, за да представя многото уникални образци на Мистрия.
Cutscenes/Story Events/museum_donation_wanted/museum_donation_wanted/5	To wit, if you could bring me not only your $Archaeological Finds$ but also the $Plants$, $Insects$, and $Fish$ of the region! I believe together we can create a museum that's one of a kind!	Donc, outre tes $découvertes archéologiques$, pourrais-tu m'apporter les $plantes$, $insectes$ et autres $poissons$ de la région ? Ensemble, nous ferons de ce musée un lieu unique !	Так что, пожалуйста, помимо $археологических находок$, можешь приносить мне местные $растения$, $насекомых$ и $рыб$! Думаю, вместе мы сможем сделать совершенно уникальный музей!	Казано накратко, нека ми носиш не само $археологически находки$, а и местните $растения$, $насекоми$ и $риби$! Вярвам, че заедно ще създадем музей без равен!
Cutscenes/Story Events/museum_donation_wanted/museum_donation_wanted/5/prompts/0	You want... bugs?!	Vous voulez... des insectes ?!	Тебе нужны... насекомые?!	Искаш... насекоми?!
Cutscenes/Story Events/museum_donation_wanted/museum_donation_wanted/5/prompts/1	You want... my crops?!	Vous voulez... mes cultures ?!	Тебе нужен... мой урожай?!	Искаш... реколтата ми?!
Cutscenes/Story Events/museum_donation_wanted/museum_donation_wanted/6	Indeed! I will display the items that you donate so that visitors from far and wide can appreciate what Mistria has to offer!	Tout à fait ! Tout ce que tu m'apporteras sera exposé pour que les visiteurs d'un peu partout puissent découvrir tout ce que Mistria a à offrir !	Верно! Всё, что ты принесёшь, я выставлю в музее. Тогда посетители со всех уголков королевства смогут полюбоваться разнообразием Мистрии!	Наистина! Ще изложа предметите, които дариш, за да могат посетители отдалеч и отблизо да оценят какво предлага Мистрия!
Cutscenes/Story Events/museum_donation_wanted/museum_donation_wanted/7	And do not think we would be ungrateful, there is a generous reimbursement policy set up by the Historical Society. $Renown$ and all kinds of $Rewards$!	Et nous ne serons pas ingrats ! La Société d'histoire te rétribuera sous forme de $renommée$ et de $récompenses$ diverses et variées !	Не думай, что это безвозмездная благотворительность. Историческое общество установило политику щедрых вознаграждений. Тебя ждёт $репутация$ и разнообразные $награды$!	И не си мисли, че ще останем неблагодарни — Историческото дружество е предвидило щедри възнаграждения. $Известност$ и всякакви $награди$!
Cutscenes/Story Events/museum_donation_wanted/museum_donation_wanted/8	Would you like to view the $Museum Tutorial$?	Lire le $tutoriel consacré au musée$ ?	Показать $инструкцию по музею$?	Искаш ли да видиш $Урока за Музея$?
Cutscenes/Story Events/museum_donation_wanted/museum_donation_wanted/8/prompts/0	Yes	Oui	Да	Да
Cutscenes/Story Events/museum_donation_wanted/museum_donation_wanted/8/prompts/1	No	Non	Нет	Не
Cutscenes/Story Events/museum_donation_wanted/museum_donation_wanted/9	What do you say, [Ari]? Can we count on you?	Qu'en dis-tu, [Ari] ? Nous pouvons compter sur toi ?	Что скажешь, [Ari]? Мы можем на тебя рассчитывать?	Какво ще кажеш, [Ari]? Можем ли да разчитаме на теб?
Cutscenes/Story Events/museum_donation_wanted/museum_donation_wanted/9/prompts/0	Let's get digging!	Je commence quand ?!	Готовлю лопату!	Да започваме с разкопките!
Cutscenes/Story Events/museum_donation_wanted/museum_donation_wanted/9/prompts/1	Get ready for an alarming variety of creepy crawlies!	Je vous rapporterai plein de bestioles rampantes et volantes.	Готовься принимать всех букашек!	Приготви се за тревожно разнообразие от гадинки!
Cutscenes/Story Events/museum_donation_wanted/museum_donation_wanted/init	[Ari]! Welcome, welcome!	Je te souhaite la bienvenue, [Ari] !	[Ari]! Проходи, проходи!	[Ari]! Заповядай, заповядай!
Cutscenes/Story Events/museum_donation_wanted/museum_donation_wanted_follow_up_1/1	I knew the Mistria Historical Society could count on your support!	Je savais que la Société d'histoire pouvait compter sur toi !	Я знал, что Историческое общество Мистрии может на тебя положиться!	Знаех, че Историческото дружество на Мистрия може да разчита на подкрепата ти!
Cutscenes/Story Events/museum_donation_wanted/museum_donation_wanted_follow_up_1/init	Errol talked to you about the Museum? Fantastic!	Errol t'a parlé du musée ? Fantastique !	Эррол уже поговорил с тобой по поводу музея? Прекрасно!	Ерол говори ли ти за Музея? Фантастично!
Cutscenes/Story Events/museum_donation_wanted/museum_donation_wanted_follow_up_5/init	Oh, Lord Eiland will be thrilled that you're supporting the Museum. The Mistria Historical Society is indebted to you!	Oh, messire Eiland sera aux anges de savoir que tu aides le musée. La Société d'histoire de Mistria te doit une fière chandelle !	Ох, лорд Эйланд безумно обрадуется, что ты помогаешь музею. Историческое общество Мистрии у тебя в долгу!	О, лорд Айленд ще е във възторг, че подкрепяш Музея. Историческото дружество на Мистрия ти е задължено!
Cutscenes/Story Events/pet_arrival/pet_arrival/1	Somehow, you already know their name is [pet_name].	Inexplicablement, vous savez déjà que son nom est « [pet_name] ».	Необъяснимым образом вы уже знаете имя: [pet_name].	По някаква причина вече знаеш, че се казва [pet_name].
Cutscenes/Story Events/pet_arrival/pet_arrival/init	How strange! It seems this [pet_type] has decided to live with you!	Comme c'est curieux ! On dirait que cet animal a décidé de venir vivre avec vous. Bienvenue, adorable [pet_type] !	Как странно! Кажется, вместе с вами собирается поселиться [pet_type]!	Колко странно! Изглежда [pet_type] е решил да живее с теб!
Cutscenes/Story Events/pet_dream/pet_dream/1	You concentrate, and an image begins to form...	Vous vous concentrez et une image se forme...	Когда вы сосредотачиваете внимание, у вас формируется образ...	Съсредоточаваш се и започва да се оформя образ...
Cutscenes/Story Events/pet_dream/pet_dream/2	What a nice dream...	Quel rêve agréable !	Какой приятный сон...	Какъв хубав сън...
Cutscenes/Story Events/pet_dream/pet_dream/init	You dream of a $familiar presence$...	Vous rêvez d'une $présence qui vous est familière$...	Вы чувствуете $присутствие фамильяра$...	Сънуваш $познато присъствие$...
Cutscenes/Story Events/prologue/prologue/1	Oh, Eiland!	Oh, Eiland !	О, Эйланд!	О, Айленд!
Cutscenes/Story Events/prologue/prologue/10	With Mother and Father called away to the Capital, and people leaving after the earthquake, there certainly are fewer helping hands around.	Avec papa et maman réquisitionnés à la capitale et tous ces gens partis après le tremblement de terre, il ne reste plus grand monde pour nous aider, en effet.	Матушка и отец уехали в столицу, да и другие люди покидают город после землетрясения. Да уж, рук стало сильно меньше...	След като майка ни и баща ни бяха повикани в Столицата, а и много хора си тръгнаха след земетресението, определено останаха по-малко хора, които да помагат.
Cutscenes/Story Events/prologue/prologue/11	If only we could attract new villagers to move here...	Si seulement nous arrivions à faire venir de nouvelles personnes...	Вот бы нам как-нибудь привлечь новых жителей...	Само да можехме да привлечем нови жители да се преместят тук...
Cutscenes/Story Events/prologue/prologue/12	Mistria is such a beautiful place! The small town charm, the rich history of the area, the rolling farmland-	La vie à Mistria est si agréable ! Le charme d'une petite ville, le patrimoine de la région, la campagne à perte de vue...	Мистрия — такое прекрасное место! Шарм маленького городка, богатая история, много пригодной для хозяйства земли...	Мистрия е толкова красиво място! Очарованието на малкия град, богатата история на района, ширналите се земеделски земи...
Cutscenes/Story Events/prologue/prologue/13	That's it! The old farm south of town!	J'ai trouvé ! La vieille ferme au sud du village !	Точно! Старая ферма на юге от города!	Точно така! Старата ферма на юг от града!
Cutscenes/Story Events/prologue/prologue/14	Why don't we send a notice to the Adventurer's Guild in the Capital?	Et si nous nous adressions à la guilde des aventuriers de la capitale ?	Почему бы нам не отправить весточку в столичную гильдию приключенцев?	Защо не изпратим известие до Гилдията на приключенците в столицата?
Cutscenes/Story Events/prologue/prologue/15	Surely someone out there will agree to aid the town in exchange for land with such potential.	Il y a bien quelqu'un qui acceptera d'aider notre communauté en échange de terres avec un tel potentiel.	Кто-то точно согласится помочь городу в обмен на такую плодородную землю.	Някой със сигурност ще се съгласи да помогне на града срещу земя с такъв потенциал.
Cutscenes/Story Events/prologue/prologue/16	That's a great idea!	C'est une idée géniale !	Прекрасная идея!	Страхотна идея!
Cutscenes/Story Events/prologue/prologue/17	I'll get started on it. Thank you, Eiland.	Je m'en occupe immédiatement. Merci Eiland.	Прямо сейчас и займусь этим. Спасибо, Эйланд.	Ще се заема веднага. Благодаря ти, Айленд.
Cutscenes/Story Events/prologue/prologue/18	I wonder who will answer the call...	Je me demande bien qui va répondre à notre appel...	Интересно, кто же примет предложение...	Чудя се кой ли ще откликне на призива...
Cutscenes/Story Events/prologue/prologue/2	I didn't realize how late it had gotten.	Je n'avais pas réalisé qu'il était si tard.	Даже не заметила, как поздно уже стало.	Не усетих колко късно е станало.
Cutscenes/Story Events/prologue/prologue/3	I thought you could use a nice hot cup of coffee.	Je me suis dit qu'un bon café chaud te ferait du bien.	Я подумал, тебе не помешает чашечка горячего кофе.	Помислих, че ще ти се услади чаша горещо кафе.
Cutscenes/Story Events/prologue/prologue/4	Thank you!	Merci !	Спасибо!	Благодаря!
Cutscenes/Story Events/prologue/prologue/5	So how is the town revitalization plan coming along?	Alors, tu avances sur le programme de réhabilitation de la ville ?	Как успехи с планом по восстановлению города?	Как върви планът за възстановяване на града?
Cutscenes/Story Events/prologue/prologue/6	It's nearly there, I think.	Je crois que j'en vois le bout.	Кажется, почти готов.	Мисля, че почти е готов.
Cutscenes/Story Events/prologue/prologue/7	I've cataloged the earthquake's damage, listed out the various repairs necessary...	J'ai fait la liste des dégâts provoqués par le tremblement de terre et des différentes réparations indispensables...	Я описала все разрушения от землетрясения, составила список для ремонтных работ...	Описах щетите от земетресението и изброих необходимите ремонти...
Cutscenes/Story Events/prologue/prologue/8	And even made plans to replenish our emergency stockpile by the end of summer!	Et j'ai aussi prévu de réapprovisionner nos réserves d'urgence d'ici la fin de l'été !	И даже запланировала пополнение неприкосновенного запаса к концу лета!	Дори направих планове да попълним запасите за извънредни ситуации до края на лятото!
Cutscenes/Story Events/prologue/prologue/9	The only thing we're missing now is the help to see it through.	La seule chose qu'il nous manque maintenant, c'est un coup de main pour mettre tout ça en œuvre...	Всё, чего нам теперь не хватает, это дополнительных рук в помощь.	Единственото, което ни липсва сега, е помощ, за да довършим всичко.
Cutscenes/Story Events/prologue/prologue/init	Still working, sis?	Encore en train de travailler, sœurette ?	Всё ещё работаешь, сестрица?	Още ли работиш, сестричке?
Cutscenes/Story Events/somethings_bugging_me/somethings_bugging_me/1	Oooh, amazing!	Oooh, formidable !	Ого, вот это да!	Ооо, невероятно!
Cutscenes/Story Events/somethings_bugging_me/somethings_bugging_me/10	I want to give you my old $Net$. It's brought me lots of luck over the years, but I think it's time... to pass it on to a new generation of bug catchers.	Je vais te donner mon vieux $filet$ à insectes. Il m'a porté chance toutes ces années, mais je crois qu'il est temps... de le donner à la relève.	Я отдам тебе свой старый $сачок$. Он принёс мне много удачи за годы службы, но, кажется, пришло время... передать его следующему поколению ловцов жуков.	Искам да ти дам старата си $мрежа за насекоми$. Носила ми е късмет през годините, но мисля, че е време... да я предам на ново поколение ловци на насекоми.
Cutscenes/Story Events/somethings_bugging_me/somethings_bugging_me/11	Look at that form!	Quelle forme !	Только посмотри на это!	Гледай само как се справяш!
Cutscenes/Story Events/somethings_bugging_me/somethings_bugging_me/12	Don't forget to bring any new bugs you find to Errol at the $Museum$! Please don't bring them here...	Apporte bien tous les nouveaux insectes que tu trouves à Errol, au $musée$. N'apporte surtout rien ici...	Только не забывай, что жуков надо нести Эрролу в $музей$, а не сюда...	Не забравяй да носиш всяко ново насекомо, което намериш, на Ерол в $Музея$! Само не ги носи тук...
Cutscenes/Story Events/somethings_bugging_me/somethings_bugging_me/13	Be sure to tell me about any neat bugs you find, [Ari]!	N'oublie pas de me dire tous les insectes géniaux que tu attraperas, [Ari] !	Если найдешь классного жука, расскажи мне, [Ari]!	Непременно ми разказвай за всякакви интересни насекоми, които намериш, [Ari]!
Cutscenes/Story Events/somethings_bugging_me/somethings_bugging_me/2	[Ari], you came! Are you ready to become an Entomologist?	[Ari], te voilà ! Prêt<he></he><she>e</she><they>·e</they> à devenir entomologiste ?	[Ari], ты <p>пришли</p><f>пришла</f><m>пришёл</m><n>пришло</n>! <p>Готовы</p><f>Готова</f><m>Готов</m><n>Готово</n> стать настоящим энтомологом?	[Ari], дойде! Искаш ли да станеш ентомолог?
Cutscenes/Story Events/somethings_bugging_me/somethings_bugging_me/3	It means someone who studies insects.	C'est quelqu'un qui étudie les insectes.	Так называются те, кто изучают насекомых.	Това е човек, който изучава насекоми.
Cutscenes/Story Events/somethings_bugging_me/somethings_bugging_me/4	Yeah, that's what I do!	Oui, et c'est exactement mon cas !	Да, этим я и занимаюсь!	Да, точно това правя!
Cutscenes/Story Events/somethings_bugging_me/somethings_bugging_me/5	There are a lot of cool bugs in Mistria. And Mister Errol at the Museum agreed to have a whole wing dedicated to them! I'm so excited!	Il y a des tas de bestioles incroyables, à Mistria. Monsieur Errol, au musée, a accepté de leur réserver toute une aile ! Je suis trop content !	В Мистрии полно всяких крутых жуков. И мистер Эррол согласился открыть в музее целое крыло, посвящённое им! Это так здорово!	В Мистрия има страшно много готини насекоми. А господин Ерол от Музея се съгласи да им отдели цяло крило! Толкова съм развълнуван!
Cutscenes/Story Events/somethings_bugging_me/somethings_bugging_me/6	So are we! Until now Luc's been bringing all his finds back to his room....	Et nous aussi ! Jusqu'ici, Luc rapportait tous ses spécimens dans sa chambre...	Мы тоже в восторге! А то до этого Люк хранил все свои находки у себя в комнате...	И ние също! Досега Люк носеше всичките си находки в стаята си...
Cutscenes/Story Events/somethings_bugging_me/somethings_bugging_me/7	But it's a big job, being the only Entomologist in Mistria! Will you join me?	Être le seul entomologiste de Mistria, c'est presque un travail à temps plein. Tu veux bien m'aider ?	Быть единственным энтомологом в Мистрии — непросто! Ты поможешь мне?	Но е голяма работа да си единственият ентомолог в Мистрия! Ще се присъединиш ли към мен?
Cutscenes/Story Events/somethings_bugging_me/somethings_bugging_me/7/prompts/0	I've got to catch them all!	Je les attraperai tous !	Нужно поймать их всех!	Ще ги хвана всичките!
Cutscenes/Story Events/somethings_bugging_me/somethings_bugging_me/7/prompts/1	I'm not sure I've got what it takes...	Je ne sais pas si j'en serai capable...	Сомневаюсь, что это работка по мне...	Не знам дали ще се справя...
Cutscenes/Story Events/somethings_bugging_me/somethings_bugging_me/8	That's what I like to hear!	Je suis ravi de t'entendre dire ça !	Приятно слышать!	Това искам да чуя!
Cutscenes/Story Events/somethings_bugging_me/somethings_bugging_me/9	You won't know until you try! I believe in you!	Tu ne le sauras que si tu essaies. Je suis sûr que tu te débrouilleras bien !	Ты не узнаешь, пока не попробуешь! Я в тебя верю!	Няма да разбереш, докато не опиташ! Вярвам в теб!
Cutscenes/Story Events/somethings_bugging_me/somethings_bugging_me/init	And then it was all like whoosh, and then bzzt and I was all WHAM!	Et là, d'un coup, ça a fait wouuush, et bzzzt, et moi j'étais là, BAM !	И потом он такой вжух! А потом жжж! А потом как БАХНЕТ!	И после стана едно фююю и бзззт, а аз — БУМ!
Cutscenes/Story Events/somethings_bugging_me/somethings_bugging_me_follow_up_1/1	If you need any tips, you can ask me any time. I'm always happy to help a new entomologist!	Si tu as besoin de conseils, demande-moi. Ce sera un plaisir d'accompagner quelqu'un qui découvre le monde de l'entomologie !	Если будут нужны подсказки, обращайся в любое время. Я всегда рад помочь энтомологу-новичку!	Ако ти трябват съвети, питай ме по всяко време. Винаги с радост помагам на нов ентомолог!
Cutscenes/Story Events/somethings_bugging_me/somethings_bugging_me_follow_up_1/init	I'm so excited that you're bug-catching, [Ari]!	Je suis très content que tu aies décidé de m'aider à attraper des insectes, [Ari] !	Я так рад, что ты тоже будешь ловить жуков, [Ari]!	Толкова се радвам, че ловиш насекоми, [Ari]!
Cutscenes/Story Events/somethings_bugging_me/somethings_bugging_me_follow_up_2/1	It's all he's been able to talk about lately!	Il ne parlait que de ça, ces derniers temps !	Он только об этом теперь и говорит!	Напоследък само за това говори!
Cutscenes/Story Events/somethings_bugging_me/somethings_bugging_me_follow_up_2/init	Little Luc was so excited to see you take up that bug net!	Mon petit Luc était ravi que tu prennes ce filet à insectes !	Малыш Люк так обрадовался, что ты <p>согласились</p><f>согласилась</f><m>согласился</m><n>согласилось</n> принять его сачок.	Малкият Люк толкова се развълнува, като те видя да взимаш мрежата за насекоми!
Cutscenes/Story Events/somethings_bugging_me/somethings_bugging_me_follow_up_3/init	[Ari], it's really sweet that you took an interest in Luc's bug hobby. Thank you!	[Ari], c'est vraiment gentil de ta part de t'intéresser à la passion de Luc. Merci !	[Ari], это так мило, что ты <p>заинтересовались</p><f>заинтересовалась</f><m>заинтересовался</m><n>заинтересовалось</n> хобби Люка. Спасибо тебе!	[Ari], много мило от твоя страна, че се заинтересува от хобито на Люк с насекомите. Благодаря ти!
Cutscenes/Story Events/somethings_bugging_me/somethings_bugging_me_follow_up_4/1	Be sure to bring me any specimens you find for the insect wing of the Museum! You'll be compensated for your contribution.	Apporte tous les spécimens que tu trouveras pour les exposer dans la section « entomologie » du musée ! Tu recevras une récompense pour ta contribution.	Не забывай заносить интересных особей мне, для секции с насекомыми в музее! Обещаю щедрое вознаграждение за твой вклад.	Непременно ми носи екземплярите, които намериш, за крилото с насекоми на Музея! Ще получиш възнаграждение за приноса си.
Cutscenes/Story Events/somethings_bugging_me/somethings_bugging_me_follow_up_4/init	Young Luc showed you the wonders of the bug net, did he?	Le jeune Luc t'a montré tout ce qu'il était possible de faire avec un filet à insectes, n'est-ce pas ?	Юный Люк показал тебе прелести сачка для жуков, да?	Младият Люк ти показа чудесата на мрежата за насекоми, така ли?
Cutscenes/Story Events/stinky_stamina_potion/stinky_stamina_potion/1	We're following that smell!	On a suivi l'odeur !	Мы следуем за запахом!	Следваме тази миризма!
Cutscenes/Story Events/stinky_stamina_potion/stinky_stamina_potion/10	While I admire your enthusiasm Dell, I think we should reward the intrepid adventurer who retrieved the final ingredient.	J'admire ton enthousiasme, Dell, mais récompensons plutôt l'intrépide <she>aventurière</she><he>aventurier</he><they>aventurier·ère</they> qui m'a apporté le dernier ingrédient.	Я ценю твой энтузиазм, Делл, но, думаю, вознаграждения заслуживает тот, кто принёс финальный ингредиент.	Макар да се възхищавам на ентусиазма ти, Дел, мисля, че трябва да наградим този, който донесе последната съставка.
Cutscenes/Story Events/stinky_stamina_potion/stinky_stamina_potion/11	Aww...	Oh...	Эээхх...	Ауу...
Cutscenes/Story Events/stinky_stamina_potion/stinky_stamina_potion/12	Cool!	Génial !	Круто!	Яко!
Cutscenes/Story Events/stinky_stamina_potion/stinky_stamina_potion/13	Hmm! Very interesting. The lilac appears to have inverted the potion's intended effect.	Mmm. Intéressant. Le lilas semble produire l'effet inverse de celui recherché.	Хмм! Занимательно. Сирень, видимо, обратила целевой эффект зелья.	Хм! Много интересно. Люлякът сякаш е обърнал очаквания ефект на отварата.
Cutscenes/Story Events/stinky_stamina_potion/stinky_stamina_potion/14	[Ari] doesn't look too good. We should go get Doctor Valen!	[Ari] n'a pas l'air dans son assiette. On devrait aller voir la docteure Valen !	[Ari] выглядит не очень. Нужно позвать докторшу Вален!	[Ari] не изглежда добре. Трябва да доведем доктор Вален!
Cutscenes/Story Events/stinky_stamina_potion/stinky_stamina_potion/15	Ah, there's no need to get that woman involved. Here now [Ari]! Why don't you toddle off to the bath, it's on me.	Non, laissons cette femme en dehors de tout ça. Bon, [Ari], que dirais-tu d'un petit bain ? C'est la maison qui offre.	Ах, нет никакой необходимости вовлекать эту женщину. [Ari], пройди-ка в ванную. За счёт заведения.	Ах, няма нужда да намесваме тази жена. Я виж, [Ari]! Защо не отидеш до банята? Аз черпя.
Cutscenes/Story Events/stinky_stamina_potion/stinky_stamina_potion/16	See kids? Right as rain. And to make sure there's no... lingering effects. $Your next five bathhouse visits are free$, [Ari]!	Vous voyez, les enfants ? Tout va bien. Et pour m'assurer qu'il n'y a aucun... effet sur la durée, $tes cinq prochaines visites aux bains sont gratuites$, [Ari] !	Видите, детки? Как рукой сняло. Ну и, на всякий случай, чтобы никаких... долгоиграющих побочных эффектов точно не было, $следующие пять купаний$ для тебя бесплатны, [Ari]!	Видяхте ли, деца? Всичко е наред. А за да сме сигурни, че няма... остатъчни ефекти. $Следващите ти пет посещения в банята са безплатни$, [Ari]!
Cutscenes/Story Events/stinky_stamina_potion/stinky_stamina_potion/17	Who would ever want to take that many baths? Yuck.	Qui pourrait bien avoir envie de prendre autant de bains ?	Кому вообще захочется так много купаться? Фу.	Кой изобщо би искал да се къпе толкова пъти? Гадост.
Cutscenes/Story Events/stinky_stamina_potion/stinky_stamina_potion/18	Thank you again for your assistance, [Ari]. I'll be sure to call on you again in the future. Now why don't you all scoot out of here, I need to do a post experiment write-up.	Encore merci pour ton aide, [Ari]. Je ferai encore appel à toi, à l'avenir. Bien, débarrassez-moi tous le plancher. Je dois mettre tout ça par écrit.	Ещё раз спасибо за помощь, [Ari]. Я непременно обращусь ещё раз. А теперь все кыш отсюда. Мне нужно записать результаты эксперимента.	Благодаря ти отново за помощта, [Ari]. Със сигурност ще се обърна към теб пак. А сега защо всички не се махнете? Трябва да напиша доклада след експеримента.
Cutscenes/Story Events/stinky_stamina_potion/stinky_stamina_potion/19	Are you sure? We could help you come up with LOTS of ways to describe how bad it smells.	Vraiment ? On pourrait t'aider à trouver plein d'idées pour décrire à quel point ça puait !	Точно? Мы тебе подскажем ОЧЕНЬ МНОГО способов описать, насколько отвратный был запах.	Сигурна ли сте? Можем да измислим МНОГО начини да опишем колко ужасно мирише.
Cutscenes/Story Events/stinky_stamina_potion/stinky_stamina_potion/2	That super gross smell!	L'odeur super dégoûtante !	Очень противным запахом!	Онази ужасна миризма!
Cutscenes/Story Events/stinky_stamina_potion/stinky_stamina_potion/20	Hot garbage!	Ça sentait les poubelles au soleil !	Гнилой мусор!	Боклук на жегата!
Cutscenes/Story Events/stinky_stamina_potion/stinky_stamina_potion/21	Dog burps!	Ou les rots de chien !	Собачья отрыжка!	Кучешки оригвания!
Cutscenes/Story Events/stinky_stamina_potion/stinky_stamina_potion/3	If I knew baths could make you smell like this, I wouldn't try to avoid them! It's like... stink armor!	Si j'avais su avant qu'on avait cette odeur en prenant un bain, j'irais la tête la première ! C'est comme... une armure qui pue !	Если бы я знала, что ванные так пахнут, я бы их так не избегала! Это же настоящая... вонючая броня!	Ако баните можеха да те накарат да миришеш така, нямаше да ги избягвам! Все едно си с... броня от воня!
Cutscenes/Story Events/stinky_stamina_potion/stinky_stamina_potion/4	What's in the cauldron isn't for the bath. It's for a... health tonic. With one sip, you'll be instantly refreshed!	Le contenu de ce chaudron ne servira pas aux bains. C'est pour concocter... une potion de santé ! Une simple gorgée et tu es sur pieds !	То, что находится в чане, не для ванн. Это... для зелья оздоровления. Один глоток — и ты полон энергии!	Това в казана не е за банята. То е... тоник за здраве. Само една глътка и веднага ще се освежиш!
Cutscenes/Story Events/stinky_stamina_potion/stinky_stamina_potion/5	No one is going to drink that if it tastes as bad as it smells.	Qui voudra boire ça si le goût est aussi horrible que l'odeur ?	Никто не станет это пить, если его вкус такой же, как и запах.	Никой няма да пие това, щом има толкова лош вкус, колкото мирише.
Cutscenes/Story Events/stinky_stamina_potion/stinky_stamina_potion/6	Ah, but I have yet to add the final ingredient. [Ari], if you would?	Oui, mais je dois ajouter le dernier ingrédient. [Ari], s'il te plaît.	Ах, ну пока тут не достает финального ингредиента. [Ari], сделай одолжение.	Ах, но още не съм добавила последната съставка. [Ari], ако обичаш?
Cutscenes/Story Events/stinky_stamina_potion/stinky_stamina_potion/7	There we are, that unfortunate smell has cleared right up. Don't you agree, [Ari]?	Et voilà, cette odeur désagréable a disparu en un clin d'œil. N'est-ce pas, [Ari] ?	Ну вот, и запаха как не было. Разве нет, [Ari]?	Готово, тази неприятна миризма веднага изчезна. Не е ли така, [Ari]?
Cutscenes/Story Events/stinky_stamina_potion/stinky_stamina_potion/7/prompts/0	Smells like old wet socks...	Ça sent la vieille chaussette mouillée...	Пахнет мокрыми носками...	Мирише на стари мокри чорапи...
Cutscenes/Story Events/stinky_stamina_potion/stinky_stamina_potion/7/prompts/1	Smells like fresh fertilizer...	Ça sent le purin tout frais...	Пахнет свежим удобрением...	Мирише на пресен тор...
Cutscenes/Story Events/stinky_stamina_potion/stinky_stamina_potion/8	An obvious improvement! Now who to test it on...	Il y a donc une amélioration ! Bien, qui va me servir de cobaye ?	Ну, значит, лучше, чем было! На ком бы теперь опробовать...	Очевидно подобрение! А сега кого да изпробваме...
Cutscenes/Story Events/stinky_stamina_potion/stinky_stamina_potion/9	Ooo, ooo! Me, me!	Oooh ! Moi, moi !	Ооо, ооо! На мне!	Оо, оо! Аз, аз!
Cutscenes/Story Events/stinky_stamina_potion/stinky_stamina_potion/init	What are you little gremlins doing here?	Qu'est-ce que vous faites là, les marmots ?	Вы что тут делаете, маленькие гремлины?	Какво правите тук, малки пакостници?
Cutscenes/Story Events/stinky_stamina_potion/stinky_stamina_potion_follow_up_1/1	Rhetorical questions, of course. Quite rhetorical. Mmhmm. Well, be on your way, you healthy adventurer you.	Ce sont des questions rhétoriques, bien sûr. Hum. Allez, file. <she>Une aventurière</she><he>Un aventurier</he><they>Un·e aventurier·ère</they> débordant de vie comme toi a sans doute des tas de choses à faire.	Это риторический вопрос, конечно. Хммм. Что ж, до скорых встреч, <p>здоровые приключенцы</p><f>здоровая приключенка</f><m>здоровый приключенец</m><n>здоровое приключенец</n>. Иди.	Риторични въпроси, разбира се. Съвсем риторични. Мхм. Е, върви си по пътя, щом си добре.
Cutscenes/Story Events/stinky_stamina_potion/stinky_stamina_potion_follow_up_1/init	You're feeling fine after you drank my potion? No long-term effects?	Tout va bien après avoir bu ma potion ? Tu ne ressens pas d'effets indésirables ?	Как у тебя самочувствие после моего зелья? Никаких долгоиграющих эффектов?	Добре ли си, след като изпи от отварата ми? Няма ли дълготрайни ефекти?
Cutscenes/Story Events/stinky_stamina_potion/stinky_stamina_potion_follow_up_2/1	She kicked me out of the Bathhouse!	Elle m'a fichue à la porte des bains !	И она выгнала меня из купальни!	Тя ме изхвърли от банята!
Cutscenes/Story Events/stinky_stamina_potion/stinky_stamina_potion_follow_up_2/init	I told Miss Juniper that her potion smelled so bad that she should call it reverse-perfume.	J'ai dit à mademoiselle Juniper que sa potion puait tellement qu'elle devrait l'appeler « Eau de poubelle ».	Я сказала мисс Джунипер, что её зелье воняет так ужасно, что его стоит назвать антидухами.	Казах на госпожица Джунипър, че отварата ѝ мирише толкова зле, че трябва да я нарече обратен парфюм.
Cutscenes/Story Events/stinky_stamina_potion/stinky_stamina_potion_follow_up_3/1	When I'm queen, I'm making her my royal poisoner.	Quand je serai reine, je ferai d'elle l'empoisonneuse officielle de la cour.	Когда я стану королевой, я посажу её в королевскую темницу.	Когато стана кралица, ще я направя кралска отровителка.
Cutscenes/Story Events/stinky_stamina_potion/stinky_stamina_potion_follow_up_3/init	Miss Juniper's potion smelled pretty bad, huh?	La potion de mademoiselle Juniper sentait vraiment mauvais, hein ?	Зелье мисс Джунипер довольно отвратительно пахло, да?	Отварата на госпожица Джунипър миришеше доста зле, а?
Cutscenes/Story Events/stinky_stamina_potion/stinky_stamina_potion_follow_up_4/1	Humanity is truly capable of anything.	Les humains sont vraiment capables de tout.	Человек действительно способен на что угодно.	Човечеството наистина е способно на всичко.
Cutscenes/Story Events/stinky_stamina_potion/stinky_stamina_potion_follow_up_4/init	I don't think there's a smell in nature as bad as that potion of Miss Juniper's. And YOU drank it. Wow!	Je crois que rien dans la nature n'empeste autant que la potion de mademoiselle Juniper. Et toi, tu l'as BUE. Waouh !	Не думаю, что в природе вообще существует запах настолько же отвратительный, как у того зелья мисс Джунипер. А ты это <p>выпили</p><f>выпила</f><m>выпил</m><n>выпило</n>! Ничего себе!	Не мисля, че в природата има миризма, толкова ужасна колкото отварата на госпожица Джунипър. А ТИ я изпи. Уау!
Cutscenes/Story Events/stinky_stamina_potion/stinky_stamina_potion_lilac/1	Hayden's farm is $to the west of your farm$, if you haven't been there yet.	Si tu n'y es jamais allé<he></he><she>e</she><they>·e</they>, c'est à l'$ouest de ta ferme$.	Если ты ещё там не <p>были</p><f>была</f><m>был</m><n>было</n>, ферма Хейдена находится $к западу от твоей$.	Фермата на Хейдън е $на запад от твоята ферма$, ако още не си ходил там.
Cutscenes/Story Events/stinky_stamina_potion/stinky_stamina_potion_lilac/init	You're looking for $Lilacs$? I've seen them growing near Hayden's farm, I think!	Tu cherches du $lilas$ ? Je crois que j'en ai vu pousser près de la ferme d'Hayden !	Ищешь $сирень$? Насколько я помню, она растёт неподалёку от фермы Хейдена.	Търсиш $люляк$? Мисля, че съм виждал да расте край фермата на Хейдън!
Cutscenes/Story Events/stinky_stamina_potion/stinky_stamina_potion_lilac_adeline/1	Hayden's farm is $to the west of your farm$, if you haven't been there yet.	Si tu n'y es jamais allé<he></he><she>e</she><they>·e</they>, c'est à l'$ouest de ta ferme$.	Если ты ещё там не <p>были</p><f>была</f><m>был</m><n>было</n>, ферма Хейдена находится $к западу от твоей$.	Фермата на Хейдън е $на запад от твоята ферма$, ако още не си ходил там.
Cutscenes/Story Events/stinky_stamina_potion/stinky_stamina_potion_lilac_adeline/init	You're looking for $Lilacs$? I've seen them growing near Hayden's farm, I think!	Tu cherches du $lilas$ ? Je crois que j'en ai vu pousser près de la ferme d'Hayden !	Ищешь $сирень$? Насколько я помню, она растёт неподалёку от фермы Хейдена.	Търсиш $люляк$? Мисля, че съм виждала да расте край фермата на Хейдън!
Cutscenes/Story Events/stinky_stamina_potion/stinky_stamina_potion_lilac_balor/1	Hayden's farm is $to the west of your farm$, if you haven't been there yet.	Si tu n'y es jamais allé<he></he><she>e</she><they>·e</they>, c'est à l'$ouest de ta ferme$.	Если ты ещё там не <p>были</p><f>была</f><m>был</m><n>было</n>, ферма Хейдена находится $к западу от твоей$.	Фермата на Хейдън е $на запад от твоята ферма$, ако още не си ходил там.
Cutscenes/Story Events/stinky_stamina_potion/stinky_stamina_potion_lilac_balor/init	You're looking for $Lilacs$? I've seen them growing near Hayden's farm, I think!	Tu cherches du $lilas$ ? Je crois que j'en ai vu pousser près de la ferme d'Hayden !	Ищешь $сирень$? Насколько я помню, она растёт неподалёку от фермы Хейдена.	Търсиш $люляк$? Мисля, че съм виждал да расте край фермата на Хейдън!
Cutscenes/Story Events/stinky_stamina_potion/stinky_stamina_potion_lilac_celine/1	Hayden's farm is $to the west of your farm$, if you haven't been there yet.	Si tu n'y es jamais allé<he></he><she>e</she><they>·e</they>, c'est à l'$ouest de ta ferme$.	Если ты ещё там не <p>были</p><f>была</f><m>был</m><n>было</n>, ферма Хейдена находится $к западу от твоей$.	Фермата на Хейдън е $на запад от твоята ферма$, ако още не си ходил там.
Cutscenes/Story Events/stinky_stamina_potion/stinky_stamina_potion_lilac_celine/init	You're looking for $Lilacs$? I've seen them growing near Hayden's farm, I think!	Tu cherches du $lilas$ ? Je crois que j'en ai vu pousser près de la ferme d'Hayden !	Ищешь $сирень$? Насколько я помню, она растёт неподалёку от фермы Хейдена.	Търсиш $люляк$? Мисля, че съм виждала да расте край фермата на Хейдън!
Cutscenes/Story Events/stinky_stamina_potion/stinky_stamina_potion_lilac_dell/1	Hayden's farm is $to the west of your farm$, if you haven't been there yet.	Si tu n'y es jamais allé<he></he><she>e</she><they>·e</they>, c'est à l'$ouest de ta ferme$.	Если ты ещё там не <p>были</p><f>была</f><m>был</m><n>было</n>, ферма Хейдена находится $к западу от твоей$.	Фермата на Хейдън е $на запад от твоята ферма$, ако още не си ходил там.
Cutscenes/Story Events/stinky_stamina_potion/stinky_stamina_potion_lilac_dell/init	You're looking for $Lilacs$? I've seen them growing near Hayden's farm, I think!	Tu cherches du $lilas$ ? Je crois que j'en ai vu pousser près de la ferme d'Hayden !	Ищешь $сирень$? Насколько я помню, она растёт неподалёку от фермы Хейдена.	Търсиш $люляк$? Мисля, че съм виждал да расте край фермата на Хейдън!
Cutscenes/Story Events/stinky_stamina_potion/stinky_stamina_potion_lilac_eiland/1	Hayden's farm is $to the west of your farm$, if you haven't been there yet.	Si tu n'y es jamais allé<he></he><she>e</she><they>·e</they>, c'est à l'$ouest de ta ferme$.	Если ты ещё там не <p>были</p><f>была</f><m>был</m><n>было</n>, ферма Хейдена находится $к западу от твоей$.	Фермата на Хейдън е $на запад от твоята ферма$, ако още не си ходил там.
Cutscenes/Story Events/stinky_stamina_potion/stinky_stamina_potion_lilac_eiland/init	You're looking for $Lilacs$? I've seen them growing near Hayden's farm, I think!	Tu cherches du $lilas$ ? Je crois que j'en ai vu pousser près de la ferme d'Hayden !	Ищешь $сирень$? Насколько я помню, она растёт неподалёку от фермы Хейдена.	Търсиш $люляк$? Мисля, че съм виждал да расте край фермата на Хейдън!
Cutscenes/Story Events/stinky_stamina_potion/stinky_stamina_potion_lilac_elsie/1	Hayden's farm is $to the west of your farm$, if you haven't been there yet.	Si tu n'y es jamais allé<he></he><she>e</she><they>·e</they>, c'est à l'$ouest de ta ferme$.	Если ты ещё там не <p>были</p><f>была</f><m>был</m><n>было</n>, ферма Хейдена находится $к западу от твоей$.	Фермата на Хейдън е $на запад от твоята ферма$, ако още не си ходил там.
Cutscenes/Story Events/stinky_stamina_potion/stinky_stamina_potion_lilac_elsie/init	You're looking for $Lilacs$? I've seen them growing near Hayden's farm, I think!	Tu cherches du $lilas$ ? Je crois que j'en ai vu pousser près de la ferme d'Hayden !	Ищешь $сирень$? Насколько я помню, она растёт неподалёку от фермы Хейдена.	Търсиш $люляк$? Мисля, че съм виждала да расте край фермата на Хейдън!
Cutscenes/Story Events/stinky_stamina_potion/stinky_stamina_potion_lilac_errol/1	Hayden's farm is $to the west of your farm$, if you haven't been there yet.	Si tu n'y es jamais allé<he></he><she>e</she><they>·e</they>, c'est à l'$ouest de ta ferme$.	Если ты ещё там не <p>были</p><f>была</f><m>был</m><n>было</n>, ферма Хейдена находится $к западу от твоей$.	Фермата на Хейдън е $на запад от твоята ферма$, ако още не си ходил там.
Cutscenes/Story Events/stinky_stamina_potion/stinky_stamina_potion_lilac_errol/init	You're looking for $Lilacs$? I've seen them growing near Hayden's farm, I think!	Tu cherches du $lilas$ ? Je crois que j'en ai vu pousser près de la ferme d'Hayden !	Ищешь $сирень$? Насколько я помню, она растёт неподалёку от фермы Хейдена.	Търсиш $люляк$? Мисля, че съм виждал да расте край фермата на Хейдън!
Cutscenes/Story Events/stinky_stamina_potion/stinky_stamina_potion_lilac_hemlock/1	Hayden's farm is $to the west of your farm$, if you haven't been there yet.	Si tu n'y es jamais allé<he></he><she>e</she><they>·e</they>, c'est à l'$ouest de ta ferme$.	Если ты ещё там не <p>были</p><f>была</f><m>был</m><n>было</n>, ферма Хейдена находится $к западу от твоей$.	Фермата на Хейдън е $на запад от твоята ферма$, ако още не си ходил там.
Cutscenes/Story Events/stinky_stamina_potion/stinky_stamina_potion_lilac_hemlock/init	You're looking for $Lilacs$? I've seen them growing near Hayden's farm, I think!	Tu cherches du $lilas$ ? Je crois que j'en ai vu pousser près de la ferme d'Hayden !	Ищешь $сирень$? Насколько я помню, она растёт неподалёку от фермы Хейдена.	Търсиш $люляк$? Мисля, че съм виждал да расте край фермата на Хейдън!
Cutscenes/Story Events/stinky_stamina_potion/stinky_stamina_potion_lilac_holt/1	Hayden's farm is $to the west of your farm$, if you haven't been there yet.	Si tu n'y es jamais allé<he></he><she>e</she><they>·e</they>, c'est à l'$ouest de ta ferme$.	Если ты ещё там не <p>были</p><f>была</f><m>был</m><n>было</n>, ферма Хейдена находится $к западу от твоей$.	Фермата на Хейдън е $на запад от твоята ферма$, ако още не си ходил там.
Cutscenes/Story Events/stinky_stamina_potion/stinky_stamina_potion_lilac_holt/init	You're looking for $Lilacs$? I've seen them growing near Hayden's farm, I think!	Tu cherches du $lilas$ ? Je crois que j'en ai vu pousser près de la ferme d'Hayden !	Ищешь $сирень$? Насколько я помню, она растёт неподалёку от фермы Хейдена.	Търсиш $люляк$? Мисля, че съм виждал да расте край фермата на Хейдън!
Cutscenes/Story Events/stinky_stamina_potion/stinky_stamina_potion_lilac_josephine/1	Hayden's farm is $to the west of your farm$, if you haven't been there yet.	Si tu n'y es jamais allé<he></he><she>e</she><they>·e</they>, c'est à l'$ouest de ta ferme$.	Если ты ещё там не <p>были</p><f>была</f><m>был</m><n>было</n>, ферма Хейдена находится $к западу от твоей$.	Фермата на Хейдън е $на запад от твоята ферма$, ако още не си ходил там.
Cutscenes/Story Events/stinky_stamina_potion/stinky_stamina_potion_lilac_josephine/init	You're looking for $Lilacs$? I've seen them growing near Hayden's farm, I think!	Tu cherches du $lilas$ ? Je crois que j'en ai vu pousser près de la ferme d'Hayden !	Ищешь $сирень$? Насколько я помню, она растёт неподалёку от фермы Хейдена.	Търсиш $люляк$? Мисля, че съм виждала да расте край фермата на Хейдън!
Cutscenes/Story Events/stinky_stamina_potion/stinky_stamina_potion_lilac_landen/1	Hayden's farm is $to the west of your farm$, if you haven't been there yet.	Si tu n'y es jamais allé<he></he><she>e</she><they>·e</they>, c'est à l'$ouest de ta ferme$.	Если ты ещё там не <p>были</p><f>была</f><m>был</m><n>было</n>, ферма Хейдена находится $к западу от твоей$.	Фермата на Хейдън е $на запад от твоята ферма$, ако още не си ходил там.
Cutscenes/Story Events/stinky_stamina_potion/stinky_stamina_potion_lilac_landen/init	You're looking for $Lilacs$? I've seen them growing near Hayden's farm, I think!	Tu cherches du $lilas$ ? Je crois que j'en ai vu pousser près de la ferme d'Hayden !	Ищешь $сирень$? Насколько я помню, она растёт неподалёку от фермы Хейдена.	Търсиш $люляк$? Мисля, че съм виждал да расте край фермата на Хейдън!
Cutscenes/Story Events/stinky_stamina_potion/stinky_stamina_potion_lilac_luc/1	Hayden's farm is $to the west of your farm$, if you haven't been there yet.	Si tu n'y es jamais allé<he></he><she>e</she><they>·e</they>, c'est à l'$ouest de ta ferme$.	Если ты ещё там не <p>были</p><f>была</f><m>был</m><n>было</n>, ферма Хейдена находится $к западу от твоей$.	Фермата на Хейдън е $на запад от твоята ферма$, ако още не си ходил там.
Cutscenes/Story Events/stinky_stamina_potion/stinky_stamina_potion_lilac_luc/init	You're looking for $Lilacs$? I've seen them growing near Hayden's farm, I think!	Tu cherches du $lilas$ ? Je crois que j'en ai vu pousser près de la ferme d'Hayden !	Ищешь $сирень$? Насколько я помню, она растёт неподалёку от фермы Хейдена.	Търсиш $люляк$? Мисля, че съм виждал да расте край фермата на Хейдън!
Cutscenes/Story Events/stinky_stamina_potion/stinky_stamina_potion_lilac_maple/1	Hayden's farm is $to the west of your farm$, if you haven't been there yet.	Si tu n'y es jamais allé<he></he><she>e</she><they>·e</they>, c'est à l'$ouest de ta ferme$.	Если ты ещё там не <p>были</p><f>была</f><m>был</m><n>было</n>, ферма Хейдена находится $к западу от твоей$.	Фермата на Хейдън е $на запад от твоята ферма$, ако още не си ходил там.
Cutscenes/Story Events/stinky_stamina_potion/stinky_stamina_potion_lilac_maple/init	You're looking for $Lilacs$? I've seen them growing near Hayden's farm, I think!	Tu cherches du $lilas$ ? Je crois que j'en ai vu pousser près de la ferme d'Hayden !	Ищешь $сирень$? Насколько я помню, она растёт неподалёку от фермы Хейдена.	Търсиш $люляк$? Мисля, че съм виждала да расте край фермата на Хейдън!
Cutscenes/Story Events/stinky_stamina_potion/stinky_stamina_potion_lilac_nora/1	Hayden's farm is $to the west of your farm$, if you haven't been there yet.	Si tu n'y es jamais allé<he></he><she>e</she><they>·e</they>, c'est à l'$ouest de ta ferme$.	Если ты ещё там не <p>были</p><f>была</f><m>был</m><n>было</n>, ферма Хейдена находится $к западу от твоей$.	Фермата на Хейдън е $на запад от твоята ферма$, ако още не си ходил там.
Cutscenes/Story Events/stinky_stamina_potion/stinky_stamina_potion_lilac_nora/init	You're looking for $Lilacs$? I've seen them growing near Hayden's farm, I think!	Tu cherches du $lilas$ ? Je crois que j'en ai vu pousser près de la ferme d'Hayden !	Ищешь $сирень$? Насколько я помню, она растёт неподалёку от фермы Хейдена.	Търсиш $люляк$? Мисля, че съм виждала да расте край фермата на Хейдън!
Cutscenes/Story Events/stinky_stamina_potion/stinky_stamina_potion_lilac_olric/1	Hayden's farm is $to the west of your farm$, if you haven't been there yet.	Si tu n'y es jamais allé<he></he><she>e</she><they>·e</they>, c'est à l'$ouest de ta ferme$.	Если ты ещё там не <p>были</p><f>была</f><m>был</m><n>было</n>, ферма Хейдена находится $к западу от твоей$.	Фермата на Хейдън е $на запад от твоята ферма$, ако още не си ходил там.
Cutscenes/Story Events/stinky_stamina_potion/stinky_stamina_potion_lilac_olric/init	You're looking for $Lilacs$? I've seen them growing near Hayden's farm, I think!	Tu cherches du $lilas$ ? Je crois que j'en ai vu pousser près de la ferme d'Hayden !	Ищешь $сирень$? Насколько я помню, она растёт неподалёку от фермы Хейдена.	Търсиш $люляк$? Мисля, че съм виждал да расте край фермата на Хейдън!
Cutscenes/Story Events/stinky_stamina_potion/stinky_stamina_potion_lilac_reina/1	Hayden's farm is $to the west of your farm$, if you haven't been there yet.	Si tu n'y es jamais allé<he></he><she>e</she><they>·e</they>, c'est à l'$ouest de ta ferme$.	Если ты ещё там не <p>были</p><f>была</f><m>был</m><n>было</n>, ферма Хейдена находится $к западу от твоей$.	Фермата на Хейдън е $на запад от твоята ферма$, ако още не си ходил там.
Cutscenes/Story Events/stinky_stamina_potion/stinky_stamina_potion_lilac_reina/init	You're looking for $Lilacs$? I've seen them growing near Hayden's farm, I think!	Tu cherches du $lilas$ ? Je crois que j'en ai vu pousser près de la ferme d'Hayden !	Ищешь $сирень$? Насколько я помню, она растёт неподалёку от фермы Хейдена.	Търсиш $люляк$? Мисля, че съм виждала да расте край фермата на Хейдън!
Cutscenes/Story Events/stinky_stamina_potion/stinky_stamina_potion_lilac_ryis/1	Hayden's farm is $to the west of your farm$, if you haven't been there yet.	Si tu n'y es jamais allé<he></he><she>e</she><they>·e</they>, c'est à l'$ouest de ta ferme$.	Если ты ещё там не <p>были</p><f>была</f><m>был</m><n>было</n>, ферма Хейдена находится $к западу от твоей$.	Фермата на Хейдън е $на запад от твоята ферма$, ако още не си ходил там.
Cutscenes/Story Events/stinky_stamina_potion/stinky_stamina_potion_lilac_ryis/init	You're looking for $Lilacs$? I've seen them growing near Hayden's farm, I think!	Tu cherches du $lilas$ ? Je crois que j'en ai vu pousser près de la ferme d'Hayden !	Ищешь $сирень$? Насколько я помню, она растёт неподалёку от фермы Хейдена.	Търсиш $люляк$? Мисля, че съм виждал да расте край фермата на Хейдън!
Cutscenes/Story Events/stinky_stamina_potion/stinky_stamina_potion_lilac_terithia/1	Hayden's farm is $to the west of your farm$, if you haven't been there yet.	Si tu n'y es jamais allé<he></he><she>e</she><they>·e</they>, c'est à l'$ouest de ta ferme$.	Если ты ещё там не <p>были</p><f>была</f><m>был</m><n>было</n>, ферма Хейдена находится $к западу от твоей$.	Фермата на Хейдън е $на запад от твоята ферма$, ако още не си ходил там.
Cutscenes/Story Events/stinky_stamina_potion/stinky_stamina_potion_lilac_terithia/init	You're looking for $Lilacs$? I've seen them growing near Hayden's farm, I think!	Tu cherches du $lilas$ ? Je crois que j'en ai vu pousser près de la ferme d'Hayden !	Ищешь $сирень$? Насколько я помню, она растёт неподалёку от фермы Хейдена.	Търсиш $люляк$? Мисля, че съм виждала да расте край фермата на Хейдън!
Cutscenes/Story Events/stinky_stamina_potion/stinky_stamina_potion_lilac_valen/1	Hayden's farm is $to the west of your farm$, if you haven't been there yet.	Si tu n'y es jamais allé<he></he><she>e</she><they>·e</they>, c'est à l'$ouest de ta ferme$.	Если ты ещё там не <p>были</p><f>была</f><m>был</m><n>было</n>, ферма Хейдена находится $к западу от твоей$.	Фермата на Хейдън е $на запад от твоята ферма$, ако още не си ходил там.
Cutscenes/Story Events/stinky_stamina_potion/stinky_stamina_potion_lilac_valen/init	You're looking for $Lilacs$? I've seen them growing near Hayden's farm, I think!	Tu cherches du $lilas$ ? Je crois que j'en ai vu pousser près de la ferme d'Hayden !	Ищешь $сирень$? Насколько я помню, она растёт неподалёку от фермы Хейдена.	Търсиш $люляк$? Мисля, че съм виждала да расте край фермата на Хейдън!
Cutscenes/Story Events/stinky_stamina_potion/stinky_stamina_potion_turn_in/init	Well well! Adeline's little Request Board scheme actually works! I'm impressed. Now, follow me.	Tiens, tiens ! Ce truc de requêtes imaginé par Adeline a fonctionné ! Je dois dire que je suis impressionnée. Bien, suis-moi.	Ну и ну! Затея Аделины с доской прощений действительно сработала! Я впечатлена. За мной.	Е, е! Идеята с Таблото за заявки на Аделайн наистина действа! Впечатлена съм. А сега ела с мен.
Cutscenes/Story Events/tea_with_hayden/tea_with_hayden/1	So you're looking to raise some $animals$? I've got quite the selection to choose from, [Ari]!	Alors comme ça, tu as décidé d'élever des $animaux$ ? J'en ai une belle sélection à te proposer, [Ari].	Значит, ты хочешь начать выращивать $животных$, [Ari]? У меня есть большой выбор!	Значи искаш да отглеждаш $животни$? Имам богат избор за теб, [Ari]!
Cutscenes/Story Events/tea_with_hayden/tea_with_hayden/10	Don't be a stranger, [Ari]! I can tell Henrietta appreciates your company, and so do I!	Passe de temps en temps, [Ari] ! Je vois qu'Henrietta apprécie ta compagnie, et moi aussi !	Не стесняйся, [Ari]! Я вижу, что Генриетте с тобой нравится, да и мне тоже!	Не изчезвай, [Ari]! Личи си, че Хенриета оценява компанията ти, а и аз също!
Cutscenes/Story Events/tea_with_hayden/tea_with_hayden/2	If you $feed$ them, $pet$ them, and $call them outside on nice days$, they'll reward you with all sorts of wonderful produce!	Si tu les $nourris$, que tu les $caresses$ et que tu les $sors quand il fait beau$, ils te récompenseront avec des tas de fabuleux produits.	Если их $кормить$, $гладить$ и $выводить на улицу в хорошую погоду$, они будут давать тебе самые разные продукты.	Ако ги $храниш$, $галиш$ и $извеждаш навън в хубави дни$, ще те възнаградят с всякакви чудесни продукти!
Cutscenes/Story Events/tea_with_hayden/tea_with_hayden/3	Fresh $eggs$ and $milk$ are real useful if you like $cooking$. You can also sell them for a nice profit!	Les $œufs$ et le $lait$ frais sont très utiles si tu aimes cuisiner. Et tu peux aussi les vendre à bon prix !	Свежие $яйца$ и $молоко$ пригодятся при $готовке$. А ещё их можно продать, если хочешь выручить денег!	Пресните $яйца$ и $мляко$ са много полезни, ако обичаш $готвенето$. А можеш и да ги продадеш за добра печалба!
Cutscenes/Story Events/tea_with_hayden/tea_with_hayden/4	Some animals even provide useful crafting materials, such as $feathers$ and $wool$.	Certains animaux peuvent même te fournir des matériaux utiles pour l'artisanat, comme des $plumes$ ou de la $laine$.	А некоторые животные дают материалы, которые нужны для изготовления предметов. Например, $перья$ и $шерсть$.	Някои животни дори дават полезни материали за изработка, като $пера$ и $вълна$.
Cutscenes/Story Events/tea_with_hayden/tea_with_hayden/5	Mistria also holds an annual $Animal Festival$ with great prizes...	Chaque année, la $fête des animaux$ est organisée à Mistria. Il y a des prix fantastiques à gagner...	Кроме того, в Мистрии каждый год проходит $Фестиваль животных$, где дают замечательные награды...	В Мистрия се провежда и ежегоден $Фестивал на животните$ с чудесни награди...
Cutscenes/Story Events/tea_with_hayden/tea_with_hayden/6	Although you might find the competition a little stiff against my Henrietta!	En revanche, tu risques de trouver la concurrence avec ma petite Henrietta assez rude !	Хотя потягаться с моей Генриеттой тебе, вероятно, будет непросто!	Макар че конкуренцията с моята Хенриета може да ти дойде малко тежка!
Cutscenes/Story Events/tea_with_hayden/tea_with_hayden/7	If you go on to $breed$ your animals with $Heart Shaped Treats$, you can even pair them to produce $rare colors$!	Si tu veux que certains de tes animaux se $reproduisent$ grâce aux $cœurs à croquer$, tu peux même les sélectionner avec soin pour créer des variantes de $couleurs rares$ !	Ещё ты можешь $скрещивать$ животных, давая им съедобные $сердечки$. Можно подбирать пары так, чтобы получить более $редкие окрасы$!	Ако $развъждаш$ животните си със $сърцевидни лакомства$, можеш дори да ги съчетаеш, за да получиш $редки окраски$!
Cutscenes/Story Events/tea_with_hayden/tea_with_hayden/8	Here's some $milled feed$ to get you started, but don't forget you can also let them $graze$ or even $hand feed$ them as a treat.	Voilà de la $nourriture en grain$ pour commencer, mais n'oublie pas que tu peux aussi les laisser sortir pour $brouter$ ou leur donner à manger $à la main$ pour les cajoler.	Возьми для начала немного $молотого корма$. Но не забывай, что ты можешь также отпускать их $на выпас$ или $угощать с рук$.	Ето малко $смлян фураж$, за да започнеш, но не забравяй, че могат и да $пасат$, а можеш и да ги $храниш на ръка$ като лакомство.
Cutscenes/Story Events/tea_with_hayden/tea_with_hayden/9	Well, I think that's about everything for now.	Voilà, je crois qu'on a fait le tour, pour le moment.	Вроде я рассказал всё, что нужно.	Е, мисля, че засега това е всичко.
Cutscenes/Story Events/tea_with_hayden/tea_with_hayden/init	Thanks for stopping by! Come on in, put up your feet!	Merci de passer ! Entre et mets-toi à l'aise.	Спасибо, что <p>зашли</p><f>зашла</f><m>зашёл</m><n>зашло</n>! Заходи, располагайся!	Благодаря, че мина! Влизай, отпусни се!
Cutscenes/Story Events/tea_with_hayden/tea_with_hayden/tutorial_prompt	Would you like to view the $Ranching Tutorial$?	Voulez-vous lire le $tutoriel consacré à l'élevage$ ?	Показать $инструкцию по животноводству$?	Искаш ли да видиш $Урока по животновъдство$?
Cutscenes/Story Events/tea_with_hayden/tea_with_hayden/tutorial_prompt/prompts/0	Yes	Oui	Да	Да
Cutscenes/Story Events/tea_with_hayden/tea_with_hayden/tutorial_prompt/prompts/1	No	Non	Нет	Не
Cutscenes/Story Events/the_unusual_tree_pt_1/the_unusual_tree_pt_1/1	As head of the Historical Society, I thought I'd investigate, but this old bark is proving to be surprisingly tough...	En tant que responsable de la Société d'histoire, je me suis dit que je devrais y jeter un œil, mais c'est un vieil arbre sacrément résistant...	Мне как главе Исторического общества захотелось выяснить, что там за ним. Но это оказалось сложнее, чем я думал...	Като председател на Историческото дружество реших да проуча, но тази стара кора се оказа изненадващо здрава...
Cutscenes/Story Events/the_unusual_tree_pt_1/the_unusual_tree_pt_1/1/prompts/0	Historical Society?	La Société d'histoire ?	Историческое общество?	Историческо дружество?
Cutscenes/Story Events/the_unusual_tree_pt_1/the_unusual_tree_pt_1/1/prompts/1	It's awfully early for this kind of thing.	On en reparlera peut-être plus tard.	Не рановато для таких работ?	Доста е рано за такива неща.
Cutscenes/Story Events/the_unusual_tree_pt_1/the_unusual_tree_pt_1/10	There we are! Don't you just love that sense of achievement?	C'est parfait ! Le sentiment du travail bien fait est grisant, tu ne trouves pas ?	Ну вот! Чувствуешь радость от достижения успеха?	Ето така! Не обичаш ли това чувство на постигнат успех?
Cutscenes/Story Events/the_unusual_tree_pt_1/the_unusual_tree_pt_1/11	I believe that reconnecting with Mistria's past is the key to our future.	Je crois qu'il est très important de nous replonger dans le passé de Mistria pour mieux construire notre avenir.	Я верю, что ключ к нашему будущему — соединиться с корнями прошлого Мистрии.	Вярвам, че връзката с миналото на Мистрия е ключът към бъдещето ни.
Cutscenes/Story Events/the_unusual_tree_pt_1/the_unusual_tree_pt_1/12	This has been a most productive morning! Thank you for all of your help. Please keep the $Axe$, and do let me know if you stumble upon any intriguing archaeological finds yourself!	Ça a été une matinée très productive ! Merci pour ton aide précieuse. Garde la $hache$, je t'en prie. Et si tu découvres d'autres curiosités archéologiques, préviens-moi !	Какое продуктивное получилось утро! Спасибо за помощь. Пожалуйста, оставь $топор$ себе. И если наткнёшься на интересные археологические находки, непременно сообщи!	Това беше изключително ползотворна сутрин! Благодаря ти за цялата помощ. Запази $брадвата$ и непременно ми кажи, ако попаднеш на интересни археологически находки!
Cutscenes/Story Events/the_unusual_tree_pt_1/the_unusual_tree_pt_1/2	Haha, that is to say, Errol, Terithia and Olric... when he can remember. I'd be delighted if you joined us!	Ha ha, outre moi, elle est composée d'Errol, Terithia et Olric... quand il s'en souvient. Ce serait formidable que tu te joignes à nous !	Ха-ха. Ну да, Эррол, Теризия и Ольрик... когда вспоминает об этом. Я буду рад, если ты к нам присоединишься!	Хаха, имам предвид Ерол, Терития и Олрик... ако успее да си спомни. Ще се радвам да се присъединиш към нас!
Cutscenes/Story Events/the_unusual_tree_pt_1/the_unusual_tree_pt_1/3	I'm terribly sorry! It's been on my mind and I just had to investigate. How about I make you an honorary member to make amends?	Je suis navré ! Je n'arrêtais pas d'y penser et il fallait absolument que je tire cette affaire au clair. Que dirais-tu de devenir membre honoraire pour me faire pardonner ?	Прошу прощения! Я не мог перестать об этом думать, я должен разузнать. Может, в качестве извинения, я сделаю тебя нашим почётным членом?	Ужасно съжалявам! Не спирам да мисля за това и просто трябваше да проуча. Какво ще кажеш да ти дам почетно членство, за да се реванширам?
Cutscenes/Story Events/the_unusual_tree_pt_1/the_unusual_tree_pt_1/4	Whew... I think I need a moment.	Pfiou... J'ai besoin de reprendre mon souffle.	Фух... кажется, мне нужна передышка.	Фух... Май ми трябва малко почивка.
Cutscenes/Story Events/the_unusual_tree_pt_1/the_unusual_tree_pt_1/4/prompts/0	Let me take a swing at it!	Je vais essayer !	Позволь мне попробовать!	Дай да опитам аз!
Cutscenes/Story Events/the_unusual_tree_pt_1/the_unusual_tree_pt_1/4/prompts/1	Let me have the axe, and I'll take care of it!	Donne-moi cette hache, je m'en occupe !	Давай мне топор, и я всё сделаю!	Дай ми брадвата и ще се оправя!
Cutscenes/Story Events/the_unusual_tree_pt_1/the_unusual_tree_pt_1/5	Oh, by all means! Here, you can have my $Axe$.	Oh, si tu insistes ! Tiens, prends ma $hache$.	Ох, конечно! Вот, можешь взять мой $топор$.	О, разбира се! Ето, можеш да вземеш моята $брадва$.
Cutscenes/Story Events/the_unusual_tree_pt_1/the_unusual_tree_pt_1/6	Haha, in that case, you're welcome to it!	Ha ha, dans ce cas, ce n'est pas de refus !	Ха-ха, что ж, я буду признателен!	Хаха, тогава е твоя!
Cutscenes/Story Events/the_unusual_tree_pt_1/the_unusual_tree_pt_1/7	Incredible!	Incroyable !	Поразительно!	Невероятно!
Cutscenes/Story Events/the_unusual_tree_pt_1/the_unusual_tree_pt_1/8	This is a statue of $Caldarus$, the mythological guardian of Mistria. Our ancient ancestors used to worship statues like this one. What an incredible find!	C'est une statue de $Caldarus$, le légendaire protecteur de Mistria. Dans les temps reculés, nos ancêtres vénéraient des statues comme celle-ci. Quelle découverte fascinante !	Это статуя $Кальдаруса$, мифического хранителя Мистрии. Наши предки поклонялись статуям вроде этой. Какая великолепная находка!	Това е статуя на $Калдаръс$, митичния пазител на Мистрия. Древните ни предци са почитали статуи като тази. Каква невероятна находка!
Cutscenes/Story Events/the_unusual_tree_pt_1/the_unusual_tree_pt_1/9	Shame about the head, but with a little help from the newest member of the Historical Society I think we can see him as good as new. If you would, [Ari]?	C'est dommage pour sa tête, mais puisque tu viens de rejoindre la Société d'histoire, nul doute que tu sauras y remédier, n'est-ce pas [Ari] ?	Жаль, что голова отвалилась, но, думаю, с помощью нового члена нашего Исторического общества мы восстановим статую, и она будет как новенькая. Поможешь, [Ari]?	Жалко за главата, но с малко помощ от най-новото попълнение в Историческото дружество мисля, че ще го възстановим като нов. Ще помогнеш ли, [Ari]?
Cutscenes/Story Events/the_unusual_tree_pt_1/the_unusual_tree_pt_1/init	Ah, good morning [Ari]! When I was here the other day I noticed something suspicious about this tree. I believe it's covering old stonework.	Ah, bonjour [Ari] ! Quand je suis venu l'autre jour, cet arbre a attiré mon attention. Je pense qu'il cache une ancienne sculpture.	Ах, доброе утро, [Ari]! Когда я был здесь в прошлый раз, я заметил это подозрительное дерево. Кажется, оно скрывает старинную каменную кладку.	А, добро утро, [Ari]! Онзи ден забелязах нещо подозрително около това дърво. Мисля, че покрива стар каменен градеж.
Cutscenes/Story Events/the_unusual_tree_pt_1/the_unusual_tree_pt_1_follow_up_1/1	He certainly is passionate about history.	C'est un euphémisme de dire que l'histoire le passionne.	У него и правда страсть к истории.	Той наистина е запален по историята.
Cutscenes/Story Events/the_unusual_tree_pt_1/the_unusual_tree_pt_1_follow_up_1/init	Did Eiland rush over your house because he was excited about an ancient artifact? It's practically a rite of passage in Mistria.	Eiland a couru jusque chez toi, surexcité à l'idée de découvrir un artéfact antique, n'est-ce pas ? C'est presque un rite de passage à Mistria.	Эйланд прибежал к твоему дому ради какого-то древнего артефакта, да? В Мистрии это почти обряд посвящения.	Айленд изтича до дома ти, защото се е развълнувал за древен артефакт? Това почти е обред за посвещаване в Мистрия.
Cutscenes/Story Events/the_unusual_tree_pt_1/the_unusual_tree_pt_1_follow_up_2/1	He believes all old relics have purpose! Even an old mine worker like me, haha!	Selon lui, les reliques du passé ont une raison d'être. Et cela vaut même pour un vieux mineur comme moi, ha ha ha !	Он верит, что у всех старых реликвий есть своё предназначение! Даже у такого старого шахтёра как я, ха-ха!	Той вярва, че всички стари реликви имат предназначение! Дори стар миньор като мен, хаха!
Cutscenes/Story Events/the_unusual_tree_pt_1/the_unusual_tree_pt_1_follow_up_2/init	Lord Eiland has singlehandedly revived the Mistria Historical Society! He's relentless in his search for ancient artifacts.	À lui seul, messire Eiland a fait renaître la Société d'histoire de Mistria ! Il est sans cesse à la recherche d'artéfacts antiques.	Лорд Эйланд собственноручно восстановил Историческое общество Мистрии! Он поистинне неутомим в поисках древних артефактов.	Лорд Айленд сам възроди Историческото дружество на Мистрия! Неуморен е в търсенето на древни артефакти.
Cutscenes/Story Events/the_unusual_tree_pt_1/the_unusual_tree_pt_1_follow_up_3/1	He even said the Sleeping Dragon Inn was a historical landmark! It does go pretty far back, come to think of it.	Il dit même que l'auberge du Dragon qui dort est un monument historique ! C'est vrai qu'elle est assez ancienne, au fond.	Он думает, что даже трактир «Спящий Дракон» — историческая достопримечательность! У него и правда давняя история, если подумать.	Дори каза, че Ханът на Спящия дракон е историческа забележителност! Като се замисля, наистина е доста стар.
Cutscenes/Story Events/the_unusual_tree_pt_1/the_unusual_tree_pt_1_follow_up_3/init	I heard Eiland found an ancient statue on your farmstead! That happens a lot around here.	Il paraît qu'Eiland a découvert une ancienne statue sur ton terrain ! Ça arrive souvent, par ici.	Слухи ходят, Эйланд нашёл древнюю статую на твоей ферме! Такое тут часто происходит.	Чух, че Айленд е открил древна статуя във фермата ти! Това често се случва тук.
Cutscenes/Story Events/the_unusual_tree_pt_1/the_unusual_tree_pt_1_follow_up_3_hemlock/1	He even said the Sleeping Dragon Inn was a historical landmark! It does go pretty far back, come to think of it.	Il dit même que l'auberge du Dragon qui dort est un monument historique ! C'est vrai qu'elle est assez ancienne, au fond.	Он даже сказал, что трактир «Спящий дракон» — это исторический памятник! Хотя, если подумать, у него и правда большая история.	Дори каза, че Ханът на Спящия дракон е историческа забележителност! Като се замисля, наистина е доста стар.
Cutscenes/Story Events/the_unusual_tree_pt_1/the_unusual_tree_pt_1_follow_up_3_hemlock/init	I heard Eiland found an ancient statue on your farmstead! That happens a lot around here.	Il paraît qu'Eiland a découvert une très vieille statue sur ton terrain. Ça arrive souvent, par ici.	Я слышал, Эйланд нашёл у тебя на ферме какую-то древнюю статую! Тут такое часто бывает.	Чух, че Айленд е открил древна статуя във фермата ти! Това често се случва тук.
Cutscenes/Story Events/the_unusual_tree_pt_1/the_unusual_tree_pt_1_follow_up_3_josephine/1	He even said the Sleeping Dragon Inn was a historical landmark! It does go pretty far back, come to think of it.	Il dit même que l'auberge du Dragon qui dort est un monument historique ! C'est vrai qu'elle est assez ancienne, au fond.	Он даже сказал, что трактир «Спящий дракон» — это исторический памятник! Хотя, если подумать, у него и правда большая история.	Дори каза, че Ханът на Спящия дракон е историческа забележителност! Като се замисля, наистина е доста стар.
Cutscenes/Story Events/the_unusual_tree_pt_1/the_unusual_tree_pt_1_follow_up_3_josephine/init	I heard Eiland found an ancient statue on your farmstead! That happens a lot around here.	Il paraît qu'Eiland a découvert une très vieille statue sur ton terrain. Ça arrive souvent, par ici.	Я слышала, Эйланд нашёл у тебя на ферме какую-то древнюю статую! Тут такое часто бывает.	Чух, че Айленд е открил древна статуя във фермата ти! Това често се случва тук.
Cutscenes/Story Events/the_unusual_tree_pt_1/the_unusual_tree_pt_1_follow_up_3_reina/1	He even said the Sleeping Dragon Inn was a historical landmark! It does go pretty far back, come to think of it.	Il dit même que l'auberge du Dragon qui dort est un monument historique ! C'est vrai qu'elle est assez ancienne, au fond.	Он даже сказал, что трактир «Спящий дракон» — это исторический памятник! Хотя, если подумать, у него и правда большая история.	Дори каза, че Ханът на Спящия дракон е историческа забележителност! Като се замисля, наистина е доста стар.
Cutscenes/Story Events/the_unusual_tree_pt_1/the_unusual_tree_pt_1_follow_up_3_reina/init	I heard Eiland found an ancient statue on your farmstead! That happens a lot around here.	Il paraît qu'Eiland a découvert une très vieille statue sur ton terrain. Ça arrive souvent, par ici.	Я слышала, Эйланд нашёл у тебя на ферме какую-то древнюю статую! Тут такое часто бывает.	Чух, че Айленд е открил древна статуя във фермата ти! Това често се случва тук.
Cutscenes/Story Events/the_unusual_tree_pt_1/the_unusual_tree_pt_1_follow_up_4/init	Eiland's enthusiasm for the ancient mysteries of Mistria is endless! It's fun getting swept up in it.	L'enthousiasme d'Eiland pour les mystères enfouis de Mistria est sans fin ! Et je me laisse prendre au jeu, ça me rajeunit.	У Эйланда безграничный энтузиазм к древним тайнам Мистрии! Это даже весело, когда он втягивает тебя в свои поиски.	Ентусиазмът на Айленд към древните загадки на Мистрия е безкраен! Лесно е да се увлечеш покрай него.
Cutscenes/Story Events/the_unusual_tree_pt_2/the_unusual_tree_pt_2/1	I am $Caldarus$, the Guardian of Mistria. Thank you for repairing my $Shrine$.	Je suis $Caldarus$, protecteur de Mistria. Je te remercie d'avoir restauré mon $autel$.	Я — $Кальдарус$, хранитель Мистрии. Благодарю тебя, что <p>починили</p><f>починила</f><m>починил</m><n>починило</n> моё $святилище$.	Аз съм $Калдаръс$, пазителят на Мистрия. Благодаря ти, че поправи моето $светилище$.
Cutscenes/Story Events/the_unusual_tree_pt_2/the_unusual_tree_pt_2/10	I hereby bestow upon you the ability to sense and collect $Essence$. You should find it naturally when $going about your daily tasks$.	Je t'accorde ainsi la faculté de ressentir et de recueillir cette $essence$. Tu devrais en trouver sans effort en $vaquant à tes occupations quotidiennes$.	Я дарую тебе умение чувствовать и собирать $эссенцию$. Она встретится тебе естественным образом, когда ты будешь заниматься своими $повседневными делами$.	С настоящето ти дарявам способността да усещаш и събираш $есенция$. Ще я откриваш естествено, докато $изпълняваш ежедневните си задачи$.
Cutscenes/Story Events/the_unusual_tree_pt_2/the_unusual_tree_pt_2/11	I grow tired... Let us speak again tomorrow at my $Shrine$.	La fatigue me gagne... Reparlons-nous demain, devant mon $autel$.	Я устал... Мы поговорим снова завтра, у моего $святилища$.	Уморявам се... Нека отново поговорим утре при моето $светилище$.
Cutscenes/Story Events/the_unusual_tree_pt_2/the_unusual_tree_pt_2/11/prompts/0	I am honored. You can count on me!	Ce sera un honneur. Je serai là !	Какая честь! Можешь на меня положиться!	За мен е чест. Можеш да разчиташ на мен!
Cutscenes/Story Events/the_unusual_tree_pt_2/the_unusual_tree_pt_2/11/prompts/1	B-but I don't want to!	M-Mais j'ai d'autres choses à faire !	Н-но я не хочу!	Н-но не искам!
Cutscenes/Story Events/the_unusual_tree_pt_2/the_unusual_tree_pt_2/12	Sleep now, mortal. We will speak again soon.	Va donc te reposer, <she>mortelle</she><he>mortel</he><they>mortel·le</they>. Nous nous reparlerons très vite.	Теперь спи, <p>смертные</p><f>смертная</f><m>смертный</m><n>смертное</n>. Скоро мы снова поговорим.	Спи сега, смъртни. Скоро отново ще говорим.
Cutscenes/Story Events/the_unusual_tree_pt_2/the_unusual_tree_pt_2/13	As the saying goes, if you do not want to be bound by fate to a dragon, then you should not repair his shrine. Sleep now, mortal.	Comme le dit l'adage, « si tu ne veux pas que ton destin soit lié à celui d'un dragon, ne restaure pas son autel ». Va donc te reposer, <she>mortelle</she><he>mortel</he><they>mortel·le</they>.	Как говорится в пословице, «если не желаешь связывать свою судьбу с драконом, не чини его святилище». Теперь спи, <p>смертные</p><f>смертная</f><m>смертный</m><n>смертное</n>.	Както гласи поговорката: ако не искаш съдбата ти да те обвърже с дракон, не поправяй светилището му. Спи сега, смъртни.
Cutscenes/Story Events/the_unusual_tree_pt_2/the_unusual_tree_pt_2/2	...	...	...	...
Cutscenes/Story Events/the_unusual_tree_pt_2/the_unusual_tree_pt_2/3	Mortal, this is not a dream. Please do not make me regret this conversation.	Ceci n'est pas un rêve, <she>mortelle</she><he>mortel</he><they>mortel·le</they>. Tâche de ne pas me faire regretter cette conversation.	Это не сон, <p>смертные</p><f>смертная</f><m>смертный</m><n>смертное</n>. Не заставляй меня жалеть об этом разговоре.	Смъртни, това не е сън. Не ме карай да съжалявам за този разговор.
Cutscenes/Story Events/the_unusual_tree_pt_2/the_unusual_tree_pt_2/4	Ah... I have been asleep since...	Ah... Je dors depuis...	Ах... я дремал со времён...	Ах... Спя от...
Cutscenes/Story Events/the_unusual_tree_pt_2/the_unusual_tree_pt_2/5	...	...	...	...
Cutscenes/Story Events/the_unusual_tree_pt_2/the_unusual_tree_pt_2/6	Well, $I cannot seem to remember$, exactly. Even now, my mind is shrouded in fog.	À dire vrai, $je ne me rappelle pas depuis quand$ exactement. Mon esprit demeure embrumé.	Хм, $не могу вспомнить$, с каких именно. Мой разум всё ещё поглощён туманом.	Е, $изглежда, че не мога да си спомня$ точно. Дори сега съзнанието ми е обвито в мъгла.
Cutscenes/Story Events/the_unusual_tree_pt_2/the_unusual_tree_pt_2/7	Magical $Essence$ has begun to flow again in Mistria, of that much I am certain.	Ce dont je suis certain, c'est que l'$essence$ magique a recommencé à s'écouler à Mistria.	Магическая $эссенция$ снова разлилась по Мистрии. В этом я уверен.	Магическата $есенция$ отново е започнала да тече в Мистрия, в това съм сигурен.
Cutscenes/Story Events/the_unusual_tree_pt_2/the_unusual_tree_pt_2/8	I ask you to extend your assistance once more, mortal.	Je te demande de me prêter à nouveau assistance, <she>mortelle</she><he>mortel</he><they>mortel·le</they>.	Я попрошу тебя оказать помощь ещё раз, <p>смертные</p><f>смертная</f><m>смертный</m><n>смертное</n>.	Моля те, помогни ми още веднъж, смъртни.
Cutscenes/Story Events/the_unusual_tree_pt_2/the_unusual_tree_pt_2/9	I need you to collect this $Essence$ and offer it at my $Shrine$ so that I may regain my strength.	Recueille cette $essence$ et fais en offrande à mon $autel$ pour que mes forces me reviennent.	Я хочу, чтобы ты <p>собрали</p><f>собрала</f><m>собрал</m><n>собрало</n> эту $эссенцию$, и <p>принесли</p><f>принесла</f><m>принёс</m><n>спринесло</n> её к моему $святилищу$, чтобы я мог восстановить свои силы.	Трябва да събереш тази $есенция$ и да я принесеш в моето $светилище$, за да възвърна силите си.
Cutscenes/Story Events/the_unusual_tree_pt_2/the_unusual_tree_pt_2/init	Well met, mortal.	Je te salue, <she>mortelle</she><he>mortel</he><they>mortel·le</they>.	Судьбоносная встреча, <p>смертные</p><f>смертная</f><m>смертный</m><n>смертное</n>.	Приветствам те, смъртни.
Cutscenes/Story Events/the_unusual_tree_pt_2/the_unusual_tree_pt_2/init/prompts/0	Y-you're the guardian dragon?	T-Tu es le dragon protecteur ?	Т-ты — дракон хранитель?	Т-Ти си драконът пазител?
Cutscenes/Story Events/the_unusual_tree_pt_2/the_unusual_tree_pt_2/init/prompts/1	Huh, this is a weird dream.	Hein ? Drôle de rêve.	Хм, ну и странный же сон.	Хм, това е странен сън.
Cutscenes/Story Events/the_unusual_tree_pt_2/the_unusual_tree_pt_2/tutorial_prompt	Would you like to view the $Skill Perk Tutorial$?	Voulez-vous lire le $tutoriel consacré aux bonus de compétences$ ?	Показать $инструкцию по навыкам$?	Искаш ли да видиш $Урока за уменията$?
Cutscenes/Story Events/the_unusual_tree_pt_2/the_unusual_tree_pt_2/tutorial_prompt/prompts/0	Yes	Oui	Да	Да
Cutscenes/Story Events/the_unusual_tree_pt_2/the_unusual_tree_pt_2/tutorial_prompt/prompts/1	No	Non	Нет	Не
