key	english	french	russian	bulgarian
Conversations/Friday Night at the Inn/Group 1/Cards/cards_1/cards_1/1	Ooh, she sounds pretty confident, don't you think, Ryis?	Oh, elle a l'air sûre d'elle, tu ne trouves pas, Ryis ?	У-у, она звучит уверенно, правда, Риз?	Ooh, she sounds pretty confident, don't you think, Ryis?
Conversations/Friday Night at the Inn/Group 1/Cards/cards_1/cards_1/2	Wish I could say... I just deal the cards, man.	Je n'en sais rien... Moi, je donne les cartes.	Не могу сказать... Я сегодня только на раздаче, друг.	Wish I could say... I just deal the cards, man.
Conversations/Friday Night at the Inn/Group 1/Cards/cards_1/cards_1/3	I'm in for fifty more tesserae.	Je relance de cinquante tesserae.	Я ставлю ещё пятьдесят тессер.	I'm in for fifty more tesserae.
Conversations/Friday Night at the Inn/Group 1/Cards/cards_1/cards_1/4	Ho ho... that bluff won't work on me. Are you quite certain you don't need any more cards, Nora?	Ho ho... ça sent le coup de bluff. Tu es vraiment sûre que tu ne veux plus de cartes, Nora ?	Хо-хо... Со мной такой блеф не пройдёт. Ты точно уверена, что тебе хватит карт, Нора?	Ho ho... that bluff won't work on me. Are you quite certain you don't need any more cards, Nora?
Conversations/Friday Night at the Inn/Group 1/Cards/cards_1/cards_1/5	Are YOU sure you don't need any more cards, Errol?	Et TOI, Errol ? Es-tu sûr que tu ne veux plus de cartes ?	А ТЫ уверен, что тебе хватит карт, Эррол?	Are YOU sure you don't need any more cards, Errol?
Conversations/Friday Night at the Inn/Group 1/Cards/cards_1/cards_1/6	Now now, let's keep it friendly... no need to get worked up.	Allons, allons, on se calme... Inutile de se provoquer les uns les autres.	Тихо, тихо, давайте по-хорошему... Не будем ссориться.	Now now, let's keep it friendly... no need to get worked up.
Conversations/Friday Night at the Inn/Group 1/Cards/cards_1/cards_1/7	Hey guys, four of a kind is good, right? Or should I hold out for five of a kind? Guys?	Dites, quatre cartes identiques, c'est bien ? Ou il vaut mieux que j'attende d'en avoir cinq ? Les amis ?	Ребята, каре — это вроде хорошо, да? Или лучше подождать пятой такой же? Ребята?	Hey guys, four of a kind is good, right? Or should I hold out for five of a kind? Guys?
Conversations/Friday Night at the Inn/Group 1/Cards/cards_1/cards_1/init	Hit me.	Sers-moi.	Ещё одну.	Hit me.
Conversations/Friday Night at the Inn/Group 1/Cards/cards_2/cards_2/1	I didn't mind... he did treat us all to another round!	Moi, ça ne m'a pas gêné... vu qu'il a payé sa tournée après !	А я и не расстроился... Всё равно он из выигрыша нас всех угостил!	I didn't mind... he did treat us all to another round!
Conversations/Friday Night at the Inn/Group 1/Cards/cards_2/cards_2/2	Hit me.	Sers-moi.	Ещё одну.	Hit me.
Conversations/Friday Night at the Inn/Group 1/Cards/cards_2/cards_2/3	Don't think you can hide your reaction from me, Errol... I know all your tells!	On ne me la fait pas, à moi, Errol... Je connais tous tes trucs !	Не думай, что я не вижу твоей реакции, Эррол... Я тебя насквозь вижу!	Don't think you can hide your reaction from me, Errol... I know all your tells!
Conversations/Friday Night at the Inn/Group 1/Cards/cards_2/cards_2/4	The problem both of you have is that your little rivalry blinds you to the rest of the table. Isn't that right, Ryis?	Vous deux, votre problème, c'est que votre petite guéguerre vous empêche d'analyser ce qui se passe autour de la table. Pas vrai, Ryis ?	Ваша проблема в том, ребята, что ваши перепалки мешают следить за остальным столом. Правда ведь, Риз?	The problem both of you have is that your little rivalry blinds you to the rest of the table. Isn't that right, Ryis?
Conversations/Friday Night at the Inn/Group 1/Cards/cards_2/cards_2/5	I wouldn't know about that, Miss Terithia... I just like dealing and doing card tricks. Watch this!	Je n'en sais rien, madame Terithia... Moi, ce qui me plaît, c'est donner les cartes et faire des tours avec. Regardez ça !	Откуда мне знать, мисс Теризия... Мне нравится стоять на раздаче и показывать фокусы. Вот, смотрите!	I wouldn't know about that, Miss Terithia... I just like dealing and doing card tricks. Watch this!
Conversations/Friday Night at the Inn/Group 1/Cards/cards_2/cards_2/6	Whoaaaa, nice moves bro! By the way, is this a full house?	Ouah, pas mal ! Rien à voir, c'est un full, ça ?	Ух ты-ы-ы, потрясно выглядит, бро! Кстати, это же фул-хаус?	Whoaaaa, nice moves bro! By the way, is this a full house?
Conversations/Friday Night at the Inn/Group 1/Cards/cards_2/cards_2/init	Olric's four of a kind was beginner's luck... this time, the pot is mine.	Le carré d'Olric, c'était la chance du débutant... Cette fois-ci, c'est moi qui vais tout rafler.	Ольрик просто новичок, вот ему и повезло с каре... На этот раз я заберу банк.	Olric's four of a kind was beginner's luck... this time, the pot is mine.
Conversations/Friday Night at the Inn/Group 1/Cards/cards_3/cards_3/1	Yes... a truce... so we can take down Olric.	Oui... On fait une trêve... pour battre Olric.	Да... Перемирие... Чтобы переиграть Ольрика.	Yes... a truce... so we can take down Olric.
Conversations/Friday Night at the Inn/Group 1/Cards/cards_3/cards_3/2	I'm with you... I can't let Olric smudge my reputation...	Je vous suis. Je ne vais quand même pas laisser Olric ternir ma réputation...	Я тоже с вами... Не позволю Ольрику запятнать мою репутацию...	I'm with you... I can't let Olric smudge my reputation...
Conversations/Friday Night at the Inn/Group 1/Cards/cards_3/cards_3/3	Friends, is this really necessary? Olric's just having fun playing the game... he even bought us all dinner with his winnings last time.	C'est vraiment nécessaire, les amis ? Olric s'amuse, c'est tout... Il nous a même payé le dîner avec ses gains l'autre jour.	Друзья, зачем вы так? Ольрик просто наслаждается игрой... В прошлый раз он даже оплатил нам всем ужин из выигрыша.	Friends, is this really necessary? Olric's just having fun playing the game... he even bought us all dinner with his winnings last time.
Conversations/Friday Night at the Inn/Group 1/Cards/cards_3/cards_3/4	Besides, he couldn't possibly win a third time in a row... right?	Et puis, je ne vois pas comment il pourrait gagner trois fois de suite... pas vrai ?	К тому же не может же он выиграть третий раз подряд... Правда?	Besides, he couldn't possibly win a third time in a row... right?
Conversations/Friday Night at the Inn/Group 1/Cards/cards_3/cards_3/5	Hey uh, sorry I wasn't listening. Can anyone tell me what the difference between a regular flush and a royal flush is?	Désolé, je n'écoutais pas. Dites, quelqu'un peut me rappeler la différence entre une quinte flush et une quinte royale ?	Ой, простите, я не слушал. Кто-нибудь может объяснить, чем отличаются обычный флеш и флеш-рояль?	Hey uh, sorry I wasn't listening. Can anyone tell me what the difference between a regular flush and a royal flush is?
Conversations/Friday Night at the Inn/Group 1/Cards/cards_3/cards_3/init	We're in agreement, then?	Alors, on est d'accord ?	Значит, договорились?	We're in agreement, then?
Conversations/Friday Night at the Inn/Group 1/Cards/cards_4/cards_4/1	He must have a tell...	Il doit y avoir un truc...	Как-то же его можно раскусить...	He must have a tell...
Conversations/Friday Night at the Inn/Group 1/Cards/cards_4/cards_4/2	I've been watching him in every game this whole season... his game face is flawless... it's like there's nothing going on behind those eyes!	Je l'ai observé à chaque partie cette saison... Il ne laisse rien paraître. C'est comme s'il n'avait aucune émotion !	Я слежу за его игрой весь сезон... У него идеальное лицо... Будто за этими глазами вообще ничего нет!	I've been watching him in every game this whole season... his game face is flawless... it's like there's nothing going on behind those eyes!
Conversations/Friday Night at the Inn/Group 1/Cards/cards_4/cards_4/3	It's just a game, guys... don't get too hung up, you know?	Ce n'est qu'un jeu, les amis... Ne prenez pas tout ça trop au sérieux, d'accord ?	Это же просто игра, ребята... Что вы такие взвинченные?	It's just a game, guys... don't get too hung up, you know?
Conversations/Friday Night at the Inn/Group 1/Cards/cards_4/cards_4/4	No Ryis, they're right... his ability to win is UNNATURAL...	Non, Ryis. Ils ont raison... Ce n'est PAS NORMAL qu'il gagne à chaque fois !	Нет, Риз, они правы... Так часто выигрывать — просто НЕНОРМАЛЬНО...	No Ryis, they're right... his ability to win is UNNATURAL...
Conversations/Friday Night at the Inn/Group 1/Cards/cards_4/cards_4/5	Drinks are on me, guys! By the way, anyone wanna see this four-leaf clover I found?	Je paie ma tournée, les amis ! Au fait, vous voulez voir le trèfle à quatre feuilles que j'ai trouvé aujourd'hui ?	Выпивка за мой счёт, ребята! Кстати, я сегодня нашёл клевер-четырёхлистник, хотите посмотреть?	Drinks are on me, guys! By the way, anyone wanna see this four-leaf clover I found?
Conversations/Friday Night at the Inn/Group 1/Cards/cards_4/cards_4/init	I can't believe this... Olric won again.	Je n'arrive pas à le croire... Olric a encore gagné.	Поверить не могу... Ольрик снова выиграл.	I can't believe this... Olric won again.
Conversations/Friday Night at the Inn/Group 1/Dragons and Drama/dnd_1/dnd_1/1	I wrote a backstory for my character, [Ari]... she's a druid, and she can talk to flowers, and she loves nature! But I don't get what to do with all these numbers...	J'ai mon personnage, [Ari]... C'est une druidesse qui parle aux fleurs et qui adore la nature ! Par contre, je ne sais pas quoi faire de tous ces chiffres...	Я написала персонажу предысторию, [Ari]... Она друидка, умеет разговаривать с цветами и обожает природу! Но я не разобралась, что делать с цифрами...	I wrote a backstory for my character, [Ari]... she's a druid, and she can talk to flowers, and she loves nature! But I don't get what to do with all these numbers...
Conversations/Friday Night at the Inn/Group 1/Dragons and Drama/dnd_1/dnd_1/2	Follow my lead, Celine! I set all of these USELESS stats to 1 so my mind stat can be 67...	Fais comme moi, Céline ! J'ai baissé toutes les stats INUTILES à 1 pour monter mon Intelligence à 67...	Делай как я, Селин! Я оставила все эти БЕСПОЛЕЗНЫЕ параметры на 1, чтобы иметь разум 67...	Follow my lead, Celine! I set all of these USELESS stats to 1 so my mind stat can be 67...
Conversations/Friday Night at the Inn/Group 1/Dragons and Drama/dnd_1/dnd_1/3	Which you would think ISN'T possible for a starter character, but if you look at the rules section 107 paragraph 2, you'll see that...	On pourrait croire que ce n'est pas possible pour un personnage de départ, mais au deuxième paragraphe du chapitre 107 des règles, il est stipulé que...	Может показаться, что это невозможно для стартового персонажа, но если заглянуть в правила, в раздел 107, второй абзац, то можно заметить...	Which you would think ISN'T possible for a starter character, but if you look at the rules section 107 paragraph 2, you'll see that...
Conversations/Friday Night at the Inn/Group 1/Dragons and Drama/dnd_1/dnd_1/4	Whew, Adeline sure does know her stuff. Look here, [Ari]... I'm whittling out some miniatures for the game.	Eh bien, Adeline s'y connaît drôlement. Regarde, [Ari]... j'ai commencé à sculpter des figurines pour la partie.	Фух, Аделина хорошо разобралась. Смотри, [Ari]... Я вырезаю нам фигурки для игры.	Whew, Adeline sure does know her stuff. Look here, [Ari]... I'm whittling out some miniatures for the game.
Conversations/Friday Night at the Inn/Group 1/Dragons and Drama/dnd_1/dnd_1/5	This is Celine's druid Daffodillia, and this is Adeline's wizard Moonsilver, and this is Balor's thief, Snicklefritz. Me?...	Ça, c'est Jonquilla, la druidesse de Céline. Là, tu as Lunargent, l'ensorceleuse d'Adeline. Ça, c'est Tirelaine, le voleur de Balor. Et moi...?	Вот друидка Селин — Нарциссия, вот волшебница Аделины — Серебряная Луна, а вот вор Балора — Вихлешмыг. А я?..	This is Celine's druid Daffodillia, and this is Adeline's wizard Moonsilver, and this is Balor's thief, Snicklefritz. Me?...
Conversations/Friday Night at the Inn/Group 1/Dragons and Drama/dnd_1/dnd_1/6	I'm Bad Brad, the Bearded Bard. Please call him by his full name.	Je suis Barbaro, le barde à barbe. Il faut m'appeler par mon nom complet.	Я Бродяга Брэд, Бородатый Бард. Прошу называть его полным именем.	I'm Bad Brad, the Bearded Bard. Please call him by his full name.
Conversations/Friday Night at the Inn/Group 1/Dragons and Drama/dnd_1/dnd_1/7	Sigh... is this what I get for arriving late to the cards table? I have no idea what's going on... or why everyone keeps calling me Snicklefritz.	Pfff... Voilà à quoi j'en suis réduit, tout ça parce que j'étais en retard pour le poker ! Je n'y comprends rien... et pourquoi tout le monde m'appelle Tirelaine ?	*вздох* И это мне досталось, потому что опоздал на карты? Я без понятия, что тут происходит... и почему меня все называют Вихлешмыг.	Sigh... is this what I get for arriving late to the cards table? I have no idea what's going on... or why everyone keeps calling me Snicklefritz.
Conversations/Friday Night at the Inn/Group 1/Dragons and Drama/dnd_1/dnd_1/init	Welcome to our inaugural session of Dragons & Drama! I'll be striving to provide a historically accurate experience, but if I slip on any details, please speak up!	Bienvenue à cette première partie de Dangers & Dragons ! Je ferai de mon mieux pour vous proposer une expérience historiquement exacte, mais dites-le-moi si je me trompe !	Добро пожаловать на нашу открывающую встречу «Перепалок & Драконов»! Я постараюсь быть верен историческим деталям, но если я что-то упущу, пожалуйста, говорите!	Welcome to our inaugural session of Dragons & Drama! I'll be striving to provide a historically accurate experience, but if I slip on any details, please speak up!
Conversations/Friday Night at the Inn/Group 1/Dragons and Drama/dnd_2/dnd_2/1	Is there anything to zap?	Est-ce qu'il y a quelque chose à foudroyer ?	Можно в кого-нибудь запульнуть?	Is there anything to zap?
Conversations/Friday Night at the Inn/Group 1/Dragons and Drama/dnd_2/dnd_2/2	Well, I suppose the King comes out to greet you, but-	Eh bien, le roi s'avance pour vous accueillir, mais...	Ну, могу сказать, что сейчас король вышел вас поприветствовать, но...	Well, I suppose the King comes out to greet you, but-
Conversations/Friday Night at the Inn/Group 1/Dragons and Drama/dnd_2/dnd_2/3	I zap the King! Ooh, look at that... I got a high roll.	Je foudroie le roi ! Oh, regardez... j'ai fait un gros lancer.	Я пуляю в короля! О, смотрите-ка... Хороший бросок.	I zap the King! Ooh, look at that... I got a high roll.
Conversations/Friday Night at the Inn/Group 1/Dragons and Drama/dnd_2/dnd_2/4	Daffodillia watches in abject horror... but doesn't stop her friend.	Jonquilla observe avec effroi... mais n'empêche pas son amie d'agir.	Нарциссия наблюдает со смиренным ужасом... Но не останавливает подругу.	Daffodillia watches in abject horror... but doesn't stop her friend.
Conversations/Friday Night at the Inn/Group 1/Dragons and Drama/dnd_2/dnd_2/5	The wizard Moonsilver... zaps the King.	L'ensorceleuse Lunargent... foudroie le roi.	Волшебница Серебряная Луна... пуляет в короля.	The wizard Moonsilver... zaps the King.
Conversations/Friday Night at the Inn/Group 1/Dragons and Drama/dnd_2/dnd_2/6	Ugh, is it my turn? I was about to get a drink. Um... Snicklefritz steals his crown. And his shoes. I'm sure that will fetch a nice sum of fake coin in this game of pretend.	Quoi, c'est à mon tour ? J'allais me commander à boire. Euh, alors... Tirelaine vole la couronne du roi. Et ses chaussures. Je parie qu'il en tirera une belle somme de faux argent dans ce jeu.	Ох, уже мой ход? Только хотел заказать выпить. Эмм... Вихлешмыг ворует у него корону. И туфли. За них наверняка неплохие воображаемые деньги в этой фантазийной игре.	Ugh, is it my turn? I was about to get a drink. Um... Snicklefritz steals his crown. And his shoes. I'm sure that will fetch a nice sum of fake coin in this game of pretend.
Conversations/Friday Night at the Inn/Group 1/Dragons and Drama/dnd_2/dnd_2/7	Bad Brad the Bearded Bard begins composing a ballad for the fallen King... I'll begin with verse one of seventeen: OHHHH-	Barbaro, le barde à barbe, se met à composer une ballade pour le défunt roi... Voici le premier couplet sur dix-sept : OHHHH...	Бродяга Брэд, Бородатый Бард начинает сочинять балладу о павшем короле... Я начну с семнадцатого куплета: О-О-О...	Bad Brad the Bearded Bard begins composing a ballad for the fallen King... I'll begin with verse one of seventeen: OHHHH-
Conversations/Friday Night at the Inn/Group 1/Dragons and Drama/dnd_2/dnd_2/8	With his dying breath, the king has cast a spell of silence on you, Brad.	Dans son dernier souffle, le roi t'a lancé un sort de mutisme, Barbaro.	На последнем дыхании король успевает наложить на тебя заклятье тишины, Брэд.	With his dying breath, the king has cast a spell of silence on you, Brad.
Conversations/Friday Night at the Inn/Group 1/Dragons and Drama/dnd_2/dnd_2/init	You've come across an ancient Aldarian castle. The architecture rises up before you, great swooping buttresses that-	Vous arrivez devant un ancien château aldarien. L'immense bâtisse se dresse face à vous avec ses grands contreforts en forme de voûte qui...	Вы подходите к древнему альдарийскому замку. Перед вами возвышается монументальное здание с огромными расходящимися опорами, которые...	You've come across an ancient Aldarian castle. The architecture rises up before you, great swooping buttresses that-
Conversations/Friday Night at the Inn/Group 1/Dragons and Drama/dnd_3/dnd_3/1	Aha, I'm familiar with Aldarian law. We have the right to appoint ourselves a defender.	Ha, mais je connais les lois aldariennes ! Nous avons le droit de désigner nous-mêmes la personne qui va nous défendre.	Ага, я знаю альдарийские законы. У нас есть право назначить защитника.	Aha, I'm familiar with Aldarian law. We have the right to appoint ourselves a defender.
Conversations/Friday Night at the Inn/Group 1/Dragons and Drama/dnd_3/dnd_3/2	I... I'll do it. I'll use one of my emerald blessings to summon us an attorney. Oh, I rolled a one... oh dear. That means our attorney is... ah... a tree...	Je... m'en occupe. J'utilise une de mes bénédictions d'émeraude pour invoquer un avocat. Oh, j'ai fait 1... Mince, ça veut dire que notre avocat est un... euh... un légume...	Я... Я помогу. Я использую одно из изумрудных благословений, чтобы призвать адвоката. Ой, я выкинула единицу... Боже мой. Значит, наш адвокат... э-э... дерево...	I... I'll do it. I'll use one of my emerald blessings to summon us an attorney. Oh, I rolled a one... oh dear. That means our attorney is... ah... a tree...
Conversations/Friday Night at the Inn/Group 1/Dragons and Drama/dnd_3/dnd_3/3	A talking tree? Snicklefritz inspects the tree for signs of intelligence... I mean, I guess he does... who cares... but tell me, though.	Un légume qui parle ? Tirelaine inspecte l'arbre à la recherche de signes d'intelligence... Enfin, je suppose... Peu importe, mais donne-moi le résultat.	Говорящее дерево? Вихлешмыг пытается рассмотреть в нём признаки интеллекта... Ну то есть, наверное, пытается... Не важно... Но всё-таки расскажи.	A talking tree? Snicklefritz inspects the tree for signs of intelligence... I mean, I guess he does... who cares... but tell me, though.
Conversations/Friday Night at the Inn/Group 1/Dragons and Drama/dnd_3/dnd_3/4	It's a normal tree... but it's very pretty!	C'est un légume tout ce qu'il y a de plus normal... mais il est très beau !	Это обычное дерево... Но очень красивое!	It's a normal tree... but it's very pretty!
Conversations/Friday Night at the Inn/Group 1/Dragons and Drama/dnd_3/dnd_3/5	I see. Well, you're all found guilty.	Je vois. Dans ce cas, vous êtes tous déclarés coupables.	Понятно. Что ж, вы все признаны виновными.	I see. Well, you're all found guilty.
Conversations/Friday Night at the Inn/Group 1/Dragons and Drama/dnd_3/dnd_3/6	Oh I have GOT to write a ballad about this one!	Oh, il faut que je compose une ballade là-dessus !	О, ну об этом я ТОЧНО должен сложить балладу!	Oh I have GOT to write a ballad about this one!
Conversations/Friday Night at the Inn/Group 1/Dragons and Drama/dnd_3/dnd_3/init	After your mercurial bout of regicide, you have become the villains of the Kingdom. According to ancient Aldarian law, you must now be tried in a court of law.	Suite à ce régicide sans raison, vous êtes devenus les criminels les plus recherchés pour le royaume. Conformément aux lois aldariennes, vous allez être jugés par un tribunal.	Из-за вашей эксцентричной выходки с убийством короля вы объявлены злодеями по всему королевству. Согласно древним альдарийским законам, вы должны предстать перед судом.	After your mercurial bout of regicide, you have become the villains of the Kingdom. According to ancient Aldarian law, you must now be tried in a court of law.
Conversations/Friday Night at the Inn/Group 1/Dragons and Drama/dnd_4/dnd_4/1	The Aldarian King, it turns out, was just a puppet... one in a long line of puppets, all propped up by this most ancient of evils. The Dark Star Skeleton King, scourge of the Ancient Witch Queens.	Le roi d'Aldaria n'était en fait qu'un pantin... le dernier d'une longue lignée aux ordres du plus vieil ennemi qui soit : le Roi-squelette de l'Étoile noire, némésis des Reines-sorcières d'antan.	Альдарийский король оказался лишь марионеткой... одной из длинной череды подручных древнейшего зла, Короля скелетов Тёмной звезды, грозы древних королев-ведьм.	The Aldarian King, it turns out, was just a puppet... one in a long line of puppets, all propped up by this most ancient of evils. The Dark Star Skeleton King, scourge of the Ancient Witch Queens.
Conversations/Friday Night at the Inn/Group 1/Dragons and Drama/dnd_4/dnd_4/10	......	...	......	......
Conversations/Friday Night at the Inn/Group 1/Dragons and Drama/dnd_4/dnd_4/11	TWENTY-FIVE!!!!!!!!!!	25 !!!	ДВАДЦАТЬ ПЯТЬ!!!!!!!!!!	TWENTY-FIVE!!!!!!!!!!
Conversations/Friday Night at the Inn/Group 1/Dragons and Drama/dnd_4/dnd_4/12	SNICKLEFRITZ!	TIRELAINE !	ВИХЛЕШМЫГ!	SNICKLEFRITZ!
Conversations/Friday Night at the Inn/Group 1/Dragons and Drama/dnd_4/dnd_4/13	SNICKLEFRITZ!!!! My HERO!!!	TIRELAINE ! MON HÉROS !	ВИХЛЕШМЫГ!!!! Мой ГЕРОЙ!!!	SNICKLEFRITZ!!!! My HERO!!!
Conversations/Friday Night at the Inn/Group 1/Dragons and Drama/dnd_4/dnd_4/14	Well done, my boy!!	Bien joué, mon garçon !	Молодчина, мой мальчик!!	Well done, my boy!!
Conversations/Friday Night at the Inn/Group 1/Dragons and Drama/dnd_4/dnd_4/15	Oh, it was nothing... Snicklefritz noticed that the enemies in this dungeon were all dark element, so he saved his holy arrow for the final battle. And with the Swiftstep Boots-	Oh, ce n'est pas grand-chose... Tirelaine a remarqué que les ennemis de ce donjon étaient tous de l'élément Ténèbres, alors il a gardé sa flèche sacrée pour le combat final. Et avec les bottes d'Agilepas...	Ой, пустяки... Вихлешмыг заметил, что в подземелье все враги были с элементом тьмы, и приберёг священную стрелу для финальной битвы. А с Ботинками расторопности...	Oh, it was nothing... Snicklefritz noticed that the enemies in this dungeon were all dark element, so he saved his holy arrow for the final battle. And with the Swiftstep Boots-
Conversations/Friday Night at the Inn/Group 1/Dragons and Drama/dnd_4/dnd_4/16	Wait does the die even go up to twenty-five?	Mais attendez, est-ce que le dé monte jusqu'à 25 ?	Погодите, на кубике вообще есть двадцать пять?	Wait does the die even go up to twenty-five?
Conversations/Friday Night at the Inn/Group 1/Dragons and Drama/dnd_4/dnd_4/17	Why, Eiland... I used an Aldarian Die.	Bien sûr, Eiland... C'est un dé aldarien.	Что ты, Эйланд... Я использовал альдарийский кубик.	Why, Eiland... I used an Aldarian Die.
Conversations/Friday Night at the Inn/Group 1/Dragons and Drama/dnd_4/dnd_4/18	You... you learned something after all...	Tu... auras appris quelque chose finalement...	Ты... ты всё же научился неплохо играть...	You... you learned something after all...
Conversations/Friday Night at the Inn/Group 1/Dragons and Drama/dnd_4/dnd_4/2	"Bad Brad the Bearded Bard lies prone on the floor... he has no songs left... he whispers, ""I wish I could have been Good Brad... just once..."""	Barbaro, le barde à barbe est à terre... Se touchant la pilosité... il murmure : « J'aurais aimé me voir avec une moustache... rien qu'une fois... »	Бродяга Брэд, Бородатый Бард лежит на земле поверженный... у него не осталось песен... он шепчет: «Я бы хотел побыть Брэдом-Домоседом... Хотя бы раз в жизни...».	"Bad Brad the Bearded Bard lies prone on the floor... he has no songs left... he whispers, ""I wish I could have been Good Brad... just once..."""
Conversations/Friday Night at the Inn/Group 1/Dragons and Drama/dnd_4/dnd_4/3	Moonsilver pulls herself upright... she's out of mana... down to 1 HP... it's up to you, my companions...	Lunargent se redresse péniblement... Elle n'a plus de mana... et plus qu'1 PV... À vous de jouer, mes compagnons...	Серебряная Луна приподнимается на ноги... У неё кончилась мана... И 1 здоровье... Всё зависит от вас, мои товарищи...	Moonsilver pulls herself upright... she's out of mana... down to 1 HP... it's up to you, my companions...
Conversations/Friday Night at the Inn/Group 1/Dragons and Drama/dnd_4/dnd_4/4	You only had 1 HP to begin with... that's what min/maxing gets you...	Tu n'as qu'1 PV depuis le début... Voilà ce que ça donne de répartir ses points n'importe comment.	У тебя и было 1 здоровье... Вот до чего доводит оптимизация...	You only had 1 HP to begin with... that's what min/maxing gets you...
Conversations/Friday Night at the Inn/Group 1/Dragons and Drama/dnd_4/dnd_4/5	My woodland cavalry are all spent... they cower in fear at the sight of the Skeleton King... it's all up to you... Snicklefritz...	Ma cavalerie sylvestre est à bout de force... Ils déguerpissent sans demander leur reste à la vue du Roi-squelette... Il n'y a plus que toi, Tirelaine...	Я истратила всех лесных рыцарей... Они пали в страхе перед ликом Короля скелетов... Надежда на тебе... Вихлешмыг...	My woodland cavalry are all spent... they cower in fear at the sight of the Skeleton King... it's all up to you... Snicklefritz...
Conversations/Friday Night at the Inn/Group 1/Dragons and Drama/dnd_4/dnd_4/6	Snicklefritz loads his Sharplight Crossbow... his Eagle-eye Goggles give him +7 to aim, and his Deft Gloves give him +5 to dexterity... he lines up the shot and fires!	Tirelaine arme son arbalète Viféclat... Ses jumelles Œilperçant lui octroient +7 en visée et ses gants de rapidité lui confèrent +5 en Dextérité... Il vise et tire !	Вихлешмыг заряжает свой Пронзающий лук... Очки орлиного взора дают +7 к прицелу, Перчатки проворства дают +5 к ловкости... Он прицеливается и стреляет!	Snicklefritz loads his Sharplight Crossbow... his Eagle-eye Goggles give him +7 to aim, and his Deft Gloves give him +5 to dexterity... he lines up the shot and fires!
Conversations/Friday Night at the Inn/Group 1/Dragons and Drama/dnd_4/dnd_4/7	Roll!	Lance le dé !	Бросай!	Roll!
Conversations/Friday Night at the Inn/Group 1/Dragons and Drama/dnd_4/dnd_4/8	......	...	......	......
Conversations/Friday Night at the Inn/Group 1/Dragons and Drama/dnd_4/dnd_4/9	......	...	......	......
Conversations/Friday Night at the Inn/Group 1/Dragons and Drama/dnd_4/dnd_4/init	It's been a long road, and you've come to the end.	La route a été longue et vous êtes arrivés au bout.	Вы прошли долгий путь и достигли финала.	It's been a long road, and you've come to the end.
Conversations/Friday Night at the Inn/Group 1/Drinks/drinkers_1/drinkers_1/1	Certainly... better to turn your senses to one thing and give it the attention it deserves. Isn't that right, young March?	Moi aussi... Autant concentrer ses sens sur un seul sujet et lui offrir toute son attention. N'est-ce pas, March ?	Разумеется... Можно сосредоточиться на одной вещи и уделить ей должное внимание. Не так ли, юный Март?	Certainly... better to turn your senses to one thing and give it the attention it deserves. Isn't that right, young March?
Conversations/Friday Night at the Inn/Group 1/Drinks/drinkers_1/drinkers_1/2	[ARI]! Come here, c'mere... I'll let you in on a little secret. You're not so bad... Haha. Oh, what was I saying again?	[Ari] ! Viens par ici... Je vais te dire un petit secret. En fait, je t'aime bien... Ha ha. Je disais quoi, déjà ?	[ARI]! Иди-ка сюда... Я тебе скажу один секрет. Ты не так уж <p>плохи</p><f>плоха</f><m>плох</m><n>плохо</n>... Ха-ха. Ох, о чём это я?	[ARI]! Come here, c'mere... I'll let you in on a little secret. You're not so bad... Haha. Oh, what was I saying again?
Conversations/Friday Night at the Inn/Group 1/Drinks/drinkers_1/drinkers_1/3	Oh my... it seems our young blacksmith is a bit of a lightweight.	Ça alors... On dirait que notre jeune forgeron ne tient pas l'alcool.	Ой-ой... Кажется, у нашего юного кузнеца голова не очень крепка.	Oh my... it seems our young blacksmith is a bit of a lightweight.
Conversations/Friday Night at the Inn/Group 1/Drinks/drinkers_1/drinkers_1/4	It's because he's drinking the cheap stuff... just like you, Valen. Having no palate is nothing to be ashamed of... here, try some of my wine. You'll see.	C'est parce qu'il boit de la piquette... comme toi, Valen. Mais il n'y a pas de honte à aimer ce qui est bon... Tiens, goûte ce vin. Tu verras la différence.	Просто он пьёт дешёвую дрянь... Как и ты, Вален. Не иметь вкуса не зазорно... Вот, попробуй моё вино. Сразу поймёшь.	It's because he's drinking the cheap stuff... just like you, Valen. Having no palate is nothing to be ashamed of... here, try some of my wine. You'll see.
Conversations/Friday Night at the Inn/Group 1/Drinks/drinkers_1/drinkers_1/5	I suppose you've had plenty of time to refine your tastes, but as a doctor I simply can't recommend drinking at home, alone.	J'imagine que tu as eu le temps d'éduquer ton palais, mais en tant que médecin, je déconseille aux gens de boire seul chez eux.	Я охотно верю, что у тебя было много времени натренировать свой вкус, но как врач я просто не могу поощрять употребление дома в одиночестве.	I suppose you've had plenty of time to refine your tastes, but as a doctor I simply can't recommend drinking at home, alone.
Conversations/Friday Night at the Inn/Group 1/Drinks/drinkers_1/drinkers_1/6	A girl can't get a little sloppy on a Monday night? This is why you have a reputation for being stiff, Valen.	Une jeune femme n'a-t-elle pas le droit de se détendre le soir en semaine ? Tu n'as pas la réputation d'être coincée pour rien, Valen.	Девушка не может позволить себе маленькую шалость в понедельник вечером? Поэтому тебя и называют занудой, Вален.	A girl can't get a little sloppy on a Monday night? This is why you have a reputation for being stiff, Valen.
Conversations/Friday Night at the Inn/Group 1/Drinks/drinkers_1/drinkers_1/7	I have a reputation...?	J'ai cette réputation...?	Меня кто-то так называет?..	I have a reputation...?
Conversations/Friday Night at the Inn/Group 1/Drinks/drinkers_1/drinkers_1/8	Come here and sit with me, [Ari]! The girls are fighting... what fun!	Viens t'asseoir à côté de moi, [Ari] ! J'adore regarder ces deux-là se crêper le chignon !	Подсаживайся ко мне, [Ari]! Девочки сейчас поссорятся... вот это зрелище!	Come here and sit with me, [Ari]! The girls are fighting... what fun!
Conversations/Friday Night at the Inn/Group 1/Drinks/drinkers_1/drinkers_1/init	These other folks and their games... I like to really sit with a drink and appreciate it, you know what I mean?	Tous ces gens qui ne pensent qu'à jouer... Personnellement, je préfère siroter mon verre tranquillement.	Эти ребята со своими играми... Мне больше нравится сесть и как следует насладиться напитком. Понимаете, о чём я?	These other folks and their games... I like to really sit with a drink and appreciate it, you know what I mean?
Conversations/Friday Night at the Inn/Group 1/Drinks/drinkers_2/drinkers_2/1	Juniper, I bought you some wine as a thank you for last time. Please, it's for you.	Juniper, je t'ai apporté une bouteille de vin pour te remercier pour la dernière fois. Tiens, c'est cadeau.	Джунипер, я купила тебе вина. Хочу отблагодарить за прошлый раз. Пожалуйста, прими подарок.	Juniper, I bought you some wine as a thank you for last time. Please, it's for you.
Conversations/Friday Night at the Inn/Group 1/Drinks/drinkers_2/drinkers_2/10	Look at those two, getting along so well... bonding over a nice drink! That's what life's all about, if you ask me.	Regardez-les, comme les deux doigts de la main aujourd'hui, à partager un verre ! C'est ça, la vie, je vous le dis.	Посмотрите на них, так хорошо поладили... сблизились за хорошей выпивкой! Я думаю, в этом и есть соль жизни.	Look at those two, getting along so well... bonding over a nice drink! That's what life's all about, if you ask me.
Conversations/Friday Night at the Inn/Group 1/Drinks/drinkers_2/drinkers_2/11	[Ari], do you think Juniper will let me try it? Maybe you can ask for me?	[Ari], tu crois que Juniper me laisserait goûter ce cru ? Tu peux lui demander ?	[Ari], как думаешь, Джунипер даст мне попробовать? Можешь за меня попросить?	[Ari], do you think Juniper will let me try it? Maybe you can ask for me?
Conversations/Friday Night at the Inn/Group 1/Drinks/drinkers_2/drinkers_2/2	This is the most expensive bottle they keep behind the bar... It's not even on the menu.	C'est la bouteille la plus chère de l'auberge... Elle ne figure même pas sur la carte.	Это самая дорогая бутылка из-под прилавка... Её же даже нет в меню.	This is the most expensive bottle they keep behind the bar... It's not even on the menu.
Conversations/Friday Night at the Inn/Group 1/Drinks/drinkers_2/drinkers_2/3	Oh, did I not mention? My father was a bit of a sommelier. We used to have this vintage with dinner.	Au fait, je ne t'avais jamais dit ? Mon père était un très grand amateur de vin. Nous buvions souvent ce cru au dîner.	О, я не упоминала? Мой отец был слегка сомелье. У нас это вино подавали к ужину.	Oh, did I not mention? My father was a bit of a sommelier. We used to have this vintage with dinner.
Conversations/Friday Night at the Inn/Group 1/Drinks/drinkers_2/drinkers_2/4	You did not. Mention that.	Non... Tu ne l'avais jamais dit.	Ты не упоминала. Такого.	You did not. Mention that.
Conversations/Friday Night at the Inn/Group 1/Drinks/drinkers_2/drinkers_2/5	Oh, how funny. Well, this is a dry wine, and aged in oak, so the taste is pleasantly full-bodied.	Oh, quelle tête de linotte ! Il s'agit d'un vin vieilli en fût de chêne, d'où sa rondeur et sa robe profonde.	Ой, надо же. Что ж, это сухое вино, выдержанное в дубовой бочке, что придаёт вкусу приятную полнотелость.	Oh, how funny. Well, this is a dry wine, and aged in oak, so the taste is pleasantly full-bodied.
Conversations/Friday Night at the Inn/Group 1/Drinks/drinkers_2/drinkers_2/6	You might miss the sweetness, though- I've heard you have a bit of a sweettooth. One of those childish quirks that makes you so charming. Go on, give it a try.	Il ne sera peut-être pas assez moelleux à ton goût... À ce qu'il paraît, tu es très bec sucré. C'est l'un de ces côtés enfantins qui font ton charme. Vas-y, goûte.	Правда, для тебя может быть недостаточно сладко... Я слышала, что ты сластёна. Одна из ребяческих черт, создающих твой особый шарм. Ну же, попробуй.	You might miss the sweetness, though- I've heard you have a bit of a sweettooth. One of those childish quirks that makes you so charming. Go on, give it a try.
Conversations/Friday Night at the Inn/Group 1/Drinks/drinkers_2/drinkers_2/7	IT'S... DELICIOUS... THANK YOU SO MUCH, THIS IS SO GENEROUS...	IL EST... DÉLICIEUX... MERCI, C'EST SI GÉNÉREUX DE TA PART...	ОНО... ВОСХИТИТЕЛЬНО... СПАСИБО ОГРОМНОЕ, ЭТО ВЕЛИКАЯ ЩЕДРОСТЬ...	IT'S... DELICIOUS... THANK YOU SO MUCH, THIS IS SO GENEROUS...
Conversations/Friday Night at the Inn/Group 1/Drinks/drinkers_2/drinkers_2/8	Oh, my pleasure.	Oh, tout le plaisir est pour moi.	Мне только в радость.	Oh, my pleasure.
Conversations/Friday Night at the Inn/Group 1/Drinks/drinkers_2/drinkers_2/9	I'll bet.	Je m'en doute.	Ещё бы!	I'll bet.
Conversations/Friday Night at the Inn/Group 1/Drinks/drinkers_2/drinkers_2/init	Oh, [Ari]... you've arrived just in time for the show.	Ah, [Ari]... Tu arrives pile pour le spectacle.	О, [Ari]... Ты как раз вовремя, сейчас начнётся.	Oh, [Ari]... you've arrived just in time for the show.
Conversations/Friday Night at the Inn/Group 1/Drinks/drinkers_3/drinkers_3/1	[Ari], you're here just in time! Juniper brought something truly special today... I've only heard stories about this wine.	[Ari], pile au bon moment ! Juniper a apporté un cru exceptionnel aujourd'hui... J'en avais souvent entendu parler.	[Ari], ты как раз вовремя! Джунипер сегодня принесла кое-что особенное... Я про это вино только слышал.	[Ari], you're here just in time! Juniper brought something truly special today... I've only heard stories about this wine.
Conversations/Friday Night at the Inn/Group 1/Drinks/drinkers_3/drinkers_3/10	I haven't seen anyone this humiliated since the Count of Thornbrook, and we all know what happened to him... and if you don't, I'll tell you later [Ari].	Je dois remonter au comte de Thornbrook pour voir quelqu'un subir une telle humiliation, et nous savons tous ce qu'il lui est arrivé... Sinon, je te le dirai plus tard, [Ari].	Я не видела подобного унижения со времён графа Торнбрука, и все мы знаем, как он закончил... Если не знаешь, [Ari], я тебе потом расскажу.	I haven't seen anyone this humiliated since the Count of Thornbrook, and we all know what happened to him... and if you don't, I'll tell you later [Ari].
Conversations/Friday Night at the Inn/Group 1/Drinks/drinkers_3/drinkers_3/11	O HO HO HO HO - ACK!	OH HO HO HO HO... ARGH !	О-ХО-ХО-ХО-ХО... АЙ!	O HO HO HO HO - ACK!
Conversations/Friday Night at the Inn/Group 1/Drinks/drinkers_3/drinkers_3/12	The bottle!	La bouteille !	Бутылка!	The bottle!
Conversations/Friday Night at the Inn/Group 1/Drinks/drinkers_3/drinkers_3/13	Juni knocked it over!	Juniper l'a renversée !	Джуни её уронила!	Juni knocked it over!
Conversations/Friday Night at the Inn/Group 1/Drinks/drinkers_3/drinkers_3/14	There it goes... all over the floor.	Il y en a plein par terre.	И всё... прямо на пол.	There it goes... all over the floor.
Conversations/Friday Night at the Inn/Group 1/Drinks/drinkers_3/drinkers_3/15	......	...	......	......
Conversations/Friday Night at the Inn/Group 1/Drinks/drinkers_3/drinkers_3/16	......	...	......	......
Conversations/Friday Night at the Inn/Group 1/Drinks/drinkers_3/drinkers_3/17	I'd offer you some, but my cup is quite empty. Thank you for sharing, Juniper.	Je vous en aurais bien donné, mais mon verre est déjà vide. En tout cas, merci, Juniper.	Я бы поделилась, но мой бокал совершенно пуст. Спасибо, что угостила, Джунипер.	I'd offer you some, but my cup is quite empty. Thank you for sharing, Juniper.
Conversations/Friday Night at the Inn/Group 1/Drinks/drinkers_3/drinkers_3/18	Correction- THIS is the most humiliated I've seen someone since the Count of Thornbrook...	Au temps pour moi. Là, je n'avais jamais vu personne se faire humilier à ce point, à part le comte de Thornbrook...	Уточнение: вот ТЕПЕРЬ я вижу величайшее унижение со времён графа Торнбрука...	Correction- THIS is the most humiliated I've seen someone since the Count of Thornbrook...
Conversations/Friday Night at the Inn/Group 1/Drinks/drinkers_3/drinkers_3/2	Gather around, everyone... for a once in a century occasion.	Approchez, les amis... pour un événement qui n'arrive qu'une fois dans une vie.	Подходите поближе... Такое случается раз в сотню лет.	Gather around, everyone... for a once in a century occasion.
Conversations/Friday Night at the Inn/Group 1/Drinks/drinkers_3/drinkers_3/3	This is Witchvine Merlot... an 800 year old vintage that I brought with me to Mistria.	Voici un merlot de Sorcelierre... un vin de 800 ans d'âge que j'ai apporté dans mes valises en venant à Mistria.	Это мерло ведьминой лозы... вино 800-летней выдержки, которое я привезла с собой в Мистрию.	This is Witchvine Merlot... an 800 year old vintage that I brought with me to Mistria.
Conversations/Friday Night at the Inn/Group 1/Drinks/drinkers_3/drinkers_3/4	Witchvine... Merlot...!	Un merlot... de Sorcelierre...!	Мерло... ведьминой лозы!..	Witchvine... Merlot...!
Conversations/Friday Night at the Inn/Group 1/Drinks/drinkers_3/drinkers_3/5	Oh, you've heard of it? I suppose with your background you've heard stories.	Oh, tu connais ? Mais oui, suis-je bête ?! J'imagine que ton père a dû t'en parler.	О, ты про него знаешь? Впрочем, ты должна была слышать рассказы, учитывая твою семью.	Oh, you've heard of it? I suppose with your background you've heard stories.
Conversations/Friday Night at the Inn/Group 1/Drinks/drinkers_3/drinkers_3/6	Yes, this is the real thing. And I think the first glass should go to Valen. For really opening my eyes to appreciating the finer things.	Oui, c'est une vraie. Je crois que Valen a droit d'y goûter en premier. Pour m'avoir ouvert les yeux sur les bonnes choses de la vie.	Да, оно настоящее. И я думаю, первый бокал надо дать Вален. За то, что открыла мне мир утончённых удовольствий.	Yes, this is the real thing. And I think the first glass should go to Valen. For really opening my eyes to appreciating the finer things.
Conversations/Friday Night at the Inn/Group 1/Drinks/drinkers_3/drinkers_3/7	So... how is it? Don't hold back, doctor.	Alors, qu'en penses-tu ? N'hésite pas, doc.	Ну... как тебе? Не стесняйся, докторша.	So... how is it? Don't hold back, doctor.
Conversations/Friday Night at the Inn/Group 1/Drinks/drinkers_3/drinkers_3/8	It's... unbelievable... transcendent. I love it...	Il... surpasse... tout. Je suis conquise...	Просто... Невероятно... Бесподобно. Я в восторге...	It's... unbelievable... transcendent. I love it...
Conversations/Friday Night at the Inn/Group 1/Drinks/drinkers_3/drinkers_3/9	Well now. Isn't that nice?	Tiens donc. À la bonne heure !	Ну и ну. Мило, правда?	Well now. Isn't that nice?
Conversations/Friday Night at the Inn/Group 1/Drinks/drinkers_3/drinkers_3/init	Sit with me, [Ari]! You're always so busy during the week...	Viens t'asseoir à côté de moi, [Ari] ! Tu n'arrêtes pas de la semaine...	Садись ко мне, [Ari]! Ты всю неделю так <p>заняты</p><f>занята</f><m>занят</m><n>занято</n>...	Sit with me, [Ari]! You're always so busy during the week...
Conversations/Friday Night at the Inn/Group 1/Drinks/drinkers_4/drinkers_4/1	Hoho! I shouldn't be getting rowdy at my age, but I'll have to show young March how we used to do things in my day!	Ho ho ! À mon âge, je ne devrais pas abuser, mais je vais montrer à ce gamin de March comment on buvait dans mon temps !	Хо-хо! В моём возрасте не стоит буянить, но юному Марту надо показать, как мы кутили в былые деньки!	Hoho! I shouldn't be getting rowdy at my age, but I'll have to show young March how we used to do things in my day!
Conversations/Friday Night at the Inn/Group 1/Drinks/drinkers_4/drinkers_4/2	What a sweet boy March is. Sigh... [Ari], I've been having my fun with the theatrics these past few weeks, but poor Juniper does seem to be a bit down this week...	March est vraiment un gentil garçon. Pfff... [Ari], je me suis bien amusé à regarder ces deux-là se bouffer le nez dernièrement, mais cette pauvre Juniper a l'air déprimée aujourd'hui...	Какой милый мальчик этот Март. *вздох*... [Ari], на прошлых встречах была прелюбопытная драма, но в этот раз бедная Джунипер правда выглядит подавленно.	What a sweet boy March is. Sigh... [Ari], I've been having my fun with the theatrics these past few weeks, but poor Juniper does seem to be a bit down this week...
Conversations/Friday Night at the Inn/Group 1/Drinks/drinkers_4/drinkers_4/3	.........	...	.........	.........
Conversations/Friday Night at the Inn/Group 1/Drinks/drinkers_4/drinkers_4/4	It's not an 800 year old bottle of Witchvine Merlot, but I've got a bottle of red at home that tastes better with company.	Ça n'a rien à voir avec un merlot de Sorcelierre de 800 ans d'âge, mais j'ai un vin rouge à la maison qui s'apprécie davantage avec de la compagnie.	У меня нет 800-летнего мерло ведьминой лозы, но зато дома лежит бутылка красного, и оно явно вкуснее в компании.	It's not an 800 year old bottle of Witchvine Merlot, but I've got a bottle of red at home that tastes better with company.
Conversations/Friday Night at the Inn/Group 1/Drinks/drinkers_4/drinkers_4/5	I'm VERY busy, but... I could find a night that's open. Maybe.	Je suis TRÈS occupée, mais... je devrais pouvoir me libérer un soir. À voir...	Я ОЧЕНЬ занята, но... У меня получится выкроить свободный вечер. Возможно.	I'm VERY busy, but... I could find a night that's open. Maybe.
Conversations/Friday Night at the Inn/Group 1/Drinks/drinkers_4/drinkers_4/6	Mm.	Mmm.	Мм.	Mm.
Conversations/Friday Night at the Inn/Group 1/Drinks/drinkers_4/drinkers_4/7	The blacksmith's choice of beer is uninspired, but... this swill does taste a little better than I thought.	La bière que le forgeron a commandée n'est pas très originale, mais... elle a meilleur goût que je ne pensais.	У этого кузнеца весьма заурядные предпочтения в пиве, но... Это пойло всё же вкуснее, чем я ожидала.	The blacksmith's choice of beer is uninspired, but... this swill does taste a little better than I thought.
Conversations/Friday Night at the Inn/Group 1/Drinks/drinkers_4/drinkers_4/8	It does, doesn't it?	Oui, n'est-ce pas ?	Точно, скажи ведь?	It does, doesn't it?
Conversations/Friday Night at the Inn/Group 1/Drinks/drinkers_4/drinkers_4/9	Cheers, Doctor.	Santé, doc.	За здоровье, докторша.	Cheers, Doctor.
Conversations/Friday Night at the Inn/Group 1/Drinks/drinkers_4/drinkers_4/init	Juni spilled her fancy wine last week... but it's the thought that counts, and she was thinking of all of us when she brought it! So this week... DRINKS ARE ON ME! AWOOOOOOO!	Juniper a renversé son cru exceptionnel la semaine dernière... Enfin, c'est l'intention qui compte et elle pensait à nous en l'amenant ! Alors, ce soir... C'EST MOI QUI RINCE ! WOUHOU !	На прошлой неделе Джуни уронила своё шикарное вино... но мы ценим благие помыслы, а она решила принести его ради нас! Так что в этот раз... Я ВСЕХ УГОЩАЮ! У-ХУ-У-У-У!	Juni spilled her fancy wine last week... but it's the thought that counts, and she was thinking of all of us when she brought it! So this week... DRINKS ARE ON ME! AWOOOOOOO!
Conversations/Friday Night at the Inn/Group 1/Inn Folk/inn_folk_1/inn_folk_1_hemlock/init	Sometimes I can't tell if those two are friends or enemies... I suppose it isn't too important as long as they can share a drink.	Parfois, j'ai du mal à savoir si ces deux-là sont amies ou rivales... Mais peu importe, du moment qu'elles lèvent leur verre ensemble.	Иногда я не могу понять, дружат они или враждуют... Впрочем, это не так уж и важно, раз они всё равно пьют вместе.	Sometimes I can't tell if those two are friends or enemies... I suppose it isn't too important as long as they can share a drink.
Conversations/Friday Night at the Inn/Group 1/Inn Folk/inn_folk_1/inn_folk_1_josephine/init	Eiland has been talking about this game of his for weeks... I hope the others are as excited as he is.	Eiland parle de ce jeu depuis des semaines... J'espère que les autres sont aussi impatients d'y jouer que lui.	Эйланд уже которую неделю рассказывает об этой своей игре... Надеюсь, остальным понравится не меньше, чем ему.	Eiland has been talking about this game of his for weeks... I hope the others are as excited as he is.
Conversations/Friday Night at the Inn/Group 1/Inn Folk/inn_folk_1/inn_folk_1_reina/init	The Inn is so full! This is what I call a successful night... thanks for coming by and being a part of it, [Ari].	L'auberge est pleine à craquer ! C'est ce que j'appelle une soirée réussie... Merci d'avoir accepté de te joindre à nous, [Ari].	Трактир просто забит! Вот это я называю: успешный вечер... Спасибо, что <p>зашли</p><f>зашла</f><m>зашёл</m><n>зашло</n> разделить его с нами, [Ari].	The Inn is so full! This is what I call a successful night... thanks for coming by and being a part of it, [Ari].
Conversations/Friday Night at the Inn/Group 1/Inn Folk/inn_folk_2/inn_folk_2_hemlock/init	Valen bought our most expensive bottle of wine... my eyes just about popped out of my head.	Valen a acheté notre bouteille de vin la plus chère... J'en suis resté comme deux ronds de flan.	Вален купила у нас самую дорогую бутылку... У меня аж волосы дыбом встали.	Valen bought our most expensive bottle of wine... my eyes just about popped out of my head.
Conversations/Friday Night at the Inn/Group 1/Inn Folk/inn_folk_2/inn_folk_2_josephine/init	Last time they were here, Holt broke into song for two hours. I may have politely asked Eiland to rein him in a little... no offense, Holt...	La dernière fois, Holt a chanté deux heures durant. J'ai sûrement gentiment demandé à Eiland de le calmer... Sans vouloir te vexer, Holt...	В прошлый раз, когда они заходили, Хольт затянул песню на два часа. Я вежливо попросила Эйланда его придержать... Без обид, Хольт...	Last time they were here, Holt broke into song for two hours. I may have politely asked Eiland to rein him in a little... no offense, Holt...
Conversations/Friday Night at the Inn/Group 1/Inn Folk/inn_folk_2/inn_folk_2_reina/init	Wow, the cards table is hot tonight, [Ari]. Watch out...	Ouh là, ça chauffe à la table de poker ce soir, [Ari]. Fais attention !	Ух, за карточным столом сегодня жарко, [Ari]. Осторожнее с ними...	Wow, the cards table is hot tonight, [Ari]. Watch out...
Conversations/Friday Night at the Inn/Group 1/Inn Folk/inn_folk_3/inn_folk_3_hemlock/init	Juniper brought a bottle of Witchvine Merlot. Can you believe it? The stuff is legendary... maybe I can get a taste...	Juniper a apporté un merlot de Sorcelierre. Incroyable ! C'est un cépage légendaire... Je pourrais peut-être y tremper les lèvres...	Джунипер принесла бутылку мерло ведьминой лозы. Ты представляешь? Это легендарное вино... Может, даст попробовать...	Juniper brought a bottle of Witchvine Merlot. Can you believe it? The stuff is legendary... maybe I can get a taste...
Conversations/Friday Night at the Inn/Group 1/Inn Folk/inn_folk_3/inn_folk_3_josephine/init	You know, Balor pretends like Eiland's game is beneath him, but between you and me? I'd say he's getting into it. I saw him scribbling notes about his character earlier this week...	Balor répète que le jeu d'Eiland n'est pas assez bien pour lui, mais tu sais ce que j'en pense ? Que ça lui plaît ! Je l'ai vu avancer son personnage toute la semaine...	Знаешь, Балор притворяется, что игра Эйланда ему неинтересна, но между нами скажу: он уже втянулся. На этой неделе я видела, как он писал заметки про персонажа...	You know, Balor pretends like Eiland's game is beneath him, but between you and me? I'd say he's getting into it. I saw him scribbling notes about his character earlier this week...
Conversations/Friday Night at the Inn/Group 1/Inn Folk/inn_folk_3/inn_folk_3_reina/init	Dell, Maple and Luc have been sneaking around all night... you wouldn't know anything about that, would you, [Ari]? No, of course not...	Dell, Maple et Luc ont joué les petites souris toute la soirée... Tu ne sais pas ce qu'ils manigancent, [Ari] ? Non, évidemment...	Делл, Мэйпл и Люк где-то прячутся весь вечер... Ты ведь ничего об этом не знаешь, так, [Ari]? Ну да, откуда тебе...	Dell, Maple and Luc have been sneaking around all night... you wouldn't know anything about that, would you, [Ari]? No, of course not...
Conversations/Friday Night at the Inn/Group 1/Inn Folk/inn_folk_4/inn_folk_4_hemlock/init	You know, I've known March for a while, and it still surprises me that he's a happy drunk. It's kind of charming, actually.	Je connais March depuis un moment maintenant, et je suis toujours surpris par sa bonne humeur quand il a bu. C'est presque mignon.	Знаешь, я давно знаком с Мартом, но до сих пор удивляюсь, что он добреет, когда пьяный. Вообще-то, это очень мило.	You know, I've known March for a while, and it still surprises me that he's a happy drunk. It's kind of charming, actually.
Conversations/Friday Night at the Inn/Group 1/Inn Folk/inn_folk_4/inn_folk_4_josephine/init	Things are getting heated over at Eiland's table... It sounds like it's all down to Snicklefritz... I mean Balor...	Ça chauffe à la table d'Eiland... Apparemment, tous les espoirs reposent sur Tirelaine, enfin... Balor, je veux dire.	Атмосфера за столом Эйланда накаляется... Судя по всему, дело за Вихлешмыгом... В смысле, за Балором...	Things are getting heated over at Eiland's table... It sounds like it's all down to Snicklefritz... I mean Balor...
Conversations/Friday Night at the Inn/Group 1/Inn Folk/inn_folk_4/inn_folk_4_josephine_2/init	Snicklefritz... you came through for your friends in their time of need, when the chips were down... oh, I'm getting all misty!	Tirelaine... tu as su protéger tes amis quand ils en avaient besoin, alors que tout espoir était perdu... Ouh là, je m'emporte !	Вихлешмыг... Ты спас друзей в трудную минуту, когда удача повернулась спиной... Ох, я сейчас расплачусь!	Snicklefritz... you came through for your friends in their time of need, when the chips were down... oh, I'm getting all misty!
Conversations/Friday Night at the Inn/Group 1/Kids/kids_plot_1/kids_plot_1/1	The coast is clear...	La voie est libre...	Всё чисто...	The coast is clear...
Conversations/Friday Night at the Inn/Group 1/Kids/kids_plot_1/kids_plot_1/10	His secrets, more precisely. Why does he always keep his door locked? Is it because we keep trying to go in there uninvited? We're going to find out.	Enfin, ses secrets. Pourquoi est-ce que sa porte est toujours fermée à clé ? Parce qu'on a essayé d'entrer plusieurs fois sans y être invités ? On compte bien le découvrir.	А точнее, его секреты. Почему его дверь всегда заперта? Неужели потому, что мы пытаемся пробраться туда без приглашения? Пришла пора разобраться.	His secrets, more precisely. Why does he always keep his door locked? Is it because we keep trying to go in there uninvited? We're going to find out.
Conversations/Friday Night at the Inn/Group 1/Kids/kids_plot_1/kids_plot_1/11	Meet us here next week, [Ari]!	On se retrouve ici la semaine prochaine, [Ari] !	Увидимся на следующей неделе, [Ari]!	Meet us here next week, [Ari]!
Conversations/Friday Night at the Inn/Group 1/Kids/kids_plot_1/kids_plot_1/2	Now before we tell you anything, you have to pinky swear you won't tell anyone...	Avant qu'on te dise quoi que ce soit, tu dois nous jurer que tu ne diras rien à personne...	Но мы тебе ничего не расскажем, пока не поклянёшься на мизинчике, что никому ни слова...	Now before we tell you anything, you have to pinky swear you won't tell anyone...
Conversations/Friday Night at the Inn/Group 1/Kids/kids_plot_1/kids_plot_1/3	Because we're planning a HEIST!	On prépare un CASSE !	Мы планируем НАЛЁТ!	Because we're planning a HEIST!
Conversations/Friday Night at the Inn/Group 1/Kids/kids_plot_1/kids_plot_1/4	Luc is the brains...	Luc, c'est le cerveau...	Люк будет нашими мозгами...	Luc is the brains...
Conversations/Friday Night at the Inn/Group 1/Kids/kids_plot_1/kids_plot_1/5	Dell is the brawn...	Dell, c'est les muscles...	Делл будет кулаками...	Dell is the brawn...
Conversations/Friday Night at the Inn/Group 1/Kids/kids_plot_1/kids_plot_1/6	I'm the face...	Moi, je suis leur façade...	А я лицом...	I'm the face...
Conversations/Friday Night at the Inn/Group 1/Kids/kids_plot_1/kids_plot_1/7	And you're the courier, [Ari]!	Et toi, tu seras notre messager, [Ari] !	А ты <p>посыльные</p><f>посыльная</f><m>посыльный</m><n>посыльное</n>, [Ari]!	And you're the courier, [Ari]!
Conversations/Friday Night at the Inn/Group 1/Kids/kids_plot_1/kids_plot_1/8	And our target is...	Notre cible est...	А наша цель...	And our target is...
Conversations/Friday Night at the Inn/Group 1/Kids/kids_plot_1/kids_plot_1/9	Mister Balor!	Monsieur Balor !	Мистер Балор!	Mister Balor!
Conversations/Friday Night at the Inn/Group 1/Kids/kids_plot_1/kids_plot_1/init	Psst, [Ari]! Don't let anyone see you...	Psst, [Ari] ! Ne te fais pas repérer...	Псс, [Ari]! Не дай им себя заметить...	Psst, [Ari]! Don't let anyone see you...
Conversations/Friday Night at the Inn/Group 1/Kids/kids_plot_2/kids_plot_2/1	You're probably wondering what the plan is, [Ari].	Tu te demandes sûrement quel est notre plan, [Ari].	Тебе, наверное, интересно, какой у нас план, [Ari].	You're probably wondering what the plan is, [Ari].
Conversations/Friday Night at the Inn/Group 1/Kids/kids_plot_2/kids_plot_2/10	He'll sleep like a baby.	Il s'endormira en un rien de temps.	Он уснёт как младенец.	He'll sleep like a baby.
Conversations/Friday Night at the Inn/Group 1/Kids/kids_plot_2/kids_plot_2/11	And then you'll get his keys, [Ari]... and we'll look inside his room. Does everyone understand their role?	C'est là que tu lui piques ses clés, [Ari]... et qu'on va fouiller sa chambre. Tout le monde a compris ce qu'il doit faire ?	Затем ты снимешь с него ключи, [Ari]... И мы заглянем к нему в комнату. Все поняли свои роли?	And then you'll get his keys, [Ari]... and we'll look inside his room. Does everyone understand their role?
Conversations/Friday Night at the Inn/Group 1/Kids/kids_plot_2/kids_plot_2/12	Next week... is GO time. Rest up, [Ari].	La semaine prochaine... on met le plan à exécution. D'ici là, repose-toi bien, [Ari].	На следующей неделе... ПРИДЁТ ЧАС. Отдохни хорошенько, [Ari].	Next week... is GO time. Rest up, [Ari].
Conversations/Friday Night at the Inn/Group 1/Kids/kids_plot_2/kids_plot_2/2	I sure am.	Moi, oui.	Мне точно интересно.	I sure am.
Conversations/Friday Night at the Inn/Group 1/Kids/kids_plot_2/kids_plot_2/3	On Friday nights, Reina makes cheese & potatoes. Now, we all know cheese & potatoes makes Mister Balor VERY sleepy.	Reina cuisine des patates au fromage le vendredi soir. Et on sait tous que monsieur Balor s'assoupit après avoir mangé ce plat.	По пятницам Рейна готовит картофель с сыром. А мы знаем, что от картофеля с сыром мистер Балор ОЧЕНЬ сонливый.	On Friday nights, Reina makes cheese & potatoes. Now, we all know cheese & potatoes makes Mister Balor VERY sleepy.
Conversations/Friday Night at the Inn/Group 1/Kids/kids_plot_2/kids_plot_2/4	[Ari], you'll be the lookout.	[Ari], tu feras le guet.	[Ari], будешь наблюдать.	[Ari], you'll be the lookout.
Conversations/Friday Night at the Inn/Group 1/Kids/kids_plot_2/kids_plot_2/5	Maple, you'll be the distraction. Reina can't say no when you want attention.	Maple, tu feras diversion. Reina ne sait pas te dire non quand tu veux attirer son attention.	А ты, Мэйпл, отвлеки Рейну. Она не может отказать, когда ты требуешь внимания.	Maple, you'll be the distraction. Reina can't say no when you want attention.
Conversations/Friday Night at the Inn/Group 1/Kids/kids_plot_2/kids_plot_2/6	Naturally.	Bah oui, normal.	Естественно.	Naturally.
Conversations/Friday Night at the Inn/Group 1/Kids/kids_plot_2/kids_plot_2/7	Dell, you'll... ah... liberate a big plate of cheese & potatoes from the kitchen while Reina is distracted.	Dell, pendant que Reina sera occupée, tu serviras une assiette géante de patates au fromage de la cuisine.	Делл, ты... эээ... вызволишь из кухни большую тарелку картофеля с сыром, когда Рейна отвлечётся.	Dell, you'll... ah... liberate a big plate of cheese & potatoes from the kitchen while Reina is distracted.
Conversations/Friday Night at the Inn/Group 1/Kids/kids_plot_2/kids_plot_2/8	[Ari], you'll deliver the cheese & potatoes to Mister Balor, along with a warm beer.	[Ari], tu apporteras le plat de patates au fromage à monsieur Balor, avec une bière chaude.	[Ari], ты доставишь картофель с сыром мистеру Балору с кружкой тёплого пива.	[Ari], you'll deliver the cheese & potatoes to Mister Balor, along with a warm beer.
Conversations/Friday Night at the Inn/Group 1/Kids/kids_plot_2/kids_plot_2/9	So warm.	Bien chaude.	Очень тёплого.	So warm.
Conversations/Friday Night at the Inn/Group 1/Kids/kids_plot_2/kids_plot_2/init	I hereby convene the second meeting of the Dragonguard Heist!	Je déclare ouverte la deuxième réunion du casse de la Garde des dragons !	Итак, я объявляю второе обсуждение налёта Драконьей стражи открытым!	I hereby convene the second meeting of the Dragonguard Heist!
Conversations/Friday Night at the Inn/Group 1/Kids/kids_plot_3/kids_plot_3/1	We were going to make Balor sleepy with cheese & potatoes...	On avait prévu de mettre Balor hors d'état de nuire avec un plat de patates au fromage...	Мы хотели усыпить Балора картофелем с сыром...	We were going to make Balor sleepy with cheese & potatoes...
Conversations/Friday Night at the Inn/Group 1/Kids/kids_plot_3/kids_plot_3/10	......	...	......	......
Conversations/Friday Night at the Inn/Group 1/Kids/kids_plot_3/kids_plot_3/11	Dell, he'll be IN his room. He'll be SO mad.	Mais Dell, il sera dans sa chambre. S'il nous surprend, il sera super énervé.	Делл, он будет ВНУТРИ комнаты. И он УЖАСНО рассердится.	Dell, he'll be IN his room. He'll be SO mad.
Conversations/Friday Night at the Inn/Group 1/Kids/kids_plot_3/kids_plot_3/12	We'll be REALLY quiet.	On ne fera pas de bruit.	Но мы ОЧЕНЬ тихо.	We'll be REALLY quiet.
Conversations/Friday Night at the Inn/Group 1/Kids/kids_plot_3/kids_plot_3/13	[Ari], you better leave this to us professionals... we'll report back next week...	[Ari], laisse ça aux professionnels... On te fera un compte-rendu la semaine prochaine.	[Ari], лучше пока оставь дело нам, профессионалам... Мы отчитаемся об успехах на следующей неделе...	[Ari], you better leave this to us professionals... we'll report back next week...
Conversations/Friday Night at the Inn/Group 1/Kids/kids_plot_3/kids_plot_3/2	But there's no cheese & potatoes on the menu this week! How did I miss this in my calculations...	Mais il n'y en a pas au menu cette semaine ! Comment ai-je pu ne pas penser à cette éventualité...?	Но на этой неделе картофеля с сыром нет в меню! Как я мог так просчитаться...	But there's no cheese & potatoes on the menu this week! How did I miss this in my calculations...
Conversations/Friday Night at the Inn/Group 1/Kids/kids_plot_3/kids_plot_3/3	So what do we do?	Qu'est-ce qu'on fait ?	И что нам делать?	So what do we do?
Conversations/Friday Night at the Inn/Group 1/Kids/kids_plot_3/kids_plot_3/4	We improvise!	On improvise !	Импровизировать!	We improvise!
Conversations/Friday Night at the Inn/Group 1/Kids/kids_plot_3/kids_plot_3/5	Oh no... you know what happens when Dell improvises...	Oh non... On sait ce qui se passe quand Dell improvise.	О нет... Мы знаем, что выходит, когда Делл импровизирует...	Oh no... you know what happens when Dell improvises...
Conversations/Friday Night at the Inn/Group 1/Kids/kids_plot_3/kids_plot_3/6	Don't worry about it!	Ne vous en faites pas !	Да не волнуйся!	Don't worry about it!
Conversations/Friday Night at the Inn/Group 1/Kids/kids_plot_3/kids_plot_3/7	It's never good...	Je sens qu'on va le regretter...	Ничего хорошего...	It's never good...
Conversations/Friday Night at the Inn/Group 1/Kids/kids_plot_3/kids_plot_3/8	ANYWAY... if we need Mister Balor to be asleep, I say we strike... at DAWN!	MAIS NAN ! Bref, s'il faut que monsieur Balor dorme, frappons... au petit matin !	ТАК ВОТ... Если мы хотим, чтобы мистер Балор спал, я считаю, надо выступать... НА ЗАРЕ!	ANYWAY... if we need Mister Balor to be asleep, I say we strike... at DAWN!
Conversations/Friday Night at the Inn/Group 1/Kids/kids_plot_3/kids_plot_3/9	......	...	......	......
Conversations/Friday Night at the Inn/Group 1/Kids/kids_plot_3/kids_plot_3/init	Welcome to the third meeting of the Dragonguard Heist... there's a problem.	Bienvenue à cette troisième réunion du casse de la Garde des dragons... On a un problème.	Добро пожаловать на третье обсуждение налёта Драконьей Стражи... У нас проблема.	Welcome to the third meeting of the Dragonguard Heist... there's a problem.
Conversations/Friday Night at the Inn/Group 1/Kids/kids_plot_4/kids_plot_4/1	Because we're GROUNDED!	Dernière, parce qu'on est punis !	Потому что нас ЗАПЕРЛИ дома!	Because we're GROUNDED!
Conversations/Friday Night at the Inn/Group 1/Kids/kids_plot_4/kids_plot_4/10	Sigh. At least we found out Mister Balor's secret.	Pfff... Au moins, on a découvert le secret de monsieur Balor.	*вздох* Зато мы хотя бы узнали тайну мистера Балора.	Sigh. At least we found out Mister Balor's secret.
Conversations/Friday Night at the Inn/Group 1/Kids/kids_plot_4/kids_plot_4/11	Yeah...	Ouais.	Да...	Yeah...
Conversations/Friday Night at the Inn/Group 1/Kids/kids_plot_4/kids_plot_4/12	His room is REALLY messy.	Que c'est le bazar dans sa chambre !	В его комнате УЖАСНЫЙ бардак.	His room is REALLY messy.
Conversations/Friday Night at the Inn/Group 1/Kids/kids_plot_4/kids_plot_4/13	SO messy. I'm messy, but I could learn something from Mister Balor...	Mais vraiment ! Je n'aime pas trop ranger non plus, mais ça n'a jamais à ce point-là dans ma chambre...	ТАКОЙ бардак. У меня тоже бардак, но мистер Балор на голову меня обошёл...	SO messy. I'm messy, but I could learn something from Mister Balor...
Conversations/Friday Night at the Inn/Group 1/Kids/kids_plot_4/kids_plot_4/14	Is he even an adult? If you ask me, he's the one who should be grounded.	C'est indigne d'un adulte ! C'est lui qui devrait être puni.	Он точно взрослый? По-моему, это его надо запереть дома.	Is he even an adult? If you ask me, he's the one who should be grounded.
Conversations/Friday Night at the Inn/Group 1/Kids/kids_plot_4/kids_plot_4/2	It was a good plan, guys...	Mon plan était infaillible, les copains...	Ребята, у нас был хороший план...	It was a good plan, guys...
Conversations/Friday Night at the Inn/Group 1/Kids/kids_plot_4/kids_plot_4/3	Was it?	Ah bon ?	Правда?	Was it?
Conversations/Friday Night at the Inn/Group 1/Kids/kids_plot_4/kids_plot_4/4	It was a plan, guys...	C'était un plan, quoi...	Ребята, у нас был план...	It was a plan, guys...
Conversations/Friday Night at the Inn/Group 1/Kids/kids_plot_4/kids_plot_4/5	It sure was.	Oui, voilà.	Это точно.	It sure was.
Conversations/Friday Night at the Inn/Group 1/Kids/kids_plot_4/kids_plot_4/6	Sigh... [Ari]... you probably want to hear what happened.	Pfff... Bon, [Ari], j'imagine que tu as envie de savoir ce qui s'est passé.	*вздох*... [Ari]... Ты, наверное, хочешь узнать, что случилось.	Sigh... [Ari]... you probably want to hear what happened.
Conversations/Friday Night at the Inn/Group 1/Kids/kids_plot_4/kids_plot_4/7	We waited until just before dawn, and then we snuck into Mister Balor's room...	On a attendu jusqu'à l'aube et on s'est faufilés dans la chambre de monsieur Balor...	Мы подождали, пока начнёт светать, а затем прокрались в комнату мистера Балора...	We waited until just before dawn, and then we snuck into Mister Balor's room...
Conversations/Friday Night at the Inn/Group 1/Kids/kids_plot_4/kids_plot_4/8	And he woke up right away...	Mais il s'est réveillé immédiatement...	И он немедленно проснулся...	And he woke up right away...
Conversations/Friday Night at the Inn/Group 1/Kids/kids_plot_4/kids_plot_4/9	Guuuuys... it's not my fault he's a light sleeper!	Maiiis... Ce n'est pas de ma faute s'il a le sommeil léger !	Ребя-а-ата... Я не виновата, что он так чутко спит!	Guuuuys... it's not my fault he's a light sleeper!
Conversations/Friday Night at the Inn/Group 1/Kids/kids_plot_4/kids_plot_4/init	I hereby convene the fourth and final meeting of the Dragonguard Heist...	Je déclare ouverte la quatrième et dernière réunion du casse de la Garde des dragons !	Итак, я объявляю четвёртое и последнее обсуждение налёта Драконьей стражи открытым!	I hereby convene the fourth and final meeting of the Dragonguard Heist...
Conversations/Friday Night at the Inn/Group 2/Balcony/balcony_1/balcony_1/1	Who in Mistria would survive on a deserted island?	À votre avis, qui, à Mistria, serait capable de survivre sur une île déserte ?	Кто из мистрийцев мог бы выжить на необитаемом острове?	Who in Mistria would survive on a deserted island?
Conversations/Friday Night at the Inn/Group 2/Balcony/balcony_1/balcony_1/10	I suppose. Mostly I'm just glad it's not me on a deserted island.	C'est possible. En tout cas, une chose est sûre, je n'ai aucune envie de me retrouver sur une île déserte.	Наверное. Я больше всего радуюсь, что меня не отправляют на необитаемый остров.	I suppose. Mostly I'm just glad it's not me on a deserted island.
Conversations/Friday Night at the Inn/Group 2/Balcony/balcony_1/balcony_1/2	Terithia! What a question! Let's see...	Terithia, en voilà une drôle de question ! Voyons voir...	Ну и вопрос, Теризия! Давай подумаем...	Terithia! What a question! Let's see...
Conversations/Friday Night at the Inn/Group 2/Balcony/balcony_1/balcony_1/3	Balor enjoys his luxuries far too much, so he wouldn't last a day. Eiland, too. Our lord would expire without a slice of cake before bedtime.	Balor aime trop son petit confort. Il ne tiendrait pas un jour. Eiland non plus. Il ne tiendrait pas sans sa petite part de gâteau avant le coucher.	Балор слишком любит роскошь, он и дня бы не продержался. Эйланд тоже. Наш юный лорд пропадёт без кусочка торта перед сном.	Balor enjoys his luxuries far too much, so he wouldn't last a day. Eiland, too. Our lord would expire without a slice of cake before bedtime.
Conversations/Friday Night at the Inn/Group 2/Balcony/balcony_1/balcony_1/4	Oh, they might surprise you. But I wouldn't say either is my first pick.	Ils pourraient vous surprendre, même si je ne parierais pas sur eux.	Ой, они ещё могут тебя удивить. Но не скажу, что я выбрала бы кого-то из них.	Oh, they might surprise you. But I wouldn't say either is my first pick.
Conversations/Friday Night at the Inn/Group 2/Balcony/balcony_1/balcony_1/5	Holt would simply perish if he didn't have someone else to hear his jokes. On the other hand, Adeline would have the island organized in short order.	Holt mourrait s'il n'avait personne pour écouter ses blagues et ses jeux de mots. Quant à Adeline, je pense qu'elle réorganiserait toute l'île en moins de deux.	Хольт просто погибнет, если некому будет рассказывать шутки. А вот Аделина быстро навела бы на острове порядок.	Holt would simply perish if he didn't have someone else to hear his jokes. On the other hand, Adeline would have the island organized in short order.
Conversations/Friday Night at the Inn/Group 2/Balcony/balcony_1/balcony_1/6	Aye, that girl's no stranger to rolling up her sleeves. What do you think, [Ari]? Anyone in mind?	Oui, le travail ne lui fait pas peur. Et toi, [Ari], tu penses à qui ?	Да, эта девчонка не чурается работы руками. Что думаешь, [Ari]? Кого бы ты <p>выбрали</p><f>выбрала</f><m>выбрал</m><n>выбрало</n>?	Aye, that girl's no stranger to rolling up her sleeves. What do you think, [Ari]? Anyone in mind?
Conversations/Friday Night at the Inn/Group 2/Balcony/balcony_1/balcony_1/6/prompts/0	Reina! She can make a meal out of anything!	À Reina ! Elle te fait un repas avec un rien !	Рейну! Она из чего угодно приготовит обед!	Reina! She can make a meal out of anything!
Conversations/Friday Night at the Inn/Group 2/Balcony/balcony_1/balcony_1/6/prompts/1	Hayden! He's so self-reliant!	À Hayden ! Il est parfaitement autonome !	Хейдена! Он такой самодостаточный!	Hayden! He's so self-reliant!
Conversations/Friday Night at the Inn/Group 2/Balcony/balcony_1/balcony_1/7	My thoughts exactly.	Je me disais exactement la même chose.	Я тоже так думаю.	My thoughts exactly.
Conversations/Friday Night at the Inn/Group 2/Balcony/balcony_1/balcony_1/8	Unlike me, [Ari]. Can you imagine, ME on a deserted island? I would simply give up.	Pas comme moi, [Ari] ! Tu m'imagines sur une île déserte ? Je me laisserai mourir.	Не то что я, [Ari]. Можешь представить МЕНЯ на необитаемом острове? Я бы сразу сдалась.	Unlike me, [Ari]. Can you imagine, ME on a deserted island? I would simply give up.
Conversations/Friday Night at the Inn/Group 2/Balcony/balcony_1/balcony_1/9	He's like you, isn't he? He'd have some crops going and animals befriended before the week was out.	Il est comme toi, pas vrai ? Il ferait pousser des récoltes et domestiquerait les animaux de l'île en moins d'une semaine.	В этом он похож на тебя. У него к концу недели уже был бы огород и пара прирученных животных.	He's like you, isn't he? He'd have some crops going and animals befriended before the week was out.
Conversations/Friday Night at the Inn/Group 2/Balcony/balcony_1/balcony_1/init	Juniper, [Ari]! Let me ask you a question...	Juniper, [Ari] ! J'ai une question pour vous...	Джунипер, [Ari]! У меня к вам вопрос...	Juniper, [Ari]! Let me ask you a question...
Conversations/Friday Night at the Inn/Group 2/Balcony/balcony_1/balcony_1_follow_up_hayden/1	Is that their way of telling me I should take a vacation?	C'est leur manière de me dire de prendre des vacances ?	Они так пытаются сказать, что мне пора съездить в отпуск?	Is that their way of telling me I should take a vacation?
Conversations/Friday Night at the Inn/Group 2/Balcony/balcony_1/balcony_1_follow_up_hayden/init	Juniper and Terithia flagged me down earlier, asking how I'd cultivate a deserted island.	Juniper et Terithia m'ont demandé comment je ferais pour cultiver les terres sur une île déserte.	Джунипер и Теризия недавно меня обступили и стали спрашивать, как бы я культивировал необитаемый остров.	Juniper and Terithia flagged me down earlier, asking how I'd cultivate a deserted island.
Conversations/Friday Night at the Inn/Group 2/Balcony/balcony_1/balcony_1_follow_up_reina/1	Anyway, I gave them Papa's tropical punch recipe and they seemed really happy!	Je leur ai donné la recette du punch tropical de papa, elles étaient aux anges !	В общем, я им дала папин рецепт тропического пунша. Они обе очень обрадовались!	Anyway, I gave them Papa's tropical punch recipe and they seemed really happy!
Conversations/Friday Night at the Inn/Group 2/Balcony/balcony_1/balcony_1_follow_up_reina/init	Juniper and Terithia have been asking for island recipes. Are they going on vacation?	Juniper et Terithia m'ont demandé des recettes à cuisiner sur une île. Elles ont prévu de partir en vacances ?	Джунипер и Теризия в последнее время спрашивают меня про рецепты островной кухни. Они что, планируют поездку?	Juniper and Terithia have been asking for island recipes. Are they going on vacation?
Conversations/Friday Night at the Inn/Group 2/Balcony/balcony_2/balcony_2/1	It's a perfectly normal thing to wonder about! Who in Mistria would make the best frog?	Pour moi, c'est une question tout à fait légitime ! Qui, à Mistria, ferait le plus beau crapaud ?	По-моему, совершенно нормально задаваться таким вопросом! Из кого в Мистрии вышла бы лучшая лягушка?	It's a perfectly normal thing to wonder about! Who in Mistria would make the best frog?
Conversations/Friday Night at the Inn/Group 2/Balcony/balcony_2/balcony_2/10	I haven't had enough wine for this conversation.	Je n'ai pas encore assez bu pour ce genre de conversation.	Мне нужно больше вина для таких разговоров.	I haven't had enough wine for this conversation.
Conversations/Friday Night at the Inn/Group 2/Balcony/balcony_2/balcony_2/11	Oh. Yes. It seems so obvious when you put it like that.	Mais oui. Quand tu le dis, ça paraît évident.	О, да. Когда ты так говоришь, сразу кажется очевидным.	Oh. Yes. It seems so obvious when you put it like that.
Conversations/Friday Night at the Inn/Group 2/Balcony/balcony_2/balcony_2/12	It really fits, doesn't it?	Toi aussi, hein ?	Ему подходит, правда?	It really fits, doesn't it?
Conversations/Friday Night at the Inn/Group 2/Balcony/balcony_2/balcony_2/13	But I've got our real answer. It's Errol! Have you seen that man's legs in a bathing suit?	Mais je sais. C'est Errol ! Vous avez déjà vu ses cannes quand il est en maillot de bain ?	Но у меня есть правильный ответ. Это Эррол! Вы видели его ноги в купальном костюме?	But I've got our real answer. It's Errol! Have you seen that man's legs in a bathing suit?
Conversations/Friday Night at the Inn/Group 2/Balcony/balcony_2/balcony_2/2	March would run through all his energy trying to jump higher than the other frogs. Landen would croak up a storm and drive the rest off.	March consacrerait toute son énergie à essayer de sauter plus haut que les autres crapauds. Landen croasserait sans s'arrêter et ferait fuir tout le monde.	Март бы истратил все силы, пытаясь прыгнуть выше других лягушек. Ланден бы наквакал грозу и отпугнул всех вокруг.	March would run through all his energy trying to jump higher than the other frogs. Landen would croak up a storm and drive the rest off.
Conversations/Friday Night at the Inn/Group 2/Balcony/balcony_2/balcony_2/3	What about Ryis? He seems the type to be content with the simple life.	Et Ryis ? C'est le genre de garçon qui a l'air d'aimer les choses simples.	Как насчёт Риза? Кажется, этот парень не против жить в простоте.	What about Ryis? He seems the type to be content with the simple life.
Conversations/Friday Night at the Inn/Group 2/Balcony/balcony_2/balcony_2/4	He's a city boy, Juniper. No frogs in the city.	Il vient de la ville, Juniper. Il n'y a pas de crapauds en ville.	Он городской мальчик, Джунипер. В городе нет лягушек.	He's a city boy, Juniper. No frogs in the city.
Conversations/Friday Night at the Inn/Group 2/Balcony/balcony_2/balcony_2/5	Surely you've got some thoughts, [Ari]! Who do you think would make the best frog?	Tu dois avoir un avis là-dessus, [Ari] ! Qui ferait le meilleur crapaud selon toi ?	[Ari], у тебя наверняка есть идеи! Из кого вышла бы лучшая лягушка?	Surely you've got some thoughts, [Ari]! Who do you think would make the best frog?
Conversations/Friday Night at the Inn/Group 2/Balcony/balcony_2/balcony_2/5/prompts/0	Juniper! The Bathhouse is like your pond!	Juniper ! Les bains me font penser à une mare !	Из Джунипер! А купальня — это твой пруд!	Juniper! The Bathhouse is like your pond!
Conversations/Friday Night at the Inn/Group 2/Balcony/balcony_2/balcony_2/5/prompts/1	Olric! He loves sitting on rocks!	Olric ! Il adore se poser sur les rochers !	Из Ольрика! Он обожает сидеть на камнях!	Olric! He loves sitting on rocks!
Conversations/Friday Night at the Inn/Group 2/Balcony/balcony_2/balcony_2/6	KYA HA HA!	HÉ HÉ HÉ !	КЯ-ХА-ХА!	KYA HA HA!
Conversations/Friday Night at the Inn/Group 2/Balcony/balcony_2/balcony_2/7	I'm going to pretend I didn't hear that, [Ari].	Je vais faire comme si je n'avais rien entendu, [Ari].	Я притворюсь, что не слышала, [Ari].	I'm going to pretend I didn't hear that, [Ari].
Conversations/Friday Night at the Inn/Group 2/Balcony/balcony_2/balcony_2/8	Now now, I think you'd make an adorable little frog. One of those poisonous ones.	Allons, tu ferais un adorable petit crapaud. Comme ceux qui sont super venimeux.	Ну-ну, я думаю, из тебя вышла бы очаровательная лягушка. Из тех, что маленькие и ядовитые.	Now now, I think you'd make an adorable little frog. One of those poisonous ones.
Conversations/Friday Night at the Inn/Group 2/Balcony/balcony_2/balcony_2/9	Besides, we all know the real answer. It has to be Errol! Have you seen that man's legs in a bathing suit?	Et puis, on sait tous qui ce serait : Errol ! Vous avez déjà vu ses guiboles quand il est en maillot de bain ?	А вообще, мы все знаем правильный ответ. Это точно Эррол! Вы видели его ноги в купальном костюме?	Besides, we all know the real answer. It has to be Errol! Have you seen that man's legs in a bathing suit?
Conversations/Friday Night at the Inn/Group 2/Balcony/balcony_2/balcony_2/init	Ahoy there, [Ari]! Help me answer Juniper's strange question.	Ohé, [Ari] ! Tu pourrais m'aider à répondre à cette drôle de question que m'a posée Juniper ?	Здорово, [Ari]! Помоги-ка мне ответить на странный вопрос Джунипер.	Ahoy there, [Ari]! Help me answer Juniper's strange question.
Conversations/Friday Night at the Inn/Group 2/Balcony/balcony_2/balcony_2_follow_up_errol/1	You wouldn't happen to know why, would you?	Tu ne saurais pas pourquoi, par le plus grand des hasards ?	Ты, случайно, не знаешь, почему?	You wouldn't happen to know why, would you?
Conversations/Friday Night at the Inn/Group 2/Balcony/balcony_2/balcony_2_follow_up_errol/2	Ah, I can tell by your expression that I shouldn't pursue the matter further.	Ah, vu ta tête, je crois que je ferais mieux de ne pas insister.	Ага, по твоему выражению лица я могу понять, что лучше мне не копать глубже.	Ah, I can tell by your expression that I shouldn't pursue the matter further.
Conversations/Friday Night at the Inn/Group 2/Balcony/balcony_2/balcony_2_follow_up_errol/init	[Ari], I couldn't help but notice that Terithia and Juniper were both pointing at me the other night.	[Ari], j'ai remarqué que Terithia et Juniper regardaient en me pointant du doigt l'autre soir.	[Ari], я не мог не заметить, что Теризия и Джунипер показывали на меня вчера вечером.	[Ari], I couldn't help but notice that Terithia and Juniper were both pointing at me the other night.
Conversations/Friday Night at the Inn/Group 2/Balcony/balcony_3/balcony_3/1	Who here would make the best pirate?	Qui ferait le meilleur pirate ?	Кто из здешних был бы лучшим пиратом?	Who here would make the best pirate?
Conversations/Friday Night at the Inn/Group 2/Balcony/balcony_3/balcony_3/2	Oho, I was born to answer this question. Errol would look dashing with a tricorn hat, but he gets a tad seasick. Hemlock strikes me as a right salty dog.	Ho ho, je suis née pour répondre à cette question. Errol serait superbe avec un tricorne, mais il a le mal de mer. Je verrais bien Hemlock aussi.	О-хо, я рождена для этого вопроса! Эррол в треуголке выглядел бы сногсшибательно, но у него морская болезнь. У Хемлока есть задатки настоящего морского волка.	Oho, I was born to answer this question. Errol would look dashing with a tricorn hat, but he gets a tad seasick. Hemlock strikes me as a right salty dog.
Conversations/Friday Night at the Inn/Group 2/Balcony/balcony_3/balcony_3/3	And Nora would make a fearful captain, but a fair one. Oh, it's difficult to choose!	Nora ferait une capitaine redoutée, mais juste. Argh, c'est dur de décider !	А Нора была бы грозной капитаншей, но слишком честной. Ох, как трудно выбрать!	And Nora would make a fearful captain, but a fair one. Oh, it's difficult to choose!
Conversations/Friday Night at the Inn/Group 2/Balcony/balcony_3/balcony_3/4	March has that look in his eye that says everyone is his enemy. He might even pull off an eyepatch.	March a un regard qui fusille tout le monde. Il aurait de l'allure avec un cache-œil.	У Марта взгляд так и кричит, что все вокруг — его враги. Может, ему даже пошла бы повязка.	March has that look in his eye that says everyone is his enemy. He might even pull off an eyepatch.
Conversations/Friday Night at the Inn/Group 2/Balcony/balcony_3/balcony_3/5	What do you think, [Ari]?	Et pour toi, [Ari], ce serait qui ?	Что думаешь, [Ari]?	What do you think, [Ari]?
Conversations/Friday Night at the Inn/Group 2/Balcony/balcony_3/balcony_3/5/prompts/0	Dell, Maple and Luc! They play pirates all the time.	Dell, Maple et Luc ! Ils jouent tout le temps aux pirates.	Делл, Мэйпл и Люк! Они всё время играют в пиратов.	Dell, Maple and Luc! They play pirates all the time.
Conversations/Friday Night at the Inn/Group 2/Balcony/balcony_3/balcony_3/5/prompts/1	Elsie! She'd plunder everyone's hearts!	Elsie ! Elle ferait une razzia sur les cœurs !	Элси! Она готова украсть сердце любого!	Elsie! She'd plunder everyone's hearts!
Conversations/Friday Night at the Inn/Group 2/Balcony/balcony_3/balcony_3/6	I have to throw in with [Ari] on this one, Terithia. They're half pirate already!	Là, je suis d'accord avec [Ari], Terithia. Ils sont déjà à moitié pirates !	Тут я вынуждена признать, что [Ari] <p>правы</p><f>права</f><m>прав</m><n>право</n>, Теризия. Они уже почти пираты!	I have to throw in with [Ari] on this one, Terithia. They're half pirate already!
Conversations/Friday Night at the Inn/Group 2/Balcony/balcony_3/balcony_3/7	Mistria's original rapscallions.	Les petits pirates en herbe de Mistria.	Настоящие мистрийские пройдохи.	Mistria's original rapscallions.
Conversations/Friday Night at the Inn/Group 2/Balcony/balcony_3/balcony_3/8	She does have a heart of adventure.	C'est vrai qu'elle a un côté aventureux.	У неё и правда душа лежит к приключениям.	She does have a heart of adventure.
Conversations/Friday Night at the Inn/Group 2/Balcony/balcony_3/balcony_3/9	She'd be the siren of the sea! No one could resist her charms.	Ce serait une véritable sirène ! Personne ne résisterait à son charme.	Она была бы морской сиреной! Перед её чарами никому не устоять.	She'd be the siren of the sea! No one could resist her charms.
Conversations/Friday Night at the Inn/Group 2/Balcony/balcony_3/balcony_3/init	Now Terithia, I've put a lot of thought into this question, so I hope you'll take it seriously. Same to you, [Ari].	Terithia, j'ai longuement mûri ma question, alors j'espère que tu y répondras sérieusement. Ça vaut aussi pour toi, [Ari].	Итак, Теризия, я много думала над этим вопросом, так что надеюсь, ты воспримешь его всерьёз. Как и ты, [Ari].	Now Terithia, I've put a lot of thought into this question, so I hope you'll take it seriously. Same to you, [Ari].
Conversations/Friday Night at the Inn/Group 2/Balcony/balcony_3/balcony_3_follow_up_elsie/1	I can't say I have, but there's always time.	Eh bien, non, mais il n'est jamais trop tard.	Не могу пока похвастаться, но время ещё есть.	I can't say I have, but there's always time.
Conversations/Friday Night at the Inn/Group 2/Balcony/balcony_3/balcony_3_follow_up_elsie/init	Juniper asked if I'd ever romanced a pirate, and Terithia asked me the same thing later.	Juniper m'a demandé si j'avais déjà eu une aventure avec un pirate. Terithia aussi.	Джунипер спросила, соблазняла ли я пирата, а затем Теризия задала тот же вопрос.	Juniper asked if I'd ever romanced a pirate, and Terithia asked me the same thing later.
Conversations/Friday Night at the Inn/Group 2/Balcony/balcony_3/balcony_3_follow_up_kids/1	Well, I'm adorable, and Dell would make a great pirate.	Moi, je suis à croquer et Dell ferait une super pirate.	Ну, я очаровательная, а Делл будет отличной пираткой.	Well, I'm adorable, and Dell would make a great pirate.
Conversations/Friday Night at the Inn/Group 2/Balcony/balcony_3/balcony_3_follow_up_kids/2	Arrrrr matey!	À l'abordaaaage !	Р-р-разрази меня гром!	Arrrrr matey!
Conversations/Friday Night at the Inn/Group 2/Balcony/balcony_3/balcony_3_follow_up_kids/init	Juniper said we would make adorable pirates.	Juniper a dit qu'on ferait des pirates à croquer.	Джунипер сказала, что из нас выйдут очаровательные пираты.	Juniper said we would make adorable pirates.
Conversations/Friday Night at the Inn/Group 2/Balcony/balcony_4/balcony_4/1	Sorcerers? That's a fairy tale, Juniper.	Le meilleur sorcier ? Mais ça n'existe pas, Juniper.	Чародеем? Это же сказки, Джунипер.	Sorcerers? That's a fairy tale, Juniper.
Conversations/Friday Night at the Inn/Group 2/Balcony/balcony_4/balcony_4/10	Hmm. Bet he could.	Mmm, il faut voir.	Хмм. Уверена, он бы справился.	Hmm. Bet he could.
Conversations/Friday Night at the Inn/Group 2/Balcony/balcony_4/balcony_4/11	I can see it. She has a curious mind, and an eye for herbs, which are two of the basic tenets of potion-making.	Je vois, je vois. Elle est curieuse et elle sait reconnaître les plantes, deux compétences essentielles pour fabriquer des potions.	Могу понять. У неё есть пытливый ум и знание трав, а это две основы, на которых строится изготовление зелий.	I can see it. She has a curious mind, and an eye for herbs, which are two of the basic tenets of potion-making.
Conversations/Friday Night at the Inn/Group 2/Balcony/balcony_4/balcony_4/12	But I frankly don't think she could pull off the wardrobe.	Mais elle ne serait pas au niveau sur le plan vestimentaire.	Но, честно говоря, не думаю, что она выдержит стиль.	But I frankly don't think she could pull off the wardrobe.
Conversations/Friday Night at the Inn/Group 2/Balcony/balcony_4/balcony_4/13	Hmm. Bet she could.	Mmm, il faut voir.	Хмм. Уверена, она бы справилась.	Hmm. Bet she could.
Conversations/Friday Night at the Inn/Group 2/Balcony/balcony_4/balcony_4/2	Of course, of course. But Terithia, we proposed starting a pirate crew last week! Work with me here.	Oui, oui, bien sûr. Mais Terithia, on s'est posé la question pour un équipage de pirates la semaine dernière, alors fais un effort.	Конечно, конечно. Но, Теризия, на прошлой неделе мы уже придумали пиратскую команду! Помоги мне.	Of course, of course. But Terithia, we proposed starting a pirate crew last week! Work with me here.
Conversations/Friday Night at the Inn/Group 2/Balcony/balcony_4/balcony_4/3	Fair enough. Let's see now, Eiland's read a lot of old books about the Witch Queens... but I'd say that's where his interest ends.	Bon, d'accord. Voyons voir... Eiland a beaucoup lu de vieux bouquins sur les Reines-sorcières... mais je crois que ça ne l'intéresse pas plus que ça.	Действительно. Давай посмотрим, Эйланд много читал о королевах-ведьмах... Но я бы сказала, что на этом его интерес заканчивается.	Fair enough. Let's see now, Eiland's read a lot of old books about the Witch Queens... but I'd say that's where his interest ends.
Conversations/Friday Night at the Inn/Group 2/Balcony/balcony_4/balcony_4/4	March has a knack for creating things, but he's a bit rigid otherwise.	March sait fabriquer beaucoup de choses, mais il est un peu trop rigide en dehors de ça.	У Марта талант создавать вещи, но в остальном он довольно твердолобый.	March has a knack for creating things, but he's a bit rigid otherwise.
Conversations/Friday Night at the Inn/Group 2/Balcony/balcony_4/balcony_4/5	Josephine does give me pause. She has a way of moving through the world.	J'hésite pour Joséphine... Elle a une façon bien à elle d'aborder la vie.	Джозефина заставляет задуматься. У неё как будто особый способ взаимодействия с миром.	Josephine does give me pause. She has a way of moving through the world.
Conversations/Friday Night at the Inn/Group 2/Balcony/balcony_4/balcony_4/6	What about Valen?	Et Valen ?	А как насчёт Вален?	What about Valen?
Conversations/Friday Night at the Inn/Group 2/Balcony/balcony_4/balcony_4/7	I won't even dignify that with a response. [Ari], speak up! Your thoughts are wanted. And no picking yourself!	Je ne daignerai même pas répondre. [Ari], à toi ! On veut ton avis. Et ne te choisis pas toi-même !	Предположение, недостойное моего ответа. [Ari], выскажись! Нам нужны твои мысли. Себя не выбирать!	I won't even dignify that with a response. [Ari], speak up! Your thoughts are wanted. And no picking yourself!
Conversations/Friday Night at the Inn/Group 2/Balcony/balcony_4/balcony_4/7/prompts/0	Hayden! Henrietta is like his familiar!	Hayden ! Et il a déjà Henrietta comme animal totem !	Хейден! А Генриетта — его фамильяр!	Hayden! Henrietta is like his familiar!
Conversations/Friday Night at the Inn/Group 2/Balcony/balcony_4/balcony_4/7/prompts/1	Celine! The way her flowers bloom is magical!	Céline ! Ce don qu'elle a pour faire pousser les fleurs, c'est de la sorcellerie !	Селин! Какие у неё получаются цветы — просто волшебство!	Celine! The way her flowers bloom is magical!
Conversations/Friday Night at the Inn/Group 2/Balcony/balcony_4/balcony_4/8	Interesting. And I do see it. He has a strong connection to his animals, and a connection to the land as well.	Intéressant... C'est vrai qu'il a un lien très fort avec ses animaux, mais aussi avec la terre.	Любопытно. Понимаю ход мысли. У него есть сильная связь с животными, а также связь с землёй.	Interesting. And I do see it. He has a strong connection to his animals, and a connection to the land as well.
Conversations/Friday Night at the Inn/Group 2/Balcony/balcony_4/balcony_4/9	But I frankly don't think he could pull off the wardrobe.	Mais il ne serait pas au niveau sur le plan vestimentaire.	Но, честно говоря, не думаю, что он выдержит стиль.	But I frankly don't think he could pull off the wardrobe.
Conversations/Friday Night at the Inn/Group 2/Balcony/balcony_4/balcony_4/init	My, look at all those people down there. We've got a full house. I wonder which of them would make the best sorcerer?	Regardez-moi tout ce monde en bas. L'auberge est bien remplie. Je me demande qui ferait le meilleur sorcier ici ?	Только посмотрите, какая толпа там внизу. Просто аншлаг. Интересно, кто из них был бы лучшим чародеем?	My, look at all those people down there. We've got a full house. I wonder which of them would make the best sorcerer?
Conversations/Friday Night at the Inn/Group 2/Balcony/balcony_4/balcony_4_follow_up_celine/1	I think she agreed a little too quickly, though!	En tout cas, elle a semblé ravie que je refuse !	И мне кажется, она слишком быстро согласилась!	I think she agreed a little too quickly, though!
Conversations/Friday Night at the Inn/Group 2/Balcony/balcony_4/balcony_4_follow_up_celine/init	Juniper asked if I wanted her old hand-me-downs. I told her thank you, but they're not really my style...	Juniper m'a demandé si je voulais ses vieux vêtements. Je l'ai remerciée, mais je lui ai dit que ce n'était pas vraiment mon style...	Джунипер спросила, не хочу ли я поносить её старые вещи. Я ответила: спасибо, но это не мой стиль...	Juniper asked if I wanted her old hand-me-downs. I told her thank you, but they're not really my style...
Conversations/Friday Night at the Inn/Group 2/Balcony/balcony_4/balcony_4_follow_up_hayden/1	When I asked if she wanted to be MY assistant, she looked like she might faint! Well, I doubt she has the shoes for it anyway.	Et quand je lui ai demandé si elle voulait être MON assistante, elle a failli s'évanouir ! De toute manière, je ne pense pas qu'elle soit faite pour ça.	А когда я спросил, не хочет ли она стать МОЕЙ помощницей, она чуть в обморок не упала! Впрочем, вряд ли у неё найдётся подходящая обувь.	When I asked if she wanted to be MY assistant, she looked like she might faint! Well, I doubt she has the shoes for it anyway.
Conversations/Friday Night at the Inn/Group 2/Balcony/balcony_4/balcony_4_follow_up_hayden/init	Juniper asked if I wanted to become her assistant! I said no, of course, I'm too busy with the farm.	Juniper m'a demandé si je voulais devenir son assistant ! J'ai refusé, parce que je suis trop occupé à la ferme.	Джунипер спросила, не хочу ли я стать её помощником! Я сказал: нет конечно, я слишком занят фермой.	Juniper asked if I wanted to become her assistant! I said no, of course, I'm too busy with the farm.
Conversations/Friday Night at the Inn/Group 2/Balor's Gate/balors_gate_1/balors_gate_1/1	Yaaaay!	Youpiii !	Ух ты-ы-ы!	Yaaaay!
Conversations/Friday Night at the Inn/Group 2/Balor's Gate/balors_gate_1/balors_gate_1/2	A perfect place to introduce ourselves. I'm the scholar Aram, here to research the architectural secrets of the world!	C'est l'endroit parfait pour les présentations. Je suis Aram l'érudit et je voyage à la recherche des mystères architecturaux du monde entier !	Отличное место, чтобы представиться. Я учёный Арам, исследователь архитектурных загадок этого мира!	A perfect place to introduce ourselves. I'm the scholar Aram, here to research the architectural secrets of the world!
Conversations/Friday Night at the Inn/Group 2/Balor's Gate/balors_gate_1/balors_gate_1/3	Keeping it true to life, cool. I'm a birdwatcher by the name of Silver, seeking the legendary Dragonhawk! That's a hawk, not a dragon. Common misunderstanding.	Ce n'est pas très éloigné de la réalité, mais OK. Moi je suis Silvère, un ornithologue amateur en quête du légendaire Faldragon ! C'est un faucon, et non un dragon. Les gens se trompent souvent.	Близко к реальности, неплохо. Я любитель птиц по имени Сильвер, и я разыскиваю легендарного ястреба-дракона! Вопреки частому убеждению, это ястреб, а не дракон.	Keeping it true to life, cool. I'm a birdwatcher by the name of Silver, seeking the legendary Dragonhawk! That's a hawk, not a dragon. Common misunderstanding.
Conversations/Friday Night at the Inn/Group 2/Balor's Gate/balors_gate_1/balors_gate_1/4	A birdwatcher and a scholar... did anyone pick a combat class? For ascending the deadly Blood Tower?	Un ornithologue amateur et un érudit... Quelqu'un a-t-il choisi une classe de combattant ? En vue de l'ascension de l'effroyable tour de Sang ?	Любитель птиц и учёный... Кто-нибудь выбрал боевой класс? Чтобы подниматься на смертельную башню Крови?	A birdwatcher and a scholar... did anyone pick a combat class? For ascending the deadly Blood Tower?
Conversations/Friday Night at the Inn/Group 2/Balor's Gate/balors_gate_1/balors_gate_1/5	Me! I'm a cool elf who's also a dragon and also a knight. My name is Brightclaw and I have a cool sword and claws and also my mom is here!	Oui, moi ! Je suis une elfe, un dragon et une chevaleresse. Je m'appelle Griffeclaire et j'ai une super épée et des griffes. Ah, et puis ma mère m'accompagne !	Я! Я крутая эльфийка, а ещё я дракон и рыцарь. Меня зовут Коготь Света, у меня есть крутой меч и когти, а ещё со мной тут мама!	Me! I'm a cool elf who's also a dragon and also a knight. My name is Brightclaw and I have a cool sword and claws and also my mom is here!
Conversations/Friday Night at the Inn/Group 2/Balor's Gate/balors_gate_1/balors_gate_1/6	Ahem... yes, I'm Brightclaw's mother, a simple elvish trader... who negotiated a pact with a demon.	Euh... oui, je suis la mère de Griffeclaire, une innocente marchande elfique... qui a conclu un pacte avec un démon.	Кхм... Да, я мать Когтя Света, простая эльфийская торговка... Заключившая сделку с демоном.	Ahem... yes, I'm Brightclaw's mother, a simple elvish trader... who negotiated a pact with a demon.
Conversations/Friday Night at the Inn/Group 2/Balor's Gate/balors_gate_1/balors_gate_1/7	My name is Supreme Warlock Grimblade.	Mon nom est Funestia la démoniste suprême.	Меня зовут верховная колдунья Клинок Мрака.	My name is Supreme Warlock Grimblade.
Conversations/Friday Night at the Inn/Group 2/Balor's Gate/balors_gate_1/balors_gate_1/8	I'm beginning to understand where Dell's imagination comes from...	Je commence à comprendre d'où Dell tient cette imagination fertile...	Кажется, я понимаю, от кого у Делл такое воображение...	I'm beginning to understand where Dell's imagination comes from...
Conversations/Friday Night at the Inn/Group 2/Balor's Gate/balors_gate_1/balors_gate_1/init	With Eiland's blessing, I'll be your host for a new adventure! Now, let's set the stage: you stand before an imposing gate, decorated with the bones and blood of fallen adventurers.	Eiland a accepté que je sois le maître de jeu de cette nouvelle aventure ! Je plante le décor. Vous faites face à une porte immense, peinte du sang et décorée des ossements des aventuriers morts au combat.	С благословения Эйланда я проведу вам новое приключение! Итак, представьте картину: вы стоите перед грозными воротами, покрытыми костями и кровью падших приключенцев.	With Eiland's blessing, I'll be your host for a new adventure! Now, let's set the stage: you stand before an imposing gate, decorated with the bones and blood of fallen adventurers.
Conversations/Friday Night at the Inn/Group 2/Balor's Gate/balors_gate_2/balors_gate_2/1	It's because we're on a journey... of knowledge!	C'est parce que ce que nous cherchons... c'est le savoir !	Это потому, что мы следуем пути... исследований!	It's because we're on a journey... of knowledge!
Conversations/Friday Night at the Inn/Group 2/Balor's Gate/balors_gate_2/balors_gate_2/2	No, it's because I like making friends with all the cool monsters! They told me I'm half-elf, half-dragon, half-knight, and secretly half-unicorn!	Non, c'est parce que j'aime être copine avec tous les monstres ! Ils m'ont dit que j'étais à moitié elfe, à moitié dragon, à moitié chevaleresse et à moitié licorne, mais ça, c'est secret !	Нет, это потому, что мне нравится дружить к крутыми монстрами. Они сказали, что я полуэльф, полудракон, полурыцарь и втайне полуединорог.	No, it's because I like making friends with all the cool monsters! They told me I'm half-elf, half-dragon, half-knight, and secretly half-unicorn!
Conversations/Friday Night at the Inn/Group 2/Balor's Gate/balors_gate_2/balors_gate_2/3	You might be the most magical creature of them all, Brightclaw. But your ma is an elf, so was your pa some kind of... Dragon Unicorn Knight?	Tu es sûrement la créature la plus magique de toutes, Griffeclaire. Mais ta mère est une elfe... Ça voudrait dire que ton père était une sorte de chevalier dragon licorne ?	Возможно, ты самая волшебная из всех этих существ, Коготь Света. Но твоя мама эльфийка — значит, твой отец должен быть... Рыцарем драконо-единорогом?	You might be the most magical creature of them all, Brightclaw. But your ma is an elf, so was your pa some kind of... Dragon Unicorn Knight?
Conversations/Friday Night at the Inn/Group 2/Balor's Gate/balors_gate_2/balors_gate_2/4	Fascinating question. I'll roll for scholarly insight and draconic knowledge... oh rats, a three. Well, let's inquire with Brightclaw's mother. Grimblade?	C'est une question intéressante. Je fais un lancer de Perspicacité et de Savoir draconique... Mince, un 3. Dans ce cas, demandons à la mère de Griffeclaire. Funestia ?	Какой захватывающий вопрос. Я делаю бросок на академические знания о драконах... о нет, тройка. Что ж, давайте спросим у мамы Когтя Света. Клинок Тьмы?	Fascinating question. I'll roll for scholarly insight and draconic knowledge... oh rats, a three. Well, let's inquire with Brightclaw's mother. Grimblade?
Conversations/Friday Night at the Inn/Group 2/Balor's Gate/balors_gate_2/balors_gate_2/5	I suppose I can ask. Holt, are you a Dragon Unicorn Knight?	Je peux lui demander. Holt, es-tu un dragon chevalier licorne ?	Думаю, я сейчас спрошу. Хольт, ты рыцарь драконо-единорог?	I suppose I can ask. Holt, are you a Dragon Unicorn Knight?
Conversations/Friday Night at the Inn/Group 2/Balor's Gate/balors_gate_2/balors_gate_2/6	Whatever you say, honey!	Oui, bien sûr, si ça te fait plaisir, chérie !	Как тебе угодно, милая!	Whatever you say, honey!
Conversations/Friday Night at the Inn/Group 2/Balor's Gate/balors_gate_2/balors_gate_2/init	Your ragtag group has traveled three floors up the Blood Tower, inexplicably befriending every monster along the way. In fact, I don't think you've fought... anyone?	Votre groupe d'aventuriers hétéroclites a gravi trois étages de la tour de Sang, et s'est inexplicablement lié d'amitié avec tous les monstres qu'il a rencontrés. En fait, je crois que vous n'en avez affronté... aucun ?	Ваша разношёрстная компания дошла до третьего этажа башни Крови, удивительным образом подружившись со всеми встреченными монстрами. Кажется, вы не дрались... ни с кем?	Your ragtag group has traveled three floors up the Blood Tower, inexplicably befriending every monster along the way. In fact, I don't think you've fought... anyone?
Conversations/Friday Night at the Inn/Group 2/Balor's Gate/balors_gate_3/balors_gate_3/1	Silver is overcome with awe. He approaches reverently and coos, in the manner described in Daffodilia's Guide to Birds Strange and Mundane.	Silvère est bouche bée. Il s'approche avec déférence et glousse de la façon indiquée dans le Guide des oiseaux fantastiques de Jonquilla.	Сильвера охватывает трепет. Он почтительно подходит и начинает ворковать, как описано в «Пособии Нарциссии по обыкновенным и необыкновенным птицам».	Silver is overcome with awe. He approaches reverently and coos, in the manner described in Daffodilia's Guide to Birds Strange and Mundane.
Conversations/Friday Night at the Inn/Group 2/Balor's Gate/balors_gate_3/balors_gate_3/10	Oh no, you're not getting out of a fight this time. In fact, this parade of buffoonery enrages the Dragonhawk. Illusion falls away, revealing the Dragonhawk's true identity.	Oh non ! Vous ne couperez pas au combat cette fois. D'ailleurs, ces pitreries exaspèrent Faldragon. L'illusion qui l'entourait s'évapore, révélant sa véritable identité.	Ну уж нет, в этот раз вам от битвы не отделаться. Наоборот, этот цирк раздражает ястреба-дракона. Иллюзия спадает, обнажая его истинную природу.	Oh no, you're not getting out of a fight this time. In fact, this parade of buffoonery enrages the Dragonhawk. Illusion falls away, revealing the Dragonhawk's true identity.
Conversations/Friday Night at the Inn/Group 2/Balor's Gate/balors_gate_3/balors_gate_3/11	Demonlord Blood, who built this tower. An architect. An EVIL architect.	C'est le seigneur démon Sang qui a construit cette tour. Un architecte... MALÉFIQUE.	Лорд демонов Кровь, построивший эту башню. Он архитектор. Архитектор ЗЛА.	Demonlord Blood, who built this tower. An architect. An EVIL architect.
Conversations/Friday Night at the Inn/Group 2/Balor's Gate/balors_gate_3/balors_gate_3/12	Gasp! My enemy!	Argh ! Mon ennemi juré !	Ох! Мой заклятый враг!	Gasp! My enemy!
Conversations/Friday Night at the Inn/Group 2/Balor's Gate/balors_gate_3/balors_gate_3/2	"The ancient bird heaves a deep, reverberating sigh. ""Oh dear,"" it says. ""Another fan."""	L'oiseau millénaire pousse un gros soupir et semble dire : « Oh non, encore un admirateur... »	Древняя птица делает глубокий, раскатывающийся эхом вздох. «Ну вот, — произносит она, — ещё один поклонник».	"The ancient bird heaves a deep, reverberating sigh. ""Oh dear,"" it says. ""Another fan."""
Conversations/Friday Night at the Inn/Group 2/Balor's Gate/balors_gate_3/balors_gate_3/3	Wait what-	Quoi...?	Погоди, что?	Wait what-
Conversations/Friday Night at the Inn/Group 2/Balor's Gate/balors_gate_3/balors_gate_3/4	Can I be friends with it? Can I pet it? I really want to pet it.	Est-ce que je peux être copine avec lui ? Est-ce que je peux le caresser ? J'ai trop envie de le caresser !	Можно с ней подружиться? Можно погладить? Я очень хочу её погладить.	Can I be friends with it? Can I pet it? I really want to pet it.
Conversations/Friday Night at the Inn/Group 2/Balor's Gate/balors_gate_3/balors_gate_3/5	Honey, it's a creature of ancient wisdom and power.	Chérie, c'est une créature à la sagesse et aux pouvoirs ancestraux.	Родная, это создание, исполненное древней мудрости и силы.	Honey, it's a creature of ancient wisdom and power.
Conversations/Friday Night at the Inn/Group 2/Balor's Gate/balors_gate_3/balors_gate_3/6	Besides, you don't know where that legendary bird has been.	Et puis, on ne sait pas où cet oiseau légendaire a traîné.	Кроме того, ты не знаешь, что эта легендарная птица трогала.	Besides, you don't know where that legendary bird has been.
Conversations/Friday Night at the Inn/Group 2/Balor's Gate/balors_gate_3/balors_gate_3/7	The Dragonhawk hears your insinuations about its hygiene and has judged you... unworthy of giving pets. In fact, it seems quite angry, and begins to shimmer.	Faldragon a entendu vos insinuations concernant son hygiène et... refuse que vous le caressiez. D'ailleurs, il semble très en colère et commence à scintiller.	Ястреб-дракон услышал ваши намёки на его гигиену и рассудил, что вы... недостойны поглаживаний. Кажется, он разозлился и начинает мерцать.	The Dragonhawk hears your insinuations about its hygiene and has judged you... unworthy of giving pets. In fact, it seems quite angry, and begins to shimmer.
Conversations/Friday Night at the Inn/Group 2/Balor's Gate/balors_gate_3/balors_gate_3/8	Mooom! You made it angry!	Mais mamaaan ! Tu l'as mis en colère !	Ма-а-ам! Ты его разозлила!	Mooom! You made it angry!
Conversations/Friday Night at the Inn/Group 2/Balor's Gate/balors_gate_3/balors_gate_3/9	Don't worry everyone, I'll enthrall this bird with the power of conversation. Aram recounts an architectural treatise on stoneworking, and-	Ne vous en faites pas, les amis. Je vais captiver cet oiseau avec le pouvoir de la conversation. Aram récite un traité architectural sur le travail de la pierre et...	Не волнуйтесь, ребята, я увлеку эту птицу захватывающей беседой. Арам вспоминает архитектурный трактат о работе по камню и...	Don't worry everyone, I'll enthrall this bird with the power of conversation. Aram recounts an architectural treatise on stoneworking, and-
Conversations/Friday Night at the Inn/Group 2/Balor's Gate/balors_gate_3/balors_gate_3/init	Revelations about Brightclaw's past bring you to the top of the tower, where you finally lay eyes upon it. The legendary Dragonhawk!	Les révélations sur le passé de Griffeclaire vous permettent d'atteindre le dernier étage de la tour, où vos yeux se posent sur... le légendaire Faldragon !	Откровения о прошлом Когтя Света приводят вас к вершине башни, где вы наконец можете лицезреть его. Легендарного ястреба-дракона!	Revelations about Brightclaw's past bring you to the top of the tower, where you finally lay eyes upon it. The legendary Dragonhawk!
Conversations/Friday Night at the Inn/Group 2/Balor's Gate/balors_gate_4/balors_gate_4/1	I've got him distracted, at least. He's the demon I made a pact with!	Je vais faire diversion. Il s'avère que c'est le démon avec lequel j'ai conclu un pacte !	Я хотя бы его отвлекла. Это тот демон, с которым я заключила сделку!	I've got him distracted, at least. He's the demon I made a pact with!
Conversations/Friday Night at the Inn/Group 2/Balor's Gate/balors_gate_4/balors_gate_4/10	"Ahem. ""You are the worst, most disorganized party to ever enter this tower, and I've paid the price for that. I hope my demise teaches you mortals something."""	Hum. « Vous êtes l'équipe la plus mauvaise et la moins bien organisée qui ait gravi cette tour, et j'en ai payé le prix. J'espère que ma disparition vous servira de leçon, mortels. »	Кхм. «Вы самая худшая, самая неорганизованная компания, посетившая эту башню, и за это мне приходится платить. Надеюсь, вы, смертные, извлечёте из моей кончины урок».	"Ahem. ""You are the worst, most disorganized party to ever enter this tower, and I've paid the price for that. I hope my demise teaches you mortals something."""
Conversations/Friday Night at the Inn/Group 2/Balor's Gate/balors_gate_4/balors_gate_4/11	I learned that Blood Tower is named for Lord Blood, and not because it's full of blood.	J'ai appris que la tour de Sang s'appelait ainsi à cause du seigneur Sang et non pas parce qu'elle était pleine de sang.	Я извлекла для себя, что башня Крови так называется в честь лорда Крови, а не потому, что там всюду кровь.	I learned that Blood Tower is named for Lord Blood, and not because it's full of blood.
Conversations/Friday Night at the Inn/Group 2/Balor's Gate/balors_gate_4/balors_gate_4/12	I learned that sometimes it's a mistake to meet your heroes, even if that hero is a bird.	J'ai appris qu'il vaut parfois mieux ne pas rencontrer ses héros, même si c'est un oiseau.	Я узнал, что иногда с кумирами не стоит встречаться, даже если кумир — птица.	I learned that sometimes it's a mistake to meet your heroes, even if that hero is a bird.
Conversations/Friday Night at the Inn/Group 2/Balor's Gate/balors_gate_4/balors_gate_4/13	I learned that knowledge can be a weapon! Literally!	J'ai appris que la connaissance pouvait être une arme ! Au sens propre !	Я узнал, что знание может быть хорошим оружием! Буквально!	I learned that knowledge can be a weapon! Literally!
Conversations/Friday Night at the Inn/Group 2/Balor's Gate/balors_gate_4/balors_gate_4/14	I learned how to make a pact with a demon!	Et moi, j'ai appris à conclure un pacte avec un démon !	А я узнала, как заключить сделку с демоном!	I learned how to make a pact with a demon!
Conversations/Friday Night at the Inn/Group 2/Balor's Gate/balors_gate_4/balors_gate_4/2	Apparently he's never met someone who knew the contract better than him!	Apparemment, il n'a jamais rencontré quelqu'un qui connaissait mieux le contrat que lui !	Оказалось, что он не сталкивался с кем-то, кто помнит детали договора лучше него.	Apparently he's never met someone who knew the contract better than him!
Conversations/Friday Night at the Inn/Group 2/Balor's Gate/balors_gate_4/balors_gate_4/3	Think, guys! That big arch he's sitting on is Alda style. Mister Aram said it relies on a keystone, but I can't hit something so far away!	Réfléchissez, les amis ! Cette grande arche sur laquelle il trône est de style aldarien. Monsieur Aram a dit qu'elle tenait grâce à une clé de voûte, mais je ne peux pas la toucher de si loin !	Ребята, думайте! Арка, на которой он сидит, выполнена в альдийском стиле. Мистер Арам сказал, что она держится на замковом камне, но я слишком далеко, чтобы его вышибить!	Think, guys! That big arch he's sitting on is Alda style. Mister Aram said it relies on a keystone, but I can't hit something so far away!
Conversations/Friday Night at the Inn/Group 2/Balor's Gate/balors_gate_4/balors_gate_4/4	Silver can do it. He's so let down by the Dragonhawk, this is his origin story... this is how he becomes a DARK BIRDWATCHER. I activate Shadow Eye and shoot the keystone!	Silvère en est capable. Il est tellement déçu par Faldragon, le but de son existence ici... qu'il se transforme en ORNITHOLOGUE INFERNAL. J'active l'Œilnoir et je tire sur la pierre !	Сильвер может. Ястреб-дракон его так подвёл, ведь это была его предыстория... Теперь он становится ТЁМНЫМ ПТИЦЕЛОВОМ. Я активирую Глаза Тени и стреляю в замковый камень!	Silver can do it. He's so let down by the Dragonhawk, this is his origin story... this is how he becomes a DARK BIRDWATCHER. I activate Shadow Eye and shoot the keystone!
Conversations/Friday Night at the Inn/Group 2/Balor's Gate/balors_gate_4/balors_gate_4/5	A class change in the middle of battle? I'll allow it. The keystone shatters!	Un changement de classe en plein combat ? OK, j'accepte. La clé de voûte se brise en mille morceaux !	Смена класса посреди битвы? Ладно, я разрешаю. Замковый камень рассыпался.	A class change in the middle of battle? I'll allow it. The keystone shatters!
Conversations/Friday Night at the Inn/Group 2/Balor's Gate/balors_gate_4/balors_gate_4/6	Demonlord Blood falls to the ground, trapped by his awkward conversation with Supreme Grimblade, made even more awkward by his graceless tumble.	Le seigneur démon Sang tombe à terre, pris dans cet échange bizarre avec Funestia la démoniste suprême, échange rendu encore plus saugrenu par cette chute peu esthétique.	Лорд демонов Кровь падает на землю, пока колдунья Клинок Тьмы отвлекает его неудобным разговором, который после неуклюжего падения становится ещё более неудобным.	Demonlord Blood falls to the ground, trapped by his awkward conversation with Supreme Grimblade, made even more awkward by his graceless tumble.
Conversations/Friday Night at the Inn/Group 2/Balor's Gate/balors_gate_4/balors_gate_4/7	I roll to show Demonlord Blood the pages of my architectural digest, hoping to turn him from the ways of evil architecture. I rolled a... twenty?!	Je lance le dé pour montrer les pages de mon traité d'architecture au seigneur démon Sang, en espérant le détourner à jamais de l'architecture. J'obtiens un... 20 ?!	Я делаю бросок, чтобы лорд демонов Кровь посмотрел на страницы моего архитектурного сборника и надеюсь отвратить его с пути архитектуры зла. Я выкинул... двадцать?!	I roll to show Demonlord Blood the pages of my architectural digest, hoping to turn him from the ways of evil architecture. I rolled a... twenty?!
Conversations/Friday Night at the Inn/Group 2/Balor's Gate/balors_gate_4/balors_gate_4/8	The digest slips from your hand, striking Blood's weak spot. The demon coughs and begins to burn with demonic fire. He rasps his final words at you.	Le compendium t'échappe et frappe le point faible du seigneur démon. Celui-ci se met à suffoquer et prend feu. D'une voix rauque, il prononce ses derniers mots.	Сборник выпадает у тебя из рук и падает на слабое место Крови. Демон кашляет и сгорает в демоническом пламени. Скрежещущим голосом он бросает вам последние слова.	The digest slips from your hand, striking Blood's weak spot. The demon coughs and begins to burn with demonic fire. He rasps his final words at you.
Conversations/Friday Night at the Inn/Group 2/Balor's Gate/balors_gate_4/balors_gate_4/9	Do the voice!	Faites la voix !	Покажи голос!	Do the voice!
Conversations/Friday Night at the Inn/Group 2/Balor's Gate/balors_gate_4/balors_gate_4/init	Friends, I must apologize... my eagerness to study the tower led to our capture by Demonlord Blood. Look at us now. Defeated. And we've learned nothing!	Mes amis, saurez-vous me pardonner ? C'est à cause de mon envie d'étudier cette tour que nous avons été capturés par le seigneur démon. Nous sommes vaincus. Et nous n'avons rien appris !	Друзья, я должен извиниться... Из-за моего рвения исследовать башню нас захватил лорд демонов Кровь. И где мы теперь? Повержены. И не узнали ничего нового!	Friends, I must apologize... my eagerness to study the tower led to our capture by Demonlord Blood. Look at us now. Defeated. And we've learned nothing!
Conversations/Friday Night at the Inn/Group 2/Cocktails/cocktails_1/cocktails_1/1	Ahahaha... since you mention it, I was in the middle of documenting quality control standards... which I should probably get back to...	Ah ha ha ha... Maintenant que tu le dis, j'étais en train de rédiger nos normes d'assurance qualité... et je ferais mieux de m'y remettre...	А-ха-ха... Ты верно подметила, я как раз занималась документацией стандартов контроля качества... И, вероятно, мне стоит продолжить...	Ahahaha... since you mention it, I was in the middle of documenting quality control standards... which I should probably get back to...
Conversations/Friday Night at the Inn/Group 2/Cocktails/cocktails_1/cocktails_1/2	Sorry to see you go. How about one drink before you hit the road?	C'est dommage que tu partes. Tu ne veux pas un petit quelque chose pour la route ?	Грустно, что ты уходишь. Может, ещё бокальчик — и в путь?	Sorry to see you go. How about one drink before you hit the road?
Conversations/Friday Night at the Inn/Group 2/Cocktails/cocktails_1/cocktails_1/3	Oh, that tastes just heavenly! Try this, [Ari]!	Oh, mais c'est délicieux ! Goûte, [Ari] !	Ого, просто райский вкус! Попробуй, [Ari]!	Oh, that tastes just heavenly! Try this, [Ari]!
Conversations/Friday Night at the Inn/Group 2/Cocktails/cocktails_1/cocktails_1/4	Hot, sweet and fruity, with a little bite... that's whiskey, I surmise?	C'est chaud, sucré et fruité, avec une petite pointe de... whisky, c'est ça ?	Горячий, сладкий, фруктовый, с небольшой остротой... Подозреваю, там виски?	Hot, sweet and fruity, with a little bite... that's whiskey, I surmise?
Conversations/Friday Night at the Inn/Group 2/Cocktails/cocktails_1/cocktails_1/5	It's like hot tea with a little something extra! More of that extra for me, please.	On dirait du thé chaud avec un petit truc en plus ! J'en veux bien encore un peu.	Это как горячий чай с особыми добавками! Мне, пожалуйста, ещё этих добавок.	It's like hot tea with a little something extra! More of that extra for me, please.
Conversations/Friday Night at the Inn/Group 2/Cocktails/cocktails_1/cocktails_1/6	I want to wrap myself up in this drink like a blanket, it's so cozy! What is it?	C'est tellement agréable à boire qu'on a l'impression de se blottir sous une couette ! C'est quoi ?	Я хочу завернуться в этот напиток, как в тёплый плед: такой он уютный! Что это?	I want to wrap myself up in this drink like a blanket, it's so cozy! What is it?
Conversations/Friday Night at the Inn/Group 2/Cocktails/cocktails_1/cocktails_1/7	Hot toddy. Hot water, lemon, honey, and a splash of whatever you like. Thought something simple after a complicated week was just the thing.	Un grog. Eau chaude, citron, miel et une lichette de ce que vous voulez. Je me suis dit que quelque chose de simple vous ferait du bien après une semaine éreintante.	Горячий тодди. Горячая вода, лимон, мёд и немного чего душа пожелает. Я решил, что после трудной недели стоит попробовать что-нибудь простенькое.	Hot toddy. Hot water, lemon, honey, and a splash of whatever you like. Thought something simple after a complicated week was just the thing.
Conversations/Friday Night at the Inn/Group 2/Cocktails/cocktails_1/cocktails_1/8	Maybe you're right. And you know, I think it's very important I quality control this drink.	Finalement, je crois que j'ai changé d'avis. C'est important que je contrôle la qualité de cette boisson aussi.	Наверное, ты прав. И, знаешь, я думаю, мне надо провести контроль качества этого напитка.	Maybe you're right. And you know, I think it's very important I quality control this drink.
Conversations/Friday Night at the Inn/Group 2/Cocktails/cocktails_1/cocktails_1/9	That'd be mighty helpful of you.	Je t'en serais très reconnaissant.	Буду весьма благодарен.	That'd be mighty helpful of you.
Conversations/Friday Night at the Inn/Group 2/Cocktails/cocktails_1/cocktails_1/init	Ohhh, I know that look, Adeline, you're thinking of going back to work! Keep your behind parked in that chair!	Oh, je connais ce regard, Adeline... Tu as envie de retourner travailler ! N'essaie même pas de te lever de cette chaise !	О-о, узнаю это выражение лица, Аделина. Ты собираешься уйти работать! Может, не будешь пока слезать со стула?	Ohhh, I know that look, Adeline, you're thinking of going back to work! Keep your behind parked in that chair!
Conversations/Friday Night at the Inn/Group 2/Cocktails/cocktails_2/cocktails_2/1	I'm overrun with mint this year! Hayden called it a bumper crop. I brought more, take it!	Cette année, j'ai de la menthe à ne plus savoir qu'en faire ! Hayden a dit que c'était une récolte exceptionnelle. Je t'en ai apporté plus, d'ailleurs !	У меня в этом году просто заросли мяты! Хейден говорит, что это небывалый урожай. Я ещё принесла, возьмите.	I'm overrun with mint this year! Hayden called it a bumper crop. I brought more, take it!
Conversations/Friday Night at the Inn/Group 2/Cocktails/cocktails_2/cocktails_2/2	Nice, I can pretty up drinks with the fresh stuff. And... there we are, mint gimlets all around. Give them a go!	Parfait, je pourrai décorer les verres avec les feuilles fraîches. Et... voilà des Gimlets menthe pour tout le monde. Allez-y, goûtez !	Отлично, можно украсить напитки свежими веточками. Вот так... Всем мятный «буравчик». Попробуйте!	Nice, I can pretty up drinks with the fresh stuff. And... there we are, mint gimlets all around. Give them a go!
Conversations/Friday Night at the Inn/Group 2/Cocktails/cocktails_2/cocktails_2/3	Oh! It's so cute! And green! And it tastes so minty! And herby!	Oh, comme c'est joli ! Et vert ! On sent bien la menthe et les herbes !	Ой! Он такой милый! Зелёный! И такой мятный вкус! Очень травянистый!	Oh! It's so cute! And green! And it tastes so minty! And herby!
Conversations/Friday Night at the Inn/Group 2/Cocktails/cocktails_2/cocktails_2/4	And fresh! And limey!	C'est frais ! Et citronné !	И такая свежесть от лайма!	And fresh! And limey!
Conversations/Friday Night at the Inn/Group 2/Cocktails/cocktails_2/cocktails_2/5	Hemlock used to mix me one of these after a long, hot day in the Mines. Oh, happy days... no matter the time of year, this is the taste of summer!	Hemlock me préparait ça après une longue journée dans la chaleur de la mine. C'était le bon vieux temps... Ça a un petit quelque chose d'estival, quelle que soit la saison !	Хемлок раньше мне его делал после долгого жаркого дня в шахтах. Эх, славные были деньки... в любое время года он даёт вкус лета!	Hemlock used to mix me one of these after a long, hot day in the Mines. Oh, happy days... no matter the time of year, this is the taste of summer!
Conversations/Friday Night at the Inn/Group 2/Cocktails/cocktails_2/cocktails_2/6	It's so refreshing! This drink and I were mint to be together.	C'est tellement rafraîchissant ! C'est le genre de boisson qui « t'aimenthe » les papilles.	И так освежает! Самый аромятный напиток в моей жизни.	It's so refreshing! This drink and I were mint to be together.
Conversations/Friday Night at the Inn/Group 2/Cocktails/cocktails_2/cocktails_2/7	Thanks to Celine, I've got it bottled up behind the counter now, so come back for the taste of summer any time. You too, [Ari]!	Grâce à Céline, j'en ai préparé quelques bouteilles, alors revenez quand vous voulez pour goûter à l'été. Toi aussi, [Ari] !	Благодаря Селин у меня за стойкой ещё много бутылок, так что возвращайтесь за вкусом лета, когда захотите. И ты тоже, [Ari]!	Thanks to Celine, I've got it bottled up behind the counter now, so come back for the taste of summer any time. You too, [Ari]!
Conversations/Friday Night at the Inn/Group 2/Cocktails/cocktails_2/cocktails_2/init	Thanks for bringing all that mint by earlier this week, Celine. Reina cooked it down and got a nice syrup out of it, so we've got something special today.	Merci de m'avoir apporté toute cette menthe cette semaine, Céline. Reina en a fait du sirop, alors je vous ai préparé une surprise pour aujourd'hui.	Спасибо, что принесла столько мяты на неделе, Селин. Рейна сварила из неё отличный сироп, так что сегодня у нас кое-что необычное.	Thanks for bringing all that mint by earlier this week, Celine. Reina cooked it down and got a nice syrup out of it, so we've got something special today.
Conversations/Friday Night at the Inn/Group 2/Cocktails/cocktails_3/cocktails_3/1	I know you're a coffee fan, so I've been experimenting since last time I saw Darcy at the Market. Took weeks to get the flavor right!	Je sais que tu adores le café, alors j'ai fait quelques essais après le dernier passage de Darcy au marché. Il m'a fallu des semaines pour obtenir ce goût !	Я знаю, что ты фанат кофе, так что я встретился с Дарси на базаре и начал экспериментировать. Несколько недель ушло, чтобы сбалансировать вкус!	I know you're a coffee fan, so I've been experimenting since last time I saw Darcy at the Market. Took weeks to get the flavor right!
Conversations/Friday Night at the Inn/Group 2/Cocktails/cocktails_3/cocktails_3/10	Not even a pun? Now that's a first.	Même pas un petit jeu de mots ? C'est bien la première fois.	Даже без каламбура? Вот это редкость.	Not even a pun? Now that's a first.
Conversations/Friday Night at the Inn/Group 2/Cocktails/cocktails_3/cocktails_3/2	Now, we've got two to one of our base liquor and the coffee liqueur, over ice. That's a nice molasses color, isn't it?	Alors, deux doses de liqueur de base pour une de café sur de la glace. Ça a une jolie couleur brune, non ?	Теперь у нас базовый ликёр с кофейным ликёром два к одному, плюс лёд. Приятный оттенок патоки, да?	Now, we've got two to one of our base liquor and the coffee liqueur, over ice. That's a nice molasses color, isn't it?
Conversations/Friday Night at the Inn/Group 2/Cocktails/cocktails_3/cocktails_3/3	It looks a bit... bitter. Unless...	Ça a l'air un peu... amer. À moins que...	Слегка... горько. А может...	It looks a bit... bitter. Unless...
Conversations/Friday Night at the Inn/Group 2/Cocktails/cocktails_3/cocktails_3/4	You know it. Reina whipped up some sweet heavy cream for us. Now, a big, generous ladle on top...	Tu as tout compris. Reina nous a préparé une petite chantilly maison. J'en ajoute une bonne couche sur le dessus...	Конечно. Специально для нас Рейна приготовила густые взбитые сливки. Ложку побольше тебе в стакан, вот так...	You know it. Reina whipped up some sweet heavy cream for us. Now, a big, generous ladle on top...
Conversations/Friday Night at the Inn/Group 2/Cocktails/cocktails_3/cocktails_3/5	Oh my gosh. It looks scrumptious!	Oh là là, mais c'est délicieux !	Боже мой, выглядит восхитительно!	Oh my gosh. It looks scrumptious!
Conversations/Friday Night at the Inn/Group 2/Cocktails/cocktails_3/cocktails_3/6	You're an artist, Hemlock. Cheers!	C'est du grand art, Hemlock. Santé !	Ты просто художник, Хемлок. Твоё здоровье!	You're an artist, Hemlock. Cheers!
Conversations/Friday Night at the Inn/Group 2/Cocktails/cocktails_3/cocktails_3/7	Look at the cream blend with the coffee! It looks like a heavy mist over the mountains...	Regardez la crème fondre dans le café ! Ça fait comme une brume ouatée qui tombe sur la montagne...	Смотрите, как сливки ложатся на кофе! Как будто густой туман в горах...	Look at the cream blend with the coffee! It looks like a heavy mist over the mountains...
Conversations/Friday Night at the Inn/Group 2/Cocktails/cocktails_3/cocktails_3/8	Now that's a pretty name. We'll call it a Heavy Mist! So, what do you think Holt?	C'est joli, ça. On va l'appeler Brume ouatée ! Et toi, tu trouves ça comment, Holt ?	Вот и красивое название. Пускай будет «Плотный туман»! Ну, что думаешь, Хольт?	Now that's a pretty name. We'll call it a Heavy Mist! So, what do you think Holt?
Conversations/Friday Night at the Inn/Group 2/Cocktails/cocktails_3/cocktails_3/9	Can't! Talk! Too... busy... drinking!	Peux ! Pas ! Parler ! Je... savoure !	Не! Могу! Говорить! Занят... Пью!	Can't! Talk! Too... busy... drinking!
Conversations/Friday Night at the Inn/Group 2/Cocktails/cocktails_3/cocktails_3/init	You absolute madman. You did it. Coffee liqueur!	Incroyable... Tu as réussi à préparer de la liqueur de café !	Ну ты и безумец. Ты правда его сделал. Кофейный ликёр.	You absolute madman. You did it. Coffee liqueur!
Conversations/Friday Night at the Inn/Group 2/Cocktails/cocktails_4/cocktails_4/1	This is something we used to make after a long day in the Mines. It went by many names! Rock Juice, the Mineshaft, Blood from the Stone, the Sinkhole...	C'est la boisson qu'on préparait après notre journée à la mine. Ce cocktail a plein de noms : Houille houille houille, Bonne pioche, Pella Colada, Haut-fourneau...	Этот напиток мы делали после долгого дня в шахтах. У него много названий! «Каменный сок», «Скважина», «Кровь из камня», «Воронка»...	This is something we used to make after a long day in the Mines. It went by many names! Rock Juice, the Mineshaft, Blood from the Stone, the Sinkhole...
Conversations/Friday Night at the Inn/Group 2/Cocktails/cocktails_4/cocktails_4/10	Oh, you're all giving up in favor a normal drink? That's how we did it in the old days, too.	Quoi ?! Vous préférez une boisson ordinaire plutôt que mon cocktail ? C'est ce qu'on faisait à l'époque aussi.	О, вы отказываетесь в пользу обычного напитка? Мы так тоже делали в былые дни.	Oh, you're all giving up in favor a normal drink? That's how we did it in the old days, too.
Conversations/Friday Night at the Inn/Group 2/Cocktails/cocktails_4/cocktails_4/11	What about you, [Ari]? You can have a beer, but someone's got to, ah, handle this Bucket Brew.	Et toi, [Ari] ? Tu peux prendre une bière, mais quelqu'un doit, euh... goûter mon Coup de grisou.	Что насчёт тебя, [Ari]? Можешь взять пиво, но кому-то придётся, эмм, выдержать это «Шахтёрское пойло».	What about you, [Ari]? You can have a beer, but someone's got to, ah, handle this Bucket Brew.
Conversations/Friday Night at the Inn/Group 2/Cocktails/cocktails_4/cocktails_4/11/prompts/0	Bucket Brew me!	OK, envoie !	«Шахтёрского пойла» мне!	Bucket Brew me!
Conversations/Friday Night at the Inn/Group 2/Cocktails/cocktails_4/cocktails_4/11/prompts/1	I'll stick with beer.	Je reste à la bière.	Мне лучше пиво.	I'll stick with beer.
Conversations/Friday Night at the Inn/Group 2/Cocktails/cocktails_4/cocktails_4/12	Hoho, you're an adventurous one! That's the spirit!	Ho ho, quel esprit aventureux ! J'adore !	Хо-хо, вот она, страсть к приключениями! Авантюрный дух!	Hoho, you're an adventurous one! That's the spirit!
Conversations/Friday Night at the Inn/Group 2/Cocktails/cocktails_4/cocktails_4/13	You've wisdom beyond your years, [Ari].	Visiblement, la sagesse n'attend pas le nombre des années, [Ari].	Ты <p>мудры</p><f>мудра</f><m>мудр</m><n>мудро</n> не по годам, [Ari].	You've wisdom beyond your years, [Ari].
Conversations/Friday Night at the Inn/Group 2/Cocktails/cocktails_4/cocktails_4/2	Helmet Hash, Miner's Mash, Bucket Brew...	Coup de grisou, Mine fizz, Hysterril...	«Горняцкое месиво», «Шахтёрское пойло», «Колодезная брага»...	Helmet Hash, Miner's Mash, Bucket Brew...
Conversations/Friday Night at the Inn/Group 2/Cocktails/cocktails_4/cocktails_4/3	So what was the recipe?	C'était quoi, la recette ?	Так каков рецепт?	So what was the recipe?
Conversations/Friday Night at the Inn/Group 2/Cocktails/cocktails_4/cocktails_4/4	Well, it wasn't a recipe so much as we all poured whatever dregs we had into a canteen and gave it a good shake!	Oh, rien de très élaboré. On mettait tout ce qui nous tombait sous la main dans un bidon et on secouait bien !	Да нет особенного рецепта, мы просто сливали всё, что оставалось, в одну флягу и трясли как следует!	Well, it wasn't a recipe so much as we all poured whatever dregs we had into a canteen and gave it a good shake!
Conversations/Friday Night at the Inn/Group 2/Cocktails/cocktails_4/cocktails_4/5	Errol, as the one responsible for the wellbeing of this town, I have to ask. What was safer, the Mines or this drink?	Errol, en tant que responsable de cette ville, je dois vous demander... Qu'est-ce qui était le moins dangereux : la mine ou ce mélange ?	Эррол, как ответственная за благосостояние города, я обязана спросить. Что было опаснее: шахты или это пойло?	Errol, as the one responsible for the wellbeing of this town, I have to ask. What was safer, the Mines or this drink?
Conversations/Friday Night at the Inn/Group 2/Cocktails/cocktails_4/cocktails_4/6	Hah! You're quite a card, Lady Adeline.	Ha ! Vous êtes perspicace, dame Adeline.	Ха! У вас язык остёр, леди Аделина.	Hah! You're quite a card, Lady Adeline.
Conversations/Friday Night at the Inn/Group 2/Cocktails/cocktails_4/cocktails_4/7	He didn't answer the question, did he?	Il n'a pas répondu à la question, si ?	Разве он ответил на вопрос?	He didn't answer the question, did he?
Conversations/Friday Night at the Inn/Group 2/Cocktails/cocktails_4/cocktails_4/8	He sure didn't...	Oh, non...	Не ответил...	He sure didn't...
Conversations/Friday Night at the Inn/Group 2/Cocktails/cocktails_4/cocktails_4/9	How about a round of beers instead?	Et si on buvait plutôt de la bière ce soir ?	Может, лучше всем по пиву?	How about a round of beers instead?
Conversations/Friday Night at the Inn/Group 2/Cocktails/cocktails_4/cocktails_4/init	Hemlock's been so generously mixing the drinks the past few weeks, I thought I'd share a recipe of my own!	Hemlock nous a tellement régalés avec ses cocktails que j'ai décidé de lui révéler une de mes spécialités cette semaine !	Хемлок так расщедрился с коктейлями в последние недели, что я тоже решил предложить свой рецепт!	Hemlock's been so generously mixing the drinks the past few weeks, I thought I'd share a recipe of my own!
Conversations/Friday Night at the Inn/Group 2/Drawing Club/drawing_1/drawing_1/1	I joined the drawing club because I want to start sketching my animals. They grow up so fast, you know?	Je me suis inscrit au club de dessin pour faire des portraits de mes animaux. Ils grandissent si vite, tu sais.	Я вступил в кружок, потому что хочу делать зарисовки своих животных. Не замечаешь, как быстро они растут!	I joined the drawing club because I want to start sketching my animals. They grow up so fast, you know?
Conversations/Friday Night at the Inn/Group 2/Drawing Club/drawing_1/drawing_1/2	Valen's the model this week! I thought she'd be quite stiff, but she actually seems very comfortable in her poses.	C'est Valen qui pose pour nous cette semaine ! Je pensais qu'elle serait tendue, mais elle est parfaitement à l'aise.	На этой неделе наша модель — Вален! Я боялась, что она будет немного скованной, но оказалось, что она легко позирует.	Valen's the model this week! I thought she'd be quite stiff, but she actually seems very comfortable in her poses.
Conversations/Friday Night at the Inn/Group 2/Drawing Club/drawing_1/drawing_1/3	An understanding of muscle groups is a must in my line of work. Now, are you ready? Next pose!	Comprendre les groupes musculaires est indispensable dans mon métier. Bien, vous êtes prêts pour la pose suivante ?	Моя работа требует знания, как работают группы мышц. Итак, вы готовы? Меняю позу!	An understanding of muscle groups is a must in my line of work. Now, are you ready? Next pose!
Conversations/Friday Night at the Inn/Group 2/Drawing Club/drawing_1/drawing_1/4	Wait, I'm still drawing! I can't create a masterpiece under these conditions.	Attends, je n'ai pas terminé ! Jamais je ne pourrai dessiner un chef-d'œuvre dans ces conditions.	Погоди, я не дорисовал! С такими требованиями я не могу создать шедевр.	Wait, I'm still drawing! I can't create a masterpiece under these conditions.
Conversations/Friday Night at the Inn/Group 2/Drawing Club/drawing_1/drawing_1/5	It's not about creating a masterpiece, March! It's about having fun and spending time with your big bro!	Ce n'est pas le but, March ! Tu es ici pour t'amuser et passer du temps avec ton grand frère !	Тут не нужны шедевры, Март! Просто ты со старшим бро выбрался вместе хорошо провести время!	It's not about creating a masterpiece, March! It's about having fun and spending time with your big bro!
Conversations/Friday Night at the Inn/Group 2/Drawing Club/drawing_1/drawing_1/6	It's not about being the best at drawing?	Le but, c'est pas d'être le meilleur en dessin ?	То есть дело не в том, кто лучше всех рисует?	It's not about being the best at drawing?
Conversations/Friday Night at the Inn/Group 2/Drawing Club/drawing_1/drawing_1/7	I see. So it's about being the best at having fun and hanging out.	J'ai compris. Je dois m'amuser encore plus que mon grand frère.	Понятно. Значит, надо лучше всех отдыхать и общаться.	I see. So it's about being the best at having fun and hanging out.
Conversations/Friday Night at the Inn/Group 2/Drawing Club/drawing_1/drawing_1/init	Welcome to the first drawing club session of the season, [Ari]! We've got all kinds of talents here.	Bienvenue pour cette première séance du club de dessin de la saison, [Ari] ! Les talents sont nombreux parmi nous.	Добро пожаловать на первую встречу художественного кружка в этом сезоне, [Ari]! У нас тут собрание талантов!	Welcome to the first drawing club session of the season, [Ari]! We've got all kinds of talents here.
Conversations/Friday Night at the Inn/Group 2/Drawing Club/drawing_2/drawing_2/1	Between you and me, my back seized up ten minutes ago and now I'm stuck like this.	Garde ça pour toi, mais je me suis coincé le dos il y a une dizaine de minutes. Je ne peux plus bouger depuis.	Между нами говоря, у меня ещё десять минут назад заклинило спину, и я не могу выправиться.	Between you and me, my back seized up ten minutes ago and now I'm stuck like this.
Conversations/Friday Night at the Inn/Group 2/Drawing Club/drawing_2/drawing_2/2	I heard that, and I'll take a look when we're done here. But for now, why don't we peek at everyone's drawings?	J'ai entendu, tu sais. Je m'occuperai de toi quand on en aura fini. En attendant, on va tous se montrer nos dessins.	Я всё слышала и проведу осмотр, когда закончим. А пока давайте взглянем на рисунки.	I heard that, and I'll take a look when we're done here. But for now, why don't we peek at everyone's drawings?
Conversations/Friday Night at the Inn/Group 2/Drawing Club/drawing_2/drawing_2/3	I like Landen's! You can see his carpenter's hand in it. Is it all those years of technical drawing, Landen?	J'aime beaucoup celui de Landen ! On sent la patte du menuisier. Est-ce parce que vous avez fait du dessin technique pendant des années, Landen ?	Мне нравится рисунок Ландена! Сразу видно руку столяра. Долгие годы чертежей, да, Ланден?	I like Landen's! You can see his carpenter's hand in it. Is it all those years of technical drawing, Landen?
Conversations/Friday Night at the Inn/Group 2/Drawing Club/drawing_2/drawing_2/4	You got me, lady. In case you're wondering, a clean line is all in the shoulder. Which I can see you've taken to heart, March! Big improvement!	Je plaide coupable. Si vous vous demandez, pour tracer un trait net, c'est au niveau des épaules que ça se joue. Je vois que tu as écouté, March ! C'est beaucoup mieux !	Вы угадали, леди. Если вам интересно, ровная линия идёт от плеча. Я гляжу, Март это уже усвоил! Отличный прогресс!	You got me, lady. In case you're wondering, a clean line is all in the shoulder. Which I can see you've taken to heart, March! Big improvement!
Conversations/Friday Night at the Inn/Group 2/Drawing Club/drawing_2/drawing_2/5	Th-thanks. I mean, it's only natural, right? And speaking of natural, Valen... your drawings are something else.	M-Merci. Mais c'est normal, non ? Eh bien, Valen... tes dessins sont incroyables.	С-спасибо. В смысле естественно, я усвоил! К слову о естественности, Вален... твои рисунки как живые.	Th-thanks. I mean, it's only natural, right? And speaking of natural, Valen... your drawings are something else.
Conversations/Friday Night at the Inn/Group 2/Drawing Club/drawing_2/drawing_2/6	Oh, thank you March. I was just thinking that Elsie's portraits are so striking. She really draws out the... charm points of her subject.	Oh, merci, March. Quant à moi, je trouve les portraits d'Elsie frappants. Elle arrive à faire ressortir... tout le charme de son sujet.	Ой, спасибо, Март. А я как раз думала, как у Элси выходят такие эффектные портреты. Она хорошо выделяет... наиболее привлекательные черты модели.	Oh, thank you March. I was just thinking that Elsie's portraits are so striking. She really draws out the... charm points of her subject.
Conversations/Friday Night at the Inn/Group 2/Drawing Club/drawing_2/drawing_2/7	Are my pecs really that big?	J'ai des pecs aussi développés ?	У меня правда такая огромная грудь?	Are my pecs really that big?
Conversations/Friday Night at the Inn/Group 2/Drawing Club/drawing_2/drawing_2/8	Did you do some drawing down on the farm, big guy? The baby animals in your sketchbook are WAY cute.	C'est des croquis que tu as dessinés à la ferme, Hayden ? Ces petits animaux sont vraiment adorables.	Признавайся, силач, ты рисовал у себя дома на ферме? Детёныши животных в твоём альбоме СЛИШКОМ миленькие.	Did you do some drawing down on the farm, big guy? The baby animals in your sketchbook are WAY cute.
Conversations/Friday Night at the Inn/Group 2/Drawing Club/drawing_2/drawing_2/9	I wanted a memento from when they're tiny! These drawings are nothing special... not as special as I'd like. Now, can someone get some ice for my back?	Je voulais avoir un souvenir d'eux quand ils étaient petits ! Ces dessins ne sont pas aussi réalistes que je le voudrais... Dites, quelqu'un aurait de la glace pour mon dos ?	Я хотел запечатлеть их маленькими на память! Это просто обычные рисунки... Более обычные, чем мне бы хотелось. А теперь может кто-нибудь принести лёд мне для спины?	I wanted a memento from when they're tiny! These drawings are nothing special... not as special as I'd like. Now, can someone get some ice for my back?
Conversations/Friday Night at the Inn/Group 2/Drawing Club/drawing_2/drawing_2/init	I'm the model this week! You might be wondering how can I hold this pose for so long...	C'est moi le modèle cette semaine ! Tu te demandes sûrement comment je fais pour tenir la pose aussi longtemps...	На этой неделе я модель! Тебя может удивить, как мне так долго удаётся держать позу...	I'm the model this week! You might be wondering how can I hold this pose for so long...
Conversations/Friday Night at the Inn/Group 2/Drawing Club/drawing_3/drawing_3/1	My drawings are pretty bad, but I'll try to do you justice, Elsie!	Je ne dessine pas très bien, mais je vais essayer de vous faire honneur, Elsie !	У меня так себе рисунки, но я постараюсь вас не обидеть, Элси!	My drawings are pretty bad, but I'll try to do you justice, Elsie!
Conversations/Friday Night at the Inn/Group 2/Drawing Club/drawing_3/drawing_3/2	Hayden, if I could point something out. I noticed you've got a habit of putting your own drawings down.	Hayden, si je peux me permettre. J'ai remarqué que tu avais l'habitude de dénigrer tes propres dessins.	Хейден, хочу тебе кое-что сообщить. Я заметил у тебя привычку принижать свои рисунки.	Hayden, if I could point something out. I noticed you've got a habit of putting your own drawings down.
Conversations/Friday Night at the Inn/Group 2/Drawing Club/drawing_3/drawing_3/3	You avoid sharing them, too... It's important to take pride in what you do.	Et tu évites de les montrer aussi... C'est important d'être fier de ce qu'on fait.	И ты никому их не показываешь... Всегда важно гордиться своей работой.	You avoid sharing them, too... It's important to take pride in what you do.
Conversations/Friday Night at the Inn/Group 2/Drawing Club/drawing_3/drawing_3/4	Aaand?	Et...?	И-и-и?	Aaand?
Conversations/Friday Night at the Inn/Group 2/Drawing Club/drawing_3/drawing_3/5	And to have fun, too. I guess.	Et de s'amuser aussi. Enfin... je crois.	И получать удовольствие, да. Наверное.	And to have fun, too. I guess.
Conversations/Friday Night at the Inn/Group 2/Drawing Club/drawing_3/drawing_3/6	My goodness, March. As a doctor, I'm afraid I have to diagnose you with a growth... of character.	Voyez-vous ça ! March, en tant que médecin, je crains de ne devoir te diagnostiquer... une poussée de maturité.	Боже мой, Март. Как врач я вынуждена диагностировать у тебя аномальный рост... личности.	My goodness, March. As a doctor, I'm afraid I have to diagnose you with a growth... of character.
Conversations/Friday Night at the Inn/Group 2/Drawing Club/drawing_3/drawing_3/7	What you're all saying is tough medicine, but don't think I'm not taking it to heart! If even stubborn young March can change, then your ol' friend Hayden can too.	C'est dur ce que vous me dites, mais j'y mets vraiment du mien ! Si même cette tête de mule de March est capable de changer, alors je peux y arriver.	Трудно принять ваши слова, но не думайте, что я их забуду! Если даже упрямый Март меняет свои привычки, то ваш дружище Хейден точно сможет.	What you're all saying is tough medicine, but don't think I'm not taking it to heart! If even stubborn young March can change, then your ol' friend Hayden can too.
Conversations/Friday Night at the Inn/Group 2/Drawing Club/drawing_3/drawing_3/8	Yeah, exactly!	Bien dit !	Да, именно!	Yeah, exactly!
Conversations/Friday Night at the Inn/Group 2/Drawing Club/drawing_3/drawing_3/9	Hey, wait a minute...	Euh, une petite minute...	Стоп, погодите-ка...	Hey, wait a minute...
Conversations/Friday Night at the Inn/Group 2/Drawing Club/drawing_3/drawing_3/init	I'm having such fun being this week's model, [Ari]! Between performing in the opera and walking the red carpet, I'm no stranger to striking a pose!	Je m'amuse tellement à être le modèle de la semaine, [Ari] ! Entre les représentations à l'opéra et les tapis rouges, j'ai appris à poser, tu sais !	Мне так нравится быть моделью на этой неделе, [Ari]! С опытом в опере и на красной дорожке я умею держать красивые позы!	I'm having such fun being this week's model, [Ari]! Between performing in the opera and walking the red carpet, I'm no stranger to striking a pose!
Conversations/Friday Night at the Inn/Group 2/Drawing Club/drawing_4/drawing_4/1	Thanks, I put a lot of work into my traps! Okay, I better make way for this week's real model.	Merci, je travaille pas mal mes trapèzes ! Allez, je laisse la place au vrai modèle de la semaine.	Ага, моя диета похожа на пост! Ладно, пора уступить место настоящей модели этой недели.	Thanks, I put a lot of work into my traps! Okay, I better make way for this week's real model.
Conversations/Friday Night at the Inn/Group 2/Drawing Club/drawing_4/drawing_4/2	Cluck cluck!	Cot cot codet !	Куд-кудах!	Cluck cluck!
Conversations/Friday Night at the Inn/Group 2/Drawing Club/drawing_4/drawing_4/3	I like your attitude, young lady. And what a lovely pose... you're giving us so much wing!	J'aime ton assurance, jeune fille. Et quelle jolie pose... Tu ouvres si grand tes ailes !	Мне нравятся ваши манеры, юная леди. И что за чудная поза... Вы так открываете нам крыло!	I like your attitude, young lady. And what a lovely pose... you're giving us so much wing!
Conversations/Friday Night at the Inn/Group 2/Drawing Club/drawing_4/drawing_4/4	How is Henrietta such a dynamic model?	Comment se fait-il qu'Henrietta soit un modèle si dynamique ?	Генриетта оказалась такой энергичной моделью!	How is Henrietta such a dynamic model?
Conversations/Friday Night at the Inn/Group 2/Drawing Club/drawing_4/drawing_4/5	Thanks for sharing this with us, Hayden. Seems awful special to you.	Merci de partager ça avec nous, Hayden. Tu as l'air de tellement tenir à elle.	Спасибо, что поделился, Хейден. Видно, что для тебя это личное.	Thanks for sharing this with us, Hayden. Seems awful special to you.
Conversations/Friday Night at the Inn/Group 2/Drawing Club/drawing_4/drawing_4/6	I've seen so many animals grow up since I took the farm over. Thought it might be nice to start sketching up some memories.	J'ai vu beaucoup d'animaux grandir depuis que je suis arrivé à la ferme. À un moment je me suis dit qu'il était temps de coucher mes souvenirs sur le papier.	Столько животных выросло на моих глазах с тех пор, как я получил ферму. Решил, пора делать зарисовки на память.	I've seen so many animals grow up since I took the farm over. Thought it might be nice to start sketching up some memories.
Conversations/Friday Night at the Inn/Group 2/Drawing Club/drawing_4/drawing_4/7	Before I knew it, I was sketching all by myself and got in my own head about it.	Sans m'en rendre compte, je me suis mis à dessiner et c'est devenu une obsession.	Я не заметил, как стал рисовать в одиночку, и сильно из-за этого распереживался.	Before I knew it, I was sketching all by myself and got in my own head about it.
Conversations/Friday Night at the Inn/Group 2/Drawing Club/drawing_4/drawing_4/8	Thanks for talking some sense into me! You reminded me I'm the sharing type, and drawing's more fun with friends besides. Isn't that right, [Ari]?	Merci de m'avoir secoué les puces ! Vous m'avez rappelé que j'aime le partage et que c'est plus amusant de dessiner en compagnie de ses amis. Pas vrai, [Ari] ?	Спасибо, что поговорили со мной! Вы помогли мне вспомнить, что я люблю делиться и что рисовать всегда веселее с друзьями. Правда, [Ari]?	Thanks for talking some sense into me! You reminded me I'm the sharing type, and drawing's more fun with friends besides. Isn't that right, [Ari]?
Conversations/Friday Night at the Inn/Group 2/Drawing Club/drawing_4/drawing_4/9	GYA HA HA!	GAH HA HA !	ГА-ХА-ХА!	GYA HA HA!
Conversations/Friday Night at the Inn/Group 2/Drawing Club/drawing_4/drawing_4/init	Excellent contrapposto, Olric!	Magnifique contrapposto, Olric !	Отличный контрапост, Ольрик!	Excellent contrapposto, Olric!
Conversations/Friday Night at the Inn/Group 2/Inn Keepers/inn_keepers/inn_keepers_josephine/init	Juniper and Terithia look thick as thieves up there on the balcony! What do you suppose they're talking about?	Regarde Juniper et Terithia là-haut. Elles ont l'air de manigancer quelque chose ! À ton avis, de quoi parlent-elles ?	Джунипер и Теризия на балконе шепчутся, как друзья-подельники! Как думаешь, о чём они болтают?	Juniper and Terithia look thick as thieves up there on the balcony! What do you suppose they're talking about?
Conversations/Friday Night at the Inn/Group 2/Inn Keepers/inn_keepers/inn_keepers_luc/init	Miss Terithia looks like a sailor when she leans over the balcony! It's like she's on a ship!	Madame Terithia a l'air d'un marin quand elle se penche à la rambarde ! On dirait qu'elle est sur un gros bateau !	Мисс Теризия выглядит, как морячка, когда облокачивается на балкон! Как будто свешивается за борт!	Miss Terithia looks like a sailor when she leans over the balcony! It's like she's on a ship!
Conversations/Friday Night at the Inn/Group 2/Inn Keepers/inn_keepers/inn_keepers_maple/1	Anyway, that's how I know Miss Juniper and Miss Terithia are both up on the balcony.	C'est comme ça que je sais quand madame Juniper et madame Terithia sont toutes les deux sur le balcon.	В любом случае я по смеху слышу, что мисс Джунипер и мисс Теризия на балконе.	Anyway, that's how I know Miss Juniper and Miss Terithia are both up on the balcony.
Conversations/Friday Night at the Inn/Group 2/Inn Keepers/inn_keepers/inn_keepers_maple/init	I once asked Mama why Miss Juniper and Miss Terithia laugh like that, and Mama told me to shush and be polite.	Un jour, j'ai demandé à maman pourquoi madame Juniper et madame Terithia rigolaient comme ça, mais elle l'a dit de me taire et de rester polie.	Однажды я спросила маму, над чем мисс Джунипер и мисс Теризия так громко смеются, и мама сказала мне помолчать и быть повежливее.	I once asked Mama why Miss Juniper and Miss Terithia laugh like that, and Mama told me to shush and be polite.
Conversations/Friday Night at the Inn/Group 3/Board Games/board_games_1/board_games_1/1	Lords of the Land... Hm. Can't say I'm familiar with it.	« Seigneurs des terres »... Mmm, ça ne me dit rien.	«Владыки земель»... Хм. Не могу сказать, что знаю такую.	Lords of the Land... Hm. Can't say I'm familiar with it.
Conversations/Friday Night at the Inn/Group 3/Board Games/board_games_1/board_games_1/2	It was locked in a chest, which was a bit odd. Anyway, all of the pieces were present and accounted for.	Étrangement, il était enfermé dans un coffre. J'ai vérifié et il y a toutes les pièces.	Она хранилась в запертом сундуке, что немного странно. Но зато все компоненты на месте, я пересчитал.	It was locked in a chest, which was a bit odd. Anyway, all of the pieces were present and accounted for.
Conversations/Friday Night at the Inn/Group 3/Board Games/board_games_1/board_games_1/3	Do you suppose we could play it? It might open up a whole new avenue of research.	Ça vous dirait d'y jouer ? Peut-être que ça m'ouvrira de tout nouveaux axes de recherche.	Как думаете, мы можем сыграть? Может, это приоткроет целое направление новых исследований.	Do you suppose we could play it? It might open up a whole new avenue of research.
Conversations/Friday Night at the Inn/Group 3/Board Games/board_games_1/board_games_1/4	So we each pick a game piece to represent us on the board? Oh, I want the flower!	Donc, on doit tous choisir un pion qui nous représente ? Moi, je prends la fleur !	Каждый игрок выбирает фишку, обозначающую их на поле? О, я хочу цветочек!	So we each pick a game piece to represent us on the board? Oh, I want the flower!
Conversations/Friday Night at the Inn/Group 3/Board Games/board_games_1/board_games_1/5	It's a daffodil, Mom. And really? That... that's my game piece! That's me!	C'est une jonquille, maman. Et puis franchement... c'est mon pion ! La fleur, c'est moi !	Это нарцисс, мама. И ты серьёзно? Это... Это должна быть моя фишка! Это же я!	It's a daffodil, Mom. And really? That... that's my game piece! That's me!
Conversations/Friday Night at the Inn/Group 3/Board Games/board_games_1/board_games_1/6	I suppose I'll be the jester's cap.	Moi, je prends le chapeau de bouffon.	Ладно, видимо, я возьму шутовской колпак.	I suppose I'll be the jester's cap.
Conversations/Friday Night at the Inn/Group 3/Board Games/board_games_1/board_games_1/7	Now Eiland, if there's a jester around these parts, it would be yours truly.	Eiland, s'il y a un bouffon ici, ça ne peut être que moi.	Ну нет, Эйланд, если за нашим столом и есть шут, то это ваш покорный.	Now Eiland, if there's a jester around these parts, it would be yours truly.
Conversations/Friday Night at the Inn/Group 3/Board Games/board_games_1/board_games_1/8	When was the last time you even cracked a joke?	Quand as-tu raconté une blague pour la dernière fois ?	Когда ты в последний раз вообще шутил?	When was the last time you even cracked a joke?
Conversations/Friday Night at the Inn/Group 3/Board Games/board_games_1/board_games_1/9	Hm. Perhaps there was a reason this game was locked up...	Mmm. Ce jeu était peut-être sous clé pour une bonne raison...	Хм. Возможно, эту игру не просто так держали под замком...	Hm. Perhaps there was a reason this game was locked up...
Conversations/Friday Night at the Inn/Group 3/Board Games/board_games_1/board_games_1/init	I found an old board game in the Museum archives! Look at this.	Regardez ! J'ai retrouvé un vieux jeu de société dans les archives du musée !	Я нашёл в музейном архиве старую настольную игру! Смотрите.	I found an old board game in the Museum archives! Look at this.
Conversations/Friday Night at the Inn/Group 3/Board Games/board_games_2/board_games_2/1	What's riveting is the fact that Eiland is buying up all this property and then sitting on it! Surely you can find a use for your empire?	Ce qui est fascinant, c'est qu'Eiland achète toutes ces propriétés et qu'il n'en fasse rien ! Ton empire doit bien pouvoir servir à quelque chose, non ?	Меня лично впечатляет, что Эйланд скупает имущество и ничего с ним не делает! Наверняка в твоей империи можно найти ему применение?	What's riveting is the fact that Eiland is buying up all this property and then sitting on it! Surely you can find a use for your empire?
Conversations/Friday Night at the Inn/Group 3/Board Games/board_games_2/board_games_2/10	I wonder if there's more to Lords of the Land than we think.	Je me demande si Seigneurs des terres ne cache pas autre chose...	Любопытно. Возможно, «Владыки земель» скрывают больше, чем мы думали.	I wonder if there's more to Lords of the Land than we think.
Conversations/Friday Night at the Inn/Group 3/Board Games/board_games_2/board_games_2/2	But I have, Nora! It's my duty to preserve these historical buildings. I'm leaving them intact.	Mais il sert à quelque chose, Nora ! Mon devoir moral est de préserver ces bâtiments historiques, alors je n'y touche pas.	А я и нашёл, Нора! Мой долг — сохранить эти исторические здания. Я поддерживаю их первозданный вид.	But I have, Nora! It's my duty to preserve these historical buildings. I'm leaving them intact.
Conversations/Friday Night at the Inn/Group 3/Board Games/board_games_2/board_games_2/3	But you had it all declared landmarks! No one has any place to live!	Mais tu les as tous déclarés monuments historiques ! Plus personne ne peut se loger !	Ты все их назначил достопримечательностями! Людям просто негде жить!	But you had it all declared landmarks! No one has any place to live!
Conversations/Friday Night at the Inn/Group 3/Board Games/board_games_2/board_games_2/4	That's why Celine and I pooled our black market bucks to get around the law. You see, Eiland may have bought the buildings, but I bought the deeds to the land.	C'est pour ça que Céline et moi avons mis en commun nos gains sur le marché noir pour contourner la loi. Eiland a acheté les bâtiments, mais c'est moi qui détiens les titres de propriété sur les terres.	Поэтому мы с Селин объединили наши заработки с чёрного рынка и обошли закон. Видишь ли, Эйланд скупил все здания, но права на землю купил я.	That's why Celine and I pooled our black market bucks to get around the law. You see, Eiland may have bought the buildings, but I bought the deeds to the land.
Conversations/Friday Night at the Inn/Group 3/Board Games/board_games_2/board_games_2/5	I'm going to level it to make room for my newest development... an amusement park!	Je vais tout raser pour réaliser mon projet de... parc d'attractions !	Вот это я снесу, чтобы освободить место для новостройки... Тут будет парк развлечений!	I'm going to level it to make room for my newest development... an amusement park!
Conversations/Friday Night at the Inn/Group 3/Board Games/board_games_2/board_games_2/6	Welcome... to Holtland.	Bienvenue à... Holtland.	Добро пожаловать... в Хольтленд.	Welcome... to Holtland.
Conversations/Friday Night at the Inn/Group 3/Board Games/board_games_2/board_games_2/7	You said we'd call it Celineland!	Tu avais dit que ça s'appellerait Célineland !	Ты говорил, что это будет Селинленд!	You said we'd call it Celineland!
Conversations/Friday Night at the Inn/Group 3/Board Games/board_games_2/board_games_2/8	For a silly little board game, it certainly induces people to act unlike themselves.	Ce jeu de société semble pousser les gens à se comporter différemment.	Хотя это всего лишь настольная игра, она меняет поведение людей до неузнаваемости.	For a silly little board game, it certainly induces people to act unlike themselves.
Conversations/Friday Night at the Inn/Group 3/Board Games/board_games_2/board_games_2/9	It raises the collective blood pressure of the table, too...	Et il fait monter la tension de tout le monde autour de la table...	Кроме того, она повышает коллективное кровяное давление за столом...	It raises the collective blood pressure of the table, too...
Conversations/Friday Night at the Inn/Group 3/Board Games/board_games_2/board_games_2/init	This game is riveting, Eiland. You said it's called Lords of the Land?	Je trouve ce jeu fascinant, Eiland. Tu as dit qu'il s'appelait « Seigneurs des terres » ?	Впечатляющая игра, Эйланд. Говоришь, она называется «Владыки земель»?	This game is riveting, Eiland. You said it's called Lords of the Land?
Conversations/Friday Night at the Inn/Group 3/Board Games/board_games_3/board_games_3/1	Apparently this game is outlawed in seven countries, four provinces and two city-states. It has a storied history of turning neighbor against neighbor.	Apparemment, ce jeu est interdit dans sept pays, quatre provinces et deux cités-États. Il paraît qu'il sèmerait la discorde entre voisins.	Оказывается, эта игра запрещена в семи странах, четырёх провинциях и двух вольных городах. Она приобрела дурную славу как источник вражды между соседями.	Apparently this game is outlawed in seven countries, four provinces and two city-states. It has a storied history of turning neighbor against neighbor.
Conversations/Friday Night at the Inn/Group 3/Board Games/board_games_3/board_games_3/10	This has been simply fascinating. I wonder if I might take the game home with me?	C'est vraiment fascinant... Dites, je peux prendre le jeu chez moi pour la semaine ?	Это просто завораживающий опыт. Никто не против, если я заберу эту игру домой?	This has been simply fascinating. I wonder if I might take the game home with me?
Conversations/Friday Night at the Inn/Group 3/Board Games/board_games_3/board_games_3/11	I'd love to study it.	J'aimerais l'étudier de plus près.	Я бы хотела её изучить.	I'd love to study it.
Conversations/Friday Night at the Inn/Group 3/Board Games/board_games_3/board_games_3/2	Of course, we live in more civilized times, so no need to let that ruin the fun!	Mais nous vivons en des temps plus civilisés maintenant, alors continuons à nous amuser !	Разумеется, мы живём в более цивилизованный век, так что это не помешает нам весело провести время.	Of course, we live in more civilized times, so no need to let that ruin the fun!
Conversations/Friday Night at the Inn/Group 3/Board Games/board_games_3/board_games_3/3	Fun? FUN? You think the woodworker's district burning down in the last game was fun?	À nous amuser ? Tu as trouvé ça drôle d'incendier le quartier des menuisiers lors de la dernière partie ?	Весело? ВЕСЕЛО? По-твоему, пожар в квартале резчиков по дереву на прошлой игре — это весело?	Fun? FUN? You think the woodworker's district burning down in the last game was fun?
Conversations/Friday Night at the Inn/Group 3/Board Games/board_games_3/board_games_3/4	It only burned down because you were courting the reformed thieves guild in hopes of swindling them out of their property.	Il a brûlé parce que tu t'intéressais de près à la guilde des voleurs repentis pour les virer de chez eux.	Пожар был только потому, что ты заигрывал с реформированной гильдией воров, надеясь обманом заполучить их здания.	It only burned down because you were courting the reformed thieves guild in hopes of swindling them out of their property.
Conversations/Friday Night at the Inn/Group 3/Board Games/board_games_3/board_games_3/5	Instead, they came after you! For revenge!	Finalement, ils se sont retournés contre toi pour se venger !	А вместо этого они пришли за тобой! Чтобы отомстить!	Instead, they came after you! For revenge!
Conversations/Friday Night at the Inn/Group 3/Board Games/board_games_3/board_games_3/6	We don't take kindly to being tricked, Dad. You should have taken the deal. It was an honest offer.	On n'a pas apprécié que tu veuilles nous rouler dans la farine, papa. Tu aurais dû accepter le marché. C'était une offre plus que raisonnable.	Мы не потерпим обмана, папа. Тебе надо было соглашаться на сделку. Это было честное предложение.	We don't take kindly to being tricked, Dad. You should have taken the deal. It was an honest offer.
Conversations/Friday Night at the Inn/Group 3/Board Games/board_games_3/board_games_3/7	Actually, it was a bit outrageous as offers go... you overvalued that real estate at least twice over.	Si je puis me permettre, ta proposition était un peu exagérée.... Ton estimation était au moins le double des prix du marché.	Вообще-то, это было довольно возмутительное предложение... Вы переоценили вашу недвижимость как минимум вдвое.	Actually, it was a bit outrageous as offers go... you overvalued that real estate at least twice over.
Conversations/Friday Night at the Inn/Group 3/Board Games/board_games_3/board_games_3/8	We're a reformed thieves guild, Eiland... not fools.	On est une guilde de voleurs repentis, Eiland... Pas des imbéciles.	Мы реформированная гильдия воров, Эйланд... А не какие-то дурачки.	We're a reformed thieves guild, Eiland... not fools.
Conversations/Friday Night at the Inn/Group 3/Board Games/board_games_3/board_games_3/9	Do you take us for fools, Eiland?	Tu nous prends pour des imbéciles, Eiland ?	Или, по-твоему, мы дурачки, Эйланд?	Do you take us for fools, Eiland?
Conversations/Friday Night at the Inn/Group 3/Board Games/board_games_3/board_games_3/init	I uncovered some interesting facts about Lords of the Land in the past week!	J'ai découvert plusieurs anecdotes intéressantes sur Seigneurs des terres cette semaine !	За эту неделю я узнал кое-какие любопытные факты про «Владык земель»!	I uncovered some interesting facts about Lords of the Land in the past week!
Conversations/Friday Night at the Inn/Group 3/Board Games/board_games_4/board_games_4/1	It's true! Reina really outdid herself. And Eiland, this tea is so lovely and floral! Thank you for sharing it with us.	Oui ! Reina s'est surpassée. Et Eiland, ce thé est si délicat et floral ! Merci de nous en faire profiter.	Это правда! Рейна превзошла саму себя. Кстати, Эйланд, твой чай такой приятно цветочный. Спасибо, что угостил.	It's true! Reina really outdid herself. And Eiland, this tea is so lovely and floral! Thank you for sharing it with us.
Conversations/Friday Night at the Inn/Group 3/Board Games/board_games_4/board_games_4/2	Of course! Good things are meant to be shared.	Oh, mais de rien ! Les bonnes choses sont faites pour être partagées.	Ну разумеется! Хорошими вещами всегда нужно делиться.	Of course! Good things are meant to be shared.
Conversations/Friday Night at the Inn/Group 3/Board Games/board_games_4/board_games_4/3	Weren't we playing a board game, though?	Mais dites, nous n'étions pas censés jouer à un jeu de société ?	Но мне казалось, у нас была настольная игра?	Weren't we playing a board game, though?
Conversations/Friday Night at the Inn/Group 3/Board Games/board_games_4/board_games_4/4	That's right! Lords of the Land. Didn't Valen take it home last time?	Mais oui ! Aux Seigneurs des terres. Valen l'a emporté chez elle la dernière fois, non ?	Точно! «Владыки земель». Кажется, Вален в прошлый раз забрала её домой?	That's right! Lords of the Land. Didn't Valen take it home last time?
Conversations/Friday Night at the Inn/Group 3/Board Games/board_games_4/board_games_4/5	I threw it in the river.	Et je l'ai jeté dans la rivière.	Я выбросила её в реку.	I threw it in the river.
Conversations/Friday Night at the Inn/Group 3/Board Games/board_games_4/board_games_4/6	You threw a historical artifact... in the river?	Tu as jeté un artéfact historique... dans la rivière ?	Ты выбросила исторический артефакт... в реку?	You threw a historical artifact... in the river?
Conversations/Friday Night at the Inn/Group 3/Board Games/board_games_4/board_games_4/7	It seemed the best place for it. And look at us! We're all getting along quite nicely.	C'était sa place. Et regardez le résultat ! Tout le monde s'entend bien, comme avant.	Мне показалось, что это подходящее для такой игры. И смотрите! Мы сразу отлично ладим друг с другом.	It seemed the best place for it. And look at us! We're all getting along quite nicely.
Conversations/Friday Night at the Inn/Group 3/Board Games/board_games_4/board_games_4/8	But Valen... what happens when it washes up in the next town over?	Mais Valen... Que se passera-t-il s'il échoue entre les mains d'autres personnes ?	Но, Вален... представляешь, что будет в том городе, где её выбросит на берег?	But Valen... what happens when it washes up in the next town over?
Conversations/Friday Night at the Inn/Group 3/Board Games/board_games_4/board_games_4/9	It'll tear that village apart!	Ils s'entretueront !	Вся деревня перессорится!	It'll tear that village apart!
Conversations/Friday Night at the Inn/Group 3/Board Games/board_games_4/board_games_4/init	These shortcakes are delicious, Celine.	Ces petits sablés sont délicieux, Céline.	Пирожные — просто объедение, Селин.	These shortcakes are delicious, Celine.
Conversations/Friday Night at the Inn/Group 3/Book Club/book_club_1/book_club_1/1	Now, let's introduce our first book! Terithia picked Tales of the Sea, a collection of fishy folktales. Tell me about your favorite story!	Bien, c'est le moment de présenter notre premier livre ! Terithia a choisi « Les Contes des mers », un recueil d'histoires populaires sur les océans. Dis-nous qu'elle est ta préférée !	Давайте же представим нашу первую книгу! Теризия выбрала «Морские истории», сборник водянистых народных сказок. Расскажите, какая вам понравилась больше всего!	Now, let's introduce our first book! Terithia picked Tales of the Sea, a collection of fishy folktales. Tell me about your favorite story!
Conversations/Friday Night at the Inn/Group 3/Book Club/book_club_1/book_club_1/2	I quite liked the Ballad of the Sea Cucumber. For a story with such an adorable premise, the sense of melancholy at the close is what made it stick out in my mind.	J'aime beaucoup « La Ballade du concombre de mer ». L'idée de départ est adorable, mais c'est le sentiment de mélancolie à la fin qui m'a marquée.	Мне понравилась «Баллада о морском огурце». Учитывая её невинную завязку, чувство меланхолии в финале для меня выделяет её на фоне остальных.	I quite liked the Ballad of the Sea Cucumber. For a story with such an adorable premise, the sense of melancholy at the close is what made it stick out in my mind.
Conversations/Friday Night at the Inn/Group 3/Book Club/book_club_1/book_club_1/3	Oh yeah, I liked that one. My favorite was the one about the three pirates. I had no idea who was going to end up captain in the end!	Oh oui, je l'ai beaucoup aimée. Ma préférée reste celle des trois pirates. Jusqu'à la fin, je me suis demandé qui allait devenir capitaine !	О да, мне она тоже понравилась. Но моя любимая — про трёх пиратов. До самого конца не мог догадаться, кто из них станет капитаном!	Oh yeah, I liked that one. My favorite was the one about the three pirates. I had no idea who was going to end up captain in the end!
Conversations/Friday Night at the Inn/Group 3/Book Club/book_club_1/book_club_1/4	To be frank, I've been on ships like that.	Si vous voulez tout savoir, j'ai déjà navigué sur des bateaux de ce genre.	Честно говоря, мне приходилось бывать на таких кораблях.	To be frank, I've been on ships like that.
Conversations/Friday Night at the Inn/Group 3/Book Club/book_club_1/book_club_1/5	KYA HA HA!	HÉ HÉ HÉ !	КЯ-ХА-ХА!	KYA HA HA!
Conversations/Friday Night at the Inn/Group 3/Book Club/book_club_1/book_club_1/6	I was partial to the Siren's Song story! I could relate, I'm not immune to a charming face and a pretty ditty!	Moi, j'ai beaucoup aimé « Le Chant de la sirène » ! Car un beau visage et un joli brin de voix ne m'ont jamais laissé indifférent !	Меня затронула «Песня сирены»! Могу понять их чувства, невозможно противостоять соблазну прелестного личика и милой песенки!	I was partial to the Siren's Song story! I could relate, I'm not immune to a charming face and a pretty ditty!
Conversations/Friday Night at the Inn/Group 3/Book Club/book_club_1/book_club_1/7	You'd walk right into the ocean, I suspect.	Tu plongerais directement dans l'océan en l'entendant, alors.	Подозреваю, ты бы зашагал прямиком в океан.	You'd walk right into the ocean, I suspect.
Conversations/Friday Night at the Inn/Group 3/Book Club/book_club_1/book_club_1/8	Lucky for me I'm such a strong swimmer!	Heureusement pour moi que je sais très bien nager !	Мне повезло, что я такой хороший пловец!	Lucky for me I'm such a strong swimmer!
Conversations/Friday Night at the Inn/Group 3/Book Club/book_club_1/book_club_1/init	Oh, it is so exciting to welcome you to book club! I ran one in the Capital, too... I find discussion helps stimulate my mind as I formulate my memoirs!	Je suis si heureuse de ce club de lecture ! J'en avais aussi créé un à la capitale... Ces discussions stimulantes me permettent de rédiger mes mémoires !	Ох, с волнением приветствую вас в книжном клубе! Я уже проводила такой в столице... Я знаю, что обсуждения помогают мне размять ум и яснее формулировать свои мемуары.	Oh, it is so exciting to welcome you to book club! I ran one in the Capital, too... I find discussion helps stimulate my mind as I formulate my memoirs!
Conversations/Friday Night at the Inn/Group 3/Book Club/book_club_2/book_club_2/1	I've been dying to talk about this book all week! I started reading right after our last session, and I couldn't put it down! The twists! The turns!	Ça fait une semaine que je veux vous en parler ! Je l'ai commencé après notre dernière réunion et je n'ai pas pu m'arrêter ! Tous ces rebondissements, ce suspense !	Всю неделю хочу обсудить эту книгу! Я начала читать сразу после нашей прошлой встречи и не могла оторваться! Какие неожиданные повороты!	I've been dying to talk about this book all week! I started reading right after our last session, and I couldn't put it down! The twists! The turns!
Conversations/Friday Night at the Inn/Group 3/Book Club/book_club_2/book_club_2/2	I love a closed room mystery, and setting it on a ship was so cool.	J'adore les huis clos et, là, j'ai beaucoup aimé que ça se passe sur un bateau.	Я люблю убийства в закрытой комнате, и мне очень понравился выбор корабля как места действия.	I love a closed room mystery, and setting it on a ship was so cool.
Conversations/Friday Night at the Inn/Group 3/Book Club/book_club_2/book_club_2/3	When they said the first murder happened on the deck, where it was impossible to hide... I was captivated. I started keeping a journal!	Quand ils ont dit que le premier meurtre avait eu lieu sur le pont alors qu'il était impossible de s'y cacher... je suis rentré dedans. J'ai même commencé à tenir un journal !	Когда они сказали, что первое убийство произошло на палубе, где негде спрятаться... Это захватило моё внимание. Я стал вести заметки!	When they said the first murder happened on the deck, where it was impossible to hide... I was captivated. I started keeping a journal!
Conversations/Friday Night at the Inn/Group 3/Book Club/book_club_2/book_club_2/4	Then Ryis and I got to talking about it, and we started pinning notes to the wall in my room. I woke up and went to sleep staring at that thing!	Ensuite, Ryis et moi, on en a parlé. On a commencé à épingler des notes sur un mur de ma chambre. Au réveil et au coucher, je les avais sous le nez !	Затем мы с Ризом стали их обсуждать и вешать записи на стену в моей комнате. Я засыпал и просыпался, глядя на них!	Then Ryis and I got to talking about it, and we started pinning notes to the wall in my room. I woke up and went to sleep staring at that thing!
Conversations/Friday Night at the Inn/Group 3/Book Club/book_club_2/book_club_2/5	I was a man possessed! I couldn't figure it out!	C'était devenu une obsession ! Je ne trouvais pas la solution !	Я был как одержимый! Никак не мог разгадать!	I was a man possessed! I couldn't figure it out!
Conversations/Friday Night at the Inn/Group 3/Book Club/book_club_2/book_club_2/6	The writer also had all the little nautical details down pat. The absentee pennant, the fake murder weapon hidden in the bilge, the landlubber knots being a clue...	L'auteur a vraiment utilisé l'univers marin à fond. Le pavillon d'absence, la fausse arme du crime cachée en fond de cale, les nœuds indignes d'un marin pour indice...	А ещё писатель хорошо разбирается во флотских тонкостях. Отсутствие командирского вымпела, ложное орудие убийства в трюме, сухопутные узлы в качестве улик...	The writer also had all the little nautical details down pat. The absentee pennant, the fake murder weapon hidden in the bilge, the landlubber knots being a clue...
Conversations/Friday Night at the Inn/Group 3/Book Club/book_club_2/book_club_2/7	It was very convincing!	C'était très convaincant !	Всё это было очень убедительно!	It was very convincing!
Conversations/Friday Night at the Inn/Group 3/Book Club/book_club_2/book_club_2/8	And who would have thought the butler was the murderer? Not me! But it all made sense...	Et qui aurait imaginé que le coupable était la majordome ? Pas moi, en tout cas ! Mais c'était logique, finalement...	И кто бы мог подумать, что убийца — дворецкий? Точно не я! Но в итоге всё сошлось...	And who would have thought the butler was the murderer? Not me! But it all made sense...
Conversations/Friday Night at the Inn/Group 3/Book Club/book_club_2/book_club_2/init	Oh, I can't wait! Let's get this book club started! What did you think of Murder on the Grand Leviathan?	Il me tarde d'ouvrir cette session du club de lecture ! Alors, qu'avez-vous pensé de « Meurtre à bord du Léviathan » ?	"Ох, как я ждал! Давайте начнём книжный клуб! Что вы думаете про «Убийство на ""Большом левиафане""»?"	Oh, I can't wait! Let's get this book club started! What did you think of Murder on the Grand Leviathan?
Conversations/Friday Night at the Inn/Group 3/Book Club/book_club_3/book_club_3/1	Yes... unique... rarely have I seen a book written with such, ah... deliberate precision.	Oui, c'est le moins qu'on puisse dire. J'ai rarement lu un livre écrit avec un tel, euh... souci du détail.	Да... специфическую... Нечасто мне попадались книги, написанные с такой, эм... выверенной точностью.	Yes... unique... rarely have I seen a book written with such, ah... deliberate precision.
Conversations/Friday Night at the Inn/Group 3/Book Club/book_club_3/book_club_3/2	But the diagrams! Illustrations were a welcome addition.	Et ces schémas ! Ils étaient indispensables.	Но какие диаграммы! Иллюстрации были очень полезны.	But the diagrams! Illustrations were a welcome addition.
Conversations/Friday Night at the Inn/Group 3/Book Club/book_club_3/book_club_3/3	I thought the author's note at the end was rather romantic. In his heart, he dedicated that building to his wife.	J'ai trouvé le mot de l'auteur à la toute fin très romantique. Dans son cœur, il dédiait le bâtiment à sa femme bien-aimée.	Заметка автора в конце показалась мне весьма романтичной. В душе он посвятил это здание своей жене.	I thought the author's note at the end was rather romantic. In his heart, he dedicated that building to his wife.
Conversations/Friday Night at the Inn/Group 3/Book Club/book_club_3/book_club_3/4	Even if he was rather dry about it.	Même s'il est resté plutôt laconique à ce sujet.	Пускай и сообщил об этом довольно сухо.	Even if he was rather dry about it.
Conversations/Friday Night at the Inn/Group 3/Book Club/book_club_3/book_club_3/5	See, Ryis? What'd I tell you? We spent a whole summer bonding over that book, and now they're appreciating it too!	Tu vois, Ryis ? Je te l'avais dit. Tout l'été, ce livre nous a permis de tisser du lien, et maintenant, ils l'apprécient aussi !	Видишь, Риз? Что я говорил? Мы целое лето провели, обсуждая эту книгу, а теперь и они могут её оценить!	See, Ryis? What'd I tell you? We spent a whole summer bonding over that book, and now they're appreciating it too!
Conversations/Friday Night at the Inn/Group 3/Book Club/book_club_3/book_club_3/6	Uncle, it's a technical manual for reconstructing a wooden cathedral... I don't think this is the kind of book Elsie was talking about. Sorry guys, I tried to talk him out of it.	Oncle Landen, c'est un traité sur la reconstruction d'une cathédrale en bois... Elsie ne parlait pas de ce genre de livres. Désolé, les amis, j'ai essayé de l'en dissuader.	Дядя, это техническое руководство по реконструкции деревянного собора... Я думаю, Элси имела в виду не такие книги. Простите, ребята, я пытался его отговорить.	Uncle, it's a technical manual for reconstructing a wooden cathedral... I don't think this is the kind of book Elsie was talking about. Sorry guys, I tried to talk him out of it.
Conversations/Friday Night at the Inn/Group 3/Book Club/book_club_3/book_club_3/7	I did enjoy rereading it, though...	Moi, en tout cas, j'ai bien aimé le relire...	Хотя мне понравилось перечитывать...	I did enjoy rereading it, though...
Conversations/Friday Night at the Inn/Group 3/Book Club/book_club_3/book_club_3/init	So, ah... Landen and Ryis' choice of book was a bit unique, don't ya think?	Alors, euh... j'ai trouvé le livre choisi par Landen et Ryis un peu déconcertant, non ?	Так, э-э... Ланден и Риз выбрали довольно специфическую книгу, да	So, ah... Landen and Ryis' choice of book was a bit unique, don't ya think?
Conversations/Friday Night at the Inn/Group 3/Book Club/book_club_4/book_club_4/1	The Rise and Fall of House Amore. What a story!	« Grandeur et décadence de la Maison Amore ». Quelle saga !	«Взлёт и падение дома Амур». Вот это история!	The Rise and Fall of House Amore. What a story!
Conversations/Friday Night at the Inn/Group 3/Book Club/book_club_4/book_club_4/10	Would it be too forward to ask for mine to be signed?	Oserais-je vous demander de me dédicacer le mien ?	Не слишком нахально будет попросить его подписать?	Would it be too forward to ask for mine to be signed?
Conversations/Friday Night at the Inn/Group 3/Book Club/book_club_4/book_club_4/2	I'll say! This is what book club is all about! Though I don't know how I feel about Ryis reading about all that.	Tout à fait ! C'est ça qu'on aime au club de lecture ! Même si je ne suis pas sûr que ce soit pour Ryis.	Согласен! В этом и смысл книжного клуба! Правда, не знаю, как относиться к тому, что Риз это читает.	I'll say! This is what book club is all about! Though I don't know how I feel about Ryis reading about all that.
Conversations/Friday Night at the Inn/Group 3/Book Club/book_club_4/book_club_4/3	What are you even talking about? It was hardly lurid.	Mais qu'est-ce que tu racontes ? Il n'y a rien d'olé olé.	О чём ты вообще, дядя? Там не было ничего откровенного.	What are you even talking about? It was hardly lurid.
Conversations/Friday Night at the Inn/Group 3/Book Club/book_club_4/book_club_4/4	Listen to you! In my day that chapter twelve hand-holding scene would have meant a content warning on the cover!	Ben voyons ! À mon époque, quand ils se tiennent la main au chapitre douze, ça aurait valu un avertissement sur la première de couverture !	Ишь какой! В моё время за сцену в двенадцатой главе, где они держатся за руки, ставили предупреждение на обложке.	Listen to you! In my day that chapter twelve hand-holding scene would have meant a content warning on the cover!
Conversations/Friday Night at the Inn/Group 3/Book Club/book_club_4/book_club_4/5	Anyway! I love a good love triangle. And this one was so good. I really didn't know which way the princess would go!	Bref ! J'adore les triangles amoureux, et celui-ci était vraiment prenant. Jusqu'au bout, je me suis demandé qui la princesse allait choisir !	Так вот: я люблю хорошие любовные треугольники. А этот был очень хорош. Я до самого конца не мог понять, кого предпочтёт принцесса.	Anyway! I love a good love triangle. And this one was so good. I really didn't know which way the princess would go!
Conversations/Friday Night at the Inn/Group 3/Book Club/book_club_4/book_club_4/6	The maelstrom of feelings I had at the end! The joy of love realized! The heart, crushed to pieces!	J'ai été pris dans un tourbillon d'émotions à la fin ! Le bonheur d'un amour comblé et l'horreur d'un cœur en morceaux !	Какой водоворот эмоций я испытал в конце! Счастье осуществлённой любви! И сердце, разбитое вдребезги!	The maelstrom of feelings I had at the end! The joy of love realized! The heart, crushed to pieces!
Conversations/Friday Night at the Inn/Group 3/Book Club/book_club_4/book_club_4/7	Aw, you big old softie.	Oh, regardez-moi ce grand tendre.	Ах ты большой старый тюфяк!	Aw, you big old softie.
Conversations/Friday Night at the Inn/Group 3/Book Club/book_club_4/book_club_4/8	Elsie, aren't you writing a romance novel? Let's have a special session when it's ready!	Elsie, vous n'étiez pas en train d'écrire un roman d'amour ? Il faudra organiser une lecture quand il sera fini !	Элси, ты, кажется, пишешь романтическую повесть? Давайте устроим специальное собрание, когда она выйдет!	Elsie, aren't you writing a romance novel? Let's have a special session when it's ready!
Conversations/Friday Night at the Inn/Group 3/Book Club/book_club_4/book_club_4/9	I'm actually writing my memoirs, so there are many romances to speak of. I'm so delighted you're interested! When I'm done, you'll all get a free copy!	Je rédige mes mémoires, alors ce ne sont pas les histoires d'amour qui manquent. Je suis ravie que ça vous intéresse ! Vous aurez tous droit à un exemplaire quand j'aurai terminé !	Вообще-то, я пишу мемуары, так что там много любопытных романов. Мне так приятно, что вы заинтересовались! Когда я закончу, вам всем полагается бесплатный экземпляр!	I'm actually writing my memoirs, so there are many romances to speak of. I'm so delighted you're interested! When I'm done, you'll all get a free copy!
Conversations/Friday Night at the Inn/Group 3/Book Club/book_club_4/book_club_4/init	I'm not one for lovey-dovey stuff, but the book you picked was a real shipsinker, Elsie!	Je n'aime pas trop les romans à l'eau de rose, mais le livre que vous avez choisi m'a fait chavirer, Elsie !	Обычно я не читаю про всякую любовь-морковь, но от твоей книги у меня душа пошла под киль, Элси!	I'm not one for lovey-dovey stuff, but the book you picked was a real shipsinker, Elsie!
Conversations/Friday Night at the Inn/Group 3/Dragonguard/dragonguard_1/dragonguard_1/1	Isn't that right, Dragonguard recruits?	Pas vrai, jeunes recrues de la Garde des dragons ?	Верно, новобранцы Драконьей стражи?	Isn't that right, Dragonguard recruits?
Conversations/Friday Night at the Inn/Group 3/Dragonguard/dragonguard_1/dragonguard_1/10	Treasure?	Un trésor ?	Сокровище?	Treasure?
Conversations/Friday Night at the Inn/Group 3/Dragonguard/dragonguard_1/dragonguard_1/11	Treasure?	Un trésor ?	Сокровище?	Treasure?
Conversations/Friday Night at the Inn/Group 3/Dragonguard/dragonguard_1/dragonguard_1/12	Hmm. You guys have a long way to go before you're ready to hear about treasure beyond your wildest dreams.	Mmm. Vous avez encore des progrès à faire avant d'être prêts à entendre parler d'un trésor incroyable.	Хмм. Вам, ребята, ещё надо поучиться, вы пока не готовы к богатствам, о которых только мечтать.	Hmm. You guys have a long way to go before you're ready to hear about treasure beyond your wildest dreams.
Conversations/Friday Night at the Inn/Group 3/Dragonguard/dragonguard_1/dragonguard_1/13	Now, dragonguard recruits... move out!	À présent, nouvelles recrues de la Garde des dragons... rompez !	Итак, новобранцы Драконьей стражи... Вперёд!	Now, dragonguard recruits... move out!
Conversations/Friday Night at the Inn/Group 3/Dragonguard/dragonguard_1/dragonguard_1/2	Actually, I was just going to my room.	Euh, je voulais juste aller dans ma chambre.	Вообще-то, я просто шёл в свою комнату.	Actually, I was just going to my room.
Conversations/Friday Night at the Inn/Group 3/Dragonguard/dragonguard_1/dragonguard_1/3	I had a question for Adeline...	Moi, je voulais poser une question à Adeline...	У меня был вопрос к Аделине...	I had a question for Adeline...
Conversations/Friday Night at the Inn/Group 3/Dragonguard/dragonguard_1/dragonguard_1/4	It's more like I'm here to recruit the Dragonguard?	Et moi, je m'occupe de recruter pour la Garde des dragons, c'est ça ?	Скорее, это я пришла завербовать Драконью стражу.	It's more like I'm here to recruit the Dragonguard?
Conversations/Friday Night at the Inn/Group 3/Dragonguard/dragonguard_1/dragonguard_1/5	For new duties! Like litter pickup!	Pour de nouvelles missions ! Le ramassage d'ordures par exemple !	На новые задачи! Например, уборку мусора!	For new duties! Like litter pickup!
Conversations/Friday Night at the Inn/Group 3/Dragonguard/dragonguard_1/dragonguard_1/6	Don't worry, Dell. I'm here because I totally believe in the dragonguys!	Ne t'inquiète pas, Dell. Moi, je suis à fond avec les dragons.	Не переживай, Делл. Я пришёл, потому что я правда верю в Драконьих ребят.	Don't worry, Dell. I'm here because I totally believe in the dragonguys!
Conversations/Friday Night at the Inn/Group 3/Dragonguard/dragonguard_1/dragonguard_1/7	Boy oh boy... I can't say I'm impressed with the quality of recruits these days.	Bon... On n'est pas gâtés avec ces nouvelles recrues, moi je vous le dis.	Ну и ну... Не скажу, что я впечатлена нынешней подготовкой новобранцев.	Boy oh boy... I can't say I'm impressed with the quality of recruits these days.
Conversations/Friday Night at the Inn/Group 3/Dragonguard/dragonguard_1/dragonguard_1/8	I guess Olric will be the only one to hear about the treasure I found.	Tant pis, Olric sera le seul à en savoir plus sur le trésor que j'ai trouvé.	Выходит, только Ольрик узнает про сокровище, которое я нашла.	I guess Olric will be the only one to hear about the treasure I found.
Conversations/Friday Night at the Inn/Group 3/Dragonguard/dragonguard_1/dragonguard_1/9	Treasure?	Un trésor ?	Сокровище?	Treasure?
Conversations/Friday Night at the Inn/Group 3/Dragonguard/dragonguard_1/dragonguard_1/init	While everyone down there is playing, we're up here doing the real work.	Pendant que tout le monde s'amuse en bas, c'est nous qui faisons tout le boulot ici.	Пока все остальные играют, мы тут делаем настоящую работу.	While everyone down there is playing, we're up here doing the real work.
Conversations/Friday Night at the Inn/Group 3/Dragonguard/dragonguard_1/dragonguard_1_follow_up_adeline/1	Nora is Dell's mother... it's possible, I suppose.	Étant donné que Dell a Nora pour mère, tout est possible.	Ведь Делл — дочь Норы... Так что полагаю, такое возможно.	Nora is Dell's mother... it's possible, I suppose.
Conversations/Friday Night at the Inn/Group 3/Dragonguard/dragonguard_1/dragonguard_1_follow_up_adeline/init	Dell mentioned Dragonguard treasure the other day... do you suppose the Dragonguard is financially solvent?	Dell a dit que la Garde des dragons avait un trésor l'autre jour... Tu crois qu'ils ont beaucoup de fonds ?	Делл на днях упоминала сокровище Драконьей стражи... Ты полагаешь, они могут обладать финансовой стабильностью?	Dell mentioned Dragonguard treasure the other day... do you suppose the Dragonguard is financially solvent?
Conversations/Friday Night at the Inn/Group 3/Dragonguard/dragonguard_1/dragonguard_1_follow_up_balor/1	My mind is racing!	J'ai plein d'idées !	Воображение у меня разыгралось!	My mind is racing!
Conversations/Friday Night at the Inn/Group 3/Dragonguard/dragonguard_1/dragonguard_1_follow_up_balor/init	What could Dell's treasure be? Gems? A cache of tesserae? Ancient coins?	Que peut contenir le trésor de Dell ? Des gemmes ? Des tesserae ? Des pièces d'époque ?	Какое может быть у Делл сокровище? Драгоценности? Тайник тессер? Древние монеты?	What could Dell's treasure be? Gems? A cache of tesserae? Ancient coins?
Conversations/Friday Night at the Inn/Group 3/Dragonguard/dragonguard_1/dragonguard_1_follow_up_juniper/1	Do you know what it is?	Mais tu sais ce que c'est ?	А ты, случайно, не знаешь?	Do you know what it is?
Conversations/Friday Night at the Inn/Group 3/Dragonguard/dragonguard_1/dragonguard_1_follow_up_juniper/init	It's not like I even want to know what Dell's treasure is...	Je n'en ai pas grand-chose à faire du trésor de Dell...	Не то чтобы я вообще хотела знать, что у Делл за сокровище...	It's not like I even want to know what Dell's treasure is...
Conversations/Friday Night at the Inn/Group 3/Dragonguard/dragonguard_1/dragonguard_1_follow_up_olric/1	I bet it's a cool rock!	Je parie que c'est une super belle pierre !	Спорим, это какой-то крутой камень!	I bet it's a cool rock!
Conversations/Friday Night at the Inn/Group 3/Dragonguard/dragonguard_1/dragonguard_1_follow_up_olric/init	What do you think Dell's treasure is?	C'est quoi, le trésor de Dell, à ton avis ?	Как думаешь, что у Делл за сокровище?	What do you think Dell's treasure is?
Conversations/Friday Night at the Inn/Group 3/Dragonguard/dragonguard_2/dragonguard_2/1	I can't just tell you, Miss Juniper. You have to prove yourselves!	Je ne peux pas vous le dire, madame Juniper. Vous êtes obligée de faire vos preuves avant !	Я не могу вам сказать, мисс Джунипер. Вам нужно доказать свою верность!	I can't just tell you, Miss Juniper. You have to prove yourselves!
Conversations/Friday Night at the Inn/Group 3/Dragonguard/dragonguard_2/dragonguard_2/2	It's the Dragonguard's job to help the town. So what have you done for Mistria this week?	La mission de la Garde des dragons est de venir en aide à la ville. Alors, qu'avez-vous fait pour Mistria cette semaine ?	Цель Драконьей стражи — помогать городу. Что вы сделали для Мистрии за эту неделю?	It's the Dragonguard's job to help the town. So what have you done for Mistria this week?
Conversations/Friday Night at the Inn/Group 3/Dragonguard/dragonguard_2/dragonguard_2/3	Well, I coordinated the town's postings for the request board.	Eh bien, j'ai géré la publication des annonces sur le panneau des requêtes.	Ну, я занималась организацией объявлений на доске прошений.	Well, I coordinated the town's postings for the request board.
Conversations/Friday Night at the Inn/Group 3/Dragonguard/dragonguard_2/dragonguard_2/4	I sourced and imported a variety of supplies that are otherwise difficult to obtain in Mistria.	Moi, je suis allé chercher ailleurs tout un tas d'articles difficiles à se procurer à Mistria.	Я добыл и импортировал разнообразные припасы, которые сложно найти в Мистрии иным способом.	I sourced and imported a variety of supplies that are otherwise difficult to obtain in Mistria.
Conversations/Friday Night at the Inn/Group 3/Dragonguard/dragonguard_2/dragonguard_2/5	I trained extra hard this week!	Et moi, je me suis entraîné comme jamais !	Я на этой неделе тренировался сильнее обычного!	I trained extra hard this week!
Conversations/Friday Night at the Inn/Group 3/Dragonguard/dragonguard_2/dragonguard_2/6	I... heroically ordered the most expensive bottle of wine at the Inn! Thereby contributing to the great wheel of the Mistrian economy!	Moi... Je n'ai pas hésité à commander la bouteille de vin la plus chère de l'auberge ! J'ai donc contribué massivement à l'économie mistrienne !	Я... Героически заказала самое дорогое вино в трактире! Так я помогаю вращать колёса мистрийской экономики!	I... heroically ordered the most expensive bottle of wine at the Inn! Thereby contributing to the great wheel of the Mistrian economy!
Conversations/Friday Night at the Inn/Group 3/Dragonguard/dragonguard_2/dragonguard_2/7	You're really holding the other recruits back here, Miss Juniper. But I guess we can decide what to do with the treasure... next week.	Vous avez surpassé les autres nouvelles recrues, madame Juniper. Enfin, on verra ce qu'on doit faire du trésor... la semaine prochaine.	Вы заметно ослабляете общий уровень новобранцев, мисс Джунипер. Но, я думаю, мы сможем договориться касательно сокровищ... на следующей неделе.	You're really holding the other recruits back here, Miss Juniper. But I guess we can decide what to do with the treasure... next week.
Conversations/Friday Night at the Inn/Group 3/Dragonguard/dragonguard_2/dragonguard_2/init	Okay, Dell. It's time we had a talk, grown-up to kid. What's the Dragonguard's treasure?	Bon, Dell. Il est temps qu'on parle. C'est quoi, le trésor de la Garde des dragons ?	Так, Делл. Настало время нам поговорить как взрослые с ребёнком. Что за сокровище у Драконьей стражи?	Okay, Dell. It's time we had a talk, grown-up to kid. What's the Dragonguard's treasure?
Conversations/Friday Night at the Inn/Group 3/Dragonguard/dragonguard_3/dragonguard_3/1	Hmm... I'll allow it.	Mmm... Bon, d'accord.	Хмм... Ладно, я разрешаю.	Hmm... I'll allow it.
Conversations/Friday Night at the Inn/Group 3/Dragonguard/dragonguard_3/dragonguard_3/10	Wow, these are really cool ideas!	Hé, c'est des super idées !	Ух ты, это всё очень крутые идеи!	Wow, these are really cool ideas!
Conversations/Friday Night at the Inn/Group 3/Dragonguard/dragonguard_3/dragonguard_3/11	This is going to be great! Once we find it!	Ce sera génial ! Une fois qu'on l'aura trouvé !	Всё будет замечательно! Когда мы его найдём!	This is going to be great! Once we find it!
Conversations/Friday Night at the Inn/Group 3/Dragonguard/dragonguard_3/dragonguard_3/12	Find it?	Trouvé ?	Найдём?	Find it?
Conversations/Friday Night at the Inn/Group 3/Dragonguard/dragonguard_3/dragonguard_3/13	I forgot where I buried it! And as the new recruits, you guys have to find it and dig it up.	J'ai oublié où je l'ai enterré ! Et en tant que nouvelles recrues, votre mission est de le retrouver et de le récupérer.	Я забыла, где я его закопала! И вы как новобранцы обязаны найти его и откопать.	I forgot where I buried it! And as the new recruits, you guys have to find it and dig it up.
Conversations/Friday Night at the Inn/Group 3/Dragonguard/dragonguard_3/dragonguard_3/14	I see... Well.	Ah, je vois...	Ага... Понятно.	I see... Well.
Conversations/Friday Night at the Inn/Group 3/Dragonguard/dragonguard_3/dragonguard_3/15	Maybe we can borrow shovels from Eiland...	Dans ce cas, peut-être qu'Eiland va pouvoir nous prêter des pelles...	Может, одолжим лопаты у Эйланда...	Maybe we can borrow shovels from Eiland...
Conversations/Friday Night at the Inn/Group 3/Dragonguard/dragonguard_3/dragonguard_3/2	Let's use the treasure to invest towards Mistria's development. Putting the resources into something the whole town can enjoy would make it everyone's treasure!	Servons-nous du trésor pour aider au développement de Mistria. De cette manière, toute la ville en profitera et le trésor sera pour tout le monde !	Давайте используем сокровище на развитие Мистрии. Если ресурсы использовать на что-то, полезное всему городу, то сокровище будет принадлежать всем!	Let's use the treasure to invest towards Mistria's development. Putting the resources into something the whole town can enjoy would make it everyone's treasure!
Conversations/Friday Night at the Inn/Group 3/Dragonguard/dragonguard_3/dragonguard_3/3	But Adeline, it's not everyone's treasure, it's the Dragonguard's treasure.	Mais Adeline, ce n'est pas le trésor de tout le monde. C'est celui de la Garde des dragons.	Но, Аделина, сокровище принадлежит не всем, а Драконьей страже.	But Adeline, it's not everyone's treasure, it's the Dragonguard's treasure.
Conversations/Friday Night at the Inn/Group 3/Dragonguard/dragonguard_3/dragonguard_3/4	I propose that the treasure be invested into the Dragonguard's future. A small fortune today could become a vast resource tomorrow.	Je propose d'investir le trésor dans l'avenir de la Garde des dragons. Une somme non négligeable aujourd'hui pourrait devenir une véritable fortune demain.	Я предлагаю вложить сокровище в будущее Драконьей стражи. Небольшой вклад сегодня принесёт большие плоды завтра.	I propose that the treasure be invested into the Dragonguard's future. A small fortune today could become a vast resource tomorrow.
Conversations/Friday Night at the Inn/Group 3/Dragonguard/dragonguard_3/dragonguard_3/5	With the right guidance from yours truly, of course.	Si vous suivez mes conseils, évidemment.	Под чутким руководством вашего покорного, разумеется.	With the right guidance from yours truly, of course.
Conversations/Friday Night at the Inn/Group 3/Dragonguard/dragonguard_3/dragonguard_3/6	"Give the treasure to me, and I'll let you and your ""Dragonguards"" pester me as much as you like at the Bathhouse. This is a great offer."	Donne-moi le trésor et je laisserai ta « Garde des dragons » venir me casser les pieds aux bains aussi souvent que vous le voulez. C'est une offre qui ne se refuse pas.	Отдайте это сокровище мне, и я позволю вашей «Драконостраже» отвлекать меня в купальне, сколько влезет. По-моему, отличное предложение.	"Give the treasure to me, and I'll let you and your ""Dragonguards"" pester me as much as you like at the Bathhouse. This is a great offer."
Conversations/Friday Night at the Inn/Group 3/Dragonguard/dragonguard_3/dragonguard_3/7	What if we asked Reina to make us a huuuuge apple pie, and had a pie eating contest?	Et si on demandait à Reina de nous préparer une énorme tarte aux pommes en vue d'un concours du plus gros mangeur ?	А может, попросим Рейну сделать огро-о-омный яблочный пирог и устроим конкурс по поеданию пирога?!	What if we asked Reina to make us a huuuuge apple pie, and had a pie eating contest?
Conversations/Friday Night at the Inn/Group 3/Dragonguard/dragonguard_3/dragonguard_3/8	Olric, we're talking about what to do with the treasure.	Olric, on parle de ce qu'il faut faire du trésor.	Ольрик, мы думаем, на что пустить сокровище.	Olric, we're talking about what to do with the treasure.
Conversations/Friday Night at the Inn/Group 3/Dragonguard/dragonguard_3/dragonguard_3/9	Oh yeah!	Ah, oui !	Ах, да!	Oh yeah!
Conversations/Friday Night at the Inn/Group 3/Dragonguard/dragonguard_3/dragonguard_3/init	Since we're deciding what to do with the Dragonguard's treasure this week, we all came up with proposals!	Comme nous allons décider cette semaine comment utiliser le trésor de la Garde des dragons, nous nous sommes accordés sur une proposition !	Раз мы вместе решаем, что делать с сокровищем Драконьей стражи, у нас есть свои предложения!	Since we're deciding what to do with the Dragonguard's treasure this week, we all came up with proposals!
Conversations/Friday Night at the Inn/Group 3/Dragonguard/dragonguard_4/dragonguard_4/1	None at all.	Non.	Ни капельки.	None at all.
Conversations/Friday Night at the Inn/Group 3/Dragonguard/dragonguard_4/dragonguard_4/10	It's a nice rock, Dell.	C'est une très jolie pierre, Dell.	Отличный камень, Делл.	It's a nice rock, Dell.
Conversations/Friday Night at the Inn/Group 3/Dragonguard/dragonguard_4/dragonguard_4/11	I've seen better.	J'ai vu mieux.	Я видала и получше.	I've seen better.
Conversations/Friday Night at the Inn/Group 3/Dragonguard/dragonguard_4/dragonguard_4/12	Even I can't figure out how to turn that into money...	Même moi, je ne saurais pas comment gagner de l'argent avec ça...	Даже я не могу придумать, как извлечь из него прибыль...	Even I can't figure out how to turn that into money...
Conversations/Friday Night at the Inn/Group 3/Dragonguard/dragonguard_4/dragonguard_4/13	Sweet rock, Dell!	Elle est magnifique, cette pierre, Dell !	Классный камень, Делл!	Sweet rock, Dell!
Conversations/Friday Night at the Inn/Group 3/Dragonguard/dragonguard_4/dragonguard_4/14	The Dragonguard really has it all!	La Garde des dragons est vraiment au top !	Драконья стража и правда оказалась богата!	The Dragonguard really has it all!
Conversations/Friday Night at the Inn/Group 3/Dragonguard/dragonguard_4/dragonguard_4/2	No luck...	Moi non plus...	Совсем нет...	No luck...
Conversations/Friday Night at the Inn/Group 3/Dragonguard/dragonguard_4/dragonguard_4/3	You do all realize she never told us what it is? What were you all even looking for?	Vous réalisez qu'elle ne nous a jamais dit ce que c'était ! Alors, qu'avez-vous cherché ?	Вы понимаете, что она так и не сказала нам, что это? Что вы вообще пытаетесь найти?	You do all realize she never told us what it is? What were you all even looking for?
Conversations/Friday Night at the Inn/Group 3/Dragonguard/dragonguard_4/dragonguard_4/4	Oh, didn't I tell you? I found it under my bed! Want to see?	Oh, je ne vous l'ai pas dit ? Je l'ai retrouvé sous mon lit ! Vous voulez le voir ?	Ой, я не сказала? Я уже нашла его у себя под кроватью! Хотите посмотреть?	Oh, didn't I tell you? I found it under my bed! Want to see?
Conversations/Friday Night at the Inn/Group 3/Dragonguard/dragonguard_4/dragonguard_4/5	...!	...!	!..	...!
Conversations/Friday Night at the Inn/Group 3/Dragonguard/dragonguard_4/dragonguard_4/6	Whoa! This...!	Waouh...! C'est...!	Ого! Вот это!..	Whoa! This...!
Conversations/Friday Night at the Inn/Group 3/Dragonguard/dragonguard_4/dragonguard_4/7	This is...!	C'est...!	Это же!..	This is...!
Conversations/Friday Night at the Inn/Group 3/Dragonguard/dragonguard_4/dragonguard_4/8	Dell... this is a rock.	Dell... c'est un caillou.	Делл... Это камень.	Dell... this is a rock.
Conversations/Friday Night at the Inn/Group 3/Dragonguard/dragonguard_4/dragonguard_4/9	Yeah!	Oui !	Ага!	Yeah!
Conversations/Friday Night at the Inn/Group 3/Dragonguard/dragonguard_4/dragonguard_4/init	None of you had any luck finding Dell's lost treasure?	L'un de vous a retrouvé le trésor de Dell ?	Кому-то из вас удалось найти сокровище Делл?	None of you had any luck finding Dell's lost treasure?
Conversations/Friday Night at the Inn/Group 3/Inn Work/inn_work/inn_work_1/1	I'm not sure.	Je ne sais pas trop.	Даже не знаю.	I'm not sure.
Conversations/Friday Night at the Inn/Group 3/Inn Work/inn_work/inn_work_1/2	Doesn't it look like Dell's in charge, though?	Tu n'as pas l'impression que c'est Dell qui commande ?	Но Делл выглядит как главная, правда?	Doesn't it look like Dell's in charge, though?
Conversations/Friday Night at the Inn/Group 3/Inn Work/inn_work/inn_work_1/init	What do you suppose the folks up on the balcony are talking about, Josie?	À ton avis, de quoi ils parlent tous sur le balcon, Joséphine ?	Как думаешь, Джози, о чём болтают ребята на балконе?	What do you suppose the folks up on the balcony are talking about, Josie?
Conversations/Friday Night at the Inn/Group 3/Inn Work/inn_work/inn_work_2/1	She was cackling an awful lot while she was doing it. I hope she's playing nice with everyone over there...	Je l'ai beaucoup entendue rigoler. J'espère qu'elle est gentille avec tout le monde...	И она всё время так хохотала. Надеюсь, она играет с ребятами по-доброму...	She was cackling an awful lot while she was doing it. I hope she's playing nice with everyone over there...
Conversations/Friday Night at the Inn/Group 3/Inn Work/inn_work/inn_work_2/init	Maple looks like she's having fun! She spent a while planning her big adventure.	Maple a l'air de s'amuser ! Elle a passé du temps à préparer sa grande aventure.	Мэйпл, кажется, весело! Она всю неделю готовилась к какому-то большому приключению!	Maple looks like she's having fun! She spent a while planning her big adventure.
Conversations/Friday Night at the Inn/Group 3/Inn Work/inn_work/inn_work_3/1	Don't their faces look all scrunched up? Are they angry? Oh dear.	Ils sont tous l'air renfrogné. Tu crois qu'ils sont en colère ? Oh là là.	Они все так наморщились. Они что, ругаются? Ох, божечки.	Don't their faces look all scrunched up? Are they angry? Oh dear.
Conversations/Friday Night at the Inn/Group 3/Inn Work/inn_work/inn_work_3/init	There's something odd about that board game they're playing over there.	Ce jeu de société auquel ils jouent tous a l'air étrange.	Какую-то странную игру они принесли.	There's something odd about that board game they're playing over there.
Conversations/Friday Night at the Inn/Group 3/Inn Work/inn_work/inn_work_4/1	Maybe we can talk her into doing a signing at the Inn! That would be such fun!	On pourrait peut-être lui demander d'organiser une séance de dédicace à l'auberge ! Ce serait amusant !	Может, получится уговорить её спеть в трактире? Вот это было бы здорово!	Maybe we can talk her into doing a signing at the Inn! That would be such fun!
Conversations/Friday Night at the Inn/Group 3/Inn Work/inn_work/inn_work_4/init	Elsie said she organized the book club as inspiration for her craft while she writes her memoirs.	Elsie a annoncé qu'elle lançait un club de lecture pour servir d'inspiration à l'écriture de ses mémoires.	Элси говорит, что она собрала книжный клуб для того, чтобы найти вдохновение для своих мемуаров.	Elsie said she organized the book club as inspiration for her craft while she writes her memoirs.
Conversations/Friday Night at the Inn/Group 3/Maple's Reign/maples_reign_1/maples_reign_1/1	Each of you is here to vie for a chance to become my heir and one day rule over all of Aldaria!	Vous allez concourir pour essayer de devenir mon successeur et, un jour, régner sur tout Aldaria !	Каждый из вас сможет побороться за шанс стать моим наследником и однажды — правителем всей Альдарии!	Each of you is here to vie for a chance to become my heir and one day rule over all of Aldaria!
Conversations/Friday Night at the Inn/Group 3/Maple's Reign/maples_reign_1/maples_reign_1/10	Aww, come on Reina!	Non ! Allez, Reina !	Ай, ну зачем ты так, Рейна!	Aww, come on Reina!
Conversations/Friday Night at the Inn/Group 3/Maple's Reign/maples_reign_1/maples_reign_1/11	Hmm, Reina already has my vote. Too bad this isn't a voting game.	Mmm, je suis pour Reina. Dommage que ça ne se joue pas aux votes.	Хмм, Рейна завоевала мой голос. Жаль только, что мы здесь не голосуем.	Hmm, Reina already has my vote. Too bad this isn't a voting game.
Conversations/Friday Night at the Inn/Group 3/Maple's Reign/maples_reign_1/maples_reign_1/12	As long as we can still be friends afterward, I guess Lord Beetle is ready to unleash his million strong bug army!	Si on reste amis après, le baron de La Blatte accepte de déployer son armée de millions d'insectes !	Если мы сможем остаться друзьями, лорд Жук готов выпустить свою миллионную армию жуков!	As long as we can still be friends afterward, I guess Lord Beetle is ready to unleash his million strong bug army!
Conversations/Friday Night at the Inn/Group 3/Maple's Reign/maples_reign_1/maples_reign_1/13	That's the spirit!	Ça me plaît bien !	Так держать!	That's the spirit!
Conversations/Friday Night at the Inn/Group 3/Maple's Reign/maples_reign_1/maples_reign_1/2	Of course, anyone who DOESN'T become my heir might be put to death, if reading old history books has taught me anything.	Évidemment, ceux qui échoueront seront exécutés. J'ai bien retenu la leçon des livres d'histoire.	Разумеется, всех, кто НЕ СТАНЕТ наследниками, может ждать смертная казнь, насколько я выучила из книг по истории.	Of course, anyone who DOESN'T become my heir might be put to death, if reading old history books has taught me anything.
Conversations/Friday Night at the Inn/Group 3/Maple's Reign/maples_reign_1/maples_reign_1/3	But that's how royalty does it! Who are we to argue with a system of rule thousands of years old!	C'est ainsi que les rois et les reines ont toujours fait ! Pourquoi revenir sur un système millénaire ?	Но так уж при дворе принято! Кто мы такие, чтобы спорить с тысячелетними обычаями!	But that's how royalty does it! Who are we to argue with a system of rule thousands of years old!
Conversations/Friday Night at the Inn/Group 3/Maple's Reign/maples_reign_1/maples_reign_1/4	Now would the members of my court please introduce themselves?	À présent, j'aimerais que les membres de ma cour se présentent.	Итак, мои придворные, прошу вас представиться!	Now would the members of my court please introduce themselves?
Conversations/Friday Night at the Inn/Group 3/Maple's Reign/maples_reign_1/maples_reign_1/5	I'm Lord Beetle. Maple, do we really have to be put to death if we lose? I don't wanna do that.	Je suis le baron de La Blatte. Maple, on doit vraiment mourir si on perd ? Je ne suis pas très partant.	Я лорд Жук. Мэйпл, нас правда ждёт смертная казнь, если мы проиграем? Я так не хочу.	I'm Lord Beetle. Maple, do we really have to be put to death if we lose? I don't wanna do that.
Conversations/Friday Night at the Inn/Group 3/Maple's Reign/maples_reign_1/maples_reign_1/6	Ah shucks, little guy! I think Maple-, er Queen Maple, is just setting the tone. Lord Hayword wouldn't harm his fellow courtiers.	Silence, jeune homme ! Je crois que Maple, euh... Sa Majesté, veut simplement donner le ton. Le comte Deshayes ne ferait jamais aucun mal aux autres courtisans.	Ой, да ладно, парень! По-моему, Мэйпл- э-э, королева Мэйпл просто задаёт тон. Лорд Хейворд не желает вреда своим товарищам-придворным.	Ah shucks, little guy! I think Maple-, er Queen Maple, is just setting the tone. Lord Hayword wouldn't harm his fellow courtiers.
Conversations/Friday Night at the Inn/Group 3/Maple's Reign/maples_reign_1/maples_reign_1/7	I'm Lord Anvilstrike, and the Queen is right. Only ignominy and death await my foes on the road to becoming heir.	Moi, marquis de Lenclume, j'approuve les paroles de Sa Majesté. L'ignominie et la mort attendent ceux qui m'empêcheraient d'accéder au trône.	Я лорд Кузнебой, и я согласен с королевой. Лишь бесчестье и смерть ждут тех, кто встанет на моём пути к престолу.	I'm Lord Anvilstrike, and the Queen is right. Only ignominy and death await my foes on the road to becoming heir.
Conversations/Friday Night at the Inn/Group 3/Maple's Reign/maples_reign_1/maples_reign_1/8	Well, maybe just exile... or some community service hours.	Ou bien, peut-être juste l'exil... ou quelques heures de travaux d'intérêt général.	Ну, может, просто изгнание... Или немного общественных работ.	Well, maybe just exile... or some community service hours.
Conversations/Friday Night at the Inn/Group 3/Maple's Reign/maples_reign_1/maples_reign_1/9	I'm Lady Kettle, sister to the Queen. If I win this contest, all your lives will be spared!	Je suis la comtesse Bouillote, sœur de Sa Majesté. Si je suis désignée, vous serez tous et toutes épargnés !	Я леди Чайник, сестра королевы. Если я одержу победу, вас всех ждёт пощада!	I'm Lady Kettle, sister to the Queen. If I win this contest, all your lives will be spared!
Conversations/Friday Night at the Inn/Group 3/Maple's Reign/maples_reign_1/maples_reign_1/init	Hear ye, hear ye, welcome to Queen Maple's game of Succession!	Oyez, oyez ! Bienvenue au jeu des Trônes musicaux de la reine Maple !	Внимание, внимание, добро пожаловать в игры «Престолонаследия» королевы Мэйпл.	Hear ye, hear ye, welcome to Queen Maple's game of Succession!
Conversations/Friday Night at the Inn/Group 3/Maple's Reign/maples_reign_2/maples_reign_2/1	Lady Kettle's armies are routed, her war engines lie in ruins...	Les armées de la comtesse Bouillote sont défaites. Ses machines de guerre gisent en morceaux sur le champ de bataille.	Армии леди Чайник повержены, а осадные орудия разбиты в щепки...	Lady Kettle's armies are routed, her war engines lie in ruins...
Conversations/Friday Night at the Inn/Group 3/Maple's Reign/maples_reign_2/maples_reign_2/10	Now we're talking!	Excellent !	Вот это другой разговор!	Now we're talking!
Conversations/Friday Night at the Inn/Group 3/Maple's Reign/maples_reign_2/maples_reign_2/2	I shouldn't have picked all those cicadas for my army, they don't even have mouths.	Je n'aurais pas dû enrôler toutes ces cigales dans mon armée, elles n'ont même pas de bouche.	Не надо было набирать в армию этих цикад, у них даже рта нет.	I shouldn't have picked all those cicadas for my army, they don't even have mouths.
Conversations/Friday Night at the Inn/Group 3/Maple's Reign/maples_reign_2/maples_reign_2/3	Aldaria is going to be in a sorry state if any of you get put in charge!	Aldaria ne tiendra pas longtemps si l'un de vous accède au trône !	Альдарии придётся тяжко, если кто-то из вас взойдёт на престол!	Aldaria is going to be in a sorry state if any of you get put in charge!
Conversations/Friday Night at the Inn/Group 3/Maple's Reign/maples_reign_2/maples_reign_2/4	W-well, maybe by ourselves isn't the way to go about it! What if we all joined forces, for the good of the country?	Mmm, jouer chacun pour soi n'est peut-être pas la façon de faire ! Si on unissait nos forces pour le royaume ?	Ну-у, может, не стоит пытаться поодиночке? Давайте объединим силы, на благо нашей страны!	W-well, maybe by ourselves isn't the way to go about it! What if we all joined forces, for the good of the country?
Conversations/Friday Night at the Inn/Group 3/Maple's Reign/maples_reign_2/maples_reign_2/5	Lord Hayword, please stop trying to undermine the iron grip of my rule.	Comte Deshayes, arrêtez immédiatement de saper mon autorité.	Лорд Хейворд, пожалуйста, перестаньте подрывать мою железную власть.	Lord Hayword, please stop trying to undermine the iron grip of my rule.
Conversations/Friday Night at the Inn/Group 3/Maple's Reign/maples_reign_2/maples_reign_2/6	He does have a point though...	Enfin, il n'a pas tort...	В его словах есть смысл...	He does have a point though...
Conversations/Friday Night at the Inn/Group 3/Maple's Reign/maples_reign_2/maples_reign_2/7	If only my dependable Lord Anvilstrike hadn't rolled a 1 and accidentally fallen down all those stairs.	Si seulement mon loyal sujet, le marquis de Lenclume, n'avait pas obtenu un 1 et trébuché dans les escaliers.	Вот бы мой верный лорд Кузнебой не выкинул 1 и не скатился вниз со ступенек.	If only my dependable Lord Anvilstrike hadn't rolled a 1 and accidentally fallen down all those stairs.
Conversations/Friday Night at the Inn/Group 3/Maple's Reign/maples_reign_2/maples_reign_2/8	If Lord Anvilstrike regrets anything, it's that he only had one life to lay down for Aldaria.	Le seul regret du marquis de Lenclume est de n'avoir eu qu'une vie à donner à Aldaria.	Если Лорд Кузнебой о чём-то жалеет, то только о том, что он лишь одну жизнь смог отдать за Альдарию.	If Lord Anvilstrike regrets anything, it's that he only had one life to lay down for Aldaria.
Conversations/Friday Night at the Inn/Group 3/Maple's Reign/maples_reign_2/maples_reign_2/9	Well, maybe your Queen can revive you. But just this once!	Peut-être que la reine peut vous ressusciter. Mais une fois seulement !	Ну, возможно, королева может тебя воскресить. Но только один раз!	Well, maybe your Queen can revive you. But just this once!
Conversations/Friday Night at the Inn/Group 3/Maple's Reign/maples_reign_2/maples_reign_2/init	Wow, you all are REALLY bad at rolling dice. Sheesh!	Waouh, mais t'es vraiment NULLE aux dés. Pfff !	Ого, вы все ОЧЕНЬ плохо кидаете кубики. С ума сойти!	Wow, you all are REALLY bad at rolling dice. Sheesh!
Conversations/Friday Night at the Inn/Group 3/Maple's Reign/maples_reign_3/maples_reign_3/1	Don't give them hope, Queen Maple. My ascension is a forgone conclusion!	Pas de faux espoirs, Majesté. Rien ne pourra freiner mon ascension !	Не давайте им надежду, королева Мэйпл. Моё восхождение на престол предрешено судьбой!	Don't give them hope, Queen Maple. My ascension is a forgone conclusion!
Conversations/Friday Night at the Inn/Group 3/Maple's Reign/maples_reign_3/maples_reign_3/10	And what role will your QUEEN be playing in all of this, pray tell?	Mais quel sera le rôle joué par la REINE, dans ce cas ?	А какую же роль тогда будет играть КОРОЛЕВА, расскажите-ка?	And what role will your QUEEN be playing in all of this, pray tell?
Conversations/Friday Night at the Inn/Group 3/Maple's Reign/maples_reign_3/maples_reign_3/11	Aw shucks, you can still be Queen! We'll just need to make sure this new group agrees with your decisions.	Ah, tu peux rester la reine ! Il faudra simplement que ce nouveau groupe soit d'accord avec vos décisions.	Да ладно, ты можешь оставаться королевой! Мы просто договоримся, чтобы наш новый совет поддерживал твои решения.	Aw shucks, you can still be Queen! We'll just need to make sure this new group agrees with your decisions.
Conversations/Friday Night at the Inn/Group 3/Maple's Reign/maples_reign_3/maples_reign_3/2	I keep telling you all, we need to band together. I roll a 19 for persuasion!	Je n'arrête pas de vous dire qu'on doit faire équipe. J'obtiens un 19 en Persuasion !	Говорю вам, нам нужно объединиться. Я выкинул 19 на убеждение!	I keep telling you all, we need to band together. I roll a 19 for persuasion!
Conversations/Friday Night at the Inn/Group 3/Maple's Reign/maples_reign_3/maples_reign_3/3	Lord Hayword, I'll allow it, but this had better lead to some betrayal MOST foul.	Comte Deshayes, je laisse faire, mais cela a intérêt à se terminer par une ignoble trahison.	Лорд Хейворд, я разрешаю, но только пусть это закончится САМЫМ зловещим предательством.	Lord Hayword, I'll allow it, but this had better lead to some betrayal MOST foul.
Conversations/Friday Night at the Inn/Group 3/Maple's Reign/maples_reign_3/maples_reign_3/4	Lord Beetle agrees with Lord Hayword! We should form a group of concerned citizens with Mistria's best interests at heart.	Le baron de La Blatte rejoint l'avis du comte Deshayes ! Nous devrions constituer un groupe de citoyens ayant les intérêts de Mistria à cœur.	Лорд Жук согласен с лордом Хейвордом! Нам надо собрать сообщество граждан, заинтересованных в процветании Мистрии.	Lord Beetle agrees with Lord Hayword! We should form a group of concerned citizens with Mistria's best interests at heart.
Conversations/Friday Night at the Inn/Group 3/Maple's Reign/maples_reign_3/maples_reign_3/5	Well, my armies are mostly out of commission, I suppose Lady Kettle is willing to aid her fellow court members.	Mes armées ayant été balayées, j'imagine que la comtesse Bouillote viendra en aide aux autres membres de la cour.	Что ж, мои армии почти на исходе. Полагаю, леди Чайник готова предложить помощь товарищам по двору.	Well, my armies are mostly out of commission, I suppose Lady Kettle is willing to aid her fellow court members.
Conversations/Friday Night at the Inn/Group 3/Maple's Reign/maples_reign_3/maples_reign_3/6	Honestly, running a country by yourself seems like a lot of work. Anvilstrike is... Anvil-in.	Eh bien, ça n'a pas l'air d'être de tout repos de gérer un royaume seul. Le marquis de Lenclume donne son accord.	Честно говоря, управлять страной в одиночку — звучит непросто. Кузнебой говорит... кузне-да.	Honestly, running a country by yourself seems like a lot of work. Anvilstrike is... Anvil-in.
Conversations/Friday Night at the Inn/Group 3/Maple's Reign/maples_reign_3/maples_reign_3/7	I think we have consensus!	Je crois que nous sommes tous d'accord !	Кажется, мы договорились!	I think we have consensus!
Conversations/Friday Night at the Inn/Group 3/Maple's Reign/maples_reign_3/maples_reign_3/8	We should probably have more than just nobility on this council though, huh? As it is, we're all thumbs.	Ce conseil devrait accueillir d'autres personnes que les membres de la noblesse, non ? Là, il ne compte que des oisifs.	Но нам, наверное, стоит взять в совет кого-то, кроме дворян? Пока у нас тут как-то однобоко.	We should probably have more than just nobility on this council though, huh? As it is, we're all thumbs.
Conversations/Friday Night at the Inn/Group 3/Maple's Reign/maples_reign_3/maples_reign_3/9	What if we invite merchants? And commoners!	Si on faisait entrer des marchands ? Et des roturiers !	Может, пригласим торговцев? И обывателей!	What if we invite merchants? And commoners!
Conversations/Friday Night at the Inn/Group 3/Maple's Reign/maples_reign_3/maples_reign_3/init	With Lord Anvilstrike's revival, his prowess on the battlefield has shown through. You're all going to need to try a lot harder or he's going to end up my heir.	Après sa résurrection, le marquis de Lenclume a brillé par ses prouesses sur le champ de bataille. Vous allez tous devoir y mettre du vôtre ou c'est lui qui risque de me succéder.	После воскрешения лорд Кузнебой проявил своё мастерство в бою. Вам придётся постараться как следует, иначе он станет моим наследником!	With Lord Anvilstrike's revival, his prowess on the battlefield has shown through. You're all going to need to try a lot harder or he's going to end up my heir.
Conversations/Friday Night at the Inn/Group 3/Maple's Reign/maples_reign_4/maples_reign_4/1	Are you all SURE you all don't want to fight to the death instead?	Mais vous êtes vraiment sûrs que vous ne voulez pas vous battre jusqu'au bout ?	Вы ТОЧНО уверены, что не хотите сражаться насмерть?	Are you all SURE you all don't want to fight to the death instead?
Conversations/Friday Night at the Inn/Group 3/Maple's Reign/maples_reign_4/maples_reign_4/10	At any rate, thanks for playing my- er, OUR game, everyone.	Quoi qu'il en soit, merci d'avoir joué à mon, euh... à NOTRE jeu, tout le monde.	В любом случае спасибо всем, что сыграли в мою... э-э, в НАШУ игру.	At any rate, thanks for playing my- er, OUR game, everyone.
Conversations/Friday Night at the Inn/Group 3/Maple's Reign/maples_reign_4/maples_reign_4/2	I think your councilors are set on this new path forward, your highness.	Je crois que c'est la voie choisie par vos conseillers, Votre Majesté.	Мне кажется, ваши придворные сделали свой выбор, ваше величество.	I think your councilors are set on this new path forward, your highness.
Conversations/Friday Night at the Inn/Group 3/Maple's Reign/maples_reign_4/maples_reign_4/3	We did it! It's a brand new day for Aldaria!	On a réussi ! C'est un nouveau départ pour Aldaria !	Мы справились! Сегодня знаменательный день для Альдарии!	We did it! It's a brand new day for Aldaria!
Conversations/Friday Night at the Inn/Group 3/Maple's Reign/maples_reign_4/maples_reign_4/4	Isn't everything better when we all work together?	C'est tellement mieux quand on travaille tous ensemble.	По-моему, когда мы начали работать вместе, сразу всё стало лучше!	Isn't everything better when we all work together?
Conversations/Friday Night at the Inn/Group 3/Maple's Reign/maples_reign_4/maples_reign_4/5	It definitely changed the game though, huh?	C'est sûr que ça change tout.	Будто все правила игры поменялись, да?	It definitely changed the game though, huh?
Conversations/Friday Night at the Inn/Group 3/Maple's Reign/maples_reign_4/maples_reign_4/6	Maybe I can arrange some war games with the Caldosians.	Je pourrais peut-être organiser des jeux de guerre avec les Caldosiens.	Может, у меня получится поиграть в войнушку с кальдосийцами.	Maybe I can arrange some war games with the Caldosians.
Conversations/Friday Night at the Inn/Group 3/Maple's Reign/maples_reign_4/maples_reign_4/7	I shouldn't have let the Queen tack on that rider ensuring new species are named after her...	Je n'aurais pas dû accepter cette clause selon laquelle les nouvelles espèces portent le nom de la reine...	Зря я позволил королеве внести поправку, что все новые виды должны быть названы в честь неё...	I shouldn't have let the Queen tack on that rider ensuring new species are named after her...
Conversations/Friday Night at the Inn/Group 3/Maple's Reign/maples_reign_4/maples_reign_4/8	"Well now, I think the ""Monarch Maplefly"" has a nice ring to it, don't you?"	Ah, je trouve pourtant que le « Maplillon monarque », ça sonne bien, pas toi ?	Ничего страшного, по-моему, «монарх Мэйпл» звучит очень неплохо для бабочки.	"Well now, I think the ""Monarch Maplefly"" has a nice ring to it, don't you?"
Conversations/Friday Night at the Inn/Group 3/Maple's Reign/maples_reign_4/maples_reign_4/9	Definitely.	En effet.	Определённо.	Definitely.
Conversations/Friday Night at the Inn/Group 3/Maple's Reign/maples_reign_4/maples_reign_4/init	Okay okay, so my face will be on the money, there will be two national holidays celebrating me every year, and no paperwork, right?	D'accord, on a décidé que mon visage apparaîtrait sur les pièces, qu'il y aurait deux jours fériés en mon honneur chaque année et pas de paperasse, c'est bien ça ?	Ладно, ладно, тогда мой профиль будет на монетах, каждый год в честь меня будут праздники и никакой бумажной работы, так?	Okay okay, so my face will be on the money, there will be two national holidays celebrating me every year, and no paperwork, right?
Conversations/Friday Night at the Inn/Group 4/Charades/charades_1/charades_1/1	Can you guess who Dell is pretending to be? I'm stumped.	Tu vois qui Dell est en train d'imiter ? Je ne trouve pas.	Отгадаешь, кого изображает Делл? Я в тупике.	Can you guess who Dell is pretending to be? I'm stumped.
Conversations/Friday Night at the Inn/Group 4/Charades/charades_1/charades_1/10	She IS cool and mysterious.	C'est vrai qu'elle est super cool et mystérieuse.	Она ТОЖЕ крутая и загадочная.	She IS cool and mysterious.
Conversations/Friday Night at the Inn/Group 4/Charades/charades_1/charades_1/11	But the Bathhouse only has one wheel, not four!	Mais les bains n'ont pas quatre roues !	Но в купальне только одно колесо, а не четыре!	But the Bathhouse only has one wheel, not four!
Conversations/Friday Night at the Inn/Group 4/Charades/charades_1/charades_1/12	Eiland does love super rare things...	C'est vrai qu'Eiland adore les choses super rares...	Эйланд любит редкие штучки...	Eiland does love super rare things...
Conversations/Friday Night at the Inn/Group 4/Charades/charades_1/charades_1/13	But how mysterious is he really...	Mais il n'a rien de mystérieux...	Но не такой уж он и загадочный...	But how mysterious is he really...
Conversations/Friday Night at the Inn/Group 4/Charades/charades_1/charades_1/14	I guess my Balor impression needs work...	Je crois que mon imitation de Balor n'est pas encore au point...	Видимо, Балора мне надо имитировать поточнее...	I guess my Balor impression needs work...
Conversations/Friday Night at the Inn/Group 4/Charades/charades_1/charades_1/2	Heh. I've got a shipment of super rare diamonds coming in.	Oh là là, j'ai une livraison de diamants super rares qui doit arriver.	Хех. У меня скоро поставка очень редких алмазов.	Heh. I've got a shipment of super rare diamonds coming in.
Conversations/Friday Night at the Inn/Group 4/Charades/charades_1/charades_1/3	Don't ask where I got them.	Ne me demandez pas d'où ils viennent.	Не спрашивайте, откуда.	Don't ask where I got them.
Conversations/Friday Night at the Inn/Group 4/Charades/charades_1/charades_1/4	I've got a feeling, but I think we need more clues...	J'ai bien une petite idée, mais je ne suis pas encore bien sûr...	Я кое-что подозреваю, но нужно больше подсказок...	I've got a feeling, but I think we need more clues...
Conversations/Friday Night at the Inn/Group 4/Charades/charades_1/charades_1/5	I'm soooo mysterious and cool.	Je suis trop cool et trop mystérieux.	Я тако-о-ой загадочный и крутой.	I'm soooo mysterious and cool.
Conversations/Friday Night at the Inn/Group 4/Charades/charades_1/charades_1/6	I'm gonna need a little more, Dell.	Je ne sais toujours pas, Dell.	Скажи ещё чуть-чуть, Делл.	I'm gonna need a little more, Dell.
Conversations/Friday Night at the Inn/Group 4/Charades/charades_1/charades_1/7	Want to check out my wagon? It's got... wheels... four of them.	Vous voulez voir mon chariot ? Il a des roues... Quatre.	Хотите посмотреть мой фургон? У него есть... колёса... четыре штуки.	Want to check out my wagon? It's got... wheels... four of them.
Conversations/Friday Night at the Inn/Group 4/Charades/charades_1/charades_1/8	Who do you think it is, [Ari]?	C'est qui, à ton avis, [Ari] ?	Как ты думаешь, кто это, [Ari]?	Who do you think it is, [Ari]?
Conversations/Friday Night at the Inn/Group 4/Charades/charades_1/charades_1/8/prompts/0	Juniper.	Juniper.	Джунипер.	Juniper.
Conversations/Friday Night at the Inn/Group 4/Charades/charades_1/charades_1/8/prompts/1	Balor.	Balor.	Балор.	Balor.
Conversations/Friday Night at the Inn/Group 4/Charades/charades_1/charades_1/8/prompts/2	Eiland.	Eiland.	Эйланд.	Eiland.
Conversations/Friday Night at the Inn/Group 4/Charades/charades_1/charades_1/9	It's TOTALLY Balor.	C'est TROP Balor.	КОНЕЧНО, это Балор.	It's TOTALLY Balor.
Conversations/Friday Night at the Inn/Group 4/Charades/charades_1/charades_1/init	[Ari]! We were just playing charades.	[Ari] ! On est en train de jouer au mime.	[Ari]! Мы тут играем в угадайку.	[Ari]! We were just playing charades.
Conversations/Friday Night at the Inn/Group 4/Charades/charades_2/charades_2/1	It's Maple's turn this time!	C'est au tour de Maple, cette fois !	Теперь очередь Мэйпл!	It's Maple's turn this time!
Conversations/Friday Night at the Inn/Group 4/Charades/charades_2/charades_2/10	Ryis IS cool...	C'est vrai que Ryis est cool...	Риз ТОЖЕ крутой...	Ryis IS cool...
Conversations/Friday Night at the Inn/Group 4/Charades/charades_2/charades_2/11	But he's not award-winning... yet.	Mais il n'a pas un talent fou... Pas encore.	Но без наград... пока что.	But he's not award-winning... yet.
Conversations/Friday Night at the Inn/Group 4/Charades/charades_2/charades_2/12	She does seem like a genius...	C'est vrai qu'elle a du génie...	Она правда как будто гений...	She does seem like a genius...
Conversations/Friday Night at the Inn/Group 4/Charades/charades_2/charades_2/13	"But Valen says she's ""quite average""."	Mais Valen la trouve « plutôt ordinaire ».	Но Вален говорит, что она «весьма заурядна».	"But Valen says she's ""quite average""."
Conversations/Friday Night at the Inn/Group 4/Charades/charades_2/charades_2/2	I'm the coolest, bestest, most awesome person in all of Mistria!	Je suis la personne la plus cool et la plus incroyable de tout Mistria !	Я самый крутой, самый лучший, прекраснейший человек в Мистрии!	I'm the coolest, bestest, most awesome person in all of Mistria!
Conversations/Friday Night at the Inn/Group 4/Charades/charades_2/charades_2/3	Did Maple start her impression yet?	Maple a déjà commencé son imitation ?	Мэйпл уже изображает кого-то или нет?	Did Maple start her impression yet?
Conversations/Friday Night at the Inn/Group 4/Charades/charades_2/charades_2/4	No one appreciates my AWARD-WINNING TALENT!	Personne n'apprécie mon TALENT à sa juste valeur !	Никто не ценит мой ТАЛАНТ, ПОДТВЕРЖДЁННЫЙ НАГРАДАМИ!	No one appreciates my AWARD-WINNING TALENT!
Conversations/Friday Night at the Inn/Group 4/Charades/charades_2/charades_2/5	Ohhhh...	Ohhh...	О-о-о...	Ohhhh...
Conversations/Friday Night at the Inn/Group 4/Charades/charades_2/charades_2/6	I act sooo cool and aloof.	Malgré mon air hautain, je suis trop cool.	Я держусь та-ак круто и отстранённо.	I act sooo cool and aloof.
Conversations/Friday Night at the Inn/Group 4/Charades/charades_2/charades_2/7	What's your guess, [Ari]?	Alors, [Ari], c'est qui ?	Что думаешь, [Ari]?	What's your guess, [Ari]?
Conversations/Friday Night at the Inn/Group 4/Charades/charades_2/charades_2/7/prompts/0	March.	March.	Март.	March.
Conversations/Friday Night at the Inn/Group 4/Charades/charades_2/charades_2/7/prompts/1	Ryis.	Ryis.	Риз.	Ryis.
Conversations/Friday Night at the Inn/Group 4/Charades/charades_2/charades_2/7/prompts/2	Juniper.	Juniper.	Джунипер.	Juniper.
Conversations/Friday Night at the Inn/Group 4/Charades/charades_2/charades_2/8	Yeah...	Ouais...	Да...	Yeah...
Conversations/Friday Night at the Inn/Group 4/Charades/charades_2/charades_2/9	Totally.	C'est trop ça.	Явно он.	Totally.
Conversations/Friday Night at the Inn/Group 4/Charades/charades_2/charades_2/init	Hey [Ari]! We're playing charades again.	Salut, [Ari] ! On rejoue au mime.	Привет, [Ari]! Мы снова играем в угадайку.	Hey [Ari]! We're playing charades again.
Conversations/Friday Night at the Inn/Group 4/Charades/charades_3/charades_3/1	Luc doesn't seem like the charades type. I wonder if he can pull it off...	Ça n'a pas l'air d'être son truc, alors je suis curieuse de voir ce que ça va donner...	Мне не кажется, что Люк хорош в имитации. Не уверена, что у него получится...	Luc doesn't seem like the charades type. I wonder if he can pull it off...
Conversations/Friday Night at the Inn/Group 4/Charades/charades_3/charades_3/10	Reina's soups are like health tonics...	Les soupes de Reina sont comme des remontants...	Супы у Рейны правда, как зелья здоровья...	Reina's soups are like health tonics...
Conversations/Friday Night at the Inn/Group 4/Charades/charades_3/charades_3/11	But like... the good kind.	Mais des remontants qu'on aurait envie de manger.	Только... хорошие.	But like... the good kind.
Conversations/Friday Night at the Inn/Group 4/Charades/charades_3/charades_3/12	You're on your own with that guess, [Ari].	Tu aimes vivre dangereusement, [Ari].	В этом ответе мы тебя не поддержим, [Ari].	You're on your own with that guess, [Ari].
Conversations/Friday Night at the Inn/Group 4/Charades/charades_3/charades_3/13	Yeah, mistaking Valen for Juniper is asking for trouble.	Oui, confondre Valen et Juniper, c'est chercher les ennuis.	Да уж, перепутать Вален и Джунипер — значит напрашиваться на неприятности.	Yeah, mistaking Valen for Juniper is asking for trouble.
Conversations/Friday Night at the Inn/Group 4/Charades/charades_3/charades_3/14	Although some of Valen's medicines DO smell like goat...	Même si certains médicaments de Valen sentent un peu la chèvre...	Хотя некоторые лекарства у Вален ПРАВДА пахнут козой...	Although some of Valen's medicines DO smell like goat...
Conversations/Friday Night at the Inn/Group 4/Charades/charades_3/charades_3/15	It's scary how good Luc's impression was.	C'est fou comme Luc a bien imité Juniper.	Даже страшно, как хорошо у Люка получилось.	It's scary how good Luc's impression was.
Conversations/Friday Night at the Inn/Group 4/Charades/charades_3/charades_3/16	I never knew my little brother had it in him...	Je ne savais pas que mon petit frère avait des talents d'acteur...	Никогда бы не подумала, что мой младший брат на это способен...	I never knew my little brother had it in him...
Conversations/Friday Night at the Inn/Group 4/Charades/charades_3/charades_3/2	I love drinking grape juice and looking at my crystal ball!	J'adore boire du jus de raisin et regarder dans ma boule de cristal !	Я обожаю пить виноградный сок и смотреть в свой хрустальный шар!	I love drinking grape juice and looking at my crystal ball!
Conversations/Friday Night at the Inn/Group 4/Charades/charades_3/charades_3/3	Grape juice...	Du jus de raisin...	Виноградный сок...	Grape juice...
Conversations/Friday Night at the Inn/Group 4/Charades/charades_3/charades_3/4	I'm going to make a health tonic that smells like a wet goat!	Tiens, je vais préparer un petit remontant qui sent la chèvre mouillée !	Я приготовлю зелье здоровья, которое пахнет, как мокрая коза!	I'm going to make a health tonic that smells like a wet goat!
Conversations/Friday Night at the Inn/Group 4/Charades/charades_3/charades_3/5	Wait, [Ari]. I think Luc is going for it.	Attends, [Ari]. Je crois que Luc se lâche.	Погоди, [Ari]. Мне кажется, Люк сейчас сделает это.	Wait, [Ari]. I think Luc is going for it.
Conversations/Friday Night at the Inn/Group 4/Charades/charades_3/charades_3/6	He's totally going for it!	Oui, il se lâche !	Точно, сейчас скажет!	He's totally going for it!
Conversations/Friday Night at the Inn/Group 4/Charades/charades_3/charades_3/7	...	...	...	...
Conversations/Friday Night at the Inn/Group 4/Charades/charades_3/charades_3/8	OH HO HO HO!	OH HO HO HO !	О-ХО-ХО-ХО!	OH HO HO HO!
Conversations/Friday Night at the Inn/Group 4/Charades/charades_3/charades_3/9	You've got to be able to get this one, [Ari]!	Je suis sûre que tu as compris qui c'est, [Ari] !	Это ты не можешь не угадать, [Ari]!	You've got to be able to get this one, [Ari]!
Conversations/Friday Night at the Inn/Group 4/Charades/charades_3/charades_3/9/prompts/0	Reina.	Reina.	Рейна.	Reina.
Conversations/Friday Night at the Inn/Group 4/Charades/charades_3/charades_3/9/prompts/1	Valen.	Valen.	Вален.	Valen.
Conversations/Friday Night at the Inn/Group 4/Charades/charades_3/charades_3/9/prompts/2	Juniper.	Juniper.	Джунипер.	Juniper.
Conversations/Friday Night at the Inn/Group 4/Charades/charades_3/charades_3/init	It's Luc's turn at charades!	C'est au tour de Luc de faire une imitation !	Теперь очередь Люка загадывать!	It's Luc's turn at charades!
Conversations/Friday Night at the Inn/Group 4/Charades/charades_4/charades_4/1	All three of us are going to give you clues.	On va donner un indice chacun notre tour.	Мы все втроём будем давать тебе подсказки.	All three of us are going to give you clues.
Conversations/Friday Night at the Inn/Group 4/Charades/charades_4/charades_4/10	Adeline is always spending money to upgrade the town...	Adeline dépense toujours plein de sous pour embellir la ville...	Аделина тратит много денег на улучшение города...	Adeline is always spending money to upgrade the town...
Conversations/Friday Night at the Inn/Group 4/Charades/charades_4/charades_4/11	But she always goes to bed at a responsible time!	Mais elle se couche toujours à une heure raisonnable !	Но она всегда ложится спать вовремя!	But she always goes to bed at a responsible time!
Conversations/Friday Night at the Inn/Group 4/Charades/charades_4/charades_4/12	Unlike some other adults we know...	Contrairement à d'autres adultes de notre connaissance...	В отличие от кое-каких других взрослых...	Unlike some other adults we know...
Conversations/Friday Night at the Inn/Group 4/Charades/charades_4/charades_4/13	You got it!	Tu as trouvé !	Верно!	You got it!
Conversations/Friday Night at the Inn/Group 4/Charades/charades_4/charades_4/14	We must have done a pretty good impression.	Notre imitation n'est pas mauvaise du tout.	Значит, мы хорошо тебя изобразили.	We must have done a pretty good impression.
Conversations/Friday Night at the Inn/Group 4/Charades/charades_4/charades_4/15	We spent all week practicing!	On a passé la semaine à s'entraîner !	Мы репетировали всю неделю!	We spent all week practicing!
Conversations/Friday Night at the Inn/Group 4/Charades/charades_4/charades_4/15/prompts/0	I think you gave me battle damage...	Je crois que j'ai pris cher...	По-моему, вы нанесли мне боевой урон...	I think you gave me battle damage...
Conversations/Friday Night at the Inn/Group 4/Charades/charades_4/charades_4/15/prompts/1	Good job, guys.	C'était super, les enfants.	Молодцы, ребята!	Good job, guys.
Conversations/Friday Night at the Inn/Group 4/Charades/charades_4/charades_4/16	Really? Maybe we can turn this into a special Dragonguard attack!	Vraiment ? On pourrait peut-être en faire une attaque spéciale de la Garde des dragons ?!	Правда? Возможно, нам стоит сделать это особой атакой Драконьей стражи!	Really? Maybe we can turn this into a special Dragonguard attack!
Conversations/Friday Night at the Inn/Group 4/Charades/charades_4/charades_4/17	Aw, thanks [Ari]! You're our favorite adult!	Oh, merci, [Ari] ! Tu es notre adulte préféré<he></he><she>e</she><they>·e</they> !	Ах, спасибо, [Ari]! Ты <p>наши любимые взрослые</p><f>наша любимая взрослая</f><m>наш любимый взрослый</m><n>наше любимое взрослое</n>.	Aw, thanks [Ari]! You're our favorite adult!
Conversations/Friday Night at the Inn/Group 4/Charades/charades_4/charades_4/2	So listen close!	Alors, écoute attentivement !	Слушай внимательно!	So listen close!
Conversations/Friday Night at the Inn/Group 4/Charades/charades_4/charades_4/3	I'm sooo mysterious and everyone's obsessed with me!	Je suis tellement mystérieux que tout le monde s'intéresse à moi.	Меня окружают загадки, и все только обо мне и говорят!	I'm sooo mysterious and everyone's obsessed with me!
Conversations/Friday Night at the Inn/Group 4/Charades/charades_4/charades_4/4	I'm always running out of money because I'm building barns and stuff!	Je suis toujours à court d'argent parce que je n'arrête pas de construire plein de trucs !	Мне вечно не хватает денег, потому что я строю всякие сараи!	I'm always running out of money because I'm building barns and stuff!
Conversations/Friday Night at the Inn/Group 4/Charades/charades_4/charades_4/5	I'm always passing out at 2am because I don't go to sleep in time!	Je m'effondre tous les jours à 2 h du matin parce que j'oublie d'aller me coucher !	Я всё время сваливаюсь спать в 2 часа ночи, потому что не ложусь вовремя!	I'm always passing out at 2am because I don't go to sleep in time!
Conversations/Friday Night at the Inn/Group 4/Charades/charades_4/charades_4/6	So? Who do you think we are?	Alors, qui suis-je ?	Ну что? Кого мы изображаем?	So? Who do you think we are?
Conversations/Friday Night at the Inn/Group 4/Charades/charades_4/charades_4/6/prompts/0	Celine.	Céline.	Селин.	Celine.
Conversations/Friday Night at the Inn/Group 4/Charades/charades_4/charades_4/6/prompts/1	Adeline.	Adeline.	Аделину.	Adeline.
Conversations/Friday Night at the Inn/Group 4/Charades/charades_4/charades_4/6/prompts/2	That's me, isn't it!	C'est moi !	Да это же я!	That's me, isn't it!
Conversations/Friday Night at the Inn/Group 4/Charades/charades_4/charades_4/7	My sister DOES love staying out late in her garden...	C'est vrai que ma sœur adore traîner dans son jardin...	Моя сестра ТОЖЕ любит допоздна оставаться в саду...	My sister DOES love staying out late in her garden...
Conversations/Friday Night at the Inn/Group 4/Charades/charades_4/charades_4/8	But she's not very mysterious!	Mais elle n'est pas du tout mystérieuse !	Но она не очень загадочная!	But she's not very mysterious!
Conversations/Friday Night at the Inn/Group 4/Charades/charades_4/charades_4/9	Unless that's what she wants us to think...	À moins que ce ne soit ce qu'elle veut nous faire croire...	Если, конечно, она не хочет, чтобы мы так думали...	Unless that's what she wants us to think...
Conversations/Friday Night at the Inn/Group 4/Charades/charades_4/charades_4/init	We're doing a special version of charades this week, [Ari]!	Ce soir, on joue à une version différente des mimes, [Ari] !	На этой неделе у нас особенная угадайка, [Ari]!	We're doing a special version of charades this week, [Ari]!
Conversations/Friday Night at the Inn/Group 4/Dessert/dessert_1/dessert_1/1	Our inaugural dish is a local favorite! Mistrian =Berries and Cream=!	Commençons par un dessert typique, les =baies sauvages à la chantilly= de Mistria !	Наше открывающее блюдо — изюминка местной кухни. Мистрийские =ягоды со сливками=!	Our inaugural dish is a local favorite! Mistrian =Berries and Cream=!
Conversations/Friday Night at the Inn/Group 4/Dessert/dessert_1/dessert_1/2	I can tell you, I've traveled far and wide, and I've never seen fluffier cream than this!	J'en ai parcouru du pays et je peux vous dire que c'est la première fois que je vois une chantilly aussi épaisse que celle-ci !	Точно тебе говорю, я бывала в дальних странах, но нигде не видела таких пышных сливок!	I can tell you, I've traveled far and wide, and I've never seen fluffier cream than this!
Conversations/Friday Night at the Inn/Group 4/Dessert/dessert_1/dessert_1/3	And the berries! That zing! Did you forage these yourself, Hayden?	Et les baies sauvages sont tellement bonnes ! C'est toi qui les as cueillies, Hayden ?	А какие ягоды! Такой вкус! Ты сам их собирал, Хейден?	And the berries! That zing! Did you forage these yourself, Hayden?
Conversations/Friday Night at the Inn/Group 4/Dessert/dessert_1/dessert_1/4	Sure did! With a helping hand... er, wing from Henrietta! So what do you think, [Ari]? Pretty good, right?	Évidemment ! Avec un petit coup de main, euh... d'aile d'Henrietta ! Alors, tu en penses quoi, [Ari] ? Tu trouves ça bon ?	Конечно! Но с рукой помощи... ээ, крылом помощи от Генриетты! Ну как тебе, [Ari]? Неплохо, да?	Sure did! With a helping hand... er, wing from Henrietta! So what do you think, [Ari]? Pretty good, right?
Conversations/Friday Night at the Inn/Group 4/Dessert/dessert_1/dessert_1/4/prompts/0	It's SO good!	Délicieux !	Они ТАКИЕ вкусные!	It's SO good!
Conversations/Friday Night at the Inn/Group 4/Dessert/dessert_1/dessert_1/4/prompts/1	Is this one of Mistria's signature desserts?	C'est une spécialité de Mistria ?	Это один из фирменных мистрийских десертов?	Is this one of Mistria's signature desserts?
Conversations/Friday Night at the Inn/Group 4/Dessert/dessert_1/dessert_1/5	Even I have to admit it's pretty good.	Même moi, j'avoue que c'est bon.	Даже я вынужден признать, что они вкусные.	Even I have to admit it's pretty good.
Conversations/Friday Night at the Inn/Group 4/Dessert/dessert_1/dessert_1/6	I'd say so.	Il faut croire.	Я думаю, да.	I'd say so.
Conversations/Friday Night at the Inn/Group 4/Dessert/dessert_1/dessert_1/7	Speaking of which, where'd the funding for this dessert club come from?	Au fait, d'où vient l'argent pour financer ce club des desserts ?	Кстати, а кто выделил средства на этот клуб десертов?	Speaking of which, where'd the funding for this dessert club come from?
Conversations/Friday Night at the Inn/Group 4/Dessert/dessert_1/dessert_1/8	We have a mysterious benefactor! One who would prefer to remain anonymous.	D'un mécène anonyme ! Et qui préfère le rester.	У нас есть таинственный спонсор! Он предпочитает оставаться анонимным.	We have a mysterious benefactor! One who would prefer to remain anonymous.
Conversations/Friday Night at the Inn/Group 4/Dessert/dessert_1/dessert_1/9	More berries, I say! More cream!	Je veux bien que tu me resserves, s'il te plaît !	Я считаю, надо больше ягод! И больше сливок!	More berries, I say! More cream!
Conversations/Friday Night at the Inn/Group 4/Dessert/dessert_1/dessert_1/init	Oh, I am so excited for this! Welcome everyone! We'll be indulging in a new dessert every week.	Oh là là, je suis surexcitée ! Bienvenue à tous ! Chaque semaine, nous proposerons un nouveau dessert.	Ох, я так взволнована! Привет всем! Каждую неделю мы будем пробовать новый десерт.	Oh, I am so excited for this! Welcome everyone! We'll be indulging in a new dessert every week.
Conversations/Friday Night at the Inn/Group 4/Dessert/dessert_2/dessert_2/1	Oh... what a unique texture! The cake is fluffy and light, pierced by the sharpness of the fruit!	Oh... Quelle texture unique ! Le gâteau est moelleux et léger, sublimé par l'intensité du fruit !	О... Какая необычная консистенция! Пышный и лёгкий торт пронизывает резкий вкус ягод!	Oh... what a unique texture! The cake is fluffy and light, pierced by the sharpness of the fruit!
Conversations/Friday Night at the Inn/Group 4/Dessert/dessert_2/dessert_2/2	Oh, I am a fan of this one! The fruit is somehow sweet and savory. I wouldn't mind making a jam of it.	J'adore ce gâteau ! Le fruit est à la fois sucré et salé. Je pourrais essayer d'en faire de la confiture.	Ох, я поклонник этого десерта! Эти ягоды сладкие и пряные одновременно. Из них можно и варенье сделать.	Oh, I am a fan of this one! The fruit is somehow sweet and savory. I wouldn't mind making a jam of it.
Conversations/Friday Night at the Inn/Group 4/Dessert/dessert_2/dessert_2/3	Would this be better with coffee or sweet tea?	Avec quoi est-ce que ça se marierait le mieux, un café ou un thé doux ?	К нему больше подходит кофе или сладкий чай?	Would this be better with coffee or sweet tea?
Conversations/Friday Night at the Inn/Group 4/Dessert/dessert_2/dessert_2/3/prompts/0	Coffee!	Le café !	Кофе!	Coffee!
Conversations/Friday Night at the Inn/Group 4/Dessert/dessert_2/dessert_2/3/prompts/1	Sweet Tea!	Un thé doux !	Сладкий чай!	Sweet Tea!
Conversations/Friday Night at the Inn/Group 4/Dessert/dessert_2/dessert_2/4	Bitter and sweet always compliment each other, don't they?	L'amer et le sucré s'accordent toujours bien, pas vrai ?	Согласна, горечь и сладость всегда сочетаются!	Bitter and sweet always compliment each other, don't they?
Conversations/Friday Night at the Inn/Group 4/Dessert/dessert_2/dessert_2/5	Just what I was thinking! A perfect afternoon snack.	Je suis d'accord ! Ce serait parfait pour le goûter.	Я тоже так думаю! Отличный перекус днём.	Just what I was thinking! A perfect afternoon snack.
Conversations/Friday Night at the Inn/Group 4/Dessert/dessert_2/dessert_2/6	Did you dry the fruits before baking them in? I like it. A lot more tart than I would have thought.	As-tu fait sécher les fruits avant de les incorporer ? J'aime bien. C'est plus acidulé que j'aurais cru.	Ты просушила ягоды перед запеканием? Мне нравится. Вкус более терпкий, чем может показаться.	Did you dry the fruits before baking them in? I like it. A lot more tart than I would have thought.
Conversations/Friday Night at the Inn/Group 4/Dessert/dessert_2/dessert_2/7	That's right! I was trying to recreate the cake Terithia remembered. She did a good job describing the tastes and textures.	Exactement ! J'ai essayé de recréer le gâteau dont se souvenait Terithia. Elle m'a bien décrit le goût et la texture.	Всё верно! Я попыталась воссоздать тот самый торт, который вспомнила Теризия. Ей хорошо удалось описать вкус и текстуру.	That's right! I was trying to recreate the cake Terithia remembered. She did a good job describing the tastes and textures.
Conversations/Friday Night at the Inn/Group 4/Dessert/dessert_2/dessert_2/8	I hope I can do as good a job describing it to Nora! There's no way my piece is making it home!	Il faudra que j'arrive à le décrire aussi bien à Nora, alors ! Parce que je compte pas en laisser une miette !	Надеюсь, у меня получится хорошо описать его для Норы! Потому что этот кусок до дома точно не доживёт!	I hope I can do as good a job describing it to Nora! There's no way my piece is making it home!
Conversations/Friday Night at the Inn/Group 4/Dessert/dessert_2/dessert_2/init	I was far from Mistria the first time I was offered a slice of $Moon Fruit Cake$, and it's always stuck with me.	J'étais loin de Mistria la première fois que j'ai goûté au $gâteau à la lunarine$, mais je m'en souviens encore.	Я была далеко от Мистрии, когда мне впервые предложили $торт из лунных ягод$, и он навсегда мне запомнился.	I was far from Mistria the first time I was offered a slice of $Moon Fruit Cake$, and it's always stuck with me.
Conversations/Friday Night at the Inn/Group 4/Dessert/dessert_3/dessert_3/1	$Salted Watermelon$!	De la $pastèque au sel$ !	$Солёный арбуз$!	$Salted Watermelon$!
Conversations/Friday Night at the Inn/Group 4/Dessert/dessert_3/dessert_3/10	Oh! Oh! Intriguing!	Oh ! Mais ! C'est surprenant !	Ого! Ого! Занимательно!	Oh! Oh! Intriguing!
Conversations/Friday Night at the Inn/Group 4/Dessert/dessert_3/dessert_3/11	We're all very proud of you, Eiland.	Nous sommes tous très fiers de toi, Eiland.	Мы гордимся тобой, Эйланд.	We're all very proud of you, Eiland.
Conversations/Friday Night at the Inn/Group 4/Dessert/dessert_3/dessert_3/2	He's mad! Salt? In dessert?	Ça ne va pas bien ?! Du sel ? Dans un dessert ?	Он с ума сошёл! Соль? В десерте?	He's mad! Salt? In dessert?
Conversations/Friday Night at the Inn/Group 4/Dessert/dessert_3/dessert_3/3	I've salted fish, but on watermelon? I wonder.	On sale le poisson, mais la pastèque ? Vraiment ?!	Я засаливала рыбу, но арбузы? Любопытно.	I've salted fish, but on watermelon? I wonder.
Conversations/Friday Night at the Inn/Group 4/Dessert/dessert_3/dessert_3/3/prompts/0	Salt makes sweet flavors more balanced, doesn't it?	Le sel équilibre le goût sucré, non ?	Соль хорошо балансирует сладкий вкус.	Salt makes sweet flavors more balanced, doesn't it?
Conversations/Friday Night at the Inn/Group 4/Dessert/dessert_3/dessert_3/3/prompts/1	March is ruining dessert for everyone!	March va nous gâcher le dessert !	Март хочет испортить всем десерт!	March is ruining dessert for everyone!
Conversations/Friday Night at the Inn/Group 4/Dessert/dessert_3/dessert_3/4	That's right, [Ari]! Darcy and I both use salt in most of our baked goods.	C'est vrai, [Ari] ! Darcy et moi mettons du sel dans la plupart de nos pâtisseries.	Правильно, [Ari]! Мы с Дарси обе часто используем соль в выпечке.	That's right, [Ari]! Darcy and I both use salt in most of our baked goods.
Conversations/Friday Night at the Inn/Group 4/Dessert/dessert_3/dessert_3/5	I guess this is what I get for trying something new.	Voilà ce que je récolte à vouloir tenter quelque chose de nouveau.	Вот так к тебе относятся, когда предлагаешь новые идеи.	I guess this is what I get for trying something new.
Conversations/Friday Night at the Inn/Group 4/Dessert/dessert_3/dessert_3/6	We grew up putting salt on our watermelon! According to Valen, both salt and watermelon replenish your electrolytes. Great on a hot summer's day!	J'ai grandi en mettant du sel sur la pastèque ! D'après Valen, le sel et la pastèque, c'est bon pour refaire le plein d'électrolytes. C'est l'idéal quand il fait chaud l'été !	А мы с детства солим арбузы! Вален говорит, что и соль и арбуз помогают поддерживать баланс электролитов. То что нужно в жаркий летний день!	We grew up putting salt on our watermelon! According to Valen, both salt and watermelon replenish your electrolytes. Great on a hot summer's day!
Conversations/Friday Night at the Inn/Group 4/Dessert/dessert_3/dessert_3/7	At first I was with Eiland, but have you tried it?	Au début, j'étais de l'avis d'Eiland, mais vous avez goûté ?	Вначале я согласился с Эйландом, но вы сами пробовали?	At first I was with Eiland, but have you tried it?
Conversations/Friday Night at the Inn/Group 4/Dessert/dessert_3/dessert_3/8	It's so sweet it's making my mustache spin!	C'est tellement doux que j'en ai la moustache qui frémit !	Он такой сладкий, что у меня усы завернулись!	It's so sweet it's making my mustache spin!
Conversations/Friday Night at the Inn/Group 4/Dessert/dessert_3/dessert_3/9	Fine, I'll try it...	Bon, d'accord...	Ладно, попробую...	Fine, I'll try it...
Conversations/Friday Night at the Inn/Group 4/Dessert/dessert_3/dessert_3/init	Listen up! This is the March takeover of the dessert club. This time we're eating something I've been meaning to try...	Écoutez tous ! Aujourd'hui, c'est moi qui gère le club des desserts. On va goûter quelque chose qui me fait envie depuis longtemps...	Внимание! Внимание! Клуб десертов захвачен Мартом. На этот раз у нас блюдо, которое я давно хотел попробовать...	Listen up! This is the March takeover of the dessert club. This time we're eating something I've been meaning to try...
Conversations/Friday Night at the Inn/Group 4/Dessert/dessert_4/dessert_4/1	I can't believe I kept a lid on it! I've been gathering the best of the best ingredients from my farm, so this week we're having...	Je n'arrive pas à croire que j'aie réussi à garder le secret ! J'ai utilisé les meilleurs ingrédients de ma ferme, alors cette semaine, on va déguster...	Даже не верится, что у меня получилось! Я отбирал лучшие из лучших ингредиентов с фермы, и сегодня нас ждёт...	I can't believe I kept a lid on it! I've been gathering the best of the best ingredients from my farm, so this week we're having...
Conversations/Friday Night at the Inn/Group 4/Dessert/dessert_4/dessert_4/10	That's it for dessert club, you guys! Now, I think we'd better leave Eiland alone with the rest of these cookies.	Le club des desserts ferme, les amis ! Je pense qu'on ferait mieux de laisser Eiland avec le reste des cookies.	На этом клуб десертов закрывается, ребята! А теперь, думаю, пора оставить Эйланда наедине с остатками печенья.	That's it for dessert club, you guys! Now, I think we'd better leave Eiland alone with the rest of these cookies.
Conversations/Friday Night at the Inn/Group 4/Dessert/dessert_4/dessert_4/11	It's going to be a disaster.	Ça va être un carnage.	Это будет настоящая катастрофа.	It's going to be a disaster.
Conversations/Friday Night at the Inn/Group 4/Dessert/dessert_4/dessert_4/2	$Golden Cookies$! Fresh out of the oven!	Des $cookies dorés$ ! À peine sortis du four !	$Золотое печенье$! Только что из печи!	$Golden Cookies$! Fresh out of the oven!
Conversations/Friday Night at the Inn/Group 4/Dessert/dessert_4/dessert_4/3	Golden... cookies? The cookies made from only the most perfect of ingredients? The cookies that bring us closest to the divine?	Des cookies... dorés ? Des cookies préparés avec les meilleurs ingrédients qui soient ? Des cookies qui flirtent avec le divin ?	Золотое... печенье? То самое, что делается только из лучших ингредиентов? Печенье, приближающее нас ко вкусу небес?	Golden... cookies? The cookies made from only the most perfect of ingredients? The cookies that bring us closest to the divine?
Conversations/Friday Night at the Inn/Group 4/Dessert/dessert_4/dessert_4/4	Someone catch Eiland, he looks like he's going to faint from happiness!	Que quelqu'un rattrape Eiland, on dirait qu'il va s'évanouir de bonheur !	Придержите Эйланда, а то он, кажется, сейчас в обморок упадёт от счастья.	Someone catch Eiland, he looks like he's going to faint from happiness!
Conversations/Friday Night at the Inn/Group 4/Dessert/dessert_4/dessert_4/4/prompts/0	I'll catch him!	Je m'en occupe !	Я ловлю!	I'll catch him!
Conversations/Friday Night at the Inn/Group 4/Dessert/dessert_4/dessert_4/4/prompts/1	The only thing I'm catching are these cookies!	La seule chose que je vais attraper, ce sont ces cookies !	Я лучше буду держать это печенье!	The only thing I'm catching are these cookies!
Conversations/Friday Night at the Inn/Group 4/Dessert/dessert_4/dessert_4/5	Thank you, and apologies [Ari].	Merci, [Ari]. Et désolé.	Спасибо и прошу прощения, [Ari].	Thank you, and apologies [Ari].
Conversations/Friday Night at the Inn/Group 4/Dessert/dessert_4/dessert_4/6	We are of a mind, [Ari]!	On est deux, [Ari] !	Ты меня понимаешь, [Ari]!	We are of a mind, [Ari]!
Conversations/Friday Night at the Inn/Group 4/Dessert/dessert_4/dessert_4/7	One for Dell, and one for me, and one for Dell, and one for me...	Un pour Dell et un pour moi, un pour Dell et un pour moi...	Одну для Делл, одну для меня, одну для Делл, одну для меня...	One for Dell, and one for me, and one for Dell, and one for me...
Conversations/Friday Night at the Inn/Group 4/Dessert/dessert_4/dessert_4/8	Hmm, yeah. It's pretty good, for a cookie.	Mmm, c'est vrai qu'ils sont bons, ces cookies.	Хмм, и правда. Для печенья довольно неплохо.	Hmm, yeah. It's pretty good, for a cookie.
Conversations/Friday Night at the Inn/Group 4/Dessert/dessert_4/dessert_4/9	The richness of top-shelf eggs and butter meld to create a chewiness that melts in your mouth. Superb!	La richesse des œufs extrafrais et l'onctuosité du beurre fermier donnent ce moelleux qui fond en bouche. C'est un régal !	Насыщенность отборных яиц и масла создаёт текстуру, которая просто тает во рту. Превосходно!	The richness of top-shelf eggs and butter meld to create a chewiness that melts in your mouth. Superb!
Conversations/Friday Night at the Inn/Group 4/Dessert/dessert_4/dessert_4/init	I think Hayden's been fit to burst keeping this week's dessert a secret!	Hayden a fait de très gros efforts pour ne pas dévoiler le dessert de la semaine !	По-моему, Хейден за эту неделю чуть не лопнул, пытаясь сохранить десерт втайне.	I think Hayden's been fit to burst keeping this week's dessert a secret!
Conversations/Friday Night at the Inn/Group 4/Detectives/detectives_1/detectives_1/1	Oh no. That's a clown, and I know that look in your eye. You're trying to foist off some junk you found while making it sound like a gift.	Oh non. C'est un clown et je connais ce regard, Balor. Tu essaies de me refourguer cette camelote en la faisant passer pour un cadeau.	О, нет. Это же клоун, и я знаю этот твой взгляд. Хочешь впихнуть мне какую-то ерунду, чтобы звучало как подарок.	Oh no. That's a clown, and I know that look in your eye. You're trying to foist off some junk you found while making it sound like a gift.
Conversations/Friday Night at the Inn/Group 4/Detectives/detectives_1/detectives_1/2	I don't know about that. The frame's not junk, at least. This wood is pretty rare. You'd have to import it at great cost.	Pas sûr... Le cadre est de bonne facture, en tout cas. Ce bois est d'ailleurs plutôt rare et coûterait une belle somme.	Не знаю, не знаю. Рама точно добротная. Это редкая древесина. Её импорт обойдётся недёшево.	I don't know about that. The frame's not junk, at least. This wood is pretty rare. You'd have to import it at great cost.
Conversations/Friday Night at the Inn/Group 4/Detectives/detectives_1/detectives_1/3	The frame is gilded, too! That's extravagant... and a bit odd, for a painting of a clown.	Et il est doré ! C'est extravagant... et assez étrange pour un portrait de clown.	И она позолоченная! Весьма экстравагантно... и слегка не к месту, учитывая, что на картине клоун.	The frame is gilded, too! That's extravagant... and a bit odd, for a painting of a clown.
Conversations/Friday Night at the Inn/Group 4/Detectives/detectives_1/detectives_1/4	The paints are definitely high-quality. See how the red of his nose is still so vibrant? You can't get the ingredients for that kind of vermillion easily.	Les peintures sont de qualité. Vous voyez le rouge éclatant sur le nez ? On ne trouve pas facilement les ingrédients nécessaires pour fabriquer ce genre de vermillon.	Краски явно высокого качества. Видите, какой насыщенно-красный нос, несмотря на возраст? Ингредиенты для такого алого красителя непросто найти.	The paints are definitely high-quality. See how the red of his nose is still so vibrant? You can't get the ingredients for that kind of vermillion easily.
Conversations/Friday Night at the Inn/Group 4/Detectives/detectives_1/detectives_1/5	And look at this, on the margin. I recognize the artist's signature. She was known to be commissioned by the nobility of the era.	Et regardez sur le côté. Je reconnais la signature de l'artiste. Elle travaillait sur commande pour la noblesse de l'époque.	И вон, смотрите, в уголке. Я узнаю подпись художницы. В те времена ей часто заказывали картины дворяне.	And look at this, on the margin. I recognize the artist's signature. She was known to be commissioned by the nobility of the era.
Conversations/Friday Night at the Inn/Group 4/Detectives/detectives_1/detectives_1/6	Huh.	Mmm.	Хм.	Huh.
Conversations/Friday Night at the Inn/Group 4/Detectives/detectives_1/detectives_1/7	Thank you for this priceless painting, Balor.	Eh bien, merci pour ce tableau inestimable, Balor.	Спасибо за эту бесценную картину, Балор.	Thank you for this priceless painting, Balor.
Conversations/Friday Night at the Inn/Group 4/Detectives/detectives_1/detectives_1/8	Now now, let's not be hasty! There's more to this than any of us thought, myself included.	Allons, une petite minute ! Ce tableau recèle plus de secrets que nous ne le pensions, moi inclus.	Погодите, давайте не спешить! Эта картина оказалась глубже, чем мы полагали — и я в том числе.	Now now, let's not be hasty! There's more to this than any of us thought, myself included.
Conversations/Friday Night at the Inn/Group 4/Detectives/detectives_1/detectives_1/9	Let's reconvene this... detective's club next week, so we can properly solve the mystery of the painting!	Alors, réunissons-nous à nouveau... la semaine prochaine pour percer le mystère de ce tableau !	Давайте соберём наш... детективный клуб через неделю и окончательно разгадаем тайну этой картины!	Let's reconvene this... detective's club next week, so we can properly solve the mystery of the painting!
Conversations/Friday Night at the Inn/Group 4/Detectives/detectives_1/detectives_1/init	It's a nice antique painting, isn't it? It's got... character. And it's my gift to you, Nora!	C'est un très beau tableau d'époque, non ? Il a... du caractère. Et c'est pour toi, Nora !	Отличная старинная картина, правда? У неё свой... характер. Дарю её тебе, Нора.	It's a nice antique painting, isn't it? It's got... character. And it's my gift to you, Nora!
Conversations/Friday Night at the Inn/Group 4/Detectives/detectives_2/detectives_2/1	Me either. I asked Eiland to look up the artist, and it turns out she did almost three hundred portraits during her life, mostly for nobility.	Moi aussi. J'ai d'ailleurs demandé à Eiland d'en savoir plus sur l'artiste. Il s'avère qu'elle a peint quasiment trois cents portraits dans sa vie, principalement pour la noblesse.	Я тоже. Я попросила Эйланда узнать про художницу, и оказалось, что за свою жизнь она написала более трёхсот портретов, в основном для знати.	Me either. I asked Eiland to look up the artist, and it turns out she did almost three hundred portraits during her life, mostly for nobility.
Conversations/Friday Night at the Inn/Group 4/Detectives/detectives_2/detectives_2/10	That's... very mysterious.	Voilà qui est... très mystérieux.	Это... крайне загадочно.	That's... very mysterious.
Conversations/Friday Night at the Inn/Group 4/Detectives/detectives_2/detectives_2/11	You don't suppose that this clown is... an immortal creature of the night?	Ce clown n'est quand même pas... une créature de la nuit immortelle ?	Вы же не думаете, что этот клоун... бессмертное создание ночи?	You don't suppose that this clown is... an immortal creature of the night?
Conversations/Friday Night at the Inn/Group 4/Detectives/detectives_2/detectives_2/2	There's something about the subject... underneath all the clown makeup, he almost seems familiar.	Ce modèle a quelque chose d'étrange... Sous ce maquillage de clown, il me rappelle quelqu'un.	В изображённой фигуре есть что-то необычное... За клоунским гримом он как будто кажется знакомым.	There's something about the subject... underneath all the clown makeup, he almost seems familiar.
Conversations/Friday Night at the Inn/Group 4/Detectives/detectives_2/detectives_2/3	I was thinking the same thing... odd, that.	C'est marrant... À moi aussi.	Мне тоже так показалось... Это странно.	I was thinking the same thing... odd, that.
Conversations/Friday Night at the Inn/Group 4/Detectives/detectives_2/detectives_2/4	That's quite unlikely. The painting is over two hundred years old!	C'est impossible. Ce tableau a plus de deux cents ans !	Это крайне маловероятно. Ведь картине уже более двухсот лет!	That's quite unlikely. The painting is over two hundred years old!
Conversations/Friday Night at the Inn/Group 4/Detectives/detectives_2/detectives_2/5	Do you suppose this clown is some kind of... immortal creature of the night?	Se pourrait-il que ce clown soit... une créature de la nuit immortelle ?	Вы полагаете, что этот клоун — какое-то... бессмертное создание ночи?	Do you suppose this clown is some kind of... immortal creature of the night?
Conversations/Friday Night at the Inn/Group 4/Detectives/detectives_2/detectives_2/6	That's Dell talk. Let's not get ahead of ourselves, Celine.	On croirait entendre Dell. Ne commençons pas à nous faire des histoires, Céline.	Это что-то в духе Делл. Давай не будем заходить так далеко, Селин.	That's Dell talk. Let's not get ahead of ourselves, Celine.
Conversations/Friday Night at the Inn/Group 4/Detectives/detectives_2/detectives_2/7	Hm, there's something about this joint in the frame... oh!	Mmm, il y a une sorte de joint au niveau du cadre... Oh !	Хм, этот стык на раме выглядит странно... Ой!	Hm, there's something about this joint in the frame... oh!
Conversations/Friday Night at the Inn/Group 4/Detectives/detectives_2/detectives_2/8	It's a sliding panel! There's a slip of paper inside... I'll read it.	C'est un panneau coulissant ! Et il y a un morceau de papier à l'intérieur... Je vais le lire.	Это выдвижная панель! Там внутри клочок бумаги... Сейчас прочитаю.	It's a sliding panel! There's a slip of paper inside... I'll read it.
Conversations/Friday Night at the Inn/Group 4/Detectives/detectives_2/detectives_2/9	"""Do I tell the truth or do I lie? Mine true nature I must deny. If revealed, 'twould gain naught but scorn. My true name is..."" It ends there."	« Dois-je dire la vérité ou mentir ? Je dois cacher ma vraie nature. Si je la révélais, je ne récolterais que mépris. En réalité, je suis... » Et c'est tout.	«Правду иль ложь скрывает маска? Если лицу сулит огласка... Презреньем буду я измотан. А зовут меня...» — и всё.	"""Do I tell the truth or do I lie? Mine true nature I must deny. If revealed, 'twould gain naught but scorn. My true name is..."" It ends there."
Conversations/Friday Night at the Inn/Group 4/Detectives/detectives_2/detectives_2/init	I tell you, this clown is haunting me. After the detective club's observations last week, I haven't been able to stop thinking about this painting.	À vrai dire, ce clown m'obsède. Après toutes les observations que les détectives de notre club ont faites la semaine dernière, je n'ai fait que penser à ce portrait.	Я вам точно говорю, этот клоун меня преследует. После открытий детективного клуба на прошлой неделе я не могу не думать об этой картине.	I tell you, this clown is haunting me. After the detective club's observations last week, I haven't been able to stop thinking about this painting.
Conversations/Friday Night at the Inn/Group 4/Detectives/detectives_3/detectives_3/1	I dug further into the artist, and though she did many portraits, she did most of them for three noble families: The Wainscotts, The Meridians, and The Hawthornes.	J'ai creusé encore. Bien que cette artiste ait réalisé de nombreux portraits, ils étaient presque tous pour trois familles : les Wainscott, les Meridian et les Hawthorne.	Я стал глубже исследовать художницу и узнал, что, хоть у неё и много портретов, большинство она делала для трёх дворянских семей: Уэйнскотт, Меридиан и Хоторн.	I dug further into the artist, and though she did many portraits, she did most of them for three noble families: The Wainscotts, The Meridians, and The Hawthornes.
Conversations/Friday Night at the Inn/Group 4/Detectives/detectives_3/detectives_3/2	I'm familiar with all those names, though the Wainscott name ended when the last daughter of the line married into another house.	Ces noms ne me sont pas inconnus, mais la lignée des Wainscott s'est arrêtée quand leur dernière fille a épousé l'héritier d'une autre famille.	Мне знакомы эти семейства, хотя линия Уэйнскоттов прервалась, когда их последняя дочь вышла замуж за другой род.	I'm familiar with all those names, though the Wainscott name ended when the last daughter of the line married into another house.
Conversations/Friday Night at the Inn/Group 4/Detectives/detectives_3/detectives_3/3	"""If revealed, 'twould gain naught but scorn. My true name is..."""	« Si je la révélais, je ne récolterais que mépris. En réalité, je suis... »	«Презреньем буду я измотан. А зовут меня...»	"""If revealed, 'twould gain naught but scorn. My true name is..."""
Conversations/Friday Night at the Inn/Group 4/Detectives/detectives_3/detectives_3/4	Lord Hawthorne!	Le seigneur Hawthorne !	Лорд Хоторн!	Lord Hawthorne!
Conversations/Friday Night at the Inn/Group 4/Detectives/detectives_3/detectives_3/5	Of course! Hawthorne is a famous name in the Capital. You see their faces on campaign posters a few times a year!	Mais oui ! Hawthorne est un nom célèbre à la capitale. On voit leurs visages sur les affiches électorales plusieurs fois par an !	Ну конечно! Хоторн — известное столичное семейство. Их лица мелькают на плакатах по несколько раз за год!	Of course! Hawthorne is a famous name in the Capital. You see their faces on campaign posters a few times a year!
Conversations/Friday Night at the Inn/Group 4/Detectives/detectives_3/detectives_3/6	That explains why the clown looks so familiar! I think we're onto something!	Ça explique pourquoi ce clown nous paraissait familier ! Je crois qu'on tient quelque chose !	Это объясняет знакомый вид клоуна! Кажется, мы на правильном пути!	That explains why the clown looks so familiar! I think we're onto something!
Conversations/Friday Night at the Inn/Group 4/Detectives/detectives_3/detectives_3/7	I'll contact the family to verify the truth. If we return the painting, perhaps we'll get a nice reward for reuniting them with a beloved heirloom!	Je vais contacter la famille pour vérifier. Si on leur rend ce tableau, il y aura une jolie récompense à la clé s'il vient bien de chez eux !	Я свяжусь с этой семьёй, чтобы подтвердить догадку. Возможно, если мы вернём картину, нас ждёт неплохая награда за воссоединение с семейной реликвией!	I'll contact the family to verify the truth. If we return the painting, perhaps we'll get a nice reward for reuniting them with a beloved heirloom!
Conversations/Friday Night at the Inn/Group 4/Detectives/detectives_3/detectives_3/8	One question remains, though... why a clown?	Mais une question demeure... Pourquoi un clown ?	Остаётся только вопрос... Почему именно клоун?	One question remains, though... why a clown?
Conversations/Friday Night at the Inn/Group 4/Detectives/detectives_3/detectives_3/init	This painting is mesmerizing me. There's something about the clown's eyes. Like he's torn between two worlds.	Ce tableau me fascine. Le regard de ce clown semble dire qu'il est coincé entre deux mondes.	Эта картина меня завораживает. У клоуна такие необыкновенные глаза. Будто он разрывается меж двух миров.	This painting is mesmerizing me. There's something about the clown's eyes. Like he's torn between two worlds.
Conversations/Friday Night at the Inn/Group 4/Detectives/detectives_4/detectives_4/1	The good news is that we solved the mystery! This painting was indeed commissioned by the late Lord Hawthorne.	La bonne, c'est que nous avons percé le mystère ! Ce tableau a bien été commandé par feu le seigneur Hawthorne.	Хорошая новость в том, что мы разгадали загадку! Эту картину действительно заказывал покойный лорд Хоторн.	The good news is that we solved the mystery! This painting was indeed commissioned by the late Lord Hawthorne.
Conversations/Friday Night at the Inn/Group 4/Detectives/detectives_4/detectives_4/10	All yours, [Ari]. This clown was giving me nightmares.	Je te le laisse volontiers, [Ari]. Ce clown me donne des cauchemars.	Пожалуйста, [Ari]. У меня от этого клоуна кошмары.	All yours, [Ari]. This clown was giving me nightmares.
Conversations/Friday Night at the Inn/Group 4/Detectives/detectives_4/detectives_4/11	Great. Let's bury it somewhere... funny. I think Hawthorne would have liked that.	Super. Alors, enterrons-le dans un endroit... rigolo. Je pense que c'est ce qu'Hawthorne aurait voulu.	Чудно. Давайте закопаем в местечке... посмешнее. Думаю, Хоторну бы это понравилось.	Great. Let's bury it somewhere... funny. I think Hawthorne would have liked that.
Conversations/Friday Night at the Inn/Group 4/Detectives/detectives_4/detectives_4/12	A mystery well-solved, everyone! Congratulations.	Bravo à tous pour cette enquête rondement menée !	Загадка с блеском решена! Поздравляю.	A mystery well-solved, everyone! Congratulations.
Conversations/Friday Night at the Inn/Group 4/Detectives/detectives_4/detectives_4/13	No kidding! I'm impressed with all of you.	Honnêtement, vous m'avez tous impressionné.	Это точно! Вы все меня впечатлили.	No kidding! I'm impressed with all of you.
Conversations/Friday Night at the Inn/Group 4/Detectives/detectives_4/detectives_4/14	And now I know exactly who to call next time I have a hideous, unsellable painting on my hands.	Je saurai donc à qui m'adresser la prochaine que je me retrouverai avec un tableau hideux sur les bras.	И теперь я точно знаю, кого звать, если у меня окажется зловещая картина, которую невозможно продать.	And now I know exactly who to call next time I have a hideous, unsellable painting on my hands.
Conversations/Friday Night at the Inn/Group 4/Detectives/detectives_4/detectives_4/2	He was a politician who moonlighted as a clown... his true passion.	C'était un homme politique qui aimait se déguiser en clown... C'était sa véritable passion.	Он был политиком, но работал клоуном на стороне... Это была его настоящая страсть.	He was a politician who moonlighted as a clown... his true passion.
Conversations/Friday Night at the Inn/Group 4/Detectives/detectives_4/detectives_4/3	We did it!	On a réussi !	Мы догадались!	We did it!
Conversations/Friday Night at the Inn/Group 4/Detectives/detectives_4/detectives_4/4	And the bad news?	Et la mauvaise nouvelle ?	А плохая новость?	And the bad news?
Conversations/Friday Night at the Inn/Group 4/Detectives/detectives_4/detectives_4/5	The family is aware of the painting... and despises it.	C'est que la famille connaît l'existence de ce tableau... et qu'elle le déteste.	Его семья знает про эту картину... И ненавидит её.	The family is aware of the painting... and despises it.
Conversations/Friday Night at the Inn/Group 4/Detectives/detectives_4/detectives_4/6	Oh. I suppose his descendants want nothing to do with their clownish history...	Oh. J'imagine que ses descendants ne veulent pas qu'on mêle leur famille à cette histoire de clown...	Ох. Полагаю, его потомкам не нужны клоуны в родословной...	Oh. I suppose his descendants want nothing to do with their clownish history...
Conversations/Friday Night at the Inn/Group 4/Detectives/detectives_4/detectives_4/7	So... what do we do with it?	Alors, on en fait quoi ?	Так... И что нам с ней делать?	So... what do we do with it?
Conversations/Friday Night at the Inn/Group 4/Detectives/detectives_4/detectives_4/8	Well, the Hawthornes said it was a political liability. They want it destroyed.	Eh bien, les Hawthorne le voient comme une menace pour leur carrière politique. Ils veulent qu'on le détruise.	Ну, Хоторны сказали, что это политическая обуза. Они хотят, чтобы её уничтожили.	Well, the Hawthornes said it was a political liability. They want it destroyed.
Conversations/Friday Night at the Inn/Group 4/Detectives/detectives_4/detectives_4/9	I don't have the heart to do that, but maybe we can bury it. I'll get a shovel.	Je n'ai pas le cœur à faire ça... On pourrait peut-être l'enterrer à la place ? J'irai chercher une pelle.	Я не решусь с ней так поступить, но, может, мы её закопаем? Я схожу за лопатой.	I don't have the heart to do that, but maybe we can bury it. I'll get a shovel.
Conversations/Friday Night at the Inn/Group 4/Detectives/detectives_4/detectives_4/9/prompts/0	Wait! I'll take it!	Attendez ! Moi, je le garde !	Погодите! Я её заберу!	Wait! I'll take it!
Conversations/Friday Night at the Inn/Group 4/Detectives/detectives_4/detectives_4/9/prompts/1	That's probably for the best.	C'est mieux comme ça.	Да, так будет лучше.	That's probably for the best.
Conversations/Friday Night at the Inn/Group 4/Detectives/detectives_4/detectives_4/init	Good evening, my detectives! I come bearing good news and bad news.	Bonsoir, chers détectives ! J'ai une bonne et une mauvaise nouvelle pour vous.	Добрый вечер, детективы! У меня есть одна хорошая новость и одна плохая.	Good evening, my detectives! I come bearing good news and bad news.
Conversations/Friday Night at the Inn/Group 4/Inn Crew/inn_crew/inn_crew_1/1	I think Dell is pretending to be a... standoffish cat? Or is she pretending to be March?	Je crois que Dell imite un... chat farouche ? Ou March ?	По-моему, Делл изображает... надменного кота? Или это Март?	I think Dell is pretending to be a... standoffish cat? Or is she pretending to be March?
Conversations/Friday Night at the Inn/Group 4/Inn Crew/inn_crew/inn_crew_1/init	Are the kids playing a game up on the balcony?	À quoi est-ce que les enfants jouent sur le balcon ?	У детей на балконе какая-то игра?	Are the kids playing a game up on the balcony?
Conversations/Friday Night at the Inn/Group 4/Inn Crew/inn_crew/inn_crew_2/1	Their faces are so intense, I'm getting chills! Ooh, I hope they crack the case!	Ils font une de ces têtes, j'en ai des frissons ! Oh, j'espère qu'ils vont mener à bien leur enquête !	У них такие напряжённые лица, у меня аж мурашки! Ух, вот бы они раскрыли это дело!	Their faces are so intense, I'm getting chills! Ooh, I hope they crack the case!
Conversations/Friday Night at the Inn/Group 4/Inn Crew/inn_crew/inn_crew_2/init	That table over there... Balor, Nora and company. They look like they're trying to solve some kind of mystery.	Regarde la table de Balor, Nora et compagnie. On dirait qu'ils essaient de résoudre une sorte de mystère.	Вон за тем столом... Балор, Нора и компания. Кажется, они разгадывают какую-то тайну.	That table over there... Balor, Nora and company. They look like they're trying to solve some kind of mystery.
Conversations/Friday Night at the Inn/Group 4/Inn Crew/inn_crew/inn_crew_3/1	Sure does. I wonder what kind of adventure Elsie's got in store for them this week?	Oui. Je me demande ce qu'Elsie leur réserve comme aventure cette semaine...	Это точно. Интересно, что за приключение на этой неделе им приготовила Элси?	Sure does. I wonder what kind of adventure Elsie's got in store for them this week?
Conversations/Friday Night at the Inn/Group 4/Inn Crew/inn_crew/inn_crew_3/init	The game table looks like it's heating up, doesn't it?	Ça a l'air de chauffer à la table de jeu, non ?	Кажется, за игровым столом накаляется обстановка.	The game table looks like it's heating up, doesn't it?
Conversations/Friday Night at the Inn/Group 4/Inn Crew/inn_crew/inn_crew_4/1	Oh, come now dear. It was Eiland's scheme for sharing unlimited desserts.	Allons, mon chéri. Ça permet surtout à Eiland de manger des desserts autant qu'il veut.	Ой, перестань, дорогой. Это план Эйланда по раздаче бесконечных десертов.	Oh, come now dear. It was Eiland's scheme for sharing unlimited desserts.
Conversations/Friday Night at the Inn/Group 4/Inn Crew/inn_crew/inn_crew_4/init	You don't suppose the desserts club was Eiland's scheme for getting unlimited desserts, do you?	Tu ne crois pas qu'Eiland se sert de ce club des desserts pour en avoir à volonté ?	Ты же не думаешь, что клуб десертов — это хитрый план Эйланда по получению бесконечных бесплатных десертов?	You don't suppose the desserts club was Eiland's scheme for getting unlimited desserts, do you?
Conversations/Friday Night at the Inn/Group 4/Operation Lovestruck/operation_lovestruck_1/operation_lovestruck_1/1	But we'll make up for it with plenty of drama! Let's get started shall we? Everyone grab one of these note cards I've prepared, each will describe your character's secret lover!	Mais elle sera riche en rebondissements ! Tout le monde est prêt ? Prenez chacun une des cartes que j'ai préparées. Elles décrivent la situation amoureuse de votre personnage !	Но зато перепалок у нас будет в изобилии! Давайте начнём. Я приготовила каждому по заметке, там описан ваш тайный любовник.	But we'll make up for it with plenty of drama! Let's get started shall we? Everyone grab one of these note cards I've prepared, each will describe your character's secret lover!
Conversations/Friday Night at the Inn/Group 4/Operation Lovestruck/operation_lovestruck_1/operation_lovestruck_1/10	Penelope? Just like that? I thought I was too grizzled to be this devastated.	Pénélope ? Me quitter comme ça, sans prévenir ? Je pensais être trop endurci pour avoir le cœur brisé un jour.	И забыла? Вот так просто? Ох, не думал, что в мои годы я могу так обмануться.	Penelope? Just like that? I thought I was too grizzled to be this devastated.
Conversations/Friday Night at the Inn/Group 4/Operation Lovestruck/operation_lovestruck_1/operation_lovestruck_1/11	Pen would never break up with me in this manner. There must be something else going on!	Ma Pépé ne m'aurait jamais quittée de cette manière. Il se passe forcément quelque chose !	Белла не могла со мной так поступить. Здесь явно что-то не так!	Pen would never break up with me in this manner. There must be something else going on!
Conversations/Friday Night at the Inn/Group 4/Operation Lovestruck/operation_lovestruck_1/operation_lovestruck_1/12	Was Penny playing with Goldwolf's heart? Is this even how you're supposed to play this game? Goldwolf feels rage and sorrow, and wants answers!	Pénélope a-t-elle joué avec le cœur de Louvedor ? Est-ce de cette manière qu'on est censés jouer à ce jeu ? Louvedor ressent de la rage et du chagrin. Elle exige des réponses !	Выходит, для Беллы Златоклык — лишь игрушка? Разве у нас такие правила? Златоклык чувствует ярость и печаль, ей нужны ответы!	Was Penny playing with Goldwolf's heart? Is this even how you're supposed to play this game? Goldwolf feels rage and sorrow, and wants answers!
Conversations/Friday Night at the Inn/Group 4/Operation Lovestruck/operation_lovestruck_1/operation_lovestruck_1/13	Whoa, guys... hang on...	Hé... une petite minute...	Ой, ребята... постойте...	Whoa, guys... hang on...
Conversations/Friday Night at the Inn/Group 4/Operation Lovestruck/operation_lovestruck_1/operation_lovestruck_1/14	Were we all dating the same person?	Est-ce qu'on était tous en couple avec la même personne ?	Мы что, все назначили свидание с одной девушкой?	Were we all dating the same person?
Conversations/Friday Night at the Inn/Group 4/Operation Lovestruck/operation_lovestruck_1/operation_lovestruck_1/15	Kid, I think you're onto something.	Je crois que tu as vu juste, gamin.	Дело говоришь, парень, тут что-то нечисто.	Kid, I think you're onto something.
Conversations/Friday Night at the Inn/Group 4/Operation Lovestruck/operation_lovestruck_1/operation_lovestruck_1/16	Just who are you, Penelope Lovestruck?	Mais qui es-tu, Pénélope Brisecœur ?	Кто же ты такая, Изабелла Монамур?	Just who are you, Penelope Lovestruck?
Conversations/Friday Night at the Inn/Group 4/Operation Lovestruck/operation_lovestruck_1/operation_lovestruck_1/2	Now, I'll set the scene. You're all at the same restaurant, awaiting the arrival of your respective dates. The atmosphere is cheerful, and you've got to chatting.	Je plante le décor : vous êtes tous dans un restaurant. Vous attendez chacun la personne avec qui vous avez un rendez-vous galant. L'atmosphère est détendue, vous discutez.	Теперь опишем сцену. Вы все собрались в одном ресторане и ждёте свою пару на свидание. В дружелюбной атмосфере вы завели досужий разговор.	Now, I'll set the scene. You're all at the same restaurant, awaiting the arrival of your respective dates. The atmosphere is cheerful, and you've got to chatting.
Conversations/Friday Night at the Inn/Group 4/Operation Lovestruck/operation_lovestruck_1/operation_lovestruck_1/3	The waiter poses a friendly question: Who are you? and what is it that you love about your secret date?	Le serveur vous demande si vous pouvez vous présenter et dire ce que vous aimez chez la personne que vous attendez ?	Официант учтиво спрашивает: «Как вас зовут? И чем вас привлекает ваша тайная любовь?»	The waiter poses a friendly question: Who are you? and what is it that you love about your secret date?
Conversations/Friday Night at the Inn/Group 4/Operation Lovestruck/operation_lovestruck_1/operation_lovestruck_1/4	The name's Chip Rosewood, retired detective. It's hard to find someone who really gets you in my line of work. And according to this here note card, she knows how to hold her liquor to boot!	Je suis Derrick Navarro, ancien détective à la retraite. C'est difficile de trouver une femme qui vous comprend quand on fait ce métier. Et d'après cette carte, elle tient bien l'alcool !	Я Палисандр Струж, детектив в отставке. С моей работой трудно найти человека, который тебя по-настоящему понимает. И в заметке написано, что она знает толк в выпивке!	The name's Chip Rosewood, retired detective. It's hard to find someone who really gets you in my line of work. And according to this here note card, she knows how to hold her liquor to boot!
Conversations/Friday Night at the Inn/Group 4/Operation Lovestruck/operation_lovestruck_1/operation_lovestruck_1/5	I am known as the sorceress Anelace. My darling has an inquisitive mind! She always asks after my latest spells, and she's even inspired me to create some new ones... apparently.	On m'appelle Anelace la sorcière. Mon amoureuse a l'esprit curieux ! Elle veut toujours que je lui explique mes derniers sorts et elle m'en inspire même de nouveaux... apparemment.	Я чародейка по имени Анелас. У моей возлюбленной пытливый ум! Она любит расспрашивать меня о моих заклинаниях, и даже вдохновила меня на создание новых... как тут написано.	I am known as the sorceress Anelace. My darling has an inquisitive mind! She always asks after my latest spells, and she's even inspired me to create some new ones... apparently.
Conversations/Friday Night at the Inn/Group 4/Operation Lovestruck/operation_lovestruck_1/operation_lovestruck_1/6	I'm Goldwolf, a barbarian warrior! Goldwolf loves her girlfriend because she's hotter than the volcanoes that rise above her homeland.	Je suis Louvedor, une guerrière barbare ! Louvedor aime sa petite amie parce qu'elle est plus torride que les volcans de sa terre natale.	Я Златоклык, воин-варварша! Златоклык любит свою девушку, потому что она горячее вулканов на её родине.	I'm Goldwolf, a barbarian warrior! Goldwolf loves her girlfriend because she's hotter than the volcanoes that rise above her homeland.
Conversations/Friday Night at the Inn/Group 4/Operation Lovestruck/operation_lovestruck_1/operation_lovestruck_1/7	Right on, Goldwolf. I'm Rocky, a wandering monk who worships the buffest god, Musculor. I met my girl at the monastery gym! She's strong!	Je suis Pierrick, un moine voyageur qui vénère Musculor, le dieu de la musculation. J'ai rencontré ma copine à la salle de gym du monastère. Elle a une sacrée poigne !	Отлично, Златоклык. Я Булыж, бродячий монах, поклоняющийся самому накачанному богу — Мускулору. Я встретил свою девушку в спортзале при храме! Она очень сильная!	Right on, Goldwolf. I'm Rocky, a wandering monk who worships the buffest god, Musculor. I met my girl at the monastery gym! She's strong!
Conversations/Friday Night at the Inn/Group 4/Operation Lovestruck/operation_lovestruck_1/operation_lovestruck_1/8	The waiter listens raptly, until he's distracted by a messenger with a letter. He frowns, and reads the letter aloud.	Le serveur écoute attentivement, jusqu'à ce qu'il soit interrompu par un messager qui apporte une lettre. Il fronce les sourcils et la lit à voix haute.	Официант увлечённо слушает вас, но его неожиданно отвлекает посыльный с письмом. Он хмурится и зачитывает вслух:	The waiter listens raptly, until he's distracted by a messenger with a letter. He frowns, and reads the letter aloud.
Conversations/Friday Night at the Inn/Group 4/Operation Lovestruck/operation_lovestruck_1/operation_lovestruck_1/9	"""To whom it concerns: Forgive me for missing our date. Things must end between us. Don't come looking for me. Signed, Penelope Lovestruck."""	« À qui de droit : désolée de ne pas pouvoir honorer notre rendez-vous. C'est fini entre nous. Ne viens pas me chercher. Signé, Pénélope Brisecœur. »	«Получателю сего: прости, что пропускаю встречу. Между нами всё кончено. Не ищи меня. Изабелла Монамур».	"""To whom it concerns: Forgive me for missing our date. Things must end between us. Don't come looking for me. Signed, Penelope Lovestruck."""
Conversations/Friday Night at the Inn/Group 4/Operation Lovestruck/operation_lovestruck_1/operation_lovestruck_1/init	Oh, I'm so excited to be running this round of Dragons and Drama! Though if I'm honest, this campaign is a little light on the dragons.	Je suis ravie de vous accueillir dans cette partie de Désirs & Dragons ! Même si, reconnaissons-le, il y aura assez peu de dragons dans la campagne.	Ох, я так предвкушаю, как буду проводить этот сезон «Перепалок & Драконов»! Хотя, если честно, драконов в этой кампании не очень много.	Oh, I'm so excited to be running this round of Dragons and Drama! Though if I'm honest, this campaign is a little light on the dragons.
Conversations/Friday Night at the Inn/Group 4/Operation Lovestruck/operation_lovestruck_2/operation_lovestruck_2/1	Your shared purpose is to find answers to the mystery of Penelope Lovestruck... but a close second is brunch.	Tous ensemble, vous devez percer le mystère de Pénélope Brisecœur... mais leur brunch se pose là aussi.	Ваша главная цель: разгадать тайну Изабеллы Монамур... а другая — второй завтрак.	Your shared purpose is to find answers to the mystery of Penelope Lovestruck... but a close second is brunch.
Conversations/Friday Night at the Inn/Group 4/Operation Lovestruck/operation_lovestruck_2/operation_lovestruck_2/10	The fellow keeps peeking over at you, but he's being awfully subtle about it. It's only due to your years of experience that you've noticed.	L'homme vous glisse des regards furtifs. C'est uniquement grâce à vos années d'expérience que vous l'avez remarqué.	Этот парень постоянно на вас оборачивается, но тщательно старается это скрыть. Только благодаря многолетнему опыту ты смог это углядеть.	The fellow keeps peeking over at you, but he's being awfully subtle about it. It's only due to your years of experience that you've noticed.
Conversations/Friday Night at the Inn/Group 4/Operation Lovestruck/operation_lovestruck_2/operation_lovestruck_2/11	Oh, should I not be waving at him?	Oh, devrais-je lui faire signe ?	Ой, мне не стоит ему махать, да?	Oh, should I not be waving at him?
Conversations/Friday Night at the Inn/Group 4/Operation Lovestruck/operation_lovestruck_2/operation_lovestruck_2/12	That must be why he's getting his things together rather quickly. We should follow him.	C'est sûrement pour cette raison qu'il rassemble ses affaires à la va-vite avant de déguerpir. On ferait mieux de le suivre.	Наверное, поэтому он стал так быстро собирать вещи. Надо отправиться за ним.	That must be why he's getting his things together rather quickly. We should follow him.
Conversations/Friday Night at the Inn/Group 4/Operation Lovestruck/operation_lovestruck_2/operation_lovestruck_2/13	Yeehaw! It's on! We'll find you, Penelope!	Oui, je m'en charge ! On te retrouvera, Pénélope !	Ю-ху! Началось! Мы найдём тебя, Изабелла!	Yeehaw! It's on! We'll find you, Penelope!
Conversations/Friday Night at the Inn/Group 4/Operation Lovestruck/operation_lovestruck_2/operation_lovestruck_2/2	Sorceress Anelace finds a refreshing morning salad is the most efficient way to keep her mana topped up.	Anelace la sorcière découvre qu'une salade rafraîchissante de bon matin est le meilleur moyen de recharger son mana.	Чародейка Анелас полагает, что свежий овощной салат с утра — лучший способ пополнить запас маны.	Sorceress Anelace finds a refreshing morning salad is the most efficient way to keep her mana topped up.
Conversations/Friday Night at the Inn/Group 4/Operation Lovestruck/operation_lovestruck_2/operation_lovestruck_2/3	Goldwolf thinks Anelace is not very well-versed in the intricacies of mana management. Maybe she'd like pointers.	Louvedor pense qu'Anelace n'y connaît pas grand-chose en matière de mana. Peut-être a-t-elle besoin de conseils ?	Златоклык считает, что Анелас плохо разбирается в управлении магическими ресурсами. Может, ей подсказать?	Goldwolf thinks Anelace is not very well-versed in the intricacies of mana management. Maybe she'd like pointers.
Conversations/Friday Night at the Inn/Group 4/Operation Lovestruck/operation_lovestruck_2/operation_lovestruck_2/4	Anelace isn't about to start taking magical instruction from a barbarian.	Anelace n'a pas de conseils à recevoir d'une barbare sur la magie.	Анелас не будет слушать магические советы от варварши!	Anelace isn't about to start taking magical instruction from a barbarian.
Conversations/Friday Night at the Inn/Group 4/Operation Lovestruck/operation_lovestruck_2/operation_lovestruck_2/5	Pass those hard-boiled eggs, Chip. They look so good after a long morning of muscle prayers at the temple bench press!	Passe-moi les œufs durs, Derrick. Je dois reprendre des forces après ma longue prière au dieu de la musculation, au temple !	Струж, передай, пожалуйста, крутые яйца. Они так аппетитно выглядят после утренней молитвы мышц в храме отжиманий!	Pass those hard-boiled eggs, Chip. They look so good after a long morning of muscle prayers at the temple bench press!
Conversations/Friday Night at the Inn/Group 4/Operation Lovestruck/operation_lovestruck_2/operation_lovestruck_2/6	Alright, enough chit-chat! Penelope was a regular at this very diner. I've been showing this drawing of her around, and that man at the counter had a very interesting reaction.	Bon, assez discuté ! Pénélope avait ses habitudes dans cette auberge. J'ai montré ce dessin d'elle à plusieurs personnes, et cet homme au comptoir a eu une réaction très intéressante.	Ладно, хватит болтать. Изабелла часто заходила в это кафе. Я показывал местным её портрет, и у вон того мужчины за стойкой была весьма необычная реакция.	Alright, enough chit-chat! Penelope was a regular at this very diner. I've been showing this drawing of her around, and that man at the counter had a very interesting reaction.
Conversations/Friday Night at the Inn/Group 4/Operation Lovestruck/operation_lovestruck_2/operation_lovestruck_2/7	Goldwolf thinks his reaction may be due to your terrible drawing.	Louvedor pense que cette réaction est due au dessin en lui-même, qui est particulièrement laid.	Златоклык думает, что его реакция была, наверное, на твой ужасный рисунок.	Goldwolf thinks his reaction may be due to your terrible drawing.
Conversations/Friday Night at the Inn/Group 4/Operation Lovestruck/operation_lovestruck_2/operation_lovestruck_2/8	It's quite abysmal.	C'est une horreur.	Он и правда чудовищный.	It's quite abysmal.
Conversations/Friday Night at the Inn/Group 4/Operation Lovestruck/operation_lovestruck_2/operation_lovestruck_2/9	Ah, everyone's a critic. I roll to surreptitiously observe the suspicious man. What's an eleven do for us?	Je suis en compagnie de critiques d'art, à ce que je vois. Je lance le dé pour observer discrètement le type en question. Un 11, ça fait quoi ?	Ах, какие тут все знатоки! Я делаю бросок на скрытное наблюдение за этим подозрительным человеком. Одиннадцать — что у меня вышло?	Ah, everyone's a critic. I roll to surreptitiously observe the suspicious man. What's an eleven do for us?
Conversations/Friday Night at the Inn/Group 4/Operation Lovestruck/operation_lovestruck_2/operation_lovestruck_2/init	One week has passed, and your group of circumstance has gathered at a diner.	Une semaine a passé et votre groupe uni par les circonstances se retrouve dans une auberge.	Прошла неделя, и ваша случайная компания собралась в кафе.	One week has passed, and your group of circumstance has gathered at a diner.
Conversations/Friday Night at the Inn/Group 4/Operation Lovestruck/operation_lovestruck_3/operation_lovestruck_3/1	But lo! An oxcart blocks the street in front of you! You watch helplessly as your quarry disappears into the crowd beyond.	Mais regardez ! Une charrette à bœufs bloque la rue en face de vous ! Impuissants, vous regardez votre cible disparaître dans la foule.	Как вдруг перед вашим носом дорогу преграждает воловья упряжка! В полной беспомощности вы видите, как ваша цель растворяется в толпе.	But lo! An oxcart blocks the street in front of you! You watch helplessly as your quarry disappears into the crowd beyond.
Conversations/Friday Night at the Inn/Group 4/Operation Lovestruck/operation_lovestruck_3/operation_lovestruck_3/10	His disorientation is an advantage for my spell of truth! I weave it around him before he has a chance to get his thoughts in order.	Sa désorientation est un avantage pour mon sort de vérité ! Je l'ensorcelle avant qu'il ait le temps de reprendre ses esprits.	Его растерянность даёт мне преимущество на заклинание правды! Я быстро произношу его, пока он не успел привести мысли в порядок.	His disorientation is an advantage for my spell of truth! I weave it around him before he has a chance to get his thoughts in order.
Conversations/Friday Night at the Inn/Group 4/Operation Lovestruck/operation_lovestruck_3/operation_lovestruck_3/11	Goldwolf would like to point out that truth is better extracted with a potion than a spell.	Louvedor tient à souligner qu'une potion vaut mieux qu'un sort pour obtenir la vérité de quelqu'un.	Златоклык спешит отметить, что правду эффективнее извлекать не заклинанием, а зельем.	Goldwolf would like to point out that truth is better extracted with a potion than a spell.
Conversations/Friday Night at the Inn/Group 4/Operation Lovestruck/operation_lovestruck_3/operation_lovestruck_3/12	Anelace would like to point out that she doesn't tell Goldwolf how to throw heavy objects.	Anelace tient à souligner qu'elle ne dit pas à Louvedor comment lancer des objets lourds.	Анелас спешит отметить, что она не даёт Златоклыку советов, как надо бросать тяжёлые предметы.	Anelace would like to point out that she doesn't tell Goldwolf how to throw heavy objects.
Conversations/Friday Night at the Inn/Group 4/Operation Lovestruck/operation_lovestruck_3/operation_lovestruck_3/13	The truth comes out slowly, carefully, as though the man is piecing it together himself.	La vérité sort doucement, prudemment, comme si l'homme la reconstituait lui-même.	Правда выходит наружу медленно и осторожно, как будто этот мужчина сам до неё только додумался.	The truth comes out slowly, carefully, as though the man is piecing it together himself.
Conversations/Friday Night at the Inn/Group 4/Operation Lovestruck/operation_lovestruck_3/operation_lovestruck_3/14	Penelope Lovestruck was a spy for the crown, and this man is Hans, her handler! If she's missing, it means something's gone terribly wrong.	Pénélope Brisecœur était une espionne de la couronne, et cet homme est Hans, son chef ! Si elle a disparu, ça signifie qu'il s'est passé quelque chose de grave.	Изабелла Монамур была королевской шпионкой, а этот мужчина — Ганс, — заведовал её работой! Её пропажа означает крупные неприятности!	Penelope Lovestruck was a spy for the crown, and this man is Hans, her handler! If she's missing, it means something's gone terribly wrong.
Conversations/Friday Night at the Inn/Group 4/Operation Lovestruck/operation_lovestruck_3/operation_lovestruck_3/15	Hans wants to recruit you to a clandestine effort to get Penelope back... Operation: Lovestruck!	Hans souhaite vous recruter pour une opération clandestine visant à ramener Pénélope... L'Opération Brisecœur !	"Ганс хочет привлечь вас к секретной миссии по возвращению Изабеллы... «Операция ""Монамур""»!"	Hans wants to recruit you to a clandestine effort to get Penelope back... Operation: Lovestruck!
Conversations/Friday Night at the Inn/Group 4/Operation Lovestruck/operation_lovestruck_3/operation_lovestruck_3/16	And here I thought I was retired. Guess it's time... for one last job.	Moi qui pensais être à la retraite. Disons qu'il est temps de mener... une dernière enquête.	А я ведь только собрался на пенсию. Что ж, пускай это будет... моё последнее дело.	And here I thought I was retired. Guess it's time... for one last job.
Conversations/Friday Night at the Inn/Group 4/Operation Lovestruck/operation_lovestruck_3/operation_lovestruck_3/2	Rats! That was our best lead!	Bon sang ! C'était notre meilleure piste !	Проклятье! Это была наша лучшая зацепка!	Rats! That was our best lead!
Conversations/Friday Night at the Inn/Group 4/Operation Lovestruck/operation_lovestruck_3/operation_lovestruck_3/3	Goldwolf thinks you give up too easily. She lifts the oxcart and throws it aside, roaring the battlecry of her homeland!	Louvedor pense que vous abandonnez trop facilement. Elle soulève la charrette à bœufs et la balance sur le côté en hurlant le cri de guerre de ses terres !	Златоклык считает, что вы быстро сдаётесь. Издав боевой рык своей родины, она поднимает повозку вместе с волами и отбрасывает в сторону!	Goldwolf thinks you give up too easily. She lifts the oxcart and throws it aside, roaring the battlecry of her homeland!
Conversations/Friday Night at the Inn/Group 4/Operation Lovestruck/operation_lovestruck_3/operation_lovestruck_3/4	OHOHOHO!	OH HO HO HO !	ОХОХОХО!	OHOHOHO!
Conversations/Friday Night at the Inn/Group 4/Operation Lovestruck/operation_lovestruck_3/operation_lovestruck_3/5	Oh my! How delightfully unexpected. The melons in the cart are sent flying, and the way is opened to you once more!	Mince alors ! Je ne m'attendais pas à ça. Les melons dans la charrette volent dans tous les sens et le passage est à nouveau libre !	О, боже! Какая приятная неожиданность. Арбузы из повозки разлетаются в стороны, но ваш путь снова свободен!	Oh my! How delightfully unexpected. The melons in the cart are sent flying, and the way is opened to you once more!
Conversations/Friday Night at the Inn/Group 4/Operation Lovestruck/operation_lovestruck_3/operation_lovestruck_3/6	Enhance! I roll to use my Bifocal Eagle Eye, hoping to pick this guy out of the crowd before he's gone for good. Ooh, a high roll! There, Rocky! Get 'im!	Amélioration ! Je lance le dé pour utiliser mes binocles à double foyer, en espérant repérer ce type dans la foule avant qu'il ne disparaisse pour de bon. Oh, un gros chiffre ! Vas-y, Pierrick, attrape-le !	Приблизить! Я бросаю, чтобы применять свои Двухфокусные Глаза Ястреба и пытаюсь высмотреть парня в толпе, пока он не убежал. О, хороший бросок! Вон он, Булыж, лови!	Enhance! I roll to use my Bifocal Eagle Eye, hoping to pick this guy out of the crowd before he's gone for good. Ooh, a high roll! There, Rocky! Get 'im!
Conversations/Friday Night at the Inn/Group 4/Operation Lovestruck/operation_lovestruck_3/operation_lovestruck_3/7	I'm on it! I call on the teachings of Musculor the muscle god to activate the hidden potential of my glutes.	J'y vais ! J'implore Musculor, dieu de la musculation, de libérer tout le potentiel de mon fessier.	Уже бегу! Я взываю к наставлениям Мускулора, бога мышц, и использую скрытый потенциал своих ягодиц.	I'm on it! I call on the teachings of Musculor the muscle god to activate the hidden potential of my glutes.
Conversations/Friday Night at the Inn/Group 4/Operation Lovestruck/operation_lovestruck_3/operation_lovestruck_3/8	I vault over the crowd, kicking off of a fruit stand so I can grab one of those melons in mid-air! I roll to throw it at him!	Je saute par-dessus la foule. Je fais voler un étal de fruits pour attraper un des melons en plein vol ! Je lance le dé pour le lui balancer !	Я отталкиваюсь от прилавка с фруктами и прыгаю над толпой, подхватывая один из летящих арбузов! Бросаю кубик, чтобы швырнуть в него арбузом!	I vault over the crowd, kicking off of a fruit stand so I can grab one of those melons in mid-air! I roll to throw it at him!
Conversations/Friday Night at the Inn/Group 4/Operation Lovestruck/operation_lovestruck_3/operation_lovestruck_3/9	Your roll isn't high, but this is so delightful I'll allow it. The mighty melon sends the man prone. He's startled, and covered in a fine patina of cantaloupe.	C'est un résultat faible, mais je suis si contente que ça fonctionne. Le puissant melon fait tomber l'homme. Il est sonné et couvert du fruit.	Маловато, но затея такая прелестная, что я уступлю. Мощный удар сбивает мужчину с ног. Он ошеломлён и покрыт густым слоем арбузной мякоти.	Your roll isn't high, but this is so delightful I'll allow it. The mighty melon sends the man prone. He's startled, and covered in a fine patina of cantaloupe.
Conversations/Friday Night at the Inn/Group 4/Operation Lovestruck/operation_lovestruck_3/operation_lovestruck_3/init	Your motley crew bursts out of the diner, in pursuit of the suspicious fellow who balked at Chip's drawing of Penelope Lovestruck.	Votre joyeuse bande sort en trombe du restaurant, sur les traces de l'homme suspect qui a réagi au portrait de Pénélope Brisecœur réalisé par Derrick.	Ваша пёстрая компания вываливается из кафе в погоне за подозрительным типом, который с сомнением смотрел на рисунок Изабеллы Монамур, сделанный Стружем.	Your motley crew bursts out of the diner, in pursuit of the suspicious fellow who balked at Chip's drawing of Penelope Lovestruck.
Conversations/Friday Night at the Inn/Group 4/Operation Lovestruck/operation_lovestruck_4/operation_lovestruck_4/1	You've found Penelope, and she wasn't captured at all! She fell in love with the agent of a rival nation, and fled because her handler, Hans, branded her a traitor.	Vous avez retrouvé Pénélope. Elle n'avait pas été capturée ! Elle était tombée amoureuse d'un espion étranger et elle s'est enfuie après que son officier traitant, Hans, l'a qualifiée de traîtresse.	Вы нашли Изабеллу отнюдь не в плену врага! Оказывается, она влюбилась в агента враждебной страны и сбежала, когда её надзиратель Ганс обвинил её в предательстве.	You've found Penelope, and she wasn't captured at all! She fell in love with the agent of a rival nation, and fled because her handler, Hans, branded her a traitor.
Conversations/Friday Night at the Inn/Group 4/Operation Lovestruck/operation_lovestruck_4/operation_lovestruck_4/10	The spell wipes the man's mind! Penelope and her love abscond into the night, to start their new life.... At least until she's bored again.	Le sort efface la mémoire de l'espion ! Pénélope et son amant s'enfuient dans la nuit pour démarrer une nouvelle vie.... Du moins, jusqu'à ce qu'elle commence à s'ennuyer.	Его разум опустошён заклинанием! Изабелла и её возлюбленный исчезают в ночи, чтобы начать новую жизнь... По крайней мере, пока он ей не наскучит.	The spell wipes the man's mind! Penelope and her love abscond into the night, to start their new life.... At least until she's bored again.
Conversations/Friday Night at the Inn/Group 4/Operation Lovestruck/operation_lovestruck_4/operation_lovestruck_4/11	And it's all thanks to you warriors of the heart!	Et tout ça, c'est grâce à vous, valeureux guerriers éconduits !	И всё благодаря вам — воителям сердец!	And it's all thanks to you warriors of the heart!
Conversations/Friday Night at the Inn/Group 4/Operation Lovestruck/operation_lovestruck_4/operation_lovestruck_4/12	Wonderful, wonderful! I've never done an interactive story before, but you made it such fun!	C'est merveilleux ! Je n'avais jamais participé à un récit interactif avant, et j'ai trouvé ça époustouflant !	Чудесно, чудесно! Я ещё не пробовала делать интерактивные истории, но с вами было так весело!	Wonderful, wonderful! I've never done an interactive story before, but you made it such fun!
Conversations/Friday Night at the Inn/Group 4/Operation Lovestruck/operation_lovestruck_4/operation_lovestruck_4/13	You did a great job, Elsie. I was thinking about the adventures of Chip Rosewood all week, every week!	Bravo, Elsie. Je n'ai fait que repenser aux aventures de Derrick Navarro toutes les semaines !	У тебя отлично получилось, Элси. После каждой встречи я всю неделю думал о приключениях Палисандра Стружа!	You did a great job, Elsie. I was thinking about the adventures of Chip Rosewood all week, every week!
Conversations/Friday Night at the Inn/Group 4/Operation Lovestruck/operation_lovestruck_4/operation_lovestruck_4/14	That warms my heart. And you know, this adventure was largely autobiographical.	Ça me fait chaud au cœur. Et vous savez quoi, cette aventure était en grande partie inspirée de mon histoire.	Твои слова греют мне душу. И знаешь, ведь по большей части это приключение автобиографично.	That warms my heart. And you know, this adventure was largely autobiographical.
Conversations/Friday Night at the Inn/Group 4/Operation Lovestruck/operation_lovestruck_4/operation_lovestruck_4/15	I see! Wait, what?	Ah, d'accord ! Euh... quoi ?	Понимаю! Погоди, что?	I see! Wait, what?
Conversations/Friday Night at the Inn/Group 4/Operation Lovestruck/operation_lovestruck_4/operation_lovestruck_4/16	Somehow, Goldwolf is not surprised.	Bizarrement, Louvedor n'est pas surprise.	Златоклык почему-то уже не удивлена.	Somehow, Goldwolf is not surprised.
Conversations/Friday Night at the Inn/Group 4/Operation Lovestruck/operation_lovestruck_4/operation_lovestruck_4/2	In fact, Penelope seems quite repentant. And torn. She loved Chip Rosewood's reliable experience, and adored Anelace's boundless curiosity.	Pénélope semble s'en vouloir, elle est tiraillée. Elle aimait Derrick Navarro pour sa grande expérience, ainsi qu'Anelace pour sa curiosité sans limites.	Изабеллу же, напротив, мучает совесть. Она любила Палисандра Стружа за надёжный опыт и Анелас за её необузданное любопытство.	In fact, Penelope seems quite repentant. And torn. She loved Chip Rosewood's reliable experience, and adored Anelace's boundless curiosity.
Conversations/Friday Night at the Inn/Group 4/Operation Lovestruck/operation_lovestruck_4/operation_lovestruck_4/3	She was fascinated by Goldwolf's stories of her barbarian homeland, and she was enthralled by the strength of Rocky's brain.	Elle était fascinée par les histoires de Louvedor sur ses origines barbares et elle admirait la force d'esprit de Pierrick.	Она восхищалась рассказами Златоклык о её родных землях варваров и была очарована мощью мозгов Булыжа.	She was fascinated by Goldwolf's stories of her barbarian homeland, and she was enthralled by the strength of Rocky's brain.
Conversations/Friday Night at the Inn/Group 4/Operation Lovestruck/operation_lovestruck_4/operation_lovestruck_4/4	Sigh... she always was a sweetheart, that Penelope. Well, folks... I think we know what we have to do.	Ah là là... Pénélope a toujours été si adorable avec moi. Les amis, je crois que nous savons tous ce qu'il nous reste à faire.	Эх... Наша Изабелла всегда была такая милашка. Что ж, ребята... Думаю, мы все знаем, что делать.	Sigh... she always was a sweetheart, that Penelope. Well, folks... I think we know what we have to do.
Conversations/Friday Night at the Inn/Group 4/Operation Lovestruck/operation_lovestruck_4/operation_lovestruck_4/5	Goldwolf hates betrayal... but loves the juicy drama of forbidden love. Goldwolf votes to keep Hans at bay, so Penny and her newest flame can escape.	Louvedor déteste la trahison... mais adore les amours interdites. Louvedor est d'accord pour combattre Hans afin que Pénélope et son nouvel amant puissent s'enfuir.	Златоклык ненавидит предателей... но любит пикантные истории о запретной любви. Она голосует за то, чтобы сдержать Ганса и позволить Белле сбежать к её новой страсти	Goldwolf hates betrayal... but loves the juicy drama of forbidden love. Goldwolf votes to keep Hans at bay, so Penny and her newest flame can escape.
Conversations/Friday Night at the Inn/Group 4/Operation Lovestruck/operation_lovestruck_4/operation_lovestruck_4/6	I use my powerful brain to headbutt the bad guy, so Anelace has time to cast a cool spell!	J'utilise la puissance de mon cerveau pour donner un coup de tête au méchant et pour qu'Anelace ait le temps de lancer un sort !	Используя свой мощный мозг, я бодаю злодея в грудь, давая Анелас время сказать какое-нибудь крутое заклинание!	I use my powerful brain to headbutt the bad guy, so Anelace has time to cast a cool spell!
Conversations/Friday Night at the Inn/Group 4/Operation Lovestruck/operation_lovestruck_4/operation_lovestruck_4/7	The precepts of my magical school demand that I help anyone in need. I weave a spell of memory obliteration on the spy handler.	Les préceptes de mon école de magie m'obligent à aider toute personne en détresse. Je lance un sort d'effacement de la mémoire à l'espion en chef.	Предписания моей магической школы диктуют, что я должна помогать людям в беде. Я накладываю на этого руководителя шпионов уничтожение памяти.	The precepts of my magical school demand that I help anyone in need. I weave a spell of memory obliteration on the spy handler.
Conversations/Friday Night at the Inn/Group 4/Operation Lovestruck/operation_lovestruck_4/operation_lovestruck_4/8	Unless Goldwolf objects?	À moins que Louvedor n'ait une objection ?	У Златоклык нет возражений?	Unless Goldwolf objects?
Conversations/Friday Night at the Inn/Group 4/Operation Lovestruck/operation_lovestruck_4/operation_lovestruck_4/9	Oh, no. Goldwolf thinks memory obliteration sounds delightful.	Aucunement. Louvedor trouve que ce sort est un excellent choix.	О, нет. Златоклык считает, что уничтожение памяти звучит прелестно.	Oh, no. Goldwolf thinks memory obliteration sounds delightful.
Conversations/Friday Night at the Inn/Group 4/Operation Lovestruck/operation_lovestruck_4/operation_lovestruck_4/init	You've all embarked on Operation: Lovestruck, to save your missing lover and serial dater Penelope Lovestruck. But things have gone horribly awry!	Vous avez tous pris part à l'Opération Brisecœur pour retrouver votre amante et séductrice en série, Pénélope Brisecœur, tout est parti en cacahuète.	"Вы вместе отправились на «Операцию ""Монамур""» по спасению вашей пропавшей, столь непостоянной любовницы Изабеллы Монамур. Но дело приняло трагичный оборот!"	You've all embarked on Operation: Lovestruck, to save your missing lover and serial dater Penelope Lovestruck. But things have gone horribly awry!
Conversations/Friday Night at the Inn/Group 5/Capital Club/capital_club_1/capital_club_1/1	Then you're in good company!	Tu es donc en bonne compagnie !	В таком случае ты в подходящей компании!	Then you're in good company!
Conversations/Friday Night at the Inn/Group 5/Capital Club/capital_club_1/capital_club_1/10	And it's so nice to not be mobbed by fans everywhere I go.	Et il est si plaisant de ne pas être assaillie par les admirateurs où que j'aille.	И как же приятно побыть вдали от толпы поклонников.	And it's so nice to not be mobbed by fans everywhere I go.
Conversations/Friday Night at the Inn/Group 5/Capital Club/capital_club_1/capital_club_1/11	Er, if you say so Elsie.	Euh, si tu le dis, Elsie.	Эм, как скажешь, Элси.	Er, if you say so Elsie.
Conversations/Friday Night at the Inn/Group 5/Capital Club/capital_club_1/capital_club_1/2	Being Aldaria's largest city, it does mean that many pass through it eventually.	Étant donné qu'il s'agit de la plus grande ville d'Aldaria, cela signifie que tout le monde y passe, un jour ou l'autre.	Это ведь крупнейший город в Альдарии. Естественно, многие бывают там проездом.	Being Aldaria's largest city, it does mean that many pass through it eventually.
Conversations/Friday Night at the Inn/Group 5/Capital Club/capital_club_1/capital_club_1/3	Couldn't agree more!	Je suis on ne peut plus d'accord !	Совершенно согласна!	Couldn't agree more!
Conversations/Friday Night at the Inn/Group 5/Capital Club/capital_club_1/capital_club_1/4	My family has been living and baking there for generations.	Ma famille y vit et y tient une boulangerie depuis plusieurs générations.	Моя семья много поколений там живёт и держит пекарню.	My family has been living and baking there for generations.
Conversations/Friday Night at the Inn/Group 5/Capital Club/capital_club_1/capital_club_1/5	Mistria's my home now, but sometimes I miss the hustle and bustle.	Mistria, c'est chez moi, maintenant, mais parfois, l'agitation et le bruit me manquent.	Мистрия уже стала мне домом, но иногда я скучаю по городской суете.	Mistria's my home now, but sometimes I miss the hustle and bustle.
Conversations/Friday Night at the Inn/Group 5/Capital Club/capital_club_1/capital_club_1/6	There was something exhilarating about being in the big city during my college days.	Il y avait quelque chose d'enthousiasmant à vivre dans la grande ville, pendant mes années étudiantes.	Попасть на учёбу в колледж в большом городе — совершенно особое пьянящее чувство.	There was something exhilarating about being in the big city during my college days.
Conversations/Friday Night at the Inn/Group 5/Capital Club/capital_club_1/capital_club_1/7	The Opera House still keeps my old suite of rooms for me. Just in case I feel like doing a guest appearance.	À l'Opéra, ils me réservent toujours mes anciennes loges. Au cas où j'aurais envie de faire une apparition sur scène, en tant qu'invitée.	В Столичной опере до сих пор держат для меня апартаменты. На случай, если мне захочется приехать на гастроли.	The Opera House still keeps my old suite of rooms for me. Just in case I feel like doing a guest appearance.
Conversations/Friday Night at the Inn/Group 5/Capital Club/capital_club_1/capital_club_1/8	On the other hand, could you imagine getting a whole balcony just for your group at any tavern in the Capital?	D'un autre côté, imaginez-vous avoir un balcon réservé pour son groupe d'amis dans une taverne de la capitale ?	С другой стороны, разве можно вообразить, чтобы какая-нибудь столичная таверна дала вашей компании целый балкон?	On the other hand, could you imagine getting a whole balcony just for your group at any tavern in the Capital?
Conversations/Friday Night at the Inn/Group 5/Capital Club/capital_club_1/capital_club_1/9	Or a bartender who knows my favorite drink!	Ou bien un gérant qui connaît ma boisson préférée !	И какой столичный бармен будет помнить мой любимый напиток!	Or a bartender who knows my favorite drink!
Conversations/Friday Night at the Inn/Group 5/Capital Club/capital_club_1/capital_club_1/init	[Ari], come over dear. We were just discussing the Capital.	Oh, [Ari], viens par ici, mon chou. Nous étions en train de parler de la capitale.	[Ari], <p>дорогие</p><f>дорогая</f><m>дорогой</m><n>дорогое</n>, подойди-ка сюда. Мы тут обсуждаем столицу.	[Ari], come over dear. We were just discussing the Capital.
Conversations/Friday Night at the Inn/Group 5/Capital Club/capital_club_1/capital_club_1/init/prompts/0	I love the Capital!	J'adore la capitale !	Обожаю столицу!	I love the Capital!
Conversations/Friday Night at the Inn/Group 5/Capital Club/capital_club_1/capital_club_1/init/prompts/1	I only ever passed through...	Je n'ai jamais fait qu'y passer...	Я там <p>были</p><f>была</f><m>был</m><n>было</n> только проездом...	I only ever passed through...
Conversations/Friday Night at the Inn/Group 5/Capital Club/capital_club_1/capital_club_1/init/prompts/2	I prefer Mistria.	Je préfère Mistria.	Мне больше нравится Мистрия.	I prefer Mistria.
Conversations/Friday Night at the Inn/Group 5/Capital Club/capital_club_2/capital_club_2/1	An old patient of mine sent me a box of thank you chocolates from Charlie's Confections.	Un de mes anciens patients m'a envoyé une boîte de chocolats de chez Charlie, la boutique de confiseries.	Один из моих бывших пациентов прислал коробку конфет из «Сладостей Чарли» в знак благодарности.	An old patient of mine sent me a box of thank you chocolates from Charlie's Confections.
Conversations/Friday Night at the Inn/Group 5/Capital Club/capital_club_2/capital_club_2/10	That's a good choice!	Très bon choix !	Отличный выбор!	That's a good choice!
Conversations/Friday Night at the Inn/Group 5/Capital Club/capital_club_2/capital_club_2/11	That's a good choice!	Très bon choix !	Отличный выбор!	That's a good choice!
Conversations/Friday Night at the Inn/Group 5/Capital Club/capital_club_2/capital_club_2/12	What a heavenly flavor! Thank you, Valen.	Quelle saveur divine ! Merci, Valen.	Божественный вкус! Спасибо, Вален.	What a heavenly flavor! Thank you, Valen.
Conversations/Friday Night at the Inn/Group 5/Capital Club/capital_club_2/capital_club_2/2	I thought I'd share them out with folks who might be missing a taste of the Capital.	Je me suis dit que j'allais les partager avec celles et ceux à qui les saveurs de la capitale manquent un peu.	Я решила разделить их с теми, кто соскучился по столице.	I thought I'd share them out with folks who might be missing a taste of the Capital.
Conversations/Friday Night at the Inn/Group 5/Capital Club/capital_club_2/capital_club_2/3	It's... a Select Reserve box! I've only ever heard about them!	Mais... C'est une boîte Sélection spéciale ! Je n'en avais encore jamais vu en vrai !	Это же... коробка из «Особого резерва». Я про такие только слышал!	It's... a Select Reserve box! I've only ever heard about them!
Conversations/Friday Night at the Inn/Group 5/Capital Club/capital_club_2/capital_club_2/4	Supposedly you can't even get on the waiting list anymore.	Il paraît qu'il n'y a même plus de liste d'attente sur laquelle s'inscrire pour en avoir.	Говорят, даже в очередь на них уже давно не пробиться.	Supposedly you can't even get on the waiting list anymore.
Conversations/Friday Night at the Inn/Group 5/Capital Club/capital_club_2/capital_club_2/5	How very generous of you to share, Valen. I'm not sure I would have!	C'est vraiment très généreux de les partager, Valen. Je ne sais pas si j'en aurais fait autant, à ta place !	Какой великодушный поступок, Вален. Не уверена, что я была бы готова делиться!	How very generous of you to share, Valen. I'm not sure I would have!
Conversations/Friday Night at the Inn/Group 5/Capital Club/capital_club_2/capital_club_2/6	Well, they are nice, but...	Eh bien, ils sont bons, c'est vrai, mais...	Эти конфеты, конечно, хороши...	Well, they are nice, but...
Conversations/Friday Night at the Inn/Group 5/Capital Club/capital_club_2/capital_club_2/7	Seeing the delighted looks on all your faces is nicer, I think.	Voir vos mines ravies à tous est encore plus agréable, je trouve.	Но, думаю, ваши довольные лица мне милее.	Seeing the delighted looks on all your faces is nicer, I think.
Conversations/Friday Night at the Inn/Group 5/Capital Club/capital_club_2/capital_club_2/8	In that case... I'll try this one! How about you, [Ari]?	Dans ce cas... Je vais goûter celui-là ! Et toi, [Ari] ?	В таком случае... Я попробую вот эту! А ты какую возьмёшь, [Ari]?	In that case... I'll try this one! How about you, [Ari]?
Conversations/Friday Night at the Inn/Group 5/Capital Club/capital_club_2/capital_club_2/8/prompts/0	Choose a dark chocolate.	Choisir un chocolat noir	Выбрать тёмный шоколад.	Choose a dark chocolate.
Conversations/Friday Night at the Inn/Group 5/Capital Club/capital_club_2/capital_club_2/8/prompts/1	Choose a milk chocolate.	Choisir un chocolat au lait.	Выбрать молочный шоколад.	Choose a milk chocolate.
Conversations/Friday Night at the Inn/Group 5/Capital Club/capital_club_2/capital_club_2/8/prompts/2	Choose a white chocolate.	Choisir un chocolat blanc.	Выбрать белый шоколад.	Choose a white chocolate.
Conversations/Friday Night at the Inn/Group 5/Capital Club/capital_club_2/capital_club_2/9	That's a good choice!	Très bon choix !	Отличный выбор!	That's a good choice!
Conversations/Friday Night at the Inn/Group 5/Capital Club/capital_club_2/capital_club_2/init	[Ari], what good timing!	[Ari], tu tombes à pic !	[Ari], ты как раз вовремя!	[Ari], what good timing!
Conversations/Friday Night at the Inn/Group 5/Capital Club/capital_club_3/capital_club_3/1	Oho, I recognize that smell! Where on earth did you find one outside the Capital?	Ho ho, je reconnais cette odeur ! Où diable as-tu réussi à en trouver un en-dehors de la capitale ?	Ого, узнаю этот запах! Где же ты его откопал так далеко от столицы?	Oho, I recognize that smell! Where on earth did you find one outside the Capital?
Conversations/Friday Night at the Inn/Group 5/Capital Club/capital_club_3/capital_club_3/10	It always made going out with friends fun!	Ça rendait toujours les sorties entre amis amusantes !	Это всегда добавляло веселья в наши встречи с друзьями!	It always made going out with friends fun!
Conversations/Friday Night at the Inn/Group 5/Capital Club/capital_club_3/capital_club_3/11	So how about it? Let's all try our luck!	Alors, qu'en dites-vous ? On tente notre chance, allez !	Ну так что же? Испытаем удачу!	So how about it? Let's all try our luck!
Conversations/Friday Night at the Inn/Group 5/Capital Club/capital_club_3/capital_club_3/12	You first, [Ari].	Toi d'abord, [Ari].	Ты <p>первые</p><f>первая</f><m>первый</m><n>первое</n>, [Ari].	You first, [Ari].
Conversations/Friday Night at the Inn/Group 5/Capital Club/capital_club_3/capital_club_3/12/prompts/0	Take the slice on the left.	Prendre la part de gauche.	Взять кусок слева.	Take the slice on the left.
Conversations/Friday Night at the Inn/Group 5/Capital Club/capital_club_3/capital_club_3/12/prompts/1	Take the slice in the middle.	Prendre la part du milieu.	Взять кусок посередение.	Take the slice in the middle.
Conversations/Friday Night at the Inn/Group 5/Capital Club/capital_club_3/capital_club_3/12/prompts/2	Take the slice on the right.	Prendre la part de droite.	Взять кусок справа.	Take the slice on the right.
Conversations/Friday Night at the Inn/Group 5/Capital Club/capital_club_3/capital_club_3/13	Be sure to eat it carefully.	Fais bien attention en mangeant.	Только ешь осторожнее.	Be sure to eat it carefully.
Conversations/Friday Night at the Inn/Group 5/Capital Club/capital_club_3/capital_club_3/14	...	...	...	...
Conversations/Friday Night at the Inn/Group 5/Capital Club/capital_club_3/capital_club_3/15	...	...	...	...
Conversations/Friday Night at the Inn/Group 5/Capital Club/capital_club_3/capital_club_3/16	...	...	...	...
Conversations/Friday Night at the Inn/Group 5/Capital Club/capital_club_3/capital_club_3/17	Oh, it's me!	Oh, c'est moi !	Ой, у меня!	Oh, it's me!
Conversations/Friday Night at the Inn/Group 5/Capital Club/capital_club_3/capital_club_3/18	Well, since we didn't share a meal, how about I get us a round of drinks instead?	Comme nous n'avons pas mangé ensemble, je vous propose de payer ma tournée ?	Ну, что ж, поскольку у нас сейчас не было обеда, давайте я закажу всем выпить!	Well, since we didn't share a meal, how about I get us a round of drinks instead?
Conversations/Friday Night at the Inn/Group 5/Capital Club/capital_club_3/capital_club_3/2	Baked it myself.	Je l'ai cuisiné moi-même.	Сам испёк.	Baked it myself.
Conversations/Friday Night at the Inn/Group 5/Capital Club/capital_club_3/capital_club_3/3	For those of us with less attuned noses, what did you bring?	Pour celles et ceux d'entre nous qui n'ont pas l'odorat aussi fin, qu'as-tu apporté ?	Прошу пояснений для тех, кто не столь чуток носом. Что ты принёс?	For those of us with less attuned noses, what did you bring?
Conversations/Friday Night at the Inn/Group 5/Capital Club/capital_club_3/capital_club_3/4	Tesserae Cake!	Un gâteau Tesserae !	Тессеровый пирог!	Tesserae Cake!
Conversations/Friday Night at the Inn/Group 5/Capital Club/capital_club_3/capital_club_3/5	That certainly takes me back! I haven't had a slice in years.	Ça réveille de vieux souvenirs ! Je n'en ai pas mangé depuis des années.	У меня будет приступ ностальгии! Уже много лет его не пробовала.	That certainly takes me back! I haven't had a slice in years.
Conversations/Friday Night at the Inn/Group 5/Capital Club/capital_club_3/capital_club_3/5/prompts/0	What's Tesserae Cake?	Qu'est-ce que c'est, le gâteau Tesserae ?	Что за тессеровый пирог?	What's Tesserae Cake?
Conversations/Friday Night at the Inn/Group 5/Capital Club/capital_club_3/capital_club_3/5/prompts/1	Ooh, I love Tesserae Cake!	Oh, j'adore le gâteau Tesserae !	Оу, обожаю тессеровый пирог!	Ooh, I love Tesserae Cake!
Conversations/Friday Night at the Inn/Group 5/Capital Club/capital_club_3/capital_club_3/6	Oh, it's a silly Capital tradition.	Oh, c'est une tradition rigolote dans la capitale.	Ой, это глупая столичная традиция.	Oh, it's a silly Capital tradition.
Conversations/Friday Night at the Inn/Group 5/Capital Club/capital_club_3/capital_club_3/7	At the end of a meal, sometimes they bring out a little cake for everyone.	À la fin d'un repas, quelqu'un apporte parfois un petit gâteau à partager.	Иногда в конце обеда всей компании подают небольшой пирог.	At the end of a meal, sometimes they bring out a little cake for everyone.
Conversations/Friday Night at the Inn/Group 5/Capital Club/capital_club_3/capital_club_3/8	And if your slice has a tesserae in it, you have to pay the bill!	Et si ta part contient un tesserae, c'est à toi de payer l'addition !	Если в твоём кусочке попадётся тессера, то ты платишь за всех!	And if your slice has a tesserae in it, you have to pay the bill!
Conversations/Friday Night at the Inn/Group 5/Capital Club/capital_club_3/capital_club_3/9	Folks say it's lucky for some reason.	On dit parfois que c'est signe de chance.	Почему-то говорят, что это на счастье.	Folks say it's lucky for some reason.
Conversations/Friday Night at the Inn/Group 5/Capital Club/capital_club_3/capital_club_3/init	Got a surprise for you all this week.	J'ai une surprise pour tout le monde, cette semaine.	На этот раз я к вам с сюрпризом.	Got a surprise for you all this week.
Conversations/Friday Night at the Inn/Group 5/Capital Club/capital_club_4/capital_club_4/1	You two have been so generous with your treats the last few weeks...	Vous avez été si généreux tous les deux avec vos cadeaux, ces dernières semaines...	В последние недели вы приносили такие щедрые подарки...	You two have been so generous with your treats the last few weeks...
Conversations/Friday Night at the Inn/Group 5/Capital Club/capital_club_4/capital_club_4/10	That's the spirit! Bottom's up!	Bien dit ! Cul sec !	Так держать! Выпьем!	That's the spirit! Bottom's up!
Conversations/Friday Night at the Inn/Group 5/Capital Club/capital_club_4/capital_club_4/11	It's... just as bad as I remembered it...	C'est... aussi mauvais que dans mon souvenir...	Вкус... ужасный, как я верно запомнил...	It's... just as bad as I remembered it...
Conversations/Friday Night at the Inn/Group 5/Capital Club/capital_club_4/capital_club_4/12	My vision is getting a bit blurry...	Je vois un peu trouble...	У меня слегка помутнело в глазах...	My vision is getting a bit blurry...
Conversations/Friday Night at the Inn/Group 5/Capital Club/capital_club_4/capital_club_4/12/prompts/0	My throat's burning...	Ça me brûle la gorge...	У меня горит в горле...	My throat's burning...
Conversations/Friday Night at the Inn/Group 5/Capital Club/capital_club_4/capital_club_4/12/prompts/1	Another shot, please.	Encore un verre, s'il vous plaît.	Ещё рюмку, пожалуйста.	Another shot, please.
Conversations/Friday Night at the Inn/Group 5/Capital Club/capital_club_4/capital_club_4/12/prompts/2	I think I'll pass...	Je crois que je vais décliner...	Пожалуй, я пас.	I think I'll pass...
Conversations/Friday Night at the Inn/Group 5/Capital Club/capital_club_4/capital_club_4/13	That's how you know it's working!	C'est le signe que ça marche !	Это значит, что лекарство работает!	That's how you know it's working!
Conversations/Friday Night at the Inn/Group 5/Capital Club/capital_club_4/capital_club_4/14	[Ari], I always knew we were kindred spirits!	[Ari], j'ai toujours su que nous étions des âmes sœurs !	[Ari], я знала, что мы с тобой родственные души!	[Ari], I always knew we were kindred spirits!
Conversations/Friday Night at the Inn/Group 5/Capital Club/capital_club_4/capital_club_4/15	Very sensible of you.	C'est très raisonnable.	Это мудрое решение.	Very sensible of you.
Conversations/Friday Night at the Inn/Group 5/Capital Club/capital_club_4/capital_club_4/16	Suddenly I'm feeling very grateful to be living in Mistria, and far far away from any more bottles of Wormwood.	D'un seul coup, je me dis que j'ai vraiment de la chance de vivre à Mistria, très loin de n'importe quelle bouteille de génépi.	Я вдруг вспомнила, как рада, что живу в Мистрии. Вдалеке от всех бутылок полынницы.	Suddenly I'm feeling very grateful to be living in Mistria, and far far away from any more bottles of Wormwood.
Conversations/Friday Night at the Inn/Group 5/Capital Club/capital_club_4/capital_club_4/17	I hope you're not going to let an old lady like me finish off the bottle all by her lonesome, Valen.	J'espère que tu ne vas pas laisser une vieille dame terminer la bouteille toute seule, Valen.	Надеюсь, ты не оставишь пожилую леди допивать бутылку в одиночестве, Вален.	I hope you're not going to let an old lady like me finish off the bottle all by her lonesome, Valen.
Conversations/Friday Night at the Inn/Group 5/Capital Club/capital_club_4/capital_club_4/2	So I wrote to a friend and had him send me a bottle that I'd say is a REAL taste of the Capital.	J'ai donc écrit à un ami pour lui demander de m'envoyer une bouteille qui a vraiment le goût de la capitale.	Так что я написала своему другу и попросила его прислать бутылку с НАСТОЯЩИМ вкусом столицы.	So I wrote to a friend and had him send me a bottle that I'd say is a REAL taste of the Capital.
Conversations/Friday Night at the Inn/Group 5/Capital Club/capital_club_4/capital_club_4/3	Elsie, you didn't.	Elsie... Sérieusement ?	Элси, ты не сделаешь этого.	Elsie, you didn't.
Conversations/Friday Night at the Inn/Group 5/Capital Club/capital_club_4/capital_club_4/4	But I did! Now who wants a shot of Wormwood?	Mais tout à fait ! Bien, qui veut un petit verre de génépi ?	Уже сделала! Итак, кто хочет глотнуть полынницы?	But I did! Now who wants a shot of Wormwood?
Conversations/Friday Night at the Inn/Group 5/Capital Club/capital_club_4/capital_club_4/4/prompts/0	Wormwood?	C'est quoi ?	Полынницы?	Wormwood?
Conversations/Friday Night at the Inn/Group 5/Capital Club/capital_club_4/capital_club_4/4/prompts/1	Oh no...	Oh, non...	О, нет...	Oh no...
Conversations/Friday Night at the Inn/Group 5/Capital Club/capital_club_4/capital_club_4/5	It's a... er... medical tonic. Just the thing after a heavy meal.	C'est un... euh... remède tonifiant. Parfait après un repas un peu lourd.	Это... эм... лекарственное средство. То что нужно после тяжёлой трапезы.	It's a... er... medical tonic. Just the thing after a heavy meal.
Conversations/Friday Night at the Inn/Group 5/Capital Club/capital_club_4/capital_club_4/6	I can see [Ari] has enjoyed this particular flavor of Aldarian living already.	Ah, [Ari] connaît déjà la saveur particulière de ce classique de la vie aldarienne, je vois.	Я вижу, [Ari] уже <p>испытали</p><f>испытала</f><m>испытал</m><n>испытало</n> на себе этот вкус альдарийской жизни.	I can see [Ari] has enjoyed this particular flavor of Aldarian living already.
Conversations/Friday Night at the Inn/Group 5/Capital Club/capital_club_4/capital_club_4/7	I asked Hemlock about it once, and he told me I shouldn't be drinking in places that serve it.	J'ai interrogé Hemlock là-dessus, un jour, et il m'a dit d'éviter les établissements qui en proposent.	Однажды я спросил про неё у Хемлока. Он ответил, что в местах, где такое наливают, не стоит пить вообще.	I asked Hemlock about it once, and he told me I shouldn't be drinking in places that serve it.
Conversations/Friday Night at the Inn/Group 5/Capital Club/capital_club_4/capital_club_4/8	It certainly has a unique flavor, but it's one that's grown on me over the years.	C'est vrai qu'elle a un goût spécial, mais j'ai fini par l'apprécier au fil du temps.	У неё весьма специфический вкус, но с годами я к нему пристрастилась.	It certainly has a unique flavor, but it's one that's grown on me over the years.
Conversations/Friday Night at the Inn/Group 5/Capital Club/capital_club_4/capital_club_4/9	I suppose it would be churlish of me not accept a glass.	J'imagine qu'il serait grossier de ma part de refuser un verre.	Полагаю, отказаться с моей стороны было бы неучтиво.	I suppose it would be churlish of me not accept a glass.
Conversations/Friday Night at the Inn/Group 5/Capital Club/capital_club_4/capital_club_4/init	That's certainly a big smile. Elsie. Did you bring something this week?	Quel large sourire, Elsie. As-tu apporté quelque chose, cette semaine ?	Какая коварная улыбка! Элси. На этот раз ты что-то принесла?	That's certainly a big smile. Elsie. Did you bring something this week?
Conversations/Friday Night at the Inn/Group 5/Crochet Club/crochet_club_1/crochet_club_1/1	Now I'm just a beginner myself, but Valen recommended I take it up.	Je débute moi aussi. C'est Valen qui m'a recommandé de m'y mettre.	Я сама новичок в этом деле, но мне посоветовала его Вален.	Now I'm just a beginner myself, but Valen recommended I take it up.
Conversations/Friday Night at the Inn/Group 5/Crochet Club/crochet_club_1/crochet_club_1/10	I... see.	Je vois.	А... Понятно.	I... see.
Conversations/Friday Night at the Inn/Group 5/Crochet Club/crochet_club_1/crochet_club_1/11	I have a friend who is out in all sorts of weather. I thought she could use a new headscarf!	Une de mes amies sort par tous les temps. Je me suis dit qu'une nouvelle écharpe lui serait bien utile.	У меня есть подруга, которая любит сидеть на улице в любую погоду. Думаю, ей не помешает новая шаль!	I have a friend who is out in all sorts of weather. I thought she could use a new headscarf!
Conversations/Friday Night at the Inn/Group 5/Crochet Club/crochet_club_1/crochet_club_1/12	Fancy that! I also have a friend who I thought could use a new pair of mittens!	Ça alors ! J'ai une amie qui aurait bien besoin d'une nouvelle paire de moufles.	Вот так совпадение! У меня тоже есть подруга, которой я решил связать парочку варежек!	Fancy that! I also have a friend who I thought could use a new pair of mittens!
Conversations/Friday Night at the Inn/Group 5/Crochet Club/crochet_club_1/crochet_club_1/13	...	...	...	...
Conversations/Friday Night at the Inn/Group 5/Crochet Club/crochet_club_1/crochet_club_1/14	...	...	...	...
Conversations/Friday Night at the Inn/Group 5/Crochet Club/crochet_club_1/crochet_club_1/15	Well those all sound very ambitious! We'll probably need lots of practice before we get to our goals.	Eh bien, tout cela me paraît très ambitieux ! Nous allons devoir beaucoup pratiquer pour y parvenir.	Что ж, всё это достойные цели! Скорее всего, мы ещё долго будем отрабатывать навык и не сразу достигнем цели.	Well those all sound very ambitious! We'll probably need lots of practice before we get to our goals.
Conversations/Friday Night at the Inn/Group 5/Crochet Club/crochet_club_1/crochet_club_1/16	Would you like to join us, [Ari]?	Veux-tu te joindre à nous, [Ari] ?	Хочешь приосединиться, [Ari]?	Would you like to join us, [Ari]?
Conversations/Friday Night at the Inn/Group 5/Crochet Club/crochet_club_1/crochet_club_1/16/prompts/0	I'd be delighted to!	Ce serait génial !	С удовольствием!	I'd be delighted to!
Conversations/Friday Night at the Inn/Group 5/Crochet Club/crochet_club_1/crochet_club_1/16/prompts/1	I think I'll pass.	Ça ira, merci.	Пожалуй, я пас.	I think I'll pass.
Conversations/Friday Night at the Inn/Group 5/Crochet Club/crochet_club_1/crochet_club_1/17	How nice! Pull up a chair!	Super ! Assieds-toi !	Вот и славно! Присаживайся!	How nice! Pull up a chair!
Conversations/Friday Night at the Inn/Group 5/Crochet Club/crochet_club_1/crochet_club_1/18	You had a fun time practicing crochet.	Vous avez passé un agréable moment à vous entraîner au crochet.	Вы весело провели время, обучаясь вязать крючком.	You had a fun time practicing crochet.
Conversations/Friday Night at the Inn/Group 5/Crochet Club/crochet_club_1/crochet_club_1/19	Nice work, [Ari]! You're so creative!	Aucun souci !	Не проблема!	Nice work, [Ari]! You're so creative!
Conversations/Friday Night at the Inn/Group 5/Crochet Club/crochet_club_1/crochet_club_1/2	She said it'd be good for me to have a hobby I can't go overboard with...	Elle m'a conseillé de me trouver un passe-temps qui ne serait pas trop prenant...	Она сказала, что мне полезно найти хобби, которое я не смогу оптимизировать...	She said it'd be good for me to have a hobby I can't go overboard with...
Conversations/Friday Night at the Inn/Group 5/Crochet Club/crochet_club_1/crochet_club_1/3	Good on you, Adeline! I just want to learn how to make cute accessories for my animals.	C'est super, Adeline ! Moi, j'aimerais savoir faire de jolies choses pour mes animaux.	Молодец, Аделина! А я просто хочу научиться вязать милые вещички для своих животных.	Good on you, Adeline! I just want to learn how to make cute accessories for my animals.
Conversations/Friday Night at the Inn/Group 5/Crochet Club/crochet_club_1/crochet_club_1/4	Especially since Louis keeps turning down my commissions.	Surtout que Louis refuse toutes les commandes que je lui passe.	Особенно учитывая, что Луи отказывается от моих заказов.	Especially since Louis keeps turning down my commissions.
Conversations/Friday Night at the Inn/Group 5/Crochet Club/crochet_club_1/crochet_club_1/5	I understand Hayden. I thought I'd see if I couldn't make Dozy a pair of house slippers. He simply goes through them too quickly!	Je te comprends, Hayden. J'aimerais tricoter une paire de pantoufles pour Dozy. Il les use à une vitesse folle.	Понимаю тебя, Хейден. Я хочу быть уверена, что смогу делать домашние тапочки для Дрёмы. Он так быстро их изнашивает!	I understand Hayden. I thought I'd see if I couldn't make Dozy a pair of house slippers. He simply goes through them too quickly!
Conversations/Friday Night at the Inn/Group 5/Crochet Club/crochet_club_1/crochet_club_1/6	And he does so appreciate a handmade gift.	Et il aime beaucoup les cadeaux faits à la main.	Кроме того, он любит подарки, сделанные своими руками.	And he does so appreciate a handmade gift.
Conversations/Friday Night at the Inn/Group 5/Crochet Club/crochet_club_1/crochet_club_1/7	I was thinking a tea cozy could be useful.	Je me disais qu'un couvre-théière pourrait être utile.	Я решил, что можно связать чехол на чайник.	I was thinking a tea cozy could be useful.
Conversations/Friday Night at the Inn/Group 5/Crochet Club/crochet_club_1/crochet_club_1/8	How nice! Who would you gift it to?	Quelle bonne idée ! À qui comptes-tu l'offrir ?	Славно! И кому же ты его подаришь?	How nice! Who would you gift it to?
Conversations/Friday Night at the Inn/Group 5/Crochet Club/crochet_club_1/crochet_club_1/9	Myself?	Euh, c'est pour moi.	Самому себе?	Myself?
Conversations/Friday Night at the Inn/Group 5/Crochet Club/crochet_club_1/crochet_club_1/init	What a turn out! Thank you all for coming to the first week of Crochet Club!	Quelle affluence ! Merci de votre participation à cette première rencontre de l'amicale du crochet !	Вот это ажиотаж! Всем спасибо, что пришли на первое собрание клуба вязания!	What a turn out! Thank you all for coming to the first week of Crochet Club!
Conversations/Friday Night at the Inn/Group 5/Crochet Club/crochet_club_2/crochet_club_2/1	It's certainly a relaxing way to enjoy an evening.	C'est une manière très relaxante de passer ses soirées.	Оказывается, это хороший способ отдохнуть вечером.	It's certainly a relaxing way to enjoy an evening.
Conversations/Friday Night at the Inn/Group 5/Crochet Club/crochet_club_2/crochet_club_2/10	Well now, I had been looking for a new project, so maybe I'll crochet some granny squares tonight too!	Je cherchais quoi faire, alors que je vais tricoter des carrés au crochet !	Ну, что ж, я как раз подыскивал новый проект. Может, я сегодня тоже повяжу бабушкиных квадратов!	Well now, I had been looking for a new project, so maybe I'll crochet some granny squares tonight too!
Conversations/Friday Night at the Inn/Group 5/Crochet Club/crochet_club_2/crochet_club_2/11	An excellent idea, you do need an awful lot of granny squares to make a blanket.	Excellente idée, il faut en tricoter beaucoup pour faire une couverture.	Превосходная идея. На одеяло таких квадратиков уйдёт ужасно много.	An excellent idea, you do need an awful lot of granny squares to make a blanket.
Conversations/Friday Night at the Inn/Group 5/Crochet Club/crochet_club_2/crochet_club_2/12	Many hands make light work!	Plus on est nombreux, plus ça va vite !	Работать вместе веселее!	Many hands make light work!
Conversations/Friday Night at the Inn/Group 5/Crochet Club/crochet_club_2/crochet_club_2/13	I call dibs on the purple yarn!	Prem's sur la laine violette !	Чур фиолетовый моток мой!	I call dibs on the purple yarn!
Conversations/Friday Night at the Inn/Group 5/Crochet Club/crochet_club_2/crochet_club_2/14	Ooh, then I want pink yarn!	Oooh, alors je veux la rose !	Ой, а я тогда хочу розовый!	Ooh, then I want pink yarn!
Conversations/Friday Night at the Inn/Group 5/Crochet Club/crochet_club_2/crochet_club_2/14/prompts/0	Let's get crocheting some granny squares!	Tricotons des carrés au crochet !	Сейчас все понаделаем бабушкиных квадратов!	Let's get crocheting some granny squares!
Conversations/Friday Night at the Inn/Group 5/Crochet Club/crochet_club_2/crochet_club_2/14/prompts/1	It's really nice of you, March.	C'est vraiment gentil de ta part, March.	Это очень добрый поступок, Март.	It's really nice of you, March.
Conversations/Friday Night at the Inn/Group 5/Crochet Club/crochet_club_2/crochet_club_2/15	......	......	......	......
Conversations/Friday Night at the Inn/Group 5/Crochet Club/crochet_club_2/crochet_club_2/16	I... I mean...	Je... Je veux dire...	Я... Это...	I... I mean...
Conversations/Friday Night at the Inn/Group 5/Crochet Club/crochet_club_2/crochet_club_2/17	Thanks for helping, everyone.	Merci à vous tous de m'aider.	Спасибо за помощь, ребята.	Thanks for helping, everyone.
Conversations/Friday Night at the Inn/Group 5/Crochet Club/crochet_club_2/crochet_club_2/18	You had a fun time crocheting with everyone.	Vous avez passé un très bon moment à faire du crochet avec tout le monde.	Вы весело провели время за вязанием крючком.	You had a fun time crocheting with everyone.
Conversations/Friday Night at the Inn/Group 5/Crochet Club/crochet_club_2/crochet_club_2/2	Henrietta's been really enjoying the new bow I made for her!	Henrietta aime beaucoup le nouveau ruban que je lui ai fait !	Я сделал Генриетте новый бантик, и ей очень понравилось!	Henrietta's been really enjoying the new bow I made for her!
Conversations/Friday Night at the Inn/Group 5/Crochet Club/crochet_club_2/crochet_club_2/3	Hey March! Your tea cozy could use some more shape to it. Do you need some advice from a master mitten maker?	March, ton couvre-théière devrait mieux se tenir. Tu veux les conseils d'un maître gantier ?	Март! У тебя чехол какой-то странной формы. Хочешь совет от мастера по варежкам?	Hey March! Your tea cozy could use some more shape to it. Do you need some advice from a master mitten maker?
Conversations/Friday Night at the Inn/Group 5/Crochet Club/crochet_club_2/crochet_club_2/4	Oh, I uh... switched projects.	Oh, je, euh... j'ai changé d'idée.	А, я, эм... взял другой проект.	Oh, I uh... switched projects.
Conversations/Friday Night at the Inn/Group 5/Crochet Club/crochet_club_2/crochet_club_2/5	Why I believe you're making granny squares. I used quite a few on my scarf last week.	En tout cas, j'ai l'impression que tu fabriques des carrés au crochet. J'en ai utilisé pas mal pour mon écharpe, la semaine dernière.	Да это же, по-моему, бабушкин квадрат. У меня за неделю много таких ушло на шарф.	Why I believe you're making granny squares. I used quite a few on my scarf last week.
Conversations/Friday Night at the Inn/Group 5/Crochet Club/crochet_club_2/crochet_club_2/6	Yeah. I thought I'd try making a blanket.	Oui. Je pensais faire une couverture.	Да. Я решил, что сделаю одеяло.	Yeah. I thought I'd try making a blanket.
Conversations/Friday Night at the Inn/Group 5/Crochet Club/crochet_club_2/crochet_club_2/7_normal	I... I heard the Capital Orphanage is short on blankets...	J-J'ai entendu dire que l'orphelinat de la capitale en manquait...	Я... Слышал, что в столичном приюте не хватает одеял...	I... I heard the Capital Orphanage is short on blankets...
Conversations/Friday Night at the Inn/Group 5/Crochet Club/crochet_club_2/crochet_club_2/7_quest	I heard that [Ari] donated some tables and chairs to the Capital Orphanage... So I looked into it, and they really could use some more blankets too...	Apparemment, [Ari] a donné des tables et des chaises. Je me suis renseigné. Ils auraient bien besoin de couvertures...	Я услышал, что [Ari] <p>пожертвовали</p><f>пожертвовала</f><m>пожертвовал</m><n>пожертвовало</n> столичному приюту несколько столов и стульев... Решил разузнать, и оказалось, что одеяла им тоже очень нужны...	I heard that [Ari] donated some tables and chairs to the Capital Orphanage... So I looked into it, and they really could use some more blankets too...
Conversations/Friday Night at the Inn/Group 5/Crochet Club/crochet_club_2/crochet_club_2/8	And I figured since I'm doing crochet anyway...	Et puisque j'ai commencé le crochet, eh bien...	И я подумал, раз уж я занялся вязанием...	And I figured since I'm doing crochet anyway...
Conversations/Friday Night at the Inn/Group 5/Crochet Club/crochet_club_2/crochet_club_2/9	What? Why are you all looking at me like that?	Quoi ? Pourquoi vous me regardez tous comme ça ?	Что? Почему вы на меня так смотрите?	What? Why are you all looking at me like that?
Conversations/Friday Night at the Inn/Group 5/Crochet Club/crochet_club_2/crochet_club_2/init	So how is everyone's crochet project coming along?	Alors, comment avancent vos projets au crochet ?	Ну что, как поживают ваши вязальные проекты?	So how is everyone's crochet project coming along?
Conversations/Friday Night at the Inn/Group 5/Crochet Club/crochet_club_3/crochet_club_3/1	For my part, I managed to slip in a few extra granny squares during my meetings last week.	Pour ma part, j'ai réussi à faire quelques carrés au crochet pendant mes réunions de la semaine dernière.	Что касается меня, мне удалось выкроить время между совещаниями на несколько бабушкиных квадратов.	For my part, I managed to slip in a few extra granny squares during my meetings last week.
Conversations/Friday Night at the Inn/Group 5/Crochet Club/crochet_club_3/crochet_club_3/10	[Ari]'s right. Let's see those crochet hooks flying, people!	[Ari] a raison. Préparez vos crochets, je veux que ça tricote dur !	[Ari] <p>правы</p><f>права</f><m>прав</m><n>право</n>. Давайте поработаем крючками!	[Ari]'s right. Let's see those crochet hooks flying, people!
Conversations/Friday Night at the Inn/Group 5/Crochet Club/crochet_club_3/crochet_club_3/11	And it's so relaxing to crochet and chat with all of you!	Faire du crochet en papotant avec vous tous est un vrai moment de détente.	И можно вязать и одновменно болтать с вами всеми! Это отличный отдых.	And it's so relaxing to crochet and chat with all of you!
Conversations/Friday Night at the Inn/Group 5/Crochet Club/crochet_club_3/crochet_club_3/12	I'll have any blankets we finish tonight boxed up and sent off to the orphanage tomorrow!	Tout à l'heure, j'emballerai les couvertures pour les expédier à l'orphelinat dès demain !	Все одеяла, которые мы доделаем сегодня, я запакую в ящики и завтра же отправлю в приют!	I'll have any blankets we finish tonight boxed up and sent off to the orphanage tomorrow!
Conversations/Friday Night at the Inn/Group 5/Crochet Club/crochet_club_3/crochet_club_3/13	You had a fun time crocheting with everyone.	Vous avez passé un très bon moment à faire du crochet avec tout le monde.	Вы весело провели время за вязанием крючком.	You had a fun time crocheting with everyone.
Conversations/Friday Night at the Inn/Group 5/Crochet Club/crochet_club_3/crochet_club_3/2	It's been great practicing the fundamentals with them! I've gotten pretty fast.	Ça a été très productif de pratiquer les bases de cette manière ! Je vais assez vite, maintenant.	Они хорошо помогают отточить базу! Я стал вязать гораздо быстрее.	It's been great practicing the fundamentals with them! I've gotten pretty fast.
Conversations/Friday Night at the Inn/Group 5/Crochet Club/crochet_club_3/crochet_club_3/3	Those kiddos are going to have plenty of blankets!	Ces petiots vont recevoir plein de couvertures !	Этим детишкам одеял на всех хватит!	Those kiddos are going to have plenty of blankets!
Conversations/Friday Night at the Inn/Group 5/Crochet Club/crochet_club_3/crochet_club_3/4	When I told Dozy about what we're making, he offered to help as well. I've brought the granny squares he worked on.	Quand j'ai dit à Dozy ce que nous tricotions, il a proposé son aide. J'ai apporté les carrés qu'il a faits.	Когда я сказала Дрёме, чем мы занимаемся, он тоже захотел помочь. Я принесла квадраты, которые он сделал.	When I told Dozy about what we're making, he offered to help as well. I've brought the granny squares he worked on.
Conversations/Friday Night at the Inn/Group 5/Crochet Club/crochet_club_3/crochet_club_3/5	My word, what a talented dog.	Ma parole, il est doué, ce chien.	Ну надо же, какой талантливый пёс.	My word, what a talented dog.
Conversations/Friday Night at the Inn/Group 5/Crochet Club/crochet_club_3/crochet_club_3/6	Oh ho ho!	Ho ho ho !	О-хо-хо!	Oh ho ho!
Conversations/Friday Night at the Inn/Group 5/Crochet Club/crochet_club_3/crochet_club_3/7	Nice thing about being retired is you can spend your time however you like.	Ce qui est bien, quand on est retraité, c'est qu'on peut employer son temps comme on le souhaite.	Что хорошо в пенсии — это то, что можешь тратить время на что захочется.	Nice thing about being retired is you can spend your time however you like.
Conversations/Friday Night at the Inn/Group 5/Crochet Club/crochet_club_3/crochet_club_3/8	And how I wanted to spend it was crocheting blankets!	Et en l'occurrence, je voulais faire des couvertures en crochet !	А мне хотелось потратить его на вязание одеял!	And how I wanted to spend it was crocheting blankets!
Conversations/Friday Night at the Inn/Group 5/Crochet Club/crochet_club_3/crochet_club_3/9	Thanks everyone. I think we're going to be able to get the orphanage all the blankets they need with these!	Merci à tous. Je pense que l'orphelinat aura toutes les couvertures qu'il lui faut !	Спасибо вам всем. Думаю, этого хватит, чтобы обеспечить приюту все необходимые одеяла.	Thanks everyone. I think we're going to be able to get the orphanage all the blankets they need with these!
Conversations/Friday Night at the Inn/Group 5/Crochet Club/crochet_club_3/crochet_club_3/9/prompts/0	The night's young, maybe we can make a few more!	Il est encore tôt, on peut en faire quelques-unes en plus !	Вечер только начинается. Может, успеем сделать ещё?	The night's young, maybe we can make a few more!
Conversations/Friday Night at the Inn/Group 5/Crochet Club/crochet_club_3/crochet_club_3/9/prompts/1	It feels nice to learn a new skill and help people.	C'est sympa d'apprendre quelque chose de nouveau tout en aidant les gens.	Приятно осваивать новый навык и одновременно помогать людям.	It feels nice to learn a new skill and help people.
Conversations/Friday Night at the Inn/Group 5/Crochet Club/crochet_club_3/crochet_club_3/init	How's the crocheting been going, everyone?	Alors tout le monde, vous vous améliorez au crochet ?	Ну как ваше вязание, ребята?	How's the crocheting been going, everyone?
Conversations/Friday Night at the Inn/Group 5/Crochet Club/crochet_club_4/crochet_club_4/1	The Orphanage Director sent us thank you letters from all the kids who received our blankets.	Le directeur de l'orphelinat nous a envoyé des lettres des enfants qui ont reçu leurs couvertures !	Директор приюта прислал нам благодарственные письма от всех детей, получивших свои одеяла.	The Orphanage Director sent us thank you letters from all the kids who received our blankets.
Conversations/Friday Night at the Inn/Group 5/Crochet Club/crochet_club_4/crochet_club_4/10	Crochet Club has certainly turned out to be something special. I'd like to thank March, in particular-	L'amicale du crochet est fantastique. J'aimerais remercier March, en particulier...	Наш клуб вязания — это, безусловно, нечто необыкновенное. В особенности я хочу поблагодарить Марта...	Crochet Club has certainly turned out to be something special. I'd like to thank March, in particular-
Conversations/Friday Night at the Inn/Group 5/Crochet Club/crochet_club_4/crochet_club_4/11	March, are you... crying?	March, tu pleures ?	Март, ты что... плачешь?	March, are you... crying?
Conversations/Friday Night at the Inn/Group 5/Crochet Club/crochet_club_4/crochet_club_4/12	No!	Non !	Нет!	No!
Conversations/Friday Night at the Inn/Group 5/Crochet Club/crochet_club_4/crochet_club_4/13	Maybe a little.	Enfin, peut-être un peu.	Разве что чуть-чуть.	Maybe a little.
Conversations/Friday Night at the Inn/Group 5/Crochet Club/crochet_club_4/crochet_club_4/14	Thanks everyone. Your help... It means a lot to me.	Merci à tous pour votre aide... Ça me touche beaucoup.	Спасибо вам. Ваша помощь... много для меня значит.	Thanks everyone. Your help... It means a lot to me.
Conversations/Friday Night at the Inn/Group 5/Crochet Club/crochet_club_4/crochet_club_4/15	I'm glad we could do something nice for those kids.	Je suis content que nous ayons pu faire quelque chose pour ces enfants.	Я рад, что мы вместе смогли помочь этим детям.	I'm glad we could do something nice for those kids.
Conversations/Friday Night at the Inn/Group 5/Crochet Club/crochet_club_4/crochet_club_4/2	Why don't we all take one?	Et si chacun de nous en lisait une ?	Давайте каждый возьмёт по одному!	Why don't we all take one?
Conversations/Friday Night at the Inn/Group 5/Crochet Club/crochet_club_4/crochet_club_4/3	How unexpected!	Quelle surprise !	Вот это неожиданность!	How unexpected!
Conversations/Friday Night at the Inn/Group 5/Crochet Club/crochet_club_4/crochet_club_4/4	This little girl says it's the nicest blanket she's ever had.	Cette petite fille dit que c'est la plus jolie couverture qu'elle ait jamais eue.	Тут девочка пишет, что это самое лучшее одеяло в её жизни.	This little girl says it's the nicest blanket she's ever had.
Conversations/Friday Night at the Inn/Group 5/Crochet Club/crochet_club_4/crochet_club_4/5	Must have been one of mine, haha!	C'était sûrement la mienne, ha ha !	Должно быть, одно из моих, ха-ха!	Must have been one of mine, haha!
Conversations/Friday Night at the Inn/Group 5/Crochet Club/crochet_club_4/crochet_club_4/6	This young man has requested his own crochet hooks, he wants to learn how to make things himself.	Le garçon de cette lettre aimerait avoir de quoi faire du crochet. Il voudrait tricoter ses propres créations.	Этот молодой человек захотел сам научиться вязать и просит прислать ему крючки.	This young man has requested his own crochet hooks, he wants to learn how to make things himself.
Conversations/Friday Night at the Inn/Group 5/Crochet Club/crochet_club_4/crochet_club_4/7	I think that could be arranged, right Crochet Club?	Je pense que ça devrait pouvoir s'arranger. Qu'en dites-vous, membres de l'amicale du crochet ?	Думаю, мы сможем с этим помочь, да, клуб вязания?	I think that could be arranged, right Crochet Club?
Conversations/Friday Night at the Inn/Group 5/Crochet Club/crochet_club_4/crochet_club_4/8	It sure could!	Certainement !	Конечно, сможем!	It sure could!
Conversations/Friday Night at the Inn/Group 5/Crochet Club/crochet_club_4/crochet_club_4/9	And heck, I'll see if I can't put some more of my sheep on making wool for his yarn!	Je vais voir si je peux obtenir plus de laine de mes moutons pour lui en expédier !	Да и вообще, я попробую подключить больше своих овечек, чтобы делать пряжу!	And heck, I'll see if I can't put some more of my sheep on making wool for his yarn!
Conversations/Friday Night at the Inn/Group 5/Crochet Club/crochet_club_4/crochet_club_4/init	Hey everyone, I've got a nice surprise to share today!	Écoutez tous, j'ai une petite surprise pour vous.	Всем привет, сегодня у меня для вас приятный сюрприз!	Hey everyone, I've got a nice surprise to share today!
Conversations/Friday Night at the Inn/Group 5/D&D Dragons/dnd_dragons_1/dnd_dragons_1/1	I shall be your Dark Mistress for this campaign.	Je serai votre maîtresse des ténèbres durant cette campagne.	В этой кампании я буду вашей Грозной Мастерицей.	I shall be your Dark Mistress for this campaign.
Conversations/Friday Night at the Inn/Group 5/D&D Dragons/dnd_dragons_1/dnd_dragons_1/10	That's right!	C'est ça !	Всё верно!	That's right!
Conversations/Friday Night at the Inn/Group 5/D&D Dragons/dnd_dragons_1/dnd_dragons_1/11	And I am the cleric Harold Brightbalm, skilled in the healing arts.	Et moi je suis le clerc Harold Lumibaume, je maîtrise l'art des soins.	А я жрец Гарольд Благосвет, мастер по исцелению.	And I am the cleric Harold Brightbalm, skilled in the healing arts.
Conversations/Friday Night at the Inn/Group 5/D&D Dragons/dnd_dragons_1/dnd_dragons_1/12	Whoooa, you cast spells too? Awesome!	Ouaaah, tu lances des sorts, aussi ? Génial !	Ух ты-ы-ы, ты тоже умеешь колдовать? Круто!	Whoooa, you cast spells too? Awesome!
Conversations/Friday Night at the Inn/Group 5/D&D Dragons/dnd_dragons_1/dnd_dragons_1/13	I'm Shale! I cast rock spells and stuff!	Moi, c'est Shale ! Je lance des sorts de roche, ce genre de trucs !	Я Сланец. Я кидаюсь всякими каменными заклинаниями и всё такое!	I'm Shale! I cast rock spells and stuff!
Conversations/Friday Night at the Inn/Group 5/D&D Dragons/dnd_dragons_1/dnd_dragons_1/14	And I see you've put all your stat points into strength? As a wizard?	Et je constate que tu as placé tous tes points de stats sur la force ? Alors que tu es magicien ?	Я вижу, ты распределил все очки характеристик в силу? При том, что ты маг?	And I see you've put all your stat points into strength? As a wizard?
Conversations/Friday Night at the Inn/Group 5/D&D Dragons/dnd_dragons_1/dnd_dragons_1/15	Well yeah. Rocks are heavy, and I gotta be able to lift them!	Ben oui. C'est lourd, les rochers, il faut que je puisse les soulever !	Ну да. Камни обычно тяжёлые, а мне ведь нужно их поднимать!	Well yeah. Rocks are heavy, and I gotta be able to lift them!
Conversations/Friday Night at the Inn/Group 5/D&D Dragons/dnd_dragons_1/dnd_dragons_1/16	Excellently reasoned, Wizard Shale.	Excellent raisonnement, magicien Shale.	Безупречная логика, волшебник Сланец.	Excellently reasoned, Wizard Shale.
Conversations/Friday Night at the Inn/Group 5/D&D Dragons/dnd_dragons_1/dnd_dragons_1/17	I'm the ranger, Laos Truearrow.	Je suis le rôdeur Laos Arquevrai.	Я следопыт Лаос Верный Лук.	I'm the ranger, Laos Truearrow.
Conversations/Friday Night at the Inn/Group 5/D&D Dragons/dnd_dragons_1/dnd_dragons_1/18	You can count on my bow, friends!	Vous pouvez compter sur mes flèches, mes amis !	Положитесь на меткость моих стрел, друзья!	You can count on my bow, friends!
Conversations/Friday Night at the Inn/Group 5/D&D Dragons/dnd_dragons_1/dnd_dragons_1/19	...	...	...	...
Conversations/Friday Night at the Inn/Group 5/D&D Dragons/dnd_dragons_1/dnd_dragons_1/2	Do you read all the way through the guidebook, Seridia? Some of the terminology you used isn't quite correct-	Vous avez bien lu le livre des règles jusqu'au bout, Seridia ? Certains des termes que vous utilisez ne sont pas tout à fait exacts...	Ты прочитала руководство до конца, Серидия? Некоторые термины у тебя не совсем верные...	Do you read all the way through the guidebook, Seridia? Some of the terminology you used isn't quite correct-
Conversations/Friday Night at the Inn/Group 5/D&D Dragons/dnd_dragons_1/dnd_dragons_1/20	Terithia, is something the matter?	Il y a un problème, Terithia ?	Теризия, что-то не так?	Terithia, is something the matter?
Conversations/Friday Night at the Inn/Group 5/D&D Dragons/dnd_dragons_1/dnd_dragons_1/21	No! Of course not.	Non ! Bien sûr que non.	Нет! Конечно же нет!	No! Of course not.
Conversations/Friday Night at the Inn/Group 5/D&D Dragons/dnd_dragons_1/dnd_dragons_1/22	I'm... I'm Grand Princess Patepa. Sent by the king to aid you with the magic of Trell's noble line!	Je suis... Je suis la grande princesse Patepa. Envoyée par le roi pour vous aider grâce à la magie de la noble lignée de Trell !	Я... Я великая принцесса Патепа. Меня послал король, чтобы я помогла вам наследной магией трелльских дворян!	I'm... I'm Grand Princess Patepa. Sent by the king to aid you with the magic of Trell's noble line!
Conversations/Friday Night at the Inn/Group 5/D&D Dragons/dnd_dragons_1/dnd_dragons_1/23	Well said.	Bien dit.	Отлично сказано.	Well said.
Conversations/Friday Night at the Inn/Group 5/D&D Dragons/dnd_dragons_1/dnd_dragons_1/24	And you, [Ari]?	Et toi, [Ari] ?	А ты, [Ari]?	And you, [Ari]?
Conversations/Friday Night at the Inn/Group 5/D&D Dragons/dnd_dragons_1/dnd_dragons_1/24/prompts/0	I'm the wandering warrior, Nix!	Je suis Nix, le guerrier errant !	Я бродячий воин Никс!	I'm the wandering warrior, Nix!
Conversations/Friday Night at the Inn/Group 5/D&D Dragons/dnd_dragons_1/dnd_dragons_1/24/prompts/1	I'm the paladin, Nix!	Je suis Nix, le paladin !	Я паладин Никс!	I'm the paladin, Nix!
Conversations/Friday Night at the Inn/Group 5/D&D Dragons/dnd_dragons_1/dnd_dragons_1/24/prompts/2	I'm the death knight, Nix!	Je suis Nix, le chevalier de la mort !	Я рыцарь смерти Никс!	I'm the death knight, Nix!
Conversations/Friday Night at the Inn/Group 5/D&D Dragons/dnd_dragons_1/dnd_dragons_1/25	Playing true to life, eh?	Comme dans la vraie vie, alors ?	Отыгрываешь себя, значит?	Playing true to life, eh?
Conversations/Friday Night at the Inn/Group 5/D&D Dragons/dnd_dragons_1/dnd_dragons_1/26	And who is your patron deity, I wonder?	Et quelle divinité sers-tu, dis-moi ?	Интересно, кто же твой божественный покровитель?	And who is your patron deity, I wonder?
Conversations/Friday Night at the Inn/Group 5/D&D Dragons/dnd_dragons_1/dnd_dragons_1/27	How interesting! You have hidden depths, [Ari].	Comme c'est intéressant ! Tu révèles une profondeur insoupçonnée, [Ari].	Как занимательно! У тебя есть неизведанные глубины, [Ari].	How interesting! You have hidden depths, [Ari].
Conversations/Friday Night at the Inn/Group 5/D&D Dragons/dnd_dragons_1/dnd_dragons_1/28	What a most excellent party.	Quelle excellente équipe !	Какая превосходная партия.	What a most excellent party.
Conversations/Friday Night at the Inn/Group 5/D&D Dragons/dnd_dragons_1/dnd_dragons_1/29	Introductions concluded, you find yourselves in the fastest carriage the King can offer, hurtling towards the castle of the Enchanter...	Une fois les présentations faites, le roi met à votre disposition son carrosse le plus rapide et vous foncez ensemble vers le château de l'Enchanteur...	После взаимных представлений вы оказываетесь в самом скором экипаже, что дал вам король. Вы мчитесь к замку Заклинателя...	Introductions concluded, you find yourselves in the fastest carriage the King can offer, hurtling towards the castle of the Enchanter...
Conversations/Friday Night at the Inn/Group 5/D&D Dragons/dnd_dragons_1/dnd_dragons_1/3	Of course I did. I simply made improvements.	Bien sûr que je l'ai lu. J'apporte simplement quelques améliorations.	Разумеется. Я внесла свои улучшения.	Of course I did. I simply made improvements.
Conversations/Friday Night at the Inn/Group 5/D&D Dragons/dnd_dragons_1/dnd_dragons_1/30	When horse riding bandits suddenly appear, shooting flaming arrows at you.	Quand soudain, des bandits à cheval apparaissent, tirant sur vous des flèches enflammées.	Как вдруг из засады выскакивают бандиты на лошадях и обстреливают вас горящими стрелами.	When horse riding bandits suddenly appear, shooting flaming arrows at you.
Conversations/Friday Night at the Inn/Group 5/D&D Dragons/dnd_dragons_1/dnd_dragons_1/31	You had an exciting time playing Dragons and Drama.	Vous avez passé un moment palpitant à jouer à Dangers & Dragons.	Вы увлекательно провели время за игрой в «Перепалки & Драконы».	You had an exciting time playing Dragons and Drama.
Conversations/Friday Night at the Inn/Group 5/D&D Dragons/dnd_dragons_1/dnd_dragons_1/4	I... see.	Je... Je vois.	А... Понял.	I... see.
Conversations/Friday Night at the Inn/Group 5/D&D Dragons/dnd_dragons_1/dnd_dragons_1/5	It is the era of the Unknowable Obelisk. The kingdom of Trell has found itself in the thrall of a villain known as the Enchanter.	Cette ère est celle de l'Obélisque mystérieux. Le royaume de Trell se trouve sous la coupe d'un scélérat connu comme l'Enchanteur.	В Эру Непознанного обелиска королевство Трелл оказалось под пятой тирана по имени Заклинатель.	It is the era of the Unknowable Obelisk. The kingdom of Trell has found itself in the thrall of a villain known as the Enchanter.
Conversations/Friday Night at the Inn/Group 5/D&D Dragons/dnd_dragons_1/dnd_dragons_1/6	Village after village disappears in the night. In desperation, the King has called for his bravest subjects.	L'un après l'autre, les villages disparaissent dans la nuit. Le roi, désespéré, a fait appel à ses sujets les plus courageux.	Деревни пропадают в ночи одна за другой. В отчаянии король созвал своих самых верных подданных.	Village after village disappears in the night. In desperation, the King has called for his bravest subjects.
Conversations/Friday Night at the Inn/Group 5/D&D Dragons/dnd_dragons_1/dnd_dragons_1/7	Introduce yourselves, heroes.	Présentez-vous, héroïques personnages.	Представьтесь, герои.	Introduce yourselves, heroes.
Conversations/Friday Night at the Inn/Group 5/D&D Dragons/dnd_dragons_1/dnd_dragons_1/8	I am Solstice Lastward, a defender and shield to the people of Trell!	Je suis Solstice Ultimbastion, défenseur et protecteur du peuple de Trell !	Я Солнцеворот Верный Щит, защита и опора народа Трелла.	I am Solstice Lastward, a defender and shield to the people of Trell!
Conversations/Friday Night at the Inn/Group 5/D&D Dragons/dnd_dragons_1/dnd_dragons_1/9	"Eiland says I'm the ""tank""?"	D'après Eiland, je suis le « tank » ?	Эйланд говорит, вроде я «танк»?	"Eiland says I'm the ""tank""?"
Conversations/Friday Night at the Inn/Group 5/D&D Dragons/dnd_dragons_1/dnd_dragons_1/init	Welcome adventurers, to a new season of Dragons and Drama.	Bienvenue, aventuriers, dans une nouvelle saison de Dangers & Dragons.	Добро пожаловать, мои приключенцы, в новый сезон «Перепалок & Драконов».	Welcome adventurers, to a new season of Dragons and Drama.
Conversations/Friday Night at the Inn/Group 5/D&D Dragons/dnd_dragons_2/dnd_dragons_2/1	The drawbridge and gate are down, and all you can see inside is a thick mist...	Le pont-levis et la grille sont fermés, et un brouillard épais vous empêche de distinguer ce qu'il y a à l'intérieur...	Мост опущен, а ворота распахнуты. Но внутри вы видите лишь густой туман...	The drawbridge and gate are down, and all you can see inside is a thick mist...
Conversations/Friday Night at the Inn/Group 5/D&D Dragons/dnd_dragons_2/dnd_dragons_2/10	Wait a moment, Solstice. Let me roll a perception check-	Attends un instant, Solstice. Laisse-moi faire un lancer de Perception...	Погоди, Солнцеворот. Давай я сделаю бросок внимательности...	Wait a moment, Solstice. Let me roll a perception check-
Conversations/Friday Night at the Inn/Group 5/D&D Dragons/dnd_dragons_2/dnd_dragons_2/11	"I use my ""Impenetrable Defense"" ability and charge into the castle's courtyard!"	Je vais utiliser ma Défense impénétrable et foncer dans la cour du château !	Я использую свою способность Непробиваемая защита и вбегаю во двор замка!	"I use my ""Impenetrable Defense"" ability and charge into the castle's courtyard!"
Conversations/Friday Night at the Inn/Group 5/D&D Dragons/dnd_dragons_2/dnd_dragons_2/12	Nevermind.	Tant pis.	Опоздал.	Nevermind.
Conversations/Friday Night at the Inn/Group 5/D&D Dragons/dnd_dragons_2/dnd_dragons_2/13	My!	Ça alors !	Ничего себе!	My!
Conversations/Friday Night at the Inn/Group 5/D&D Dragons/dnd_dragons_2/dnd_dragons_2/14	The Enchanter's elaborately laid spell wards all go off at once, obscuring Solstice in a cloud of multicolor magic.	Les sorts de protection disposés par l'Enchanteur se déclenchent tous en même temps et un nuage magique multicolore aveugle Solstice.	Тщательно расставленные ловушки Залинателя одновременно срабатывают на Солнцеворота, скрывая его в облаке разноцветных заклинаний.	The Enchanter's elaborately laid spell wards all go off at once, obscuring Solstice in a cloud of multicolor magic.
Conversations/Friday Night at the Inn/Group 5/D&D Dragons/dnd_dragons_2/dnd_dragons_2/15	He only has time for a brief, agonized scream before he turns to stone.	Il a juste le temps de pousser un cri déchirant avant d'être changé en pierre.	Он едва успевает издать мучительный крик и превращается в камень.	He only has time for a brief, agonized scream before he turns to stone.
Conversations/Friday Night at the Inn/Group 5/D&D Dragons/dnd_dragons_2/dnd_dragons_2/16	What!	Quoi ?!	Что?!	What!
Conversations/Friday Night at the Inn/Group 5/D&D Dragons/dnd_dragons_2/dnd_dragons_2/17	Drawn by the noise, monsters pour into the courtyard.	Attirés par le bruit, les monstres déferlent dans la cour.	Привлечённые шумом, во двор сбегаются монстры.	Drawn by the noise, monsters pour into the courtyard.
Conversations/Friday Night at the Inn/Group 5/D&D Dragons/dnd_dragons_2/dnd_dragons_2/18	May I uh, get a do over?	Je peux, euh, revenir sur mon choix ?	Можно мне, эмм, переиграть?	May I uh, get a do over?
Conversations/Friday Night at the Inn/Group 5/D&D Dragons/dnd_dragons_2/dnd_dragons_2/19	You may not.	Eh non.	Нет, нельзя.	You may not.
Conversations/Friday Night at the Inn/Group 5/D&D Dragons/dnd_dragons_2/dnd_dragons_2/2	Let us be on our guard. I'm sure the Enchanter has all sorts of diabolical magical traps in store for us.	Soyons sur nos gardes. Je suis certain que l'Enchanteur nous a tendu toutes sortes de pièges magiques diaboliquement efficaces.	Будем настороже. Наверняка Заклинатель приготовил для нас дьявольски хитрые магические ловушки.	Let us be on our guard. I'm sure the Enchanter has all sorts of diabolical magical traps in store for us.
Conversations/Friday Night at the Inn/Group 5/D&D Dragons/dnd_dragons_2/dnd_dragons_2/20	You had a thrilling time playing Dragons and Drama.	Vous avez passé un moment passionnant à jouer à Dangers & Dragons.	Вы потрясающе провели время за игрой в «Перепалки & Драконы».	You had a thrilling time playing Dragons and Drama.
Conversations/Friday Night at the Inn/Group 5/D&D Dragons/dnd_dragons_2/dnd_dragons_2/3	I'll cast Trell's Intuition, it'll give us a buff to our Insight rolls.	Je vais lancer la Perspicacité de Trell, ça améliorera nos lancers d'Intuition.	Я накладываю Чутьё Трелла, чтобы дать нам бонус к броскам проницательности.	I'll cast Trell's Intuition, it'll give us a buff to our Insight rolls.
Conversations/Friday Night at the Inn/Group 5/D&D Dragons/dnd_dragons_2/dnd_dragons_2/4	Smart thinking, Princess! I'll need a few minutes to cast a spell to summon a rock golem.	Voilà qui est intelligent, Princesse ! Il va me falloir quelques minutes pour lancer un sort invoquant un golem de pierre.	Умно придумано, принцесса! Мне нужно несколько минут, чтобы призвать каменного голема.	Smart thinking, Princess! I'll need a few minutes to cast a spell to summon a rock golem.
Conversations/Friday Night at the Inn/Group 5/D&D Dragons/dnd_dragons_2/dnd_dragons_2/5	He can like, scout ahead for us? Also he's way cute.	Il pourrait... partir en éclaireur pour nous ? En plus, il est très mignon.	Он может, наверное... пойти разведать? А ещё он милашка.	He can like, scout ahead for us? Also he's way cute.
Conversations/Friday Night at the Inn/Group 5/D&D Dragons/dnd_dragons_2/dnd_dragons_2/6	A sound plan, Wizard Shale!	Voilà un plan avisé, magicien Shale !	Разумный план, волшебник Сланец.	A sound plan, Wizard Shale!
Conversations/Friday Night at the Inn/Group 5/D&D Dragons/dnd_dragons_2/dnd_dragons_2/7	Now I'll need a few moments to cast buffs on our frontliners Solstice and Nix-	Bon, j'ai besoin d'un peu de temps pour lancer un sort octroyant des bonus à Solstice et Nix, qui sont en première ligne...	Наш авангард — Солнцеворот и Никс. Мне нужно немного времени, чтобы их зачаровать...	Now I'll need a few moments to cast buffs on our frontliners Solstice and Nix-
Conversations/Friday Night at the Inn/Group 5/D&D Dragons/dnd_dragons_2/dnd_dragons_2/8	On the other hand...	D'un autre côté...	С другой стороны...	On the other hand...
Conversations/Friday Night at the Inn/Group 5/D&D Dragons/dnd_dragons_2/dnd_dragons_2/9	Maybe all this preparation is playing right into the Enchanter's hands!	Peut-être que tous ces préparatifs font justement le jeu de l'Enchanteur !	Может, все эти приготовления играют на руку Заклинателю!	Maybe all this preparation is playing right into the Enchanter's hands!
Conversations/Friday Night at the Inn/Group 5/D&D Dragons/dnd_dragons_2/dnd_dragons_2/init	After last week's rousing session of bandit bullying, you have at last come to the castle of the Enchanter.	Après la session palpitante de la semaine dernière et l'assaut des bandits, vous êtes enfin arrivés au château de l'Enchanteur.	На прошлой неделе вы бойко распугали бандитов, а теперь наконец достигли замка Заклинателя.	After last week's rousing session of bandit bullying, you have at last come to the castle of the Enchanter.
Conversations/Friday Night at the Inn/Group 5/D&D Dragons/dnd_dragons_3/dnd_dragons_3/1	Despite Caldarus' frankly bewildering attempt to wipe your party, you managed to survive the monster's ambush.	Malgré la tentative franchement déconcertante de Caldarus d'éradiquer votre équipe, vous avez réussi à survivre à l'embuscade des monstres.	Несмотря на откровенно поразительную попытку Кальдаруса уничтожить вашу партию, вам удалось пережить засаду монстров.	Despite Caldarus' frankly bewildering attempt to wipe your party, you managed to survive the monster's ambush.
Conversations/Friday Night at the Inn/Group 5/D&D Dragons/dnd_dragons_3/dnd_dragons_3/10	Ah. Are you sure of these... tactics?	Ah. Vous êtes sûrs de votre... stratégie ?	Ай... Вы точно уверены в вашей... тактике?	Ah. Are you sure of these... tactics?
Conversations/Friday Night at the Inn/Group 5/D&D Dragons/dnd_dragons_3/dnd_dragons_3/11	I cast Fire of the Righteous on Solstice, which does pulsing 1d6 damage until the target is destroyed!	Je lance Feu des justes sur Solstice, qui lui permet d'infliger 1d6 dégâts pulsatiles jusqu'à la destruction de la cible !	Я накладываю на Солнцеворота Праведный огонь. Он добавляет 1d6 пульсирующего урона, пока цель не уничтожена!	I cast Fire of the Righteous on Solstice, which does pulsing 1d6 damage until the target is destroyed!
Conversations/Friday Night at the Inn/Group 5/D&D Dragons/dnd_dragons_3/dnd_dragons_3/12	I cast Landslide to shove Solstice into the great hall of the castle!	Je lance Glissement de terrain pour pousser Solstice jusqu'à la grande salle du château !	Я накладываю Обвал и толкаю Солнцеворота в главный зал замка!	I cast Landslide to shove Solstice into the great hall of the castle!
Conversations/Friday Night at the Inn/Group 5/D&D Dragons/dnd_dragons_3/dnd_dragons_3/13	I... heroically brace myself!	Je... me prépare avec héroïsme !	Я... Героически настраиваюсь!	I... heroically brace myself!
Conversations/Friday Night at the Inn/Group 5/D&D Dragons/dnd_dragons_3/dnd_dragons_3/14	...	...	...	...
Conversations/Friday Night at the Inn/Group 5/D&D Dragons/dnd_dragons_3/dnd_dragons_3/15	Fine.	Très bien.	Ладно.	Fine.
Conversations/Friday Night at the Inn/Group 5/D&D Dragons/dnd_dragons_3/dnd_dragons_3/16	Your party sets off another set of elaborate magical traps, and yet another horde of monsters comes rushing in.	Votre équipe déclenche une autre série de pièges magiques sophistiqués et une nouvelle horde de monstres se précipite sur vous.	Ваша партия снова запускает череду хитроумных волшебных ловушек, и на вас снова выбегает толпа монстров.	Your party sets off another set of elaborate magical traps, and yet another horde of monsters comes rushing in.
Conversations/Friday Night at the Inn/Group 5/D&D Dragons/dnd_dragons_3/dnd_dragons_3/17	I use my action skill Arrow Rain on them!	J'utilise ma compétence Pluie de flèche sur eux !	Я использую своё боевое умение Дождь из стрел!	I use my action skill Arrow Rain on them!
Conversations/Friday Night at the Inn/Group 5/D&D Dragons/dnd_dragons_3/dnd_dragons_3/17/prompts/0	I'll mop up the monsters that are left!	J'élimine tous les monstres restants !	Я добью оставшихся монстров!	I'll mop up the monsters that are left!
Conversations/Friday Night at the Inn/Group 5/D&D Dragons/dnd_dragons_3/dnd_dragons_3/17/prompts/1	I'll guard the exit!	Je protège la sortie !	Я буду сторожить выход!	I'll guard the exit!
Conversations/Friday Night at the Inn/Group 5/D&D Dragons/dnd_dragons_3/dnd_dragons_3/18	Smart move, Nix!	Bien joué, Nix !	Отличный ход, Никс!	Smart move, Nix!
Conversations/Friday Night at the Inn/Group 5/D&D Dragons/dnd_dragons_3/dnd_dragons_3/19	Good thinking, Nix!	Bien vu, Nix !	Хорошая мысль, Никс!	Good thinking, Nix!
Conversations/Friday Night at the Inn/Group 5/D&D Dragons/dnd_dragons_3/dnd_dragons_3/2	However, you are all injured, and Solstice remains a statue.	Néanmoins, tout le monde est blessé et Solstice reste statufié.	Однако вы все ранены, а Солнцеворот всё ещё статуя.	However, you are all injured, and Solstice remains a statue.
Conversations/Friday Night at the Inn/Group 5/D&D Dragons/dnd_dragons_3/dnd_dragons_3/20	Let me do a few rolls to determine the outcome.	Laissez-moi faire quelques lancers pour déterminer l'issue.	Давайте я сделаю несколько бросков и определю результат.	Let me do a few rolls to determine the outcome.
Conversations/Friday Night at the Inn/Group 5/D&D Dragons/dnd_dragons_3/dnd_dragons_3/21	You have defeated the monsters.	Vous avez battu les monstres.	Вы победили монстров.	You have defeated the monsters.
Conversations/Friday Night at the Inn/Group 5/D&D Dragons/dnd_dragons_3/dnd_dragons_3/22	Everyone levels up.	Tout le monde passe au niveau supérieur.	Все получают уровень.	Everyone levels up.
Conversations/Friday Night at the Inn/Group 5/D&D Dragons/dnd_dragons_3/dnd_dragons_3/23	Whooooooa! Cool!	Wouhouuuu ! Génial !	Ураааа! Круто!	Whooooooa! Cool!
Conversations/Friday Night at the Inn/Group 5/D&D Dragons/dnd_dragons_3/dnd_dragons_3/24	You had a game-breaking time playing Dragons and Drama.	Vous avez passé un moment stratégiquement improbable à Dangers & Dragons.	Вы провели время, ломая игру в «Перепалки & Драконы».	You had a game-breaking time playing Dragons and Drama.
Conversations/Friday Night at the Inn/Group 5/D&D Dragons/dnd_dragons_3/dnd_dragons_3/3	My apologies, everyone.	Je vous présente mes excuses à tous.	Извините меня, ребята.	My apologies, everyone.
Conversations/Friday Night at the Inn/Group 5/D&D Dragons/dnd_dragons_3/dnd_dragons_3/4	Now, as a rule-abiding DM, I cannot simply allow you roll a new character Caldarus-	Bien, comme je suis une Maîtresse de jeu qui suit les règles, je ne peux pas t'autoriser à relancer pour changer de personnage, Caldarus...	Поскольку я как ГМ уважаю правила, я не могу просто так выдать Кальдарусу нового персонажа...	Now, as a rule-abiding DM, I cannot simply allow you roll a new character Caldarus-
Conversations/Friday Night at the Inn/Group 5/D&D Dragons/dnd_dragons_3/dnd_dragons_3/5	Wait...	Minute...	Погоди...	Wait...
Conversations/Friday Night at the Inn/Group 5/D&D Dragons/dnd_dragons_3/dnd_dragons_3/6	So like, if Solstice is made of stone... does that mean most of my earth magic spells will work on him?	Donc, si Solstice est en pierre... ça veut dire que l'essentiel de mes sorts de terre fonctionneront sur lui, non ?	То есть Солнцеворот сейчас сделан из камня... Значит, почти вся моя магия земли на него работает, верно?	So like, if Solstice is made of stone... does that mean most of my earth magic spells will work on him?
Conversations/Friday Night at the Inn/Group 5/D&D Dragons/dnd_dragons_3/dnd_dragons_3/7	Olric, that's brilliant!	Olric, c'est génial !	Ольрик, это гениально!	Olric, that's brilliant!
Conversations/Friday Night at the Inn/Group 5/D&D Dragons/dnd_dragons_3/dnd_dragons_3/8	Let's all buff up Solstice's statue as much as we can, and have Olric throw him into the next room!	Augmentons au max les stats de la statue de Solstice et demandons à Olric de le jeter dans la pièce d'à côté !	Давайте зачаруем статую Солнцеворота всем, что у нас есть. И пускай Ольрик забросит его в следующую комнату!	Let's all buff up Solstice's statue as much as we can, and have Olric throw him into the next room!
Conversations/Friday Night at the Inn/Group 5/D&D Dragons/dnd_dragons_3/dnd_dragons_3/9	I cast Might of Trell on his statue, doubling his stats until the target takes an action!	Je lance Puissance de Trell sur sa statue, ce qui double ses stats jusqu'à la prochaine action de la cible !	Я накладываю на статую Мощь Трелла. Его характеристики удваиваются, пока цель не совершит действие.	I cast Might of Trell on his statue, doubling his stats until the target takes an action!
Conversations/Friday Night at the Inn/Group 5/D&D Dragons/dnd_dragons_3/dnd_dragons_3/init	Welcome back, adventurers.	Contente de vous revoir, aventuriers.	Рада видеть вас снова, приключенцы.	Welcome back, adventurers.
Conversations/Friday Night at the Inn/Group 5/D&D Dragons/dnd_dragons_4/dnd_dragons_4/1	Your party's unorthodox strategy has undone the Enchanter's many magical spells and monsters at a blistering pace.	La stratégie peu orthodoxe de votre équipe a permis de déjouer de nombreux sorts de l'Enchanteur et de vaincre les monstres à la vitesse de l'éclair.	С помощью нетрадиционной стратегии ваша партия стремительно одолела многие заклятья и монстров, что послал Заклинатель.	Your party's unorthodox strategy has undone the Enchanter's many magical spells and monsters at a blistering pace.
Conversations/Friday Night at the Inn/Group 5/D&D Dragons/dnd_dragons_4/dnd_dragons_4/10	If you give him the statue of Solstice Trueward, he will swear an oath in blood to forsake his evil ways.	Si vous lui remettez la statue de Solstice Ultimbastion, il scellera un pacte de sang par lequel il renoncera à faire le mal.	Если вы отдадите статую Солнцеворота Верного Щита, он готов поклясться на крови, что отринет путь зла.	If you give him the statue of Solstice Trueward, he will swear an oath in blood to forsake his evil ways.
Conversations/Friday Night at the Inn/Group 5/D&D Dragons/dnd_dragons_4/dnd_dragons_4/11	After all that Solstice has done for Trell? Never!	Après tout ce que Solstice a fait pour Trell ? Jamais !	После всего, что Солнцеворот сделал для Трелла? Ни за что!	After all that Solstice has done for Trell? Never!
Conversations/Friday Night at the Inn/Group 5/D&D Dragons/dnd_dragons_4/dnd_dragons_4/12	The Enchanter warns you that behind his magical shield, he can still ruin the land.	L'Enchanteur vous avertit que même derrière son bouclier magique, il peut encore ravager le pays.	Заклинатель предупреждает вас, что магический щит не мешает ему сеять разрушения в королевстве.	The Enchanter warns you that behind his magical shield, he can still ruin the land.
Conversations/Friday Night at the Inn/Group 5/D&D Dragons/dnd_dragons_4/dnd_dragons_4/13	Looks like we're in our tightest pinch yet...	Cette situation est la plus délicate que nous ayons eue à gérer...	Кажется, мы в исключительно трудной ситуации...	Looks like we're in our tightest pinch yet...
Conversations/Friday Night at the Inn/Group 5/D&D Dragons/dnd_dragons_4/dnd_dragons_4/14	I sense that Solstice wants to say something...	Je sens que Solstice aimerait s'exprimer...	Я чувствую, что Солнцеворот хочет высказаться...	I sense that Solstice wants to say something...
Conversations/Friday Night at the Inn/Group 5/D&D Dragons/dnd_dragons_4/dnd_dragons_4/15	Cause Cal keeps nudging me with his elbow.	Parce que Caldarus n'arrête pas de me filer des coups de coude.	Потому что Кальд меня подталкивает локтём.	Cause Cal keeps nudging me with his elbow.
Conversations/Friday Night at the Inn/Group 5/D&D Dragons/dnd_dragons_4/dnd_dragons_4/16	I cast Stone Speak!	Je lance Parole de pierre !	Я накладываю Разговор с камнями!	I cast Stone Speak!
Conversations/Friday Night at the Inn/Group 5/D&D Dragons/dnd_dragons_4/dnd_dragons_4/17	Comrades... no- friends.	Mes camarades... Que dis-je, mes amis.	Товарищи... нет, друзья мои!	Comrades... no- friends.
Conversations/Friday Night at the Inn/Group 5/D&D Dragons/dnd_dragons_4/dnd_dragons_4/18	Listen well.	Écoutez-moi bien.	Слушайте внимательно.	Listen well.
Conversations/Friday Night at the Inn/Group 5/D&D Dragons/dnd_dragons_4/dnd_dragons_4/19	If I must sacrifice myself to preserve the fair land of Trell, I will gladly do so.	Si je dois me sacrifier pour protéger la belle contrée de Trell, je le ferai avec plaisir.	Если я должен пожертвовать собой, чтобы спасти прекрасную страну Трелл, я пойду на это с радостью.	If I must sacrifice myself to preserve the fair land of Trell, I will gladly do so.
Conversations/Friday Night at the Inn/Group 5/D&D Dragons/dnd_dragons_4/dnd_dragons_4/2	All of which, may I add, took your DM considerable time to devise. All wasted.	Ceux-là mêmes que votre Maîtresse de jeu avait mis un temps considérable à élaborer, si je puis me permettre. Tout ça pour rien.	Во что, смею добавить, ваш ГМ вложил немало усилий. И всё насмарку.	All of which, may I add, took your DM considerable time to devise. All wasted.
Conversations/Friday Night at the Inn/Group 5/D&D Dragons/dnd_dragons_4/dnd_dragons_4/20	We all came here knowing that we needed to do whatever was necessary to save our kingdom!	Nous sommes tous venus ici en sachant qu'il nous faudrait tout faire pour sauver notre royaume, quel qu'en soit le prix !	Когда мы пришли сюда, каждый из нас знал, что ради нашего королевства мы готовы пойти на всё!	We all came here knowing that we needed to do whatever was necessary to save our kingdom!
Conversations/Friday Night at the Inn/Group 5/D&D Dragons/dnd_dragons_4/dnd_dragons_4/21	Solstice!	Solstice !	Солнцеворот!	Solstice!
Conversations/Friday Night at the Inn/Group 5/D&D Dragons/dnd_dragons_4/dnd_dragons_4/22	A true hero!	Un véritable héros !	Вот настоящий герой!	A true hero!
Conversations/Friday Night at the Inn/Group 5/D&D Dragons/dnd_dragons_4/dnd_dragons_4/23	...	...	...	...
Conversations/Friday Night at the Inn/Group 5/D&D Dragons/dnd_dragons_4/dnd_dragons_4/24	And so, although it pains me, there is one clear path forward for us...	Par conséquent, même si cela m'est douloureux, le chemin à suivre est clair pour nous tous...	Потому, хоть меня это и печалит, у нас есть лишь один путь...	And so, although it pains me, there is one clear path forward for us...
Conversations/Friday Night at the Inn/Group 5/D&D Dragons/dnd_dragons_4/dnd_dragons_4/25	Charge my statue with as much magic as it can take and then have Shale fling me at the Enchanter!	Imprégnez ma statue de toute la magie qu'elle peut supporter et que Shale me projette ensuite sur l'Enchanteur !	Зарядите мою статую всей вашей магией и пускай Сланец бросает меня в Заклинателя!	Charge my statue with as much magic as it can take and then have Shale fling me at the Enchanter!
Conversations/Friday Night at the Inn/Group 5/D&D Dragons/dnd_dragons_4/dnd_dragons_4/26	Let my explosion bury this foul fiend beneath the rubble of his ill gotten castle forevermore!	Que mon explosion enterre à jamais ce maudit démon sous les ruines de son château mal acquis !	Пусть мой взрыв навсегда погребёт это исчадье зла в руинах его нечестивого замка!	Let my explosion bury this foul fiend beneath the rubble of his ill gotten castle forevermore!
Conversations/Friday Night at the Inn/Group 5/D&D Dragons/dnd_dragons_4/dnd_dragons_4/27	You heard him, all together now!	Vous l'avez entendu, tous ensemble !	Слыхали? Ну-ка, все вместе!	You heard him, all together now!
Conversations/Friday Night at the Inn/Group 5/D&D Dragons/dnd_dragons_4/dnd_dragons_4/28	Go with the hopes and dreams of all of Trell, brave Solstice!	Emporte avec toi les espoirs et les rêves de tous les habitants de Trell, brave Solstice !	С тобой надежды и мечты всего Трелла, храбрый Солнцеворот!	Go with the hopes and dreams of all of Trell, brave Solstice!
Conversations/Friday Night at the Inn/Group 5/D&D Dragons/dnd_dragons_4/dnd_dragons_4/28/prompts/0	You'll be remembered forever!	Ton souvenir vivra à jamais !	Мы будем помнить тебя вечно!	You'll be remembered forever!
Conversations/Friday Night at the Inn/Group 5/D&D Dragons/dnd_dragons_4/dnd_dragons_4/28/prompts/1	We're all behind you!	Nous sommes tous derrière toi !	Мы все верим в тебя!	We're all behind you!
Conversations/Friday Night at the Inn/Group 5/D&D Dragons/dnd_dragons_4/dnd_dragons_4/28/prompts/2	Why does all of this seem so... familiar...	Pourquoi tout ceci me semble-t-il si... familier ?	Почему это выглядит так... знакомо...	Why does all of this seem so... familiar...
Conversations/Friday Night at the Inn/Group 5/D&D Dragons/dnd_dragons_4/dnd_dragons_4/29	Thank you...	Merci...	Спасибо...	Thank you...
Conversations/Friday Night at the Inn/Group 5/D&D Dragons/dnd_dragons_4/dnd_dragons_4/3	Gosh, I'm sorry Seridia.	Oh là là, je suis désolée, Seridia.	Ну и ну, прости, Серидия.	Gosh, I'm sorry Seridia.
Conversations/Friday Night at the Inn/Group 5/D&D Dragons/dnd_dragons_4/dnd_dragons_4/30	Your belief is what strengthens me!	C'est votre confiance qui me donne ma force !	Ваша вера придаёт мне сил!	Your belief is what strengthens me!
Conversations/Friday Night at the Inn/Group 5/D&D Dragons/dnd_dragons_4/dnd_dragons_4/31	And here I thought it was just me.	Je ne suis donc pas la seule à avoir cette impression.	А я уж думала, что только я это вижу.	And here I thought it was just me.
Conversations/Friday Night at the Inn/Group 5/D&D Dragons/dnd_dragons_4/dnd_dragons_4/32	LAAAAAAAAAAANDSLIIIIIIIDE!	GLIIISSEMEEENT DE TERRAIIIN !	ОБВААААААААААААЛ!	LAAAAAAAAAAANDSLIIIIIIIDE!
Conversations/Friday Night at the Inn/Group 5/D&D Dragons/dnd_dragons_4/dnd_dragons_4/33	...	...	...	...
Conversations/Friday Night at the Inn/Group 5/D&D Dragons/dnd_dragons_4/dnd_dragons_4/34	I rolled a 20!	J'ai sorti un 20 !	Я выкинул 20!	I rolled a 20!
Conversations/Friday Night at the Inn/Group 5/D&D Dragons/dnd_dragons_4/dnd_dragons_4/35	Oh, very well.	Oh, très bien.	Что ж, ладно.	Oh, very well.
Conversations/Friday Night at the Inn/Group 5/D&D Dragons/dnd_dragons_4/dnd_dragons_4/36	The Enchanter only has time for a single look of surprise before a torrent of fast moving rock buries him.	L'Enchanteur a tout juste le temps de lancer un regard surpris avant d'être enterré sous une coulée de roches.	Заклинатель успевает лишь бросить на вас удивлённый взгляд. Затем его сметает поток несущихся камней.	The Enchanter only has time for a single look of surprise before a torrent of fast moving rock buries him.
Conversations/Friday Night at the Inn/Group 5/D&D Dragons/dnd_dragons_4/dnd_dragons_4/37	The castle immediately begins to shake.	Le château se met aussitôt à trembler.	В ту же секунду замок содрогается.	The castle immediately begins to shake.
Conversations/Friday Night at the Inn/Group 5/D&D Dragons/dnd_dragons_4/dnd_dragons_4/38	I cast Home Again on all of us, just before the castle collapses!	Je lance Retour à la maison sur nous tous, juste avant que le château s'écroule !	Я накладываю на нас всех Путь домой, пока замок не рухнул!	I cast Home Again on all of us, just before the castle collapses!
Conversations/Friday Night at the Inn/Group 5/D&D Dragons/dnd_dragons_4/dnd_dragons_4/39	Farewell my comrades... Until we meet again.	Au revoir, camarades... Nous nous reverrons.	Прощайте, товарищи... До новых встреч.	Farewell my comrades... Until we meet again.
Conversations/Friday Night at the Inn/Group 5/D&D Dragons/dnd_dragons_4/dnd_dragons_4/4	Fear not. I have had ample time to think of a new strategy for this week's session.	N'ayez crainte. J'ai eu largement le temps de réfléchir à une nouvelle stratégie pour la session de cette semaine.	Не бойтесь. У меня было достаточно времени, чтобы подготовить к сегодняшней встрече новую стратегию.	Fear not. I have had ample time to think of a new strategy for this week's session.
Conversations/Friday Night at the Inn/Group 5/D&D Dragons/dnd_dragons_4/dnd_dragons_4/40	We did it!	On a réussi !	Мы справились!	We did it!
Conversations/Friday Night at the Inn/Group 5/D&D Dragons/dnd_dragons_4/dnd_dragons_4/41	What an adventure!	Quelle aventure !	Вот это приключение!	What an adventure!
Conversations/Friday Night at the Inn/Group 5/D&D Dragons/dnd_dragons_4/dnd_dragons_4/42	Now, let's put up a statue of Solstice. I think it's what he would have wanted.	Élevons maintenant une statue à Solstice. Je crois que c'est ce qu'il aurait voulu.	А теперь давайте поставим статую в честь Солнцеворота. Думаю, он бы обрадовался.	Now, let's put up a statue of Solstice. I think it's what he would have wanted.
Conversations/Friday Night at the Inn/Group 5/D&D Dragons/dnd_dragons_4/dnd_dragons_4/5	I suppose it wouldn't be much fun without some actual challenges, huh?	Je suppose que ce ne serait pas très amusant sans un peu de défi, hein ?	Что ж, без настоящих трудностей и играть было бы не так весело!	I suppose it wouldn't be much fun without some actual challenges, huh?
Conversations/Friday Night at the Inn/Group 5/D&D Dragons/dnd_dragons_4/dnd_dragons_4/6	Quite so. Having plumbed the darkest depths of the Enchanter's Castle, you have finally come upon the Enchanter himself.	Absolument. Après avoir sondé les profondeurs les plus sombres du château, vous finissez par rejoindre l'Enchanteur lui-même.	Именно. Пробившись сквозь тёмные коридоры замка Заклинателя, вы наконец сталкиваетесь с ним лицом к лицу.	Quite so. Having plumbed the darkest depths of the Enchanter's Castle, you have finally come upon the Enchanter himself.
Conversations/Friday Night at the Inn/Group 5/D&D Dragons/dnd_dragons_4/dnd_dragons_4/7	He stands within an impenetrable shield of magic. No lucky roll could possibly break it.	Il est protégé de tous côtés par un bouclier magique impénétrable. Aucun lancer ne peut le briser.	Он стоит в непроницаемом магическом щите. Никакой удачный бросок не может его сломить.	He stands within an impenetrable shield of magic. No lucky roll could possibly break it.
Conversations/Friday Night at the Inn/Group 5/D&D Dragons/dnd_dragons_4/dnd_dragons_4/8	What about if-	Et si on...	А что, если мы...	What about if-
Conversations/Friday Night at the Inn/Group 5/D&D Dragons/dnd_dragons_4/dnd_dragons_4/9	Ahem! He offers you simple terms...	Hum ! Il vous propose un marché très simple...	Кхм! Он предлагает вам договориться...	Ahem! He offers you simple terms...
Conversations/Friday Night at the Inn/Group 5/D&D Dragons/dnd_dragons_4/dnd_dragons_4/init	Seridia, could we get a summary of everything that happened last week? It's kind of a blur.	Seridia, pourrait-on avoir un résumé des événements de la semaine dernière ? C'est un peu flou.	Серидия, можешь кратко напомнить, что случилось на прошлой неделе? У меня всё смешалось.	Seridia, could we get a summary of everything that happened last week? It's kind of a blur.
Conversations/Friday Night at the Inn/Group 5/Kid Cuisine/kid_cuisine_1/kid_cuisine_1/1	We will be enjoying some delectably scrumptious meals made by Mistria's very own rising culinary stars... the Dragonguard!	Nous allons nous régaler de succulents repas préparés par les étoiles montantes de la gastronomie de Mistria... La Garde des dragons !	Сегодня нас ждут восхитительно аппетитные блюда от восходящих кулинарных звёзд Мистрии... Драконьей стражи!	We will be enjoying some delectably scrumptious meals made by Mistria's very own rising culinary stars... the Dragonguard!
Conversations/Friday Night at the Inn/Group 5/Kid Cuisine/kid_cuisine_1/kid_cuisine_1/10	Try it, try it!	Goûtez, goûtez !	Попробуй, попробуй!	Try it, try it!
Conversations/Friday Night at the Inn/Group 5/Kid Cuisine/kid_cuisine_1/kid_cuisine_1/11	Hmm...	Hmm...	Хм...	Hmm...
Conversations/Friday Night at the Inn/Group 5/Kid Cuisine/kid_cuisine_1/kid_cuisine_1/12	Oho, mine is $Peanut Butter and Jelly... Beans$!	Ho ho, le mien est au $beurre de cacahouète et aux... bonbons$ !	Ого, а у меня $Арахисовая паста и желе... йные бобы$!	Oho, mine is $Peanut Butter and Jelly... Beans$!
Conversations/Friday Night at the Inn/Group 5/Kid Cuisine/kid_cuisine_1/kid_cuisine_1/13	Ooh, I got $Peanut Butter and Chocolate Chips$!	Ooh, moi j'ai eu $beurre de cacahouète et pépites de chocolat$ !	О-о, а мне достались $Арахисовая паста и шоколадная крошка$!	Ooh, I got $Peanut Butter and Chocolate Chips$!
Conversations/Friday Night at the Inn/Group 5/Kid Cuisine/kid_cuisine_1/kid_cuisine_1/14	Well isn't this fun! Great work, Dragonguard.	C'est amusant ! Beau travail, Garde des dragons.	Вот это веселье! Отличная работа, драконья стража!	Well isn't this fun! Great work, Dragonguard.
Conversations/Friday Night at the Inn/Group 5/Kid Cuisine/kid_cuisine_1/kid_cuisine_1/15	How about you, [Ari]? What flavor did you get?	Et toi, [Ari] ? Tu as eu quel parfum ?	А что досталось тебе, [Ari]?	How about you, [Ari]? What flavor did you get?
Conversations/Friday Night at the Inn/Group 5/Kid Cuisine/kid_cuisine_1/kid_cuisine_1/15/prompts/0	Peanut Butter and Marshmallow, yum!	Beurre de cacahouète et guimauve, miam !	Арахисовая паста и маршмеллоу, вкуснятина!	Peanut Butter and Marshmallow, yum!
Conversations/Friday Night at the Inn/Group 5/Kid Cuisine/kid_cuisine_1/kid_cuisine_1/15/prompts/1	Peanut Butter, Jalapeno and Tuna...	Beurre de cacahouète, piment et thon...	Арахисовая паста, халапеньо и тунец...	Peanut Butter, Jalapeno and Tuna...
Conversations/Friday Night at the Inn/Group 5/Kid Cuisine/kid_cuisine_1/kid_cuisine_1/16	That's a good one!	Il est bon, celui-là !	А это классное сочетание!	That's a good one!
Conversations/Friday Night at the Inn/Group 5/Kid Cuisine/kid_cuisine_1/kid_cuisine_1/17	What?	Quoi ?	Что?	What?
Conversations/Friday Night at the Inn/Group 5/Kid Cuisine/kid_cuisine_1/kid_cuisine_1/18	How... how is it?	C'est... C'est comment ?	Ну... ну как оно?	How... how is it?
Conversations/Friday Night at the Inn/Group 5/Kid Cuisine/kid_cuisine_1/kid_cuisine_1/2	Wow!	Waouh !	Ух ты!	Wow!
Conversations/Friday Night at the Inn/Group 5/Kid Cuisine/kid_cuisine_1/kid_cuisine_1/3	Hear, hear!	Bravo, bravo !	Браво, браво!	Hear, hear!
Conversations/Friday Night at the Inn/Group 5/Kid Cuisine/kid_cuisine_1/kid_cuisine_1/4	You'll join us and have some too, won't you [Ari]?	Tu te joins à nous et tu manges aussi, hein, [Ari] ?	Ты же тоже присоединишься, да, [Ari]?	You'll join us and have some too, won't you [Ari]?
Conversations/Friday Night at the Inn/Group 5/Kid Cuisine/kid_cuisine_1/kid_cuisine_1/4/prompts/0	Of course! Thanks, Luc!	Bien sûr ! Merci, Luc !	Конечно! Спасибо, Люк!	Of course! Thanks, Luc!
Conversations/Friday Night at the Inn/Group 5/Kid Cuisine/kid_cuisine_1/kid_cuisine_1/4/prompts/1	Well, maybe just a nibble...	Bon, juste une bouchée, alors...	Ну если только кусочек...	Well, maybe just a nibble...
Conversations/Friday Night at the Inn/Group 5/Kid Cuisine/kid_cuisine_1/kid_cuisine_1/5	You're very welcome!	Mais de rien !	Незачто!	You're very welcome!
Conversations/Friday Night at the Inn/Group 5/Kid Cuisine/kid_cuisine_1/kid_cuisine_1/6	You won't keep it to just a nibble after you hear what we're having this week!	Tu ne pourras pas t'arrêter à une bouchée quand tu sauras ce qu'on sert cette semaine !	Одним кусочком ты не отделаешься, когда услышишь, что у нас на этой неделе!	You won't keep it to just a nibble after you hear what we're having this week!
Conversations/Friday Night at the Inn/Group 5/Kid Cuisine/kid_cuisine_1/kid_cuisine_1/7	May I present our esteemed guests with $Peanut Butter and Something Sandwiches$!	Permettez-moi de présenter à nos honorables invités les $sandwichs au beurre de cacahouète et à un autre truc$ !	Представляю нашим уважаемым гостям... $Сэндвичи с арахисовой пастой и чем-то ещё$!	May I present our esteemed guests with $Peanut Butter and Something Sandwiches$!
Conversations/Friday Night at the Inn/Group 5/Kid Cuisine/kid_cuisine_1/kid_cuisine_1/8	Something, huh? I've never heard of this recipe!	Un autre truc, vraiment ? Je n'avais jamais entendu parler de cette recette !	С чем-то, говоришь? Впервые слышу о таком рецепте!	Something, huh? I've never heard of this recipe!
Conversations/Friday Night at the Inn/Group 5/Kid Cuisine/kid_cuisine_1/kid_cuisine_1/9	That's cause we made it up!	C'est parce qu'on l'a inventée !	А мы его сами выдумали!	That's cause we made it up!
Conversations/Friday Night at the Inn/Group 5/Kid Cuisine/kid_cuisine_1/kid_cuisine_1/init	Friends and family, welcome to the first session of a very special supper club series!	Chers amis et membres de la famille, bienvenue dans notre première édition d'une série de dîners très spéciaux !	Друзья и родные, добро пожаловать на первую встречу особого клуба ужинов!	Friends and family, welcome to the first session of a very special supper club series!
Conversations/Friday Night at the Inn/Group 5/Kid Cuisine/kid_cuisine_2/kid_cuisine_2/1	That's right! This week we're having... $Nachos$!	Exact ! Cette semaine, on mange des... $nachos$ !	Именно! На этой неделе у нас... $Начос$!	That's right! This week we're having... $Nachos$!
Conversations/Friday Night at the Inn/Group 5/Kid Cuisine/kid_cuisine_2/kid_cuisine_2/10	I'll say! Maybe we should add them to the Inn's menu.	Et comment ! On devrait peut-être les ajouter à la carte de l'auberge.	И не говори! Может, добавить их в меню таверны?	I'll say! Maybe we should add them to the Inn's menu.
Conversations/Friday Night at the Inn/Group 5/Kid Cuisine/kid_cuisine_2/kid_cuisine_2/11	Why, they're practically a national dish already!	D'autant que c'est déjà presque un plat national !	Да они уже почти что национальное блюдо!	Why, they're practically a national dish already!
Conversations/Friday Night at the Inn/Group 5/Kid Cuisine/kid_cuisine_2/kid_cuisine_2/2	They're soooo good!	C'est trooop bon !	Это та-а-ак вкусно!	They're soooo good!
Conversations/Friday Night at the Inn/Group 5/Kid Cuisine/kid_cuisine_2/kid_cuisine_2/3	I have it on the very best authority that the King himself enjoys a big plate of $Nachos$ all the time.	Je sais de source sûre que le roi lui-même adore ça et qu'il peut manger une assiette entière de $nachos$ à n'importe quel moment de la journée.	У меня сведения из самых надёжных источников: сам Король постоянно уплетает целую тарелку $Начос$.	I have it on the very best authority that the King himself enjoys a big plate of $Nachos$ all the time.
Conversations/Friday Night at the Inn/Group 5/Kid Cuisine/kid_cuisine_2/kid_cuisine_2/4	And who told you this, Maple?	Et qui te l'a dit, Maple ?	И кто тебе это сказал, Мэйпл?	And who told you this, Maple?
Conversations/Friday Night at the Inn/Group 5/Kid Cuisine/kid_cuisine_2/kid_cuisine_2/5	I did!	C'est moi !	Я сказала!	I did!
Conversations/Friday Night at the Inn/Group 5/Kid Cuisine/kid_cuisine_2/kid_cuisine_2/6	You don't believe us Dad? I guess you don't want any $Nachos$...	Tu ne nous crois pas, papa ? Tu n'as pas très envie de manger de $nachos$, je crois...	Не веришь нам, пап? Тогда, видимо, $Начос$ тебе не достанется...	You don't believe us Dad? I guess you don't want any $Nachos$...
Conversations/Friday Night at the Inn/Group 5/Kid Cuisine/kid_cuisine_2/kid_cuisine_2/7	Hey now, let's not be hasty!	Allons, allons, ne nous emportons pas !	Эй-эй, давай не будем спешить!	Hey now, let's not be hasty!
Conversations/Friday Night at the Inn/Group 5/Kid Cuisine/kid_cuisine_2/kid_cuisine_2/8	Long live the king, says I! And long live a second helping of these $Nachos$!	Moi je dis, vive le roi ! Et vive une deuxième portion de $nachos$ !	Да здравствует король, говорю я! И да здравствует добавка этих $Начос$!	Long live the king, says I! And long live a second helping of these $Nachos$!
Conversations/Friday Night at the Inn/Group 5/Kid Cuisine/kid_cuisine_2/kid_cuisine_2/9	So much melty cheese, these are delicious!	Avec tout ce fromage fondu, c'est délicieux !	Столько тягучего сыра — просто объедение!	So much melty cheese, these are delicious!
Conversations/Friday Night at the Inn/Group 5/Kid Cuisine/kid_cuisine_2/kid_cuisine_2/init	Welcome back everyone! We've got a meal fit for royalty this week!	Soyez de nouveau les bienvenus ! Cette semaine, nous avons un repas... royal !	С возвращением, друзья! На этой неделе у нас блюдо, достойное королей!	Welcome back everyone! We've got a meal fit for royalty this week!
Conversations/Friday Night at the Inn/Group 5/Kid Cuisine/kid_cuisine_3/kid_cuisine_3/1	For tonight's meal... We're having $Honey Toast$!	Pour le repas de ce soir, nous avons... une $tartine de miel$ !	На сегодняшний ужин у нас... $Медовый тост$!	For tonight's meal... We're having $Honey Toast$!
Conversations/Friday Night at the Inn/Group 5/Kid Cuisine/kid_cuisine_3/kid_cuisine_3/10	And you know what would make it even tastier? If we all went out and thanked the bees that made the honey!	Et vous savez ce qui les rendrait encore meilleures ? Que nous sortions tous pour aller remercier les abeilles qui ont fabriqué le miel !	А знаете, что сделало бы его ещё вкуснее? Если бы мы все пошли и поблагодарили пчёл, которые сделали этот мёд!	And you know what would make it even tastier? If we all went out and thanked the bees that made the honey!
Conversations/Friday Night at the Inn/Group 5/Kid Cuisine/kid_cuisine_3/kid_cuisine_3/11	Well that sounds like a fun day out sometime-	Ce serait l'occasion d'une sortie sympa, un jour...	Что ж, как-нибудь это будет весёлая вылазка...	Well that sounds like a fun day out sometime-
Conversations/Friday Night at the Inn/Group 5/Kid Cuisine/kid_cuisine_3/kid_cuisine_3/12	Let's go right now!	Allons-y tout de suite !	Пойдём прямо сейчас!	Let's go right now!
Conversations/Friday Night at the Inn/Group 5/Kid Cuisine/kid_cuisine_3/kid_cuisine_3/13	Well, it's already dark so-	Eh bien, il fait déjà nuit, alors...	Ну, уже стемнело, так что...	Well, it's already dark so-
Conversations/Friday Night at the Inn/Group 5/Kid Cuisine/kid_cuisine_3/kid_cuisine_3/14	The bees won't mind, let's go!	Les abeilles s'en fichent, allons-y !	Пчёлы не обидятся, пойдём!	The bees won't mind, let's go!
Conversations/Friday Night at the Inn/Group 5/Kid Cuisine/kid_cuisine_3/kid_cuisine_3/2	With a big dollop of ice cream on top!	Avec une grosse cuillère de crème glacée par-dessus !	А сверху — большая ложка мороженого!	With a big dollop of ice cream on top!
Conversations/Friday Night at the Inn/Group 5/Kid Cuisine/kid_cuisine_3/kid_cuisine_3/3	Ooh!	Ooh !	О-о!	Ooh!
Conversations/Friday Night at the Inn/Group 5/Kid Cuisine/kid_cuisine_3/kid_cuisine_3/4	I even churned the ice cream myself!	C'est même moi qui ai préparé la glace toute seule !	Я даже мороженое сделала сама!	I even churned the ice cream myself!
Conversations/Friday Night at the Inn/Group 5/Kid Cuisine/kid_cuisine_3/kid_cuisine_3/5	It seems like our little chefs don't need me to do the announcing for them anymore! Dig in, everyone!	Nos petits chefs n'ont même plus besoin que je fasse les annonces pour eux ! Bon appétit, tout le monde !	Похоже, нашим маленьким поварятам больше не нужно, чтобы я всё за них объявляла! Налетайте, друзья!	It seems like our little chefs don't need me to do the announcing for them anymore! Dig in, everyone!
Conversations/Friday Night at the Inn/Group 5/Kid Cuisine/kid_cuisine_3/kid_cuisine_3/6	You don't need to honey your words about this toast, it's fantastic!	Je ne vais pas vous faire des tartines de compliments, mais celles-ci sont fantastiques !	Об этом тосте незачем рассыпаться в медовых речах — он и так бесподобен!	You don't need to honey your words about this toast, it's fantastic!
Conversations/Friday Night at the Inn/Group 5/Kid Cuisine/kid_cuisine_3/kid_cuisine_3/7	I don't know if it qualifies as dinner, but it sure does qualify as tasty!	Je ne sais pas si ça compte comme un dîner, mais ça compte comme un délice !	Не знаю, тянет ли это на ужин, но на вкуснятину — точно тянет!	I don't know if it qualifies as dinner, but it sure does qualify as tasty!
Conversations/Friday Night at the Inn/Group 5/Kid Cuisine/kid_cuisine_3/kid_cuisine_3/8	Great job, kids!	Super travail, les enfants !	Молодцы, ребята!	Great job, kids!
Conversations/Friday Night at the Inn/Group 5/Kid Cuisine/kid_cuisine_3/kid_cuisine_3/9	I'm so glad you all like it!	Je suis tellement content que ça vous plaise !	Я так рад, что вам всем нравится!	I'm so glad you all like it!
Conversations/Friday Night at the Inn/Group 5/Kid Cuisine/kid_cuisine_3/kid_cuisine_3/init	It's my week to choose a dish! Yay!	Cette semaine, c'est moi qui choisis un plat ! Youpi !	На этой неделе моя очередь выбирать блюдо! Ура!	It's my week to choose a dish! Yay!
Conversations/Friday Night at the Inn/Group 5/Kid Cuisine/kid_cuisine_4/kid_cuisine_4/1	That's so thoughtful of all of you!	C'est tellement gentil de votre part à tous !	Как заботливо с вашей стороны!	That's so thoughtful of all of you!
Conversations/Friday Night at the Inn/Group 5/Kid Cuisine/kid_cuisine_4/kid_cuisine_4/10	Oh, that's easy. Dell says she always sees you sneaking slices of $Cherry Cobbler$.	Oh, c'est facile. Dell raconte qu'elle te voit toujours piquer des parts de $cobbler aux cerises$ en cachette.	О, это просто. Делл говорит, что вечно застаёт тебя за тем, как ты таскаешь кусочки $Вишнёвого коблера$.	Oh, that's easy. Dell says she always sees you sneaking slices of $Cherry Cobbler$.
Conversations/Friday Night at the Inn/Group 5/Kid Cuisine/kid_cuisine_4/kid_cuisine_4/11	Ah.	Ah.	Ах.	Ah.
Conversations/Friday Night at the Inn/Group 5/Kid Cuisine/kid_cuisine_4/kid_cuisine_4/12	Sounds like you've been caught cherry handed, dear!	On dirait que tu t'es fait prendre la main dans le cake, ma chérie !	Похоже, тебя поймали с рукми испачканными вишневым вареньем, дорогая!	Sounds like you've been caught cherry handed, dear!
Conversations/Friday Night at the Inn/Group 5/Kid Cuisine/kid_cuisine_4/kid_cuisine_4/2	I know, we're pretty great.	Je sais, on est assez géniaux.	Знаю-знаю, мы крутые.	I know, we're pretty great.
Conversations/Friday Night at the Inn/Group 5/Kid Cuisine/kid_cuisine_4/kid_cuisine_4/3	Hooray for [Ari]!	Pour [Ari], hip hip hip !	Ура [Ari]!	Hooray for [Ari]!
Conversations/Friday Night at the Inn/Group 5/Kid Cuisine/kid_cuisine_4/kid_cuisine_4/4	So we made your favorite, [most_eaten_dish].	Alors on a préparé ton plat préféré, celui qu'on appelle « [most_eaten_dish] ».	Мы приготовили блюдо, которое называется «[most_eaten_dish]».	So we made your favorite, [most_eaten_dish].
Conversations/Friday Night at the Inn/Group 5/Kid Cuisine/kid_cuisine_4/kid_cuisine_4/5	Maple says you've eaten it soooo many times.			Maple says you've eaten it soooo many times.
Conversations/Friday Night at the Inn/Group 5/Kid Cuisine/kid_cuisine_4/kid_cuisine_4/6	Wow, really?	Waouh, vraiment ?	Ого, правда?	Wow, really?
Conversations/Friday Night at the Inn/Group 5/Kid Cuisine/kid_cuisine_4/kid_cuisine_4/6/prompts/0	Thanks Dragonguard! It looks delicious.	Merci, Garde des dragons ! Ça a l'air délicieux.	Спасибо, Драконья стража, выглядит очень вкусно.	Thanks Dragonguard! It looks delicious.
Conversations/Friday Night at the Inn/Group 5/Kid Cuisine/kid_cuisine_4/kid_cuisine_4/6/prompts/1	Hope everyone else likes it as much as I do!	Espérons que tout le monde aime ça autant que moi !	Надеюсь, вам всем это блюдо нравится так же, как и мне.	Hope everyone else likes it as much as I do!
Conversations/Friday Night at the Inn/Group 5/Kid Cuisine/kid_cuisine_4/kid_cuisine_4/7	Whew, I'm so glad!	Ouf, je suis tellement contente !	Фух, я так рада!	Whew, I'm so glad!
Conversations/Friday Night at the Inn/Group 5/Kid Cuisine/kid_cuisine_4/kid_cuisine_4/8	I can see why you like it so much!	Je comprends pourquoi ça te plaît autant !	Теперь понятно, почему тебе это так нравится!	I can see why you like it so much!
Conversations/Friday Night at the Inn/Group 5/Kid Cuisine/kid_cuisine_4/kid_cuisine_4/9	Now I'm wondering what I've eaten the most of...	Je me demande ce que je mange le plus souvent, moi...	Интересно, какое блюдо больше всего ем я...	Now I'm wondering what I've eaten the most of...
Conversations/Friday Night at the Inn/Group 5/Kid Cuisine/kid_cuisine_4/kid_cuisine_4/init	For our last week of supper club, the Dragonguard wanted to make something extra special for [Ari].	Pour notre dernière semaine d'un dîner très spécial, la Garde des dragons voulait préparer quelque chose de vraiment spécial pour [Ari].	На последней неделе нашего клуба ужинов Драконья стража захотела приготовить кое-что особенное специально для [Ari].	For our last week of supper club, the Dragonguard wanted to make something extra special for [Ari].
Conversations/Friday Night at the Inn/Post_FNATI/post_fnati/adeline_post_fnati_0/1	I'm especially happy to see you, [Ari]!	Et je suis plus particulièrement heureuse de te voir, toi, [Ari] !	И особенно я рада видеть тебя, [Ari].	I'm especially happy to see you, [Ari]!
Conversations/Friday Night at the Inn/Post_FNATI/post_fnati/adeline_post_fnati_0/init	It's always so good to see the whole town come together on a Friday!	C'est toujours un plaisir de voir tout le monde se réunir à l'auberge le vendredi soir.	Приятно видеть, как в пятницу весь город собирается в одном месте!	It's always so good to see the whole town come together on a Friday!
Conversations/Friday Night at the Inn/Post_FNATI/post_fnati/adeline_post_fnati_1/1	Staying on schedule is extra important on Friday!	Le vendredi, je fais attention à ne pas prendre de retard pendant la journée !	По пятницам особенно важно укладываться в график!	Staying on schedule is extra important on Friday!
Conversations/Friday Night at the Inn/Post_FNATI/post_fnati/adeline_post_fnati_1/init	I have to make sure I'm on time for the weekly get-together.	Je dois toujours bien m'organiser pour être à l'heure à nos soirées hebdomadaires.	Мне надо следить за временем, а то не успею на семейную встречу.	I have to make sure I'm on time for the weekly get-together.
Conversations/Friday Night at the Inn/Post_FNATI/post_fnati/adeline_post_fnati_2/init	No matter how busy things get, there's no way I'll miss spending Friday night at the Inn with everyone!	Qu'importe tout ce qu'il y a à faire, il est hors de question que je rate nos soirées du vendredi à l'auberge avec tout le monde !	Не важно, как сильно я занята: пятничное собрание в трактире я ни за что не пропущу!	No matter how busy things get, there's no way I'll miss spending Friday night at the Inn with everyone!
Conversations/Friday Night at the Inn/Post_FNATI/post_fnati/balor_post_fnati_0/init	Thank goodness it's Friday, eh? Cheers!	Ça fait du bien d'être vendredi, hein ? Santé !	Хорошо, что уже пятница, да? За тебя!	Thank goodness it's Friday, eh? Cheers!
Conversations/Friday Night at the Inn/Post_FNATI/post_fnati/balor_post_fnati_1/1	Go on and make your rounds, but do keep it in mind.	Va saluer tout le monde, mais réfléchis-y.	Можешь идти дальше болтать, но имей в виду моё предложение.	Go on and make your rounds, but do keep it in mind.
Conversations/Friday Night at the Inn/Post_FNATI/post_fnati/balor_post_fnati_1/init	[Ari]! I was thinking about a friendly round of cards.	[Ari] ! Je pensais faire une petite partie de cartes entre amis.	[Ari]! Как насчёт дружеской партии в карты сегодня?	[Ari]! I was thinking about a friendly round of cards.
Conversations/Friday Night at the Inn/Post_FNATI/post_fnati/balor_post_fnati_2/init	Hemlock always saves the good stuff for Friday nights, doesn't he? Cheers!	Hemlock réserve toujours ce qu'il a de meilleur pour le vendredi soir, non ? Tchin-tchin !	Хемлок всегда припасает лучшее на пятницу, верно? За тебя!	Hemlock always saves the good stuff for Friday nights, doesn't he? Cheers!
Conversations/Friday Night at the Inn/Post_FNATI/post_fnati/celine_post_fnati_0/1	It's always more fun when you're around.	On s'amuse bien plus quand tu es là.	С тобой тут всегда веселее.	It's always more fun when you're around.
Conversations/Friday Night at the Inn/Post_FNATI/post_fnati/celine_post_fnati_0/init	There you are! I'm so glad you showed up tonight!	Te voilà ! Je suis si contente que tu aies pu venir ce soir.	Вот ты где! Я так рада, что ты сегодня пришла.	There you are! I'm so glad you showed up tonight!
Conversations/Friday Night at the Inn/Post_FNATI/post_fnati/celine_post_fnati_1/1	Of course that includes you, [Ari]!	Et bien sûr, tu en fais partie, [Ari] !	И ты входишь в их число, [Ari]!	Of course that includes you, [Ari]!
Conversations/Friday Night at the Inn/Post_FNATI/post_fnati/celine_post_fnati_1/init	I love spending a night out and seeing all my favorite people!	J'adore passer une bonne soirée entourée des gens que je préfère !	Я так люблю проводить вечер в компании своих любимых людей!	I love spending a night out and seeing all my favorite people!
Conversations/Friday Night at the Inn/Post_FNATI/post_fnati/celine_post_fnati_2/init	I was thinking of turning in early, but I'm having too much fun talking to everyone!	Je comptais ne pas rester tard, mais je m'amuse trop en discutant avec tout le monde.	Я собиралась сегодня уйти пораньше, но тут все так приятно общаются!	I was thinking of turning in early, but I'm having too much fun talking to everyone!
Conversations/Friday Night at the Inn/Post_FNATI/post_fnati/dell_nora_post_fnati_0/1	Maybe your old pal Dell deserves a little coffee, too!	Alors peut-être que ta vieille copine Dell pourrait aussi en avoir un !	Может, со стариной Делл тоже стоит поделиться?	Maybe your old pal Dell deserves a little coffee, too!
Conversations/Friday Night at the Inn/Post_FNATI/post_fnati/dell_nora_post_fnati_0/2	Absolutely not.	C'est hors de question.	Определённо нет.	Absolutely not.
Conversations/Friday Night at the Inn/Post_FNATI/post_fnati/dell_nora_post_fnati_0/init	Adults drink a little coffee after dinner, right?	Les adultes boivent un petit café après le repas, pas vrai ?	Взрослые же иногда пьют кофе после обеда!	Adults drink a little coffee after dinner, right?
Conversations/Friday Night at the Inn/Post_FNATI/post_fnati/dell_post_fnati_0/1	Friday is for party animals!	Le vendredi, c'est le jour des fêtards !	Пятница — день гулянок!	Friday is for party animals!
Conversations/Friday Night at the Inn/Post_FNATI/post_fnati/dell_post_fnati_0/init	Yay, it's Friday! You're here to party, right?	C'est vendredi, ouais ! Tu viens faire la fête, hein ?	Ура, снова пятница! Ты <p>пришли</p><f>пришла</f><m>пришёл</m><n>пришло</n> повеселиться?	Yay, it's Friday! You're here to party, right?
Conversations/Friday Night at the Inn/Post_FNATI/post_fnati/dell_post_fnati_1/1	Yay for gossip!	C'est pour ça que j'adore les ragots !	Да здравствуют сплетни!	Yay for gossip!
Conversations/Friday Night at the Inn/Post_FNATI/post_fnati/dell_post_fnati_1/init	Friday means that no one will tell me to go to bed! Because they're all too busy gossiping!	Comme c'est vendredi, personne ne me dira d'aller au lit. Parce qu'ils sont trop occupés à ragoter !	Сегодня пятница, а значит, никто не будет гнать меня спать! Все заняты сплетнями!	Friday means that no one will tell me to go to bed! Because they're all too busy gossiping!
Conversations/Friday Night at the Inn/Post_FNATI/post_fnati/eiland_post_fnati_0/1	That's worth celebrating, don't you think?	Ça se fête, non ?	Достойный повод отметить, как думаешь?	That's worth celebrating, don't you think?
Conversations/Friday Night at the Inn/Post_FNATI/post_fnati/eiland_post_fnati_0/init	No more paperwork until Monday!	Plus de paperasse jusqu'à lundi !	До понедельника — больше никаких бумаг!	No more paperwork until Monday!
Conversations/Friday Night at the Inn/Post_FNATI/post_fnati/eiland_post_fnati_1/1	I wonder what Darcy will have in stock tomorrow...	Je me demande ce que Darcy aura en stock, demain...	Интересно, что Дарси завтра привезёт...	I wonder what Darcy will have in stock tomorrow...
Conversations/Friday Night at the Inn/Post_FNATI/post_fnati/eiland_post_fnati_1/init	Finally, it's Friday! That means the Saturday Market is nearly here.	Nous sommes enfin vendredi ! Ça veut dire que le marché du samedi ne va pas tarder.	Наконец-то пятница! А значит, уже почти Субботний базар.	Finally, it's Friday! That means the Saturday Market is nearly here.
Conversations/Friday Night at the Inn/Post_FNATI/post_fnati/eiland_post_fnati_2/1	Do let me know if you'd like to split some cake!	Si une part de gâteau est trop pour toi, je t'aiderai à le finir.	Скажи, если захочешь взять пирожное пополам!	Do let me know if you'd like to split some cake!
Conversations/Friday Night at the Inn/Post_FNATI/post_fnati/eiland_post_fnati_2/init	Lovely to see you make it to the Friday gathering, [Ari].	Quelle joie de te voir participer à notre petit raout du vendredi, [Ari] !	Рад видеть, что ты <p>дошли</p><f>дошла</f><m>дошёл</m><n>дошло</n> до нашей пятничной встречи, [Ari].	Lovely to see you make it to the Friday gathering, [Ari].
Conversations/Friday Night at the Inn/Post_FNATI/post_fnati/elsie_post_fnati_0/init	Darling, how are you this beautiful evening? So nice of you to pay me a visit.	Mon chou, tu es très en beauté ce soir, comment fais-tu ? C'est si gentil de venir me saluer.	Как твои дела в этот блистательный вечер, дорогуша? Как приятно, что ты меня не забываешь.	Darling, how are you this beautiful evening? So nice of you to pay me a visit.
Conversations/Friday Night at the Inn/Post_FNATI/post_fnati/elsie_post_fnati_1/1	Not to mention, a perfect time to gather the latest gossip!	Et c'est surtout le meilleur moyen d'être au courant de tous les derniers potins !	Не говоря уже о том, что это лучшая возможность поделиться слухами!	Not to mention, a perfect time to gather the latest gossip!
Conversations/Friday Night at the Inn/Post_FNATI/post_fnati/elsie_post_fnati_1/init	It's wonderful to see the town come together on Friday evenings.	C'est formidable de voir toute la ville se réunir le vendredi soir.	Как чудесно, что весь город собирается тут по пятницам.	It's wonderful to see the town come together on Friday evenings.
Conversations/Friday Night at the Inn/Post_FNATI/post_fnati/elsie_post_fnati_2/1	The best gossip always surfaces on Friday nights!	On entend toujours de savoureux potins mondains le vendredi soir !	Лучшие сплетни всегда приходят по пятницам!	The best gossip always surfaces on Friday nights!
Conversations/Friday Night at the Inn/Post_FNATI/post_fnati/elsie_post_fnati_2/init	Just a moment, [Ari]. I'm keeping an ear out.	Juste un instant, [Ari]. Je ne veux pas perdre une miette des discussions.	Минутку, [Ari]. Я тут кое-кого подслушиваю.	Just a moment, [Ari]. I'm keeping an ear out.
Conversations/Friday Night at the Inn/Post_FNATI/post_fnati/errol_post_fnati_0/init	Good evening, good evening! Excellent work this week, as always!	Bonsoir, bonsoir ! La semaine a été très productive, comme d'habitude !	Добрый вечер, добрый! Хорошо поработали на этой неделе — впрочем, как и всегда!	Good evening, good evening! Excellent work this week, as always!
Conversations/Friday Night at the Inn/Post_FNATI/post_fnati/errol_post_fnati_1/init	Why, [Ari]! So good of you to join us.	Tiens, [Ari] ! Comme c'est gentil de te joindre à nous.	О, [Ari]! Приятно, что ты с нами.	Why, [Ari]! So good of you to join us.
Conversations/Friday Night at the Inn/Post_FNATI/post_fnati/errol_post_fnati_2/1	And what better way to commemorate the occasion than a bit of chit-chat amongst friends?	Et le meilleur moyen de marquer le coup, c'est de se réunir entre amis pour tailler une bavette, tu ne trouves pas ?	А лучший способ это отметить — конечно же, поболтать с друзьями.	And what better way to commemorate the occasion than a bit of chit-chat amongst friends?
Conversations/Friday Night at the Inn/Post_FNATI/post_fnati/errol_post_fnati_2/init	Another week comes to an end!	Une semaine s'achève !	Ещё одна неделя подошла к концу!	Another week comes to an end!
Conversations/Friday Night at the Inn/Post_FNATI/post_fnati/hayden_post_fnati_0/1	Yours too, [Ari].	Et ça vaut aussi pour toi, [Ari].	Твоё лицо в том числе, [Ari].	Yours too, [Ari].
Conversations/Friday Night at the Inn/Post_FNATI/post_fnati/hayden_post_fnati_0/init	After a long week on the farm, it's good to see so many faces around the table!	Après une longue semaine à travailler à la ferme, c'est très sympa de voir tous ces visages réunis autour d'une table !	Как приятно видеть родные лица после рабочей недели на ферме!	After a long week on the farm, it's good to see so many faces around the table!
Conversations/Friday Night at the Inn/Post_FNATI/post_fnati/hayden_post_fnati_1/1	Or maybe both?	Ou les deux, peut-être ?	Или и за тем и за другим?	Or maybe both?
Conversations/Friday Night at the Inn/Post_FNATI/post_fnati/hayden_post_fnati_1/init	There you are, [Ari]! Are you here for the food or the company?	Te voilà, [Ari] ! Tu es là pour la nourriture ou pour la compagnie ?	А вот и [Ari]! Ты за едой или за компанией?	There you are, [Ari]! Are you here for the food or the company?
Conversations/Friday Night at the Inn/Post_FNATI/post_fnati/hayden_post_fnati_2/init	Come on and join us, [Ari]! It's always nice to share a table, isn't it?	Viens te joindre à nous, [Ari] ! C'est toujours plus sympa de partager une grande tablée, non ?	Пойдём к нам, [Ari]! Сидеть вместе всегда веселее!	Come on and join us, [Ari]! It's always nice to share a table, isn't it?
Conversations/Friday Night at the Inn/Post_FNATI/post_fnati/hemlock_post_fnati_0/init	Looks like a big crowd tonight!	Il y a du monde, ce soir !	Хорошая сегодня толпа!	Looks like a big crowd tonight!
Conversations/Friday Night at the Inn/Post_FNATI/post_fnati/hemlock_post_fnati_1/init	Tell me if I can get anything mixed up for you, [Ari]! I'm on a roll tonight.	Dis-moi si tu veux que je te prépare quelque chose de spécial, [Ari]. Je me sens très inspiré ce soir !	Может, тебе что-нибудь намешать, [Ari]? Я сегодня на подъёме!	Tell me if I can get anything mixed up for you, [Ari]! I'm on a roll tonight.
Conversations/Friday Night at the Inn/Post_FNATI/post_fnati/hemlock_post_fnati_2/init	The whole town showed up! How about that?	Toute la ville est là ! C'est super, non ?	Тут буквально весь город собрался! Представляешь?	The whole town showed up! How about that?
Conversations/Friday Night at the Inn/Post_FNATI/post_fnati/holt_post_fnati_0/init	It's Fri-nally Friday! Time for friendly frivolity!	Le vendredi, tout est permis ! Et le ventre dit : « Tout est permis ! »	Пятница пришла! Пора приводить приятелей!	It's Fri-nally Friday! Time for friendly frivolity!
Conversations/Friday Night at the Inn/Post_FNATI/post_fnati/holt_post_fnati_1/1	A full table! And a full table means it's time to buy every appetizer on the menu!	C'est d'être à une table pleine ! C'est l'excuse parfaite pour commander tout ce qu'il y a à grignoter sur la carte.	Компания! А для компании можно заказать все закуски из меню!	A full table! And a full table means it's time to buy every appetizer on the menu!
Conversations/Friday Night at the Inn/Post_FNATI/post_fnati/holt_post_fnati_1/init	Friday night means one thing and one thing only...	Le vendredi, il n'y a qu'une chose qui compte, une seule...	Пятница — это в первую очередь...	Friday night means one thing and one thing only...
Conversations/Friday Night at the Inn/Post_FNATI/post_fnati/holt_post_fnati_2/1	He says that's not a real metric... but it is, actually!	Selon lui, ce n'est pas une unité de mesure fiable... mais je suis sûr du contraire !	Он тебе скажет, что это плохое мерило... Ещё как хорошее!	He says that's not a real metric... but it is, actually!
Conversations/Friday Night at the Inn/Post_FNATI/post_fnati/holt_post_fnati_2/init	You know Hemlock's got good beer on tap when I get a foam mustache on my mustache.	Quand la mousse tache ma moustache, c'est que la bière d'Hemlock est bonne.	Знаешь, как понять, когда у Хемлока хорошее пиво на кране? Когда на моих усах пенные усы.	You know Hemlock's got good beer on tap when I get a foam mustache on my mustache.
Conversations/Friday Night at the Inn/Post_FNATI/post_fnati/josephine_post_fnati_0/init	Happy Friday! I'm so happy you could make it, [Ari].	Vive le vendredi ! Je suis si contente que tu aies pu venir, [Ari].	Весёлой тебе пятницы, [Ari]! Рада, что ты <p>зашли</p><f>зашла</f><m>зашёл</m><n>зашло</n>.	Happy Friday! I'm so happy you could make it, [Ari].
Conversations/Friday Night at the Inn/Post_FNATI/post_fnati/josephine_post_fnati_1/init	You've been working hard all week! Go on and get something hearty for yourself.	Tu as travaillé dur toute la semaine ! Autorise-toi un bon petit plat à déguster.	За неделю наверняка <p>заработались</p><f>заработалась</f><m>заработался</m><n>заработалось</n>! Возьми поесть чего-нибудь сытного.	You've been working hard all week! Go on and get something hearty for yourself.
Conversations/Friday Night at the Inn/Post_FNATI/post_fnati/josephine_post_fnati_2/1	Oooh, I just love playing host!	Oooh, j'aime tellement recevoir plein de monde !	Ой, до чего же я люблю принимать гостей!	Oooh, I just love playing host!
Conversations/Friday Night at the Inn/Post_FNATI/post_fnati/josephine_post_fnati_2/init	It's that time of the week again!	Nous sommes de nouveau vendredi, je n'ai pas vu la semaine filer !	Снова лучший день недели!	It's that time of the week again!
Conversations/Friday Night at the Inn/Post_FNATI/post_fnati/juniper_post_fnati_0/init	Time for a wonderful weekend of... doing absolutely nothing!	Je lève mon verre à ce week-end génial où je compte... ne rien faire du tout.	Впереди чудесные выходные, полные... абсолютного безделья!	Time for a wonderful weekend of... doing absolutely nothing!
Conversations/Friday Night at the Inn/Post_FNATI/post_fnati/juniper_post_fnati_1/1	I've got a busy weekend of lying around and watching my crystal ball ahead of me.	Un week-end chargé à rester affalée en regardant ma boule de cristal.	Впереди трудовые дни: придётся валяться за стойкой и таращиться в хрустальный шар!	I've got a busy weekend of lying around and watching my crystal ball ahead of me.
Conversations/Friday Night at the Inn/Post_FNATI/post_fnati/juniper_post_fnati_1/init	Friday only means one thing...	Le vendredi annonce toujours la même chose...	Пятница для меня значит ровно одно...	Friday only means one thing...
Conversations/Friday Night at the Inn/Post_FNATI/post_fnati/juniper_post_fnati_2/init	Dozy's watching the Bathhouse till, so another glass of =Red Wine= couldn't hurt...	Dozy tient la caisse des bains, alors je peux me permettre un autre verre de =vin rouge=...	Пока за купальней следит Дрёма, так что ещё стаканчик =красного вина= не помешает...	Dozy's watching the Bathhouse till, so another glass of =Red Wine= couldn't hurt...
Conversations/Friday Night at the Inn/Post_FNATI/post_fnati/landen_post_fnati_0/init	The weekend's nearly here! And tonight's a good night to get a headstart on it!	C'est bientôt le week-end ! Et ce soir, c'est le meilleur moment pour prendre de l'avance.	Уже почти выходные! А сегодня можно начать отдыхать заранее!	The weekend's nearly here! And tonight's a good night to get a headstart on it!
Conversations/Friday Night at the Inn/Post_FNATI/post_fnati/landen_post_fnati_1/init	Every day's the weekend when you're retired, but nothing beats a Friday night with friends!	Quand on est à la retraite, C'est tous les jours le week-end, mais rien ne vaut un vendredi soir entre amis !	Когда выходишь на пенсию, каждый день выходной. А всё-таки пятничный вечер с друзьями — самый лучший.	Every day's the weekend when you're retired, but nothing beats a Friday night with friends!
Conversations/Friday Night at the Inn/Post_FNATI/post_fnati/landen_post_fnati_2/init	You know I made the tables at the Inn? You can put whatever you want on them, they're sturdy as all get out!	Tu sais que c'est moi qui ai fabriqué les tables de l'auberge ? Tu peux y poser ce que tu veux, elles sont solides comme tout !	Ты знаешь, что столы в трактире делал я? Прочнее некуда — что хочешь на них ставь!	You know I made the tables at the Inn? You can put whatever you want on them, they're sturdy as all get out!
Conversations/Friday Night at the Inn/Post_FNATI/post_fnati/luc_post_fnati_0/1	I sure hope so! I gave them their special Friday leaf!	En tout cas, j'espère ! Je leur ai donné leur feuille spéciale du vendredi à grignoter.	Надеюсь, что да! Я дал им специальный пятничный листочек!	I sure hope so! I gave them their special Friday leaf!
Conversations/Friday Night at the Inn/Post_FNATI/post_fnati/luc_post_fnati_0/init	Do you think my insect friends are having a Friday party, too?	Tu crois que mes amis les insectes font aussi la fête le vendredi ?	Как ты думаешь, мои насекомые тоже отмечают пятницу?	Do you think my insect friends are having a Friday party, too?
Conversations/Friday Night at the Inn/Post_FNATI/post_fnati/luc_post_fnati_1/1	They could all hang out like this any day of the week!	Ils pourraient se réunir comme ça n'importe quel autre jour de la semaine !	Они могут в любой день так собраться!	They could all hang out like this any day of the week!
Conversations/Friday Night at the Inn/Post_FNATI/post_fnati/luc_post_fnati_1/init	I don't understand why everyone gets so excited about Fridays...	Je ne comprends pas pourquoi tout le monde est si enthousiaste quand le vendredi arrive...	Не понимаю, почему все так радуются, что пришла пятница...	I don't understand why everyone gets so excited about Fridays...
Conversations/Friday Night at the Inn/Post_FNATI/post_fnati/luc_post_fnati_2/init	Why do grown-ups like Friday so much? The other days are nice too.	Pourquoi les grands aiment tellement le vendredi ? Les autres jours sont bien aussi.	Почему взрослым так нравится пятница? Есть и другие хорошие дни.	Why do grown-ups like Friday so much? The other days are nice too.
Conversations/Friday Night at the Inn/Post_FNATI/post_fnati/maple_post_fnati_0/1	Please take your time and enjoy her magnanimous hospitality!	Profitez bien de ce moment et de sa généreuse hospitalité, je vous prie !	Пожалуйста, наслаждайтесь её великодушным гостеприимством!	Please take your time and enjoy her magnanimous hospitality!
Conversations/Friday Night at the Inn/Post_FNATI/post_fnati/maple_post_fnati_0/init	Humble guest! Queen Maple graciously welcomes you to her Friday Night soiree.	Bienvenue, humble invité<he></he><she>e</she><they>·e</they> ! La reine Maple vous accueille gracieusement à sa réception du vendredi soir.	Почтенный гость! Королева Мэйпл приветствует вас на пятничном званом ужине.	Humble guest! Queen Maple graciously welcomes you to her Friday Night soiree.
Conversations/Friday Night at the Inn/Post_FNATI/post_fnati/maple_post_fnati_1/1	Sometimes if I make my eyes extra big, Darcy will give me a giant =Hot Chocolate= at the Saturday Market.	Parfois, quand je fais mon regard irrésistible, Darcy m'offre un énorme =chocolat chaud= au marché du samedi.	Иногда на Субботнем базаре я делаю большие жалобные глаза, и Дарси даёт мне большую порцию =горячего шоколада=.	Sometimes if I make my eyes extra big, Darcy will give me a giant =Hot Chocolate= at the Saturday Market.
Conversations/Friday Night at the Inn/Post_FNATI/post_fnati/maple_post_fnati_1/2	How's this? Do you feel like giving me a =Hot Chocolate=?	Qu'est-ce que tu en penses ? Tu me donnerais un =chocolat chaud=, toi ?	Ну как? Тебе уже хочется поделиться =горячим шоколадом=?	How's this? Do you feel like giving me a =Hot Chocolate=?
Conversations/Friday Night at the Inn/Post_FNATI/post_fnati/maple_post_fnati_1/init	I gotta practice being cute tonight!	Je dois m'entraîner à être super mignonne, ce soir.	Сегодня у меня тренировка очаровательности!	I gotta practice being cute tonight!
Conversations/Friday Night at the Inn/Post_FNATI/post_fnati/maple_post_fnati_2/1	Or as I like to call it, my royal promenade.	C'est, comme j'aime l'appeler, ma royale promenade...	Или, как я люблю говорить, совершать королевский променад.	Or as I like to call it, my royal promenade.
Conversations/Friday Night at the Inn/Post_FNATI/post_fnati/maple_post_fnati_2/init	Friday Night is fun and all, but Saturday is nice too. I like walking around the Market...	Le vendredi soir, c'est sympa, mais j'aime aussi le samedi. J'adore me promener au marché.	Пятничный вечер — это, конечно, весело, но субботу я тоже люблю. Мне нравится прогуливаться по базару...	Friday Night is fun and all, but Saturday is nice too. I like walking around the Market...
Conversations/Friday Night at the Inn/Post_FNATI/post_fnati/march_post_fnati_0/1	I've decided... It's time to become the champion of relaxing on a Friday Night.	J'ai décidé... qu'il était temps que je devienne le champion toute catégorie de la détente, le vendredi soir.	Я решил, что пора... Надо стать чемпионом по пятничному отдыху.	I've decided... It's time to become the champion of relaxing on a Friday Night.
Conversations/Friday Night at the Inn/Post_FNATI/post_fnati/march_post_fnati_0/init	Sorry [Ari], I'm concentrating right now.	Désolé [Ari], mais je suis en pleine concentration.	Прости, [Ari], я сейчас очень занят.	Sorry [Ari], I'm concentrating right now.
Conversations/Friday Night at the Inn/Post_FNATI/post_fnati/march_post_fnati_1/init	[Ari]! It's you! Happy Friday!	[Ari] ! Te voilà ! J'espère que tu passes un bon vendredi soir !	[Ari]! Это ты! Весёлой пятницы!	[Ari]! It's you! Happy Friday!
Conversations/Friday Night at the Inn/Post_FNATI/post_fnati/march_post_fnati_2/1	Let's party.	La fête n'attend pas.	Отдыхаем!	Let's party.
Conversations/Friday Night at the Inn/Post_FNATI/post_fnati/march_post_fnati_2/init	After a week of working hard, it's time to play hard!	Après une semaine de travail acharné, il est temps de s'amuser avec le même acharnement !	После усердной рабочей недели пора усердно отдохнуть.	After a week of working hard, it's time to play hard!
Conversations/Friday Night at the Inn/Post_FNATI/post_fnati/nora_post_fnati_0/init	It's so wonderful to see everyone together, enjoying each other's company.	C'est merveilleux de voir tout le monde ensemble, chacun profitant de la compagnie des uns et des autres.	Как чудесно, что все собрались и общаются вместе.	It's so wonderful to see everyone together, enjoying each other's company.
Conversations/Friday Night at the Inn/Post_FNATI/post_fnati/nora_post_fnati_1/init	Thank you for all your hard work this week, [Ari]!	Merci pour tout ton travail cette semaine, [Ari].	Спасибо тебе за твои труды на этой неделе, [Ari].	Thank you for all your hard work this week, [Ari]!
Conversations/Friday Night at the Inn/Post_FNATI/post_fnati/nora_post_fnati_2/1	I hope business was good out on your farm too, [Ari]!	J'espère que les affaires ont aussi été bonnes pour ta ferme, [Ari] !	Надеюсь, у тебя на ферме дела тоже идут хорошо, [Ari]!	I hope business was good out on your farm too, [Ari]!
Conversations/Friday Night at the Inn/Post_FNATI/post_fnati/nora_post_fnati_2/init	I'm happy to report that it was a good week for the General Store.	Je suis heureuse d'annoncer que le magasin a fait une très bonne semaine.	Могу с удовольствием сообщить, что в универмаге неделя прошла удачно.	I'm happy to report that it was a good week for the General Store.
Conversations/Friday Night at the Inn/Post_FNATI/post_fnati/olric_post_fnati_0/init	Friday rules!	Le vendredi, c'est trop génial !	Пятница рулит!	Friday rules!
Conversations/Friday Night at the Inn/Post_FNATI/post_fnati/olric_post_fnati_1/1	And I love people, so I'm pumped! Happy Friday, [Ari]!	Et moi j'adore tout le monde ici, alors je suis trop content ! Passe un bon vendredi soir, [Ari] !	А я люблю людей, так что я сегодня на драйве! Весёлой пятницы, [Ari]!	And I love people, so I'm pumped! Happy Friday, [Ari]!
Conversations/Friday Night at the Inn/Post_FNATI/post_fnati/olric_post_fnati_1/init	People sure do love Fridays.	Tout le monde adore le vendredi.	Люди любят пятницу.	People sure do love Fridays.
Conversations/Friday Night at the Inn/Post_FNATI/post_fnati/olric_post_fnati_2/init	[Ari]! If you're here, then it's really a party!	[Ari] ! Puisque tu es là, la fête va vraiment pouvoir commencer !	[Ari]! С тобой начинается самое веселье!	[Ari]! If you're here, then it's really a party!
Conversations/Friday Night at the Inn/Post_FNATI/post_fnati/reina_post_fnati_0/init	It was a good week, wasn't it? Let's celebrate!	La semaine a été bonne, non ? Fêtons ça !	Хорошая была неделя, правда? Можно отпраздновать!	It was a good week, wasn't it? Let's celebrate!
Conversations/Friday Night at the Inn/Post_FNATI/post_fnati/reina_post_fnati_1/1	Tell me if there's anything you want from the menu, I'll have it right over to you!	Si un plat de la carte te fait envie, n'hésite pas, je te le préparerai en un clin d'œil !	Если тебе что-то нужно из меню — только скажи, я сразу принесу!	Tell me if there's anything you want from the menu, I'll have it right over to you!
Conversations/Friday Night at the Inn/Post_FNATI/post_fnati/reina_post_fnati_1/init	Yay! You made it to the get-together!	Super ! Tu as pu venir à notre petite fête !	Ура! Ты <p>добрались</p><f>добралась</f><m>добрался</m><n>добралось</n> до вечеринки!	Yay! You made it to the get-together!
Conversations/Friday Night at the Inn/Post_FNATI/post_fnati/reina_post_fnati_2/1	And now, it's Friday... time to have some fun!	Et nous voilà vendredi... place à la fête !	Вот уже и пятница... Пора отдыхать!	And now, it's Friday... time to have some fun!
Conversations/Friday Night at the Inn/Post_FNATI/post_fnati/reina_post_fnati_2/init	Whew! We all made it through another week!	Pfiou ! Encore une semaine qui s'achève !	Фух! Ещё одна неделя позади!	Whew! We all made it through another week!
Conversations/Friday Night at the Inn/Post_FNATI/post_fnati/ryis_post_fnati_0/init	Happy Friday, [Ari]! Here to hang out?	On est enfin vendredi, [Ari] ! Tu te joins aux festivités ?	Весёлой пятницы, [Ari]! Ты <p>зашли</p><f>зашла</f><m>зашёл</m><n>зашло</n> пообщаться?	Happy Friday, [Ari]! Here to hang out?
Conversations/Friday Night at the Inn/Post_FNATI/post_fnati/ryis_post_fnati_1/init	Looking forward to tomorrow's market day. You think Louis will have anything new in stock?	J'ai hâte d'être à demain pour le marché. Tu crois que Louis aura des nouveautés ?	Я уже жду завтрашний базар. Как думаешь, Луи обновит свой товар?	Looking forward to tomorrow's market day. You think Louis will have anything new in stock?
Conversations/Friday Night at the Inn/Post_FNATI/post_fnati/ryis_post_fnati_2/1	Come back around and say hi when you can. It's nice to catch up.	Repasse dès que tu peux. J'aime bien qu'on papote ensemble.	Возвращайся, поболтаем ещё. Может, новости обсудим.	Come back around and say hi when you can. It's nice to catch up.
Conversations/Friday Night at the Inn/Post_FNATI/post_fnati/ryis_post_fnati_2/init	Hey, glad you could make it. You're making the rounds, right?	Hé, je suis content de te voir. Tu viens discuter avec tout le monde ?	Привет, рад, что ты <p>пришли</p><f>пришла</f><m>пришёл</m><n>пришло</n>. Со всеми хочешь пообщаться?	Hey, glad you could make it. You're making the rounds, right?
Conversations/Friday Night at the Inn/Post_FNATI/post_fnati/terithia_post_fnati_0/1	Kya ha ha!	Hé hé hé !	КЯ-ХА-ХА!	Kya ha ha!
Conversations/Friday Night at the Inn/Post_FNATI/post_fnati/terithia_post_fnati_0/init	Look at all these fishies mingling!	Regarde-les tous ensemble ! On dirait des poissons dans l'eau !	Гляди, рыбы косяками плавают!	Look at all these fishies mingling!
Conversations/Friday Night at the Inn/Post_FNATI/post_fnati/terithia_post_fnati_1/1	Especially when you don't have to cook!	Surtout quand ça n'est pas toi qui dois cuisiner !	Особенно, когда готовить не надо!	Especially when you don't have to cook!
Conversations/Friday Night at the Inn/Post_FNATI/post_fnati/terithia_post_fnati_1/init	Nothing beats spending an evening with friends, eh?	Une soirée entre copains, il n'y a que ça de vrai, hein ?	Хорошо провести вечер с друзьями, да?	Nothing beats spending an evening with friends, eh?
Conversations/Friday Night at the Inn/Post_FNATI/post_fnati/terithia_post_fnati_2/1	But, probably best we didn't. Bad booze gives you an incentive to sail back!	Mais c'est peut-être mieux comme ça. Le mauvais alcool, ça donne envie de revenir vite à bon port.	Но и хорошо, что не было. Ведь от плохого пойла больше тянет домой!	But, probably best we didn't. Bad booze gives you an incentive to sail back!
Conversations/Friday Night at the Inn/Post_FNATI/post_fnati/terithia_post_fnati_2/2	Kya ha ha!	Hé hé hé !	КЯ-ХА-ХА!	Kya ha ha!
Conversations/Friday Night at the Inn/Post_FNATI/post_fnati/terithia_post_fnati_2/init	If we'd had a ship's chandler like Hemlock, we would have been drinking the good stuff out on the high seas!	Si on avait eu un cambusier comme Hemlock, on aurait bu des boissons incroyables lors de nos traversées !	Если б наш корабельный торговец был как Хейден, была бы у нас в море хорошая выпивка!	If we'd had a ship's chandler like Hemlock, we would have been drinking the good stuff out on the high seas!
Conversations/Friday Night at the Inn/Post_FNATI/post_fnati/valen_post_fnati_0/init	Good evening! It's good to see you taking some time to relax.	Bonsoir ! Je suis contente de voir que tu prends le temps de te détendre.	Добрый вечер! Приятно видеть, что ты <p>решили</p><f>решила</f><m>решил</m><n>решило</n> уделить время отдыху.	Good evening! It's good to see you taking some time to relax.
Conversations/Friday Night at the Inn/Post_FNATI/post_fnati/valen_post_fnati_1/init	A week with minimal emergencies. Now that's something to celebrate.	Cette semaine, j'ai eu très peu d'urgences à traiter. Je dois fêter ça.	Неделя без происшествий. Вот это стоит отпраздновать.	A week with minimal emergencies. Now that's something to celebrate.
Conversations/Friday Night at the Inn/Post_FNATI/post_fnati/valen_post_fnati_2/1	And it doesn't hurt to be around in the event someone enjoys themselves too thoroughly.	Et ça me rassure d'être là, au cas où quelqu'un profiterait un peu trop de la fête.	К тому же, если кто-то будет отдыхать слишком усердно, то мне не помешает быть рядом.	And it doesn't hurt to be around in the event someone enjoys themselves too thoroughly.
Conversations/Friday Night at the Inn/Post_FNATI/post_fnati/valen_post_fnati_2/init	It's always nice to get out of the Clinic. I like to see everyone enjoying themselves.	C'est toujours agréable de sortir un peu de ma clinique. J'aime bien voir tout le monde passer un bon moment.	Выбираться из клиники всегда хорошо. Люблю смотреть, как люди отдыхают.	It's always nice to get out of the Clinic. I like to see everyone enjoying themselves.
