key	english	french	russian	bulgarian
Conversations/Bank/Valen/Banked Lines/Paperwork/paperwork/1	Turns out I signed up for a lot of paperwork as well...	Au final, je dois m'occuper d'énormément de paperasse...	Оказалось, что я подписалась ещё и на горы бумажной работы...	Turns out I signed up for a lot of paperwork as well...
Conversations/Bank/Valen/Banked Lines/Paperwork/paperwork/init	I wanted to become a doctor so that I could help people.	J'ai voulu devenir docteure pour aider les gens. Mais je me suis aperçue qu'il y avait aussi beaucoup de paperasses...	Я хотела стать докторшей, чтобы помогать людям. Оказалось, что я подписалась ещё и на горы бумажной работы...	I wanted to become a doctor so that I could help people.
Conversations/Bank/Valen/Banked Lines/ancient_medicine/ancient_medicine/1	It outlined a surprisingly modern sounding medical technique. I might make use of it myself.	Il décrivait une technique médicale étonnamment moderne. Je vais peut-être même m'en servir.	Там описана удивительно современная медицинская техника. Может, сама её применю.	It outlined a surprisingly modern sounding medical technique. I might make use of it myself.
Conversations/Bank/Valen/Banked Lines/ancient_medicine/ancient_medicine/init	Eiland had me come by for consultation of an old scroll.	Eiland est venu me voir pour que je donne mon avis sur un ancien parchemin.	Эйланд позвал меня проконсультироваться по старому свитку.	Eiland had me come by for consultation of an old scroll.
Conversations/Bank/Valen/Banked Lines/balor_can_keep_secrets/balor_secrets/init	Balor can keep his secrets. All I need to know is that he ships medicine to people in need.	Je n'ai que faire des secrets de Balor. L'important, c'est de savoir qu'il fait parvenir les médicaments aux gens qui en ont besoin.	Балор пусть хранит свои секреты. Мне достаточно знать, что он отправляет лекарства нуждающимся.	Balor can keep his secrets. All I need to know is that he ships medicine to people in need.
Conversations/Bank/Valen/Banked Lines/basement/basement_1/init	How are you, [Ari]?	Comment te sens-tu, [Ari] ?	Как ты, [Ari]?	How are you, [Ari]?
Conversations/Bank/Valen/Banked Lines/bathhouse/bathhouse/init	Of all the places Juniper could have put her bathhouse, she had to put it next door.	Il a fallu que Juniper ouvre ses bains, pile à côté de ma clinique.	Из всех мест, где Джунипер могла открыть купальню, она выбрала соседний участок.	Of all the places Juniper could have put her bathhouse, she had to put it next door.
Conversations/Bank/Valen/Banked Lines/bathhouse_2/bathhouse_2/1	Except when I can hear that laugh of hers through the wall...	Sauf quand j'entends son rire distinctif de l'autre côté du mur...	Если не считать её смех, который я слышу через стену...	Except when I can hear that laugh of hers through the wall...
Conversations/Bank/Valen/Banked Lines/bathhouse_2/bathhouse_2/init	I'll say this for Juniper... she's done a wonderful job reimagining this place. It's very calming.	Pour sa défense, Juniper a fait un travail remarquable en restaurant ces bains. C'est très relaxant.	Надо отдать должное Джунипер... она прекрасно переосмыслила это место. Тут очень спокойно.	I'll say this for Juniper... she's done a wonderful job reimagining this place. It's very calming.
Conversations/Bank/Valen/Banked Lines/bathhouse_2/bathhouse_3/1	Dozy runs a tight bathhouse.	Dozy gère très bien les bains.	Дрёма держит купальню в образцовом порядке.	Dozy runs a tight bathhouse.
Conversations/Bank/Valen/Banked Lines/bathhouse_2/bathhouse_3/init	Credit where credit is due...	Il faut bien reconnaître que...	Отдам должное...	Credit where credit is due...
Conversations/Bank/Valen/Banked Lines/bathhouse_2/bathhouse_4/1	A good soak in the bath ought to straighten me right out.	Un bon bain chez Juniper et je serai à nouveau en pleine forme.	Хорошая ванна должна меня выправить.	A good soak in the bath ought to straighten me right out.
Conversations/Bank/Valen/Banked Lines/bathhouse_2/bathhouse_4/init	I slept oddly and have a bit of tension in my neck...	J'ai mal dormi et je suis toute tendue au niveau du cou...	Спала неудобно, теперь немного тянет шею...	I slept oddly and have a bit of tension in my neck...
Conversations/Bank/Valen/Banked Lines/bathhouse_2/bathhouse_5/1	It reminded me of the long treks I took with my father. He was an avid hiker, you know.	Ça me rappelle les longues excursions que je faisais avec mon père. C'était un grand randonneur, tu sais.	Мне сразу вспоминаются долгие лесные походы с отцом. Знаешь, он ведь был заядлым походником.	It reminded me of the long treks I took with my father. He was an avid hiker, you know.
Conversations/Bank/Valen/Banked Lines/bathhouse_2/bathhouse_5/init	There's some kind of heady pine extract in the bath today.	Aujourd'hui, il y a un extrait de pin à l'arôme assez entêtant, dans le bain.	В ванной сегодня какой-то дурманящий хвойный аромат.	There's some kind of heady pine extract in the bath today.
Conversations/Bank/Valen/Banked Lines/bathhouse_2/bathhouse_6/1	Which is quite frequently, might I add.	Ce qui arrive assez fréquemment.	Отмечу: это случается довольно часто.	Which is quite frequently, might I add.
Conversations/Bank/Valen/Banked Lines/bathhouse_2/bathhouse_6/init	The trick to a pleasant bath is sneaking in while Juniper is asleep at the till.	Pour être tranquille aux bains, le secret est de se faufiler pendant que Juniper est endormie à la caisse.	Рецепт хорошей бани — пробраться, пока Джунипер дремлет за кассой.	The trick to a pleasant bath is sneaking in while Juniper is asleep at the till.
Conversations/Bank/Valen/Banked Lines/bathhouse_2/bathhouse_7/1	I don't know why he bothers working with Juniper.	Je ne comprends pas pourquoi il s'embête à travailler avec Juniper.	Не знаю, зачем он до сих пор держит Джунипер.	I don't know why he bothers working with Juniper.
Conversations/Bank/Valen/Banked Lines/bathhouse_2/bathhouse_7/init	That Dozy runs a wonderful bathhouse...	Dozy gère les bains comme personne...	Дрёма так чудесно управляется с купальней...	That Dozy runs a wonderful bathhouse...
Conversations/Bank/Valen/Banked Lines/beach_nice/beach_nice/init	A day in the surf is just what I needed.	J'avais bien besoin d'une journée à la plage.	День на волнах — это именно то, что мне было нужно.	A day in the surf is just what I needed.
Conversations/Bank/Valen/Banked Lines/beach_nice/beach_nice_2/init	Walking out into the surf certainly is bracing! But one gets used to the cold soon enough.	L'eau de mer est vraiment vivifiante ! Au début elle est froide, mais on s'habitue vite.	Зайти в воду по пояс — это бодрит! Но к холоду быстро привыкаешь.	Walking out into the surf certainly is bracing! But one gets used to the cold soon enough.
Conversations/Bank/Valen/Banked Lines/beach_nice/beach_nice_3/1	Swimming is great exercise, you know! It's a low-impact, full-body workout.	Nager est très bon pour la santé, tu sais ! Ça fait travailler tout le corps !	Плавание — отличная тренировка! Низкая нагрузка — и работа для всего тела.	Swimming is great exercise, you know! It's a low-impact, full-body workout.
Conversations/Bank/Valen/Banked Lines/beach_nice/beach_nice_3/init	Are you planning to do some laps, [Ari]?	Tu comptes faire quelques longueurs, [Ari] ?	Планируешь поплавать, [Ari]?	Are you planning to do some laps, [Ari]?
Conversations/Bank/Valen/Banked Lines/best_medicine/best_medicine/1	But I'm at your service if that doesn't cut it.	Mais si malgré tout ça quelque chose ne va pas, je suis toujours là pour t'aider.	Но если этого мало, я к твоим услугам.	But I'm at your service if that doesn't cut it.
Conversations/Bank/Valen/Banked Lines/best_medicine/best_medicine/init	There's no better medicine than sleeping, eating well, and living well.	Pour une bonne hygiène de vie, il faut bien dormir, bien manger et bien vivre.	Нет лекарства лучше сна, правильного питания и здорового образа жизни.	There's no better medicine than sleeping, eating well, and living well.
Conversations/Bank/Valen/Banked Lines/blocking_junipers_sun/blocking_junipers_sun/1	"Except for Juniper, it seems. She became quite irritable because I was ""blocking her sun""."	Sauf Juniper, visiblement. Elle s'est énervée parce que je lui « cachais le soleil ».	Кроме Джунипер, похоже. Она раздражалась, что я «закрывала ей солнце».	"Except for Juniper, it seems. She became quite irritable because I was ""blocking her sun""."
Conversations/Bank/Valen/Banked Lines/blocking_junipers_sun/blocking_junipers_sun/init	I'm happy to see you down on the Beach, [Ari]. Most people find it relaxing.	Je suis contente de te voir à la plage, [Ari]. La plupart des gens se détendent à la mer.	Рада видеть тебя на пляже, [Ari]. Большинство находит это место умиротворяющим.	I'm happy to see you down on the Beach, [Ari]. Most people find it relaxing.
Conversations/Bank/Valen/Banked Lines/breakfast/breakfast/init	Did you eat a balanced breakfast, [Ari]? It sets the tone for your day. Here, take this.	Tu as pris un petit-déjeuner équilibré, [Ari] ? Ça conditionne toute ta journée. Tiens, c'est pour toi.	У тебя был сбалансированный завтрак, [Ari]? Завтрак задаёт тон дню. Вот, возьми.	Did you eat a balanced breakfast, [Ari]? It sets the tone for your day. Here, take this.
Conversations/Bank/Valen/Banked Lines/breakfast/breakfast_2/1	That's what my father used to say, anyway.	C'est en tout cas ce que mon père disait toujours.	Так говорил мой отец.	That's what my father used to say, anyway.
Conversations/Bank/Valen/Banked Lines/breakfast/breakfast_2/2	"Though I don't know if I'd call a dozen boiled eggs ""balanced""."	Même si une douzaine d'œufs durs, ce n'est pas ce que j'appellerais un « petit-déjeuner équilibré ».	Хотя дюжину варёных яиц я бы сбалансированными не назвала.	"Though I don't know if I'd call a dozen boiled eggs ""balanced""."
Conversations/Bank/Valen/Banked Lines/breakfast/breakfast_2/init	A balanced breakfast opens the door to a balanced day.	Un petit-déjeuner équilibré est la clé d'une journée équilibrée.	Сбалансированный завтрак — залог сбалансированного дня.	A balanced breakfast opens the door to a balanced day.
Conversations/Bank/Valen/Banked Lines/breakfast/breakfast_3/init	Be sure to get yourself some breakfast, [Ari]. A farmer needs it.	N'oublie pas de prendre un bon petit-déjeuner, [Ari]. C'est primordial quand on travaille à la ferme.	Не забудь позавтракать, [Ari]. Фермеру это необходимо.	Be sure to get yourself some breakfast, [Ari]. A farmer needs it.
Conversations/Bank/Valen/Banked Lines/breakfast/breakfast_4/1	Make sure you eat something that will keep you warm today.	N'oublie pas de manger quelque chose qui te tiendra au corps, aujourd'hui.	Обязательно съешь что-нибудь, чтобы тебе было тепло в течение дня.	Make sure you eat something that will keep you warm today.
Conversations/Bank/Valen/Banked Lines/breakfast/breakfast_4/init	As tempting as it is, a cup of =Coffee= is not a proper breakfast.	Même si c'est tentant, une simple tasse de =café= ne constitue pas un vrai petit-déjeuner.	=Кофе= на завтрак звучит очень соблазнительно, но этого недостаточно.	As tempting as it is, a cup of =Coffee= is not a proper breakfast.
Conversations/Bank/Valen/Banked Lines/breakfast/breakfast_5/init	Have yourself some breakfast, [Ari]! Or at least take something to go. You never know when you'll need to renew your energy.	Prends un bon petit-déjeuner, [Ari] ! Ou au moins quelque chose sur le pouce. Tu ne sais jamais quand tu auras le temps de manger dans la journée.	Присядь позавтракай, [Ari]! Или хотя бы возьми с собой. Никогда не знаешь, когда захочется подкрепиться.	Have yourself some breakfast, [Ari]! Or at least take something to go. You never know when you'll need to renew your energy.
Conversations/Bank/Valen/Banked Lines/bundle_up/bundle_up/init	I don't need to tell you, but be sure to bundle up when you go outside.	Je n'ai sûrement pas besoin de te le dire, mais pense à bien te couvrir quand tu sors.	Не мне тебя учить, но одевайся потеплее, когда выходишь на улицу.	I don't need to tell you, but be sure to bundle up when you go outside.
Conversations/Bank/Valen/Banked Lines/celine_hates_holts_puns/celine_hates_holts_puns/init	Celine wants me to classify her father's sense of humor as a medical condition... it's tempting...	Céline veut que je classe le sens de l'humour de son père comme une vraie pathologie... J'avoue que c'est tentant...	Селин просит классифицировать чувство юмора её отца как медицинское состояние... заманчиво...	Celine wants me to classify her father's sense of humor as a medical condition... it's tempting...
Conversations/Bank/Valen/Banked Lines/chin_up/chin_up/1	Good, good.	Bien, bien.	Хорошо, хорошо.	Good, good.
Conversations/Bank/Valen/Banked Lines/chin_up/chin_up/init	Chin up. Turn your head to the side. Let me check your lymph nodes.	Lève le menton. Tourne la tête. Laisse-moi regarder tes ganglions lymphatiques.	Подними подбородок. Поверни голову в сторону. Проверю лимфоузлы.	Chin up. Turn your head to the side. Let me check your lymph nodes.
Conversations/Bank/Valen/Banked Lines/clinic_furniture/clinic_furniture/1	Medical furniture isn't always easy to find, so I'm rather impressed by Merri's resourcefulness.	Le matériel médical n'est pas facile à trouver, mais je dois dire que je suis impressionnée par l'ingéniosité dont Merri fait preuve.	Медицинскую мебель не так просто найти, так что я впечатлена находчивостью Мэрри.	Medical furniture isn't always easy to find, so I'm rather impressed by Merri's resourcefulness.
Conversations/Bank/Valen/Banked Lines/clinic_furniture/clinic_furniture/init	I inherited most of the furniture in this clinic, and the rest was furnished by Merri.	J'ai reçu la plus grande partie du mobilier de la clinique en héritage. Le reste vient de chez Merri.	Большую часть мебели в клинике я унаследовала, остальное предоставила Мэрри.	I inherited most of the furniture in this clinic, and the rest was furnished by Merri.
Conversations/Bank/Valen/Banked Lines/clinic_work/clinic_work/1	How nice. Hello!	C'est très gentil. Eh bien, bonjour !	Как мило. Привет!	How nice. Hello!
Conversations/Bank/Valen/Banked Lines/clinic_work/clinic_work/init	[Ari]! Hold on, I'll pull out your charts... Oh, you're just stopping by to say hello?	[Ari] ! Un instant, je sors ton dossier médical... Oh, tu passais juste dire bonjour ?	[Ari]! Подожди, достану твою карточку... О, ты здесь просто поздороваться?	[Ari]! Hold on, I'll pull out your charts... Oh, you're just stopping by to say hello?
Conversations/Bank/Valen/Banked Lines/clinic_work/clinic_work_2/1	I was just thinking that the Clinic was a little quiet today.	J'étais justement en train de me dire que c'était assez calme à la clinique, aujourd'hui.	Я как раз думала, что в клинике сегодня тихо.	I was just thinking that the Clinic was a little quiet today.
Conversations/Bank/Valen/Banked Lines/clinic_work/clinic_work_2/init	Oh, [Ari]! Thanks for stopping by.	Oh, [Ari] ! Merci de passer.	О, [Ari]! Спасибо, что <p>зашли</p><f>зашла</f><m>зашёл</m><n>зашло</n>.	Oh, [Ari]! Thanks for stopping by.
Conversations/Bank/Valen/Banked Lines/clinic_work/clinic_work_3/1	Take as long as you need to warm up in the Clinic.	Prends tout le temps nécessaire pour te réchauffer ici, à la clinique.	Можешь погреться у меня в клинике сколько захочешь.	Take as long as you need to warm up in the Clinic.
Conversations/Bank/Valen/Banked Lines/clinic_work/clinic_work_3/init	How's the weather out there?	Quel temps fait-il, dehors ?	Как там погодка?	How's the weather out there?
Conversations/Bank/Valen/Banked Lines/clinic_work/clinic_work_4/init	Stay warm out there, [Ari].	Couvre-toi bien, [Ari].	Не замёрзни, [Ari].	Stay warm out there, [Ari].
Conversations/Bank/Valen/Banked Lines/closing_early/closing_early/init	I was going to keep the Clinic open today, but Hayden's right... even a doctor needs a day off every once in a while.	Je voulais ouvrir la clinique aujourd'hui, mais Hayden a raison... Même un médecin a le droit à un jour de repos, de temps en temps.	Хотела сегодня держать клинику открытой, но Хейден прав... даже врачу иногда нужен выходной.	I was going to keep the Clinic open today, but Hayden's right... even a doctor needs a day off every once in a while.
Conversations/Bank/Valen/Banked Lines/cold_out_there/cold_out_there/1	I prescribe a pair of gloves and a fluffy pair of socks.	Je te prescris des gants et une paire de chaussettes bien chaudes.	Выписываю перчатки и пушистые носки.	I prescribe a pair of gloves and a fluffy pair of socks.
Conversations/Bank/Valen/Banked Lines/cold_out_there/cold_out_there/init	It's cold out there, so I suggest keeping your extremities well insulated.	Il fait froid, alors fais en sorte de bien couvrir toutes les extrémités de ton corps.	На улице холодно, советую утеплить конечности.	It's cold out there, so I suggest keeping your extremities well insulated.
Conversations/Bank/Valen/Banked Lines/cold_season/cold_season/1	Be sure to drop by if you get the sniffles, [Ari]. I'll get you sorted.	Si jamais tu t'enrhumes, viens me voir, [Ari]. Je te remettrai sur pieds en un rien de temps.	Заглядывай, если схватишь насморк, [Ari]. Я тебя быстро вылечу.	Be sure to drop by if you get the sniffles, [Ari]. I'll get you sorted.
Conversations/Bank/Valen/Banked Lines/cold_season/cold_season/init	I'll need to stock up on willow bark extract before cold season hits.	Je vais devoir faire le plein d'écorce de saule avant le début de la saison froide.	Надо пополнить запас экстракта ивы до наступления простудного сезона.	I'll need to stock up on willow bark extract before cold season hits.
Conversations/Bank/Valen/Banked Lines/dell_skeleton/dell_skeleton/1	I'm all for it.	Je suis pour, évidemment.	Я только за.	I'm all for it.
Conversations/Bank/Valen/Banked Lines/dell_skeleton/dell_skeleton/init	Dell seems quite taken with the skeleton in my clinic. She's been asking Nora to get one for the General Store.	Dell semble adorer le squelette exposé dans ma clinique. Elle a demandé à Nora d'en installer un dans le magasin général.	Делл очень заинтересовалась скелетом у меня в клинике. Теперь она просит поставить такого же в универмаге.	Dell seems quite taken with the skeleton in my clinic. She's been asking Nora to get one for the General Store.
Conversations/Bank/Valen/Banked Lines/dinner/dinner/init	Sometimes an extra portion of dinner is good for soaking up the wine.	Il faut parfois reprendre un peu de nourriture pour absorber le vin que tu bois.	Иногда дополнительная порция ужина помогает впитать вино.	Sometimes an extra portion of dinner is good for soaking up the wine.
Conversations/Bank/Valen/Banked Lines/do_you_take_care_of_yourself/take_care_of_yourself/init	[Ari], are you taking care of yourself? Or do you have someone to take care of you?	[Ari], est-ce que tu prends bien soin de toi ? Ou est-ce que quelqu'un s'en occupe pour toi ?	[Ari], ты заботишься о себе? Или есть кто-то, кто заботится о тебе?	[Ari], are you taking care of yourself? Or do you have someone to take care of you?
Conversations/Bank/Valen/Banked Lines/drinks/drinks/1	I'm so happy I came back to Mistria to practice medicine.	Je suis très heureuse d'être revenue à Mistria pour exercer.	Я так рада, что для врачебной практики вернулась в Мистрию.	I'm so happy I came back to Mistria to practice medicine.
Conversations/Bank/Valen/Banked Lines/drinks/drinks/init	I suppose this drink has made me a bit nostalgic. I was just thinking about medical university in the Capital.	Cette boisson me rend nostalgique. Ça me rappelle mes études de médecine à la capitale.	Пожалуй, выпивка заставляет тосковать по прошлому. Вспоминала медицинский университет в cтолице.	I suppose this drink has made me a bit nostalgic. I was just thinking about medical university in the Capital.
Conversations/Bank/Valen/Banked Lines/eight_hours/eight_hours/init	Be sure to get your eight hours of sleep, [Ari].	N'oublie pas de bien dormir tes huit heures, [Ari].	Обязательно высыпайся, [Ari].	Be sure to get your eight hours of sleep, [Ari].
Conversations/Bank/Valen/Banked Lines/elsie_advice/elsie_advice/1	I don't need the help, but maybe you do, [Ari]?	Moi, je n'ai pas besoin de conseils, mais toi, [Ari] ?	Мне помощь не нужна, а вот тебе, [Ari], может, пригодится?	I don't need the help, but maybe you do, [Ari]?
Conversations/Bank/Valen/Banked Lines/elsie_advice/elsie_advice/init	I always come out here to chat with Elsie, but the conversation always turns to romance.	Je viens souvent ici pour discuter avec Elsie, mais nous finissons toujours par parler de nos amours.	Я всегда выхожу сюда поболтать с Элси, но разговор неизменно сворачивает к романтике.	I always come out here to chat with Elsie, but the conversation always turns to romance.
Conversations/Bank/Valen/Banked Lines/elsie_book/elsie_book/1	What exactly does Elsie think a doctor does?	Quelle idée Elsie se fait-elle de ma profession, au juste ?	Как Элси себе представляет работу врача?	What exactly does Elsie think a doctor does?
Conversations/Bank/Valen/Banked Lines/elsie_book/elsie_book/init	Elsie loaned me a book she said was about medicine, but it's more about an adventuring physician who heals her patients with kisses.	Elsie m'a prêté un livre traitant de médecine selon elle, mais c'est en réalité l'histoire d'une docteure doublée d'une aventurière qui soigne ses patients en les embrassant.	Элси дала мне книгу, сказала, что она о медицине, но там про странствующего врача, что лечит пациентов поцелуями.	Elsie loaned me a book she said was about medicine, but it's more about an adventuring physician who heals her patients with kisses.
Conversations/Bank/Valen/Banked Lines/elsie_gazebo/elsie_gazebo/1	It's almost like she's holding court, when she's up there.	Quand elle est là-bas, on dirait presque qu'elle tient salon.	Когда она там сидит, у нее будто официальный приём.	It's almost like she's holding court, when she's up there.
Conversations/Bank/Valen/Banked Lines/elsie_gazebo/elsie_gazebo/init	Elsie really seems to like that gazebo, doesn't she?	Elsie aime beaucoup ce kiosque, non ?	Элси и правда любит ту беседку, да?	Elsie really seems to like that gazebo, doesn't she?
Conversations/Bank/Valen/Banked Lines/elsie_wants_aphrodesiacs/elsie_wants_aphrodesiacs/init	I recently saw Elsie for a checkup, but it turned into an interrogation about aphrodisiacs. Well, I can't say she doesn't know her stuff.	Elsie est venue pour une simple consultation, mais la conversation a vite dérivé sur les aphrodisiaques. Je dois admettre qu'elle maîtrise le sujet.	Недавно Элси приходила на осмотр, но всё закончилось расспросами про афродизиаки. Что ж, не скажу, что она ничего в этом не понимает.	I recently saw Elsie for a checkup, but it turned into an interrogation about aphrodisiacs. Well, I can't say she doesn't know her stuff.
Conversations/Bank/Valen/Banked Lines/empty_clinic/empty_clinic/1	It's a good thing, but it can be a little lonely. Sometimes the doctor's life is a real paradox, [Ari].	Je m'en réjouis bien entendu, mais je me sens un peu seule. La vie d'un médecin est parfois faite de paradoxes, [Ari].	Это хорошо, но иногда немного одиноко. Порой жизнь врача — настоящий парадокс, [Ari].	It's a good thing, but it can be a little lonely. Sometimes the doctor's life is a real paradox, [Ari].
Conversations/Bank/Valen/Banked Lines/empty_clinic/empty_clinic/init	An empty office means healthy patients.	Un cabinet vide est signe de patients en bonne santé.	Если кабинет пуст — значит, все здоровы.	An empty office means healthy patients.
Conversations/Bank/Valen/Banked Lines/end_of_day_wine/end_of_day_wine/init	A bit of wine at the end of the day is quite nice.	J'aime déguster un verre de vin en fin de journée.	Немного вина в конце дня — это очень приятно.	A bit of wine at the end of the day is quite nice.
Conversations/Bank/Valen/Banked Lines/exceptional_musicians/exceptional_musicians/init	We're very lucky to have three exceptional musicians right here in Mistria.	Nous avons beaucoup de chance d'avoir trois musiciens exceptionnels, ici à Mistria.	Нам повезло иметь трёх замечательных музыкантов прямо здесь, в Мистрии.	We're very lucky to have three exceptional musicians right here in Mistria.
Conversations/Bank/Valen/Banked Lines/fall_evening/fall_evening/init	It's a crisp fall evening. Now, how to spend it...	Quelle agréable soirée d'automne ! Que faire pour en profiter au maximum...?	Свежий осенний вечер. Как бы его провести...	It's a crisp fall evening. Now, how to spend it...
Conversations/Bank/Valen/Banked Lines/fall_outside/fall_outside/init	Autumn is my favorite season for working outside. Something about the brisk air suits me.	L'automne est ma saison préférée pour travailler en extérieur. L'air frais me convient très bien.	Осень — моё любимое время для работы на улице. В этом прохладном воздухе есть что-то особенное.	Autumn is my favorite season for working outside. Something about the brisk air suits me.
Conversations/Bank/Valen/Banked Lines/fall_outside/fall_outside_2/init	I wait all year for the leaves to turn... it would be a shame to work inside after they've changed color.	J'attends toute l'année pour voir les feuilles changer de couleur... Ce serait dommage de rater ce spectacle en restant à l'intérieur.	Весь год жду, когда листья поменяют цвет... было бы жалко сидеть взаперти, когда это происходит.	I wait all year for the leaves to turn... it would be a shame to work inside after they've changed color.
Conversations/Bank/Valen/Banked Lines/fluffy_file/fluffy_file/1	Maple insisted I start one for her fluffy friend. It's a little unorthodox, but I'm just happy to see her take an interest.	Maple a tenu à ce que j'en crée un pour sa peluche. Ce n'est pas très orthodoxe, mais au moins, elle prend la santé au sérieux.	Мэйпл настояла, чтобы я завела её для её пушистого друга. Немного необычно, но я рада, что она интересуется.	Maple insisted I start one for her fluffy friend. It's a little unorthodox, but I'm just happy to see her take an interest.
Conversations/Bank/Valen/Banked Lines/fluffy_file/fluffy_file/init	Oh, I was just looking over Prince Rabbit's medical file.	Oh, je consultais le dossier médical de prince Lapinou.	О, я как раз просматривала медицинскую карту Принца Кролика.	Oh, I was just looking over Prince Rabbit's medical file.
Conversations/Bank/Valen/Banked Lines/for_sale/for_sale/init	I've got plenty of syrups in, for all occasions. Take a look.	J'ai des sirops pour tous les maux. Regarde un peu.	У меня много сиропов: на все случаи жизни. Посмотри.	I've got plenty of syrups in, for all occasions. Take a look.
Conversations/Bank/Valen/Banked Lines/good_book/good_book/init	A cozy fall day is just the time to enjoy a good book, wouldn't you agree?	Une paisible journée d'automne est l'occasion rêvée de lire un bon bouquin, tu ne trouves pas ?	Уютный осенний день — самое время насладиться хорошей книгой, правда?	A cozy fall day is just the time to enjoy a good book, wouldn't you agree?
Conversations/Bank/Valen/Banked Lines/got_the_supplies/got_the_supplies/init	The General Store had everything I needed... shouldn't take too long to get my rainy day soup going.	Il y avait tout ce dont j'avais besoin au magasin général... Je vais préparer ma soupe des jours pluvieux en deux coups de cuillère à pot.	В универмаге было всё, что мне нужно... теперь можно скорее заняться супом дождливого дня.	The General Store had everything I needed... shouldn't take too long to get my rainy day soup going.
Conversations/Bank/Valen/Banked Lines/greeting_ari/greeting_ari/1	[Ari], isn't it?	[Ari], c'est ça ?	[Ari], верно?	[Ari], isn't it?
Conversations/Bank/Valen/Banked Lines/greeting_ari/greeting_ari/1/prompts/0	It's nice to meet you, Valen.	C'est un plaisir, Valen.	Приятно познакомиться, Вален.	It's nice to meet you, Valen.
Conversations/Bank/Valen/Banked Lines/greeting_ari/greeting_ari/1/prompts/1	Sure thing doc.	Bien, docteure.	Конечно, док.	Sure thing doc.
Conversations/Bank/Valen/Banked Lines/greeting_ari/greeting_ari/2	Me? I'm the town's doctor. I run our $Clinic$. No need for formalities though, you can just call me Valen.	Moi, je suis la docteure de la ville. Je dirige la $clinique$ locale. Pas de chichi entre nous. Appelle-moi Valen.	Я? Я местная докторша. Руковожу нашей $клиникой$. Но не нужно формальностей — просто зови меня Вален.	Me? I'm the town's doctor. I run our $Clinic$. No need for formalities though, you can just call me Valen.
Conversations/Bank/Valen/Banked Lines/greeting_ari/greeting_ari/2/prompts/0	It's nice to meet you, Valen.	C'est un plaisir de te rencontrer, Valen.	Очень приятно, Вален.	It's nice to meet you, Valen.
Conversations/Bank/Valen/Banked Lines/greeting_ari/greeting_ari/2/prompts/1	Sure thing doc.	Ça marche, doc.	Так точно, док.	Sure thing doc.
Conversations/Bank/Valen/Banked Lines/greeting_ari/greeting_ari/3	You too, [Ari]. I hope you're getting settled in alright.	Idem, [Ari]. J'espère que ton installation se passe bien.	Взаимно, [Ari]. Надеюсь, обживаешься без проблем.	You too, [Ari]. I hope you're getting settled in alright.
Conversations/Bank/Valen/Banked Lines/greeting_ari/greeting_ari/4	Really, Valen is fine.	Valen, c'est suffisant.	Лучше Вален, правда.	Really, Valen is fine.
Conversations/Bank/Valen/Banked Lines/greeting_ari/greeting_ari/5	Running a farm is hard work.	C'est beaucoup de travail de s'occuper d'une ferme.	Ухаживать за фермой — дело непростое.	Running a farm is hard work.
Conversations/Bank/Valen/Banked Lines/greeting_ari/greeting_ari/6	Be sure that you get $plenty of sleep$ and $eat well$ to keep your energy up.	Veille à $dormir suffisamment$ et à $bien manger$ pour rester en pleine forme.	Обязательно $высыпайся$ и $питайся$ как следует, чтобы не терять силы.	Be sure that you get $plenty of sleep$ and $eat well$ to keep your energy up.
Conversations/Bank/Valen/Banked Lines/greeting_ari/greeting_ari/init	Hello, you must be the new farmer.	Oh, bonjour ! C'est certainement toi qui as repris la ferme.	Здравствуйте. Ты, должно быть, <p>новые фермер</p><f>новая фермерка</f><m>новый фермер</m><n>новое фермер</n>.	Hello, you must be the new farmer.
Conversations/Bank/Valen/Banked Lines/hayden_injury_free/hayden_injury_free/init	Hayden had an injury-free week... I suppose he just came by to talk. That's nice.	Hayden ne s'est pas blessé une seule fois cette semaine... Il est juste passé discuter. Ça me change.	У Хейдена прошла неделя без травм... похоже, он просто заглянул поговорить. Это приятно.	Hayden had an injury-free week... I suppose he just came by to talk. That's nice.
Conversations/Bank/Valen/Banked Lines/hayden_lonely/hayden_lonely/1	I doubt he'd admit it, but I get the feeling he doesn't like being alone on the farm for long stretches...	Il ne l'admettrait sans doute pas, mais j'ai l'impression qu'il n'aime pas rester seul à la ferme trop longtemps...	Вряд ли он признается, но мне кажется, ему не по душе подолгу оставаться на ферме в одиночестве...	I doubt he'd admit it, but I get the feeling he doesn't like being alone on the farm for long stretches...
Conversations/Bank/Valen/Banked Lines/hayden_lonely/hayden_lonely/2	Now that you're neighbors, make some time to visit him now and then, won't you?	Maintenant que vous êtes voisins, rends-lui visite de temps à autre, tu veux bien ?	Раз уж вы теперь соседи, найди время навещать его периодически, хорошо?	Now that you're neighbors, make some time to visit him now and then, won't you?
Conversations/Bank/Valen/Banked Lines/hayden_lonely/hayden_lonely/3	I'm sure it'd be good for the both of you.	Je suis certaine que cela vous fera du bien à tous les deux.	Уверен, это пойдёт на пользу вам обоим.	I'm sure it'd be good for the both of you.
Conversations/Bank/Valen/Banked Lines/hayden_lonely/hayden_lonely/init	Hayden likes to have friends over for dinner often.	Hayden aime avoir souvent des amis à dîner.	Хейден любит часто приглашать друзей на ужин.	Hayden likes to have friends over for dinner often.
Conversations/Bank/Valen/Banked Lines/hayden_might_stop_by/hayden_might_stop_by/init	Hayden said he might stop by for a visit, so I put the ointment and gauze out. I wonder which farming implement he stabbed himself with this week...	Hayden m'a dit qu'il passerait peut-être pour une visite, alors j'ai préparé la pommade et les bandages. Avec quel outil de jardinage s'est-il blessé, cette fois...?	Хейден сказал, что может заглянуть, так что я приготовила мазь и бинты. Интересно, чем из сельхозинвентаря он на этот раз себя поранил...	Hayden said he might stop by for a visit, so I put the ointment and gauze out. I wonder which farming implement he stabbed himself with this week...
Conversations/Bank/Valen/Banked Lines/heart_level_lines/four_to_five_0/1	Try not to overdo it.	Attention au surmenage.	Постарайся не переусердствовать.	Try not to overdo it.
Conversations/Bank/Valen/Banked Lines/heart_level_lines/four_to_five_0/init	Running around as usual I see.	Je vois que tu n'arrêtes pas, comme d'habitude.	Как всегда, бегаешь туда-сюда, как я погляжу.	Running around as usual I see.
Conversations/Bank/Valen/Banked Lines/heart_level_lines/two_to_three_0/init	It's nice that you take the time to chat, even when you're not in medical need.	C'est gentil à toi de passer, même quand tu n'as rien.	Приятно, что ты находишь время для разговора, даже когда не нужна медицинская помощь.	It's nice that you take the time to chat, even when you're not in medical need.
Conversations/Bank/Valen/Banked Lines/heart_level_lines/zero_to_one_0/init	As a lifelong resident of Mistria, let me know if you need any pointers.	Je vis à Mistria depuis toujours, alors si tu as besoin de conseils, je suis là.	Как жительница Мистрии с рождения я могу дать советы, если нужно.	As a lifelong resident of Mistria, let me know if you need any pointers.
Conversations/Bank/Valen/Banked Lines/hot_baths_are_good/hot_baths_are_good/init	"I don't know if I care for Juniper's ""potions"", but I can't disagree that a hot bath is good for you. Don't hesitate to indulge, [Ari]."	Je ne peux pas dire que j'approuve les « remèdes » de Juniper, mais je dois admettre qu'un bon bain fait le plus grand bien. Prends du temps pour toi, [Ari].	Не знаю, что думать о «зельях» Джунипер, но не могу отрицать, что горячая ванна полезна. Не стесняйся побаловать себя, [Ari].	"I don't know if I care for Juniper's ""potions"", but I can't disagree that a hot bath is good for you. Don't hesitate to indulge, [Ari]."
Conversations/Bank/Valen/Banked Lines/hurt/hurt/1	Oh, you're just saying hello. That's kind of you. Um... hello.	Oh, tu passes juste dire bonjour. C'est gentil. Hum... bonjour.	О, просто <p>пришли</p><f>пришла</f><m>пришёл</m><n>пришло</n> поздороваться. Это мило. Эм... здравствуй.	Oh, you're just saying hello. That's kind of you. Um... hello.
Conversations/Bank/Valen/Banked Lines/hurt/hurt/init	Are you hurt, [Ari]?	Quelque chose ne va pas, [Ari] ?	Что-то болит, [Ari]?	Are you hurt, [Ari]?
Conversations/Bank/Valen/Banked Lines/hydrated/hydrated/init	If you spend a lot of time in the sun, be sure to stay hydrated.	Si tu passes beaucoup de temps au soleil, n'oublie pas de bien t'hydrater.	Если много времени проводишь на солнце, не забывай пить воду.	If you spend a lot of time in the sun, be sure to stay hydrated.
Conversations/Bank/Valen/Banked Lines/inn_is_great/inn_is_great/init	The cooking at the Inn is excellent and their wine cellar is expansive, if you haven't indulged yet, [Ari].	La nourriture qu'ils servent à l'auberge est excellente et leur cave est bien fournie. N'hésite pas à goûter à leurs crus, [Ari].	Кухня в трактире отличная и в винном погребе у них обширный выбор, если ещё не <p>пробовали</p><f>пробовала</f><m>пробовал</m><n>пробовало</n>, [Ari].	The cooking at the Inn is excellent and their wine cellar is expansive, if you haven't indulged yet, [Ari].
Conversations/Bank/Valen/Banked Lines/inn_is_great/inn_is_great_2/init	This mulled wine is just what I needed today.	Un bon vin chaud, c'est ce dont j'avais besoin aujourd'hui.	Глинтвейн — как раз то, что мне нужно сегодня.	This mulled wine is just what I needed today.
Conversations/Bank/Valen/Banked Lines/inn_is_great/inn_is_great_3/1	I'm quite fond of it.	J'aime cette ambiance.	Мне тут очень нравится.	I'm quite fond of it.
Conversations/Bank/Valen/Banked Lines/inn_is_great/inn_is_great_3/init	There's something comforting about this old building, isn't there?	Cette vieille bâtisse a quelque chose de réconfortant, tu ne trouves pas ?	Есть в этом старом здании что-то успокаивающее.	There's something comforting about this old building, isn't there?
Conversations/Bank/Valen/Banked Lines/inn_is_great/inn_is_great_4/1	It's working so far.	Et pour l'instant, ça fonctionne.	Пока что работает отлично.	It's working so far.
Conversations/Bank/Valen/Banked Lines/inn_is_great/inn_is_great_4/init	Bit of a long day today, so I thought I'd come by the Inn to relax.	La journée a été assez difficile, alors j'ai eu envie de passer à l'auberge pour me détendre.	У меня сегодня был долгий день, так что я решила прийти развеяться в трактир.	Bit of a long day today, so I thought I'd come by the Inn to relax.
Conversations/Bank/Valen/Banked Lines/junipers_boots/junipers_boots/init	Every day I expect Juniper to limp in here with a twisted ankle from those ridiculous boots of hers.	Il ne se passe pas un jour sans que je m'imagine Juniper débarquer avec une cheville foulée à cause de ses bottes aux talons ridiculement hauts.	Каждый день жду, что Джунипер ввалится сюда с вывихнутой лодыжкой из-за этих нелепых сапог.	Every day I expect Juniper to limp in here with a twisted ankle from those ridiculous boots of hers.
Conversations/Bank/Valen/Banked Lines/junipers_gone/junipers_gone/init	Juniper's out for the morning, which makes it the perfect time for a peaceful visit to the Bathhouse. She always hovers when I'm here...	Juniper s'absente le matin, c'est donc le moment idéal pour profiter des bains en toute tranquillité. Elle vient toujours me voir quand j'y suis...	Джунипер по утрам не бывает, так что это лучшее время для спокойного визита в купальню. Она всегда кружит вокруг, когда я там...	Juniper's out for the morning, which makes it the perfect time for a peaceful visit to the Bathhouse. She always hovers when I'm here...
Conversations/Bank/Valen/Banked Lines/keeping_busy/keeping_busy/init	You're keeping busy, aren't you? That's good.	Tu as toujours quelque chose à faire, hein ? C'est bien.	Дела идут, да? Это хорошо.	You're keeping busy, aren't you? That's good.
Conversations/Bank/Valen/Banked Lines/keeping_warm/keeping_warm/init	[Ari], you look well! I hope you're keeping warm.	[Ari], tu as l'air en forme ! J'espère que tu penses à bien te couvrir.	[Ari], ты выглядишь здорово! Надеюсь, не мёрзнешь.	[Ari], you look well! I hope you're keeping warm.
Conversations/Bank/Valen/Banked Lines/landen_knew_dad/landen_knew_dad/init	Landen and my father grew up together, back when the town was more populous. Landen and Errol were always getting into trouble and my father was always patching them up.	Landen et mon père ont grandi ensemble. À l'époque, il y avait plus d'habitants. Landen et Errol n'arrêtaient pas de se chamailler et mon père devait toujours les réconcilier.	Ланден и мой отец росли вместе, когда город был более людным. Ланден и Эррол всегда попадали в неприятности, а мой отец их латал.	Landen and my father grew up together, back when the town was more populous. Landen and Errol were always getting into trouble and my father was always patching them up.
Conversations/Bank/Valen/Banked Lines/like_to_keep_clinic_clean/like_to_keep_clinic_clean/init	I like to keep my office clean. Nothing's more unsightly than a dusty skeleton. I'm running a clinic, not a haunted house.	J'aime que mon cabinet soit impeccable. Il n'y a rien de plus désagréable qu'un squelette poussiéreux. Je tiens une clinique, pas une maison hantée.	Мне нравится держать кабинет в чистоте. Нет ничего хуже пыльного скелета. У меня ведь клиника, а не дом с привидениями.	I like to keep my office clean. Nothing's more unsightly than a dusty skeleton. I'm running a clinic, not a haunted house.
Conversations/Bank/Valen/Banked Lines/loaned_book/loaned_book/init	Celine loaned me a very interesting book about medicinal herbs. I wonder if Nora can procure these oils and extracts for me.	Céline m'a prêté un livre très intéressant sur les herbes médicinales. Je me demande si Nora pourrait se procurer ces huiles et ces baumes pour moi.	Селин одолжила мне очень интересную книгу о лечебных травах. Интересно, сможет ли Нора достать эти масла и экстракты.	Celine loaned me a very interesting book about medicinal herbs. I wonder if Nora can procure these oils and extracts for me.
Conversations/Bank/Valen/Banked Lines/manor_garden_wander/manor_garden_wander/1	Good for her! My father would be happy to see it.	Elle a vraiment la main verte ! Mon père serait heureux de voir ça.	Молодец! Мой отец был бы рад это видеть.	Good for her! My father would be happy to see it.
Conversations/Bank/Valen/Banked Lines/manor_garden_wander/manor_garden_wander/init	The roses were here during my father's time, too, but Celine has really brought the manor garden back to its former glory.	Ces roses étaient déjà là du temps de mon père, mais Céline a rendu au jardin du manoir sa gloire d'antan.	Эти розы росли ещё во времена моего отца, но Селин действительно вернула сад особняка к прежней красоте.	The roses were here during my father's time, too, but Celine has really brought the manor garden back to its former glory.
Conversations/Bank/Valen/Banked Lines/manor_garden_wander/manor_garden_wander_1/init	The manor garden is looking nice, even in the winter. I wonder how Celine does it.	Le jardin du manoir est toujours impeccable, même en hiver. Je me demande comment s'y prend Céline.	Сад у особняка такой ухоженный, даже зимой. Интересно, как Селин с ним справляется.	The manor garden is looking nice, even in the winter. I wonder how Celine does it.
Conversations/Bank/Valen/Banked Lines/morning_bath/morning_bath/1	Unless Juniper is at the till. Then I come back later.	Sauf si Juniper est à l'accueil. Dans ce cas, je reviens plus tard.	Если только Джунипер не на кассе. Тогда я прихожу позже.	Unless Juniper is at the till. Then I come back later.
Conversations/Bank/Valen/Banked Lines/morning_bath/morning_bath/init	This isn't medical advice per se, but I find that a bath in the morning sets a good tone for my day.	Ce n'est pas vraiment un conseil médical, mais je trouve qu'un bain matinal me donne de l'entrain pour la journée.	Это не врачебная рекомендация, но я считаю, что утренняя ванна задаёт правильный тон моему дню.	This isn't medical advice per se, but I find that a bath in the morning sets a good tone for my day.
Conversations/Bank/Valen/Banked Lines/morning_tea/morning_tea/init	There's a particular blend of immunity-boosting tea I like to drink on rainy days... not that rainy days cause colds! I just like the taste.	Quand il pleut, j'aime boire un thé particulier qui renforce l'immunité... Ça ne veut pas dire que la pluie provoque des rhumes ! C'est juste qu'il a bon goût.	Есть один особый чай для укрепления иммунитета, который я люблю пить дождливыми днями... не то чтобы дождь вызывал простуду! Просто вкус хороший.	There's a particular blend of immunity-boosting tea I like to drink on rainy days... not that rainy days cause colds! I just like the taste.
Conversations/Bank/Valen/Banked Lines/mornings/mornings/1	I prefer less hustle and bustle, to be honest.	Désormais, je fuis l'agitation.	Честно говоря, мне нравится, что меньше суеты.	I prefer less hustle and bustle, to be honest.
Conversations/Bank/Valen/Banked Lines/mornings/mornings/init	Mornings were so much noisier in the Capital.	Dans la capitale, les matinées étaient bien plus bruyantes.	Утро в столице всегда было намного шумнее.	Mornings were so much noisier in the Capital.
Conversations/Bank/Valen/Banked Lines/mulled_wine/mulled_wine/init	I do love a nice mulled wine.	J'apprécie un bon petit vin chaud.	Обожаю глинтвейн.	I do love a nice mulled wine.
Conversations/Bank/Valen/Banked Lines/museum_is_a_record/museum_is_a_record/1	Speaking as a doctor, knowledge of the past helps me address problems of the present.	En tant que docteure, j'estime que le savoir du passé nous aide à résoudre les problèmes du présent.	Говорю как докторша: знание прошлого помогает лечить проблемы настоящего.	Speaking as a doctor, knowledge of the past helps me address problems of the present.
Conversations/Bank/Valen/Banked Lines/museum_is_a_record/museum_is_a_record/init	It's good that Eiland and Errol are creating a record of things.	Eiland et Errol font du bon travail en répertoriant toutes sortes de choses.	Хорошо, что Эйланд и Эррол составляют записи.	It's good that Eiland and Errol are creating a record of things.
Conversations/Bank/Valen/Banked Lines/museum_is_a_record/museum_is_a_record_2/init	It's always nice and quiet here. It's easy to be contemplative, hand-in-hand with nature and the past.	J'aime le calme de ce lieu. Ces spécimens trouvés dans la nature et ces objets du passé invitent à la contemplation.	Здесь всегда тихо и спокойно. Легко задуматься, гуляя рука об руку с природой и прошлым.	It's always nice and quiet here. It's easy to be contemplative, hand-in-hand with nature and the past.
Conversations/Bank/Valen/Banked Lines/museum_is_a_record/museum_is_a_record_3/1	Impressive.	C'est impressionnant.	Впечатляет.	Impressive.
Conversations/Bank/Valen/Banked Lines/museum_is_a_record/museum_is_a_record_3/init	The Museum's collection has grown since the last time I was here.	La collection du musée s'est étoffée depuis ma dernière visite.	С моего последнего посещения музея коллекция существенно пополнилась.	The Museum's collection has grown since the last time I was here.
Conversations/Bank/Valen/Banked Lines/nice_produce/nice_produce/1	I suspect I have you to thank for it.	Mon petit doigt me dit que tu n'y es pas pour rien.	Думаю, за это мне стоит поблагодарить тебя.	I suspect I have you to thank for it.
Conversations/Bank/Valen/Banked Lines/nice_produce/nice_produce/init	Oh, hello [Ari]. Are you also doing grocery shopping? The produce is looking especially fresh today.	Tiens, bonjour [Ari]. Tu fais quelques courses ? Les produits ont l'air particulièrement frais aujourd'hui.	О, привет, [Ari]. Ты тоже за продуктами? Овощи сегодня особенно свежие.	Oh, hello [Ari]. Are you also doing grocery shopping? The produce is looking especially fresh today.
Conversations/Bank/Valen/Banked Lines/olric_is_healthy/olric_is_healthy/init	It's uncanny how healthy Olric is. I've seen that man do his workout in the rain and snow and walk away with nary a sniffle. Terrible hayfever, though.	Olric mène une vie incroyablement saine. J'ai vu ce garçon s'entraîner sous la pluie et sous la neige, mais il ne prend jamais froid. En revanche, il a des rhumes des foins terribles.	У Ольрика просто жутко крепкое здоровье.. Видела, как он тренировался под дождём и снегом и отделался лёгким насморком. Только сенная лихорадка мучает.	It's uncanny how healthy Olric is. I've seen that man do his workout in the rain and snow and walk away with nary a sniffle. Terrible hayfever, though.
Conversations/Bank/Valen/Banked Lines/outside_poison_work/outside_poison_work/1	I'm still trying to figure antidotes for these last two. You don't suppose Juniper knows, do you? She seems like she would.	J'essaie de découvrir un antidote pour ces deux-là. Tu crois que Juniper saurait quelque chose ? Ce serait bien le genre.	Всё ещё ищу противоядие для последних двух. Как думаешь, Джунипер знает? Думаю, это возможно.	I'm still trying to figure antidotes for these last two. You don't suppose Juniper knows, do you? She seems like she would.
Conversations/Bank/Valen/Banked Lines/outside_poison_work/outside_poison_work/init	It's rare that I get the chance to work out of doors, but I got lucky this week. I've been finishing up this survey of poisons.	Je sors rarement pour le travail, mais ça m'est arrivé cette semaine. Je termine une étude sur les poisons.	Редко получается работать на улице, но на этой неделе повезло. Заканчиваю исследование ядов.	It's rare that I get the chance to work out of doors, but I got lucky this week. I've been finishing up this survey of poisons.
Conversations/Bank/Valen/Banked Lines/plague/plague/init	Eiland found a record of an old plague, but after reviewing a few primary sources, I'm inclined to believe that it was just a bad case of food poisoning.	Eiland est tombé sur un document décrivant une ancienne épidémie. Après avoir étudié les premiers éléments, je pencherais plutôt pour une grosse intoxication alimentaire.	Эйланд нашёл запись о старой чуме, но после изучения источников я склонна считать, что это было просто пищевое отравление.	Eiland found a record of an old plague, but after reviewing a few primary sources, I'm inclined to believe that it was just a bad case of food poisoning.
Conversations/Bank/Valen/Banked Lines/plaster/plaster/init	Adeline lent me a book from the manor. It outlines an outdated method of casting, but this formula for plaster is new to me.	Adeline m'a prêté un traité venant de la bibliothèque du manoir. On y décrit une ancienne méthode pour faire un plâtre, mais la composition de ce dernier m'est inconnue.	Аделина одолжила мне книгу из особняка. Там устаревший метод литья, но вот формула для гипса — новая для меня.	Adeline lent me a book from the manor. It outlines an outdated method of casting, but this formula for plaster is new to me.
Conversations/Bank/Valen/Banked Lines/proper_sleep/proper_sleep/init	I hope you're getting proper sleep, [Ari]. It's the foundation of a good day.	J'espère que tu dors bien, [Ari]. C'est indispensable pour passer une bonne journée.	Надеюсь, ты высыпаешься, [Ari]. Сон — основа хорошего дня.	I hope you're getting proper sleep, [Ari]. It's the foundation of a good day.
Conversations/Bank/Valen/Banked Lines/protein_with_breakfast/protein_with_breakfast/init	Be sure to have protein with your breakfast, [Ari]. You have a very active lifestyle.	[Ari], n'oublie pas les protéines au petit-déjeuner. Il t'en faut pour la vie que tu mènes.	Обязательно ешь белок за завтраком, [Ari]. У тебя очень активный образ жизни.	Be sure to have protein with your breakfast, [Ari]. You have a very active lifestyle.
Conversations/Bank/Valen/Banked Lines/pulse/pulse/1	Hm, did it just get faster?	Mmm, c'est moi ou ton rythme cardiaque vient de s'accélérer ?	Хм, почему он только что ускорился?	Hm, did it just get faster?
Conversations/Bank/Valen/Banked Lines/pulse/pulse/init	Give me your wrist, [Ari]. You have a strong pulse, that's good.	Donne ton poignet, [Ari]... Ton pouls est puissant, c'est bien.	Дай-ка руку, [Ari]. Пульс в норме, это хорошо.	Give me your wrist, [Ari]. You have a strong pulse, that's good.
Conversations/Bank/Valen/Banked Lines/pulse/pulse_2/1	Oh, it's quite strong. Very good.	Oh, il est puissant, c'est parfait.	О, он довольно стройный. Очень хорошо.	Oh, it's quite strong. Very good.
Conversations/Bank/Valen/Banked Lines/pulse/pulse_2/init	Come here so I can check your pulse.	Approche-toi que je prenne ton pouls.	Подойди-ка, проверю твой пульс.	Come here so I can check your pulse.
Conversations/Bank/Valen/Banked Lines/rain_washes_away_pollen/rain_washes_away_pollen/init	Rain is nice for the folks in town with allergies. It washes all that pollen away.	La pluie est une bénédiction pour les habitants qui souffrent d'allergies. Elle emporte avec elle tout le pollen.	Дождь полезен для тех, у кого аллергия. Он смывает всю пыльцу.	Rain is nice for the folks in town with allergies. It washes all that pollen away.
Conversations/Bank/Valen/Banked Lines/rainy_stock_up/rainy_stock_up/1	They're some of my favorite things to put in a hot drink on a rainy day.	J'adore en mettre dans mes infusions lorsqu'il pleut.	Это мои любимые ингредиенты для горячего напитка в дождливый день.	They're some of my favorite things to put in a hot drink on a rainy day.
Conversations/Bank/Valen/Banked Lines/rainy_stock_up/rainy_stock_up/init	When the weather is dreary, I like to stock up on ginger and =Honey=.	Quand le temps devient maussade, je fais des provisions de gingembre et de =miel=.	Когда погода пасмурная, люблю запасаться имбирём и =мёдом=.	When the weather is dreary, I like to stock up on ginger and =Honey=.
Conversations/Bank/Valen/Banked Lines/reading/reading/init	I'm reading about the rise of Caldosian medical techniques. It's... interesting.	Je suis en train de lire un ouvrage sur l'évolution des techniques médicales caldosiennes. C'est... intéressant.	Читаю о развитии кальдосийских медицинских техник. Это... интересно.	I'm reading about the rise of Caldosian medical techniques. It's... interesting.
Conversations/Bank/Valen/Banked Lines/register_1/register_1/init	Hello, [Ari]. Here for a check-up?	Bonjour, [Ari]. Tu viens pour une consultation ?	Привет, [Ari]. На осмотр?	Hello, [Ari]. Here for a check-up?
Conversations/Bank/Valen/Banked Lines/register_1/register_romantic/1	I'm teasing!	Je te taquine !	Да я шучу!	I'm teasing!
Conversations/Bank/Valen/Banked Lines/register_1/register_romantic/init	Hello, [Ari]. Here for a check-up?	Bonjour, [Ari]. Tu viens pour une consultation ?	Привет, [Ari]. Ты на обследование?	Hello, [Ari]. Here for a check-up?
Conversations/Bank/Valen/Banked Lines/register_2/register_2/init	Welcome to the Clinic, [Ari]. Now, let's have a look at you.	Bienvenue à la clinique, [Ari]. Laisse-moi t'ausculter.	Добро пожаловать в клинику, [Ari]. Ну что ж, осмотрим тебя.	Welcome to the Clinic, [Ari]. Now, let's have a look at you.
Conversations/Bank/Valen/Banked Lines/register_3/register_3/init	Let me know if you're feeling unwell, [Ari]. I'm here to help.	Si jamais tu ne te sens pas bien, préviens-moi, [Ari]. Je suis là pour ça.	Скажи, если почувствуешь себя плохо, [Ari]. Моя задача помогать с этим.	Let me know if you're feeling unwell, [Ari]. I'm here to help.
Conversations/Bank/Valen/Banked Lines/register_4/register_4/init	Oh, did you need syrups for your medicine cabinet? Have a look.	Oh, tu as besoin de sirops pour chez toi ? Regarde ce que j'ai.	О, нужны сиропы для домашней аптечки? Посмотри.	Oh, did you need syrups for your medicine cabinet? Have a look.
Conversations/Bank/Valen/Banked Lines/register_5/register_5/init	Is your medicine cabinet looking empty? I've got plenty of syrups to stock it with.	Ton armoire à pharmacie est vide ? Si c'est le cas, j'ai de nombreux sirops à te proposer.	В аптечке пусто? У меня много сиропов про запас.	Is your medicine cabinet looking empty? I've got plenty of syrups to stock it with.
Conversations/Bank/Valen/Banked Lines/register_6/register_6/init	[Ari]! Nice to see you. I was just restocking my cabinet of syrups... there are plenty, should you need them.	Je suis contente de te voir, [Ari] ! J'étais en train de refaire mes provisions de sirops... Si jamais tu en as besoin, ça n'est pas ce qui manque.	[Ari]! Рада видеть тебя. Как раз пополняю свой шкафчик с сиропами... бери, если что-то нужно.	[Ari]! Nice to see you. I was just restocking my cabinet of syrups... there are plenty, should you need them.
Conversations/Bank/Valen/Banked Lines/register_7/register_7/init	Hello, [Ari]. Let me know if I can assist.	Bonjour, [Ari]. Dis-moi si je peux t'aider.	Привет, [Ari]. Дай знать, если нужна помощь.	Hello, [Ari]. Let me know if I can assist.
Conversations/Bank/Valen/Banked Lines/research/research/1	Oh! I didn't see you there. Don't mind me, just reviewing some notes.	Oh, pardon ! Je ne t'avais pas vu<she>e</she><he></he><they>·e</they>. Excuse-moi, je relisais quelques notes.	О! Не заметила тебя. Не обращай внимания, просто просматривала заметки.	Oh! I didn't see you there. Don't mind me, just reviewing some notes.
Conversations/Bank/Valen/Banked Lines/research/research/init	The serratus anterior and posterior connect to the shoulder and ribcage...	Le muscle dentelé postérieur et supérieur relie les épaules à la cage thoracique...	Передняя и задняя зубчатые мышцы соединяют плечо и рёбра...	The serratus anterior and posterior connect to the shoulder and ribcage...
Conversations/Bank/Valen/Banked Lines/rest/rest/1	Rest brings longevity, and longevity means we'll be chatting like this for years to come.	Le repos permet de vivre longtemps, et une longue vie me permettra de discuter avec toi pendant encore des années.	Отдых продлевает жизнь, чтобы мы еще долго могли вот так просто болтать.	Rest brings longevity, and longevity means we'll be chatting like this for years to come.
Conversations/Bank/Valen/Banked Lines/rest/rest/init	As far as sleep goes, I always get my hours in.	Je m'arrange toujours pour dormir suffisamment.	Если говорить о сне, у меня он всегда полноценный.	As far as sleep goes, I always get my hours in.
Conversations/Bank/Valen/Banked Lines/saturday_anticipation/saturday_anticipation/1	The Saturday Market takes me back there.	Le marché du samedi me rappelle cette époque.	Субботний базар здесь напоминает мне об этом.	The Saturday Market takes me back there.
Conversations/Bank/Valen/Banked Lines/saturday_anticipation/saturday_anticipation/init	In the Capital, I would find a nook on Main Street and read a book while people did their weekend shopping.	Quand j'étais à la capitale, j'arrivais souvent à me trouver un petit coin un peu en retrait de la rue principale. Je m'installais pour lire un livre pendant que tout le monde faisait son shopping.	По выходным в столице я любила сидеть в уголке на Главной улице и читать, пока люди занимались покупками.	In the Capital, I would find a nook on Main Street and read a book while people did their weekend shopping.
Conversations/Bank/Valen/Banked Lines/saturday_market/saturday_market/init	The Saturday Market is great for the town's health. It gets everyone up and moving!	Le marché du samedi est très bon pour la santé des habitants de la ville. Ça force tout le monde à s'activer !	Субботний базар полезен для здоровья города. Заставляет всех встать и размяться!	The Saturday Market is great for the town's health. It gets everyone up and moving!
Conversations/Bank/Valen/Banked Lines/shopping/shopping/init	Some of these crops come from your farm, don't they [Ari]? You've had a lovely harvest this year.	Certains de ces produits viennent de ta ferme, n'est-ce pas [Ari] ? La récolte a été bonne, cette année.	Некоторые из этих овощей с твоей фермы, правда, [Ari]? У тебя отличный урожай в этом году.	Some of these crops come from your farm, don't they [Ari]? You've had a lovely harvest this year.
Conversations/Bank/Valen/Banked Lines/shopping/shopping_2/1	I like to annotate my mysteries with theories about the culprit's identity. I hope the ending isn't spoiled for her...	Mais j'aime bien noter mes idées sur l'identité du coupable, dans mes livres. J'espère que ça ne lui gâchera pas la fin...	Я люблю писать на полях свои теории о том, кто может быть преступником. Надеюсь, это не раскроет ей концовку...	I like to annotate my mysteries with theories about the culprit's identity. I hope the ending isn't spoiled for her...
Conversations/Bank/Valen/Banked Lines/shopping/shopping_2/init	Celine was asking after reading recommendations, so I loaned her one of my favorite mystery novels.	Céline m'a demandé des conseils de lecture, alors je lui ai prêté un de mes romans policiers préférés.	Селин приходила ко мне спросить совета что почитать. Я одолжила ей один из своих любимых детективов.	Celine was asking after reading recommendations, so I loaned her one of my favorite mystery novels.
Conversations/Bank/Valen/Banked Lines/shopping/shopping_3/init	I waited a little too long to get groceries this time... unfortunately, syrups don't make a meal.	Ce coup-ci, j'ai trop attendu pour faire mes courses... Malheureusement, un sirop pour la toux ne remplace pas un bon repas.	Я долго откладывала поход за продуктами... А из сиропов, увы, обед не сваришь.	I waited a little too long to get groceries this time... unfortunately, syrups don't make a meal.
Conversations/Bank/Valen/Banked Lines/skeleton/skeleton/1	Landen's great-grandfather hand carved him, if you can believe it.	Aussi incroyable que ça puisse paraître, c'est l'arrière-grand-père de Landen qui l'a sculpté de ses mains.	Прадед Ландена вырезал его вручную, представляешь?	Landen's great-grandfather hand carved him, if you can believe it.
Conversations/Bank/Valen/Banked Lines/skeleton/skeleton/init	That skeleton has been in the family a long time.	Ce squelette est dans ma famille depuis des lustres.	Этот скелет давно в семье.	That skeleton has been in the family a long time.
Conversations/Bank/Valen/Banked Lines/skeleton/skeleton_2/init	And here I thought it was just me and the skeleton tonight. Evening, [Ari].	Tiens, moi qui pensais passer la soirée seule avec mon squelette. Bonsoir, [Ari].	А я думала, что буду сегодня одна с этим скелетом. Добрый вечер, [Ari].	And here I thought it was just me and the skeleton tonight. Evening, [Ari].
Conversations/Bank/Valen/Banked Lines/slow_day_at_clinic/slow_day_at_clinic/init	Slow day today. I can't complain, it means everyone in town is healthy.	La journée a été calme. Je ne vais pas me plaindre, cela signifie que tout le monde en ville se porte bien.	Сегодня тихо. Не жалуюсь: значит, все в городе здоровы.	Slow day today. I can't complain, it means everyone in town is healthy.
Conversations/Bank/Valen/Banked Lines/slow_down/slow_down/init	Slow down and have a drink, [Ari]. Mistria's not going anywhere.	Prends un moment et viens boire un verre, [Ari]. Mistria ne va pas s'écrouler si tu te poses un instant.	Притормози и выпей, [Ari]. Мистрия никуда не денется.	Slow down and have a drink, [Ari]. Mistria's not going anywhere.
Conversations/Bank/Valen/Banked Lines/sniffles/sniffles/1	Stop by the Clinic if you get the sniffles.	Si jamais tu commences à avoir la goutte au nez, passe me voir à la clinique.	Загляни в клинику, если схватит насморк.	Stop by the Clinic if you get the sniffles.
Conversations/Bank/Valen/Banked Lines/sniffles/sniffles/init	Spring is a time of renewal. And allergies.	Le printemps est synonyme de renaissance. Et d'allergies.	Весна — время обновления. И аллергии.	Spring is a time of renewal. And allergies.
Conversations/Bank/Valen/Banked Lines/stocking_up/stocking_up/init	There's usually at least one poor soul who gets caught in the rain, so I like to be prepared at the Clinic.	Il y a toujours un ou deux pauvres hères qui se font surprendre par la pluie, donc je me tiens toujours prête à la clinique.	Обычно кто-нибудь да попадёт под дождь, так что я всегда готова в клинике.	There's usually at least one poor soul who gets caught in the rain, so I like to be prepared at the Clinic.
Conversations/Bank/Valen/Banked Lines/syrups/fairy_syrup_1/1	Useful, don't you think?	Plutôt pratique, n'est-ce pas ?	Удобно, правда?	Useful, don't you think?
Conversations/Bank/Valen/Banked Lines/syrups/fairy_syrup_1/init	The Fairy Syrup has a subtle strawberry flavor, which seems popular. And if you should collapse the same day you drink it, you'll be revived.	Le sirop des fées a un léger goût de fraise que tout le monde semble apprécier. Et si jamais tu t'évanouis le jour où tu l'as bu, tu reprendras instantanément connaissance.	Сироп Фей имеет лёгкий клубничный вкус. Он довольно популярен. А еще помогает встать на ноги, если ты его выпьешь и свалишься от усталости в течение того же дня.	The Fairy Syrup has a subtle strawberry flavor, which seems popular. And if you should collapse the same day you drink it, you'll be revived.
Conversations/Bank/Valen/Banked Lines/syrups/heal_syrup_1/init	The Heal Syrup restores some of your health. And it tastes like cherry! Some find it a bit cloying, but you wouldn't want to taste it otherwise.	Le sirop de soins te permet de récupérer de la santé. Il a un goût de cerise ! Certains trouvent ça un peu écœurant, mais c'est le goût qui fait tout !	Сироп исцеления восстанавливает здоровье. На вкус вишнёвый! Кому-то он кажется приторным, но лучше так, чем невкусный.	The Heal Syrup restores some of your health. And it tastes like cherry! Some find it a bit cloying, but you wouldn't want to taste it otherwise.
Conversations/Bank/Valen/Banked Lines/syrups/speedy_syrup_1/init	The Speedy Syrup will increase your personal velocity for two hours. And it tastes like summer oranges!	Le sirop de punch te permet d'augmenter ta vitesse de déplacement pendant deux heures. Et il est parfumé aux oranges d'été !	Сироп скорости повысит твою скорость на два часа. И вкус у него, как у летних апельсинов!	The Speedy Syrup will increase your personal velocity for two hours. And it tastes like summer oranges!
Conversations/Bank/Valen/Banked Lines/syrups/stamina_syrup_1/init	Have you tried the Stamina syrup? It restores some of your stamina, and the peppermint flavor will put some pep in your step.	Tu as déjà goûté au sirop reconstituant ? Il te permet de récupérer un peu d'endurance et son goût mentholé te redonne du tonus.	Ты <p>пробовали</p><f>пробовала</f><m>пробовал</m><n>пробовало</n> сироп выносливости? Он восстанавливает силы, а мятный вкус придаёт бодрости.	Have you tried the Stamina syrup? It restores some of your stamina, and the peppermint flavor will put some pep in your step.
Conversations/Bank/Valen/Banked Lines/syrups/syrups_1/init	Have a look at the Syrups I have in stock. They're all medicinal, and have withstood rigorous testing. My father did the case studies himself.	Jette donc un œil à mes sirops. Ce sont des médicaments qui ont été testés dans les règles de l'art. Mon père s'est chargé lui-même des essais cliniques.	Посмотри сиропы, что у меня есть. Все они проверены и испытаны. Мой отец лично вёл исследования.	Have a look at the Syrups I have in stock. They're all medicinal, and have withstood rigorous testing. My father did the case studies himself.
Conversations/Bank/Valen/Banked Lines/syrups_in_stock/syrups_in_stock/init	I've got quite a few syrups in stock, if you're looking for something in particular.	J'ai un certain nombre de sirops en réserve, si jamais tu cherches quelque chose en particulier.	У меня хороший запас сиропов, если ищешь что-то конкретное.	I've got quite a few syrups in stock, if you're looking for something in particular.
Conversations/Bank/Valen/Banked Lines/syrups_in_stock/syrups_in_stock_2/1	I have plenty of syrups in stock.	Au besoin, j'ai de nombreux sirops en stock.	У меня в наличии много разных сиропов.	I have plenty of syrups in stock.
Conversations/Bank/Valen/Banked Lines/syrups_in_stock/syrups_in_stock_2/init	How is your medicine cabinet looking?	Ton armoire à pharmacie est bien remplie ?	Как твоя домашняя аптечка?	How is your medicine cabinet looking?
Conversations/Bank/Valen/Banked Lines/taliferro_challenge/taliferro_challenge/1	And he became especially incensed when I told him my salad would be better for his blood pressure.	Il s'est mis en colère quand je lui ai dit que ma salade serait très bonne pour faire baisser sa tension artérielle.	А когда я сказала, что мой салат поможет ему от давления, он просто взбесился.	And he became especially incensed when I told him my salad would be better for his blood pressure.
Conversations/Bank/Valen/Banked Lines/taliferro_challenge/taliferro_challenge/2	Why does he cook if he finds it so stressful?	Pourquoi est-ce qu'il cuisine s'il trouve ça aussi stressant ?	Зачем он тогда готовит, если для него это такой стресс?	Why does he cook if he finds it so stressful?
Conversations/Bank/Valen/Banked Lines/taliferro_challenge/taliferro_challenge/init	Taliferro seemed quite unhappy with my entry for the $Cooking Challenge$.	Taliferro ne semblait pas satisfait de ce que j'avais préparé pour le $défi gastronomique$.	Талиферро, видимо, совершенно не понравилось, что я принесла на $смотр блюд$.	Taliferro seemed quite unhappy with my entry for the $Cooking Challenge$.
Conversations/Bank/Valen/Banked Lines/terithia_fish_jerky/terithia_fish_jerky/init	The last time I ran into Terithia she said she eats =Canned Sardines= for breakfast AND lunch every day. Do you know how much salt that is!?	Quand j'ai croisé Terithia, elle m'a dit qu'elle mangeait tous les jours des =sardines en boîte= pour le petit-déjeuner ET pour le déjeuner. Tu te rends compte de la dose de sel ?!	В прошлый раз Теризия сказала, что ест =консервированные сардины= и на завтрак и на обед. Представляешь, сколько там соли?!	The last time I ran into Terithia she said she eats =Canned Sardines= for breakfast AND lunch every day. Do you know how much salt that is!?
Conversations/Bank/Valen/Banked Lines/tonsils/tonsils/1	Good, your tonsils look fine.	Tout est en ordre au niveau des amygdales, très bien.	Хорошо, миндалины в порядке.	Good, your tonsils look fine.
Conversations/Bank/Valen/Banked Lines/tonsils/tonsils/init	Open your mouth and stick our your tongue, [Ari].	Ouvre la bouche et tire la langue, [Ari].	Открой рот и высунь язык, [Ari].	Open your mouth and stick our your tongue, [Ari].
Conversations/Bank/Valen/Banked Lines/town_square/town_square/1	I always look forward to it.	J'attends toujours ce jour avec impatience.	Я всегда с нетерпением его жду.	I always look forward to it.
Conversations/Bank/Valen/Banked Lines/town_square/town_square/init	The Saturday Market really transforms the town square.	Le marché du samedi transforme totalement la place principale.	Субботний базар действительно преображает площадь.	The Saturday Market really transforms the town square.
Conversations/Bank/Valen/Banked Lines/travel/travel_0/init	Nothing like a walk to get the blood pumping.	Rien de tel qu'une bonne petite marche pour activer la circulation sanguine.	Лёгкая прогулка помогает разогнать кровь.	Nothing like a walk to get the blood pumping.
Conversations/Bank/Valen/Banked Lines/travel/travel_1/init	I was thinking of going to Dozy's bathhouse soon.	Je songeais à aller faire un petit tour aux bains de Dozy.	Я планирую зайти к Дреме в купальню.	I was thinking of going to Dozy's bathhouse soon.
Conversations/Bank/Valen/Banked Lines/travel/travel_2/1	Let's both make the most of it.	Qu'elle soit fructueuse pour toi comme pour moi.	Пускай у нас с тобой день пройдёт хорошо.	Let's both make the most of it.
Conversations/Bank/Valen/Banked Lines/travel/travel_2/init	It's good to see you enjoying the day, [Ari].	Je suis contente de voir que tu profites bien de la journée, [Ari].	Рада видеть, что ты <p>вышли</p><f>вышла</f><m>вышел</m><n>вышло</n> погулять, [Ari].	It's good to see you enjoying the day, [Ari].
Conversations/Bank/Valen/Banked Lines/travel/travel_3/1	Oh, they got pinker!	Oh, tu as rougi !	Ой, а теперь ещё розовее!	Oh, they got pinker!
Conversations/Bank/Valen/Banked Lines/travel/travel_3/init	Nice to see you with a bit of pink in your cheeks.	Je vois que tu as bonne mine, ça me fait plaisir.	У тебя такие розовые щёки — приятно смотреть.	Nice to see you with a bit of pink in your cheeks.
Conversations/Bank/Valen/Banked Lines/travel_to_clinic_after_outside_work/travel_to_clinic_after_outside_work/init	Working outdoors is good for the spirits, but I better get back to the Clinic.	Travailler en extérieur est très bon pour le moral, mais je ferais bien de retourner à la clinique.	Работа на улице полезна для духа, но пора возвращаться в клинику.	Working outdoors is good for the spirits, but I better get back to the Clinic.
Conversations/Bank/Valen/Banked Lines/traveling/traveling/init	Taking a walk every day is healthy, especially if you spend most of your time indoors.	Faire une promenade tous les jours est très bon pour la santé, surtout quand on passe beaucoup de temps enfermé.	Ежедневные прогулки полезны для здоровья: особенно, если большую часть времени проводишь в помещении.	Taking a walk every day is healthy, especially if you spend most of your time indoors.
Conversations/Bank/Valen/Banked Lines/used_to_be_taller_than_hayden/used_to_be_taller_than_hayden/init	Hayden and I grew up together. Did you know that I used to be taller than him?	Hayden et moi, on a grandi ensemble. Tu savais que je le dépassais en taille autrefois ?	Мы с Хейденом вместе росли. Знаешь, что я раньше была выше его?	Hayden and I grew up together. Did you know that I used to be taller than him?
Conversations/Bank/Valen/Banked Lines/visit_beach/visit_beach/init	Be sure to visit the Beach, [Ari]. The sea air is good for your lungs. And the sun is a mood booster.	N'oublie pas d'aller à la plage de temps en temps, [Ari]. L'air marin est bon pour les poumons, et le soleil fait des merveilles pour le moral.	Не забудь сходить на пляж, [Ari]. Морской воздух полезен для лёгких, а солнце поднимает настроение.	Be sure to visit the Beach, [Ari]. The sea air is good for your lungs. And the sun is a mood booster.
Conversations/Bank/Valen/Banked Lines/watch_out_for_rain/watch_out_for_rain/init	Keep out of the rain if you can help it, [Ari]. Just some friendly doctor's advice.	Essaie de ne pas trop traîner sous la pluie, si tu peux l'éviter, [Ari]. C'est juste un petit conseil de ton amie docteure.	Старайся не попадать под дождь, [Ari]. Просто дружеский совет врача.	Keep out of the rain if you can help it, [Ari]. Just some friendly doctor's advice.
Conversations/Bank/Valen/Banked Lines/watch_over_adeline/watch_over_adeline/init	"I worry about Adeline. She's so busy keeping an eye on this town, someone needs to keep an eye on her. And by ""someone"" I mean me, her doctor."	Je m'inquiète pour Adeline. Elle veille à ce que tout fonctionne bien en ville, mais il faut que quelqu'un veille sur elle à son tour. Ce quelqu'un, c'est moi, son médecin.	Я беспокоюсь об Аделине. Она так занята заботой о городе, что о ней самой должен заботиться кто-то ещё. И этим «кем-то» буду я, её врач.	"I worry about Adeline. She's so busy keeping an eye on this town, someone needs to keep an eye on her. And by ""someone"" I mean me, her doctor."
Conversations/Bank/Valen/Banked Lines/week_one_pt_1/week_one_pt_1/1	Not all time has to be spent productively... Leisure is good for you.	Il faut apprendre à ne pas toujours se donner à fond... Il faut aussi savoir prendre du temps libre.	Не всё время должно быть продуктивным... Отдых полезен.	Not all time has to be spent productively... Leisure is good for you.
Conversations/Bank/Valen/Banked Lines/week_one_pt_1/week_one_pt_1/init	Ah, [Ari]. Hope you're not spending your early days here overworking yourself.	Ah, [Ari]. J'espère que tu ne te tues pas au travail dès tes premiers jours.	А, [Ari]. Надеюсь, ты не тратишь свои первые дни здесь на чрезмерную работу.	Ah, [Ari]. Hope you're not spending your early days here overworking yourself.
Conversations/Bank/Valen/Banked Lines/week_one_pt_2/week_one_pt_2/1	We're not unreasonable here.	Nous avons un minimum de bon sens, ici.	Мы здесь люди разумные.	We're not unreasonable here.
Conversations/Bank/Valen/Banked Lines/week_one_pt_2/week_one_pt_2/init	You're new in town... I'd like to give you your first checkup. Don't worry, it's free.	Comme tu viens d'arriver en ville, j'aimerais faire un petit bilan de santé. Ne t'en fais pas, c'est gratuit.	Ты <p>новенькие</p><f>новенькая</f><m>новенький</m><n>новенькое</n> в городе... Хочу провести тебе первый осмотр. Не волнуйся, он бесплатный.	You're new in town... I'd like to give you your first checkup. Don't worry, it's free.
Conversations/Bank/Valen/Banked Lines/white_wine/white_wine/init	I do like white wine in the spring. It's light and refreshing.	Au printemps, je préfère boire du vin blanc. C'est léger et rafraîchissant.	Весной я люблю белое вино. Оно лёгкое и освежающее.	I do like white wine in the spring. It's light and refreshing.
Conversations/Bank/Valen/Banked Lines/winter_bathhouse/winter_bathhouse/init	A bath is especially nice in the winter. It increases your circulation, and relaxes all those stiff muscles.	Un bain en hiver, c'est toujours agréable. Cela améliore la circulation et permet de décontracter les muscles.	Ванна особенно хороша зимой. Улучшает кровообращение и расслабляет зажатые мышцы.	A bath is especially nice in the winter. It increases your circulation, and relaxes all those stiff muscles.
Conversations/Bank/Valen/Banked Lines/winter_honey/winter_honey/init	I'm always running out of =Honey= in the winter.	En hiver, je me retrouve toujours à court de =miel=.	Зимой у меня постоянно заканчивается =мёд=.	I'm always running out of =Honey= in the winter.
Conversations/Bank/Valen/Banked Lines/work_outside/work_outside/init	Good morning. Thought I'd get a bit of fresh air with my work today.	Bonjour. J'ai eu envie de travailler dehors, aujourd'hui.	Доброе утро. Решила немного поработать на свежем воздухе.	Good morning. Thought I'd get a bit of fresh air with my work today.
Conversations/Bank/Valen/Banked Lines/work_outside/work_outside_2/init	I love doing paperwork outside in the fall. Mistria is quite beautiful this time of year.	J'aime m'occuper de mes papiers à l'extérieur, en automne. Mistria est si belle à cette période de l'année.	Осенью обожаю делать бумажную работу на улице. Мистрия в это время года очень красива.	I love doing paperwork outside in the fall. Mistria is quite beautiful this time of year.
Conversations/Bank/Valen/Banked Lines/working_late/working_late/init	Working late? You'll probably want this. But rest would be better!	Tu travailles tard, hein ? Tiens, ça devrait t'être utile. Mais un peu de repos te ferait le plus grand bien !	Работаешь допоздна? Тебе это пригодится. Но отдых был бы лучше!	Working late? You'll probably want this. But rest would be better!
Conversations/Bank/Valen/Date Lines/bathhouse/bathhouse_accept_1/1	How would you feel about joining me at the $Bathhouse$ for a soak?	Tu serais d'accord pour passer un moment avec moi aux $bains$ ?	Что ты думаешь насчёт того, чтобы вместе сходить в $купальню$?	How would you feel about joining me at the $Bathhouse$ for a soak?
Conversations/Bank/Valen/Date Lines/bathhouse/bathhouse_accept_1/2	I thought we could both use some time to relax, unwind, and-	Je me disais qu'on pourrait en profiter pour nous détendre, décompresser et...	Я решила, что нам будет неплохо расслабиться, отдохнуть и...	I thought we could both use some time to relax, unwind, and-
Conversations/Bank/Valen/Date Lines/bathhouse/bathhouse_accept_1/3	Well, spend some time together!	Bref, passer du temps ensemble !	Просто провести время вместе!	Well, spend some time together!
Conversations/Bank/Valen/Date Lines/bathhouse/bathhouse_accept_1/4	Oh, you'd love to?	Oh, cela te plairait ?	О, ты <p>согласны</p><f>согласна</f><m>согласен</m><n>согласно</n>?	Oh, you'd love to?
Conversations/Bank/Valen/Date Lines/bathhouse/bathhouse_accept_1/5	I'm so glad.	Je suis ravie.	Как я рада.	I'm so glad.
Conversations/Bank/Valen/Date Lines/bathhouse/bathhouse_accept_1/6	I'm ready to go when you are!	Tu n'as qu'un mot à dire, et nous y allons !	Я готова, как только позовёшь!	I'm ready to go when you are!
Conversations/Bank/Valen/Date Lines/bathhouse/bathhouse_accept_1/init	I was wondering, [Ari]...	[Ari], je me demandais si...	Я тут подумала, [Ari]...	I was wondering, [Ari]...
Conversations/Bank/Valen/Date Lines/bathhouse/bathhouse_accept_2/1	Of course, I'd love to come with you!	Bien sûr que je veux t'accompagner !	Конечно, я с радостью с тобой схожу!	Of course, I'd love to come with you!
Conversations/Bank/Valen/Date Lines/bathhouse/bathhouse_accept_2/init	You'd like to go visit the $Bathhouse$, [Ari]?	Tu as envie d'aller aux $bains$, [Ari] ?	Ты хочешь сходить в $купальню$, [Ari]?	You'd like to go visit the $Bathhouse$, [Ari]?
Conversations/Bank/Valen/Date Lines/bathhouse/bathhouse_follow_up_1/1	You feel the same way?	Tu ressens la même chose ?	Ты тоже?	You feel the same way?
Conversations/Bank/Valen/Date Lines/bathhouse/bathhouse_follow_up_1/2	Well...	Eh bien...	Что ж...	Well...
Conversations/Bank/Valen/Date Lines/bathhouse/bathhouse_follow_up_1/3	I guess it was just what the doctor ordered.	C'est exactement ce que préconisait la docteure.	Выходит, купальня — то что доктор прописал!	I guess it was just what the doctor ordered.
Conversations/Bank/Valen/Date Lines/bathhouse/bathhouse_follow_up_1/init	Ah... My mind and body feel so refreshed.	Ah... Mon corps et mon esprit sont apaisés.	Ах... Я чувствую, что отдохнула и телом и разумом.	Ah... My mind and body feel so refreshed.
Conversations/Bank/Valen/Date Lines/bathhouse/bathhouse_follow_up_2/1	The positive effects on the body are-	Les effets bénéfiques sur le corps sont...	Тело получает оздоровительный эффект и...	The positive effects on the body are-
Conversations/Bank/Valen/Date Lines/bathhouse/bathhouse_follow_up_2/2	Ah, that is to say, I always feel good afterwards.	Ah, je veux dire que je me sens toujours bien, après.	Ах, просто хочу сказать, что мне всегда приятно после купания.	Ah, that is to say, I always feel good afterwards.
Conversations/Bank/Valen/Date Lines/bathhouse/bathhouse_follow_up_2/3	Thank you for suggesting it!	Merci de me l'avoir proposé !	Спасибо, что <p>предложили</p><f>предложила</f><m>предложил</m><n>предложило</n>!	Thank you for suggesting it!
Conversations/Bank/Valen/Date Lines/bathhouse/bathhouse_follow_up_2/init	I love our trips to the $Bathhouse$, [Ari].	J'aime beaucoup ces moments ensemble aux $bains$, [Ari].	Мне так нравится ходить с тобой в $купальню$, [Ari].	I love our trips to the $Bathhouse$, [Ari].
Conversations/Bank/Valen/Date Lines/beach/beach_accept_1/1	I thought we could head over to the Beach for a while.	Je pensais passer un moment à la plage.	Я подумала, можем пойти прогуляться по пляжу.	I thought we could head over to the Beach for a while.
Conversations/Bank/Valen/Date Lines/beach/beach_accept_1/2	Take in some fresh air!	Au grand air !	Подышать морским воздухом!	Take in some fresh air!
Conversations/Bank/Valen/Date Lines/beach/beach_accept_1/init	Would you like to accompany me on a stroll, [Ari]?	Ça te dirait de m'accompagner pour une promenade, [Ari] ?	Не хочешь сходить со мной на прогулку, [Ari]?	Would you like to accompany me on a stroll, [Ari]?
Conversations/Bank/Valen/Date Lines/beach/beach_accept_2/1	Sounds perfect, [Ari].	C'est une belle idée, [Ari].	Звучит отлично, [Ari].	Sounds perfect, [Ari].
Conversations/Bank/Valen/Date Lines/beach/beach_accept_2/2	Let's go!	Allons-y !	Пойдём!	Let's go!
Conversations/Bank/Valen/Date Lines/beach/beach_accept_2/init	A date at the Beach?	Un rendez-vous à la plage ?	Свидание на пляже?	A date at the Beach?
Conversations/Bank/Valen/Date Lines/beach/beach_follow_up_1/1	The waves were so pretty, I could watch them all day...	Je trouve les vagues si belles. Je pourrais passer la journée à les regarder...	Волны такие красивые, так бы и смотрела весь день...	The waves were so pretty, I could watch them all day...
Conversations/Bank/Valen/Date Lines/beach/beach_follow_up_1/1/prompts/0	They were beautiful!	C'était très beau !	Да, волны просто прекрасны!	They were beautiful!
Conversations/Bank/Valen/Date Lines/beach/beach_follow_up_1/1/prompts/1	Almost as pretty as you!	Pas aussi belles que toi !	Но не такие красивые, как ты.	Almost as pretty as you!
Conversations/Bank/Valen/Date Lines/beach/beach_follow_up_1/2	I'm glad you enjoyed them too.	Je suis heureuse de constater que ça te plaît aussi.	Рада, что тебе тоже понравилось.	I'm glad you enjoyed them too.
Conversations/Bank/Valen/Date Lines/beach/beach_follow_up_1/3	We'll have to go again soon.	Nous devrions revenir bientôt.	Нам надо сходить ещё раз.	We'll have to go again soon.
Conversations/Bank/Valen/Date Lines/beach/beach_follow_up_1/4	Haha!	Ha ha !	Ха-ха!	Haha!
Conversations/Bank/Valen/Date Lines/beach/beach_follow_up_1/5	Thank you, [Ari]. That's very sweet.	Merci, [Ari]. C'est adorable de ta part.	Спасибо, [Ari]. Очень мило с твоей стороны.	Thank you, [Ari]. That's very sweet.
Conversations/Bank/Valen/Date Lines/beach/beach_follow_up_1/init	Thank you for coming to the Beach with me, [Ari].	Merci de m'avoir accompagnée à la plage, [Ari].	Спасибо, что <p>сходили</p><f>сходила</f><m>сходил</m><n>сходило</n> со мной на пляж, [Ari].	Thank you for coming to the Beach with me, [Ari].
Conversations/Bank/Valen/Date Lines/beach/beach_follow_up_2/1	We'll have to do that more often, [Ari]!	Nous devrions faire ça plus souvent, [Ari].	Давай ходить туда почаще, [Ari]!	We'll have to do that more often, [Ari]!
Conversations/Bank/Valen/Date Lines/beach/beach_follow_up_2/init	I had a really nice time at the Beach.	J'ai passé un très bon moment à la plage.	Мне очень понравилось гулять на пляже.	I had a really nice time at the Beach.
Conversations/Bank/Valen/Date Lines/deep_woods_picnic/deep_woods_picnic_accept_1/1	The $Deep Woods$ is beautiful this time of year.	$Boissombre$ est magnifique à cette période de l'année.	В это время года $Глубокая чаща$ особенно прекрасна.	The $Deep Woods$ is beautiful this time of year.
Conversations/Bank/Valen/Date Lines/deep_woods_picnic/deep_woods_picnic_accept_1/2	I think you'll find that it's a very relaxing place to unwind!	Tu vas trouver l'endroit très relaxant, j'en suis sûre !	Думаю, ты почувствуешь, какая там расслабляющая атмосфера.	I think you'll find that it's a very relaxing place to unwind!
Conversations/Bank/Valen/Date Lines/deep_woods_picnic/deep_woods_picnic_accept_1/init	How would you feel about joining me for a picnic, [Ari]?	Que dirais-tu de pique-niquer avec moi, [Ari] ?	Что ты думаешь насчёт того, чтобы сходить со мной на пикник, [Ari]?	How would you feel about joining me for a picnic, [Ari]?
Conversations/Bank/Valen/Date Lines/deep_woods_picnic/deep_woods_picnic_accept_2/1	How about we go on another picnic?	Et si nous organisions un autre pique-nique ?	Как насчёт ещё одного совместного пикника?	How about we go on another picnic?
Conversations/Bank/Valen/Date Lines/deep_woods_picnic/deep_woods_picnic_accept_2/init	You know, [Ari], spending time in nature is good for you...	[Ari], c'est très bon pour la santé de passer du temps en pleine nature...	Знаешь, [Ari], полезно проводить время на природе...	You know, [Ari], spending time in nature is good for you...
Conversations/Bank/Valen/Date Lines/deep_woods_picnic/deep_woods_picnic_accept_3/1	Of course, I'd love to!	Bien entendu, j'en serai ravie !	Ну конечно, я с радостью!	Of course, I'd love to!
Conversations/Bank/Valen/Date Lines/deep_woods_picnic/deep_woods_picnic_accept_3/init	Are you inviting me out for a picnic, [Ari]?	Tu veux que nous allions pique-niquer ensemble, [Ari] ?	Хочешь пригласить меня на пикник, [Ari]?	Are you inviting me out for a picnic, [Ari]?
Conversations/Bank/Valen/Date Lines/deep_woods_picnic/deep_woods_picnic_follow_up_1/1	I'm glad you liked the food I prepared.	Et je suis contente que tu aies aimé ce que j'ai préparé.	Я рада, что тебе понравилась моя еда.	I'm glad you liked the food I prepared.
Conversations/Bank/Valen/Date Lines/deep_woods_picnic/deep_woods_picnic_follow_up_1/2	I made sure everything was fresh and healthy!	Je n'ai fait que des choses fraîches et saines !	Я постаралась подобрать только свежие и полезные продукты!	I made sure everything was fresh and healthy!
Conversations/Bank/Valen/Date Lines/deep_woods_picnic/deep_woods_picnic_follow_up_1/init	Thanks for coming with me on that picnic, [Ari].	Merci de m'avoir accompagnée pour ce pique-nique, [Ari].	Спасибо, что <p>сходили</p><f>сходила</f><m>сходил</m><n>сходило</n> со мной на пикник, [Ari].	Thanks for coming with me on that picnic, [Ari].
Conversations/Bank/Valen/Date Lines/deep_woods_picnic/deep_woods_picnic_follow_up_2/1	What do you like best about our $Deep Woods$ picnics?	Qu'est-ce que tu préfères, lors de nos pique-niques à $Boissombre$ ?	Что тебе больше всего нравится в наших походах в $Глубокую чащу$?	What do you like best about our $Deep Woods$ picnics?
Conversations/Bank/Valen/Date Lines/deep_woods_picnic/deep_woods_picnic_follow_up_2/2	I think they're beautiful any time of the year.	J'aime ces moments, quelle que soit la saison.	По-моему, она прекрасна в любое время года.	I think they're beautiful any time of the year.
Conversations/Bank/Valen/Date Lines/deep_woods_picnic/deep_woods_picnic_follow_up_2/init	Ah... what a relaxing time.	Ah... Quel moment reposant !	Ах... Пикник так успокаивает.	Ah... what a relaxing time.
Conversations/Bank/Valen/Date Lines/deep_woods_picnic/deep_woods_picnic_follow_up_3/1	Let's plan to go on another $Deep Woods$ picnic soon!	Nous devrions vite revenir pique-niquer à $Boissombre$ !	Давай запланируем ещё один пикник в $Глубокой чаще$!	Let's plan to go on another $Deep Woods$ picnic soon!
Conversations/Bank/Valen/Date Lines/deep_woods_picnic/deep_woods_picnic_follow_up_3/init	Thank you for a lovely time, [Ari].	Merci pour ce moment magique, [Ari].	Спасибо, [Ari], мы отлично провели время.	Thank you for a lovely time, [Ari].
Conversations/Bank/Valen/Date Lines/gem_cutting/gem_cutting_accept_1/1	A $Gem Cutting Date$?	Tu aimerais m'emmener $tailler des pierres$ ?	$Свидание с огранкой$?	A $Gem Cutting Date$?
Conversations/Bank/Valen/Date Lines/gem_cutting/gem_cutting_accept_1/2	I can't say I've ever done that before!	Voilà un rendez-vous plutôt original. Ce serait la première fois !	Не скажу, чтобы мне доводилось этим заниматься.	I can't say I've ever done that before!
Conversations/Bank/Valen/Date Lines/gem_cutting/gem_cutting_accept_1/3	Sure, [Ari], I'd be happy to join you.	Bien sûr, [Ari], j'aimerais beaucoup.	Хорошо, [Ari], с удовольствием присоединюсь.	Sure, [Ari], I'd be happy to join you.
Conversations/Bank/Valen/Date Lines/gem_cutting/gem_cutting_accept_1/4	It's always fun to try something new!	Je suis toujours partante pour de nouvelles activités !	Всегда приятно пробовать что-то новое!	It's always fun to try something new!
Conversations/Bank/Valen/Date Lines/gem_cutting/gem_cutting_accept_1/init	Oh?	Oh ?	Что?	Oh?
Conversations/Bank/Valen/Date Lines/gem_cutting/gem_cutting_accept_2/1	Sure, I'd love to!	Mais bien sûr, j'adorerais !	Хорошо, я с удовольствием.	Sure, I'd love to!
Conversations/Bank/Valen/Date Lines/gem_cutting/gem_cutting_accept_2/init	You want to go $Gem Cutting$ again, [Ari]?	Tu veux que nous retournions $tailler des pierres$ ensemble, [Ari] ?	Хочешь устроить ещё одно $свидание с огранкой$, [Ari]?	You want to go $Gem Cutting$ again, [Ari]?
Conversations/Bank/Valen/Date Lines/gem_cutting/gem_cutting_follow_up_1/1	I had no idea I'd enjoy $Gem Cutting$ so much...	Je ne pensais pas que $tailler des pierres$ me plairait autant...	Я и не знала, что $огранка$ может быть такой интересной...	I had no idea I'd enjoy $Gem Cutting$ so much...
Conversations/Bank/Valen/Date Lines/gem_cutting/gem_cutting_follow_up_1/1/prompts/0	You're so good! Was that really your first try?	Tu es très douée ! C'était vraiment ta première fois ?	У тебя так хорошо вышло! Неужели ты правда до этого не пробовала?	You're so good! Was that really your first try?
Conversations/Bank/Valen/Date Lines/gem_cutting/gem_cutting_follow_up_1/1/prompts/1	Wow Valen, you're a natural!	Valen, tu as un vrai talent pour ça !	Ух ты, Вален, да у тебя талант!	Wow Valen, you're a natural!
Conversations/Bank/Valen/Date Lines/gem_cutting/gem_cutting_follow_up_1/2	Haha! Thank you!	Ha ha ! Merci !	Ха-ха! Спасибо!	Haha! Thank you!
Conversations/Bank/Valen/Date Lines/gem_cutting/gem_cutting_follow_up_1/3	And really, it was!	Et oui, vraiment !	И да, это первый раз!	And really, it was!
Conversations/Bank/Valen/Date Lines/gem_cutting/gem_cutting_follow_up_1/4	Precision focus and fine motor skills are required in my line of work.	Dans mon travail, il faut faire preuve de précision et de dextérité.	Сосредоточенность и мелкая моторика — необходимые навыки в моей работе.	Precision focus and fine motor skills are required in my line of work.
Conversations/Bank/Valen/Date Lines/gem_cutting/gem_cutting_follow_up_1/5	I suppose that's why I took to it easily!	C'est sûrement pour ça que j'ai vite pris le coup de main !	Наверное, поэтому и здесь так легко получилось!	I suppose that's why I took to it easily!
Conversations/Bank/Valen/Date Lines/gem_cutting/gem_cutting_follow_up_1/6	Haha! Thank you, [Ari].	Ha ha, merci [Ari] !	Ха-ха! Спасибо, [Ari].	Haha! Thank you, [Ari].
Conversations/Bank/Valen/Date Lines/gem_cutting/gem_cutting_follow_up_1/7	Precision focus and fine motor skills are required in my line of work.	Dans mon travail, il faut faire preuve de précision et de dextérité.	Сосредоточенность и мелкая моторика — необходимые навыки в моей работе.	Precision focus and fine motor skills are required in my line of work.
Conversations/Bank/Valen/Date Lines/gem_cutting/gem_cutting_follow_up_1/8	I suppose that's why I took to it easily!	C'est sûrement pour ça que j'ai vite pris le coup de main !	Наверное, поэтому и здесь так легко получилось!	I suppose that's why I took to it easily!
Conversations/Bank/Valen/Date Lines/gem_cutting/gem_cutting_follow_up_1/init	That was really fun, [Ari]!	Je me suis vraiment bien amusée, [Ari].	Мне очень понравилось, [Ari]!	That was really fun, [Ari]!
Conversations/Bank/Valen/Date Lines/gem_cutting/gem_cutting_follow_up_2/1	I never guessed I'd find a new hobby in it...	Je ne pensais pas que ça deviendrait un de mes nouveaux passe-temps...	Даже не думала, что моё новое хобби будет выглядеть так...	I never guessed I'd find a new hobby in it...
Conversations/Bank/Valen/Date Lines/gem_cutting/gem_cutting_follow_up_2/2	I'm glad it's one we can share together.	Et je suis heureuse que nous puissions nous y adonner ensemble.	Я рада, что могу разделить его с тобой.	I'm glad it's one we can share together.
Conversations/Bank/Valen/Date Lines/gem_cutting/gem_cutting_follow_up_2/init	Thanks for inviting me out $Gem Cutting$, [Ari].	Merci de m'avoir invitée à $tailler des pierres$, [Ari].	Спасибо, что <p>пригласили</p><f>пригласила</f><m>пригласил</m><n>пригласило</n> меня на $свидание с огранкой$, [Ari].	Thanks for inviting me out $Gem Cutting$, [Ari].
Conversations/Bank/Valen/Date Lines/inn_meal/inn_meal_accept_1/1	Of course, [Ari]!	Avec plaisir, [Ari] !	Ну конечно, [Ari]!	Of course, [Ari]!
Conversations/Bank/Valen/Date Lines/inn_meal/inn_meal_accept_1/2	I'd be happy to.	J'en serai ravie.	Я с радостью.	I'd be happy to.
Conversations/Bank/Valen/Date Lines/inn_meal/inn_meal_accept_1/init	Join you? For a meal at the Inn?	Tu veux m'inviter à l'auberge ?	Ты приглашаешь? На свидание в трактире?	Join you? For a meal at the Inn?
Conversations/Bank/Valen/Date Lines/inn_meal/inn_meal_accept_2/1	I thought maybe we could go over to the Inn again.	Je me disais que nous pourrions retourner à l'auberge.	Я подумала, не сходить ли нам ещё раз в трактир.	I thought maybe we could go over to the Inn again.
Conversations/Bank/Valen/Date Lines/inn_meal/inn_meal_accept_2/2	You promised to tell me more about your time in the Capital, remember?	Tu m'avais promis de m'en dire plus sur ta vie à la capitale, tu te souviens ?	Помнишь, ты <p>обещали</p><f>обещала</f><m>обещал</m><n>обещало</n> рассказать мне про свою жизнь в столице?	You promised to tell me more about your time in the Capital, remember?
Conversations/Bank/Valen/Date Lines/inn_meal/inn_meal_accept_2/init	Are you free, [Ari]?	Tu es libre, [Ari] ?	Ты не <p>заняты</p><f>занята</f><m>занят</m><n>занято</n>, [Ari]?	Are you free, [Ari]?
Conversations/Bank/Valen/Date Lines/inn_meal/inn_meal_accept_3/1	A meal at the Inn.	Un repas à l'auberge.	Сходить поесть в трактир.	A meal at the Inn.
Conversations/Bank/Valen/Date Lines/inn_meal/inn_meal_accept_3/2	Yeah, you're up for it?	Alors, ça te tente ?	Да, ты <p>согласны</p><f>согласна</f><m>согласен</m><n>согласно</n>?	Yeah, you're up for it?
Conversations/Bank/Valen/Date Lines/inn_meal/inn_meal_accept_3/3	Great! Let's go.	Génial, on y va !	Отлично! Пойдём.	Great! Let's go.
Conversations/Bank/Valen/Date Lines/inn_meal/inn_meal_accept_3/init	You know what I could go for right now?	Tu sais ce qui me ferait plaisir, là tout de suite ?	Знаешь, что сейчас бы не помешало?	You know what I could go for right now?
Conversations/Bank/Valen/Date Lines/inn_meal/inn_meal_follow_up_1/1	I really enjoyed hearing about your time in the Capital.	J'ai beaucoup aimé t'entendre me raconter ta vie à la capitale.	Мне очень понравилось слушать про твою жизнь в столице.	I really enjoyed hearing about your time in the Capital.
Conversations/Bank/Valen/Date Lines/inn_meal/inn_meal_follow_up_1/2	Next time I'll tell you more about my time there.	La prochaine fois, c'est moi qui te raconterai tout sur ce que j'ai vécu là-bas.	В следующий раз я тебе расскажу, как я там жила.	Next time I'll tell you more about my time there.
Conversations/Bank/Valen/Date Lines/inn_meal/inn_meal_follow_up_1/init	Thank you for inviting me out, [Ari].	Merci de m'avoir invitée, [Ari].	Спасибо, что <p>пригласили</p><f>пригласила</f><m>пригласил</m><n>пригласило</n> в трактир, [Ari].	Thank you for inviting me out, [Ari].
Conversations/Bank/Valen/Date Lines/inn_meal/inn_meal_follow_up_2/1	I hope I didn't go on too much about my university days...	J'espère ne pas trop m'être étendue sur mes années à l'université...	Надеюсь, я не слишком много болтала про университетские годы...	I hope I didn't go on too much about my university days...
Conversations/Bank/Valen/Date Lines/inn_meal/inn_meal_follow_up_2/1/prompts/0	Not at all! I can't believe you nearly failed that one class though...	Pas du tout ! Mais je n'arrive pas à croire que tu aies failli rater cet examen...	Вовсе нет! Удивительно, как ты чуть не завалила тот предмет...	Not at all! I can't believe you nearly failed that one class though...
Conversations/Bank/Valen/Date Lines/inn_meal/inn_meal_follow_up_2/1/prompts/1	I still can't believe that one professor was so strict about attendance...	On vieillit tous les deux ! C'est normal et ça me plaît bien.	И ты и я становимся старше! Это естественно, и мне это нравится.	I still can't believe that one professor was so strict about attendance...
Conversations/Bank/Valen/Date Lines/inn_meal/inn_meal_follow_up_2/2	I know. Ironic isn't it?	Je sais. C'est ironique, hein ?	Это точно. Иронично, правда?	I know. Ironic isn't it?
Conversations/Bank/Valen/Date Lines/inn_meal/inn_meal_follow_up_2/3	Getting sick from studying medicine too hard.	Se rendre malade en étudiant la médecine sans relâche.	Так усердно изучала медицину, что свалилась с болезнью.	Getting sick from studying medicine too hard.
Conversations/Bank/Valen/Date Lines/inn_meal/inn_meal_follow_up_2/4	And missing two weeks of class because of it...	Au point de louper deux semaines de cours.	И из-за этого пропустила две недели занятий...	And missing two weeks of class because of it...
Conversations/Bank/Valen/Date Lines/inn_meal/inn_meal_follow_up_2/5	I consider it field experience on the importance of not overdoing things.	Je vois ça comme la confirmation qu'il ne faut jamais être dans l'excès.	Я считаю, это была опытная проверка: что будет, если перенапрячься.	I consider it field experience on the importance of not overdoing things.
Conversations/Bank/Valen/Date Lines/inn_meal/inn_meal_follow_up_2/6	I know. Ironic isn't it?	Je sais. C'est ironique, hein ?	Это точно. Иронично, правда?	I know. Ironic isn't it?
Conversations/Bank/Valen/Date Lines/inn_meal/inn_meal_follow_up_2/7	Getting sick from studying medicine too hard.	Se rendre malade en étudiant la médecine sans relâche.	Так усердно изучала медицину, что свалилась с болезнью.	Getting sick from studying medicine too hard.
Conversations/Bank/Valen/Date Lines/inn_meal/inn_meal_follow_up_2/8	And missing two weeks of class because of it...	Au point de louper deux semaines de cours.	И из-за этого пропустила две недели занятий...	And missing two weeks of class because of it...
Conversations/Bank/Valen/Date Lines/inn_meal/inn_meal_follow_up_2/9	I consider it field experience on the importance of not overdoing things.	Je vois ça comme la confirmation qu'il ne faut jamais être dans l'excès.	Я считаю, это была опытная проверка: что будет, если перенапрячься.	I consider it field experience on the importance of not overdoing things.
Conversations/Bank/Valen/Date Lines/inn_meal/inn_meal_follow_up_2/init	I had a really nice time chatting with you, [Ari].	J'ai passé un très bon moment à discuter avec toi, [Ari].	Мне понравилось с тобой беседовать, [Ari].	I had a really nice time chatting with you, [Ari].
Conversations/Bank/Valen/Date Lines/inn_meal/inn_meal_follow_up_3/1	A meal like that is good for the heart.	Un bon repas comme ça fait des merveilles pour le cœur.	Совместная трапеза полезна для сердца.	A meal like that is good for the heart.
Conversations/Bank/Valen/Date Lines/inn_meal/inn_meal_follow_up_3/2	Although... perhaps more figuratively than literally.	Même si... c'est peut-être plus à prendre au sens figuré qu'au sens propre.	Хотя... Скорее, не в прямом, а в переносном смысле.	Although... perhaps more figuratively than literally.
Conversations/Bank/Valen/Date Lines/inn_meal/inn_meal_follow_up_3/init	That was a great time, wasn't it?	Nous avons passé un très bon moment, hein ?	Хорошо провели время, правда?	That was a great time, wasn't it?
Conversations/Bank/Valen/Date Lines/park/park_accept_1/1	True, but I was just looking for an excuse to spend time with you.	Effectivement, mais je cherchais juste une excuse pour passer du temps ensemble.	Это правда, но, вообще-то, я просто искала повод побыть с тобой.	True, but I was just looking for an excuse to spend time with you.
Conversations/Bank/Valen/Date Lines/park/park_accept_1/2	I... I just thought it'd make a nice date!	Je... C'est juste que ça nous permettrait de passer du temps ensemble !	Я... просто подумала, что это будет хорошее свидание!	I... I just thought it'd make a nice date!
Conversations/Bank/Valen/Date Lines/park/park_accept_1/3	You want to go? Great!	Tu es d'accord ? Chouette !	Так ты <p>согласны</p><f>согласна</f><m>согласен</m><n>согласно</n>? Отлично!	You want to go? Great!
Conversations/Bank/Valen/Date Lines/park/park_accept_1/init	Would you like to take a walk to the $Park$, [Ari]?	Ça te dirait qu'on aille se promener au $parc$, [Ari] ?	Хочешь вместе прогуляться в $парке$?	Would you like to take a walk to the $Park$, [Ari]?
Conversations/Bank/Valen/Date Lines/park/park_accept_1/init/prompts/0	It would be some nice healthy exercise...	Ça nous ferait un peu d'exercice...	Это будет полезная физическая активность...	It would be some nice healthy exercise...
Conversations/Bank/Valen/Date Lines/park/park_accept_1/init/prompts/1	Something you need out there? An herb?	Tu as besoin de quelque chose, là-bas ? Une herbe quelconque ?	Тебе там что-нибудь нужно? Какие-то травы?	Something you need out there? An herb?
Conversations/Bank/Valen/Date Lines/park/park_accept_2/1	I'd love to.	Avec plaisir.	С удовольствием.	I'd love to.
Conversations/Bank/Valen/Date Lines/park/park_accept_2/init	A date to the $Park$?	Un rendez-vous au $parc$ ?	Свидание в $парке$?	A date to the $Park$?
Conversations/Bank/Valen/Date Lines/park/park_follow_up_1/1	We'll have to do that more often.	Nous devrions faire ça plus souvent.	Нам надо почаще так гулять.	We'll have to do that more often.
Conversations/Bank/Valen/Date Lines/park/park_follow_up_1/init	You know, our $Park Date$ made for a pretty good workout.	Tu sais, notre $rendez-vous au parc$ est un très bon exercice.	Знаешь, из нашего $свидания в парке$ вышла отличная зарядка.	You know, our $Park Date$ made for a pretty good workout.
Conversations/Bank/Valen/Date Lines/park/park_follow_up_2/1	I always enjoy spending time with you, [Ari].	J'ai toujours beaucoup de plaisir à passer du temps à tes côtés, [Ari].	Мне всегда приятно провести с тобой время, [Ari].	I always enjoy spending time with you, [Ari].
Conversations/Bank/Valen/Date Lines/park/park_follow_up_2/init	The $Park$ was fun, wasn't it?	C'était sympa au $parc$, hein ?	Хорошо было в $парке$, да?	The $Park$ was fun, wasn't it?
Conversations/Bank/Valen/Date Lines/post_baby/post_baby_date_accept/1	Let's drop off [child_0] with Jo first.			Let's drop off [child_0] with Jo first.
Conversations/Bank/Valen/Date Lines/post_baby/post_baby_date_accept/2	I'm sure Luc and Maple will be delighted to play with him.			I'm sure Luc and Maple will be delighted to play with him.
Conversations/Bank/Valen/Date Lines/post_baby/post_baby_date_accept/init	A date sounds wonderful.			A date sounds wonderful.
Conversations/Bank/Valen/Date Lines/post_baby/post_baby_date_follow_up/1	The time just flew by, didn't it?			The time just flew by, didn't it?
Conversations/Bank/Valen/Date Lines/post_baby/post_baby_date_follow_up/2	And it's easy to see that [child_0] had a great time playing with Jo and the other children.			And it's easy to see that [child_0] had a great time playing with Jo and the other children.
Conversations/Bank/Valen/Date Lines/post_baby/post_baby_date_follow_up/init	I'm so glad we made time for a date, [Ari].			I'm so glad we made time for a date, [Ari].
Conversations/Bank/Valen/Gift Lines/gift_lines/beet/1	I'm a bit of a fan when it comes to =Beets=.	Je pourrais parler des heures de la =betterave=.	Я просто большая поклонница =свёклы=.	I'm a bit of a fan when it comes to =Beets=.
Conversations/Bank/Valen/Gift Lines/gift_lines/beet/init	Oh, you've really thought about me. =Beets= are nutrient-rich, they help fight inflammation, and-	Oh, quelle délicate attention ! La =betterave= est riche en vitamines, elle a des propriétés anti-inflammatoires, et...	Ох, вижу, ты <p>решили</p><f>решила</f><m>решил</m><n>решило</n> обо мне позаботиться. =Свёкла= богата питательными веществами, помогает при воспалениях, а ещё...	Oh, you've really thought about me. =Beets= are nutrient-rich, they help fight inflammation, and-
Conversations/Bank/Valen/Gift Lines/gift_lines/beet_salad/init	This =Beet Salad= looks delicious, thank you [Ari]!	Cette =salade de betteraves= a l'air délicieuse, merci [Ari] !	Какой аппетитный =свекольный салат=! Спасибо, [Ari]!	This =Beet Salad= looks delicious, thank you [Ari]!
Conversations/Bank/Valen/Gift Lines/gift_lines/beet_soup/1	Actually, =Beet Soup= is one of my favorites!	Il se trouve que la =soupe à la betterave= est un de mes plats préférés !	Знаешь, ведь =свекольный суп= у меня — один из любимых!	Actually, =Beet Soup= is one of my favorites!
Conversations/Bank/Valen/Gift Lines/gift_lines/beet_soup/init	Thank you, [Ari]... this is very thoughtful.	Merci [Ari]... C'est très attentionné de ta part.	Спасибо за заботу, [Ari]...	Thank you, [Ari]... this is very thoughtful.
Conversations/Bank/Valen/Gift Lines/gift_lines/birthday_gift/1	And that's why it's so appreciated. Thank you.	Et c'est pour cela que je l'apprécie d'autant plus. Merci beaucoup.	И именно поэтому я особенно ценю его. Спасибо.	And that's why it's so appreciated. Thank you.
Conversations/Bank/Valen/Gift Lines/gift_lines/birthday_gift/init	A birthday gift? That's not necessary, [Ari].	Un cadeau d'anniversaire ? Il ne fallait pas, [Ari].	Подарок на день рождения? Не стоило, [Ari].	A birthday gift? That's not necessary, [Ari].
Conversations/Bank/Valen/Gift Lines/gift_lines/coffee/init	You've brought me a =Coffee=? How nice. I can always use an energy boost when I'm going through medical charts.	Tu m'as apporté un =café= ? Comme c'est gentil. J'ai toujours besoin d'un stimulant quand je consulte des rapports médicaux.	Ты <p>принесли</p><f>принесла</f><m>принёс</m><n>принесло</n> =кофе=? Это приятно. Мне всегда нужна энергия, когда я листаю медицинские карты.	You've brought me a =Coffee=? How nice. I can always use an energy boost when I'm going through medical charts.
Conversations/Bank/Valen/Gift Lines/gift_lines/cucumber/1	Did you know =Cucumbers= are related to melons?	Tu savais que les =concombres= étaient de la même famille que les melons ?	А ты знаешь, что =огурец= — родственник дыни?	Did you know =Cucumbers= are related to melons?
Conversations/Bank/Valen/Gift Lines/gift_lines/cucumber/2	They carry many of the same health benefits.	Et ils partagent les mêmes bienfaits pour la santé.	И полезные свойства у них похожие.	They carry many of the same health benefits.
Conversations/Bank/Valen/Gift Lines/gift_lines/cucumber/init	Oh, how nice.	Oh, c'est adorable.	О, как мило.	Oh, how nice.
Conversations/Bank/Valen/Gift Lines/gift_lines/cucumber_salad/1	Cucumbers take on the flavors of whatever they're paired with, making them the perfect base for a salad.	Les concombres prennent le goût de ce avec quoi tu les mélanges, ce qui en fait une base tout indiquée pour une salade.	Огурцы принимают вкус всего, что к ним добавить. Поэтому из них всегда получается хорошая основа для салата.	Cucumbers take on the flavors of whatever they're paired with, making them the perfect base for a salad.
Conversations/Bank/Valen/Gift Lines/gift_lines/cucumber_salad/init	A refreshing =Cucumber Salad=, how nice!	Une =salade de concombres= bien fraîche, merci [Ari] !	Свежий =огуречный салат=! Замечательно.	A refreshing =Cucumber Salad=, how nice!
Conversations/Bank/Valen/Gift Lines/gift_lines/dandelion/init	Oh, thank you! =Dandelions= have a variety of medicinal uses, and I can always use more of them.	Oh, merci ! Les =pissenlits= ont divers usages médicaux, ils me sont toujours utiles.	О, спасибо! =Одуванчики= имеют множество применений в медицине. Мне они всегда нужны.	Oh, thank you! =Dandelions= have a variety of medicinal uses, and I can always use more of them.
Conversations/Bank/Valen/Gift Lines/gift_lines/deep_sea_soup/1	A healthy =Deep Sea Soup= is a good reminder of that!	En plus d'être bonne pour la santé, la =soupe des profondeurs= permet de ne pas l'oublier !	Напоминание об этом — питательный =подводный суп=!	A healthy =Deep Sea Soup= is a good reminder of that!
Conversations/Bank/Valen/Gift Lines/gift_lines/deep_sea_soup/init	It's said all life began in the ocean...	On dit que l'océan est le berceau de toutes les formes de vie...	Говорят, жизнь зародилась в океане...	It's said all life began in the ocean...
Conversations/Bank/Valen/Gift Lines/gift_lines/disliked_gift/init	This gift is wasted on me, [Ari]. But maybe I can pass it on.	Ce cadeau ne me plaît pas trop, [Ari]. Mais je peux toujours le donner à quelqu'un d'autre.	Этот подарок зря потрачен на меня, [Ari]. Но, возможно, я смогу его кому-то передать.	This gift is wasted on me, [Ari]. But maybe I can pass it on.
Conversations/Bank/Valen/Gift Lines/gift_lines/dragon_scale/1	It'll be an excellent addition to my emergency cabinet. Thank you very much.	Ça me sera très utile dans mon armoire à pharmacie. Merci infiniment.	Отличное пополнение для моей экстренной аптечки. Большое спасибо.	It'll be an excellent addition to my emergency cabinet. Thank you very much.
Conversations/Bank/Valen/Gift Lines/gift_lines/dragon_scale/init	Are you sure, [Ari]? This is a valuable ingredient in ancient medicines.	Tu es sûr<he></he><she>e</she><they>·e</they>, [Ari] ? C'est un ingrédient très recherché pour concocter des remèdes anciens.	Точно, [Ari]? Это ценное сырьё в древней медицине.	Are you sure, [Ari]? This is a valuable ingredient in ancient medicines.
Conversations/Bank/Valen/Gift Lines/gift_lines/dragon_scale_2/1	These types of materials aren't easily come by, but they can be made into a variety of potent medicines. Thank you.	Ce type de matériau n'est pas facile à trouver, mais on peut concocter de puissants remèdes avec ça. Merci.	Такие материалы редко встречаются, но из них можно сделать множество сильных лекарств. Спасибо.	These types of materials aren't easily come by, but they can be made into a variety of potent medicines. Thank you.
Conversations/Bank/Valen/Gift Lines/gift_lines/dragon_scale_2/init	A =Dragon's Scale=! Are you certain, [Ari]?	C'est une =écaille de dragon= ! Vraiment, [Ari] ?	=Чешуя дракона=! Ты <p>уверены</p><f>уверена</f><m>уверен</m><n>уверено</n>, [Ari]?	A =Dragon's Scale=! Are you certain, [Ari]?
Conversations/Bank/Valen/Gift Lines/gift_lines/garlic/1	And what meal isn't improved by a clove of garlic?	Et il permet d'assaisonner n'importe quel plat.	И любое блюдо вкуснее с зубчиком чеснока.	And what meal isn't improved by a clove of garlic?
Conversations/Bank/Valen/Gift Lines/gift_lines/garlic/init	Oh excellent. =Garlic= is extremely nutritious!	Oh, parfait. L'=ail= est très nourrissant !	О, превосходно. =Чеснок= — невероятно питательный продукт.	Oh excellent. =Garlic= is extremely nutritious!
Conversations/Bank/Valen/Gift Lines/gift_lines/green_tea/1	This is very nice, thank you.	C'est très gentil, merci.	Это хороший подарок, спасибо.	This is very nice, thank you.
Conversations/Bank/Valen/Gift Lines/gift_lines/green_tea/init	=Green Tea= has great health benefits and gives you a boost without too much caffeine.	Le =thé vert= est très bon pour la santé et permet de faire le plein d'énergie sans abuser sur la caféine.	=Зелёный чай= полезен для здоровья и даёт заряд энергии, не перегружая организм кофеином.	=Green Tea= has great health benefits and gives you a boost without too much caffeine.
Conversations/Bank/Valen/Gift Lines/gift_lines/harvest_plate/1	What a thoughtful gift!	C'est très attentionné de ta part !	Это очень щедрый подарок!	What a thoughtful gift!
Conversations/Bank/Valen/Gift Lines/gift_lines/harvest_plate/init	This =Harvest Plate= truly showcases the best of Mistria's bounty, doesn't it?	L'=assiette des récoltes= est un plat qui met vraiment en valeur le meilleur de ce que Mistria a à offrir, hein ?	Эта =осенняя тарелка= красноречиво показывает богатство мистрийских плодов.	This =Harvest Plate= truly showcases the best of Mistria's bounty, doesn't it?
Conversations/Bank/Valen/Gift Lines/gift_lines/herb_salad/init	Goodness, this =Herb Salad= is so aromatic! I'll be sure to enjoy its flavor after I enjoy its bouquet.	Oh là là, cette =salade aux herbes= est si parfumée ! Je vais beaucoup apprécier son goût, après avoir profité de ses arômes.	Боже мой, какой чудесный запах у этого =зелёного салата=! Обязательно оценю на вкус — когда наслажусь ароматом.	Goodness, this =Herb Salad= is so aromatic! I'll be sure to enjoy its flavor after I enjoy its bouquet.
Conversations/Bank/Valen/Gift Lines/gift_lines/honey/1	=Honey= is not only useful as a sweetener, it can be used as a disinfectant as well.	Le =miel= permet non seulement de sucrer, mais il peut également servir de désinfectant.	Ведь =мёд= можно использовать не только как сладкое, но и для дезинфекции.	=Honey= is not only useful as a sweetener, it can be used as a disinfectant as well.
Conversations/Bank/Valen/Gift Lines/gift_lines/honey/2	Ah. I'll certainly use it as a sweetener, though. Thank you.	Enfin, je vais surtout l'utiliser pour sucrer. Merci.	Но я всё же использую как сладкое. Спасибо.	Ah. I'll certainly use it as a sweetener, though. Thank you.
Conversations/Bank/Valen/Gift Lines/gift_lines/honey/init	What a useful gift.	Voilà un cadeau très utile.	Какой полезный подарок.	What a useful gift.
Conversations/Bank/Valen/Gift Lines/gift_lines/liked_gift/init	This is thoughtful. It's appreciated, [Ari].	Quel geste plein d'attention, [Ari].	Очень заботливо. Я это ценю, [Ari].	This is thoughtful. It's appreciated, [Ari].
Conversations/Bank/Valen/Gift Lines/gift_lines/liked_gift_2/init	This is very considerate of you, [Ari]. Thank you.	C'est très aimable de ta part, [Ari]. Merci.	Очень приятно, что ты проявляешь внимание, [Ari]. Благодарю.	This is very considerate of you, [Ari]. Thank you.
Conversations/Bank/Valen/Gift Lines/gift_lines/liked_gift_3/init	How kind of you! I'll be sure to make good use of it.	Comme c'est gentil ! J'en ferai bon usage, compte sur moi.	Как мило с твоей стороны! Обязательно найду этому применение.	How kind of you! I'll be sure to make good use of it.
Conversations/Bank/Valen/Gift Lines/gift_lines/liked_gift_antioxidants/1	Our local bounty really is something, isn't it?	On trouve vraiment des merveilles dans la campagne environnante, non ?	Наши местные дары природы действительно впечатляют, не так ли?	Our local bounty really is something, isn't it?
Conversations/Bank/Valen/Gift Lines/gift_lines/liked_gift_antioxidants/init	Thank you, [Ari]. There are a lot of good nutrients packed into this.	Merci [Ari]. Voilà qui a l'air très nutritif.	Спасибо, [Ari]. Тут много полезных веществ.	Thank you, [Ari]. There are a lot of good nutrients packed into this.
Conversations/Bank/Valen/Gift Lines/gift_lines/liked_gift_medicinal/init	This is helpful... I can use it for simple remedies, if needed. Thank you, [Ari].	Ça me sera très utile... Si besoin, je m'en servirai pour préparer des simples. Merci, [Ari].	Это пригодится... Смогу использовать для простых настоек. Спасибо, [Ari].	This is helpful... I can use it for simple remedies, if needed. Thank you, [Ari].
Conversations/Bank/Valen/Gift Lines/gift_lines/liked_gift_salad/init	Very nice! Thank you [Ari], I always enjoy a fresh salad.	Quelle bonne idée ! Merci [Ari], j'aime beaucoup les salades croquantes.	Очень хорошо! Спасибо, [Ari], я всегда рада свежему салату.	Very nice! Thank you [Ari], I always enjoy a fresh salad.
Conversations/Bank/Valen/Gift Lines/gift_lines/liked_gift_tea_time/init	This will be a perfect afternoon pick-me-up. Thank you, [Ari].	Voilà qui sera parfait pour surmonter le petit coup de fatigue de l'après-midi. Merci, [Ari].	Идеально, чтобы освежиться после полудня. Спасибо, [Ari].	This will be a perfect afternoon pick-me-up. Thank you, [Ari].
Conversations/Bank/Valen/Gift Lines/gift_lines/liked_gift_wine/init	Oh, lovely. The vineyards of Mistria used to be quite famous, did you know? That was back before my father's time. And I still think our local wines are quite good.	Oh, merci. Savais-tu que les vignes de Mistria étaient réputées, autrefois ? C'était il y a deux ou trois générations. Moi, je trouve que les vins du coin sont encore bons.	Как замечательно. Знаешь, раньше виноградники Мистрии были довольно знамениты. Это ещё до времён моего отца. Но я до сих пор считаю, что наши вина прекрасны.	Oh, lovely. The vineyards of Mistria used to be quite famous, did you know? That was back before my father's time. And I still think our local wines are quite good.
Conversations/Bank/Valen/Gift Lines/gift_lines/liked_gift_wine_2/init	How nice! I've always been fond of our local Mistrian wines.	Fantastique ! J'ai toujours beaucoup apprécié les vins de Mistria.	Как приятно! Я всегда была неравнодушна к винам нашей Мистрии.	How nice! I've always been fond of our local Mistrian wines.
Conversations/Bank/Valen/Gift Lines/gift_lines/loved_gift/1	Thank you, [Ari].	Merci, [Ari].	Спасибо, [Ari].	Thank you, [Ari].
Conversations/Bank/Valen/Gift Lines/gift_lines/loved_gift/init	Oh! I love this!	Oh, cela me plaît énormément !	О! Я это обожаю!	Oh! I love this!
Conversations/Bank/Valen/Gift Lines/gift_lines/loved_gift_2/init	Generous of you to think of me, [Ari]. And it's exactly to my tastes, too. Thank you.	C'est sympathique de penser à moi, [Ari]. Et c'est exactement ce que j'aime, qui plus est. Merci.	Как щедро с твоей стороны, [Ari]. И это как раз в моём вкусе. Спасибо.	Generous of you to think of me, [Ari]. And it's exactly to my tastes, too. Thank you.
Conversations/Bank/Valen/Gift Lines/gift_lines/loved_gift_3/init	Oh, delightful! This certainly lifts my spirits. Thank you, [Ari].	Oh, quel ravissement ! Tu sais vraiment comment me faire me plaisir. Merci, [Ari].	Прекрасно! Это точно поднимет мне настроение. Спасибо, [Ari].	Oh, delightful! This certainly lifts my spirits. Thank you, [Ari].
Conversations/Bank/Valen/Gift Lines/gift_lines/loved_gift_caffeine/init	Thank you, [Ari]. This is just the thing to help me keep my focus.	Merci beaucoup [Ari]. C'est exactement ce dont j'avais besoin pour me concentrer.	Спасибо, [Ari]. Это как раз то, что поможет мне сосредоточиться.	Thank you, [Ari]. This is just the thing to help me keep my focus.
Conversations/Bank/Valen/Gift Lines/gift_lines/loved_gift_edible/init	Ooh, this looks delicious. Thank you, [Ari], I'm really going to enjoy this.	Oh, ça a l'air délicieux. Merci [Ari], je sens que je vais me régaler.	О-ох, выглядит аппетитно. Спасибо, [Ari], с удовольствием это съем.	Ooh, this looks delicious. Thank you, [Ari], I'm really going to enjoy this.
Conversations/Bank/Valen/Gift Lines/gift_lines/loved_gift_healthy_foods/init	Oh, how healthy! And one of my favorites, too. I'll think of you when I have it.	Oh, c'est très sain ! Et c'est un de mes plats préférés. Je penserai à toi en le dégustant.	Как полезно! И к тому же — одно из моих любимых блюд. Буду есть его и думать о тебе.	Oh, how healthy! And one of my favorites, too. I'll think of you when I have it.
Conversations/Bank/Valen/Gift Lines/gift_lines/nettle/1	It's good for treating muscle and joint pain.	Ça soulage les douleurs musculaires et articulaires.	Она помогает от боли в мышцах и суставах.	It's good for treating muscle and joint pain.
Conversations/Bank/Valen/Gift Lines/gift_lines/nettle/init	Thank you, it always helps to have =Nettle= around.	Merci, c'est toujours utile d'avoir de l'=ortie= en réserve.	Спасибо, всегда хорошо иметь под рукой немного =крапивы=.	Thank you, it always helps to have =Nettle= around.
Conversations/Bank/Valen/Gift Lines/gift_lines/neutral_gift/init	Thank you.	Merci.	Спасибо.	Thank you.
Conversations/Bank/Valen/Gift Lines/gift_lines/pan_fried_salmon/1	Thank you, [Ari].	Merci [Ari].	Спасибо, [Ari].	Thank you, [Ari].
Conversations/Bank/Valen/Gift Lines/gift_lines/pan_fried_salmon/init	Oh, look at the crust on this =Pan Fried Salmon=!	Oh, ce =saumon poêlé= est doré à la perfection !	Ох, какая красивая корочка у этого =обжаренного лосося=!	Oh, look at the crust on this =Pan Fried Salmon=!
Conversations/Bank/Valen/Gift Lines/gift_lines/red_toadstool/1	I'll make sure it's disposed of properly.	Je vais m'en débarrasser en toute sécurité.	Я прослежу, чтобы его утилизировали как следует.	I'll make sure it's disposed of properly.
Conversations/Bank/Valen/Gift Lines/gift_lines/red_toadstool/init	I'm not sure you're aware how poisonous this $Red Toadstool$ is.	Je ne sais pas si tu te rends compte à quel point cette $amanite tue-mouches$ est vénéneuse.	Я не уверена, что ты хорошо понимаешь, насколько ядовит этот $красный мухомор$.	I'm not sure you're aware how poisonous this $Red Toadstool$ is.
Conversations/Bank/Valen/Gift Lines/gift_lines/red_wine/init	Oh, thank you. A bit of =Red Wine= with dinner is quite nice.	Oh, merci. Un petit peu de =vin rouge= accompagne toujours très bien un repas.	Ой, спасибо. Немного =красного вина= не помешает к ужину.	Oh, thank you. A bit of =Red Wine= with dinner is quite nice.
Conversations/Bank/Valen/Gift Lines/gift_lines/rose_hip/1	Roses give way to =Rose Hips=, and both make a lovely tea.	Les roses finissent par donner de l'=églantine= et les deux permettent de préparer un thé exquis.	В один сезон там появляются розы, а в другой — =шиповник=. И из обоих получается прекрасный чай.	Roses give way to =Rose Hips=, and both make a lovely tea.
Conversations/Bank/Valen/Gift Lines/gift_lines/rose_hip/2	Thank you.	Merci.	Спасибо.	Thank you.
Conversations/Bank/Valen/Gift Lines/gift_lines/rose_hip/init	The rose plant has so many uses, doesn't it?	Le rosier a de nombreuses utilisations, hein ?	Как много пользы приносят розовые кусты!	The rose plant has so many uses, doesn't it?
Conversations/Bank/Valen/Gift Lines/gift_lines/rosehip_jam/1	I know that berry jam is considered a classic, but I favor =Rose Hip Jam=.	Je sais que la confiture de baies est la plus populaire, mais je préfère la =confiture d'églantine=.	=Варенье из шиповника= нравится мне больше других, хотя оно довольно непривычное на вкус.	I know that berry jam is considered a classic, but I favor =Rose Hip Jam=.
Conversations/Bank/Valen/Gift Lines/gift_lines/rosehip_jam/init	Oh, thank you.	Oh, merci.	Ой, спасибо.	Oh, thank you.
Conversations/Bank/Valen/Gift Lines/gift_lines/rosemary/1	Rosemary can kill germs, which makes it useful as a food preservative, as well as a spice.	Le romarin peut tuer les microbes, ce qui en fait un parfait conservateur pour les aliments. C'est aussi une très bonne herbe aromatique.	Розмарин убивает бактерии. Поэтому его можно использовать как приправу и как консервант.	Rosemary can kill germs, which makes it useful as a food preservative, as well as a spice.
Conversations/Bank/Valen/Gift Lines/gift_lines/rosemary/2	Thank you, [Ari].	Merci [Ari].	Спасибо, [Ari].	Thank you, [Ari].
Conversations/Bank/Valen/Gift Lines/gift_lines/rosemary/init	Oh, is that =Rosemary=? It smells wonderful.	Oh, c'est du =romarin= ? Il sent très bon.	О, это у тебя =розмарин=? Пахнет чудесно.	Oh, is that =Rosemary=? It smells wonderful.
Conversations/Bank/Valen/Gift Lines/gift_lines/rosemary_garlic_noodles/1	So I simply can't resist a plate of =Rosemary Garlic Noodles=!	Donc je ne peux tout simplement pas résister à une assiette de =nouilles à l'ail et au romarin= !	Так что от =пасты с розмарином= я никогда не откажусь!	So I simply can't resist a plate of =Rosemary Garlic Noodles=!
Conversations/Bank/Valen/Gift Lines/gift_lines/rosemary_garlic_noodles/2	Thank you, [Ari].	Merci, [Ari].	Спасибо, [Ari].	Thank you, [Ari].
Conversations/Bank/Valen/Gift Lines/gift_lines/rosemary_garlic_noodles/init	Oh, this smells delicious! I'm partial to both =Rosemary= and =Garlic=...	Oh, quelle odeur merveilleuse ! Le =romarin= et l'=ail= sont deux de mes péchés mignons...	Ой, какой аппетитный аромат! Я люблю и =розмарин= и =чеснок=...	Oh, this smells delicious! I'm partial to both =Rosemary= and =Garlic=...
Conversations/Bank/Valen/Gift Lines/gift_lines/seaweed/1	It's packed with nutrients. Thank you for the gift!	C'est plein de vitamines. Merci pour ce cadeau !	Они содержат множество питательных веществ. Спасибо, это хороший подарок.	It's packed with nutrients. Thank you for the gift!
Conversations/Bank/Valen/Gift Lines/gift_lines/seaweed/init	Eating dark leafy greens are good for you, and =Seaweed= is good for you in the same way.	Manger des légumes à feuilles est bon pour la santé, et l'=algue= produit les mêmes effets.	Тёмная листовая зелень полезна для здоровья. По той же причине полезны и =водоросли=.	Eating dark leafy greens are good for you, and =Seaweed= is good for you in the same way.
Conversations/Bank/Valen/Gift Lines/gift_lines/seaweed_salad/1	I suppose that's one of the benefits of living next to the ocean.	C'est l'un des avantages de vivre près de l'océan.	Впрочем, в этом и плюс жить рядом с океаном.	I suppose that's one of the benefits of living next to the ocean.
Conversations/Bank/Valen/Gift Lines/gift_lines/seaweed_salad/2	Thank you.	Merci.	Спасибо.	Thank you.
Conversations/Bank/Valen/Gift Lines/gift_lines/seaweed_salad/init	This =Seaweed Salad= looks so fresh!	Cette =salade d'algues= a l'air pleine de fraîcheur !	Какой свежий =салат из водорослей=!	This =Seaweed Salad= looks so fresh!
Conversations/Bank/Valen/Gift Lines/gift_lines/spring_salad/1	You know, I used to go foraging with my father to make this recipe.	Tu sais, avec mon père, on allait souvent chercher les ingrédients en pleine nature pour préparer cette salade.	Знаешь, раньше мы с отцом ходили собирать для него ингредиенты.	You know, I used to go foraging with my father to make this recipe.
Conversations/Bank/Valen/Gift Lines/gift_lines/spring_salad/2	All the ingredients grow wild around here!	Et ce ne sont pas les ingrédients sauvages qui manquent, dans le coin !	Они все здесь растут в дикой среде!	All the ingredients grow wild around here!
Conversations/Bank/Valen/Gift Lines/gift_lines/spring_salad/init	Well, thank you for this lovely =Spring Salad=.	Merci pour cette merveilleuse =salade printanière=.	Благодарю тебя за прекрасный =зелёный салат=.	Well, thank you for this lovely =Spring Salad=.
Conversations/Bank/Valen/Gift Lines/gift_lines/summer_salad/1	And a bit of chili pepper brings summer heat, as well. Thank you.	Et le piment rappelle la chaleur de l'été. Merci.	А щепотка перца чили передаёт летнюю жару. Спасибо.	And a bit of chili pepper brings summer heat, as well. Thank you.
Conversations/Bank/Valen/Gift Lines/gift_lines/summer_salad/init	This =Summer Salad= truly makes it feel like summer! Look at those lovely, bright colors!	Cette =salade d'été= est vraiment parfaite pour les beaux jours ! Regarde toutes ces couleurs vives !	Этот =летний салат= и правда раскрывает краски лета! Смотри, какие яркие цвета!	This =Summer Salad= truly makes it feel like summer! Look at those lovely, bright colors!
Conversations/Bank/Valen/Gift Lines/gift_lines/sushi_platter/1	I'm going to enjoy this! Thank you.	Je vais me régaler ! Merci.	Это мне точно понравится! Спасибо.	I'm going to enjoy this! Thank you.
Conversations/Bank/Valen/Gift Lines/gift_lines/sushi_platter/init	What a beautiful =Sushi Platter=!	Quel magnifique =plateau de sushis= !	Какое прекрасное =ассорти суши=!	What a beautiful =Sushi Platter=!
Conversations/Bank/Valen/Gift Lines/gift_lines/sweetroot/1	I've enjoyed this particular snack since I was a child.	Ça me sert d'encas depuis que je suis petite.	Я любила его есть в качестве закуски, когда была маленькая.	I've enjoyed this particular snack since I was a child.
Conversations/Bank/Valen/Gift Lines/gift_lines/sweetroot/init	=Sweetroot=! Thank you, this was difficult to get while the Mines were closed.	Un =rhizome sucré= ! Merci, il était difficile d'en obtenir tant que la mine était fermée.	=Сладкий корень=! Спасибо. Пока шахты были закрыты, добыть его было очень трудно.	=Sweetroot=! Thank you, this was difficult to get while the Mines were closed.
Conversations/Bank/Valen/Gift Lines/gift_lines/underseaweed/1	I've been told this variety is quite rare. Thank you, [Ari]!	Il paraît que c'est une variété rare. Merci [Ari] !	Мне говорили, что этот вид встречается довольно редко. Спасибо, [Ari]!	I've been told this variety is quite rare. Thank you, [Ari]!
Conversations/Bank/Valen/Gift Lines/gift_lines/underseaweed/init	Oh, is this =Underseaweed=?	Oh, c'est du =varech sous-marin= ?	Ого, это =подводоросли=?	Oh, is this =Underseaweed=?
Conversations/Bank/Valen/Gift Lines/gift_lines/vegetable_soup/1	A simple =Vegetable Soup= is such a comfort.	Une =soupe de légumes= toute simple fait toujours du bien.	Даже от простого =овощного супа= я чувствую такой уют.	A simple =Vegetable Soup= is such a comfort.
Conversations/Bank/Valen/Gift Lines/gift_lines/vegetable_soup/2	It reminds me of days spent in the warmth of the Inn.	Cela me rappelle les journées que je passais au chaud, à l'auberge.	Сразу вспоминаю те дни, когда грелась у очага в трактире.	It reminds me of days spent in the warmth of the Inn.
Conversations/Bank/Valen/Gift Lines/gift_lines/vegetable_soup/init	Oh wonderful, thank you!	Oh, fabuleux, merci !	Ой, как славно, спасибо!	Oh wonderful, thank you!
Conversations/Bank/Valen/Gift Lines/gift_lines/white_wine/init	Oh, I do like a dry =White Wine=. Thank you.	Oh, j'aime beaucoup le =vin blanc= sec. Je te remercie.	О, я очень даже не против сухого =белого вина=. Спасибо.	Oh, I do like a dry =White Wine=. Thank you.
Conversations/Bank/Valen/Market Lines/market_darcy_1/market_darcy_1/init	I generally recommend against stimulants, but the pleasure of =Coffee= is undeniable.	En général, je déconseille la consommation de produits stimulants, mais il faut avouer que le =café= procure un plaisir indéniable.	Я обычно не советую стимуляторы, но удовольствие от =кофе= отрицать сложно.	I generally recommend against stimulants, but the pleasure of =Coffee= is undeniable.
Conversations/Bank/Valen/Market Lines/market_darcy_2/market_darcy_2/init	Darcy's =Coffee= is a regular part of my schedule... hard to start the day without it.	Le =café= de Darcy fait partie de ma routine quotidienne... J'ai même du mal à commencer ma journée sans.	=Кофе= Дарси — часть моего утреннего распорядка... день без него трудно начать.	Darcy's =Coffee= is a regular part of my schedule... hard to start the day without it.
Conversations/Bank/Valen/Market Lines/market_darcy_3/market_darcy_3/init	How do I take my =Coffee=? Black as the night, [Ari]. Is there any other way?	Tu veux savoir comment je prends mon =café= ? Noir comme la nuit, [Ari]. Il y a une autre façon de le déguster ?	Какой я пью =кофе=? Чёрный, как ночь, [Ari]. А как же иначе?	How do I take my =Coffee=? Black as the night, [Ari]. Is there any other way?
Conversations/Bank/Valen/Market Lines/market_darcy_4/market_darcy_4/init	Darcy says Juniper likes her =Latte= a bit sweet. How interesting.	Darcy dit qu'elle aime boire son =café latte= légèrement sucré. Voilà qui est très intéressant...	Дарси говорит, Джунипер любит =латте= послаще. Любопытно.	Darcy says Juniper likes her =Latte= a bit sweet. How interesting.
Conversations/Bank/Valen/Market Lines/market_louis_1/market_louis_1/init	You can always rely on Louis for a good pair of slacks.	Tu peux acheter les pantalons de Louis les yeux fermés.	На Луи всегда можно положиться, когда нужна хорошая пара брюк.	You can always rely on Louis for a good pair of slacks.
Conversations/Bank/Valen/Market Lines/market_louis_2/market_louis_2/init	Every one of my coats is from Louis... he's managed to sell me one for every season.	Toutes mes blouses viennent de chez Louis... Il a réussi à m'en vendre une pour chaque saison.	Все мои пальто — от Луи... он умудрился продать мне по одному на каждый сезон.	Every one of my coats is from Louis... he's managed to sell me one for every season.
Conversations/Bank/Valen/Market Lines/market_louis_3/market_louis_3/init	I'm partial to a button-up, but Louis talked me into a turtleneck a few years ago. I have to admit, I liked it very much.	J'ai un faible pour les chemisiers, mais Louis m'a convaincue d'acheter un col roulé, il y a quelques années. Je dois admettre que je l'aime beaucoup.	Я больше по классике: с пуговицами, — но Луи однажды уговорил меня на водолазку. Признаюсь, она мне понравилась.	I'm partial to a button-up, but Louis talked me into a turtleneck a few years ago. I have to admit, I liked it very much.
Conversations/Bank/Valen/Market Lines/market_louis_4/market_louis_4/init	Louis really understands the art of a crisp lapel.	Louis sait très bien qu'un joli carré fait toute la différence.	Луи отлично понимает, что значит идеальный отворот.	Louis really understands the art of a crisp lapel.
Conversations/Bank/Valen/Market Lines/market_merri_1/market_merri_1/init	That big desk at the front of my clinic is from Merri's shop... Olric and Hayden were kind enough to carry it home for me.	Le grand bureau à l'entrée de ma clinique vient de chez Merri... Olric et Hayden ont eu la gentillesse de le transporter jusque chez moi.	Тот большой стол у входа в мою клинику — из лавки Мэрри... Ольрик и Хейден любезно помогли мне донести его до дома.	That big desk at the front of my clinic is from Merri's shop... Olric and Hayden were kind enough to carry it home for me.
Conversations/Bank/Valen/Market Lines/market_merri_2/market_merri_2/init	I tend to prefer a bit of simplicity and many of Merri's pieces are rather decorative, but I'm very fond of the fancy armchair I purchased from her...	Je suis plutôt adepte de ce qui est sobre et les meubles de Merri sont parfois chargés. Néanmoins, j'aime beaucoup le fauteuil que je lui ai acheté...	Я предпочитаю что-то простое, а в лавке Мэрри много вычурных вещей. Но я однажды купила у нее одно изящное кресло...	I tend to prefer a bit of simplicity and many of Merri's pieces are rather decorative, but I'm very fond of the fancy armchair I purchased from her...
Conversations/Bank/Valen/Market Lines/market_merri_2/market_merri_2/init$_sequence_entry_1$	I fall asleep in it almost as often as my own bed.	Je dors dedans à peu près aussi souvent que dans mon propre lit.	Я засыпаю в нём почти так же часто, как в своей кровати.	I fall asleep in it almost as often as my own bed.
Conversations/Bank/Valen/Market Lines/market_merri_3/market_merri_3/init	Did Juniper get her throne of a chair from Merri's shop? Hm... it suits her.	Juniper a-t-elle acheté le trône qui lui sert de fauteuil chez Merri ? Dans tous les cas, il est parfait pour elle.	Интересно, Джунипер купила свой «трон» у Мэрри? Хм... ей он подходит.	Did Juniper get her throne of a chair from Merri's shop? Hm... it suits her.
Conversations/Bank/Valen/Market Lines/market_merri_4/market_merri_4/init	Hayden's got plenty of furniture from Merri... he and Olric help her set up her booth on the Saturdays she's at market.	La plupart des meubles d'Hayden viennent de chez Merri... Olric et lui l'aident à s'installer le samedi, quand elle vient au marché.	У Хейдена полно мебели от Мэрри... он с Ольриком помогает ей устраивать лавку на базаре по субботам.	Hayden's got plenty of furniture from Merri... he and Olric help her set up her booth on the Saturdays she's at market.
Conversations/Bank/Valen/Market Lines/market_stillwell_1/market_stillwell_1/init	I don't believe a word of Stillwell's fortunes, but his presentation is quite amusing.			I don't believe a word of Stillwell's fortunes, but his presentation is quite amusing.
Conversations/Bank/Valen/Market Lines/market_stillwell_2/market_stillwell_2/init	When I first met Stillwell I thought he had a bit of a pale complexion, but he seems quite healthy. Is it makeup?			When I first met Stillwell I thought he had a bit of a pale complexion, but he seems quite healthy. Is it makeup?
Conversations/Bank/Valen/Market Lines/market_stillwell_3/market_stillwell_3/init	Juniper insisted I get a fortune from Stillwell, but it seems like a waste of tesserae to me.			Juniper insisted I get a fortune from Stillwell, but it seems like a waste of tesserae to me.
Conversations/Bank/Valen/Market Lines/market_stillwell_4/market_stillwell_4/init	"Juniper bullied me into getting a life fortune... ""You will live another day"". I suppose it's not technically incorrect..."			"Juniper bullied me into getting a life fortune... ""You will live another day"". I suppose it's not technically incorrect..."
Conversations/Bank/Valen/Market Lines/market_taliferro/market_taliferro_1/1	The doctor in me would rather just eat the fruit...	La docteure que je suis n'aurait mangé que les fruits...	Врач во мне говорит, что лучше было бы просто съесть фрукт...	The doctor in me would rather just eat the fruit...
Conversations/Bank/Valen/Market Lines/market_taliferro/market_taliferro_1/2	Nice foam, though.	Mais la mousse était bonne.	Но пенка была красивая.	Nice foam, though.
Conversations/Bank/Valen/Market Lines/market_taliferro/market_taliferro_1/init	I ate at Taliferro's restaurant when I was in the Capital. He served me a dessert with foam infused with some exotic fruit.	J'ai mangé dans le restaurant de Taliferro, quand j'étais dans la capitale. Il m'avait servi une mousse aromatisée aux fruits exotiques.	Я была в ресторане у Талиферро, когда жила в столице. Он подал мне десерт с пенкой из какого-то экзотического фрукта.	I ate at Taliferro's restaurant when I was in the Capital. He served me a dessert with foam infused with some exotic fruit.
Conversations/Bank/Valen/Market Lines/market_taliferro/market_taliferro_2/1	I should refer him to a colleague in the Capital.	Je devrais l'envoyer consulter un de mes collègues, à la capitale.	Надо направить его к моему столичному коллеге...	I should refer him to a colleague in the Capital.
Conversations/Bank/Valen/Market Lines/market_taliferro/market_taliferro_2/init	Have you seen the way Taliferro grinds his teeth? And how the vein on his neck bulges? He seems to be under a great deal of stress.	Tu as remarqué la façon dont Taliferro grince des dents ? Et comment les veines de son cou enflent ? Ce garçon doit être soumis à un stress important.	Ты <p>видели</p><f>видела</f><m>видел</m><n>видело</n>, как Талиферро сжимает челюсти? И как у него раздуваются вены на шее? Кажется, он очень напряжён.	Have you seen the way Taliferro grinds his teeth? And how the vein on his neck bulges? He seems to be under a great deal of stress.
Conversations/Bank/Valen/Market Lines/market_taliferro/market_taliferro_3/1	He looks like any amount of stimulant might make him explode.	On dirait qu'une infime quantité de n'importe quel produit stimulant pourrait le faire exploser.	По его виду кажется, что от любой дозы кофеина он взорвётся.	He looks like any amount of stimulant might make him explode.
Conversations/Bank/Valen/Market Lines/market_taliferro/market_taliferro_3/2	Possibly literally.	Peut-être même littéralement.	Возможно, даже буквально.	Possibly literally.
Conversations/Bank/Valen/Market Lines/market_taliferro/market_taliferro_3/init	I don't recommend giving Taliferro any sort of caffeinated beverages...	Je déconseille de donner la moindre boisson contenant de la caféine à Taliferro...	Талиферро я бы порекомендовала воздержаться от бодрящих напитков...	I don't recommend giving Taliferro any sort of caffeinated beverages...
Conversations/Bank/Valen/Market Lines/market_taliferro/market_taliferro_4/1	But Taliferro looks like he could benefit from a visit to the Bathhouse.	Mais je pense qu'une petite visite aux bains ferait le plus grand bien à Taliferro.	Талиферро, кажется, не помешало бы сходить в купальню.	But Taliferro looks like he could benefit from a visit to the Bathhouse.
Conversations/Bank/Valen/Market Lines/market_taliferro/market_taliferro_4/2	That fellow needs to relax.	Ce garçon a grand besoin de se détendre.	Ему надо расслабиться.	That fellow needs to relax.
Conversations/Bank/Valen/Market Lines/market_taliferro/market_taliferro_4/init	I'm loath to give Juniper credit...	Ça me fait mal d'aller dans le sens de Juniper...	Мне не в радость поощрять Джунипер, но...	I'm loath to give Juniper credit...
Conversations/Bank/Valen/Market Lines/market_vera_1/market_vera_1/init	Vera's hair dye is all natural and has no adverse effects on your health. In case you were wondering, [Ari].	Si jamais tu te posais la question, sache que toutes les teintures de Vera sont naturelles et ne sont pas nocives, [Ari].	Краска для волос Веры полностью натуральна и не вредит здоровью. Если тебе вдруг интересно, [Ari].	Vera's hair dye is all natural and has no adverse effects on your health. In case you were wondering, [Ari].
Conversations/Bank/Valen/Market Lines/market_vera_2/market_vera_2/init	I like my hair short, so I come to Vera as often as I can.	Je préfère avoir les cheveux courts, c'est pour cela que je viens voir Vera aussi souvent que possible.	Мне нравится короткая стрижка, так что я стараюсь бывать у Веры как можно чаще.	I like my hair short, so I come to Vera as often as I can.
Conversations/Bank/Valen/Market Lines/market_vera_3/market_vera_3/init	Vera gives me the same cut every time and never badgers me to change it. I appreciate that.	Elle me fait à chaque fois la même coupe et n'essaie jamais de me convaincre d'en changer. J'apprécie vraiment.	Вера делает мне одну и ту же стрижку каждый раз и никогда не уговаривает на перемены. Я благодарна ей за это.	Vera gives me the same cut every time and never badgers me to change it. I appreciate that.
Conversations/Bank/Valen/Market Lines/market_vera_4/market_vera_4/init	Vera's doing a lot of cutting and dyeing today... I showed her some stretches to keep her hands nice and open. Why don't you take a minute and do the same?	Vera enchaîne les coupes et les colorations, aujourd'hui... Je lui ai enseigné quelques étirements pour soulager ses mains. Tu devrais essayer, toi aussi.	Вера сегодня много стрижёт и красит... я показала ей пару упражнений, чтобы кисти оставались в порядке. Может, и тебе стоит сделать перерыв?	Vera's doing a lot of cutting and dyeing today... I showed her some stretches to keep her hands nice and open. Why don't you take a minute and do the same?
Conversations/Bank/Valen/Market Lines/market_wheedle_1/market_wheedle_1/1	I'm certain that man has never received a single certificate in food safety.	Je suis convaincue que ce type n'a jamais eu la moindre formation en hygiène alimentaire.	Я уверена, что у этого человека нет никаких сертификатов о продовольственной безопасности.	I'm certain that man has never received a single certificate in food safety.
Conversations/Bank/Valen/Market Lines/market_wheedle_1/market_wheedle_1/init	As a doctor, I can't advise consuming anything Wheedle sells at his stall.	En tant que médecin, je te déconseille de manger quoi que ce soit acheté sur le stand de Wheedle.	Как врач я не могу рекомендовать никакую продукцию из лавки Хлюста.	As a doctor, I can't advise consuming anything Wheedle sells at his stall.
Conversations/Bank/Valen/Market Lines/market_wheedle_2/market_wheedle_2/1	Ah well. There's no accounting for taste.	Mais bon... Chacun ses goûts, comme on dit.	Но что ж. О вкусах не спорят.	Ah well. There's no accounting for taste.
Conversations/Bank/Valen/Market Lines/market_wheedle_2/market_wheedle_2/init	I can't imagine where Wheedle buys his suits, but it certainly isn't from any tailors I'm acquainted with.	J'ignore où Wheedle achète ses costumes, mais ça ne vient d'aucun tailleur que je connais.	Даже не представляю, где Хлюст берёт свои костюмы. Точно не у кого-то, кого я знаю.	I can't imagine where Wheedle buys his suits, but it certainly isn't from any tailors I'm acquainted with.
Conversations/Bank/Valen/Market Lines/market_wheedle_3/market_wheedle_3/1	I'm doubtful that anything in his inventory has undergone any clinical trials or stress-testing.	Cela me surprendrait qu'un seul de ses produits ait fait l'objet d'essais cliniques.	Сомневаюсь, что его товары проходили хоть какие-то клинические испытания или тесты.	I'm doubtful that anything in his inventory has undergone any clinical trials or stress-testing.
Conversations/Bank/Valen/Market Lines/market_wheedle_3/market_wheedle_3/init	If you buy anything from Wheedle's booth, please do so at your own discretion.	Si jamais tu achètes quoi que ce soit provenant du stand de Wheedle, ce sera à tes risques et périls.	Если будешь покупать что-то у Хлюста, то только на свой страх и риск.	If you buy anything from Wheedle's booth, please do so at your own discretion.
Conversations/Bank/Valen/Market Lines/market_wheedle_4/market_wheedle_4/1	Don't let it get around, but I'd trust Juniper over Wheedle any day of the week.	Ne le répète à personne, mais j'ai cent fois plus confiance en elle qu'en Wheedle.	Джунипер я доверяю гораздо больше, чем Хлюсту. Только никому не говори.	Don't let it get around, but I'd trust Juniper over Wheedle any day of the week.
Conversations/Bank/Valen/Market Lines/market_wheedle_4/market_wheedle_4/init	Do I think Wheedle's wares are more dangerous than those mystery salves Juniper peddles around town?	Pardon ? Si je pense que les produits de Wheedle sont plus nocifs que les remèdes de bonne femme de Juniper ?	Опаснее ли товары Хлюста чудодейственных мазей, которые продаёт жителям Джунипер?	Do I think Wheedle's wares are more dangerous than those mystery salves Juniper peddles around town?
Conversations/Bank/Valen/Market Lines/market_zorel_1/market_zorel_1/1	So I asked Zorel if she had any $Song Crystal$ that helped with concentration.	J'ai donc demandé à Zorel si elle avait un $cristal musical$ qui m'aiderait à me concentrer.	Так что я спросила Зорель, нет ли у неё $поющих кристаллов$, которые помогают сконцентрироваться.	So I asked Zorel if she had any $Song Crystal$ that helped with concentration.
Conversations/Bank/Valen/Market Lines/market_zorel_1/market_zorel_1/2	She didn't, but she was excited to try and come up with something!	Malheureusement non ! En revanche, elle semblait désireuse de composer quelque chose !	Она не нашла, но загорелась идеей сочинить что-нибудь подходящее!	She didn't, but she was excited to try and come up with something!
Conversations/Bank/Valen/Market Lines/market_zorel_1/market_zorel_1/init	I usually find music too distracting when I work.	La musique a tendance à trop me distraire, pendant que je travaille.	Обычно музыка отвлекает меня от работы.	I usually find music too distracting when I work.
Conversations/Bank/Valen/Museum Lines/diamond_backed_mirror/diamond_backed_mirror/1	It seems a bit impractical, though.	Il n'a pas l'air très pratique, mais je suis sûre que quelqu'un que je connais saurait en faire bon usage.	Не слишком практично, но я легко представляю себе одну личность, которая нашла бы ему применение.	It seems a bit impractical, though.
Conversations/Bank/Valen/Museum Lines/diamond_backed_mirror/diamond_backed_mirror/init	I spent my day off at the Museum, and got a bit fixated on the $Diamond-backed Mirror$.	J'ai passé mon jour de repos au musée, et ce $miroir diamantin$ m'a envoûtée.	В выходной я заглянула в музей и почему-то зациклилась на $зеркале с алмазным покрытием$.	I spent my day off at the Museum, and got a bit fixated on the $Diamond-backed Mirror$.
Conversations/Bank/Valen/Museum Lines/emerald_horned_charger/emerald_horned_charger/init	I saw that $Emerald-Horned Charger$ at the Museum. That prominent, glittering horn of precious stone... what a curious adaptation.	J'ai pu admirer le $poisson à cornes émeraude$ au musée. Sa corne en pierre précieuse est impressionnante... Bizarre comme évolution.	Я увидела $прыткого изумрудного рогача$ в музее. Этот сверкающий рог из драгоценного камня... любопытная адаптация.	I saw that $Emerald-Horned Charger$ at the Museum. That prominent, glittering horn of precious stone... what a curious adaptation.
Conversations/Bank/Valen/Museum Lines/firesail_fish/firesail_fish/1	It would be very interesting to study the physiology of such an unusual creature.	Étudier la physiologie d'une créature aussi inhabituelle serait très intéressant.	Занимательно было бы исследовать физиологию столь необычного создания.	It would be very interesting to study the physiology of such an unusual creature.
Conversations/Bank/Valen/Museum Lines/firesail_fish/firesail_fish/init	I saw that $Firesail Fish$ at the Museum.	J'ai vu cette $caudale de feu$ au musée.	Я видела в музее $огненный парусник$.	I saw that $Firesail Fish$ at the Museum.
Conversations/Bank/Valen/Museum Lines/gazer/gazer/1	The natural world challenges your assumptions at every turn. It truly is incredible.	Le monde naturel met à mal nos présupposés à chaque instant. C'est vraiment incroyable.	Невероятно. Природа постоянно бросает вызов нашим представлениям.	The natural world challenges your assumptions at every turn. It truly is incredible.
Conversations/Bank/Valen/Museum Lines/gazer/gazer/init	That fish at the Museum, the $Gazer$... it's able to make complete sense of its environment without eyes.	Ce poisson, au musée, le $poisson albinos$... Il est capable de comprendre parfaitement son environnement, sans avoir d'yeux.	Этот $глазун$ в музее... способен без глаз ориентироваться в пространстве.	That fish at the Museum, the $Gazer$... it's able to make complete sense of its environment without eyes.
Conversations/Bank/Valen/Museum Lines/giant_fish_scale/giant_fish_scale/1	A $Giant Fish Scale$. Very impressive! Makes you want to see the fish it came from.	Une $écaille de poisson géante$. C'était très impressionnant ! J'aimerais bien voir le poisson dont elle provient.	$Гигантская рыбья чешуя$. Впечатляет. Захотелось взглянуть на саму рыбу.	A $Giant Fish Scale$. Very impressive! Makes you want to see the fish it came from.
Conversations/Bank/Valen/Museum Lines/giant_fish_scale/giant_fish_scale/init	I spent my day off at the Museum, and wouldn't you know it, there was a new exhibit.	Je suis allée au musée pendant mon jour de repos. Tu sais quoi ? Ils avaient une nouveauté en exposition.	В выходной я снова была в музее, и, конечно, там уже был новый экспонат.	I spent my day off at the Museum, and wouldn't you know it, there was a new exhibit.
Conversations/Bank/Valen/Relationship Lines/Basement/relationship_basement/valen_best_friend_basement_1/1	I can tell it's going to be a wonderful day.	Je peux d'ores et déjà dire que la journée s'annonce magnifique.	Теперь точно знаю, что день сегодня будет хороший.	I can tell it's going to be a wonderful day.
Conversations/Bank/Valen/Relationship Lines/Basement/relationship_basement/valen_best_friend_basement_1/init	Good morning, [Ari].	Bonjour, [Ari].	Доброе утро, [Ari].	Good morning, [Ari].
Conversations/Bank/Valen/Relationship Lines/Basement/relationship_basement/valen_best_friend_basement_2/1	If you like, I'd be happy to show you some.	Si tu veux, je serais ravie de te montrer des exercices.	Я могу показать тебе пару упражнений, если хочешь.	If you like, I'd be happy to show you some.
Conversations/Bank/Valen/Relationship Lines/Basement/relationship_basement/valen_best_friend_basement_2/init	Don't forget to do some light stretches after you wake up.	Pense à faire quelques étirements avant de lever.	Не забывай делать зарядку, когда встаёшь утром.	Don't forget to do some light stretches after you wake up.
Conversations/Bank/Valen/Relationship Lines/Basement/relationship_basement/valen_best_friend_basement_3/init	Anything fun planned today, [Ari]?	Tu as des trucs sympas prévus aujourd'hui, [Ari] ?	Какие планы на сегодня, [Ari]?	Anything fun planned today, [Ari]?
Conversations/Bank/Valen/Relationship Lines/Basement/relationship_basement/valen_best_friend_basement_4/1	Life isn't a race, take your time.	La vie n'est pas une course, il faut savoir prendre son temps.	Спешка в жизни ни к чему.	Life isn't a race, take your time.
Conversations/Bank/Valen/Relationship Lines/Basement/relationship_basement/valen_best_friend_basement_4/init	If you're feeling sleepy, there's nothing wrong with taking a midday nap.	Si tu as sommeil, il n'y a rien de mal à faire une petite sieste en milieu de journée.	Не страшно чуть-чуть поспать днём, если клонит в сон.	If you're feeling sleepy, there's nothing wrong with taking a midday nap.
Conversations/Bank/Valen/Relationship Lines/Basement/relationship_basement/valen_best_friend_basement_5/init	You know, there's a lot of research done that says spending time with friends is good for your health.	Tu sais, de nombreuses recherches indiquent que passer du temps avec ses amis est bon pour la santé.	Ты знаешь, что много исследований подтверждают: совместный досуг с друзьями полезен для здоровья?	You know, there's a lot of research done that says spending time with friends is good for your health.
Conversations/Bank/Valen/Relationship Lines/Basement/relationship_basement/valen_best_friend_basement_6/1	Keep it up!	Continue comme ça !	Так держать!	Keep it up!
Conversations/Bank/Valen/Relationship Lines/Basement/relationship_basement/valen_best_friend_basement_6/init	You're looking particularly energetic today, [Ari].	Tu as l'air particulièrement dynamique aujourd'hui, [Ari].	Сегодня ты выглядишь особенно энергично, [Ari].	You're looking particularly energetic today, [Ari].
Conversations/Bank/Valen/Relationship Lines/Basement/relationship_basement/valen_best_friend_basement_7/1	I'd love to hear all about it.	J'aimerais beaucoup que tu me la racontes.	Мне интересно послушать.	I'd love to hear all about it.
Conversations/Bank/Valen/Relationship Lines/Basement/relationship_basement/valen_best_friend_basement_7/init	Oh [Ari], good evening. How was your day?	[Ari], bonsoir. Comment s'est passée ta journée ?	О, [Ari], добрый вечер. Как прошёл твой день?	Oh [Ari], good evening. How was your day?
Conversations/Bank/Valen/Relationship Lines/Basement/relationship_basement/valen_best_friend_basement_8/1	I'd love to swap book recommendations with you, sometime.	Si c'est le cas, nous devrions échanger des conseils de lecture, à l'occasion.	Можем как-нибудь собраться и порекомендовать друг другу книг, я буду рада.	I'd love to swap book recommendations with you, sometime.
Conversations/Bank/Valen/Relationship Lines/Basement/relationship_basement/valen_best_friend_basement_8/init	Are you much of a reader, [Ari]?	Est-ce que tu aimes lire, [Ari] ?	Ты много читаешь, [Ari]?	Are you much of a reader, [Ari]?
Conversations/Bank/Valen/Relationship Lines/Basement/relationship_basement/valen_best_friend_basement_9/1	I'm glad I got to spend some of it with you.	Je suis heureuse de l'avoir passée en partie avec toi.	Я рада, что часть его провела с тобой.	I'm glad I got to spend some of it with you.
Conversations/Bank/Valen/Relationship Lines/Basement/relationship_basement/valen_best_friend_basement_9/init	Another pleasant day has passed.	Encore une belle journée qui s'achève.	Вот и прошёл ещё один приятный день.	Another pleasant day has passed.
Conversations/Bank/Valen/Relationship Lines/Basement/relationship_basement/valen_romantic_basement_1/1	I can tell it's going to be a wonderful day.	Je peux d'ores et déjà dire que la journée s'annonce magnifique.	Теперь точно знаю, что день сегодня будет хороший.	I can tell it's going to be a wonderful day.
Conversations/Bank/Valen/Relationship Lines/Basement/relationship_basement/valen_romantic_basement_1/init	Good morning, [Ari].	Bonjour, [Ari].	Доброе утро, [Ari].	Good morning, [Ari].
Conversations/Bank/Valen/Relationship Lines/Basement/relationship_basement/valen_romantic_basement_2/1	If you like, I'd be happy to show you some.	Si tu veux, je serais ravie de te montrer des exercices.	Я могу показать тебе пару упражнений, если хочешь.	If you like, I'd be happy to show you some.
Conversations/Bank/Valen/Relationship Lines/Basement/relationship_basement/valen_romantic_basement_2/init	Don't forget to do some light stretches after you wake up.	Pense à faire quelques étirements avant de lever.	Не забывай делать зарядку, когда встаёшь утром.	Don't forget to do some light stretches after you wake up.
Conversations/Bank/Valen/Relationship Lines/Basement/relationship_basement/valen_romantic_basement_3/init	Anything fun planned today, [Ari]?	Tu as des trucs sympas prévus aujourd'hui, [Ari] ?	Какие планы на сегодня, [Ari]?	Anything fun planned today, [Ari]?
Conversations/Bank/Valen/Relationship Lines/Basement/relationship_basement/valen_romantic_basement_4/init	[Ari], good afternoon.	J'espère que ton après-midi se passe bien, [Ari].	[Ari], доброго дня.	[Ari], good afternoon.
Conversations/Bank/Valen/Relationship Lines/Basement/relationship_basement/valen_romantic_basement_5/init	You know, there's a lot of research done that says spending time with people you care about is good for your health.	Tu sais, de nombreuses recherches indiquent que passer du temps avec les gens qui te sont chers est bon pour la santé.	Ты знаешь, что много исследований подтверждают: совместный досуг с друзьями полезен для здоровья?	You know, there's a lot of research done that says spending time with people you care about is good for your health.
Conversations/Bank/Valen/Relationship Lines/Basement/relationship_basement/valen_romantic_basement_6/init	You're looking particularly energetic today, [Ari].	Tu as l'air particulièrement dynamique aujourd'hui, [Ari].	Сегодня ты выглядишь особенно энергично, [Ari].	You're looking particularly energetic today, [Ari].
Conversations/Bank/Valen/Relationship Lines/Basement/relationship_basement/valen_romantic_basement_7/1	I'd love to hear all about it.	J'aimerais beaucoup que tu me la racontes.	Мне интересно послушать.	I'd love to hear all about it.
Conversations/Bank/Valen/Relationship Lines/Basement/relationship_basement/valen_romantic_basement_7/init	Oh [Ari], good evening. How was your day?	[Ari], bonsoir. Comment s'est passée ta journée ?	О, [Ari], добрый вечер. Как прошёл твой день?	Oh [Ari], good evening. How was your day?
Conversations/Bank/Valen/Relationship Lines/Basement/relationship_basement/valen_romantic_basement_8/1	I'd love to read a book together with you.	Si c'est le cas, nous devrions échanger des conseils de lecture, à l'occasion.	Можем как-нибудь собраться и порекомендовать друг другу книг, я буду рада.	I'd love to read a book together with you.
Conversations/Bank/Valen/Relationship Lines/Basement/relationship_basement/valen_romantic_basement_8/init	Are you much of a reader, [Ari]?	Est-ce que tu aimes lire, [Ari] ?	Ты много читаешь, [Ari]?	Are you much of a reader, [Ari]?
Conversations/Bank/Valen/Relationship Lines/Basement/relationship_basement/valen_romantic_basement_9/1	I'm glad I got to spend some of it with you.	Je suis heureuse de l'avoir passée en partie avec toi.	Я рада, что часть его провела с тобой.	I'm glad I got to spend some of it with you.
Conversations/Bank/Valen/Relationship Lines/Basement/relationship_basement/valen_romantic_basement_9/init	Another pleasant day has passed.	Encore une belle journée qui s'achève.	Вот и прошёл ещё один приятный день.	Another pleasant day has passed.
Conversations/Bank/Valen/Relationship Lines/Child/baby_daily_dialogue/ari_holding_baby_0/1	[Ari], I do hope you're pulling your weight. Don't let [infant] do all the work.	[Ari], j'espère que tu participes aussi et que tu ne laisses pas [child_0] faire tout le travail.	[Ari], приложи немного усилий. Не будет же [child_0] стараться за двоих.	[Ari], I do hope you're pulling your weight. Don't let [infant] do all the work.
Conversations/Bank/Valen/Relationship Lines/Child/baby_daily_dialogue/ari_holding_baby_0/init	[infant] looks to be having an enjoyable day out and about with you.	[child_0] semble passer une bonne journée en ta compagnie.	[child_0], судя по его вижу, очень доволен, как вы проводите день.	[infant] looks to be having an enjoyable day out and about with you.
Conversations/Bank/Valen/Relationship Lines/Child/baby_daily_dialogue/ari_holding_baby_1/1	How are my darlings today?	Comment se portent mes deux amours, aujourd'hui ?	Как поживают сегодня мои родные?	How are my darlings today?
Conversations/Bank/Valen/Relationship Lines/Child/baby_daily_dialogue/ari_holding_baby_1/init	[Ari], [infant]!	[Ari], [child_0] !	[Ari], [child_0]!	[Ari], [infant]!
Conversations/Bank/Valen/Relationship Lines/Child/baby_daily_dialogue/ari_holding_baby_2/1	Some of my work chemicals are a bit too dangerous for small hands that are predisposed to grabbing anything and everything...	Certains des produits que j'utilise au travail sont trop dangereux pour des petites mains qui ont tendance à attraper tout ce qui passe...	Некоторые из моих реагентов слишком опасны в маленьких ручонках, которые хватают, что ни попадя...	Some of my work chemicals are a bit too dangerous for small hands that are predisposed to grabbing anything and everything...
Conversations/Bank/Valen/Relationship Lines/Child/baby_daily_dialogue/ari_holding_baby_2/2	But when you're older... yes, that will be fun for both of us.	Mais quand tu seras en âge, alors oui, on s'amusera bien, ensemble.	А вот когда вырастешь... Да, вот тогда и повеселимся.	But when you're older... yes, that will be fun for both of us.
Conversations/Bank/Valen/Relationship Lines/Child/baby_daily_dialogue/ari_holding_baby_2/init	[infant], it's for the best you stay with [Ari] for the present.	[child_0], il vaut mieux que tu restes avec [Ari] pour le moment.	[child_0], сейчас будет лучше, если [Ari] тебя подержит.	[infant], it's for the best you stay with [Ari] for the present.
Conversations/Bank/Valen/Relationship Lines/Child/baby_daily_dialogue/ari_holding_baby_3/1	And I'm sure all the fresh air is doing you good, [infant]! Yell and laugh all you like.	En plus, je sens que tout cet air frais te fait le plus grand bien, [child_0] ! Tu peux crier et rire à ta guise !	И свежий воздух тебе наверняка на пользу, правда, [child_0]? Можешь кричать и хохотать!	And I'm sure all the fresh air is doing you good, [infant]! Yell and laugh all you like.
Conversations/Bank/Valen/Relationship Lines/Child/baby_daily_dialogue/ari_holding_baby_3/init	It's delightful to see the two of you running about...	Quelle joie de vous voir courir partout, vous deux !	Приятно наблюдать за вашей беготнёй...	It's delightful to see the two of you running about...
Conversations/Bank/Valen/Relationship Lines/Child/baby_daily_dialogue/ari_holding_baby_4/1	He always has helpful insights on my clinical notes.	Il a toujours des remarques pertinentes sur mes notes de diagnostic.	У него всегда найдутся ценные советы для моих клинических записей.	He always has helpful insights on my clinical notes.
Conversations/Bank/Valen/Relationship Lines/Child/baby_daily_dialogue/ari_holding_baby_4/init	[Ari], don't hesitate to give me [child_0] if you'd like a break.	[Ari], n'hésite pas à me confier [child_0] si tu veux faire une pause.	[Ari], если нужен перерыв, [child_0] может посидеть у меня.	[Ari], don't hesitate to give me [child_0] if you'd like a break.
Conversations/Bank/Valen/Relationship Lines/Child/baby_daily_dialogue/baby_0/1	Tell me about your day so far.	Raconte-moi comment se passe ta journée.	Расскажи, как проходит твой день.	Tell me about your day so far.
Conversations/Bank/Valen/Relationship Lines/Child/baby_daily_dialogue/baby_0/2	"[Ari], he says ""ba ba ba."" Good news, undoubtedly."	[Ari], il dit « ba ba ba ». C'est sûrement une bonne nouvelle.	[Ari], он говорит «бя бя бя». Это определённо хороший отзыв.	"[Ari], he says ""ba ba ba."" Good news, undoubtedly."
Conversations/Bank/Valen/Relationship Lines/Child/baby_daily_dialogue/baby_0/init	[child_0], you seem to be in high spirits. Very good.	[child_0], tu sembles de très bonne humeur, aujourd'hui. Je m'en réjouis.	[child_0], ты, я вижу, в превосходном настроении. Очень хорошо.	[child_0], you seem to be in high spirits. Very good.
Conversations/Bank/Valen/Relationship Lines/Child/baby_daily_dialogue/baby_1/1	This is a positive sign of development, [Ari].	C'est un signe très positif de son développement, [Ari].	Это определённо знак, что малыш развивается, [Ari].	This is a positive sign of development, [Ari].
Conversations/Bank/Valen/Relationship Lines/Child/baby_daily_dialogue/baby_1/2	And also... very cute.	Et c'est aussi très mignon.	А ещё это... очень мило.	And also... very cute.
Conversations/Bank/Valen/Relationship Lines/Child/baby_daily_dialogue/baby_1/init	Oh, you are smiling [infant]. What is it you find so pleasing?	Oh, [child_0], tu souris. Qu'est-ce qui te fait autant plaisir ?	Ох, какой же ты улыбчивый малыш! Чему же ты так радуешься, [child_0]?	Oh, you are smiling [infant]. What is it you find so pleasing?
Conversations/Bank/Valen/Relationship Lines/Child/baby_daily_dialogue/baby_2/1	And then later, I'll take him by the Inn. There's usually a crowd there.	Ensuite, je l'emmènerai à l'auberge. Il y a souvent du monde, là-bas.	А потом мы с ним зайдём в трактир. Там обычно толпа народу.	And then later, I'll take him by the Inn. There's usually a crowd there.
Conversations/Bank/Valen/Relationship Lines/Child/baby_daily_dialogue/baby_2/2	I want to expose [child_0] to all kinds of stimuli. It's good for development, and also...	Je veux exposer [child_0] à de nombreux stimuli différents. Non seulement c'est bon pour son développement, mais...	Я хочу, чтобы [child_0] был окружён разнообразными стимулами. Это полезно для умственного развития. К тому же...	I want to expose [child_0] to all kinds of stimuli. It's good for development, and also...
Conversations/Bank/Valen/Relationship Lines/Child/baby_daily_dialogue/baby_2/3	The townsfolk seem to love a baby, too.	Les habitants de Mistria adorent les bébés.	Кажется, местные жители обожают малышей.	The townsfolk seem to love a baby, too.
Conversations/Bank/Valen/Relationship Lines/Child/baby_daily_dialogue/baby_2/init	[child_0] and I are off to Hayden's farm, today.	[child_0] et moi allons à la ferme d'Hayden, aujourd'hui.	[child_0] и я сегодня пойдём к Хейдену на ферму.	[child_0] and I are off to Hayden's farm, today.
Conversations/Bank/Valen/Relationship Lines/Child/baby_daily_dialogue/baby_3/1	Or perhaps that's my own bias?	Ou c'est moi qui vois les choses comme ça ?	Или я пристрастно смотрю?	Or perhaps that's my own bias?
Conversations/Bank/Valen/Relationship Lines/Child/baby_daily_dialogue/baby_3/2	What do you think, [infant]?	Qu'en penses-tu, [child_0] ?	Как ты думаешь, [child_0]?	What do you think, [infant]?
Conversations/Bank/Valen/Relationship Lines/Child/baby_daily_dialogue/baby_3/3	Well, take your time forming an opinion. But do let me know what you conclude.	Je ne te demande pas une réponse immédiate, mais tu me diras ce que tu en penses.	Можешь не спешить, сформулируй мнение как следует. Но обязательно сообщи свои выводы.	Well, take your time forming an opinion. But do let me know what you conclude.
Conversations/Bank/Valen/Relationship Lines/Child/baby_daily_dialogue/baby_3/init	[infant], your eyes look quite like [Ari]'s.	[child_0], [Ari] et toi avez le regard.	[child_0], тебе что, <p>одолжили</p><f>одолжила</f><m>одолжил</m><n>одолжило</n> глаза [Ari]?	[infant], your eyes look quite like [Ari]'s.
Conversations/Bank/Valen/Relationship Lines/Child/baby_daily_dialogue/baby_4/1	It's interesting how similarities change as a child gets older.	Il est intéressant de voir à quel point un enfant prend de l'un ou l'autre des parents à mesure qu'il grandit.	Интересно, как с возрастом у ребёнка проявляются разные сходства.	It's interesting how similarities change as a child gets older.
Conversations/Bank/Valen/Relationship Lines/Child/baby_daily_dialogue/baby_4/2	Perhaps some day, you'll look like your grandfather. I'm so curious to see it.	Un jour, tu ressembleras peut-être à ton grand-père. J'ai hâte de le découvrir.	Быть может, однажды ты станешь похож на дедушку. Было бы любопытно посмотреть.	Perhaps some day, you'll look like your grandfather. I'm so curious to see it.
Conversations/Bank/Valen/Relationship Lines/Child/baby_daily_dialogue/baby_4/init	[child_0], you seem to look a bit like me, lately. But what do you think?	[child_0], j'ai l'impression que tu me ressembles un peu plus. Et toi, qu'en penses-tu ?	[child_0], ты в последнее время напоминаешь мне меня. Что думаешь на этот счёт?	[child_0], you seem to look a bit like me, lately. But what do you think?
Conversations/Bank/Valen/Relationship Lines/Child/baby_daily_dialogue/baby_5/1	I never even considered the idea of being a parent before we married.	Avant notre mariage, l'idée d'avoir un enfant ne m'avait jamais effleuré l'esprit.	До нашей свадьбы я никогда не задумывалась о том, чтобы завести ребёнка.	I never even considered the idea of being a parent before we married.
Conversations/Bank/Valen/Relationship Lines/Child/baby_daily_dialogue/baby_5/2	So why is it that I find it so gratifying?	Alors comment se fait-il que je trouve cela aussi gratifiant ?	Так почему же сейчас это приносит мне такое удовлетворение?	So why is it that I find it so gratifying?
Conversations/Bank/Valen/Relationship Lines/Child/baby_daily_dialogue/baby_5/init	[Ari], you know...	[Ari], tu sais...	[Ari], ты знаешь...	[Ari], you know...
Conversations/Bank/Valen/Relationship Lines/Child/baby_daily_dialogue/baby_6/1	I'm glad we can share it, [Ari].	Je suis heureuse que nous puissions le réaliser ensemble, [Ari].	Который приятно разделить с тобой, [Ari].	I'm glad we can share it, [Ari].
Conversations/Bank/Valen/Relationship Lines/Child/baby_daily_dialogue/baby_6/2	Together, with you... oh, it's been more fun than I could have imagined.	Avec toi, il est plus agréable que ce que je m'imaginais.	Когда мы вместе... ах, это гораздо веселее, чем я представляла.	Together, with you... oh, it's been more fun than I could have imagined.
Conversations/Bank/Valen/Relationship Lines/Child/baby_daily_dialogue/baby_6/init	This journey, parenthood...	Ce voyage qu'est la parentalité...	Родительство — это такой путь...	This journey, parenthood...
Conversations/Bank/Valen/Relationship Lines/Child/baby_daily_dialogue/baby_7/1	But in your case, [child_0], I find it to be undeniable. You are clearly uncannily smart and strong.	Mais en ce qui te concerne, [child_0], c'est indéniable. Tu es incroyablement malin et tu es solide.	Но в твоём случае, [child_0], в этом не может быть сомнений. Со всей очевидностью ты до жути умный и сильный.	But in your case, [child_0], I find it to be undeniable. You are clearly uncannily smart and strong.
Conversations/Bank/Valen/Relationship Lines/Child/baby_daily_dialogue/baby_7/2	Oh dear. I'm doing it too, aren't I?	Oh là là. Je tombe aussi dans le piège, non ?	Ой, начинается. Я что, тоже попалась на эту удочку?	Oh dear. I'm doing it too, aren't I?
Conversations/Bank/Valen/Relationship Lines/Child/baby_daily_dialogue/baby_7/init	Now, it is the purview of every parent to believe their child is the smartest and strongest baby ever conceived...	Chaque parent doit penser que son enfant est le bébé le plus intelligent et le plus robuste à avoir jamais vu le jour...	Известно, что долг любого родителя — считать своего ребёнка самым умным и сильным на свете...	Now, it is the purview of every parent to believe their child is the smartest and strongest baby ever conceived...
Conversations/Bank/Valen/Relationship Lines/Child/baby_daily_dialogue/baby_8/1	It's time for [infant]'s diaper change.	[child_0] aurait besoin qu'on lui change sa couche.	[child_0] нуждается в смене пелёнок.	It's time for [infant]'s diaper change.
Conversations/Bank/Valen/Relationship Lines/Child/baby_daily_dialogue/baby_8/1/prompts/0	I'm on it!	Je m'en charge !	Уже иду!	I'm on it!
Conversations/Bank/Valen/Relationship Lines/Child/baby_daily_dialogue/baby_8/1/prompts/1	Do you mind?	Tu peux le faire ?	Ты справишься?	Do you mind?
Conversations/Bank/Valen/Relationship Lines/Child/baby_daily_dialogue/baby_8/2	Thank you, [Ari].	Merci, [Ari].	Спасибо, [Ari].	Thank you, [Ari].
Conversations/Bank/Valen/Relationship Lines/Child/baby_daily_dialogue/baby_8/3	Do let me know if I can assist.	N'hésite pas à me dire si tu as besoin d'aide.	Скажи, если нужна помощь.	Do let me know if I can assist.
Conversations/Bank/Valen/Relationship Lines/Child/baby_daily_dialogue/baby_8/4	Not at all. I have a deft hand at changing all kinds of wrappings.	Ne t'inquiète pas. Les bandages et ce genre de choses n'ont aucun secret pour moi.	Не проблема. Я давно наловчилась менять различные перевязки.	Not at all. I have a deft hand at changing all kinds of wrappings.
Conversations/Bank/Valen/Relationship Lines/Child/baby_daily_dialogue/baby_8/5	Just a moment, [child_0].	Juste un moment, [child_0].	Минутку, [child_0].	Just a moment, [child_0].
Conversations/Bank/Valen/Relationship Lines/Child/baby_daily_dialogue/baby_8/6	All fresh and clean. Thank you for being so cooperative, [infant].	Te voilà tout propre. Merci pour ta coopération, [child_0].	Вот, всё свежо и чисто. Благодарю за содействие, [child_0].	All fresh and clean. Thank you for being so cooperative, [infant].
Conversations/Bank/Valen/Relationship Lines/Child/baby_daily_dialogue/baby_8/init	[Ari]. Based on my observations...	[Ari], d'après mes observations...	[Ari]. Судя по моим наблюдениям...	[Ari]. Based on my observations...
Conversations/Bank/Valen/Relationship Lines/Child/baby_daily_dialogue/baby_9/1	Shall we all take time to eat, then?	Et si nous en profitions pour manger, nous aussi ?	В таком случае, не пойти ли нам всем поесть?	Shall we all take time to eat, then?
Conversations/Bank/Valen/Relationship Lines/Child/baby_daily_dialogue/baby_9/1/prompts/0	I can feed him if you make us a snack!	Je peux le nourrir pendant que tu nous prépares quelque chose !	Я могу его покормить, а ты состряпай нам что-нибудь!	I can feed him if you make us a snack!
Conversations/Bank/Valen/Relationship Lines/Child/baby_daily_dialogue/baby_9/1/prompts/1	If you feed him, I'll handle making us a snack!	Si tu lui donnes à manger, je nous prépare quelque chose !	Давай я нам что-нибудь состряпаю, а ты пока его покормишь!	If you feed him, I'll handle making us a snack!
Conversations/Bank/Valen/Relationship Lines/Child/baby_daily_dialogue/baby_9/2	Certainly.	Naturellement.	Разумеется.	Certainly.
Conversations/Bank/Valen/Relationship Lines/Child/baby_daily_dialogue/baby_9/3	Now let's see, what do we have handy...	Voyons voir ce que nous avons sous la main...	Так, посмотрим, что тут у нас есть...	Now let's see, what do we have handy...
Conversations/Bank/Valen/Relationship Lines/Child/baby_daily_dialogue/baby_9/4	No problem at all.	Aucun problème.	Без проблем.	No problem at all.
Conversations/Bank/Valen/Relationship Lines/Child/baby_daily_dialogue/baby_9/5	Now say ah, [child_0]. Here comes the dragon...	Maintenant, [child_0], dis « aaah ». Voilà le dragon...	Скажи: «ааа», [child_0]. Вот летит дракон...	Now say ah, [child_0]. Here comes the dragon...
Conversations/Bank/Valen/Relationship Lines/Child/baby_daily_dialogue/baby_9/6	What a champion eater! Well done, [child_0].	Tu as vraiment bon appétit ! Bravo, [child_0].	Ест, как чемпион! Молодчина, [Ari].	What a champion eater! Well done, [child_0].
Conversations/Bank/Valen/Relationship Lines/Child/baby_daily_dialogue/baby_9/init	Are you hungry, [child_0]? Your fussiness implies as much.	Tu as faim, [child_0] ? C'est l'impression que j'ai en te voyant tout agité.	Ты голодный, [child_0]? Судя по твоему хныканью, такой вывод напрашивается.	Are you hungry, [child_0]? Your fussiness implies as much.
Conversations/Bank/Valen/Relationship Lines/Child/post_birth_lines/baby_born_valen_errol_0/1	I know you never had a chance to meet him, but [child_0] looks remarkably like Valen's late father.	Je sais que tu ne l'as jamais vu, mais [child_0] ressemble beaucoup au père de Valen.	Знаю, что ты его не <p>застали</p><f>застала</f><m>застал</m><n>застали</n>, но [child_0] крайне напоминает покойного отца Вален.	I know you never had a chance to meet him, but [child_0] looks remarkably like Valen's late father.
Conversations/Bank/Valen/Relationship Lines/Child/post_birth_lines/baby_born_valen_errol_0/2	You never met a more serious-looking fellow, but he had an impish streak a mile long! Keep your eye on that little one!	C'était un homme sévère de prime abord, mais il cachait en réalité un côté très espiègle ! Fais bien attention à ce petit !	Вид у него был невероятно солидный, но при этом такая озорная жилка! Смотри внимательно за вашим мальчуганом!	You never met a more serious-looking fellow, but he had an impish streak a mile long! Keep your eye on that little one!
Conversations/Bank/Valen/Relationship Lines/Child/post_birth_lines/baby_born_valen_errol_0/init	Felicitations to you and Valen! It's marvelous to see you two bring a new Mistrian into the world.	Mes félicitations, à Valen et toi ! C'est merveilleux que, grâce à vous, Mistria compte un habitant de plus.	Желаю счастья вам с Вален! Вы привели в этот мир нового мистрийца — поистине великолепное событие.	Felicitations to you and Valen! It's marvelous to see you two bring a new Mistrian into the world.
Conversations/Bank/Valen/Relationship Lines/Child/post_birth_lines/baby_born_valen_hayden_0/1	I didn't think the day would come when I'd get to be an uncle... I couldn't be happier!	Je ne pensais pas devenir tonton, un jour... Je suis ravi !	Не думал, что наступит тот день, когда я стану дядей... Я радуюсь, как ребёнок!	I didn't think the day would come when I'd get to be an uncle... I couldn't be happier!
Conversations/Bank/Valen/Relationship Lines/Child/post_birth_lines/baby_born_valen_hayden_0/init	Gosh, [Ari]! [child_0]'s something else, isn't he? What a little angel!	Ça alors, [Ari] ! [child_0] est vraiment un beau bébé, hein ? Quel petit ange !	Ух ты, [Ari]! Ваш [child_0] — это просто нечто, настоящий ангелочек!	Gosh, [Ari]! [child_0]'s something else, isn't he? What a little angel!
Conversations/Bank/Valen/Relationship Lines/Child/post_birth_lines/baby_born_valen_josephine_0/1	I've known Valen since she was young, and always expected she'd spend her life married to her work. But look at her now!	Je connais Valen depuis sa plus tendre enfance. J'avais toujours cru qu'elle se consacrerait tout entière à son travail. Mais regarde-la, à présent !	Я знаю Вален с молодых лет и всегда думала, что она всю жизнь просидит за работой. А сейчас взгляните, какова!	I've known Valen since she was young, and always expected she'd spend her life married to her work. But look at her now!
Conversations/Bank/Valen/Relationship Lines/Child/post_birth_lines/baby_born_valen_josephine_0/2	Don't hesitate to come by if you need advice. Hemlock and I know all about raising a baby or two!	Si tu as besoin de conseils, n'hésite pas. Hemlock et moi, nous en connaissons un rayon sur l'éducation des enfants !	Если будет нужен совет, не стесняйся, спрашивай. Мы с Хемлоком воспитали парочку детей, можем поделиться опытом!	Don't hesitate to come by if you need advice. Hemlock and I know all about raising a baby or two!
Conversations/Bank/Valen/Relationship Lines/Child/post_birth_lines/baby_born_valen_josephine_0/init	Oh, [Ari]! I'm so happy for you and Valen... it's a wonderful day when a baby is born.	Oh, [Ari] ! Je suis heureuse pour Valen et toi... La naissance d'un bébé est toujours un moment merveilleux.	Ой, [Ari]! Как я рада за вас с Вален... Когда рождается ребёнок, это всегда чудо.	Oh, [Ari]! I'm so happy for you and Valen... it's a wonderful day when a baby is born.
Conversations/Bank/Valen/Relationship Lines/Child/post_birth_lines/baby_born_valen_juniper_0/1	It's possibly the most exciting thing to happen in this cozy little hamlet of ours.	C'est sûrement la chose la plus palpitante qui soit jamais arrivée dans cette petite ville tranquille.	Это, возможно, самое интересное событие в истории этого укромного городишки.	It's possibly the most exciting thing to happen in this cozy little hamlet of ours.
Conversations/Bank/Valen/Relationship Lines/Child/post_birth_lines/baby_born_valen_juniper_0/2	Please, do tell me if he starts showing signs of magical aptitude. I'm not one for babysitting, but I'd love to teach him a few hexes.	Si jamais il montre des prédispositions pour la magie, préviens-moi. Je ne jouerai pas les nounous, mais je pourrais lui enseigner quelques sortilèges.	Пожалуйста, сообщи мне, если у него начнут проявляться магические наклонности. Я не хочу быть нянькой, но парочке сглазов научу с удовольствием.	Please, do tell me if he starts showing signs of magical aptitude. I'm not one for babysitting, but I'd love to teach him a few hexes.
Conversations/Bank/Valen/Relationship Lines/Child/post_birth_lines/baby_born_valen_juniper_0/3	It's important I cement my position as the fun aunt early!	Je dois d'entrée me positionner comme la tatie la plus sympa !	Надо сразу закрепить за собой роль весёлой тётушки!	It's important I cement my position as the fun aunt early!
Conversations/Bank/Valen/Relationship Lines/Child/post_birth_lines/baby_born_valen_juniper_0/init	At last, your and Valen's darling son is born!	Votre petit garçon, à Valen et toi, est enfin né !	Наконец-то ваш с Вален прелестный сын родился!	At last, your and Valen's darling son is born!
Conversations/Bank/Valen/Relationship Lines/Child/post_birth_lines/post_birth_0/1	I'm Valen, and this is [Ari]... together, we're your parents. It will be our duty for the remainder of our lives to ensure you're safe and comfortable.	Moi, c'est Valen et voici [Ari]... Nous sommes tes parents. Pour le restant de nos jours, nous veillerons à ton bien-être et nous te protégerons.	Я Вален, а это [Ari]... Мы вдвоём — твои родители. Наш долг — заботиться о твоём комфорте и безопасности до конца наших дней.	I'm Valen, and this is [Ari]... together, we're your parents. It will be our duty for the remainder of our lives to ensure you're safe and comfortable.
Conversations/Bank/Valen/Relationship Lines/Child/post_birth_lines/post_birth_0/2	We will be acquainted with one another a long time, so please do not hesitate to share anything at all with us. Constructive criticism included.	Nous allons passer beaucoup de temps ensemble, alors tu peux tout partager avec nous. Y compris les critiques constructives.	Нам предстоит длительное сожительство, так что, пожалуйста, не стесняйся высказывать любые пожелания. В том числе конструктивную критику.	We will be acquainted with one another a long time, so please do not hesitate to share anything at all with us. Constructive criticism included.
Conversations/Bank/Valen/Relationship Lines/Child/post_birth_lines/post_birth_0/3	We're quite overjoyed you've joined our household.	Nous nous faisons une joie immense de t'accueillir dans notre foyer.	Мы безмерно рады, что ты присоединился к нашему семейству.	We're quite overjoyed you've joined our household.
Conversations/Bank/Valen/Relationship Lines/Child/post_birth_lines/post_birth_0/3/prompts/0	Isn't he the cutest?	C'est le plus mignon des bébés, non ?	Он у нас милашка, правда?	Isn't he the cutest?
Conversations/Bank/Valen/Relationship Lines/Child/post_birth_lines/post_birth_0/3/prompts/1	I don't think he can understand you just yet...	Je ne crois pas qu'il puisse déjà te comprendre...	Мне кажется, он пока не очень тебя понимает...	I don't think he can understand you just yet...
Conversations/Bank/Valen/Relationship Lines/Child/post_birth_lines/post_birth_0/4	He certainly is.	Je suis sûre du contraire.	Самый настоящий.	He certainly is.
Conversations/Bank/Valen/Relationship Lines/Child/post_birth_lines/post_birth_0/5	You're the cutest thing I've ever seen, [child_0]. Rest assured of that.	Tu es l'enfant le plus mignon que j'ai jamais vu, [child_0]. Je peux te l'assurer.	Ты самое милое существо, что я встречала, [child_0]. Можешь быть уверен.	You're the cutest thing I've ever seen, [child_0]. Rest assured of that.
Conversations/Bank/Valen/Relationship Lines/Child/post_birth_lines/post_birth_0/6	It's more about setting the tone, I think.	Je pense qu'il s'agit plutôt de donner le ton.	Я думаю, важно сразу задать тон общения.	It's more about setting the tone, I think.
Conversations/Bank/Valen/Relationship Lines/Child/post_birth_lines/post_birth_0/7	Which you're doing simply by your presence, [child_0]. You're simply the cutest thing I've ever seen.	Ce que tu fais par ta simple présence, [child_0]. Tu es l'enfant le plus mignon que j'ai jamais vu.	А ты это делаешь, просто находясь здесь, [child_0]. Ты самое милое существо, что я видела.	Which you're doing simply by your presence, [child_0]. You're simply the cutest thing I've ever seen.
Conversations/Bank/Valen/Relationship Lines/Child/post_birth_lines/post_birth_0/init	[child_0]... greetings, and welcome to the world.	[child_0]... Bonjour, je te souhaite la bienvenue en ce monde.	[child_0]... приветствую, и добро пожаловать в этот мир.	[child_0]... greetings, and welcome to the world.
Conversations/Bank/Valen/Relationship Lines/Child/post_birth_lines/post_birth_1/1	After all, spending a childhood around a parent's work can be akin to an apprenticeship. That's how it was for me.	Après tout, passer son enfance à voir ses parents travailler est une forme d'apprentissage. Ça a été le cas pour moi.	В конце концов, когда проводишь детство под боком у работающего родителя, сам становишься почти как подмастерье. У меня было именно так.	After all, spending a childhood around a parent's work can be akin to an apprenticeship. That's how it was for me.
Conversations/Bank/Valen/Relationship Lines/Child/post_birth_lines/post_birth_1/2	Do you suppose [child_0] might follow your or my career paths?	Tu penses que ce sera pareil pour [child_0] ? Est-ce qu'il fera le même métier que toi ou moi ?	Как ты думаешь, [child_0] выберет твою карьерную стезю, или мою?	Do you suppose [child_0] might follow your or my career paths?
Conversations/Bank/Valen/Relationship Lines/Child/post_birth_lines/post_birth_1/2/prompts/0	I'd love it if he became a doctor!	J'aimerais beaucoup qu'il devienne docteur !	Я буду <p>рады</p><f>рада</f><m>рад</m><n>радо</n>, если он станет врачом!	I'd love it if he became a doctor!
Conversations/Bank/Valen/Relationship Lines/Child/post_birth_lines/post_birth_1/2/prompts/1	It would be great if he became a farmer!	Ce serait génial qu'il reprenne la ferme !	Будет замечательно, если он станет фермером!	It would be great if he became a farmer!
Conversations/Bank/Valen/Relationship Lines/Child/post_birth_lines/post_birth_1/3	It's always helpful to have a doctor in the family, certainly.	C'est vrai que c'est toujours utile d'avoir un docteur dans la famille.	Безусловно, иметь врача в семье всегда полезно.	It's always helpful to have a doctor in the family, certainly.
Conversations/Bank/Valen/Relationship Lines/Child/post_birth_lines/post_birth_1/4	But I'd like for his heart to be in it.	Mais je souhaite avant tout qu'il suive ce que son cœur lui dit.	Но я бы хотела, чтобы у него к этому делу лежала душа.	But I'd like for his heart to be in it.
Conversations/Bank/Valen/Relationship Lines/Child/post_birth_lines/post_birth_1/5	It will be your decision, [child_0]. You just take your time and let us know what you'd like.	La décision t'appartiendra, [child_0]. Prends ton temps pour nous dire ce que tu décideras.	В конце концов решать тебе, [child_0]. Подумай хорошенько и расскажи нам, чем хочешь заняться.	It will be your decision, [child_0]. You just take your time and let us know what you'd like.
Conversations/Bank/Valen/Relationship Lines/Child/post_birth_lines/post_birth_1/6	Oh, that would be wonderful. I could even teach you a little about caring for animals, [child_0].	Oh, ce serait merveilleux. Je pourrais même te donner quelques conseils pour t'occuper des animaux, [child_0].	О, это было бы чудесно. Я бы даже могла поучить тебя азам ухода за животными, [child_0].	Oh, that would be wonderful. I could even teach you a little about caring for animals, [child_0].
Conversations/Bank/Valen/Relationship Lines/Child/post_birth_lines/post_birth_1/7	Whatever your heart decides is fine by me...	Quoi que ton cœur te dicte, je te suivrai...	Выбирай, к чему лежит душа, меня всё устроит...	Whatever your heart decides is fine by me...
Conversations/Bank/Valen/Relationship Lines/Child/post_birth_lines/post_birth_1/8	It will be your decision. You just take your time and let us know what you'd like.	La décision t'appartiendra. Prends ton temps et tu nous dirais ce que tu as décidé.	В конце концов решать тебе, [child_0]. Подумай хорошенько и расскажи нам, чем хочешь заняться.	It will be your decision. You just take your time and let us know what you'd like.
Conversations/Bank/Valen/Relationship Lines/Child/post_birth_lines/post_birth_1/init	It's not uncommon for a child to follow in the footsteps of their parents...	Il n'est pas rare qu'un enfant suive les traces de ses parents...	Дети нередко следуют по стопам своих родителей...	It's not uncommon for a child to follow in the footsteps of their parents...
Conversations/Bank/Valen/Relationship Lines/Child/post_birth_lines/post_birth_2/1	Even though my mother and father were separated, they always provided, and they were always there when I needed it.	Bien que mon père et ma mère aient été séparés, ils ont veillé à ce que je ne manque de rien et ils étaient toujours là quand j'avais besoin d'eux.	Отец с матерью всегда меня содержали, даже когда разошлись. И они всегда были рядом, когда я в них нуждалась.	Even though my mother and father were separated, they always provided, and they were always there when I needed it.
Conversations/Bank/Valen/Relationship Lines/Child/post_birth_lines/post_birth_2/2	And I did not grow up lonely at all... for some reason, I have always been self-sufficient in that respect.	Je ne me suis pas du tout sentie seule en grandissant... Je ne sais pas pourquoi, mais j'ai toujours été autonome.	И мне совсем не было одиноко... Почему-то я всегда была очень самодостаточным ребёнком.	And I did not grow up lonely at all... for some reason, I have always been self-sufficient in that respect.
Conversations/Bank/Valen/Relationship Lines/Child/post_birth_lines/post_birth_2/3	I think in some ways, my parents got lucky.	Par certains côtés, je crois que mes parents ont eu de la chance.	Думаю, в некотором смысле моим родителям повезло.	I think in some ways, my parents got lucky.
Conversations/Bank/Valen/Relationship Lines/Child/post_birth_lines/post_birth_2/4	But [child_0] may not be like me in that way. He may ask for more out of his parents.	[child_0] sera peut-être différent sur ce plan. Il attendra peut-être plus de nous.	Но [child_0] может быть совсем не такой, как я. Возможно, он будет требовать от родителей большего.	But [child_0] may not be like me in that way. He may ask for more out of his parents.
Conversations/Bank/Valen/Relationship Lines/Child/post_birth_lines/post_birth_2/5	And I want to be sure I give him whatever he needs. That's very important to me.	Et je tiens à lui donner tout ce dont il aura besoin. C'est très important pour moi.	И я хочу точно знать, что даю ему всё, что нужно. Для меня это очень важно.	And I want to be sure I give him whatever he needs. That's very important to me.
Conversations/Bank/Valen/Relationship Lines/Child/post_birth_lines/post_birth_2/init	I've been thinking about my father, lately... and the idea of parenting as a whole.	Je repense à mon père, ces temps-ci, et à l'idée de devenir parent, en général.	Недавно я размышляла о своём отце... И в целом о концепции родительства.	I've been thinking about my father, lately... and the idea of parenting as a whole.
Conversations/Bank/Valen/Relationship Lines/Child/post_birth_lines/post_birth_3/1	But experiencing those bonds for myself... sometimes it brings up new feelings. A different, unexpected kind of happiness.	Mais vivre, ça fait parfois naître en moi de nouvelles émotions. C'est un bonheur nouveau, et inattendu.	Но когда я сама испытываю эти привязанности... это приносит совершенно неожиданные чувства. Какой-то иной, неизведанный вид счастья.	But experiencing those bonds for myself... sometimes it brings up new feelings. A different, unexpected kind of happiness.
Conversations/Bank/Valen/Relationship Lines/Child/post_birth_lines/post_birth_3/2	I'm so happy we decided to do this, [Ari].	Je suis si heureuse que nous ayons pris cette décision, [Ari].	Я так рада, что мы решились на это, [Ari].	I'm so happy we decided to do this, [Ari].
Conversations/Bank/Valen/Relationship Lines/Child/post_birth_lines/post_birth_3/init	I've spent so much time thinking clinically about people... their health, and how their bonds are a part of maintaining that.	Pendant longtemps, je ne voyais les gens que d'un point de vue clinique. Je m'intéressais à leur santé et à la façon dont les liens familiaux y contribuent.	Я очень долго рассматривала людей в клиническом аспекте... Как их привязанности помогают поддерживать здоровье.	I've spent so much time thinking clinically about people... their health, and how their bonds are a part of maintaining that.
Conversations/Bank/Valen/Relationship Lines/Child/post_birth_lines/post_birth_4/1	The two of them were thick as thieves with my father when I was a child. His loss hit them just as hard as it hit me.	Ils étaient tous les deux très proches de mon père quand j'étais petite. Sa disparition a été aussi difficile pour eux que pour moi.	Когда я была маленькая, они с моим отцом были не разлей вода. Когда он ушёл из жизни, для них это была такая же потеря, как и для меня.	The two of them were thick as thieves with my father when I was a child. His loss hit them just as hard as it hit me.
Conversations/Bank/Valen/Relationship Lines/Child/post_birth_lines/post_birth_4/2	I suppose they're taking it upon themselves to act in my father's stead as grandfather.	J'imagine qu'ils assument le rôle de grand-père à sa place.	Полагаю, они хотят, чтобы [child_0] обрёл в них дедушку заместо моего отца.	I suppose they're taking it upon themselves to act in my father's stead as grandfather.
Conversations/Bank/Valen/Relationship Lines/Child/post_birth_lines/post_birth_4/3	It's sweet, really.	C'est vraiment adorable de leur part.	Это правда очень заботливо с их стороны.	It's sweet, really.
Conversations/Bank/Valen/Relationship Lines/Child/post_birth_lines/post_birth_4/init	Landen and Errol seem to love fawning over [child_0].	Landen et Errol ont beaucoup d'affection pour [child_0].	Ланден с Эрролом так трясутся над нашим мальчиком.	Landen and Errol seem to love fawning over [child_0].
Conversations/Bank/Valen/Relationship Lines/Child/post_birth_lines/post_birth_5/1	Just yesterday, Dell told me she'd like to recruit you for the Dragonguard.	Hier encore, Dell m'a dit qu'elle aimerait que tu rejoignes la Garde des dragons.	Только вчера ДЕЛЛ сказала, что хочет завербовать тебя в Драконью стражу.	Just yesterday, Dell told me she'd like to recruit you for the Dragonguard.
Conversations/Bank/Valen/Relationship Lines/Child/post_birth_lines/post_birth_5/2	I've talked it over with [Ari], and we do encourage these kinds of extracurriculars for you.	J'en ai parlé à [Ari] et nous sommes d'accord pour que tu participes à ce genre d'activités.	[Ari] и я всё обсудили. Мы одобряем подобные внеклассные активности.	I've talked it over with [Ari], and we do encourage these kinds of extracurriculars for you.
Conversations/Bank/Valen/Relationship Lines/Child/post_birth_lines/post_birth_5/3	So I've asked Dell to keep the position open until you can give her an answer yourself.	J'ai donc demandé à Dell de te garder la place jusqu'à ce que tu sois en âge de lui donner toi-même ta réponse.	Так что я попросила Делл подержать вакансию до тех пор, пока ты не сможешь ответить сам.	So I've asked Dell to keep the position open until you can give her an answer yourself.
Conversations/Bank/Valen/Relationship Lines/Child/post_birth_lines/post_birth_5/init	[child_0], it seems you've already become quite sought after.	[child_0], tout le monde semble déjà rechercher ta présence.	[child_0], тобой, кажется, уже многие интересуются.	[child_0], it seems you've already become quite sought after.
Conversations/Bank/Valen/Relationship Lines/Child/pregnancy/ari_pregnant_0/1	But now that you are expecting, I'm tremendously excited.	Mais maintenant que tu attends notre bébé, je suis si impatiente.	Но теперь, когда ты <p>беременные</p><f>беременная</f><m>беременный</m><n>беременное</n>, я буквально наполнена предвкушением.	But now that you are expecting, I'm tremendously excited.
Conversations/Bank/Valen/Relationship Lines/Child/pregnancy/ari_pregnant_0/2	You should know... you are the only one I would have ever considered sharing this with.	Sache que tu es la seule personne avec laquelle j'ai jamais songé à partager cela.	Тебе следует знать, что... Этими чувствами я не готова делиться ни с кем, кроме тебе.	You should know... you are the only one I would have ever considered sharing this with.
Conversations/Bank/Valen/Relationship Lines/Child/pregnancy/ari_pregnant_0/3	I'm unused to such a cocktail of emotions. How thrilling!	Je ne suis pas habituée à ressentir des émotions aussi différentes. C'est exaltant !	Такой букет эмоций для меня крайне непривычен. Я очень взволнована!	I'm unused to such a cocktail of emotions. How thrilling!
Conversations/Bank/Valen/Relationship Lines/Child/pregnancy/ari_pregnant_0/init	You know, [Ari]... never in my life did I expect to raise a child.	Tu sais, [Ari]... De toute ma vie, je n'avais jamais envisagé d'élever un enfant.	Знаешь, [Ari]... Я никогда в жизни не думала, что заведу ребёнка.	You know, [Ari]... never in my life did I expect to raise a child.
Conversations/Bank/Valen/Relationship Lines/Child/pregnancy/ari_pregnant_1/1	To that end, I swung by Hayden's farm and the Inn and gathered a variety of food options. Does anything catch your eye?	C'est pour cela que je suis passée à la ferme d'Hayden et à l'auberge pour te laisser le choix. Que veux-tu ?	На этот случай я зашла к Хейдену на ферму и в трактир и набрала разных вариантов. Тебе чего-нибудь хочется?	To that end, I swung by Hayden's farm and the Inn and gathered a variety of food options. Does anything catch your eye?
Conversations/Bank/Valen/Relationship Lines/Child/pregnancy/ari_pregnant_1/1/prompts/0	That Hardboiled Egg...	Cet œuf dur...	Вон то варёное яйцо...	That Hardboiled Egg...
Conversations/Bank/Valen/Relationship Lines/Child/pregnancy/ari_pregnant_1/1/prompts/1	Oh! Spicy Cheddar Biscuit, please!	Oh ! Donne-moi ce biscuit épicé au cheddar, s'il te plaît !	О! Дай мне острый сырный бисквит, пожалуйста!	Oh! Spicy Cheddar Biscuit, please!
Conversations/Bank/Valen/Relationship Lines/Child/pregnancy/ari_pregnant_1/1/prompts/2	That Breaded Catfish looks inviting...	Ce poisson-chat pané a l'air appétissant...	Сом в панировке выглядит аппетитно...	That Breaded Catfish looks inviting...
Conversations/Bank/Valen/Relationship Lines/Child/pregnancy/ari_pregnant_1/2	It's yours to take, and I'll be sure to pick up some more the next time I'm out.	Il est à toi, j'en prendrai plus la prochaine fois que je sortirai.	Бери на здоровье. В следующий раз возьму с запасом.	It's yours to take, and I'll be sure to pick up some more the next time I'm out.
Conversations/Bank/Valen/Relationship Lines/Child/pregnancy/ari_pregnant_1/3	Oho... I'm happy to see that pregnancy hasn't diminished your sense of adventure.	Oh ho... Je suis heureuse de voir que la grossesse n'a pas eu raison de ton goût pour l'aventure.	Ого... Рада, что беременность не смогла победить твой дух авантюризма.	Oho... I'm happy to see that pregnancy hasn't diminished your sense of adventure.
Conversations/Bank/Valen/Relationship Lines/Child/pregnancy/ari_pregnant_1/4	Enjoy this one, and I'll be sure to bring you more biscuits the next time I swing by the Inn.	Régale-toi ! Je me note de t'apporter d'autres biscuits la prochaine fois que j'irai à l'auberge.	Возьми пока этот, а я захвачу ещё бисквитов, когда в следующий раз зайду в трактир.	Enjoy this one, and I'll be sure to bring you more biscuits the next time I swing by the Inn.
Conversations/Bank/Valen/Relationship Lines/Child/pregnancy/ari_pregnant_1/5	Does it? I'm happy to hear it.	Vraiment ? Je suis ravie de l'entendre.	Правда? Приятно слышать.	Does it? I'm happy to hear it.
Conversations/Bank/Valen/Relationship Lines/Child/pregnancy/ari_pregnant_1/6	Go on, then. And I'll be sure to buy out all the Breaded Catfish in town the next time I'm running errands.	Régale-toi ! La prochaine fois que je ferai des courses, j'achèterai tous les poissons-chats panés que je trouverai en ville.	Тогда бери. А я скуплю всех сомов в панировке, когда в следующий раз буду в городе.	Go on, then. And I'll be sure to buy out all the Breaded Catfish in town the next time I'm running errands.
Conversations/Bank/Valen/Relationship Lines/Child/pregnancy/ari_pregnant_1/init	If memory serves, the timing is right for cravings to kick in.	Si ma mémoire est bonne, nous sommes à la période à laquelle tu devrais commencer à ressentir des envies soudaines.	Если я правильно помню, у тебя сейчас должна появиться тяга к какой-то еде.	If memory serves, the timing is right for cravings to kick in.
Conversations/Bank/Valen/Relationship Lines/Child/pregnancy/ari_pregnant_2/1	Here, take this. And if you'd like more, please don't hesitate to ask.	Tiens, prends ça. Et si tu en veux plus, n'hésite pas à me le dire.	Вот, прими этот сироп. И, если понадобится ещё, спрашивай, не стесняйся.	Here, take this. And if you'd like more, please don't hesitate to ask.
Conversations/Bank/Valen/Relationship Lines/Child/pregnancy/ari_pregnant_2/2	It's my job to take care of you... both of you.	Il est de mon devoir de m'occuper de toi... de vous deux.	В мою работу входит забота о тебе... о вас обоих.	It's my job to take care of you... both of you.
Conversations/Bank/Valen/Relationship Lines/Child/pregnancy/ari_pregnant_2/init	I recognize the signs of morning sickness, [Ari].	Je reconnais les symptômes des nausées matinales, [Ari].	Я замечаю признаки утренней тошноты, [Ari].	I recognize the signs of morning sickness, [Ari].
Conversations/Bank/Valen/Relationship Lines/Child/pregnancy/ari_pregnant_3/1	How do you feel you're coming along?	Comment se déroule la grossesse ?	Как ты себя сейчас чувствуешь?	How do you feel you're coming along?
Conversations/Bank/Valen/Relationship Lines/Child/pregnancy/ari_pregnant_3/1/prompts/0	The baby seems bigger.	Le bébé a l'air de grandir.	Малыш как будто стал больше.	The baby seems bigger.
Conversations/Bank/Valen/Relationship Lines/Child/pregnancy/ari_pregnant_3/1/prompts/1	My clothes feel tighter?	Mes vêtements me serrent un peu.	Одежда стала теснее?	My clothes feel tighter?
Conversations/Bank/Valen/Relationship Lines/Child/pregnancy/ari_pregnant_3/1/prompts/2	I feel good!	Je me sens bien !	Чувствую себя отлично!	I feel good!
Conversations/Bank/Valen/Relationship Lines/Child/pregnancy/ari_pregnant_3/10	I'm thrilled to hear it.	Je suis ravie de l'entendre.	Ужасно рада слышать.	I'm thrilled to hear it.
Conversations/Bank/Valen/Relationship Lines/Child/pregnancy/ari_pregnant_3/11	I won't be a bother, but do let me know if there's anything I can do for you.	Je ne veux pas t'ennuyer, mais si je peux faire quoi que ce soit pour toi, n'hésite pas.	Не буду тебе докучать, но ты мне сообщи, если я могу тебе как-то помочь.	I won't be a bother, but do let me know if there's anything I can do for you.
Conversations/Bank/Valen/Relationship Lines/Child/pregnancy/ari_pregnant_3/12	I consider it my duty, you know.	Je considère qu'il en va de mon devoir, tu sais.	Ты знаешь, для меня это вопрос врачебного долга.	I consider it my duty, you know.
Conversations/Bank/Valen/Relationship Lines/Child/pregnancy/ari_pregnant_3/2	That's great news. It means things are progressing well.	Quelle bonne nouvelle ! Cela signifie que tout se passe bien.	Это хорошая новость. Значит, всё идёт, как должно.	That's great news. It means things are progressing well.
Conversations/Bank/Valen/Relationship Lines/Child/pregnancy/ari_pregnant_3/3	And if I may cease speaking as your physician...	Et si tu me permets de te parler en tant qu'épouse et non en tant que docteure...	И, если позволишь мне вновь вернуться к роли супруги...	And if I may cease speaking as your physician...
Conversations/Bank/Valen/Relationship Lines/Child/pregnancy/ari_pregnant_3/4	Do let me know if I can rub your back? Carrying the weight of an extra person puts a lot of stress on the lumbar.	Dis-moi si tu veux que je te masse le dos, entendu ? Porter un enfant est très exigeant pour les lombaires.	Тебе не надо помассировать спину? Вес ещё одного маленького человека даёт большую нагрузку на поясницу.	Do let me know if I can rub your back? Carrying the weight of an extra person puts a lot of stress on the lumbar.
Conversations/Bank/Valen/Relationship Lines/Child/pregnancy/ari_pregnant_3/5	That's great news. It means things are progressing well.	Quelle bonne nouvelle ! Cela signifie que tout se passe bien.	Это хорошая новость. Значит, всё идёт, как должно.	That's great news. It means things are progressing well.
Conversations/Bank/Valen/Relationship Lines/Child/pregnancy/ari_pregnant_3/6	And if I may cease speaking as your physician...	Et si tu me permets de te parler en tant qu'épouse et non en tant que docteure...	И, если позволишь мне вновь вернуться к роли супруги...	And if I may cease speaking as your physician...
Conversations/Bank/Valen/Relationship Lines/Child/pregnancy/ari_pregnant_3/7	Louis taught me a little about tailoring and mending my coats, so I can let some of your clothes out if need be.	Louis m'a appris à faire quelques retouches sur mes tenues, donc je peux élargir certains de tes vêtements, au besoin.	Я чуть-чуть подучилась у Луи, чтобы распускать и перешивать свои халаты. Так что я могу сделать тебе одежду посвободнее, если понадобится.	Louis taught me a little about tailoring and mending my coats, so I can let some of your clothes out if need be.
Conversations/Bank/Valen/Relationship Lines/Child/pregnancy/ari_pregnant_3/8	I think.	Enfin, je crois.	Думаю, я справлюсь.	I think.
Conversations/Bank/Valen/Relationship Lines/Child/pregnancy/ari_pregnant_3/9	Well, just let me know.	Bref, tu n'as qu'à me le dire.	В общем, обращайся.	Well, just let me know.
Conversations/Bank/Valen/Relationship Lines/Child/pregnancy/ari_pregnant_3/init	I apologize [Ari]. I must speak for a moment not as your spouse, but as your physician.	Je suis désolée, [Ari]. Je dois te parler non en tant qu'épouse, mais en tant que docteure.	Прошу простить, [Ari]. Я временно выйду из роли твоей супруги и приму роль врача.	I apologize [Ari]. I must speak for a moment not as your spouse, but as your physician.
Conversations/Bank/Valen/Relationship Lines/Child/pregnancy/ari_pregnant_4/1	Oh... now isn't that remarkable?	Oh... C'est incroyable, non ?	Ого... просто поразительно!	Oh... now isn't that remarkable?
Conversations/Bank/Valen/Relationship Lines/Child/pregnancy/ari_pregnant_4/2	I mean... it's perfectly typical, a baby kicking in vivo. This is quite ordinary.	Je veux dire... il est tout à fait normal qu'un bébé donne des coups de pied in utero. C'est même quelque chose d'ordinaire.	То есть... Для малышей совершенно естественно пинаться в чреве. В этом нет ничего необычного.	I mean... it's perfectly typical, a baby kicking in vivo. This is quite ordinary.
Conversations/Bank/Valen/Relationship Lines/Child/pregnancy/ari_pregnant_4/3	But this is the first time I've experienced it with my own child. Which to me... is extraordinary.	C'est néanmoins la première fois que j'en fais l'expérience avec mon propre enfant. Je trouve ça extraordinaire.	Но я впервые ощущаю пинки моего собственного ребёнка. Для меня это... удивительное чувство.	But this is the first time I've experienced it with my own child. Which to me... is extraordinary.
Conversations/Bank/Valen/Relationship Lines/Child/pregnancy/ari_pregnant_4/init	Oh, is the baby kicking? Can I put my hand on your stomach?	Oh, le bébé donne des coups de pied ? Je peux poser ma main sur ton ventre ?	О, малыш начал пинаться? Могу я положить руку тебе на живот?	Oh, is the baby kicking? Can I put my hand on your stomach?
Conversations/Bank/Valen/Relationship Lines/Child/pregnancy/ari_pregnant_5/1	"I know it's a bit sentimental, but... if we had a boy, would you be open to calling him ""$Torin$""? It was my father's name."	Je sais que ça a un côté sentimental, mais si c'est un garçon, serais-tu d'accord pour l'appeler « $Torin$ » ? C'était le prénom de mon père.	Я знаю, прозвучит сентиментально, но... если у нас будет мальчик, ты согласишься назвать его $Торин$? Так звали моего отца.	"I know it's a bit sentimental, but... if we had a boy, would you be open to calling him ""$Torin$""? It was my father's name."
Conversations/Bank/Valen/Relationship Lines/Child/pregnancy/ari_pregnant_5/2	Of course, this isn't a demand... it's a decision for both of us to make together.	Bien évidemment, je ne t'oblige à rien... c'est une décision que nous devons prendre ensemble.	Разумеется, я ничего не требую... Мы должны посоветоваться и вместе принять решение.	Of course, this isn't a demand... it's a decision for both of us to make together.
Conversations/Bank/Valen/Relationship Lines/Child/pregnancy/ari_pregnant_5/3	And there's no need for us to decide now.	Et nous n'avons pas à nous précipiter.	И пока что решать ещё рано.	And there's no need for us to decide now.
Conversations/Bank/Valen/Relationship Lines/Child/pregnancy/ari_pregnant_5/init	[Ari]... I've been considering baby names.	[Ari], j'ai réfléchi à des prénoms pour le bébé.	[Ari]... Я раздумывала над именем для малыша.	[Ari]... I've been considering baby names.
Conversations/Bank/Valen/Relationship Lines/Child/pregnancy/ari_pregnant_6/1	Everything is ready, so just let me know when it's time.	Tout est prêt, alors tu n'auras qu'à me prévenir quand le moment sera venu.	У меня всё готово. Просто скажи, когда всё начнётся.	Everything is ready, so just let me know when it's time.
Conversations/Bank/Valen/Relationship Lines/Child/pregnancy/ari_pregnant_6/init	I suspect the baby will be joining us soon, [Ari].	J'ai l'impression que le bébé sera bientôt parmi nous, [Ari].	Подозреваю, что малыш скоро придёт к нам, [Ari].	I suspect the baby will be joining us soon, [Ari].
Conversations/Bank/Valen/Relationship Lines/Child/pregnancy/pregnancy_valen_hayden_0/1	Goodness, what amazing news!	Ça alors, quelle super nouvelle !	Ну и ну, это же потрясающая новость!	Goodness, what amazing news!
Conversations/Bank/Valen/Relationship Lines/Child/pregnancy/pregnancy_valen_hayden_0/2	I hope you'll allow me the pleasure of being their honorary uncle. After all, no one gives better piggyback rides than ol' Hayden!	J'espère que je serai tonton à titre honorifique. Après tout, personne ne porte mieux les enfants sur son dos que moi !	Надеюсь, вы позволите мне занять роль почётного дядюшки. В конце концов, кто лучше Хейдена покатает на спине?	I hope you'll allow me the pleasure of being their honorary uncle. After all, no one gives better piggyback rides than ol' Hayden!
Conversations/Bank/Valen/Relationship Lines/Child/pregnancy/pregnancy_valen_hayden_0/3	Gya ha ha!	Gah ha ha !	Га-ха-ха!	Gya ha ha!
Conversations/Bank/Valen/Relationship Lines/Child/pregnancy/pregnancy_valen_hayden_0/init	Is it true, [Ari]? You and Valen are going to have a baby?	C'est vrai, [Ari] ? Valen et toi allez avoir un bébé ?	Это правда, [Ari]? У вас с Вален будет ребёнок?	Is it true, [Ari]? You and Valen are going to have a baby?
Conversations/Bank/Valen/Relationship Lines/Child/pregnancy/pregnancy_valen_juniper_0/1	You and Valen? A baby? How wonderful!	Valen et toi attendez un bébé ? C'est fantastique !	У тебя с Вален? Ребёнок? Чудесно!	You and Valen? A baby? How wonderful!
Conversations/Bank/Valen/Relationship Lines/Child/pregnancy/pregnancy_valen_juniper_0/2	Wouldn't it be something if a child of Valen's inherited your knack for magic?	Ce serait drôle qu'un enfant de Valen hérite de ton don pour la magie, non ?	Вот будет номер, если ребёнок Вален унаследует твои магические способности!	Wouldn't it be something if a child of Valen's inherited your knack for magic?
Conversations/Bank/Valen/Relationship Lines/Child/pregnancy/pregnancy_valen_juniper_0/3	Ohohoho!	Oh ho ho !	О-хо-хо-хо!	Ohohoho!
Conversations/Bank/Valen/Relationship Lines/Child/pregnancy/pregnancy_valen_juniper_0/init	[Ari], I just heard the news!	[Ari], je suis au courant de la nouvelle !	[Ari], я только что узнала!	[Ari], I just heard the news!
Conversations/Bank/Valen/Relationship Lines/Child/pregnancy/pregnancy_valen_landen_0/1	Valen's old man, Torin, would be over the moon to hear he's becoming a grandpa.	Torin, le père de Valen, serait aux anges s'il savait qu'il était sur le point de devenir grand-père.	Старина Торин, отец Вален, сейчас бы так обрадовался, узнав, что станет дедушкой.	Valen's old man, Torin, would be over the moon to hear he's becoming a grandpa.
Conversations/Bank/Valen/Relationship Lines/Child/pregnancy/pregnancy_valen_landen_0/2	Errol and I will make sure to toast him tonight! And the baby too, of course!	Je porterai un toast en son honneur avec Errol, ce soir. Et à l'arrivée du bébé, bien sûr !	Сегодня мы с Эрролом обязательно поднимем за него тост! И за малыша, конечно же!	Errol and I will make sure to toast him tonight! And the baby too, of course!
Conversations/Bank/Valen/Relationship Lines/Child/pregnancy/pregnancy_valen_landen_0/init	Oho, congratulations are in order! Good tidings on you and Valen!	Oh ho, les félicitations sont de mise ! Quelle heureuse nouvelle pour Valen et toi !	Хо-хо, мои вам поздравления! Всех благ тебе и Вален!	Oho, congratulations are in order! Good tidings on you and Valen!
Conversations/Bank/Valen/Relationship Lines/Child/pregnancy/pregnancy_valen_maple_0/1	Does that mean your baby's going to be half doctor?	Ça veut dire que votre enfant sera à moitié docteur ?	Это же значит, что ваш ребёнок будет наполовину доктор?	Does that mean your baby's going to be half doctor?
Conversations/Bank/Valen/Relationship Lines/Child/pregnancy/pregnancy_valen_maple_0/2	Then I decree that they shall be my royal court physician when they grow up!	Dans ce cas, je décrète qu'une fois adulte, ce sera mon médecin officiel à la cour !	Тогда я издам указ, что он станет моим придворным врачом, когда вырастет!	Then I decree that they shall be my royal court physician when they grow up!
Conversations/Bank/Valen/Relationship Lines/Child/pregnancy/pregnancy_valen_maple_0/init	I heard you and Doctor Valen are having a baby! That's great!	Il paraît que la docteure Valen et toi allez avoir un bébé ! C'est génial !	Я слышала, что у вас с доктором Вален будет малыш! Это замечательно!	I heard you and Doctor Valen are having a baby! That's great!
Conversations/Bank/Valen/Relationship Lines/Child/pregnancy/spouse_pregnant_0/1	But now that I am, it's tremendously exciting.	Mais maintenant que c'est le cas, je ressens une impatience incroyable.	А теперь я беременна и это буквально наполняет меня предвкушением.	But now that I am, it's tremendously exciting.
Conversations/Bank/Valen/Relationship Lines/Child/pregnancy/spouse_pregnant_0/2	And you are the only one I would have ever considered sharing it with.	Et tu es la seule personne avec laquelle j'ai jamais songé à partager cela.	Этими чувствами я не готова делиться ни с кем, кроме тебе.	And you are the only one I would have ever considered sharing it with.
Conversations/Bank/Valen/Relationship Lines/Child/pregnancy/spouse_pregnant_0/3	Ah, this is thrilling. I should keep notes.	Ah, c'est exaltant. Je devrais prendre des notes.	Ах, как я взволнована. Надо вести дневник своего состояния.	Ah, this is thrilling. I should keep notes.
Conversations/Bank/Valen/Relationship Lines/Child/pregnancy/spouse_pregnant_0/init	You know, [Ari]... never in my life did I expect to carry a baby.	Tu sais, [Ari]... De toute ma vie, je n'avais jamais envisagé l'idée de porter un enfant.	Знаешь, [Ari]... Я никогда в жизни не думала, что буду вынашивать ребёнка.	You know, [Ari]... never in my life did I expect to carry a baby.
Conversations/Bank/Valen/Relationship Lines/Child/pregnancy/spouse_pregnant_1/1	I expected this might be the case... pregnancy cravings are quite well-documented, after all.	J'imaginais que cela arriverait. Ce sont des phénomènes bien connus lors d'une grossesse.	Я предполагала, что это может случиться... Тяга к еде при беременности широко описана в медицинской практике.	I expected this might be the case... pregnancy cravings are quite well-documented, after all.
Conversations/Bank/Valen/Relationship Lines/Child/pregnancy/spouse_pregnant_1/10	Perhaps it's just arbitrary?	Ou peut-être est-ce totalement arbitraire ?	Может, это произвольный феномен?	Perhaps it's just arbitrary?
Conversations/Bank/Valen/Relationship Lines/Child/pregnancy/spouse_pregnant_1/11	I'm taking extensive notes.	Je prends des notes très détaillées.	Я подробно задокументирую свой опыт.	I'm taking extensive notes.
Conversations/Bank/Valen/Relationship Lines/Child/pregnancy/spouse_pregnant_1/2	But it's another thing entirely to experience them first-hand.	Mais en faire l'expérience soi-même, c'est autre chose.	Но почувствовать её на себе — это совершенно другое.	But it's another thing entirely to experience them first-hand.
Conversations/Bank/Valen/Relationship Lines/Child/pregnancy/spouse_pregnant_1/3	On that note... would you be an angel and get me a $Grilled Cheese$? It's all I can think about.	À ce propos, aurais-tu la gentillesse de m'apporter un $croque au fromage$ ? Je n'arrive pas à penser à autre chose.	К слову... Будь ангелом, принеси мне, пожалуйста, $Горячий сэндвич с сыром$. Я только о нём и думаю.	On that note... would you be an angel and get me a $Grilled Cheese$? It's all I can think about.
Conversations/Bank/Valen/Relationship Lines/Child/pregnancy/spouse_pregnant_1/3/prompts/0	Really? You don't normally like them.	Vraiment ? Tu n'aimes pas ça d'habitude.	Серьёзно? Обычно ты такое не ешь.	Really? You don't normally like them.
Conversations/Bank/Valen/Relationship Lines/Child/pregnancy/spouse_pregnant_1/3/prompts/1	I'll get on it right away!	Tout de suite !	Принесу сейчас же!	I'll get on it right away!
Conversations/Bank/Valen/Relationship Lines/Child/pregnancy/spouse_pregnant_1/4	I know! Isn't it fascinating?	En effet ! C'est fascinant, pas vrai ?	Я знаю! Любопытно, правда?	I know! Isn't it fascinating?
Conversations/Bank/Valen/Relationship Lines/Child/pregnancy/spouse_pregnant_1/5	I wonder if it's a nutritional need? A caloric need?	Je me demande si c'est un besoin nutritif ou un besoin en calories.	Интересно, это потребность в специфических веществах? Или в калориях?	I wonder if it's a nutritional need? A caloric need?
Conversations/Bank/Valen/Relationship Lines/Child/pregnancy/spouse_pregnant_1/6	Perhaps it's simply arbitrary?	Ou peut-être est-ce totalement arbitraire ?	Может, это произвольный феномен?	Perhaps it's simply arbitrary?
Conversations/Bank/Valen/Relationship Lines/Child/pregnancy/spouse_pregnant_1/7	I'm taking extensive notes.	Je prends des notes très détaillées.	Я подробно задокументирую свой опыт.	I'm taking extensive notes.
Conversations/Bank/Valen/Relationship Lines/Child/pregnancy/spouse_pregnant_1/8	Wonderful! Thank you, [Ari].	Fabuleux ! Merci, [Ari].	Чудесно! Спасибо, [Ari].	Wonderful! Thank you, [Ari].
Conversations/Bank/Valen/Relationship Lines/Child/pregnancy/spouse_pregnant_1/9	I don't normally enjoy them... I wonder if the cravings are a nutritional need? A caloric need?	D'habitude, je n'aime pas ça... Je me demande si c'est un besoin nutritif ou un besoin en calories.	Обычно они мне не нравятся... Интересно, это потребность в специфических веществах? Или в калориях?	I don't normally enjoy them... I wonder if the cravings are a nutritional need? A caloric need?
Conversations/Bank/Valen/Relationship Lines/Child/pregnancy/spouse_pregnant_1/init	I'm experiencing intense cravings, [Ari].	J'ai des envies soudaines, [Ari].	Я испытываю сильную тягу к еде, [Ari].	I'm experiencing intense cravings, [Ari].
Conversations/Bank/Valen/Relationship Lines/Child/pregnancy/spouse_pregnant_2/1	The morning sickness has arrived.	Les nausées matinales ont commencé.	Меня настигла утренняя тошнота.	The morning sickness has arrived.
Conversations/Bank/Valen/Relationship Lines/Child/pregnancy/spouse_pregnant_2/2	It's fine. I've taken a syrup, and will take the day slowly.	Tout ira bien. J'ai pris un sirop et je me ménagerai pendant la journée.	Всё хорошо. Я приняла нужный сироп и постараюсь сегодня не напрягаться.	It's fine. I've taken a syrup, and will take the day slowly.
Conversations/Bank/Valen/Relationship Lines/Child/pregnancy/spouse_pregnant_2/3	This is all tremendously valuable data, so I will persevere through the discomfort.	Mais ce sont des informations très intéressantes, alors je surmonterai ce désagrément.	Я переживу свой дискомфорт, ведь это невероятно ценные данные.	This is all tremendously valuable data, so I will persevere through the discomfort.
Conversations/Bank/Valen/Relationship Lines/Child/pregnancy/spouse_pregnant_2/init	Ah, [Ari]... I knew this day would come.	Ah, [Ari]... Je savais que ce jour finirait par arriver.	Ах, [Ari]... Я знала, что этот день наступит.	Ah, [Ari]... I knew this day would come.
Conversations/Bank/Valen/Relationship Lines/Child/pregnancy/spouse_pregnant_3/1	Oh no, this is not an issue of vanity. Simply my objective observation.	Oh, ce n'est pas une question de vanité, mais une observation objective.	О, нет, меня не волнует внешний вид. Просто делаю наблюдения.	Oh no, this is not an issue of vanity. Simply my objective observation.
Conversations/Bank/Valen/Relationship Lines/Child/pregnancy/spouse_pregnant_3/2	Things are progressing as they should. I'm exactly on schedule for a singleton baby, and there's no history of twins in my family.	Les choses évoluent dans le bon sens. Tout indique que je n'aurai qu'un seul enfant, je n'ai pas connaissance de jumeaux dans ma famille.	Дела идут естественным путём. Всё точь-в-точь по графику для малыша-одиночки, а двойняшек в моей семье ещё не было.	Things are progressing as they should. I'm exactly on schedule for a singleton baby, and there's no history of twins in my family.
Conversations/Bank/Valen/Relationship Lines/Child/pregnancy/spouse_pregnant_3/3	It's all very good news.	Ce sont de très bonnes nouvelles.	Всё это — успокаивающие известия.	It's all very good news.
Conversations/Bank/Valen/Relationship Lines/Child/pregnancy/spouse_pregnant_3/init	The baby has grown quite a bit lately. My clothing is tighter, have you noticed?	Le bébé a beaucoup grandi, ces derniers jours. Je sens que mes vêtements me serrent. Est-ce que ça se voit ?	В последнее время малыш существенно вырос. Одежда стала теснее, ты не <p>заметили</p><f>заметила</f><m>заметил</m><n>заметило</n>?	The baby has grown quite a bit lately. My clothing is tighter, have you noticed?
Conversations/Bank/Valen/Relationship Lines/Child/pregnancy/spouse_pregnant_4/1	The baby's kicking! Do you feel it? Isn't it remarkable?	Le bébé donne des coups de pied ! Tu le sens ? C'est incroyable, non ?	Малыш пинается! Ты чувствуешь? Поразительно, правда?	The baby's kicking! Do you feel it? Isn't it remarkable?
Conversations/Bank/Valen/Relationship Lines/Child/pregnancy/spouse_pregnant_4/2	I mean... it's perfectly typical, a baby kicking in vivo. This is quite ordinary.	Enfin, c'est tout à fait normal qu'un bébé donne des coups de pied in utero. C'est même quelque chose d'ordinaire.	То есть... Для малышей совершенно естественно пинаться в чреве. В этом нет ничего необычного.	I mean... it's perfectly typical, a baby kicking in vivo. This is quite ordinary.
Conversations/Bank/Valen/Relationship Lines/Child/pregnancy/spouse_pregnant_4/3	But this is the first time I've experienced it. Which, to me... is extraordinary.	En revanche, c'est la première fois que je vis ça. Pour moi, c'est incroyable.	Но я впервые ощущаю пинки в собственном теле. Для меня это... удивительное чувство.	But this is the first time I've experienced it. Which, to me... is extraordinary.
Conversations/Bank/Valen/Relationship Lines/Child/pregnancy/spouse_pregnant_4/init	[Ari]! Come quickly. Put your hand on my stomach.	[Ari] ! Viens vite. Pose ta main sur mon ventre.	[Ari]! Подойди скорее. Положи руку мне на живот.	[Ari]! Come quickly. Put your hand on my stomach.
Conversations/Bank/Valen/Relationship Lines/Child/pregnancy/spouse_pregnant_5/1	"I know it's a bit sentimental, but... if we were to have a boy, would you be open to calling him ""$Torin$""? It was my father's name."	Je sais que ça a un côté sentimental, mais... si jamais c'est un garçon, serais-tu d'accord pour l'appeler « $Torin$ » ? C'était le prénom de mon père.	Я знаю, прозвучит сентиментально, но... если у нас будет мальчик, ты согласишься назвать его $Торин$? Так звали моего отца.	"I know it's a bit sentimental, but... if we were to have a boy, would you be open to calling him ""$Torin$""? It was my father's name."
Conversations/Bank/Valen/Relationship Lines/Child/pregnancy/spouse_pregnant_5/2	Of course, this isn't a demand... it's a decision for both of us to make together.	Bien évidemment, je ne t'oblige à rien... C'est une décision que nous devons prendre ensemble.	Разумеется, я ничего не требую... Мы должны посоветоваться и вместе принять решение.	Of course, this isn't a demand... it's a decision for both of us to make together.
Conversations/Bank/Valen/Relationship Lines/Child/pregnancy/spouse_pregnant_5/3	And there's no need for us to decide now.	Et nous n'avons pas à nous précipiter.	И пока что решать ещё рано.	And there's no need for us to decide now.
Conversations/Bank/Valen/Relationship Lines/Child/pregnancy/spouse_pregnant_5/init	[Ari]... I've been considering baby names.	[Ari], j'ai réfléchi à des prénoms pour le bébé.	[Ari]... Я раздумывала над именем для малыша.	[Ari]... I've been considering baby names.
Conversations/Bank/Valen/Relationship Lines/Child/pregnancy/spouse_pregnant_6/1	I have prepared everything with Josephine and Terithia, but...	J'ai pris soin de tout préparer avec l'aide de Joséphine et Terithia, mais...	Мы с Джозефиной и Теризией всё приготовили, но...	I have prepared everything with Josephine and Terithia, but...
Conversations/Bank/Valen/Relationship Lines/Child/pregnancy/spouse_pregnant_6/2	Well, I would feel psychologically supported if you were close at hand over the next few days.	Eh bien, ta présence non loin de moi dans les jours à venir m'apporterait un soutien psychologique.	Мне будет психологически комфортнее, если ты будешь рядом в ближайшие дни.	Well, I would feel psychologically supported if you were close at hand over the next few days.
Conversations/Bank/Valen/Relationship Lines/Child/pregnancy/spouse_pregnant_6/init	[Ari], based on an assessment of my bodily condition and my notes, I believe the baby should be arriving very soon.	[Ari], si j'en crois mon état et les notes que j'ai prises, je crois que le bébé ne tardera pas à arriver.	[Ari], согласно по моим заметкам и наблюдениям за физическим состояние, я полагаю, что малыш должен появиться очень скоро.	[Ari], based on an assessment of my bodily condition and my notes, I believe the baby should be arriving very soon.
Conversations/Bank/Valen/Relationship Lines/Child/pregnancy/stork_pregnant_0/1	But now that we are expectant parents, I'm tremendously excited.	Mais maintenant que nous allons devenir parents, je suis si impatiente.	Но теперь, когда мы почти родители, я буквально наполнена предвкушением.	But now that we are expectant parents, I'm tremendously excited.
Conversations/Bank/Valen/Relationship Lines/Child/pregnancy/stork_pregnant_0/2	You should know... you are the only one I would have ever considered sharing this with.	Sache que tu es la seule personne avec laquelle j'ai jamais songé à partager cela.	Тебе следует знать, что... Этими чувствами я не готова делиться ни с кем, кроме тебе.	You should know... you are the only one I would have ever considered sharing this with.
Conversations/Bank/Valen/Relationship Lines/Child/pregnancy/stork_pregnant_0/3	I'm unused to such a cocktail of emotions. How thrilling!	Je ne suis pas habituée à ressentir des émotions aussi différentes. C'est exaltant !	Такой букет эмоций для меня крайне непривычен. Я очень взволнована!	I'm unused to such a cocktail of emotions. How thrilling!
Conversations/Bank/Valen/Relationship Lines/Child/pregnancy/stork_pregnant_0/init	You know, [Ari]... never in my life did I expect to raise a child.	Tu sais, [Ari]... De toute ma vie, je n'avais jamais envisagé d'élever un enfant.	Знаешь, [Ari]... Я никогда в жизни не думала, что заведу ребёнка.	You know, [Ari]... never in my life did I expect to raise a child.
Conversations/Bank/Valen/Relationship Lines/Child/pregnancy/stork_pregnant_1/1	It will be nice to use it for bottles and pacifiers, instead of...	Ce sera plus sympa de l'utiliser pour les biberons et les tétines que pour...	Приятно использовать его для бутылочек и сосок, а не...	It will be nice to use it for bottles and pacifiers, instead of...
Conversations/Bank/Valen/Relationship Lines/Child/pregnancy/stork_pregnant_1/2	Well, instead of the other, less adorable things I normally disinfect.	Bref, que pour les choses moins charmantes que je dois habituellement stériliser.	В общем, на менее симпатичных предметах, обычно требующих дезинфекции.	Well, instead of the other, less adorable things I normally disinfect.
Conversations/Bank/Valen/Relationship Lines/Child/pregnancy/stork_pregnant_1/init	In preparation for the baby's arrival, I brought back the disinfecting kit from my old lab.	En vue de l'arrivée du bébé, j'ai apporté mon kit de stérilisation de mon ancien laboratoire.	Я решила подготовиться к прибытию малыша и принесла из своей старой лаборатории набор для дезинфекции.	In preparation for the baby's arrival, I brought back the disinfecting kit from my old lab.
Conversations/Bank/Valen/Relationship Lines/Child/pregnancy/stork_pregnant_2/1	I enjoy their company, but I'm always afraid I don't have a lot in common with them. I never know how to act.	J'apprécie leur compagnie, mais j'ai toujours peur de ne pas avoir grand-chose à leur dire. Je ne sais jamais comment me comporter.	Мне нравится быть с ними рядом, но обычно я переживаю, что у нас мало общего. Никогда не знаю, как себя вести.	I enjoy their company, but I'm always afraid I don't have a lot in common with them. I never know how to act.
Conversations/Bank/Valen/Relationship Lines/Child/pregnancy/stork_pregnant_2/10	That's true... I'll be able to learn by our neighbors' example.	C'est vrai... Je devrais pouvoir apprendre en prenant exemple sur nos voisins.	Это правда... Я могу научиться, полагаясь на опыт наших соседей.	That's true... I'll be able to learn by our neighbors' example.
Conversations/Bank/Valen/Relationship Lines/Child/pregnancy/stork_pregnant_2/11	I'm an excellent study. Even if I'm inexperienced, I'll learn as I go.	Je suis très observatrice. Même si je n'ai aucune expérience, j'apprends sur le tas.	Я исключительно быстро учусь. Мне недостаёт опыта, но я освоюсь по ходу.	I'm an excellent study. Even if I'm inexperienced, I'll learn as I go.
Conversations/Bank/Valen/Relationship Lines/Child/pregnancy/stork_pregnant_2/12	"I suppose that's what they mean by the phrase ""fake it until you make it."" "	Après tout, ne dit-on pas qu'il faut persévérer jusqu'à ce que ça marche ? 	Видимо, как раз в таких случаях говорят: «притворяйся, пока это не станет правдой».	"I suppose that's what they mean by the phrase ""fake it until you make it."" "
Conversations/Bank/Valen/Relationship Lines/Child/pregnancy/stork_pregnant_2/2	In short, I'm worried about my abilities as a parent.	Pour faire court, je me fais du souci quant à mes compétences en tant que mère.	Короче говоря, я сомневаюсь в своих родительских способностях.	In short, I'm worried about my abilities as a parent.
Conversations/Bank/Valen/Relationship Lines/Child/pregnancy/stork_pregnant_2/3	What if I can't connect with our child? Or worse... what if they find me boring?	Et si jamais je n'arrive pas à tisser de lien avec notre enfant ? Ou pire... s'il me trouve ennuyeuse ?	Что если я не смогу наладить связь с ребёнком? Или ещё хуже... что если он посчитает меня занудой?	What if I can't connect with our child? Or worse... what if they find me boring?
Conversations/Bank/Valen/Relationship Lines/Child/pregnancy/stork_pregnant_2/3/prompts/0	Don't worry, I know you'll do great!	Ne t'en fais pas, je sais que tu t'en sortiras très bien !	Не волнуйся, я знаю, у тебя всё получится!	Don't worry, I know you'll do great!
Conversations/Bank/Valen/Relationship Lines/Child/pregnancy/stork_pregnant_2/3/prompts/1	We'll figure it out together!	Nous y arriverons ensemble !	Мы справимся с этим вместе!	We'll figure it out together!
Conversations/Bank/Valen/Relationship Lines/Child/pregnancy/stork_pregnant_2/3/prompts/2	We have a whole community to rely on!	Nous pouvons compter sur tous nos voisins !	У нас вокруг целый город помощников!	We have a whole community to rely on!
Conversations/Bank/Valen/Relationship Lines/Child/pregnancy/stork_pregnant_2/4	Yes... I do hope you're right.	Oui... J'espère que tu as raison.	Да... Надеюсь, что ты <p>правы</p><f>права</f><m>прав</m><n>право</n>.	Yes... I do hope you're right.
Conversations/Bank/Valen/Relationship Lines/Child/pregnancy/stork_pregnant_2/5	I hope you don't mind if I follow your lead? I'm an excellent study. Even if I'm inexperienced, I'll learn as I go.	Ça ne te dérange pas que je prenne exemple sur toi ? Je suis très observatrice. Même si je n'ai aucune expérience, j'apprends sur le tas.	Ты не против, если я буду учиться у тебя? Я исключительно быстро учусь. Мне недостаёт опыта, но я освоюсь по ходу.	I hope you don't mind if I follow your lead? I'm an excellent study. Even if I'm inexperienced, I'll learn as I go.
Conversations/Bank/Valen/Relationship Lines/Child/pregnancy/stork_pregnant_2/6	"I suppose that's what they mean when they say, ""fake it until you make it."" "	Après tout, ne dit-on pas qu'il faut persévérer jusqu'à ce que ça marche ? 	Видимо, как раз в таких случаях говорят: «притворяйся, пока это не станет правдой».	"I suppose that's what they mean when they say, ""fake it until you make it."" "
Conversations/Bank/Valen/Relationship Lines/Child/pregnancy/stork_pregnant_2/7	Yes, of course. You and I are in this together.	Oui, bien sûr. À nous deux, ça ne peut que fonctionner.	Да, конечно. Мы с тобой в одной лодке.	Yes, of course. You and I are in this together.
Conversations/Bank/Valen/Relationship Lines/Child/pregnancy/stork_pregnant_2/8	I hope you don't mind if I follow your lead, then. I'm an excellent study. Even if I'm inexperienced, I'll learn as I go.	J'espère que ça ne te dérangera pas que je prenne exemple sur toi. Je suis très observatrice. Même si je n'ai aucune expérience, j'apprends sur le tas.	В таком случае, я надеюсь, ты не против, если я буду учиться у тебя. Я исключительно быстро учусь. Мне недостаёт опыта, но я освоюсь по ходу.	I hope you don't mind if I follow your lead, then. I'm an excellent study. Even if I'm inexperienced, I'll learn as I go.
Conversations/Bank/Valen/Relationship Lines/Child/pregnancy/stork_pregnant_2/9	"I suppose that's what they mean by the phrase ""fake it until you make it."" "	Après tout, ne dit-on pas qu'il faut persévérer jusqu'à ce que ça marche ? 	Видимо, как раз в таких случаях говорят: «притворяйся, пока это не станет правдой».	"I suppose that's what they mean by the phrase ""fake it until you make it."" "
Conversations/Bank/Valen/Relationship Lines/Child/pregnancy/stork_pregnant_2/init	[Ari]... you should know, I don't have a great deal of experience with children.	[Ari], je veux que tu saches que je n'ai pas beaucoup d'expérience avec les enfants.	[Ari]... Тебе следует знать: у меня небогатый опыт обращения с детьми.	[Ari]... you should know, I don't have a great deal of experience with children.
Conversations/Bank/Valen/Relationship Lines/Child/pregnancy/stork_pregnant_3/1	Feeding schedules, sleeping schedules, keeping journals and timers...	Les heures pour lui donner à manger, pour la sieste, tenir un journal, tout chronométrer...	График кормления, график сна, всякие журналы и будильники...	Feeding schedules, sleeping schedules, keeping journals and timers...
Conversations/Bank/Valen/Relationship Lines/Child/pregnancy/stork_pregnant_3/2	I suppose he's bottle-reared his share of calves and lambs. He probably has more experience with babies than the whole town combined.	J'imagine qu'il a dû donner le biberon à bon nombre de veaux et d'agneaux. Il a sûrement plus d'expérience avec les bébés que tous les habitants réunis.	Что ж, на своём веку он приучил к бутылке множество телят и барашков. Вероятно, его опыт в обращении с малышами богаче, чем у всех остальных мистрийцев вместе взятых.	I suppose he's bottle-reared his share of calves and lambs. He probably has more experience with babies than the whole town combined.
Conversations/Bank/Valen/Relationship Lines/Child/pregnancy/stork_pregnant_3/init	Hayden has been showering me with all sorts of advice in anticipation of our baby's arrival...	Hayden m'a prodigué de nombreux conseils en vue de l'arrivée de notre bébé...	Хейден засыпал меня советами к появлению нашего ребёнка...	Hayden has been showering me with all sorts of advice in anticipation of our baby's arrival...
Conversations/Bank/Valen/Relationship Lines/Child/pregnancy/stork_pregnant_4/1	Especially when a child is young, their appearance and personality changes month by month, year by year.	Surtout chez un enfant si jeune, son physique et sa personnalité changent mois après mois.	Особенно когда ребёнок ещё маленький. И внешность, и характер меняются месяц от месяца, год от года.	Especially when a child is young, their appearance and personality changes month by month, year by year.
Conversations/Bank/Valen/Relationship Lines/Child/pregnancy/stork_pregnant_4/2	Still, I hope they take after you, [Ari].	J'espère toutefois que notre enfant te ressemblera, [Ari].	И всё же, я рассчитываю, что он будет похож на тебя, [Ari].	Still, I hope they take after you, [Ari].
Conversations/Bank/Valen/Relationship Lines/Child/pregnancy/stork_pregnant_4/init	It's often asked who the baby takes after more, but I think that's very fluid...	Les gens ont tendance à se demander auquel des deux parents un bébé ressemble le plus. Je crois que cela varie énormément...	Многие задаются вопросом, в кого растёт малыш, но мне кажется, тут всё очень изменчиво...	It's often asked who the baby takes after more, but I think that's very fluid...
Conversations/Bank/Valen/Relationship Lines/Child/pregnancy/stork_pregnant_5/1	"I know it's a bit sentimental, but... if we had a boy, would you be open to calling him ""$Torin$""? It was my father's name."	Je sais que ça a un côté sentimental, mais si c'est un garçon, serais-tu d'accord pour l'appeler « $Torin$ » ? C'était le prénom de mon père.	Я знаю, прозвучит сентиментально, но... если у нас будет мальчик, ты согласишься назвать его $Торин$? Так звали моего отца.	"I know it's a bit sentimental, but... if we had a boy, would you be open to calling him ""$Torin$""? It was my father's name."
Conversations/Bank/Valen/Relationship Lines/Child/pregnancy/stork_pregnant_5/2	Of course, this isn't a demand... it's a decision for both of us to make together.	Bien évidemment, je ne t'oblige à rien... c'est une décision que nous devons prendre ensemble.	Разумеется, я ничего не требую... Мы должны посоветоваться и вместе принять решение.	Of course, this isn't a demand... it's a decision for both of us to make together.
Conversations/Bank/Valen/Relationship Lines/Child/pregnancy/stork_pregnant_5/3	And there's no need for us to decide now.	Et nous n'avons pas à nous précipiter.	И пока что решать ещё рано.	And there's no need for us to decide now.
Conversations/Bank/Valen/Relationship Lines/Child/pregnancy/stork_pregnant_5/init	[Ari]... I've been considering baby names.	[Ari], j'ai réfléchi à des prénoms pour le bébé.	[Ari]... Я раздумывала над именем для малыша.	[Ari]... I've been considering baby names.
Conversations/Bank/Valen/Relationship Lines/Child/pregnancy/stork_pregnant_6/1	Everything is prepared... it's just a matter of time, now.	Tout est prêt... ce n'est plus qu'une question de temps, désormais.	Я всё подготовила... Теперь остаётся только ждать.	Everything is prepared... it's just a matter of time, now.
Conversations/Bank/Valen/Relationship Lines/Child/pregnancy/stork_pregnant_6/init	I suspect the baby will be joining us soon, [Ari].	J'ai l'impression que le bébé sera bientôt parmi nous, [Ari].	Подозреваю, что малыш скоро придёт к нам, [Ari].	I suspect the baby will be joining us soon, [Ari].
Conversations/Bank/Valen/Relationship Lines/Child/pregnancy/valen_pregnancy_request_turn_in/1	What an illuminating experiment... I mean, experience. Thank you for your help, [Ari].	Quelle expérience scientifique enrichissante ! Je veux dire, expérience personnelle. Merci pour ton aide, [Ari].	Какой занимательный опыт я провела... Точнее, получила. Спасибо за помощь, [Ari].	What an illuminating experiment... I mean, experience. Thank you for your help, [Ari].
Conversations/Bank/Valen/Relationship Lines/Child/pregnancy/valen_pregnancy_request_turn_in/init	Perfect! This is exactly what I've been craving all day.	Parfait, c'est exactement ce dont j'avais envie pendant toute la journée !	Прекрасно! Именно этого мне так хотелось весь день.	Perfect! This is exactly what I've been craving all day.
Conversations/Bank/Valen/Relationship Lines/Marriage/marriage_daily_dialogue/ari_plans_0/1	If you're planning on venturing into the Mines, I'd like to be mentally prepared.	Si tu comptes t'aventurer dans les mines, j'ai besoin de le savoir pour me préparer mentalement.	Я хочу психологически подготовиться на случай, если ты собираешься в шахты.	If you're planning on venturing into the Mines, I'd like to be mentally prepared.
Conversations/Bank/Valen/Relationship Lines/Marriage/marriage_daily_dialogue/ari_plans_0/1/prompts/0	I'm going to take care of the farm for a bit.	Je vais m'occuper un peu de la ferme.	Я планирую немного позаботиться о ферме.	I'm going to take care of the farm for a bit.
Conversations/Bank/Valen/Relationship Lines/Marriage/marriage_daily_dialogue/ari_plans_0/1/prompts/1	I was thinking of doing some foraging!	Je pensais aller faire de la cueillette !	Я собираюсь отправиться за травами!	I was thinking of doing some foraging!
Conversations/Bank/Valen/Relationship Lines/Marriage/marriage_daily_dialogue/ari_plans_0/1/prompts/2	Yeah, I might go down into the Mines...	Effectivement, je vais peut-être aller dans les mines...	Да, возможно, я спущусь в шахты...	Yeah, I might go down into the Mines...
Conversations/Bank/Valen/Relationship Lines/Marriage/marriage_daily_dialogue/ari_plans_0/2	Of course. I suppose it's only natural when you live one.	Oui, c'est normal quand on vit de la terre.	Ну конечно. Это естественно, ведь ты живёшь с её плодов.	Of course. I suppose it's only natural when you live one.
Conversations/Bank/Valen/Relationship Lines/Marriage/marriage_daily_dialogue/ari_plans_0/3	Do say hello to the animals for me.	Salue les animaux de ma part !	Передавай мой привет животным.	Do say hello to the animals for me.
Conversations/Bank/Valen/Relationship Lines/Marriage/marriage_daily_dialogue/ari_plans_0/4	The plants as well, if you're feeling whimsical.	Et aussi les plantes, si jamais tu veux y mettre un brin de fantaisie.	Если будет желание, можешь и растениям передать.	The plants as well, if you're feeling whimsical.
Conversations/Bank/Valen/Relationship Lines/Marriage/marriage_daily_dialogue/ari_plans_0/5	Wonderful. You're ever adept at finding unusual plants on the outskirts of town.	Merveilleux ! Tu as beaucoup de talent pour dénicher des plantes rares autour de la ville.	Замечательно. У тебя всегда получается находить на задворках нашей земли необычные растения.	Wonderful. You're ever adept at finding unusual plants on the outskirts of town.
Conversations/Bank/Valen/Relationship Lines/Marriage/marriage_daily_dialogue/ari_plans_0/6	If you do find anything interesting... well, you know what I like.	Si jamais tu trouves quelque chose d'intéressant... Eh bien, tu connais mes goûts.	Если найдёшь что-нибудь интересное... В общем, ты знаешь, какие травы мне нравятся.	If you do find anything interesting... well, you know what I like.
Conversations/Bank/Valen/Relationship Lines/Marriage/marriage_daily_dialogue/ari_plans_0/7	Of course. I'm not one to stand in your way, but do take care of yourself.	D'accord. Ce n'est pas moi qui vais t'en empêcher, mais fais bien attention à toi.	Пожалуйста. Я не стану тебе препятствовать, но только будь <p>осторожны</p><f>осторожна</f><m>осторожен</m><n>осторожно</n>.	Of course. I'm not one to stand in your way, but do take care of yourself.
Conversations/Bank/Valen/Relationship Lines/Marriage/marriage_daily_dialogue/ari_plans_0/8	If you don't... I'll be the first one to find out.	Si tu fais n'importe quoi, je serai la première à le savoir.	А если не будешь... Я первой об этом узнаю.	If you don't... I'll be the first one to find out.
Conversations/Bank/Valen/Relationship Lines/Marriage/marriage_daily_dialogue/ari_plans_0/init	Before we part for the day... what's your schedule looking like?	Avant qu'on se sépare pour la journée, qu'as-tu prévu de faire aujourd'hui ?	Прежде, чем мы расстанемся на сегодня... Расскажи, какие у тебя планы?	Before we part for the day... what's your schedule looking like?
Conversations/Bank/Valen/Relationship Lines/Marriage/marriage_daily_dialogue/basement_0/1	You seem to be in one piece. Excellent.	Tu es en un seul morceau. Excellent !	Вижу, ты <p>целы</p><f>цела</f><m>цел</m><n>цело</n>. Это превосходная новость.	You seem to be in one piece. Excellent.
Conversations/Bank/Valen/Relationship Lines/Marriage/marriage_daily_dialogue/basement_0/2	See you tonight? I'm looking forward to it.	On se retrouve ce soir ? J'ai hâte.	Увидимся вечером? Я уже жду.	See you tonight? I'm looking forward to it.
Conversations/Bank/Valen/Relationship Lines/Marriage/marriage_daily_dialogue/basement_0/init	[Ari]! I wasn't expecting to run into you.	[Ari], je ne pensais pas tomber sur toi.	[Ari]! Не ожидала тебя встретить.	[Ari]! I wasn't expecting to run into you.
Conversations/Bank/Valen/Relationship Lines/Marriage/marriage_daily_dialogue/basement_1/1	And don't worry. I'll bravely weather any pun Holt throws my way.	Et ne t'inquiète pas ! Je saurai survivre à tous les jeux de mots d'Holt.	Не переживай, я вынесу любой каламбур, который мне пошлёт Хольт.	And don't worry. I'll bravely weather any pun Holt throws my way.
Conversations/Bank/Valen/Relationship Lines/Marriage/marriage_daily_dialogue/basement_1/init	Do we need any groceries? I can stop by the General Store on the way home from the Clinic.	Est-ce qu'il y a des courses à faire ? Je peux passer au magasin général en rentrant de la clinique.	Нам нужно что-нибудь купить? Я могу зайти в универмаг по дороге из клиники.	Do we need any groceries? I can stop by the General Store on the way home from the Clinic.
Conversations/Bank/Valen/Relationship Lines/Marriage/marriage_daily_dialogue/basement_2/1	Or we can stop by the Inn instead, if you'd like. My treat.	Sans ça, nous pouvons nous arrêter à l'auberge. C'est moi qui invite.	Или можем зайти в трактир, если хочешь. Я угощаю.	Or we can stop by the Inn instead, if you'd like. My treat.
Conversations/Bank/Valen/Relationship Lines/Marriage/marriage_daily_dialogue/basement_2/init	Remind me... was there something we planned on cooking tonight?	Rafraîchis-moi la mémoire ! Nous avions prévu quelque chose pour le dîner de ce soir ?	Напомни... Мы планировали сегодня что-то приготовить?	Remind me... was there something we planned on cooking tonight?
Conversations/Bank/Valen/Relationship Lines/Marriage/marriage_daily_dialogue/basement_3/1	But if it frees up your day, I'm happy to take over the task.	Mais si cela peut te faire gagner du temps sur ta journée, je serais ravie de m'en occuper.	Но если это освободит тебе время, я готова ей заняться.	But if it frees up your day, I'm happy to take over the task.
Conversations/Bank/Valen/Relationship Lines/Marriage/marriage_daily_dialogue/basement_3/init	I'm ashamed to say I've never been particularly adept at laundry...	J'ai un peu honte d'avouer que la lessive n'a jamais été mon point fort...	Стыдно признаться, но стирка никогда не была моей сильной стороной...	I'm ashamed to say I've never been particularly adept at laundry...
Conversations/Bank/Valen/Relationship Lines/Marriage/marriage_daily_dialogue/basement_4/1	You didn't come all the way out here just to give me a kiss, did you?	Tu as fait tout ce chemin juste pour venir m'embrasser ?	Ты что, <p>пришли</p><f>пришла</f><m>пришёл</m><n>пришло</n> в такую даль, чтобы одарить меня поцелуем?	You didn't come all the way out here just to give me a kiss, did you?
Conversations/Bank/Valen/Relationship Lines/Marriage/marriage_daily_dialogue/basement_4/2	You're incorrigible.	Tu es incorrigible.	Ты <p>неисправимы</p><f>неисправима</f><m>неисправим</m><n>неисправимо</n>.	You're incorrigible.
Conversations/Bank/Valen/Relationship Lines/Marriage/marriage_daily_dialogue/basement_4/init	Goodness, [Ari]...	Oh, [Ari]...	Ну и ну, [Ari]...	Goodness, [Ari]...
Conversations/Bank/Valen/Relationship Lines/Marriage/marriage_daily_dialogue/basement_5/1	"""Ah, there <he>he is</he><she>she is</she><they>they are</they><it>it is</it><none>[Ari] is</none>. <he>He's</he><she>She's</she><they>They're</they><it>It's</it><none>[Ari]'s</none> mine."" "	« Ah, c'est <he>lui</he><she>elle</she><they>ellui</they>. <he>Il</he><she>Elle</she><they>Iel</they> n'est rien qu'à moi. » 	«А, вон <p>они идут. И они — мои </p><f>она идёт. И она — моя</f><m>он идёт. И он — мой</m><n>оно идёт. И оно — моё</n>».	"""Ah, there <he>he is</he><she>she is</she><they>they are</they><it>it is</it><none>[Ari] is</none>. <he>He's</he><she>She's</she><they>They're</they><it>It's</it><none>[Ari]'s</none> mine."" "
Conversations/Bank/Valen/Relationship Lines/Marriage/marriage_daily_dialogue/basement_5/2	I do hope you know, I'm yours as well.	J'espère que tu es bien conscient<she>e</she><he></he><they>·e</they> que moi aussi, je ne suis rien qu'à toi.	Надеюсь, ты знаешь, что я также твоя.	I do hope you know, I'm yours as well.
Conversations/Bank/Valen/Relationship Lines/Marriage/marriage_daily_dialogue/basement_5/init	It's a wonder to see you and think...	Quelle joie de te voir et de me dire...	Как же чудесно смотреть на тебя и думать...	It's a wonder to see you and think...
Conversations/Bank/Valen/Relationship Lines/Marriage/marriage_daily_dialogue/basement_6/1	Thank you for making the time. I do love to see your face.	Merci d'avoir trouvé le temps de passer me voir. Comme j'aime regarder ton visage...	Спасибо, что <p>нашли</p><f>нашла</f><m>нашёл</m><n>нашло</n> время. Приятно посмотреть на твоё лицо.	Thank you for making the time. I do love to see your face.
Conversations/Bank/Valen/Relationship Lines/Marriage/marriage_daily_dialogue/basement_6/init	You're such a darling, coming out to see me.	C'est vraiment adorable de ta part de venir me voir.	<p>Какие</p><f>Какая</f><m>Какой</m><n>Какое</n> ты душечка, что <p>зашли</p><f>зашла</f><m>зашёл</m><n>зашло</n> ко мне.	You're such a darling, coming out to see me.
Conversations/Bank/Valen/Relationship Lines/Marriage/marriage_daily_dialogue/domestic_flavor_0/1	Though, they are always asking for additional pets. I suppose there's no harm in indulging that as much as you'd like.	Mais il veut toujours plus de caresses. Pour ça, je suppose qu'il n'y a pas de limites.	Хотя [pet_name] всегда просит гладиться почаще. Думаю, за такое можно многое спустить.	Though, they are always asking for additional pets. I suppose there's no harm in indulging that as much as you'd like.
Conversations/Bank/Valen/Relationship Lines/Marriage/marriage_daily_dialogue/domestic_flavor_0/init	Don't let [pet_name] fool you... I've already fed them.	Ne te laisse pas amadouer par [pet_name], je lui ai déjà donné à manger.	Пускай [pet_name] тебя не обманывает: корм я уже дала.	Don't let [pet_name] fool you... I've already fed them.
Conversations/Bank/Valen/Relationship Lines/Marriage/marriage_daily_dialogue/domestic_flavor_1/1	But watching them trot around the house like they own the place... it's admittedly very charming.	Mais j'admets que c'est mignon de voir [pet_name] se promener dans la maison...	Заставляет задуматься. Разгуливает по дому с таким хозяйским видом... Признаю, в этом есть свой шарм.	But watching them trot around the house like they own the place... it's admittedly very charming.
Conversations/Bank/Valen/Relationship Lines/Marriage/marriage_daily_dialogue/domestic_flavor_1/2	I admire the self-assurance of a creature who doesn't pay rent.	Pour quelqu'un qui ne paie pas de loyer, cet animal ne manque pas d'assurance.	Меня впечатляет такая самоуверенность от жильца, который не платит за место.	I admire the self-assurance of a creature who doesn't pay rent.
Conversations/Bank/Valen/Relationship Lines/Marriage/marriage_daily_dialogue/domestic_flavor_1/init	I had never considered having a pet before [pet_name]...	L'idée d'avoir un animal de compagnie ne m'avait jamais traversé l'esprit.	Я никогда не думала завести питомца, но [pet_name]...	I had never considered having a pet before [pet_name]...
Conversations/Bank/Valen/Relationship Lines/Marriage/marriage_daily_dialogue/domestic_flavor_2/1	If you'd like to sleep in the same bed together, you need to get us a double-sized bed.	Si tu veux que nous dormions ensemble, il faut que tu nous trouves un lit double.	Если ты хочешь, чтобы мы спали в одной постели, нам нужна двуспальная кровать.	If you'd like to sleep in the same bed together, you need to get us a double-sized bed.
Conversations/Bank/Valen/Relationship Lines/Marriage/marriage_daily_dialogue/domestic_flavor_2/2	Come, now. We're not living the bachelor life anymore.	Allez ! Nous ne sommes plus célibataires, dorénavant.	Пора остепениться, мы больше не одиночки.	Come, now. We're not living the bachelor life anymore.
Conversations/Bank/Valen/Relationship Lines/Marriage/marriage_daily_dialogue/domestic_flavor_2/init	[Ari]...	[Ari]...	[Ari]...	[Ari]...
Conversations/Bank/Valen/Relationship Lines/Marriage/marriage_daily_dialogue/domestic_flavor_3/1	I appreciate you humoring my... idiosyncrasies.	Je te remercie de supporter mes petits caprices.	Спасибо, что потакаешь моим... предпочтениям.	I appreciate you humoring my... idiosyncrasies.
Conversations/Bank/Valen/Relationship Lines/Marriage/marriage_daily_dialogue/domestic_flavor_3/init	The farmhouse has been looking pleasantly lived-in lately. And it's been nice to have a space to do work as the mood takes me.	Notre petite ferme est bien aménagée, maintenant. Je dois dire que c'est agréable d'avoir un endroit pour travailler si l'envie m'en prend.	В последнее время наш дом приобрёл приятно обжитой вид. И я рада, что у меня здесь есть рабочее место на случай, если я захочу погрузиться в работу.	The farmhouse has been looking pleasantly lived-in lately. And it's been nice to have a space to do work as the mood takes me.
Conversations/Bank/Valen/Relationship Lines/Marriage/marriage_daily_dialogue/domestic_flavor_4/1	While it's lovely living here, I do need a space to indulge my own interests now and again. Would you mind making a place for my things?	J'adore vivre ici, mais j'aimerais avoir un peu de place pour m'adonner à mes passe-temps. Tu penses pouvoir m'aménager ça ?	Здесь у тебя очень мило, но иногда мне нужно место, чтобы заняться собственным и делами. Ты не <p>могли</p><f>могла</f><m>мог</m><n>могло</n> бы найти место для моих вещей?	While it's lovely living here, I do need a space to indulge my own interests now and again. Would you mind making a place for my things?
Conversations/Bank/Valen/Relationship Lines/Marriage/marriage_daily_dialogue/domestic_flavor_4/2	I don't suppose you expect me to move my study back into the Clinic's root cellar, do you?	J'espère que tu ne t'attends pas à ce que je poursuive mes recherches dans le vieux sous-sol de la clinique, hein ?	Ты же не хочешь, чтобы я перенесла свой кабинет назад в подвал клиники?	I don't suppose you expect me to move my study back into the Clinic's root cellar, do you?
Conversations/Bank/Valen/Relationship Lines/Marriage/marriage_daily_dialogue/domestic_flavor_4/init	[Ari]...	[Ari]...	[Ari]...	[Ari]...
Conversations/Bank/Valen/Relationship Lines/Marriage/marriage_daily_dialogue/dreams_0/1	So why do I still have dreams about arriving late to class and forgetting to study for a test?	Alors comment se fait-il que je rêve encore que j'arrive en retard aux cours ou que j'oublie d'étudier pour un examen ?	Так почему же меня до сих пор преследуют сны о том, как я опаздываю или забываю подготовиться к экзамену?	So why do I still have dreams about arriving late to class and forgetting to study for a test?
Conversations/Bank/Valen/Relationship Lines/Marriage/marriage_daily_dialogue/dreams_0/2	It's embarrassing, really.	C'est vraiment très embarrassant.	Об этом даже рассказывать неудобно.	It's embarrassing, really.
Conversations/Bank/Valen/Relationship Lines/Marriage/marriage_daily_dialogue/dreams_0/init	I haven't been a student in years...	Cela fait des années que j'ai fini mes études...	Много лет прошло с тех пор, как я была студенткой...	I haven't been a student in years...
Conversations/Bank/Valen/Relationship Lines/Marriage/marriage_daily_dialogue/evening_0/1	Would you care to join me?	Cela te dirait de te joindre à moi ?	Составишь мне компанию?	Would you care to join me?
Conversations/Bank/Valen/Relationship Lines/Marriage/marriage_daily_dialogue/evening_0/init	[Ari], there you are. I was thinking of getting ready for bed soon.	[Ari], te voilà. Je comptais aller me coucher bientôt.	[Ari], вот ты где. Я собираюсь скоро пойти спать.	[Ari], there you are. I was thinking of getting ready for bed soon.
Conversations/Bank/Valen/Relationship Lines/Marriage/marriage_daily_dialogue/evening_1/1	I suppose I could extend my office hours, if you feel yourself in need of a proper examination?	Je suppose que je peux reprendre du service et que je t'ausculte de près.	Впрочем, я могу продлить приёмные часы, если тебе необходим осмотр.	I suppose I could extend my office hours, if you feel yourself in need of a proper examination?
Conversations/Bank/Valen/Relationship Lines/Marriage/marriage_daily_dialogue/evening_1/init	[Ari], welcome home. I hope you weren't too rough on your body today...	[Ari], bienvenue à la maison. J'espère que tu as pris soin de toi, aujourd'hui...	С возвращением, [Ari]. Надеюсь, ты не слишком <p>утруждали</p><f>утруждала</f><m>утруждал</m><n>утруждало</n> своё тело сегодня...	[Ari], welcome home. I hope you weren't too rough on your body today...
Conversations/Bank/Valen/Relationship Lines/Marriage/marriage_daily_dialogue/evening_2/1	And if it was uneventful, feel free to add as many outlandish embellishments as you'd like.	Et même s'il ne s'est pas passé grand-chose, n'hésite pas à inventer autant de détails extravagants que tu veux.	А если день небогат на события, можешь приукрасить самыми невероятными подробностями.	And if it was uneventful, feel free to add as many outlandish embellishments as you'd like.
Conversations/Bank/Valen/Relationship Lines/Marriage/marriage_daily_dialogue/evening_2/2	I always enjoy a good yarn.	J'aime bien qu'on enjolive les histoires.	Я люблю нелепые россказни.	I always enjoy a good yarn.
Conversations/Bank/Valen/Relationship Lines/Marriage/marriage_daily_dialogue/evening_2/init	How has your day been? Come on, I'll make some tea and you can tell me all about it.	Comment s'est passée ta journée ? Je vais préparer du thé, tu pourras tout me raconter.	Как прошёл твой день? Давай я заварю чай, и ты мне всё расскажешь.	How has your day been? Come on, I'll make some tea and you can tell me all about it.
Conversations/Bank/Valen/Relationship Lines/Marriage/marriage_daily_dialogue/evening_3/1	It's a dream to have you and our wonderful home to return to...	C'est un rêve de savoir que je vous retrouverai, toi et notre doux foyer, chaque soir...	Возвращаться домой и видеть там тебя — это лучшее чувство на свете...	It's a dream to have you and our wonderful home to return to...
Conversations/Bank/Valen/Relationship Lines/Marriage/marriage_daily_dialogue/evening_3/2	Thank you for sharing this with me, [Ari]. I adore you.	Merci de partager ça avec moi, [Ari]. Je t'aime tellement.	Спасибо, что <p>открыли</p><f>открыла</f><m>открыл</m><n>открыло</n> его для меня, [Ari]. Я тебя обожаю.	Thank you for sharing this with me, [Ari]. I adore you.
Conversations/Bank/Valen/Relationship Lines/Marriage/marriage_daily_dialogue/evening_3/init	I was thinking about you all day.	J'ai pensé à toi toute la journée.	Я весь день про тебя думала.	I was thinking about you all day.
Conversations/Bank/Valen/Relationship Lines/Marriage/marriage_daily_dialogue/fall_evening_0/1	But I'm relieved that you always seem healthy as a horse.	En revanche, je suis soulagée de constater que tu as toujours une santé de fer.	Меня успокаивает, что ты, кажется, всегда <p>здоровы</p><f>здорова</f><m>здоров</m><n>здорово</n> как бык.	But I'm relieved that you always seem healthy as a horse.
Conversations/Bank/Valen/Relationship Lines/Marriage/marriage_daily_dialogue/fall_evening_0/2	In fact, now that I'm living on a farm, I can confidently say you're healthier than most horses.	D'ailleurs, maintenant que je vois ta vie au quotidien, je peux même affirmer que tu as une santé de « ferme » !	Поскольку я живу на ферме, теперь я могу ответственно заявить, что ты даже здоровее многих быков.	In fact, now that I'm living on a farm, I can confidently say you're healthier than most horses.
Conversations/Bank/Valen/Relationship Lines/Marriage/marriage_daily_dialogue/fall_evening_0/init	I always get a bit anxious when the flu season comes around...	Lorsque la saison de la grippe arrive, je me sens angoissée.	Когда начинается простудный сезон, я всегда начинаю нервничать...	I always get a bit anxious when the flu season comes around...
Conversations/Bank/Valen/Relationship Lines/Marriage/marriage_daily_dialogue/fall_evening_1/1	Would you like to join me? I'll read one to you, and we can be melancholy together.	Ça te dit ? Je t'en lirai une pendant que tu me serreras dans tes bras, comme ça, nous partagerons ensemble cette mélancolie.	Хочешь составить мне компанию? Я почитаю тебе вслух, а ты будешь меня обнимать. Предадимся печали вместе.	Would you like to join me? I'll read one to you, and we can be melancholy together.
Conversations/Bank/Valen/Relationship Lines/Marriage/marriage_daily_dialogue/fall_evening_1/init	In honor of the season, I've borrowed a collection of ghost stories from Elsie. She's assured me they're all terribly melancholy.	Puisque c'est de saison, j'ai emprunté un recueil d'histoires de fantômes à Elsie. Elle m'a assuré qu'elles étaient toutes très mélancoliques.	Под стать сезону, я одолжила у Элси сборник рассказов о привидениях. Она уверяет, что они все ужасно печальные.	In honor of the season, I've borrowed a collection of ghost stories from Elsie. She's assured me they're all terribly melancholy.
Conversations/Bank/Valen/Relationship Lines/Marriage/marriage_daily_dialogue/fall_morning_0/1	But the wellbeing of the town calls.	Mais le bien-être des gens de la ville m'appelle.	Но мой долг — следить за здоровьем горожан.	But the wellbeing of the town calls.
Conversations/Bank/Valen/Relationship Lines/Marriage/marriage_daily_dialogue/fall_morning_0/2	I'd better head off to the Clinic soon.	Profite au mieux de ta journée, [Ari].	Хорошего дня, [Ari].	I'd better head off to the Clinic soon.
Conversations/Bank/Valen/Relationship Lines/Marriage/marriage_daily_dialogue/fall_morning_0/init	I do wish I could stay here and enjoy the autumn colors with you...	J'aimerais pouvoir rester à la ferme pour que nous profitions ensemble des couleurs automnales...	Я бы очень хотела остаться на ферме и вместе с тобой любоваться красками осени...	I do wish I could stay here and enjoy the autumn colors with you...
Conversations/Bank/Valen/Relationship Lines/Marriage/marriage_daily_dialogue/fall_morning_1/1	I do hope you'll join me. We'll be celebrating every day.	J'espère que tu te joindras à moi. Nous célébrerons chaque jour comme il se doit.	Я надеюсь, ты разделишь его со мной. Будем праздновать каждый день.	I do hope you'll join me. We'll be celebrating every day.
Conversations/Bank/Valen/Relationship Lines/Marriage/marriage_daily_dialogue/fall_morning_1/init	Finally, we've come to my favorite time of year... the season of hot drinks.	Voilà enfin la période de l'année que je préfère : la saison des boissons chaudes.	Наконец-то наступило моё любимое время года... Сезон горячих напитков.	Finally, we've come to my favorite time of year... the season of hot drinks.
Conversations/Bank/Valen/Relationship Lines/Marriage/marriage_daily_dialogue/morning_0/1	But waking up next to you does make me reconsider.	Toutefois, quand je me réveille à tes côtés, c'est une autre histoire.	Но когда я просыпаюсь рядом с тобой, начинаю сомневаться.	But waking up next to you does make me reconsider.
Conversations/Bank/Valen/Relationship Lines/Marriage/marriage_daily_dialogue/morning_0/2	Lounging in bed with you is vastly preferable to an early start.	Traîner au lit avec toi est bien plus agréable que de commencer ma journée de bonne heure.	Поваляться вместе кровати гораздо приятнее, чем с утра браться за работу.	Lounging in bed with you is vastly preferable to an early start.
Conversations/Bank/Valen/Relationship Lines/Marriage/marriage_daily_dialogue/morning_0/init	I normally consider myself an early riser...	Je suis plutôt habituée à me lever tôt.	Обычно я считаю себя жаворонком...	I normally consider myself an early riser...
Conversations/Bank/Valen/Relationship Lines/Marriage/marriage_daily_dialogue/morning_1/1	If not... why don't we make a pot of =Coffee=? I picked up a new blend recently.	Et si ce n'est pas le cas, que dirais-tu d'un bon =café= ? J'ai acheté un nouveau mélange, il n'y a pas longtemps.	Если нет, то... почему бы нам не заварить =кофе= на двоих? Я недавно купила новую смесь.	If not... why don't we make a pot of =Coffee=? I picked up a new blend recently.
Conversations/Bank/Valen/Relationship Lines/Marriage/marriage_daily_dialogue/morning_1/init	Good morning, dearest. I do hope you slept well.	Bonjour, mon amour. J'espère que tu as bien dormi.	Доброе утро, <p>мои дорогие</p><f>моя дорогая</f><m>мой дорогой</m><n>моё дорогое</n>. Тебе хорошо спалось?	Good morning, dearest. I do hope you slept well.
Conversations/Bank/Valen/Relationship Lines/Marriage/marriage_daily_dialogue/rainy_evening_0/1	Somehow, the sound of the rain is even more peaceful here on the farm.	Et le bruit de la pluie est encore plus paisible ici, à la ferme.	Почему-то шум дождя у нам на ферме ещё более успокаивает.	Somehow, the sound of the rain is even more peaceful here on the farm.
Conversations/Bank/Valen/Relationship Lines/Marriage/marriage_daily_dialogue/rainy_evening_0/init	I do always love a quiet rainy day.	J'aime le calme des journées pluvieuses.	Мне нравятся тихие дождливые дни.	I do always love a quiet rainy day.
Conversations/Bank/Valen/Relationship Lines/Marriage/marriage_daily_dialogue/rainy_morning_0/1	The farm looks enchanting, doesn't it? It's like something out of a storybook.	La ferme a un côté enchanteur, n'est-ce pas ? Elle semble tout droit sortie d'un conte.	Ферма выглядит просто завораживающе. Будто в сказке, правда?	The farm looks enchanting, doesn't it? It's like something out of a storybook.
Conversations/Bank/Valen/Relationship Lines/Marriage/marriage_daily_dialogue/rainy_morning_0/init	It's been raining all morning.	Il a plu toute la matinée.	Дождь льёт всё утро.	It's been raining all morning.
Conversations/Bank/Valen/Relationship Lines/Marriage/marriage_daily_dialogue/sleepy_0/1	I'm waiting for the =Coffee= to wake me up.	J'attends que le =café= fasse effet.	Теперь я жду, когда подействует =кофе=.	I'm waiting for the =Coffee= to wake me up.
Conversations/Bank/Valen/Relationship Lines/Marriage/marriage_daily_dialogue/sleepy_0/2	Though... perhaps a kiss would help more.	Même si un baiser serait plus efficace.	Хотя... Возможно, поцелуй мне больше поможет?	Though... perhaps a kiss would help more.
Conversations/Bank/Valen/Relationship Lines/Marriage/marriage_daily_dialogue/sleepy_0/init	It was too difficult getting out of bed this morning...	J'ai eu beaucoup de mal à sortir du lit, ce matin...	Сегодня утром вылезать из постели особенно трудно...	It was too difficult getting out of bed this morning...
Conversations/Bank/Valen/Relationship Lines/Marriage/marriage_daily_dialogue/snowy_evening_0/1	Let's make some warm drinks and watch it come down together.	Préparons des boissons chaudes et regardons-la tomber ensemble.	Давай выпьем чего-нибудь горяченького и будем смотреть на снегопад.	Let's make some warm drinks and watch it come down together.
Conversations/Bank/Valen/Relationship Lines/Marriage/marriage_daily_dialogue/snowy_evening_0/init	How is the snow looking outside?	Est-ce qu'il neige, dehors ?	Как там снег на улице?	How is the snow looking outside?
Conversations/Bank/Valen/Relationship Lines/Marriage/marriage_daily_dialogue/snowy_morning_0/1	I could never see such pristine snow while living over the Clinic. By closing time, it would mostly be trampled.	Quand je vivais à la clinique, je voyais rarement un manteau de neige aussi immaculée. À l'heure où je sortais, tout avait déjà été piétiné.	Когда я жила возле клиники, я никогда не видела такого чистого снега. К концу дня он обычно весь истоптан.	I could never see such pristine snow while living over the Clinic. By closing time, it would mostly be trampled.
Conversations/Bank/Valen/Relationship Lines/Marriage/marriage_daily_dialogue/snowy_morning_0/2	It's wonderful to share this with you.	C'est merveilleux de pouvoir partager ça avec toi.	Любоваться этим видом вместе с тобой — замечательное чувство.	It's wonderful to share this with you.
Conversations/Bank/Valen/Relationship Lines/Marriage/marriage_daily_dialogue/snowy_morning_0/init	The snowfall is rather beautiful, isn't it?	C'est très beau de regarder la neige tomber, hein ?	Какой красивый снегопад, правда?	The snowfall is rather beautiful, isn't it?
Conversations/Bank/Valen/Relationship Lines/Marriage/marriage_daily_dialogue/spouse_plans_0/1	If you'd like to stop by later... I wouldn't be against it.	Si tu veux passer me voir, je n'ai rien contre.	Если хочешь, можешь сегодня зайти... Я буду не против.	If you'd like to stop by later... I wouldn't be against it.
Conversations/Bank/Valen/Relationship Lines/Marriage/marriage_daily_dialogue/spouse_plans_0/init	Look at the time... I'll be off to the Clinic soon.	Regarde l'heure qu'il est ! Je vais devoir aller à la clinique.	Мне пора идти... Скоро надо открывать клинику.	Look at the time... I'll be off to the Clinic soon.
Conversations/Bank/Valen/Relationship Lines/Marriage/marriage_daily_dialogue/spring_evening_0/1	Why don't we get under the blankets, and you can tell me all about your day.	Et si nous nous installions confortablement sous la couverture pour que tu me racontes ta journée ?	Может, заберёмся под одеяло? Расскажешь, как прошёл твой день.	Why don't we get under the blankets, and you can tell me all about your day.
Conversations/Bank/Valen/Relationship Lines/Marriage/marriage_daily_dialogue/spring_evening_0/init	The evenings still have a wintery chill, don't they?	On sent encore un peu la fraîcheur de l'hiver, hein ?	По вечерам ещё держится зимний мороз.	The evenings still have a wintery chill, don't they?
Conversations/Bank/Valen/Relationship Lines/Marriage/marriage_daily_dialogue/spring_evening_1/1	Josephine insisted I borrow her collection. Would you like me to read you something tonight?	Joséphine a insisté pour que j'emprunte un de ses recueils. Tu aimerais que je te lise un poème au lit, ce soir ?	Джозефина одолжила мне свой сборник. Хочешь, я прочитаю тебе что-нибудь оттуда, пока мы лежим?	Josephine insisted I borrow her collection. Would you like me to read you something tonight?
Conversations/Bank/Valen/Relationship Lines/Marriage/marriage_daily_dialogue/spring_evening_1/init	Spring calls for poetry, doesn't it? Or so they say.	Le printemps est propice à la poésie, n'est-ce pas ? C'est en tout cas ce qu'on dit.	Весна — время поэтов, правда? По-моему, так говорят.	Spring calls for poetry, doesn't it? Or so they say.
Conversations/Bank/Valen/Relationship Lines/Marriage/marriage_daily_dialogue/spring_morning_0/1	However...	Cependant...	Есть одно «но».	However...
Conversations/Bank/Valen/Relationship Lines/Marriage/marriage_daily_dialogue/spring_morning_0/2	It's difficult to find peace when half the town comes into the Clinic with hayfever.	C'est difficile d'avoir la paix quand la moitié de la ville vient à la clinique avec un rhume des foins.	Когда полгорода приходит в клинику с аллергией, трудно бывает расслабиться.	It's difficult to find peace when half the town comes into the Clinic with hayfever.
Conversations/Bank/Valen/Relationship Lines/Marriage/marriage_daily_dialogue/spring_morning_0/3	It's what I signed up for, I suppose.	Enfin, c'est ce pour quoi j'ai signé, j'imagine.	Впрочем, я знала, на что иду.	It's what I signed up for, I suppose.
Conversations/Bank/Valen/Relationship Lines/Marriage/marriage_daily_dialogue/spring_morning_0/init	I do enjoy spring...	J'aime le printemps.	Мне нравится весна, но...	I do enjoy spring...
Conversations/Bank/Valen/Relationship Lines/Marriage/marriage_daily_dialogue/spring_morning_1/1	Tell me if any of the cows have trouble. I know how to manage a challenging birth.	Si jamais une vache a du mal à vêler, préviens-moi. J'ai eu mon lot de naissances compliquées à gérer.	Скажи, если с ними будут проблемы. Я знаю, как принимать трудные роды.	Tell me if any of the cows have trouble. I know how to manage a challenging birth.
Conversations/Bank/Valen/Relationship Lines/Marriage/marriage_daily_dialogue/spring_morning_1/2	The benefits of marrying a doctor.	Se marier avec un médecin a ses avantages.	Хорошо, когда жена доктор, да?	The benefits of marrying a doctor.
Conversations/Bank/Valen/Relationship Lines/Marriage/marriage_daily_dialogue/spring_morning_1/init	Spring is calving season, isn't it?	C'est au printemps que les veaux viennent au monde, non ?	Коровы обычно телятся весной, да ведь?	Spring is calving season, isn't it?
Conversations/Bank/Valen/Relationship Lines/Marriage/marriage_daily_dialogue/summer_evening_0/1	Obviously, this is an emergency. Time to break out the breezy linen sheets.	Cependant, c'est un cas d'urgence. Il est temps de sortir les draps en lin très légers.	Очевидно, это экстренный случай. Пора доставать самые лёгкие простыни.	Obviously, this is an emergency. Time to break out the breezy linen sheets.
Conversations/Bank/Valen/Relationship Lines/Marriage/marriage_daily_dialogue/summer_evening_0/init	I like when we get to relax in bed in the evening, but this summer heat...	J'aimerais pouvoir te serrer dans mes bras, au lit, mais quelle chaleur !	Я бы хотела лечь в постель и обнять тебя покрепче, но в такую жару...	I like when we get to relax in bed in the evening, but this summer heat...
Conversations/Bank/Valen/Relationship Lines/Marriage/marriage_daily_dialogue/summer_evening_1/1	I do appreciate that cool summer breeze after a long hot day.	J'aime cette petite brise un peu fraîche après une longue journée d'été.	Люблю прохладный ветерок после долгого дня на жаре.	I do appreciate that cool summer breeze after a long hot day.
Conversations/Bank/Valen/Relationship Lines/Marriage/marriage_daily_dialogue/summer_evening_1/init	It's so lovely on the farm after the sun sets...	La ferme est si agréable après le coucher du soleil...	Как хорошо на ферме, когда зайдёт солнце...	It's so lovely on the farm after the sun sets...
Conversations/Bank/Valen/Relationship Lines/Marriage/marriage_daily_dialogue/summer_morning_0/1	Hm...	Mmm...	Хм...	Hm...
Conversations/Bank/Valen/Relationship Lines/Marriage/marriage_daily_dialogue/summer_morning_0/2	I hope fewer people will come in to the Clinic overheated today.	J'espère que personne ne viendra à la clinique avec une insolation, aujourd'hui.	Надеюсь, сегодня ко мне никто не пожалует с солнечным ударом.	I hope fewer people will come in to the Clinic overheated today.
Conversations/Bank/Valen/Relationship Lines/Marriage/marriage_daily_dialogue/summer_morning_0/init	Another beautiful summer morning.	Encore une belle matinée estivale.	Прекрасное летнее утро.	Another beautiful summer morning.
Conversations/Bank/Valen/Relationship Lines/Marriage/marriage_daily_dialogue/summer_morning_1/1	Quickly, [Ari]... give me a kiss before the lethargy sets in.	Vite, [Ari] ! Embrasse-moi avant que la torpeur ne nous envahisse.	Скорее, [Ari]... поцелуй меня, пока я не впала в апатию от жары.	Quickly, [Ari]... give me a kiss before the lethargy sets in.
Conversations/Bank/Valen/Relationship Lines/Marriage/marriage_daily_dialogue/summer_morning_1/init	Oh, the weather is already heating up.	Oh, la température commence déjà à monter...	Ох, воздух уже начал прогреваться.	Oh, the weather is already heating up.
Conversations/Bank/Valen/Relationship Lines/Marriage/marriage_daily_dialogue/winter_evening_0/1	Come here. Let's warm each other up.	Viens là, réchauffons-nous !	Иди сюда. Давай согреем друг друга.	Come here. Let's warm each other up.
Conversations/Bank/Valen/Relationship Lines/Marriage/marriage_daily_dialogue/winter_evening_0/init	The winter nights get so chilly now...	Les nuits d'hiver deviennent frisquettes...	Зимние ночи сейчас такие холодные...	The winter nights get so chilly now...
Conversations/Bank/Valen/Relationship Lines/Marriage/marriage_daily_dialogue/winter_evening_1/1	Quiet like this used to be a bit daunting.	Avant, un tel silence m'angoissait.	Раньше мне от такой тишины становилось жутко.	Quiet like this used to be a bit daunting.
Conversations/Bank/Valen/Relationship Lines/Marriage/marriage_daily_dialogue/winter_evening_1/2	But out here on the farm, with you... it all feels rather tranquil.	Mais ici, à la ferme avec toi, je trouve cela apaisant.	А здесь с тобой, на ферме... Я чувствую умиротворение.	But out here on the farm, with you... it all feels rather tranquil.
Conversations/Bank/Valen/Relationship Lines/Marriage/marriage_daily_dialogue/winter_evening_1/init	Nights are so quiet in the winter...	Les nuits sont si calmes, l'hiver...	Зимой по ночам так тихо...	Nights are so quiet in the winter...
Conversations/Bank/Valen/Relationship Lines/Marriage/marriage_daily_dialogue/winter_morning_0/1	Especially considering my charming company.	Surtout parce que je suis en si charmante compagnie.	Тем более в такой очаровательной компании.	Especially considering my charming company.
Conversations/Bank/Valen/Relationship Lines/Marriage/marriage_daily_dialogue/winter_morning_0/init	The cold weather does make it especially difficult to get out of bed...	Il est particulièrement difficile de sortir du lit, par ce temps glacial...	В холодную погоду особенно трудно вылезать из постели...	The cold weather does make it especially difficult to get out of bed...
Conversations/Bank/Valen/Relationship Lines/Marriage/marriage_daily_dialogue/winter_morning_1/1	If anything's amiss, come visit me at the Clinic. Whatever you need, I'll take care of you.	Si jamais tu ne te sens pas bien, passe me voir à la clinique. Quoi qu'il puisse t'arriver, je m'occuperai bien de toi.	Если почувствуешь себя неважно, заходи ко мне в клинику. Я дам тебе всё, что нужно.	If anything's amiss, come visit me at the Clinic. Whatever you need, I'll take care of you.
Conversations/Bank/Valen/Relationship Lines/Marriage/marriage_daily_dialogue/winter_morning_1/init	It looks chilly out there. Are you bundled properly for the day?	Il a l'air de faire froid, dehors. Tu es suffisamment couvert<he></he><she>e</she><they>·e</they> pour la journée ?	На дворе мороз. Ты хорошо <p>укутались</p><f>укуталась</f><m>укутался</m><n>укуталось</n> на сегодня?	It looks chilly out there. Are you bundled properly for the day?
Conversations/Bank/Valen/Relationship Lines/Marriage/marriage_daily_dialogue/workstation_0/1	Keeping patient files up-to-date is one of the most important parts of clinic work... unfortunately, it's also the most tedious.	Tenir les dossiers médicaux des patients à jour représente une part très importante de mon travail à la clinique. C'est aussi l'une des plus ennuyeuses.	Поддерживать актуальность медицинских карточек — одна из важнейших задач в работе клиники... И, у несчастью, одна из скучнейших.	Keeping patient files up-to-date is one of the most important parts of clinic work... unfortunately, it's also the most tedious.
Conversations/Bank/Valen/Relationship Lines/Marriage/marriage_daily_dialogue/workstation_0/init	Just getting caught up on my clinical notes.	Je suis en train de passer mes notes en revue.	Сижу дорабатываю медицинские журналы.	Just getting caught up on my clinical notes.
Conversations/Bank/Valen/Relationship Lines/Marriage/marriage_daily_dialogue/workstation_1/1	It's all terribly dry. I'll be done soon.	C'est terriblement fastidieux. J'aurai bientôt fini.	Ужасно строгий стиль письма. Я скоро закончу.	It's all terribly dry. I'll be done soon.
Conversations/Bank/Valen/Relationship Lines/Marriage/marriage_daily_dialogue/workstation_1/init	Ah, [Ari]. I'm writing to a colleague to ask after some clinical trial results.	Ah, [Ari]. J'écris à un collègue pour obtenir les résultats de certains essais cliniques.	А, [Ari]. Я сочиняю письмо коллеге. Хочу узнать результаты последних клинических испытаний.	Ah, [Ari]. I'm writing to a colleague to ask after some clinical trial results.
Conversations/Bank/Valen/Relationship Lines/Marriage/marriage_daily_dialogue/workstation_2/1	Don't worry, I'll persevere. But keep me in your thoughts, will you?	Ne t'en fais pas, je persévère. Mais pense à moi, d'accord ?	Не волнуйся, я справлюсь. Не забывай про меня, ладно?	Don't worry, I'll persevere. But keep me in your thoughts, will you?
Conversations/Bank/Valen/Relationship Lines/Marriage/marriage_daily_dialogue/workstation_2/init	The paperwork never ends, does it?	Je n'en finis jamais de toute cette paperasse !	Бумажная работа никогда не кончается.	The paperwork never ends, does it?
Conversations/Bank/Valen/Relationship Lines/Marriage/marriage_daily_dialogue/workstation_3/1	This one is a real pageturner, and they're about to reveal the killer's identity...	Ce livre me tient vraiment en haleine et ils sont sur le point de révéler l'identité de l'assassin...	Очень увлекательное чтиво. И вот-вот расскажут, кто убийца...	This one is a real pageturner, and they're about to reveal the killer's identity...
Conversations/Bank/Valen/Relationship Lines/Marriage/marriage_daily_dialogue/workstation_3/init	I'll be with you in a moment, [Ari]...	Donne-moi juste un moment, [Ari]...	Я скоро приду к тебе, [Ari]...	I'll be with you in a moment, [Ari]...
Conversations/Bank/Valen/Relationship Lines/Marriage/marriage_daily_dialogue/workstation_4/1	I'm trying to lose myself in the fiction of it all, but the prose keeps breaking my suspension of disbelief.	J'essaie de me concentrer sur l'histoire, mais ces erreurs m'empêchent de rentrer dans le récit.	Я хочу прочувствовать произведение как следует, но эти мелочи портят мне погружение.	I'm trying to lose myself in the fiction of it all, but the prose keeps breaking my suspension of disbelief.
Conversations/Bank/Valen/Relationship Lines/Marriage/marriage_daily_dialogue/workstation_4/2	For one, if someone were to transform into a werewolf, their knees would not bend backward. That is absurd... and also incorrect.	Déjà, si quelqu'un se transformait en loup-garou, ses genoux ne se plieraient pas à l'envers. C'est absurde et complètement faux.	К примеру, если человек превратится в оборотня, коленки не будут выгибаться назад. Это просто нелепо... И совершенно неправдоподобно.	For one, if someone were to transform into a werewolf, their knees would not bend backward. That is absurd... and also incorrect.
Conversations/Bank/Valen/Relationship Lines/Marriage/marriage_daily_dialogue/workstation_4/init	Is it gauche to write a publisher when a novel gets medical details wrong?	Ce serait maladroit d'écrire à un éditeur pour signaler que tous les passages médicaux sont faux dans son roman ?	Как ты считаешь, бестактно будет написать издателю, что автор ошибся в медицинских подробностях?	Is it gauche to write a publisher when a novel gets medical details wrong?
Conversations/Bank/Valen/Relationship Lines/Marriage/marriage_daily_dialogue/workstation_5/1	And they do put ideas in your head...	Et elles donnent plein d'idées...	После них в голову приходят всякие мысли...	And they do put ideas in your head...
Conversations/Bank/Valen/Relationship Lines/Marriage/marriage_daily_dialogue/workstation_5/init	I can't say that I'm fully aligned with Elsie's taste in romance books, but she certainly never reads anything dull.	Je dois admettre que je ne partage pas les goûts d'Elsie pour les romans à l'eau de rose, mais ses lectures n'ont jamais l'air soporifiques.	Не скажу, что я полностью разделяю вкус Элси в части романтических произведений. Но скучных вещей она определённо не читает.	I can't say that I'm fully aligned with Elsie's taste in romance books, but she certainly never reads anything dull.
Conversations/Bank/Valen/Relationship Lines/Marriage/marriage_daily_dialogue/workstation_6/1	They're fairly concentrated at this stage, and haven't been flavored yet.	À ce stage, ils sont encore très concentrés et n'ont pas été aromatisés.	На данном этапе они очень концентрированные и без вкусовых добавок.	They're fairly concentrated at this stage, and haven't been flavored yet.
Conversations/Bank/Valen/Relationship Lines/Marriage/marriage_daily_dialogue/workstation_6/2	So no sampling, unless you'd like an upset stomach.	Je ne t'y ferai pas goûter sauf si tu veux avoir mal à l'estomac.	Так что лучше не пробуй, не то заработаешь несварение желудка.	So no sampling, unless you'd like an upset stomach.
Conversations/Bank/Valen/Relationship Lines/Marriage/marriage_daily_dialogue/workstation_6/init	I'm in the middle of distilling a new batch of syrups to replenish the Clinic's inventory.	Je suis en train de distiller une nouvelle fournée de sirops pour refaire les réserves de la clinique.	Я занимаюсь очисткой новой партии сиропов, чтобы пополнить запасы в клинике.	I'm in the middle of distilling a new batch of syrups to replenish the Clinic's inventory.
Conversations/Bank/Valen/Relationship Lines/Marriage/marriage_daily_dialogue/workstation_7/1	But they're still poisonous. So do be careful around my station.	En revanche, elles n'en demeurent pas moins toxiques. Fais bien attention autour de mon plan de travail.	Но они всё ещё ядовиты. Так что будь <p>осторожны</p><f>осторожна</f><m>осторожен</m><n>осторожно</n>, когда ходишь у моего рабочего стола.	But they're still poisonous. So do be careful around my station.
Conversations/Bank/Valen/Relationship Lines/Marriage/marriage_daily_dialogue/workstation_7/init	Some toxins, given the correct preparation and dosage, can become powerful medicines.	Certaines toxines, si elles sont correctement préparées et bien dosées, peuvent faire des remèdes très efficaces.	Из некоторых токсинов при правильно обработке и дозировке можно сделать отличные лекарства.	Some toxins, given the correct preparation and dosage, can become powerful medicines.
Conversations/Bank/Valen/Relationship Lines/Marriage/marriage_daily_dialogue/workstation_8/1	Just distilling some water.	Je suis juste en train de distiller de l'eau.	Просто дистиллирую воду.	Just distilling some water.
Conversations/Bank/Valen/Relationship Lines/Marriage/marriage_daily_dialogue/workstation_8/2	Did you expect some mad science?	Tu t'attendais à des expériences scientifiques interdites ?	А что, думаешь, я безумный учёный?	Did you expect some mad science?
Conversations/Bank/Valen/Relationship Lines/Marriage/marriage_daily_dialogue/workstation_8/init	What am I doing, you ask?	Tu veux savoir ce que je fais ?	Хочешь знать, что я делаю?	What am I doing, you ask?
Conversations/Bank/Valen/Relationship Lines/Marriage/marriage_festival_mornings/animal_festival/1	I'm not one of the judges, but I'm certain our animals will take home a prize!			I'm not one of the judges, but I'm certain our animals will take home a prize!
Conversations/Bank/Valen/Relationship Lines/Marriage/marriage_festival_mornings/animal_festival/init	Good morning, [Ari]. Are you excited for the $Animal Festival$?			Good morning, [Ari]. Are you excited for the $Animal Festival$?
Conversations/Bank/Valen/Relationship Lines/Marriage/marriage_festival_mornings/harvest_festival/1	Once you've sampled all the delicacies at the feast, do find me...			Once you've sampled all the delicacies at the feast, do find me...
Conversations/Bank/Valen/Relationship Lines/Marriage/marriage_festival_mornings/harvest_festival/2	I'd love to join you for the dance.			I'd love to join you for the dance.
Conversations/Bank/Valen/Relationship Lines/Marriage/marriage_festival_mornings/harvest_festival/init	Good morning and happy $Harvest Festival$!			Good morning and happy $Harvest Festival$!
Conversations/Bank/Valen/Relationship Lines/Marriage/marriage_festival_mornings/shooting_star_festival/1	We can watch the stars from anywhere... but the Summit has the best view of all, don't you think?			We can watch the stars from anywhere... but the Summit has the best view of all, don't you think?
Conversations/Bank/Valen/Relationship Lines/Marriage/marriage_festival_mornings/shooting_star_festival/init	Good morning, [Ari]. Are you excited for tonight's $Shooting Star Festival$?			Good morning, [Ari]. Are you excited for tonight's $Shooting Star Festival$?
Conversations/Bank/Valen/Relationship Lines/Marriage/marriage_festival_mornings/spring_festival/1	I haven't had the time to pick any $Breath of Spring$ this year...			I haven't had the time to pick any $Breath of Spring$ this year...
Conversations/Bank/Valen/Relationship Lines/Marriage/marriage_festival_mornings/spring_festival/2	But I'll be cheering for you!			But I'll be cheering for you!
Conversations/Bank/Valen/Relationship Lines/Marriage/marriage_festival_mornings/spring_festival/init	Goodness, is it the $Spring Festival$ already? How time flies.			Goodness, is it the $Spring Festival$ already? How time flies.
Conversations/Bank/Valen/Relationship Lines/Marriage/marriage_market_mornings/market_darcy/1	Perhaps I'll stop by Darcy's booth and ask her to make me another devious espresso creation.			Perhaps I'll stop by Darcy's booth and ask her to make me another devious espresso creation.
Conversations/Bank/Valen/Relationship Lines/Marriage/marriage_market_mornings/market_darcy/init	Ah, wonderful. It's the Saturday Market again.			Ah, wonderful. It's the Saturday Market again.
Conversations/Bank/Valen/Relationship Lines/Marriage/marriage_market_mornings/market_louis/1	I'm excited to see what Louis has devised since I saw him last. He does use lovely materials			I'm excited to see what Louis has devised since I saw him last. He does use lovely materials
Conversations/Bank/Valen/Relationship Lines/Marriage/marriage_market_mornings/market_louis/init	Good morning, [Ari]. Are you looking forward to the Saturday Market?			Good morning, [Ari]. Are you looking forward to the Saturday Market?
Conversations/Bank/Valen/Relationship Lines/Marriage/marriage_market_mornings/market_merri/1	I'm curious to stop by Merri's shop... she always has the least expected antiques. It's fun to window shop.			I'm curious to stop by Merri's shop... she always has the least expected antiques. It's fun to window shop.
Conversations/Bank/Valen/Relationship Lines/Marriage/marriage_market_mornings/market_merri/init	The Saturday Market is here again. Are you thinking of stopping by?			The Saturday Market is here again. Are you thinking of stopping by?
Conversations/Bank/Valen/Relationship Lines/Marriage/marriage_market_mornings/market_stillwell/1	Are you thinking of going to the Saturday Market today? If you do, would you mind checking in on Stillwell for me?			Are you thinking of going to the Saturday Market today? If you do, would you mind checking in on Stillwell for me?
Conversations/Bank/Valen/Relationship Lines/Marriage/marriage_market_mornings/market_stillwell/2	I know his type... he probably hasn't seen a doctor in ages.			I know his type... he probably hasn't seen a doctor in ages.
Conversations/Bank/Valen/Relationship Lines/Marriage/marriage_market_mornings/market_stillwell/init	[Ari], good morning.			[Ari], good morning.
Conversations/Bank/Valen/Relationship Lines/Marriage/marriage_market_mornings/market_taliferro/1	I feel obligated to make sure that fellow is regulating his stress properly.			I feel obligated to make sure that fellow is regulating his stress properly.
Conversations/Bank/Valen/Relationship Lines/Marriage/marriage_market_mornings/market_taliferro/init	I'm thinking about wandering around the Saturday Market today, perhaps to stop by Taliferro's booth.			I'm thinking about wandering around the Saturday Market today, perhaps to stop by Taliferro's booth.
Conversations/Bank/Valen/Relationship Lines/Marriage/marriage_market_mornings/market_vera/1	I was thinking about getting a trim at Vera's today.			I was thinking about getting a trim at Vera's today.
Conversations/Bank/Valen/Relationship Lines/Marriage/marriage_market_mornings/market_vera/init	It's Saturday again... are you planning on going to the Market?			It's Saturday again... are you planning on going to the Market?
Conversations/Bank/Valen/Relationship Lines/Marriage/marriage_market_mornings/market_wheedle/1	I know it's the Saturday Market, but I do hope you're not planning on going to Wheedle's booth.			I know it's the Saturday Market, but I do hope you're not planning on going to Wheedle's booth.
Conversations/Bank/Valen/Relationship Lines/Marriage/marriage_market_mornings/market_wheedle/2	His wares seem to be of decent quality, but I can't say the same of the man himself.			His wares seem to be of decent quality, but I can't say the same of the man himself.
Conversations/Bank/Valen/Relationship Lines/Marriage/marriage_market_mornings/market_wheedle/init	Ah, good morning, [Ari].			Ah, good morning, [Ari].
Conversations/Bank/Valen/Relationship Lines/Marriage/marriage_market_mornings/market_zorel/1	If you happen to stop by the Market, I wouldn't mind something new from Zorel...			If you happen to stop by the Market, I wouldn't mind something new from Zorel...
Conversations/Bank/Valen/Relationship Lines/Marriage/marriage_market_mornings/market_zorel/2	Listening to music at home is always relaxing.			Listening to music at home is always relaxing.
Conversations/Bank/Valen/Relationship Lines/Marriage/marriage_market_mornings/market_zorel/init	Ah, good morning.			Ah, good morning.
Conversations/Bank/Valen/Relationship Lines/Marriage/post_wedding_lines/marriage_0/1	I've called Mistria home my entire life, and never had a strong desire to leave. Even when I went to university, I knew I would return.	Je me suis toujours sentie chez moi, à Mistria. Je n'ai jamais eu envie d'en partir. Même quand je suis allée à l'université, je savais que je reviendrais.	Я всю жизнь называла Мистрию своим домом и никогда не хотела уезжать. Даже когда я поступила в университет, я знала, что вернусь сюда.	I've called Mistria home my entire life, and never had a strong desire to leave. Even when I went to university, I knew I would return.
Conversations/Bank/Valen/Relationship Lines/Marriage/post_wedding_lines/marriage_0/10	Ah. I was hoping there was a chance you would have forgiven me for that incident. You did marry me, after all.	Ah, j'espérais que tu m'avais pardonné ce malheureux incident. Après tout, tu m'as épousée.	Эх. Я надеялась, что ты <p>успели</p><f>успела</f><m>успел</m><n>успело</n> простить мне тот неприятный случай. Всё-таки мы теперь супруги.	Ah. I was hoping there was a chance you would have forgiven me for that incident. You did marry me, after all.
Conversations/Bank/Valen/Relationship Lines/Marriage/post_wedding_lines/marriage_0/11	I promise I will neither poison you nor drop any large stones on your head.	Je te promets que je ne t'empoisonnerai pas et qu'aucune grosse pierre ne te tombera sur la tête.	Я обещаю не травить тебя и не сбрасывать на голову огромных камней.	I promise I will neither poison you nor drop any large stones on your head.
Conversations/Bank/Valen/Relationship Lines/Marriage/post_wedding_lines/marriage_0/12	And if I find you either poisoned or concussed, I also promise to nurse you back to perfect health.	Et en cas d'empoisonnement ou de traumatisme crânien, je te jure également de m'occuper de toi et de te guérir.	А если обнаружу у тебя отравление или сотрясение, то обещаю тебя выходить.	And if I find you either poisoned or concussed, I also promise to nurse you back to perfect health.
Conversations/Bank/Valen/Relationship Lines/Marriage/post_wedding_lines/marriage_0/13	I love you, [Ari]. I'll make it my life's goal to spoil you rotten from now on.	Je t'aime, [Ari]. Le but de ma vie sera désormais de te combler.	Я люблю тебя, [Ari]. Отныне моя цель в жизни — лелеять тебя сверх всякой меры.	I love you, [Ari]. I'll make it my life's goal to spoil you rotten from now on.
Conversations/Bank/Valen/Relationship Lines/Marriage/post_wedding_lines/marriage_0/2	Then the earthquake happened, and it strengthened my resolve to stay even more. I was needed by the people who remained.	Puis il y a eu le tremblement de terre et cela n'a fait que renforcer ma volonté de rester. Les gens d'ici avaient besoin de moi.	А затем землетрясение ещё больше укрепило моё желание остаться. Во мне нуждались те, кто решил не уезжать.	Then the earthquake happened, and it strengthened my resolve to stay even more. I was needed by the people who remained.
Conversations/Bank/Valen/Relationship Lines/Marriage/post_wedding_lines/marriage_0/3	But I knew if I stayed here, I would likely never get married. I had no expectation that I could have hearth as well as home.	Mais je savais qu'en restant, je ne me marierais probablement jamais. Je ne pensais pas fonder un foyer ici.	Но я понимала, что, оставшись здесь, я вряд ли смогу вступить в брак. И отказалась от ожиданий семейного счастья.	But I knew if I stayed here, I would likely never get married. I had no expectation that I could have hearth as well as home.
Conversations/Bank/Valen/Relationship Lines/Marriage/post_wedding_lines/marriage_0/4	Then, a spring breeze delivered you to me.	Puis une douce brise printanière t'a alors porté<he></he><she>e</she><they>·e</they> jusqu'à moi.	И вот на крыльях весеннего ветра ко мне <p>явились</p><f>явилась</f><m>явился</m><n>явилось</n> ты.	Then, a spring breeze delivered you to me.
Conversations/Bank/Valen/Relationship Lines/Marriage/post_wedding_lines/marriage_0/5	I feel utterly spoiled that I get to share my life here with you.	Je me sens comblée de pouvoir partager ma vie ici, avec toi.	Провести жизнь здесь вместе с тобой — для меня это подарок судьбы.	I feel utterly spoiled that I get to share my life here with you.
Conversations/Bank/Valen/Relationship Lines/Marriage/post_wedding_lines/marriage_0/5/prompts/0	Together, we can have it all!	Ensemble, nous ne manquerons de rien !	Давай возьмём от жизни всё!	Together, we can have it all!
Conversations/Bank/Valen/Relationship Lines/Marriage/post_wedding_lines/marriage_0/5/prompts/1	Just as long as there are no more perilous experiments!	En revanche, il n'y aura plus d'expériences dangereuses !	Только давай больше без смертельно опасных экспериментов!	Just as long as there are no more perilous experiments!
Conversations/Bank/Valen/Relationship Lines/Marriage/post_wedding_lines/marriage_0/6	We can, can't we?	C'est bien vrai, hein ?	И правда, вы ведь можем себе это позволить!	We can, can't we?
Conversations/Bank/Valen/Relationship Lines/Marriage/post_wedding_lines/marriage_0/7	I was taught to think of life as a series of compromises...	On m'a toujours appris à penser que la vie n'était faite que de compromis.	Меня учили, что жизнь — это череда компромиссов...	I was taught to think of life as a series of compromises...
Conversations/Bank/Valen/Relationship Lines/Marriage/post_wedding_lines/marriage_0/8	But in the end, all I needed was some patience and things worked out beautifully.	Mais finalement, il a juste fallu que je fasse preuve d'un peu de patience, et tout s'est déroulé à merveille.	Но в конце концов оказалось, что надо лишь запастись терпением, и всё сложится само собой.	But in the end, all I needed was some patience and things worked out beautifully.
Conversations/Bank/Valen/Relationship Lines/Marriage/post_wedding_lines/marriage_0/9	I love you, [Ari]. I'll make it my life's goal to spoil you rotten.	Je t'aime, [Ari]. Le but de ma vie sera désormais de te combler.	Я люблю тебя, [Ari]. Отныне моя цель в жизни — лелеять тебя сверх всякой меры.	I love you, [Ari]. I'll make it my life's goal to spoil you rotten.
Conversations/Bank/Valen/Relationship Lines/Marriage/post_wedding_lines/marriage_0/init	[Ari]...	[Ari]...	[Ari]...	[Ari]...
Conversations/Bank/Valen/Relationship Lines/Marriage/post_wedding_lines/marriage_1/1	But now look at it! What a transformation.	Mais regarde-la maintenant ! Quelle métamorphose !	А теперь она так преобразилась! Просто заглядение!	But now look at it! What a transformation.
Conversations/Bank/Valen/Relationship Lines/Marriage/post_wedding_lines/marriage_1/2	I'm not one for magical turns of phrase, but everything you touch does seem to turn to gold, [Ari].	Je ne suis pas du genre à employer des expressions fantasmagoriques, mais tout ce que tu touches se transforme en or, [Ari].	Я редко прибегаю к магическим оборотам, но кажется, всё, чего ты касаешься, превращается в золото, [Ari].	I'm not one for magical turns of phrase, but everything you touch does seem to turn to gold, [Ari].
Conversations/Bank/Valen/Relationship Lines/Marriage/post_wedding_lines/marriage_1/3	I suspect that you'll continue to change me for the better, too.	Je crois que, grâce à toi, je n'aurai de cesse de m'améliorer.	Вероятно, и я буду становиться лучше под твоим влиянием.	I suspect that you'll continue to change me for the better, too.
Conversations/Bank/Valen/Relationship Lines/Marriage/post_wedding_lines/marriage_1/init	In all my time living in Mistria, I was never able to explore this farmland. It was too overgrown with brambles to properly admire.	De toute ma vie à Mistria, je n'avais jamais exploré cette ferme. Elle était trop envahie par la végétation pour qu'on puisse en profiter.	За всё время, что я живу в Мистрии, мне не доводилось случая обследовать эту местность. Тут было слишком много зарослей, чтобы оценить её красоту.	In all my time living in Mistria, I was never able to explore this farmland. It was too overgrown with brambles to properly admire.
Conversations/Bank/Valen/Relationship Lines/Marriage/post_wedding_lines/marriage_2/1	You have a smudge on your face. Here, let me.	Tu as le visage taché. Là, laisse-moi...	У тебя что-то на лице. Дай-ка сюда.	You have a smudge on your face. Here, let me.
Conversations/Bank/Valen/Relationship Lines/Marriage/post_wedding_lines/marriage_2/2	...	...	...	...
Conversations/Bank/Valen/Relationship Lines/Marriage/post_wedding_lines/marriage_2/3	There. You look perfectly sparkling.	Voilà. Tu es parfaitement propre.	Вот так. Теперь можешь блистать.	There. You look perfectly sparkling.
Conversations/Bank/Valen/Relationship Lines/Marriage/post_wedding_lines/marriage_2/3/prompts/0	Are you flirting with me?	Tu es en train d'essayer de me séduire ?	Ты что, флиртуешь со мной?	Are you flirting with me?
Conversations/Bank/Valen/Relationship Lines/Marriage/post_wedding_lines/marriage_2/3/prompts/1	Are you angling for a kiss?	C'est un baiser que tu veux ?	Это заход на поцелуй?	Are you angling for a kiss?
Conversations/Bank/Valen/Relationship Lines/Marriage/post_wedding_lines/marriage_2/4	Certainly not.	Absolument pas.	Вовсе нет.	Certainly not.
Conversations/Bank/Valen/Relationship Lines/Marriage/post_wedding_lines/marriage_2/5	It's not in my nature to be coy. You'll know when I'm flirting with you.	Il n'est pas dans ma nature d'être faussement pudique. Si je veux te séduire, tu le sauras vite.	Иносказания не в моём вкусе. Ты заметишь, когда я буду флиртовать.	It's not in my nature to be coy. You'll know when I'm flirting with you.
Conversations/Bank/Valen/Relationship Lines/Marriage/post_wedding_lines/marriage_2/6	We are married. If I wish to flirt with you, I will be quite forward about it.	Nous sommes en couple. Si je veux te séduire, je n'irai pas par quatre chemins.	Мы же супруги. Если мне захочется с тобой пофлиртовать, я не стану этого скрывать.	We are married. If I wish to flirt with you, I will be quite forward about it.
Conversations/Bank/Valen/Relationship Lines/Marriage/post_wedding_lines/marriage_2/7	Certainly not.	Absolument pas.	Вовсе нет.	Certainly not.
Conversations/Bank/Valen/Relationship Lines/Marriage/post_wedding_lines/marriage_2/8	It's not in my nature to be coy. You'll know when I wish to kiss you.	Il n'est pas dans ma nature d'être faussement pudique. Si je cherche à t'embrasser, tu le sauras vite.	Иносказания не в моём вкусе. Ты заметишь, когда я захочу тебя поцеловать.	It's not in my nature to be coy. You'll know when I wish to kiss you.
Conversations/Bank/Valen/Relationship Lines/Marriage/post_wedding_lines/marriage_2/9	We are married. If I wish to kiss you, I will be quite forward about it.	Nous sommes en couple. Si je veux t'embrasser, je n'irai pas par quatre chemins.	Мы же супруги. Если мне захочется поцеловать тебя, я не стану этого скрывать.	We are married. If I wish to kiss you, I will be quite forward about it.
Conversations/Bank/Valen/Relationship Lines/Marriage/post_wedding_lines/marriage_2/init	[Ari], come here for a moment.	[Ari], approche, juste un instant.	[Ari], подойди на минутку.	[Ari], come here for a moment.
Conversations/Bank/Valen/Relationship Lines/Marriage/post_wedding_lines/marriage_3/1	And I do take great pride in my work. However...	Et mon travail me rend très fière. Toutefois...	И я горжусь тем, что делаю. И всё же...	And I do take great pride in my work. However...
Conversations/Bank/Valen/Relationship Lines/Marriage/post_wedding_lines/marriage_3/10	Or maybe, exactly as many as you'd expect.	Ou peut-être autant que ce que tu crois.	Хотя, возможно, ты как раз представляешь.	Or maybe, exactly as many as you'd expect.
Conversations/Bank/Valen/Relationship Lines/Marriage/post_wedding_lines/marriage_3/11	Unfortunately, I'm not much for invertebrate care.	Malheureusement, je ne suis pas experte dans les soins à prodiguer aux invertébrés.	Увы, я не специалист по уходу за беспозвоночными.	Unfortunately, I'm not much for invertebrate care.
Conversations/Bank/Valen/Relationship Lines/Marriage/post_wedding_lines/marriage_3/12	Perhaps I went into the wrong line of work?	Et si je m'étais trompée de carrière ?	Может, где-то в карьерном пути я свернула не туда?	Perhaps I went into the wrong line of work?
Conversations/Bank/Valen/Relationship Lines/Marriage/post_wedding_lines/marriage_3/2	"It's admittedly difficult when the children of the town bring me strange creatures to ""help."" Many of which do not in fact need any intervention."	Ça se complique quand les enfants de Mistria m'apportent toutes sortes de créatures pour les « aider » et qui, pour la plupart, n'ont besoin d'aucune intervention.	Должна признать, что мне приходится тяжко, когда дети приносят мне всяких тварей и просят помочь. Многим из них вовсе не требуется медицинское вмешательство.	"It's admittedly difficult when the children of the town bring me strange creatures to ""help."" Many of which do not in fact need any intervention."
Conversations/Bank/Valen/Relationship Lines/Marriage/post_wedding_lines/marriage_3/3	I can do basic care for some barnyard animals, but I can't do much for, say, frogs and insects.	Je peux prodiguer des soins basiques aux animaux de la ferme, mais mes compétences sont limitées quand il s'agit de grenouilles ou d'insectes.	Я могу оказать базовый уход за домашним скотом, но помочь лягушкам или, например, насекомым я бессильна.	I can do basic care for some barnyard animals, but I can't do much for, say, frogs and insects.
Conversations/Bank/Valen/Relationship Lines/Marriage/post_wedding_lines/marriage_3/3/prompts/0	The kids bring you frogs?	Les enfants t'apportent des grenouilles ?	Ребята приносят тебе лягушек?	The kids bring you frogs?
Conversations/Bank/Valen/Relationship Lines/Marriage/post_wedding_lines/marriage_3/3/prompts/1	The kids bring you bugs?	Les enfants t'apportent des insectes ?	Ребята приносят тебе жуков?	The kids bring you bugs?
Conversations/Bank/Valen/Relationship Lines/Marriage/post_wedding_lines/marriage_3/4	Yes, well.	Oui, ça arrive.	Ну да.	Yes, well.
Conversations/Bank/Valen/Relationship Lines/Marriage/post_wedding_lines/marriage_3/5	"Maple did recently bring me a frog that ""wasn't working properly."" "	Il n'y a pas longtemps, Maple m'a apporté une grenouille qui, selon elle, ne « fonctionnait pas bien ». 	Мэйпл недавно принесла лягушку, которая «не работает как надо».	"Maple did recently bring me a frog that ""wasn't working properly."" "
Conversations/Bank/Valen/Relationship Lines/Marriage/post_wedding_lines/marriage_3/6	Meaning, of course, it didn't magically turn her into a princess upon receiving a kiss.	Ce qui signifie, bien évidemment, qu'elle ne s'est pas transformée en princesse lorsque la grenouille l'a embrassée.	Имея в виду, конечно, что она не превратила её в принцессу при поцелуе.	Meaning, of course, it didn't magically turn her into a princess upon receiving a kiss.
Conversations/Bank/Valen/Relationship Lines/Marriage/post_wedding_lines/marriage_3/7	But don't worry. She wasn't much deterred.	Mais ne t'inquiète pas. Ça ne l'a pas découragée.	Но ты за неё не переживай. Мэйпл это едва ли остановило.	But don't worry. She wasn't much deterred.
Conversations/Bank/Valen/Relationship Lines/Marriage/post_wedding_lines/marriage_3/8	I assume she'll eventually gain her crown through more... clandestine means.	Je ne serais pas étonnée qu'elle obtienne sa couronne par des moyens un peu plus détournés.	Я предполагаю, что рано или поздно она доберётся до короны... не столь прямым путём.	I assume she'll eventually gain her crown through more... clandestine means.
Conversations/Bank/Valen/Relationship Lines/Marriage/post_wedding_lines/marriage_3/9	Hah! More than you'd expect.	Ha ! Plus que ce que tu crois.	Ха! Больше, чем ты можешь представить.	Hah! More than you'd expect.
Conversations/Bank/Valen/Relationship Lines/Marriage/post_wedding_lines/marriage_3/init	You know [Ari], I'd like to think I'm good at my job.	Tu sais, [Ari], j'aime à croire que je suis douée dans ce que je fais.	Знаешь, [Ari], мне нравится считать, что я хорошо делаю свою работу.	You know [Ari], I'd like to think I'm good at my job.
Conversations/Bank/Valen/Relationship Lines/Marriage/post_wedding_lines/marriage_4/1	They separated when I was fairly young, but kept a cordial relationship. Neither remarried.	Ils se sont séparés quand j'étais encore assez jeune, mais ils se sont toujours bien entendus. Aucun ne s'est jamais remarié.	Они разошлись, когда я была довольно маленькая, но поддерживали тёплые отношения. В повторный брак не вступали.	They separated when I was fairly young, but kept a cordial relationship. Neither remarried.
Conversations/Bank/Valen/Relationship Lines/Marriage/post_wedding_lines/marriage_4/2	I don't think romance was especially important to either of them. And I thought I could live my life that way, too...	Je crois qu'aucun des deux n'était vraiment intéressé par l'amour. Et je pensais moi aussi pouvoir vivre ainsi...	Мне кажется, их обоих не очень волновали сердечные дела. Я думала, что сама проживу такую же жизнь...	I don't think romance was especially important to either of them. And I thought I could live my life that way, too...
Conversations/Bank/Valen/Relationship Lines/Marriage/post_wedding_lines/marriage_4/3	But [Ari], meeting you... it became apparent that I do crave romance in my life. And passion.	Mais [Ari], quand je t'ai rencontré<she>e</she><he></he><they>·e</they>, l'évidence m'a sauté aux yeux. J'avais besoin d'amour dans ma vie. Et de passion.	Но когда встретила тебя, [Ari]... Мне стало ясно, что я жажду романтики. И страсти.	But [Ari], meeting you... it became apparent that I do crave romance in my life. And passion.
Conversations/Bank/Valen/Relationship Lines/Marriage/post_wedding_lines/marriage_4/4	Marrying you has been a rousing adventure.	Me marier avec toi est une aventure qui a éveillé tous mes sens.	Вступив в брак с тобой, я как будто начала вдохновляющее путешествие.	Marrying you has been a rousing adventure.
Conversations/Bank/Valen/Relationship Lines/Marriage/post_wedding_lines/marriage_4/init	Lately, I've been thinking back on my parents' marriage.	Ces derniers temps, je repense au mariage de mes parents.	В последнее время я часто вспоминаю про отношения моих родителей.	Lately, I've been thinking back on my parents' marriage.
Conversations/Bank/Valen/Relationship Lines/Marriage/post_wedding_lines/marriage_5/1	I hope it doesn't bother you when I use a beaker or flask as a drinking vessel.	J'espère que ça ne te dérange pas que j'utilise un bocal ou un tube à essai pour boire.	Ты не переживаешь, что я временами пью из колбы или пробирки?	I hope it doesn't bother you when I use a beaker or flask as a drinking vessel.
Conversations/Bank/Valen/Relationship Lines/Marriage/post_wedding_lines/marriage_5/2	Sometimes, when I am deep in my research and find myself parched, I simply reach for whatever is at hand.	Parfois, quand je suis plongée dans mes recherches et que j'ai soif, je prends juste le premier récipient qui me tombe sous la main.	Иногда я глубоко погружена в работу и не хочу отвлекаться. Поэтому беру первую ёмкость, что попадётся под руку...	Sometimes, when I am deep in my research and find myself parched, I simply reach for whatever is at hand.
Conversations/Bank/Valen/Relationship Lines/Marriage/post_wedding_lines/marriage_5/2/prompts/0	As long as you're not drinking chemicals...	Tant que tu ne bois pas de produits chimiques...	Главное, что ты не пьёшь свои химикаты...	As long as you're not drinking chemicals...
Conversations/Bank/Valen/Relationship Lines/Marriage/post_wedding_lines/marriage_5/2/prompts/1	It looks kind of fun...	Ça a l'air plutôt marrant...	Со стороны выглядит занимательно...	It looks kind of fun...
Conversations/Bank/Valen/Relationship Lines/Marriage/post_wedding_lines/marriage_5/3	Only the fun ones. Now that we're married, I can share with you.	Seulement ceux qui ont les effets les plus drôles. Maintenant que nous sommes ensemble, je peux te le dire.	Только самые весёлые. Мы женаты, так что больше незачем скрывать.	Only the fun ones. Now that we're married, I can share with you.
Conversations/Bank/Valen/Relationship Lines/Marriage/post_wedding_lines/marriage_5/4	Kidding, of course. I stick to water.	Je rigole, évidemment. Je me contente de boire de l'eau.	Шучу, шучу. Я пью только воду.	Kidding, of course. I stick to water.
Conversations/Bank/Valen/Relationship Lines/Marriage/post_wedding_lines/marriage_5/5	And wine. Occasionally.	Et du vin, à l'occasion.	И вино. Время от времени.	And wine. Occasionally.
Conversations/Bank/Valen/Relationship Lines/Marriage/post_wedding_lines/marriage_5/6	I suppose it is novel.	C'est vrai que ce n'est pas courant.	Думаю, просто непривычно.	I suppose it is novel.
Conversations/Bank/Valen/Relationship Lines/Marriage/post_wedding_lines/marriage_5/7	You know... I've always wanted to raise a champagne toast in graduated cylinders.	Tu sais, j'ai toujours voulu trinquer au champagne dans une éprouvette.	Знаешь... Я всегда хотела поднять тост шампанским в мерном цилиндре.	You know... I've always wanted to raise a champagne toast in graduated cylinders.
Conversations/Bank/Valen/Relationship Lines/Marriage/post_wedding_lines/marriage_5/8	Let's do that next time we have something to celebrate.	Nous devrions essayer, la prochaine fois que nous aurons quelque chose à fêter.	Давай попробуем в следующий раз, когда будет что отмечать.	Let's do that next time we have something to celebrate.
Conversations/Bank/Valen/Relationship Lines/Marriage/post_wedding_lines/marriage_5/init	[Ari]... It's only just occurred to me to ask...	[Ari], une chose vient de me traverser l'esprit, je tenais à te demander...	[Ari]... Мне только сейчас пришло в голову спросить...	[Ari]... It's only just occurred to me to ask...
Conversations/Bank/Valen/Relationship Lines/Marriage/post_wedding_lines/marriage_6/1	She was worried I'd become complacent in my solitude...	Elle s'inquiétait pour moi. Elle trouvait que je me complaisais de plus en plus dans ma solitude...	Она переживала, что я перестану искать выход из одиночества...	She was worried I'd become complacent in my solitude...
Conversations/Bank/Valen/Relationship Lines/Marriage/post_wedding_lines/marriage_6/2	I suppose I had.	Ce qui était peut-être un peu le cas.	Да я и перестала.	I suppose I had.
Conversations/Bank/Valen/Relationship Lines/Marriage/post_wedding_lines/marriage_6/3	But you shook me out of that, didn't you?	Mais tu m'as sortie de cette léthargie, tu le sais, ça ?	Но ты меня <p>сами выдернули</p><f>сама выдернула</f><m>сам выдернул</m><n>само выдернуло</n>.	But you shook me out of that, didn't you?
Conversations/Bank/Valen/Relationship Lines/Marriage/post_wedding_lines/marriage_6/init	Elsie has been over the moon that we married, you know.	Elsie est ravie de notre mariage.	Знаешь, Элси просто на седьмом небе с тех пор, как мы поженились.	Elsie has been over the moon that we married, you know.
Conversations/Bank/Valen/Relationship Lines/Marriage/post_wedding_lines/marriage_7/1	To everyone else I must play the role of doctor...	Je dois jouer mon rôle de docteure aux yeux de tout le monde...	Со всеми остальными я обязана играть роль врача...	To everyone else I must play the role of doctor...
Conversations/Bank/Valen/Relationship Lines/Marriage/post_wedding_lines/marriage_7/2	But with you, I can simply be Valen.	Mais avec toi, je peux être Valen, tout simplement.	А с тобой я могу просто быть Вален.	But with you, I can simply be Valen.
Conversations/Bank/Valen/Relationship Lines/Marriage/post_wedding_lines/marriage_7/3	It's wonderful to know I can be loved for the other parts of myself.	C'est merveilleux de savoir qu'on m'aime pour d'autres aspects de ma personnalité.	Знать, что я любима не только за эту часть меня — это прекрасное чувство.	It's wonderful to know I can be loved for the other parts of myself.
Conversations/Bank/Valen/Relationship Lines/Marriage/post_wedding_lines/marriage_7/init	I find your company so relaxing, [Ari].	Ta présence est si apaisante, [Ari].	Мне так спокойно рядом с тобой, [Ari].	I find your company so relaxing, [Ari].
Conversations/Bank/Valen/Relationship Lines/Marriage/post_wedding_lines/marriage_8/1	Hmm... yes.	Hmm... oui.	Хмм... Да.	Hmm... yes.
Conversations/Bank/Valen/Relationship Lines/Marriage/post_wedding_lines/marriage_8/10	And being able to tell you so directly... this facet of marriage is quite gratifying.	Et le fait de pouvoir te le dire sans détour, c'est un aspect du mariage que j'apprécie énormément.	И могу не стесняясь говорить об этом прямо в лицо... Мне нравится, что брак даёт такую возможность.	And being able to tell you so directly... this facet of marriage is quite gratifying.
Conversations/Bank/Valen/Relationship Lines/Marriage/post_wedding_lines/marriage_8/2	There is something about you, today.	Tu as quelque chose de spécial, aujourd'hui.	Сегодня в тебе что-то есть.	There is something about you, today.
Conversations/Bank/Valen/Relationship Lines/Marriage/post_wedding_lines/marriage_8/2/prompts/0	Something?	Quelque chose de spécial ?	И что же?	Something?
Conversations/Bank/Valen/Relationship Lines/Marriage/post_wedding_lines/marriage_8/2/prompts/1	I was thinking the same about you.	Je me disais la même chose de toi.	Я <p>хотели</p><f>хотела</f><m>хотел</m><n>хотело</n> то же сказать про тебя.	I was thinking the same about you.
Conversations/Bank/Valen/Relationship Lines/Marriage/post_wedding_lines/marriage_8/3	Yes...	En effet...	Нечто...	Yes...
Conversations/Bank/Valen/Relationship Lines/Marriage/post_wedding_lines/marriage_8/4	For all the clinical vocabulary I have at my disposal, I'm having difficulty articulating it.	Malgré tout le vocabulaire médical à ma disposition, j'ai du mal à mettre des mots dessus.	Несмотря на обширный запас медицинских терминов, мне трудно подыскать слова.	For all the clinical vocabulary I have at my disposal, I'm having difficulty articulating it.
Conversations/Bank/Valen/Relationship Lines/Marriage/post_wedding_lines/marriage_8/5	I feel especially attracted to you in this moment.	Je ressens une attirance singulièrement forte envers toi, à ce moment précis.	Я чувствую особое влечение к тебе прямо сейчас.	I feel especially attracted to you in this moment.
Conversations/Bank/Valen/Relationship Lines/Marriage/post_wedding_lines/marriage_8/6	And being able to tell you so directly... this facet of marriage is quite gratifying.	Et le fait de pouvoir te le dire sans détour, c'est un aspect du mariage que j'apprécie énormément.	И могу не стесняясь говорить об этом прямо в лицо... Мне нравится, что брак даёт такую возможность.	And being able to tell you so directly... this facet of marriage is quite gratifying.
Conversations/Bank/Valen/Relationship Lines/Marriage/post_wedding_lines/marriage_8/7	Then perhaps you can find the words for it that elude me.	Tu parviendras peut-être alors à mettre des mots là où j'ai échoué.	В таком случае, быть может, ты опишешь, что я имею в виду.	Then perhaps you can find the words for it that elude me.
Conversations/Bank/Valen/Relationship Lines/Marriage/post_wedding_lines/marriage_8/8	For all the clinical vocabulary I have at my disposal, I'm having difficulty articulating it.	Malgré tout le vocabulaire médical à ma disposition, j'ai du mal à mettre des mots dessus.	Несмотря на обширный запас медицинских терминов, мне трудно подыскать слова.	For all the clinical vocabulary I have at my disposal, I'm having difficulty articulating it.
Conversations/Bank/Valen/Relationship Lines/Marriage/post_wedding_lines/marriage_8/9	I feel especially attracted to you in this moment.	Je ressens une attirance singulièrement forte envers toi, à ce moment précis.	Я чувствую особое влечение к тебе прямо сейчас.	I feel especially attracted to you in this moment.
Conversations/Bank/Valen/Relationship Lines/Marriage/post_wedding_lines/marriage_8/init	[Ari], stop right there.	[Ari], pas un pas de plus.	[Ari], остановись.	[Ari], stop right there.
Conversations/Bank/Valen/Relationship Lines/Marriage/post_wedding_lines/marriage_9/1	But that's absurd. Everything I've done in my life has led me to today's self.	Mais c'est absurde. Car tout ce que j'ai vécu jusqu'ici a fait de moi la personne que je suis aujourd'hui.	Но это вздор. Благодаря моим поступкам я стала такой, какая есть сейчас.	But that's absurd. Everything I've done in my life has led me to today's self.
Conversations/Bank/Valen/Relationship Lines/Marriage/post_wedding_lines/marriage_9/2	Even the foolish and callous things.	Même les choses stupides et inconsidérées.	В том числе грубым и безрассудным поступкам.	Even the foolish and callous things.
Conversations/Bank/Valen/Relationship Lines/Marriage/post_wedding_lines/marriage_9/3	I got all those things done and over with before I met you. Today, you have a far better version of me.	J'ai tourné la page sur tout ça avant de te connaître. Aujourd'hui, c'est une autre Valen qui se tient devant toi.	Я пережила всё это задолго до нашей встречи с тобой. И теперь у тебя есть лучшая версия меня.	I got all those things done and over with before I met you. Today, you have a far better version of me.
Conversations/Bank/Valen/Relationship Lines/Marriage/post_wedding_lines/marriage_9/4	And even now, we can shape each other into the best versions of ourselves. Who knows how wonderful our future will be?	Et ensemble, nous continuerons à nous améliorer. Qui sait quel avenir merveilleux nous attend ?	Даже сейчас мы можем делать друг друга лучше и лучше. Какое же прекрасное будущее нас ждёт!	And even now, we can shape each other into the best versions of ourselves. Who knows how wonderful our future will be?
Conversations/Bank/Valen/Relationship Lines/Marriage/post_wedding_lines/marriage_9/init	I recently caught myself wishing I'd met you when I was younger...	Récemment, je me disais que j'aurais bien aimé te rencontrer un peu plus jeune...	Недавно я поймала себя на мысли, что хотела бы встретить тебя, когда была моложе...	I recently caught myself wishing I'd met you when I was younger...
Conversations/Bank/Valen/Relationship Lines/Relationship/post_8h_lines_best_friend/valen_post_8h_best_friend_0/1	But I worry about the risks you take, at times...	Il n'empêche que je m'inquiète parfois des risques que tu prends.	Но временами меня пугает, на какие риски ты идёшь...	But I worry about the risks you take, at times...
Conversations/Bank/Valen/Relationship Lines/Relationship/post_8h_lines_best_friend/valen_post_8h_best_friend_0/10	Here, take this. It will help you if you need to get home quickly.	Tiens, prends ça. Ça te ramènera chez toi rapidement.	Вот, возьми. Пригодится, если захочешь быстро добраться до дома.	Here, take this. It will help you if you need to get home quickly.
Conversations/Bank/Valen/Relationship Lines/Relationship/post_8h_lines_best_friend/valen_post_8h_best_friend_0/11	You know where to find me if you need more!	Tu sais où me trouver s'il t'en faut plus.	Если понадобится ещё, ты знаешь, где меня найти!	You know where to find me if you need more!
Conversations/Bank/Valen/Relationship Lines/Relationship/post_8h_lines_best_friend/valen_post_8h_best_friend_0/2	Particularly all the delving into the depths of the Mines that you do.	Surtout quand tu pars t'aventurer dans les profondeurs des mines.	Особенно, когда забираешься глубоко в шахты.	Particularly all the delving into the depths of the Mines that you do.
Conversations/Bank/Valen/Relationship Lines/Relationship/post_8h_lines_best_friend/valen_post_8h_best_friend_0/2/prompts/0	Well, I don't get injured THAT often...	Je ne me blesse pas si souvent que ça.	Ну, я не НАСТОЛЬКО уж часто получаю ранения...	Well, I don't get injured THAT often...
Conversations/Bank/Valen/Relationship Lines/Relationship/post_8h_lines_best_friend/valen_post_8h_best_friend_0/2/prompts/1	Well, I don't pass out on my way home THAT often...	Je ne tombe pas si souvent dans les pommes que ça sur le chemin de la maison.	Ну, я не НАСТОЛЬКО уж часто падаю в обморок по дороге домой...	Well, I don't pass out on my way home THAT often...
Conversations/Bank/Valen/Relationship Lines/Relationship/post_8h_lines_best_friend/valen_post_8h_best_friend_0/3	Oh, [Ari]...	Oh, [Ari]...	Ох, [Ari]...	Oh, [Ari]...
Conversations/Bank/Valen/Relationship Lines/Relationship/post_8h_lines_best_friend/valen_post_8h_best_friend_0/4	I certainly won't stand in your way, but-	Je ne t'empêcherai jamais de faire ce que tu aimes, mais...	Я, конечно, буду тебе мешать...	I certainly won't stand in your way, but-
Conversations/Bank/Valen/Relationship Lines/Relationship/post_8h_lines_best_friend/valen_post_8h_best_friend_0/5f	I'd really prefer you stay in one piece.	Je préférerais que tu restes en un seul morceau.	Но мне будет спокойней, если ты останешься <p>целые</p><f>целой</f><m>целым</m><n>целое</n>.	I'd really prefer you stay in one piece.
Conversations/Bank/Valen/Relationship Lines/Relationship/post_8h_lines_best_friend/valen_post_8h_best_friend_0/5r	I'd really prefer you stay in one piece.	Je préférerais que tu restes en un seul morceau.	Но мне будет спокойней, если ты останешься <p>целые</p><f>целой</f><m>целым</m><n>целое</n>.	I'd really prefer you stay in one piece.
Conversations/Bank/Valen/Relationship Lines/Relationship/post_8h_lines_best_friend/valen_post_8h_best_friend_0/6	Here, take this. It will help you if you run into danger.	Tiens, prends ça. Ça te servira en cas de danger.	Вот, возьми. Пригодится, если будешь в опасности.	Here, take this. It will help you if you run into danger.
Conversations/Bank/Valen/Relationship Lines/Relationship/post_8h_lines_best_friend/valen_post_8h_best_friend_0/7	Oh, [Ari]...	Oh, [Ari]...	Ох, [Ari]...	Oh, [Ari]...
Conversations/Bank/Valen/Relationship Lines/Relationship/post_8h_lines_best_friend/valen_post_8h_best_friend_0/8	I certainly won't stand in your way, but-	Je ne t'empêcherai jamais de faire ce que tu aimes, mais...	Я, конечно, буду тебе мешать...	I certainly won't stand in your way, but-
Conversations/Bank/Valen/Relationship Lines/Relationship/post_8h_lines_best_friend/valen_post_8h_best_friend_0/9f	I'd really prefer you take better care of your body.	Je préférerais vraiment que tu fasses plus attention à toi.	Лучше бы тебе внимательнее следить за своим телом.	I'd really prefer you take better care of your body.
Conversations/Bank/Valen/Relationship Lines/Relationship/post_8h_lines_best_friend/valen_post_8h_best_friend_0/9r	I'd really prefer you take better care of your body.	Je préférerais vraiment que tu fasses plus attention à toi.	Лучше бы тебе внимательнее следить за своим телом.	I'd really prefer you take better care of your body.
Conversations/Bank/Valen/Relationship Lines/Relationship/post_8h_lines_best_friend/valen_post_8h_best_friend_0/init	I'm certain that you're accustomed to a certain threshold for peril, given your history at the Adventurer's Guild...	Je suis sûre que tu aimes le danger, étant donné que tu as fait partie de la guilde des aventuriers.	Я догадываюсь, что ты <p>привык</p><f>привыкла</f><m>привык</m><n>привыкло</n> к определённому уровню опасности, учитывая твой опыт в гильдии приключенцев...	I'm certain that you're accustomed to a certain threshold for peril, given your history at the Adventurer's Guild...
Conversations/Bank/Valen/Relationship Lines/Relationship/post_8h_lines_best_friend/valen_post_8h_best_friend_1/1	A new study suggests that having strong relationships increases both health and longevity.	Une étude récente indique qu'une solide amitié a un effet positif sur la santé et l'espérance de vie.	В новом исследовании выяснили, что крепкие отношения улучшают здоровье и продолжительность жизни.	A new study suggests that having strong relationships increases both health and longevity.
Conversations/Bank/Valen/Relationship Lines/Relationship/post_8h_lines_best_friend/valen_post_8h_best_friend_1/2	It makes sense, doesn't it?	Ce qui est plutôt logique.	Очень логично, правда?	It makes sense, doesn't it?
Conversations/Bank/Valen/Relationship Lines/Relationship/post_8h_lines_best_friend/valen_post_8h_best_friend_1/3	Having someone to stand by you through life's trials...	Avoir quelqu'un à ses côtés pour faire face aux aléas de la vie...	Когда во всех жизненных трудностях у тебя есть рядом человек...	Having someone to stand by you through life's trials...
Conversations/Bank/Valen/Relationship Lines/Relationship/post_8h_lines_best_friend/valen_post_8h_best_friend_1/4	Someone to share in both your joys and your pains.	Quelqu'un avec qui partager ses joies et ses peines.	Который разделит с тобой и радость и горе.	Someone to share in both your joys and your pains.
Conversations/Bank/Valen/Relationship Lines/Relationship/post_8h_lines_best_friend/valen_post_8h_best_friend_1/5f	It reminds me how grateful I am-	Ça me rappelle à quel point j'ai de la chance...	Мне это напоминает о том...	It reminds me how grateful I am-
Conversations/Bank/Valen/Relationship Lines/Relationship/post_8h_lines_best_friend/valen_post_8h_best_friend_1/5r	It reminds me how grateful I am-	Ça me rappelle à quel point j'ai de la chance...	Мне это напоминает о том...	It reminds me how grateful I am-
Conversations/Bank/Valen/Relationship Lines/Relationship/post_8h_lines_best_friend/valen_post_8h_best_friend_1/6f	To have someone like you in my life.	D'avoir quelqu'un comme toi dans ma vie.	Как я рада, что в моей жизни есть ты.	To have someone like you in my life.
Conversations/Bank/Valen/Relationship Lines/Relationship/post_8h_lines_best_friend/valen_post_8h_best_friend_1/6r	To have someone like you in my life.	D'avoir quelqu'un comme toi dans ma vie.	Как я рада, что в моей жизни есть ты.	To have someone like you in my life.
Conversations/Bank/Valen/Relationship Lines/Relationship/post_8h_lines_best_friend/valen_post_8h_best_friend_1/init	I read something interesting this morning...	J'ai lu un article très intéressant ce matin...	Сегодня с утра я прочитала кое-что интересное...	I read something interesting this morning...
Conversations/Bank/Valen/Relationship Lines/Relationship/post_8h_lines_best_friend/valen_post_8h_best_friend_2/1	I've been meaning to ask...	Je voulais te demander...	Я давно хочу спросить...	I've been meaning to ask...
Conversations/Bank/Valen/Relationship Lines/Relationship/post_8h_lines_best_friend/valen_post_8h_best_friend_2/10f	I'm sure that you'll overcome any challenge. After all-	Mais je sais que tu surmonteras tous les obstacles. Après tout...	Уверена, ты справишься с любыми трудностями. Ведь в конце концов...	I'm sure that you'll overcome any challenge. After all-
Conversations/Bank/Valen/Relationship Lines/Relationship/post_8h_lines_best_friend/valen_post_8h_best_friend_2/10r	I'm sure that you'll overcome any challenge. After all-	Mais je sais que tu surmonteras tous les obstacles. Après tout...	Уверена, ты справишься с любыми трудностями. Ведь в конце концов...	I'm sure that you'll overcome any challenge. After all-
Conversations/Bank/Valen/Relationship Lines/Relationship/post_8h_lines_best_friend/valen_post_8h_best_friend_2/11f	You show such great care for those around you.	Tu t'occupes si bien de tous ceux qui t'entourent.	Ты так заботишься обо всех, кто тебя окружает...	You show such great care for those around you.
Conversations/Bank/Valen/Relationship Lines/Relationship/post_8h_lines_best_friend/valen_post_8h_best_friend_2/11r	You show such great care for those around you.	Tu t'occupes si bien de tous ceux qui t'entourent.	Ты так заботишься обо всех, кто тебя окружает...	You show such great care for those around you.
Conversations/Bank/Valen/Relationship Lines/Relationship/post_8h_lines_best_friend/valen_post_8h_best_friend_2/2	How is everything going with your farm?	Comment ça se passe à la ferme ?	Как дела у тебя на ферме?	How is everything going with your farm?
Conversations/Bank/Valen/Relationship Lines/Relationship/post_8h_lines_best_friend/valen_post_8h_best_friend_2/3	Are your crops doing well? And your animals?	Tes cultures se portent bien ? Et tes bêtes ?	Как поживают растения? И животные?	Are your crops doing well? And your animals?
Conversations/Bank/Valen/Relationship Lines/Relationship/post_8h_lines_best_friend/valen_post_8h_best_friend_2/3/prompts/0	It's nice of you to ask! Things are good!	C'est gentil de demander ! Tout va bien !	Спасибо, что спросила! Всё в полном порядке!	It's nice of you to ask! Things are good!
Conversations/Bank/Valen/Relationship Lines/Relationship/post_8h_lines_best_friend/valen_post_8h_best_friend_2/3/prompts/1	There are some challenges to overcome, but I'm working on it!	Il y a toujours des moments difficiles, mais j'y travaille !	Есть некоторые трудности, но я работаю над этим!	There are some challenges to overcome, but I'm working on it!
Conversations/Bank/Valen/Relationship Lines/Relationship/post_8h_lines_best_friend/valen_post_8h_best_friend_2/4	Oh! I didn't ask just to be nice. I'm genuinely interested!	Oh ! Ce n'était pas pour être gentille. Ça m'intéresse vraiment !	Ой, я не просто из вежливости спросила. Мне правда интересно!	Oh! I didn't ask just to be nice. I'm genuinely interested!
Conversations/Bank/Valen/Relationship Lines/Relationship/post_8h_lines_best_friend/valen_post_8h_best_friend_2/5	I'm glad to hear the farm is thriving.	Je suis contente de savoir que tout se passe bien à la ferme !	Приятно слышать, что твоя ферма процветает.	I'm glad to hear the farm is thriving.
Conversations/Bank/Valen/Relationship Lines/Relationship/post_8h_lines_best_friend/valen_post_8h_best_friend_2/6f	I can't say that I'm surprised...	Mais ça ne me surprend pas vraiment.	Не скажу, что удивлена...	I can't say that I'm surprised...
Conversations/Bank/Valen/Relationship Lines/Relationship/post_8h_lines_best_friend/valen_post_8h_best_friend_2/6r	I can't say that I'm surprised...	Mais ça ne me surprend pas vraiment.	Не скажу, что удивлена...	I can't say that I'm surprised...
Conversations/Bank/Valen/Relationship Lines/Relationship/post_8h_lines_best_friend/valen_post_8h_best_friend_2/7f	You show such great care for those around you.	Tu t'occupes si bien de tous ceux qui t'entourent.	Ты так заботишься обо всех, кто тебя окружает...	You show such great care for those around you.
Conversations/Bank/Valen/Relationship Lines/Relationship/post_8h_lines_best_friend/valen_post_8h_best_friend_2/7r	You show such great care for those around you.	Tu t'occupes si bien de tous ceux qui t'entourent.	Ты так заботишься обо всех, кто тебя окружает...	You show such great care for those around you.
Conversations/Bank/Valen/Relationship Lines/Relationship/post_8h_lines_best_friend/valen_post_8h_best_friend_2/8	Oh! Of course, I understand.	Oh ! Oui, je comprends.	Ой! Ну разумеется, я понимаю.	Oh! Of course, I understand.
Conversations/Bank/Valen/Relationship Lines/Relationship/post_8h_lines_best_friend/valen_post_8h_best_friend_2/9	Maintaining a thriving farm is a big undertaking.	Faire tourner une ferme demande un travail de titan.	Поддерживать ферму в хорошем состоянии — это серьёзная работа.	Maintaining a thriving farm is a big undertaking.
Conversations/Bank/Valen/Relationship Lines/Relationship/post_8h_lines_best_friend/valen_post_8h_best_friend_2/init	[Ari]!	[Ari] !	[Ari]!	[Ari]!
Conversations/Bank/Valen/Relationship Lines/Relationship/post_8h_lines_best_friend/valen_post_8h_best_friend_3/1	I don't think there was ever a time I didn't want to be a doctor.	Aussi loin que je me souvienne, j'ai toujours voulu être médecin.	Наверное, не было ни дня, когда я не хотела стать доктором.	I don't think there was ever a time I didn't want to be a doctor.
Conversations/Bank/Valen/Relationship Lines/Relationship/post_8h_lines_best_friend/valen_post_8h_best_friend_3/2	Though I suppose there was that brief time in my childhood when I considered becoming a dancer...	Quoique, je crois me rappeler que je m'étais imaginée danseuse à un moment de mon enfance.	Хотя, если подумать, был небольшой период в детстве, когда я хотела заниматься танцами...	Though I suppose there was that brief time in my childhood when I considered becoming a dancer...
Conversations/Bank/Valen/Relationship Lines/Relationship/post_8h_lines_best_friend/valen_post_8h_best_friend_3/3	But I was so unhappy wearing a dancer's dress, the idea was put to rest immediately.	Mais je détestais tellement enfiler une robe que j'ai très vite abandonné l'idée.	Но мне так не понравилось в костюме, что я сразу отбросила эту идею.	But I was so unhappy wearing a dancer's dress, the idea was put to rest immediately.
Conversations/Bank/Valen/Relationship Lines/Relationship/post_8h_lines_best_friend/valen_post_8h_best_friend_3/4	I suppose I haven't changed much since then!	Il faut croire que je n'ai pas changé depuis !	Кажется, с тех пор я не изменилась!	I suppose I haven't changed much since then!
Conversations/Bank/Valen/Relationship Lines/Relationship/post_8h_lines_best_friend/valen_post_8h_best_friend_3/init	Looking back, I'm lucky my path has been so straightforward.	Quand j'y repense, je n'ai jamais eu à réfléchir à mon avenir.	Я задумываюсь о прошлом и вижу, что у меня всегда был ясный и прямой путь.	Looking back, I'm lucky my path has been so straightforward.
Conversations/Bank/Valen/Relationship Lines/Relationship/post_8h_lines_best_friend/valen_post_8h_best_friend_4/1	We all need a pick-me-up now and then.	On a tous besoin de souffler un peu de temps en temps.	Нам всем иногда нужно взбодриться.	We all need a pick-me-up now and then.
Conversations/Bank/Valen/Relationship Lines/Relationship/post_8h_lines_best_friend/valen_post_8h_best_friend_4/2	I hope this gives your day a boost!	J'espère que ça te fera repartir pour la journée !	Надеюсь, твой день пройдёт продуктивно!	I hope this gives your day a boost!
Conversations/Bank/Valen/Relationship Lines/Relationship/post_8h_lines_best_friend/valen_post_8h_best_friend_4/init	[Ari]! What good timing, I just put on some tea.	[Ari] ! Tu tombes bien, je viens de préparer un thé.	[Ari]! Как ты вовремя, я как раз поставила чай.	[Ari]! What good timing, I just put on some tea.
Conversations/Bank/Valen/Relationship Lines/Relationship/post_8h_lines_best_friend/valen_post_8h_best_friend_5/1	But there are some individuals in this town with very unusual views on the nutritional properties of butter in coffee.	Mais certains habitants de cette ville ont un avis plutôt surprenant sur les vertus nutritionnelles du beurre dans le café.	Но у нас в городе есть люди с весьма необычными взглядами на питательный эффект масла в кофе.	But there are some individuals in this town with very unusual views on the nutritional properties of butter in coffee.
Conversations/Bank/Valen/Relationship Lines/Relationship/post_8h_lines_best_friend/valen_post_8h_best_friend_5/2	I can't say more, but I... needed to share that with someone.	Je ne peux pas t'en dire plus... Il fallait juste que j'en parle à quelqu'un.	Больше не буду рассказывать, но... Мне нужно было с кем-то поделиться.	I can't say more, but I... needed to share that with someone.
Conversations/Bank/Valen/Relationship Lines/Relationship/post_8h_lines_best_friend/valen_post_8h_best_friend_5/init	Due to doctor-patient confidentiality, I can't give you any specifics...	Je suis tenue au secret médical, donc je ne peux pas entrer dans les détails...	Я не могу рассказать подробно из-за врачебной тайны...	Due to doctor-patient confidentiality, I can't give you any specifics...
Conversations/Bank/Valen/Relationship Lines/Relationship/post_8h_lines_best_friend/valen_post_8h_best_friend_6/1	She says it's good for the spirit to express oneself through art.	Elle dit que c'est bon de s'exprimer grâce à l'art.	Она говорит, что самовыражаться через искусство полезно для души.	She says it's good for the spirit to express oneself through art.
Conversations/Bank/Valen/Relationship Lines/Relationship/post_8h_lines_best_friend/valen_post_8h_best_friend_6/10	It reminds me of the time I asked Celine to grow some $Dandelions$ for my medicinal supply.	Ça me rappelle la fois où j'ai demandé à Céline de faire pousser du $pissenlit$ pour ma pharmacopée.	Напоминет один случай, когда я попросила Селин вырастить мне $одуванчиков$ для медицинских препаратов.	It reminds me of the time I asked Celine to grow some $Dandelions$ for my medicinal supply.
Conversations/Bank/Valen/Relationship Lines/Relationship/post_8h_lines_best_friend/valen_post_8h_best_friend_6/11	Then her garden was ransacked! The whole crop was destroyed!	Elle a retrouvé son jardin sens dessus dessous et les pissenlits avaient disparu !	А затем кто-то разгромил её садик, уничтожив все посевы!	Then her garden was ransacked! The whole crop was destroyed!
Conversations/Bank/Valen/Relationship Lines/Relationship/post_8h_lines_best_friend/valen_post_8h_best_friend_6/12	It was later revealed to be Holt doing some diligent but ill-considered weeding...	On a découvert plus tard que Holt s'était donné pour mission d'arracher les mauvaises herbes.	Позже выяснилось, что это Хольт проявил достойную, но необдуманную бдительность в прополке сорняков...	It was later revealed to be Holt doing some diligent but ill-considered weeding...
Conversations/Bank/Valen/Relationship Lines/Relationship/post_8h_lines_best_friend/valen_post_8h_best_friend_6/13	Is this the sort of gripping true crime that mystery fans want to read about?	C'est ce genre de faits divers que les lecteurs voudraient que j'aborde ?	Поклонникам детективного жанра будет интересно читать подобные захватывающие истории?	Is this the sort of gripping true crime that mystery fans want to read about?
Conversations/Bank/Valen/Relationship Lines/Relationship/post_8h_lines_best_friend/valen_post_8h_best_friend_6/14	Haha!	Ha ha !	Ха-ха!	Haha!
Conversations/Bank/Valen/Relationship Lines/Relationship/post_8h_lines_best_friend/valen_post_8h_best_friend_6/2	I'm not sure that I'm one for painting or playing music.	Je ne suis pas sûre de vouloir peindre ou jouer de la musique.	Мне кажется, рисовать или заниматься музыкой — это не моё.	I'm not sure that I'm one for painting or playing music.
Conversations/Bank/Valen/Relationship Lines/Relationship/post_8h_lines_best_friend/valen_post_8h_best_friend_6/3	I do enjoy reading, though... Perhaps I could try my hand at writing?	Mais j'aime bien lire... Je pourrais peut-être m'essayer à l'écriture ?	Зато я люблю читать... Может, и мне попробовать написать что-нибудь?	I do enjoy reading, though... Perhaps I could try my hand at writing?
Conversations/Bank/Valen/Relationship Lines/Relationship/post_8h_lines_best_friend/valen_post_8h_best_friend_6/4	What do you think of a mystery novel about a small-town doctor?	Et si j'écrivais un roman mettant en scène une femme médecin d'une petite ville ?	Например, детективный роман про врача в провинциальном городке. Что думаешь?	What do you think of a mystery novel about a small-town doctor?
Conversations/Bank/Valen/Relationship Lines/Relationship/post_8h_lines_best_friend/valen_post_8h_best_friend_6/4/prompts/0	A doctor who solves medical mysteries!	Et elle résoudrait des énigmes médicales !	Пускай доктор расследует медицинские тайны!	A doctor who solves medical mysteries!
Conversations/Bank/Valen/Relationship Lines/Relationship/post_8h_lines_best_friend/valen_post_8h_best_friend_6/4/prompts/1	A doctor who solves crime!	Elle enquêterait sur des faits divers !	Пускай доктор расследует преступления!	A doctor who solves crime!
Conversations/Bank/Valen/Relationship Lines/Relationship/post_8h_lines_best_friend/valen_post_8h_best_friend_6/5	Solving medical mysteries... That's an interesting idea!	Résoudre des énigmes médicales... Mais c'est une excellente idée !	Медицинские тайны... Любопытная идея!	Solving medical mysteries... That's an interesting idea!
Conversations/Bank/Valen/Relationship Lines/Relationship/post_8h_lines_best_friend/valen_post_8h_best_friend_6/6	It reminds me of the time a patient came to the Clinic for persistent headaches-	Ça me rappelle la fois où un patient est venu à la clinique pour des migraines chroniques...	Напоминает один случай, когда ко мне пришёл пациент с жалобами на постоянную головную боль...	It reminds me of the time a patient came to the Clinic for persistent headaches-
Conversations/Bank/Valen/Relationship Lines/Relationship/post_8h_lines_best_friend/valen_post_8h_best_friend_6/7	Only for me to discover they'd sworn off coffee two days earlier...	Finalement, j'ai découvert qu'il avait arrêté le café deux jours plus tôt....	А оказалось, что за два дня до этого он решил бросить пить кофе...	Only for me to discover they'd sworn off coffee two days earlier...
Conversations/Bank/Valen/Relationship Lines/Relationship/post_8h_lines_best_friend/valen_post_8h_best_friend_6/8	Is this the sort of gripping medical curiosity mystery fans want to read about?	C'est ce genre d'énigme médicale que les lecteurs voudraient que j'aborde ?	Поклонникам детективного жанра будет интересно читать подобные медицинские курьёзы?	Is this the sort of gripping medical curiosity mystery fans want to read about?
Conversations/Bank/Valen/Relationship Lines/Relationship/post_8h_lines_best_friend/valen_post_8h_best_friend_6/9	A doctor? Solving crimes? That's an interesting idea!	Une femme médecin qui s'intéresserait aux faits divers ? C'est une excellente idée !	Доктор — следователь? Какая любопытная идея!	A doctor? Solving crimes? That's an interesting idea!
Conversations/Bank/Valen/Relationship Lines/Relationship/post_8h_lines_best_friend/valen_post_8h_best_friend_6/init	Elsie has been suggesting that I find more creative outlets in my life.	Elsie m'a suggéré de m'adonner à des activités plus créatives.	Элси предлагает мне поискать творческую отдушину.	Elsie has been suggesting that I find more creative outlets in my life.
Conversations/Bank/Valen/Relationship Lines/Relationship/post_8h_lines_best_friend/valen_post_8h_best_friend_7/1	I received a newsletter from my old alma mater and it has me feeling rather nostalgic.	J'ai reçu le bulletin d'information de mon université et j'ai ressenti comme une bouffée de nostalgie.	Мне пришли новости из моей альма-матер, и я почувствовала такую ностальгию.	I received a newsletter from my old alma mater and it has me feeling rather nostalgic.
Conversations/Bank/Valen/Relationship Lines/Relationship/post_8h_lines_best_friend/valen_post_8h_best_friend_7/2	I don't talk about it often... but I nearly stayed in the Capital after I finished my medical schooling.	Je n'en parle pas souvent, mais j'ai failli m'installer à la capitale à la fin de mes études de médecine.	Обычно я про это не рассказываю, но... Я могла бы остаться в столице после того, как закончила обучение.	I don't talk about it often... but I nearly stayed in the Capital after I finished my medical schooling.
Conversations/Bank/Valen/Relationship Lines/Relationship/post_8h_lines_best_friend/valen_post_8h_best_friend_7/3	In part, to stay closer to my mother.	En partie pour rester près de ma mère.	В том числе, чтобы быть ближе к матери.	In part, to stay closer to my mother.
Conversations/Bank/Valen/Relationship Lines/Relationship/post_8h_lines_best_friend/valen_post_8h_best_friend_7/3/prompts/0	Your mother?	De ta mère ?	Матери?	Your mother?
Conversations/Bank/Valen/Relationship Lines/Relationship/post_8h_lines_best_friend/valen_post_8h_best_friend_7/3/prompts/1	I've never heard you talk about your mom before.	Tu ne m'avais jamais parlé d'elle jusqu'ici.	Ты раньше не упоминала при мне свою маму.	I've never heard you talk about your mom before.
Conversations/Bank/Valen/Relationship Lines/Relationship/post_8h_lines_best_friend/valen_post_8h_best_friend_7/4	Oh, have I never mentioned her before? Yes, I had one of those.	Oh, c'est vrai ? Oui, j'ai une mère.	А, я о ней никогда не рассказывала? Да, у меня была мать.	Oh, have I never mentioned her before? Yes, I had one of those.
Conversations/Bank/Valen/Relationship Lines/Relationship/post_8h_lines_best_friend/valen_post_8h_best_friend_7/5	My parents separated when I was young. My mother and I had a pleasant relationship, if not a warm one.	Mes parents se sont séparés quand j'étais petite. Ma mère et moi avions une relation cordiale, à défaut d'être chaleureuse.	Мои родители разошлись, когда я была маленькой. У нас с мамой были не очень тёплые, но приятные отношения.	My parents separated when I was young. My mother and I had a pleasant relationship, if not a warm one.
Conversations/Bank/Valen/Relationship Lines/Relationship/post_8h_lines_best_friend/valen_post_8h_best_friend_7/6	Ultimately, my father had obligations to his hometown while she had her own ambitions in the Capital.	Finalement, mon père a dû revenir dans sa ville natale, alors que ma mère avait d'autres ambitions à la capitale.	В конце концов у отца были дела в родном городе, а у неё были планы в столице.	Ultimately, my father had obligations to his hometown while she had her own ambitions in the Capital.
Conversations/Bank/Valen/Relationship Lines/Relationship/post_8h_lines_best_friend/valen_post_8h_best_friend_7/7	Everyone who knew her says I inherited her sense of humor.	Tous ceux qui l'ont connue disent que j'ai hérité de son sens de l'humour.	Все, кто её знали, говорят, что я унаследовала её чувство юмора.	Everyone who knew her says I inherited her sense of humor.
Conversations/Bank/Valen/Relationship Lines/Relationship/post_8h_lines_best_friend/valen_post_8h_best_friend_7/8	Whatever that might mean.	J'ignore ce qu'ils entendent par là.	Что бы это ни значило.	Whatever that might mean.
Conversations/Bank/Valen/Relationship Lines/Relationship/post_8h_lines_best_friend/valen_post_8h_best_friend_7/init	Ah, [Ari], hello.	Ah, [Ari]. Bonjour.	А, [Ari], привет.	Ah, [Ari], hello.
Conversations/Bank/Valen/Relationship Lines/Relationship/post_8h_lines_best_friend/valen_post_8h_best_friend_8/1	As much as I admire how hard you work...	Bien sûr, j'admire le fait que tu travailles toujours dur...	Я, конечно, уважаю твой тяжёлый труд...	As much as I admire how hard you work...
Conversations/Bank/Valen/Relationship Lines/Relationship/post_8h_lines_best_friend/valen_post_8h_best_friend_8/10f	Cheers. To your health.	À ta santé.	За твоё здоровье!	Cheers. To your health.
Conversations/Bank/Valen/Relationship Lines/Relationship/post_8h_lines_best_friend/valen_post_8h_best_friend_8/10r	Cheers. To your health.	À ta santé.	За твоё здоровье!	Cheers. To your health.
Conversations/Bank/Valen/Relationship Lines/Relationship/post_8h_lines_best_friend/valen_post_8h_best_friend_8/2	I breathe a sigh of relief seeing you hang up your farming implements for a moment.	Mais je suis soulagée de voir que tu fais des pauses de temps à autre.	Но когда ты на минутку откладываешь свои фермерские инструменты, я чувствую себя спокойно.	I breathe a sigh of relief seeing you hang up your farming implements for a moment.
Conversations/Bank/Valen/Relationship Lines/Relationship/post_8h_lines_best_friend/valen_post_8h_best_friend_8/3f	Why don't you join me for a drink?	Tu veux prendre un verre avec moi ?	Не хочешь выпить со мной?	Why don't you join me for a drink?
Conversations/Bank/Valen/Relationship Lines/Relationship/post_8h_lines_best_friend/valen_post_8h_best_friend_8/3r	Why don't you join me for a drink?	Tu veux prendre un verre avec moi ?	Не хочешь выпить со мной?	Why don't you join me for a drink?
Conversations/Bank/Valen/Relationship Lines/Relationship/post_8h_lines_best_friend/valen_post_8h_best_friend_8/4f	Whatever you'd like, it's on me.	Commande ce que tu veux, je t'invite.	Бери всё что хочешь, за мой счёт.	Whatever you'd like, it's on me.
Conversations/Bank/Valen/Relationship Lines/Relationship/post_8h_lines_best_friend/valen_post_8h_best_friend_8/4f/prompts/0	I'll have the wine.	Un verre de vin, merci.	Я возьму вино.	I'll have the wine.
Conversations/Bank/Valen/Relationship Lines/Relationship/post_8h_lines_best_friend/valen_post_8h_best_friend_8/4f/prompts/1	I'd love some tea!	Une tasse de thé, merci !	Я возьму чай!	I'd love some tea!
Conversations/Bank/Valen/Relationship Lines/Relationship/post_8h_lines_best_friend/valen_post_8h_best_friend_8/4r	Whatever you'd like, it's on me.	Commande ce que tu veux, je t'invite.	Бери всё что хочешь, за мой счёт.	Whatever you'd like, it's on me.
Conversations/Bank/Valen/Relationship Lines/Relationship/post_8h_lines_best_friend/valen_post_8h_best_friend_8/4r/prompts/0	I'll have the wine.	Un verre de vin, merci.	Я возьму вино.	I'll have the wine.
Conversations/Bank/Valen/Relationship Lines/Relationship/post_8h_lines_best_friend/valen_post_8h_best_friend_8/4r/prompts/1	I'd love some tea!	Une tasse de thé, merci !	Я возьму чай!	I'd love some tea!
Conversations/Bank/Valen/Relationship Lines/Relationship/post_8h_lines_best_friend/valen_post_8h_best_friend_8/5f	Wine sounds lovely. I'll have the same.	Bonne idée. Je vais prendre la même chose.	Звучит отлично. Тогда мне тоже вино.	Wine sounds lovely. I'll have the same.
Conversations/Bank/Valen/Relationship Lines/Relationship/post_8h_lines_best_friend/valen_post_8h_best_friend_8/5r	Wine sounds lovely. I'll have the same.	Bonne idée. Je vais prendre la même chose.	Звучит отлично. Тогда мне тоже вино.	Wine sounds lovely. I'll have the same.
Conversations/Bank/Valen/Relationship Lines/Relationship/post_8h_lines_best_friend/valen_post_8h_best_friend_8/6	Let's have a toast, shall we?	Trinquons si tu veux bien !	Поднимем тост?	Let's have a toast, shall we?
Conversations/Bank/Valen/Relationship Lines/Relationship/post_8h_lines_best_friend/valen_post_8h_best_friend_8/7f	Cheers. To your health.	À ta santé.	За твоё здоровье!	Cheers. To your health.
Conversations/Bank/Valen/Relationship Lines/Relationship/post_8h_lines_best_friend/valen_post_8h_best_friend_8/7r	Cheers. To your health.	À ta santé.	За твоё здоровье!	Cheers. To your health.
Conversations/Bank/Valen/Relationship Lines/Relationship/post_8h_lines_best_friend/valen_post_8h_best_friend_8/8f	Tea sounds lovely. I'll have the same.	Bonne idée. Je vais prendre la même chose.	Звучит отлично. Тогда мне тоже чай.	Tea sounds lovely. I'll have the same.
Conversations/Bank/Valen/Relationship Lines/Relationship/post_8h_lines_best_friend/valen_post_8h_best_friend_8/8r	Tea sounds lovely. I'll have the same.	Bonne idée. Je vais prendre la même chose.	Звучит отлично. Тогда мне тоже чай.	Tea sounds lovely. I'll have the same.
Conversations/Bank/Valen/Relationship Lines/Relationship/post_8h_lines_best_friend/valen_post_8h_best_friend_8/9	Let's have a toast, shall we?	Trinquons si tu veux bien !	Поднимем тост?	Let's have a toast, shall we?
Conversations/Bank/Valen/Relationship Lines/Relationship/post_8h_lines_best_friend/valen_post_8h_best_friend_8/init	[Ari]! I'm glad to see you taking time to unwind.	[Ari] ! Je suis ravie de voir que tu prends le temps de souffler.	[Ari]! Приятно видеть, что ты уделяешь время отдыху.	[Ari]! I'm glad to see you taking time to unwind.
Conversations/Bank/Valen/Relationship Lines/Relationship/post_8h_lines_best_friend/valen_post_8h_best_friend_9/1	My father spent some time as a court physician, but was ultimately laid to rest here in Mistria.	Mon père a été médecin à la cour pendant un temps, mais c'est ici, à Mistria, qu'il est enterré.	Мой отец какое-то время служил придворным врачом, но в конце концов обрёл покой здесь, в Мистрии.	My father spent some time as a court physician, but was ultimately laid to rest here in Mistria.
Conversations/Bank/Valen/Relationship Lines/Relationship/post_8h_lines_best_friend/valen_post_8h_best_friend_9/2	It's been nice to be able to visit now that the path is clear...	Je suis heureuse de pouvoir me rendre sur sa tombe, maintenant que le chemin a été dégagé...	Приятно, что снова могу его навестить...	It's been nice to be able to visit now that the path is clear...
Conversations/Bank/Valen/Relationship Lines/Relationship/post_8h_lines_best_friend/valen_post_8h_best_friend_9/3	I'm glad I could finally tell him we were able to recreate the Panacea, [Ari].	J'ai enfin pu lui dire qu'on avait réussi à recréer la panacée, [Ari].	И я рада, что наконец смогла сказать, что мы восстановили панацею, [Ari].	I'm glad I could finally tell him we were able to recreate the Panacea, [Ari].
Conversations/Bank/Valen/Relationship Lines/Relationship/post_8h_lines_best_friend/valen_post_8h_best_friend_9/4	I know he'd be proud.	Je sais qu'il serait fier de moi.	Знаю, он бы мной гордился.	I know he'd be proud.
Conversations/Bank/Valen/Relationship Lines/Relationship/post_8h_lines_best_friend/valen_post_8h_best_friend_9/init	You know... I appreciate that the $Grove of Rest$ is accessible again.	Tu sais... Je suis heureuse que le $bosquet du repos$ soit de nouveau accessible.	Ты знаешь... Я хочу поблагодарить тебя за то, что снова есть проход в $Рощу упокоения$.	You know... I appreciate that the $Grove of Rest$ is accessible again.
Conversations/Bank/Valen/Relationship Lines/Relationship/post_8h_lines_romantic/valen_post_8h_romantic_0/1	But don't forget to take time off to rest and recharge.	Mais n'oublie pas de te reposer et de reprendre des forces de temps en temps.	Но не забывай делать перерывы, чтобы восстановиться и отдохнуть.	But don't forget to take time off to rest and recharge.
Conversations/Bank/Valen/Relationship Lines/Relationship/post_8h_lines_romantic/valen_post_8h_romantic_0/2	It's something I worried about when you were my patient, and even when we became friends...	Ça me tracassait déjà quand tu étais dans ma patientèle, mais maintenant que nous sommes proches...	Сначала я об этом беспокоилась, когда ты <p>были</p><f>была</f><m>был</m><n>было</n> моим пациентом, потом, когда мы стали друзьями...	It's something I worried about when you were my patient, and even when we became friends...
Conversations/Bank/Valen/Relationship Lines/Relationship/post_8h_lines_romantic/valen_post_8h_romantic_0/3	But we're more than that now, aren't we?	Et peut-être même plus...	А теперь мы даже больше, чем друзья, правда?	But we're more than that now, aren't we?
Conversations/Bank/Valen/Relationship Lines/Relationship/post_8h_lines_romantic/valen_post_8h_romantic_0/4	I guess what I'm trying to say is... I care about you, [Ari].	Enfin, ce que j'essaie de dire, c'est que... je tiens à toi, [Ari].	В общем, я хочу сказать, что... Я за тебя переживаю, [Ari].	I guess what I'm trying to say is... I care about you, [Ari].
Conversations/Bank/Valen/Relationship Lines/Relationship/post_8h_lines_romantic/valen_post_8h_romantic_0/5	Here, take this. In case you ever need it.	Tiens, je te donne ça. Au cas où tu en aurais besoin.	Вот, возьми. Вдруг понадобится.	Here, take this. In case you ever need it.
Conversations/Bank/Valen/Relationship Lines/Relationship/post_8h_lines_romantic/valen_post_8h_romantic_0/init	I like that you live an active lifestyle, [Ari]...	J'aime ton style de vie très actif, [Ari]...	Я одобряю твой активный образ жизни, [Ari]...	I like that you live an active lifestyle, [Ari]...
Conversations/Bank/Valen/Relationship Lines/Relationship/post_8h_lines_romantic/valen_post_8h_romantic_1/1	As a doctor, I tend to work long hours...	De par mon métier, j'ai tendance à ne pas compter mes heures.	Я врач, поэтому часто работаю допоздна...	As a doctor, I tend to work long hours...
Conversations/Bank/Valen/Relationship Lines/Relationship/post_8h_lines_romantic/valen_post_8h_romantic_1/2	In truth, I don't foresee that aspect of my life changing.	Je mentirais si je pensais que cela changerait un jour.	И, честно говоря, не думаю, что это поменяется.	In truth, I don't foresee that aspect of my life changing.
Conversations/Bank/Valen/Relationship Lines/Relationship/post_8h_lines_romantic/valen_post_8h_romantic_1/3	It doesn't bother you, does it?	Mais ça ne te dérange pas, j'espère ?	Тебя это не смущает?	It doesn't bother you, does it?
Conversations/Bank/Valen/Relationship Lines/Relationship/post_8h_lines_romantic/valen_post_8h_romantic_1/3/prompts/0	Not at all! I work long hours too.	Non, pas du tout. Je travaille beaucoup moi aussi.	Вовсе нет! Я тоже работаю допоздна.	Not at all! I work long hours too.
Conversations/Bank/Valen/Relationship Lines/Relationship/post_8h_lines_romantic/valen_post_8h_romantic_1/3/prompts/1	Well, as long as we can make time for each other...	Tant qu'on arrive à nous ménager des moments à deux...	Главное, чтобы у нас находилось время побыть вместе...	Well, as long as we can make time for each other...
Conversations/Bank/Valen/Relationship Lines/Relationship/post_8h_lines_romantic/valen_post_8h_romantic_1/4	Haha! I suppose that's true!	Ha ha ! C'est vrai !	Ха-ха, и правда!	Haha! I suppose that's true!
Conversations/Bank/Valen/Relationship Lines/Relationship/post_8h_lines_romantic/valen_post_8h_romantic_1/5	I'm glad that you understand, [Ari].	Je suis heureuse que tu me comprennes, [Ari].	Спасибо, что понимаешь меня, [Ari].	I'm glad that you understand, [Ari].
Conversations/Bank/Valen/Relationship Lines/Relationship/post_8h_lines_romantic/valen_post_8h_romantic_1/6	Haha! Of course, [Ari].	Ha ha, évidemment, [Ari] !	Ха-ха! Разумаеется, [Ari].	Haha! Of course, [Ari].
Conversations/Bank/Valen/Relationship Lines/Relationship/post_8h_lines_romantic/valen_post_8h_romantic_1/7	Thank you for trying to understand.	Merci d'essayer de me comprendre.	Спасибо, что входишь в моё положение.	Thank you for trying to understand.
Conversations/Bank/Valen/Relationship Lines/Relationship/post_8h_lines_romantic/valen_post_8h_romantic_1/8	Though my work hours are long...	Même si je travaille beaucoup...	Хотя у меня и длинный рабочий день...	Though my work hours are long...
Conversations/Bank/Valen/Relationship Lines/Relationship/post_8h_lines_romantic/valen_post_8h_romantic_1/9	I promise I'll always make time for you.	Je te jure que je trouverai du temps pour toi.	Обещаю, что для тебя я всегда найду время.	I promise I'll always make time for you.
Conversations/Bank/Valen/Relationship Lines/Relationship/post_8h_lines_romantic/valen_post_8h_romantic_1/init	[Ari]... something crossed my mind, and I figured I'd ought to ask.	[Ari]... J'ai pensé à quelque chose et je me suis dit qu'il fallait que je t'en parle.	[Ari]... Мне кое-что пришло в голову. Подумала, стоит спросить.	[Ari]... something crossed my mind, and I figured I'd ought to ask.
Conversations/Bank/Valen/Relationship Lines/Relationship/post_8h_lines_romantic/valen_post_8h_romantic_10/1	I have my own ways of showing that I care.	J'ai d'autres façons de montrer mon amour.	У меня свои способы проявить заботу.	I have my own ways of showing that I care.
Conversations/Bank/Valen/Relationship Lines/Relationship/post_8h_lines_romantic/valen_post_8h_romantic_10/2	And I assure you... I want to take care of you to the best of my ability.	Et je t'assure que je prendrai soin de toi du mieux que je peux.	И уверяю тебя... О тебе я буду заботиться настолько, насколько могу.	And I assure you... I want to take care of you to the best of my ability.
Conversations/Bank/Valen/Relationship Lines/Relationship/post_8h_lines_romantic/valen_post_8h_romantic_10/3	To that end, please take this.	D'ailleurs, prends ceci.	Поэтому возьми.	To that end, please take this.
Conversations/Bank/Valen/Relationship Lines/Relationship/post_8h_lines_romantic/valen_post_8h_romantic_10/init	I hope you don't mind that I'm not one to express my feelings through cooking, [Ari].	J'espère que ça ne te dérange pas que la cuisine ne soit pas une façon d'exprimer mes sentiments, [Ari].	Надеюсь, ты ничего не имеешь против кулинарного выражения моих чувств, [Ari].	I hope you don't mind that I'm not one to express my feelings through cooking, [Ari].
Conversations/Bank/Valen/Relationship Lines/Relationship/post_8h_lines_romantic/valen_post_8h_romantic_11/1	But honestly, I suspect I'd simply make more work for you.	Mais sincèrement, je pense que ça te rajouterait du travail plutôt qu'autre chose.	Но, честно, подозреваю, что я доставлю тебе только больше хлопот.	But honestly, I suspect I'd simply make more work for you.
Conversations/Bank/Valen/Relationship Lines/Relationship/post_8h_lines_romantic/valen_post_8h_romantic_11/10	You just might get it!	Qui s'y frotte s'y pique.	А то и правда приду!	You just might get it!
Conversations/Bank/Valen/Relationship Lines/Relationship/post_8h_lines_romantic/valen_post_8h_romantic_11/2	Unless there's anything you have in mind...?	À moins que tu n'aies quelque de chose de précis en tête ?	Или, может быть, у тебя есть на уме задача для меня?..	Unless there's anything you have in mind...?
Conversations/Bank/Valen/Relationship Lines/Relationship/post_8h_lines_romantic/valen_post_8h_romantic_11/2/prompts/0	You could help me grow some medicinal herbs!	Tu pourrais m'aider à cultiver des herbes médicinales.	Ты можешь помочь мне выращивать лечебные травы!	You could help me grow some medicinal herbs!
Conversations/Bank/Valen/Relationship Lines/Relationship/post_8h_lines_romantic/valen_post_8h_romantic_11/2/prompts/1	You could consider doing house calls!	Tu pourrais faire des visites à domicile !	Может, начнёшь делать выезды на дом!	You could consider doing house calls!
Conversations/Bank/Valen/Relationship Lines/Relationship/post_8h_lines_romantic/valen_post_8h_romantic_11/3	Haha! I don't know about all that...	Ha ha ! Je ne sais pas trop...	Ха-ха! Не уверена, что у меня получится...	Haha! I don't know about all that...
Conversations/Bank/Valen/Relationship Lines/Relationship/post_8h_lines_romantic/valen_post_8h_romantic_11/4	I usually rely on Celine to do the growing part for me.	D'ordinaire, c'est Céline qui m'approvisionne.	Обычно по части выращивания я полагаюсь на Селин...	I usually rely on Celine to do the growing part for me.
Conversations/Bank/Valen/Relationship Lines/Relationship/post_8h_lines_romantic/valen_post_8h_romantic_11/5	Though perhaps it would be a beneficial skill to develop...	Mais, c'est une compétence qui pourrait m'être très utile.	Хотя, возможно, это был бы полезный навык...	Though perhaps it would be a beneficial skill to develop...
Conversations/Bank/Valen/Relationship Lines/Relationship/post_8h_lines_romantic/valen_post_8h_romantic_11/6	I'll keep that in mind, [Ari]!	Je garde ça en tête, [Ari] !	Я подумаю об этом, [Ari]!	I'll keep that in mind, [Ari]!
Conversations/Bank/Valen/Relationship Lines/Relationship/post_8h_lines_romantic/valen_post_8h_romantic_11/7	House calls? Are you teasing me, [Ari]?	Des visites à domicile ? Tu me taquines, [Ari] ?	Выезды на дом? Ты что, дразнишься, [Ari]?	House calls? Are you teasing me, [Ari]?
Conversations/Bank/Valen/Relationship Lines/Relationship/post_8h_lines_romantic/valen_post_8h_romantic_11/8	Since when did you get so cheeky?	Mais c'est qu'on deviendrait presque coquin<she>e</she><he></he><they>·e</they> !	Когда это ты <p>стали такие дерзкие</p><f>стала такая дерзкая</f><m>стал такой дерзкий</m><n>стало такое дерзкое</n>?	Since when did you get so cheeky?
Conversations/Bank/Valen/Relationship Lines/Relationship/post_8h_lines_romantic/valen_post_8h_romantic_11/9	Be careful what you wish for.	Tu connais le dicton ?	Осторожнее со своими желаниями.	Be careful what you wish for.
Conversations/Bank/Valen/Relationship Lines/Relationship/post_8h_lines_romantic/valen_post_8h_romantic_11/init	I'd like to offer my help around your farm, if you need it...	Je te proposerais bien de t'aider à la ferme s'il fallait...	Я бы хотела предложить свою помощь на ферме, если тебе она нужна...	I'd like to offer my help around your farm, if you need it...
Conversations/Bank/Valen/Relationship Lines/Relationship/post_8h_lines_romantic/valen_post_8h_romantic_12/1	But I'm finding that I need to wear them more often, lately.	Mais je me rends compte que j'en ai besoin de plus en plus souvent.	Но в последнее время приходится надевать их чаще.	But I'm finding that I need to wear them more often, lately.
Conversations/Bank/Valen/Relationship Lines/Relationship/post_8h_lines_romantic/valen_post_8h_romantic_12/1/prompts/0	I'm sure they look nice on you!	Je parie qu'elles te vont très bien !	В очках ты наверняка выглядишь мило!	I'm sure they look nice on you!
Conversations/Bank/Valen/Relationship Lines/Relationship/post_8h_lines_romantic/valen_post_8h_romantic_12/1/prompts/1	I'm sure they look sexy on you!	Je parie que t'es super sexy avec !	В очках ты наверняка выглядишь соблазнительно!	I'm sure they look sexy on you!
Conversations/Bank/Valen/Relationship Lines/Relationship/post_8h_lines_romantic/valen_post_8h_romantic_12/2	Oh? You think so?	Ah oui, tu crois ?	Ты так думаешь? Правда?	Oh? You think so?
Conversations/Bank/Valen/Relationship Lines/Relationship/post_8h_lines_romantic/valen_post_8h_romantic_12/3	I always thought of them as a nuisance.	J'ai toujours trouvé ça pénible, de porter des lunettes.	Я всегда считала, что они только мешают.	I always thought of them as a nuisance.
Conversations/Bank/Valen/Relationship Lines/Relationship/post_8h_lines_romantic/valen_post_8h_romantic_12/4	But... well. That makes me reconsider.	Mais... bon. Je vais peut-être revoir mon jugement.	Что ж... Возможно, стоит пересмотреть свои взгляды.	But... well. That makes me reconsider.
Conversations/Bank/Valen/Relationship Lines/Relationship/post_8h_lines_romantic/valen_post_8h_romantic_12/init	I don't use my glasses too much, outside of reading.	Je porte assez rarement mes lunettes, à part pour lire.	Обычно я использую очки только для чтения.	I don't use my glasses too much, outside of reading.
Conversations/Bank/Valen/Relationship Lines/Relationship/post_8h_lines_romantic/valen_post_8h_romantic_13/1	But I don't have much experience with animals.	Mais je n'y connais pas grand-chose en animaux.	У меня весьма ограниченный опыт общения с животными.	But I don't have much experience with animals.
Conversations/Bank/Valen/Relationship Lines/Relationship/post_8h_lines_romantic/valen_post_8h_romantic_13/10	I'll keep that in mind!	Je m'en souviendrai !	Буду иметь в виду!	I'll keep that in mind!
Conversations/Bank/Valen/Relationship Lines/Relationship/post_8h_lines_romantic/valen_post_8h_romantic_13/2	Not for any particular reason, I've just... never spent a great deal of time around them.	Il n'y a pas de véritable raison. C'est juste que je n'en ai jamais beaucoup côtoyé.	Не то чтобы я имела что-то против... Просто не доводилось проводить с ними время.	Not for any particular reason, I've just... never spent a great deal of time around them.
Conversations/Bank/Valen/Relationship Lines/Relationship/post_8h_lines_romantic/valen_post_8h_romantic_13/3	But if you and I are going to be spending more time together, well...	Mais si nous devons passer plus de temps ensemble, eh bien...	Но если мы с тобой планируем видеться чаще, то...	But if you and I are going to be spending more time together, well...
Conversations/Bank/Valen/Relationship Lines/Relationship/post_8h_lines_romantic/valen_post_8h_romantic_13/4	Do you have any advice for me?	Tu as des conseils à me donner ?	Что бы ты мне <p>посоветовали</p><f>посоветовала</f><m>посоветовал</m><n>посоветовало</n>?	Do you have any advice for me?
Conversations/Bank/Valen/Relationship Lines/Relationship/post_8h_lines_romantic/valen_post_8h_romantic_13/4/prompts/0	Just spend time with them!	Passe du temps avec eux !	Достаточно проводить с ними время!	Just spend time with them!
Conversations/Bank/Valen/Relationship Lines/Relationship/post_8h_lines_romantic/valen_post_8h_romantic_13/4/prompts/1	Just don't be demanding of their affection.	Ne va pas quémander leur affection.	Не требуй от них привязанности насильно.	Just don't be demanding of their affection.
Conversations/Bank/Valen/Relationship Lines/Relationship/post_8h_lines_romantic/valen_post_8h_romantic_13/5	So it's best to be a comforting presence...	Il vaut mieux être une présence réconfortante...	Значит, лучше просто быть рядом и не мешать...	So it's best to be a comforting presence...
Conversations/Bank/Valen/Relationship Lines/Relationship/post_8h_lines_romantic/valen_post_8h_romantic_13/6	And to let trust and affection build naturally over time.	Et laisser la confiance et les sentiments s'installer naturellement.	Чтобы доверие и привязанность возникли со временем сами.	And to let trust and affection build naturally over time.
Conversations/Bank/Valen/Relationship Lines/Relationship/post_8h_lines_romantic/valen_post_8h_romantic_13/7	I guess it's the same with people.	C'est un peu comme avec les gens.	А ведь и с людьми то же самое.	I guess it's the same with people.
Conversations/Bank/Valen/Relationship Lines/Relationship/post_8h_lines_romantic/valen_post_8h_romantic_13/8	I see.	Je vois.	Понятно.	I see.
Conversations/Bank/Valen/Relationship Lines/Relationship/post_8h_lines_romantic/valen_post_8h_romantic_13/9	Thank you, [Ari].	Merci, [Ari].	Спасибо, [Ari].	Thank you, [Ari].
Conversations/Bank/Valen/Relationship Lines/Relationship/post_8h_lines_romantic/valen_post_8h_romantic_13/init	This might come as a surprise, considering my friendship with Hayden...	Ça risque de te surprendre, étant donné que je suis amie avec Hayden...	Возможно, прозвучит неожиданно, учитывая мою дружбу с Хейденом...	This might come as a surprise, considering my friendship with Hayden...
Conversations/Bank/Valen/Relationship Lines/Relationship/post_8h_lines_romantic/valen_post_8h_romantic_14/1	He met his husband at medical university, and the two of them would always worry over whether I'd find someone too.	Il a rencontré son mari à la fac de médecine. Tous les deux, ils s'inquiétaient de savoir si je trouverais quelqu'un.	Он нашёл мужа в университете, и они вдвоём всё время переживали, когда же я тоже кого-нибудь найду.	He met his husband at medical university, and the two of them would always worry over whether I'd find someone too.
Conversations/Bank/Valen/Relationship Lines/Relationship/post_8h_lines_romantic/valen_post_8h_romantic_14/10	They have different work, and they're quite different people...	Ils ont des métiers différents et ils sont eux-mêmes assez différents...	У них разная работа, да и люди они довольно разные...	They have different work, and they're quite different people...
Conversations/Bank/Valen/Relationship Lines/Relationship/post_8h_lines_romantic/valen_post_8h_romantic_14/11	But they are great supporters of one another.	Pourtant, ils sont toujours là l'un pour l'autre.	Но они отлично поддерживают друг друга.	But they are great supporters of one another.
Conversations/Bank/Valen/Relationship Lines/Relationship/post_8h_lines_romantic/valen_post_8h_romantic_14/12	I suppose... that's my model of a good relationship.	Je suppose qu'ils représentent le couple modèle.	Вероятно... Для меня это пример хороших отношений.	I suppose... that's my model of a good relationship.
Conversations/Bank/Valen/Relationship Lines/Relationship/post_8h_lines_romantic/valen_post_8h_romantic_14/13	I know they'll be happy to hear that I've found myself similarly situated.	Je sais qu'ils seront heureux d'apprendre que je vis ce qu'ils vivent.	Я знаю, им будет приятно слышать, что мои дела идут похоже.	I know they'll be happy to hear that I've found myself similarly situated.
Conversations/Bank/Valen/Relationship Lines/Relationship/post_8h_lines_romantic/valen_post_8h_romantic_14/2	I hope it's okay if I mention you when I write back to him.	Si tu es d'accord, j'aimerais bien leur parler de toi dans ma réponse.	Надеюсь, ты не против, если я напишу про тебя в ответном письме?	I hope it's okay if I mention you when I write back to him.
Conversations/Bank/Valen/Relationship Lines/Relationship/post_8h_lines_romantic/valen_post_8h_romantic_14/2/prompts/0	Of course! But why would they worry?	Évidemment ! Mais pourquoi ils s'inquiétaient ?	Разумеется! А почему они так за тебя волнуются?	Of course! But why would they worry?
Conversations/Bank/Valen/Relationship Lines/Relationship/post_8h_lines_romantic/valen_post_8h_romantic_14/2/prompts/1	They sound sweet.	Ils ont l'air sympas.	Какие они милые.	They sound sweet.
Conversations/Bank/Valen/Relationship Lines/Relationship/post_8h_lines_romantic/valen_post_8h_romantic_14/3	Well, you may not believe it, but I had a bit of a reputation as being... hard to approach.	Eh bien, tu ne le croiras peut-être pas, mais on disait de moi que je n'étais pas d'un abord facile.	Ну, ты можешь мне не поверить, но у меня была репутация... недоступной девушки.	Well, you may not believe it, but I had a bit of a reputation as being... hard to approach.
Conversations/Bank/Valen/Relationship Lines/Relationship/post_8h_lines_romantic/valen_post_8h_romantic_14/4	My tongue was a bit sharper back then. And I had a bad habit of not being able to hold it back.	J'avais la langue encore plus acérée à l'époque et je ne me retenais pas de dire ce que je pensais.	В те годы я была более остра на язык. И, к сожалению, ещё не привыкла держать его за зубами.	My tongue was a bit sharper back then. And I had a bad habit of not being able to hold it back.
Conversations/Bank/Valen/Relationship Lines/Relationship/post_8h_lines_romantic/valen_post_8h_romantic_14/5	He always joked that my bedside manner was in dire need of improvement.	Mon ami me taquinait en me disant que j'allais devoir améliorer mon rapport avec les autres.	Он часто шутил, что мне надо поработать над своим постельным режимом.	He always joked that my bedside manner was in dire need of improvement.
Conversations/Bank/Valen/Relationship Lines/Relationship/post_8h_lines_romantic/valen_post_8h_romantic_14/6	And that my romantic outlook appeared somewhat bleak.	Et que ma vie amoureuse risquait de ne pas être folle.	И что мой романтический прогноз выглядит неутешительно.	And that my romantic outlook appeared somewhat bleak.
Conversations/Bank/Valen/Relationship Lines/Relationship/post_8h_lines_romantic/valen_post_8h_romantic_14/7	I think he will be happy to hear my prognosis has improved.	Je crois qu'il sera heureux d'apprendre que j'ai déjoué son pronostic.	Думаю, ему будет приятно слышать, что моё состояние улучшилось.	I think he will be happy to hear my prognosis has improved.
Conversations/Bank/Valen/Relationship Lines/Relationship/post_8h_lines_romantic/valen_post_8h_romantic_14/8	They really are.	Dans les grandes largeurs.	Это правда.	They really are.
Conversations/Bank/Valen/Relationship Lines/Relationship/post_8h_lines_romantic/valen_post_8h_romantic_14/9	My classmate is a doctor, and his husband specializes in medicines.	Mon ami est devenu médecin et son mari est pharmacien.	Мой однокурсник — врач, а его муж занимается изготовлением лекарств.	My classmate is a doctor, and his husband specializes in medicines.
Conversations/Bank/Valen/Relationship Lines/Relationship/post_8h_lines_romantic/valen_post_8h_romantic_14/init	I got a letter from the Capital, from a friend who did the same residency as me.	J'ai reçu une lettre de la capitale, envoyée par un ami qui était interne dans le même service que moi.	Я получила письмо от своего столичного друга. Мы с ним вместе проходили ординатуру.	I got a letter from the Capital, from a friend who did the same residency as me.
Conversations/Bank/Valen/Relationship Lines/Relationship/post_8h_lines_romantic/valen_post_8h_romantic_2/1	But I'd like to take you out some time, [Ari].	Mais j'aimerais t'inviter à sortir de temps en temps, [Ari].	Но я хочу найти время и сводить тебя куда-нибудь, [Ari].	But I'd like to take you out some time, [Ari].
Conversations/Bank/Valen/Relationship Lines/Relationship/post_8h_lines_romantic/valen_post_8h_romantic_2/2	Dinner would be my treat, and drinks if you're so inclined...	Je t'offrirais le dîner, et les boissons aussi, si ça te dit...	Обед за мой счёт, и напитки, если вдруг захочешь...	Dinner would be my treat, and drinks if you're so inclined...
Conversations/Bank/Valen/Relationship Lines/Relationship/post_8h_lines_romantic/valen_post_8h_romantic_2/3	And then we could end the evening over an imported tea or a good wine at my place.	Ensuite, on pourrait finir la soirée chez moi autour d'un thé fumé ou d'un verre de bon vin.	А потом можем пойти ко мне и провести вечер за импортным чаем или хорошим вином.	And then we could end the evening over an imported tea or a good wine at my place.
Conversations/Bank/Valen/Relationship Lines/Relationship/post_8h_lines_romantic/valen_post_8h_romantic_2/4	Well... Think about it.	Je te laisse y réfléchir.	В общем... Подумай об этом.	Well... Think about it.
Conversations/Bank/Valen/Relationship Lines/Relationship/post_8h_lines_romantic/valen_post_8h_romantic_2/init	We are both busy people...	Nos métiers nous prennent beaucoup, toi et moi...	Мы с тобой занятые люди...	We are both busy people...
Conversations/Bank/Valen/Relationship Lines/Relationship/post_8h_lines_romantic/valen_post_8h_romantic_3/1	Your bright eyes, warm smile, the way you move through the world-	Tes yeux pétillants, ton sourire chaleureux et cette façon de vivre le monde...	Глаза светятся, широкая улыбка, и твоя прекрасная походка...	Your bright eyes, warm smile, the way you move through the world-
Conversations/Bank/Valen/Relationship Lines/Relationship/post_8h_lines_romantic/valen_post_8h_romantic_3/2	Perhaps it's more my personal opinion than a strictly medical one.	C'est sans doute plus un avis personnel que le point de vue du médecin.	Возможно, это уже моё личное мнение, а не только медицинское.	Perhaps it's more my personal opinion than a strictly medical one.
Conversations/Bank/Valen/Relationship Lines/Relationship/post_8h_lines_romantic/valen_post_8h_romantic_3/init	You're a picture of health, [Ari]...	Tu as une santé de fer, [Ari]...	Ты просто воплощение здоровья, [Ari]...	You're a picture of health, [Ari]...
Conversations/Bank/Valen/Relationship Lines/Relationship/post_8h_lines_romantic/valen_post_8h_romantic_4/1	Before you arrived to Mistria, I'd grown... somewhat lonely.	Avant ton arrivée à Mistria, je me sentais assez seule.	До того, как ты <p>приехали</p><f>приехала</f><m>приехал</m><n>приехало</n> в Мистрию, мне было... одиноко.	Before you arrived to Mistria, I'd grown... somewhat lonely.
Conversations/Bank/Valen/Relationship Lines/Relationship/post_8h_lines_romantic/valen_post_8h_romantic_4/2	I enjoy a bit of solitude... but they say too much of any one thing isn't good for you.	Je n'ai rien contre la solitude, mais on dit qu'il ne faut pas abuser des bonnes choses.	Я люблю иногда побыть одна... Но не зря говорят, что всё хорошо в меру.	I enjoy a bit of solitude... but they say too much of any one thing isn't good for you.
Conversations/Bank/Valen/Relationship Lines/Relationship/post_8h_lines_romantic/valen_post_8h_romantic_4/3	You truly bring color wherever you go, [Ari]. I'm happy we have each other.	Tu mets de la couleur partout où tu passes, [Ari]. Je suis si heureuse de t'avoir à mes côtés.	Ты делаешь мир вокруг себя ярче, [Ari]. Я рада, что мы есть друг у друга.	You truly bring color wherever you go, [Ari]. I'm happy we have each other.
Conversations/Bank/Valen/Relationship Lines/Relationship/post_8h_lines_romantic/valen_post_8h_romantic_4/init	I'm not too proud to admit it, but-	Ça me gêne un peu de le reconnaître, mais...	Мне неприятно признаваться, но...	I'm not too proud to admit it, but-
Conversations/Bank/Valen/Relationship Lines/Relationship/post_8h_lines_romantic/valen_post_8h_romantic_5/1	I've made an interesting observation, recently, [Ari].	J'ai remarqué quelque chose d'intéressant récemment, [Ari].	Недавно я сделала интересное наблюдение, [Ari].	I've made an interesting observation, recently, [Ari].
Conversations/Bank/Valen/Relationship Lines/Relationship/post_8h_lines_romantic/valen_post_8h_romantic_5/2	Whenever I see you, I experience a flood of endorphins.	Chaque fois que je te vois, j'ai un pic d'endorphines.	Когда я вижу тебя, я испытываю приток эндорфинов.	Whenever I see you, I experience a flood of endorphins.
Conversations/Bank/Valen/Relationship Lines/Relationship/post_8h_lines_romantic/valen_post_8h_romantic_5/3	It seems that being near you is quite literally good for my health.	Il semblerait qu'être à côté de toi a un effet bénéfique sur ma santé.	Кажется, что находиться рядом с тобой мне буквально полезно для здоровья.	It seems that being near you is quite literally good for my health.
Conversations/Bank/Valen/Relationship Lines/Relationship/post_8h_lines_romantic/valen_post_8h_romantic_5/4	So... I hope to see you often.	Donc... j'espère te voir très souvent.	Так что... Надеюсь видеть тебя почаще.	So... I hope to see you often.
Conversations/Bank/Valen/Relationship Lines/Relationship/post_8h_lines_romantic/valen_post_8h_romantic_5/init	Hmm...	Hmm...	Хмм...	Hmm...
Conversations/Bank/Valen/Relationship Lines/Relationship/post_8h_lines_romantic/valen_post_8h_romantic_6/1	It would make me happy if you bought yourself something nice.	Ça me ferait plaisir si un jour, tu te faisais un petit cadeau.	Купи себе что-нибудь красивое. А я порадуюсь за тебя.	It would make me happy if you bought yourself something nice.
Conversations/Bank/Valen/Relationship Lines/Relationship/post_8h_lines_romantic/valen_post_8h_romantic_6/init	I noticed you window-shopping at the last Saturday Market...	J'ai remarqué que tu flânais au marché l'autre samedi...	Я заметила, как ты глядишь на витрины на Субботнем базаре...	I noticed you window-shopping at the last Saturday Market...
Conversations/Bank/Valen/Relationship Lines/Relationship/post_8h_lines_romantic/valen_post_8h_romantic_7/1	And then reviewing my patient files to see if I can glean anything useful.	Ensuite, j'épluche les dossiers de mes patients pour voir si je trouve quelque chose d'utile.	Затем я просматриваю записи своих пациентов и смотрю, не найдётся ли что-то полезное.	And then reviewing my patient files to see if I can glean anything useful.
Conversations/Bank/Valen/Relationship Lines/Relationship/post_8h_lines_romantic/valen_post_8h_romantic_7/2	But lately, I find myself quite distracted.	Mais j'ai la tête ailleurs en ce moment.	Но в последнее время я обнаружила, что стала чаще отвлекаться.	But lately, I find myself quite distracted.
Conversations/Bank/Valen/Relationship Lines/Relationship/post_8h_lines_romantic/valen_post_8h_romantic_7/3	By thoughts of you, actually.	Parce que je pense à toi.	На мысли о тебе.	By thoughts of you, actually.
Conversations/Bank/Valen/Relationship Lines/Relationship/post_8h_lines_romantic/valen_post_8h_romantic_7/4	I'm... not complaining.	Non que je me plaigne.	И я... не жалуюсь.	I'm... not complaining.
Conversations/Bank/Valen/Relationship Lines/Relationship/post_8h_lines_romantic/valen_post_8h_romantic_7/init	A large part of my day is reading the medical journals that come in from the Capital-	Je passe une partie de mes journées à lire les revues médicales que je reçois de la capitale.	Значительная часть моего рабочего дня уходит на чтение медицинских журналов из столицы...	A large part of my day is reading the medical journals that come in from the Capital-
Conversations/Bank/Valen/Relationship Lines/Relationship/post_8h_lines_romantic/valen_post_8h_romantic_8/1	"I wouldn't say I feel ""old"" by any means."	Je ne dirais pas pour autant que je suis « vieille ».	Я нисколько не чувствую себя «старой».	"I wouldn't say I feel ""old"" by any means."
Conversations/Bank/Valen/Relationship Lines/Relationship/post_8h_lines_romantic/valen_post_8h_romantic_8/2	But around you, I'm given to feeling... youthful.	Mais, quand tu es là, je prends comme un coup de jeune.	Но рядом с тобой я начинаю ощущать... молодость.	But around you, I'm given to feeling... youthful.
Conversations/Bank/Valen/Relationship Lines/Relationship/post_8h_lines_romantic/valen_post_8h_romantic_8/init	While I've been around long enough to have a fair bit of experience...	J'ai vécu assez longtemps pour avoir une certaine expérience...	Хотя я уже достаточно пожила и накопила определённый опыт...	While I've been around long enough to have a fair bit of experience...
Conversations/Bank/Valen/Relationship Lines/Relationship/post_8h_lines_romantic/valen_post_8h_romantic_9/1	They are very observant, aren't they? And lacking a filter.	Ils sont très observateurs, pas vrai ? Et sans filtre.	Какие же они наблюдательные! И прямолинейные.	They are very observant, aren't they? And lacking a filter.
Conversations/Bank/Valen/Relationship Lines/Relationship/post_8h_lines_romantic/valen_post_8h_romantic_9/2	I was engrossed in my paperwork, but I admit my mind was elsewhere.	J'étais plongée dans mes dossiers, mais je reconnais que j'avais la tête ailleurs.	Я была погружена в бумаги, но не заметила и замечталась.	I was engrossed in my paperwork, but I admit my mind was elsewhere.
Conversations/Bank/Valen/Relationship Lines/Relationship/post_8h_lines_romantic/valen_post_8h_romantic_9/3	Dell made a point of teasing me for blushing.	Dell m'a asticotée parce qu'elle m'a vue rougir.	Делл нарочно начала дразниться, что я краснею.	Dell made a point of teasing me for blushing.
Conversations/Bank/Valen/Relationship Lines/Relationship/post_8h_lines_romantic/valen_post_8h_romantic_9/4	And then Luc and Maple followed suit!	Et Luc et Maple s'y sont mis aussi !	А Люк и Мэйпл стали за ней повторять!	And then Luc and Maple followed suit!
Conversations/Bank/Valen/Relationship Lines/Relationship/post_8h_lines_romantic/valen_post_8h_romantic_9/5	Truthfully... I'd been thinking of you, if you must know.	Pour tout te dire... c'est à toi que je pensais.	Честно говоря... Я думала о тебе, если вдруг интересно.	Truthfully... I'd been thinking of you, if you must know.
Conversations/Bank/Valen/Relationship Lines/Relationship/post_8h_lines_romantic/valen_post_8h_romantic_9/init	The children stopped by the Clinic the other day.	Les enfants sont passés à la clinique l'autre jour.	На днях в клинику заходили дети.	The children stopped by the Clinic the other day.
